node_id,mask,coalition_size,c_value,mean,second_moment,variance,effective_count,effective_count_pre,blend_weight,probability,n_new,global_progress,epoch,cycle,sampling_phase,run_id,training_type,shapley_tactic
0,0,0,1.0,-1.3944920301437378,2.1074681282043457,0.1628601551055908,32.0,0.0,1.0,0.1568142622709274,32,0.0,49,0,1,shapley-20260606T031645Z-5f5344d1,shapley,baseline
1,10000,1,0.4000000059604645,-1.281688928604126,1.8455761671066284,0.2028496265411377,32.0,0.0,1.0,0.0705579742789268,32,0.0,49,0,1,shapley-20260606T031645Z-5f5344d1,shapley,baseline
2,1000,1,0.4000000059604645,-0.48508021235466,0.2784948945045471,0.0431920886039733,32.0,0.0,1.0,0.0330968126654624,32,0.0,49,0,1,shapley-20260606T031645Z-5f5344d1,shapley,baseline
3,11000,2,0.2000000029802322,-0.3960643410682678,0.2085808664560318,0.0517138987779617,32.0,0.0,1.0,0.0185603611171245,32,0.0,49,0,1,shapley-20260606T031645Z-5f5344d1,shapley,baseline
4,100,1,0.4000000059604645,-1.0468614101409912,1.2822775840759275,0.1863588094711303,32.0,0.0,1.0,0.0676706656813621,32,0.0,49,0,1,shapley-20260606T031645Z-5f5344d1,shapley,baseline
5,10100,2,0.2000000029802322,-1.1115639209747314,1.3318578004837036,0.0962834358215332,32.0,0.0,1.0,0.0249610356986522,32,0.0,49,0,1,shapley-20260606T031645Z-5f5344d1,shapley,baseline
6,1100,2,0.2000000029802322,-0.3165184259414673,0.128736987709999,0.0285530760884284,32.0,0.0,1.0,0.0140483696013689,32,0.0,49,0,1,shapley-20260606T031645Z-5f5344d1,shapley,baseline
7,11100,3,0.2000000029802322,-0.199273481965065,0.0536840893328189,0.0139741674065589,32.0,0.0,1.0,0.0101283602416515,32,0.0,49,0,1,shapley-20260606T031645Z-5f5344d1,shapley,baseline
8,10,1,0.4000000059604645,-1.230738878250122,1.6967902183532717,0.1820720434188842,32.0,0.0,1.0,0.0668994039297103,32,0.0,49,0,1,shapley-20260606T031645Z-5f5344d1,shapley,baseline
9,10010,2,0.2000000029802322,-1.1928679943084717,1.5981172323226929,0.1751831769943237,32.0,0.0,1.0,0.0333203412592411,32,0.0,49,0,1,shapley-20260606T031645Z-5f5344d1,shapley,baseline
10,1010,2,0.2000000029802322,-0.3181946873664856,0.1252395659685135,0.0239917039871215,32.0,0.0,1.0,0.0129608027637004,32,0.0,49,0,1,shapley-20260606T031645Z-5f5344d1,shapley,baseline
11,11010,3,0.2000000029802322,-0.2284286916255951,0.0674333572387695,0.0152536891400814,32.0,0.0,1.0,0.0105371195822954,32,0.0,49,0,1,shapley-20260606T031645Z-5f5344d1,shapley,baseline
12,110,2,0.2000000029802322,-0.954447865486145,1.0745501518249512,0.1635794043540954,32.0,0.0,1.0,0.0322315879166126,32,0.0,49,0,1,shapley-20260606T031645Z-5f5344d1,shapley,baseline
13,10110,3,0.2000000029802322,-0.8988997936248779,0.9236210584640504,0.1156002283096313,32.0,0.0,1.0,0.0272548273205757,32,0.0,49,0,1,shapley-20260606T031645Z-5f5344d1,shapley,baseline
14,1110,3,0.2000000029802322,-0.1291617304086685,0.0293347351253032,0.0126519817858934,32.0,0.0,1.0,0.0096857855096459,32,0.0,49,0,1,shapley-20260606T031645Z-5f5344d1,shapley,baseline
15,11110,4,0.4000000059604645,-0.0373506695032119,0.0056191929616034,0.0042241206392645,32.0,0.0,1.0,0.0110375555232167,32,0.0,49,0,1,shapley-20260606T031645Z-5f5344d1,shapley,baseline
16,1,1,0.4000000059604645,-1.2538721561431885,1.754561424255371,0.1823660135269165,32.0,0.0,1.0,0.0669525787234306,32,0.0,49,0,1,shapley-20260606T031645Z-5f5344d1,shapley,baseline
17,10001,2,0.2000000029802322,-1.271978497505188,1.8683644533157349,0.2504351139068603,32.0,0.0,1.0,0.0396435856819152,32,0.0,49,0,1,shapley-20260606T031645Z-5f5344d1,shapley,baseline
18,1001,2,0.2000000029802322,-0.4116857945919037,0.1877301484346389,0.0182449519634246,32.0,0.0,1.0,0.0114304041489958,32,0.0,49,0,1,shapley-20260606T031645Z-5f5344d1,shapley,baseline
19,11001,3,0.2000000029802322,-0.3275306522846222,0.1281634122133255,0.0208870843052864,32.0,0.0,1.0,0.0121601168066263,32,0.0,49,0,1,shapley-20260606T031645Z-5f5344d1,shapley,baseline
20,101,2,0.2000000029802322,-1.0550973415374756,1.233119010925293,0.1198886632919311,32.0,0.0,1.0,0.0277373827993869,32,0.0,49,0,1,shapley-20260606T031645Z-5f5344d1,shapley,baseline
21,10101,3,0.2000000029802322,-0.8877227902412415,0.9721652269363404,0.1841135025024414,32.0,0.0,1.0,0.0341339036822319,32,0.0,49,0,1,shapley-20260606T031645Z-5f5344d1,shapley,baseline
22,1101,3,0.2000000029802322,-0.2340026497840881,0.072357140481472,0.0175998993217945,32.0,0.0,1.0,0.0112443612888455,32,0.0,49,0,1,shapley-20260606T031645Z-5f5344d1,shapley,baseline
23,11101,4,0.4000000059604645,-0.1489942073822021,0.040635734796524,0.018436461687088,32.0,0.0,1.0,0.0219700075685977,32,0.0,49,0,1,shapley-20260606T031645Z-5f5344d1,shapley,baseline
24,11,2,0.2000000029802322,-1.2626042366027832,1.7431706190109253,0.1490011215209961,32.0,0.0,1.0,0.0308074336498975,32,0.0,49,0,1,shapley-20260606T031645Z-5f5344d1,shapley,baseline
25,10011,3,0.2000000029802322,-1.1074130535125732,1.405472993850708,0.1791093349456787,32.0,0.0,1.0,0.0336805135011673,32,0.0,49,0,1,shapley-20260606T031645Z-5f5344d1,shapley,baseline
26,1011,3,0.2000000029802322,-0.2023241072893142,0.0491846576333045,0.0082496143877506,32.0,0.0,1.0,0.008013691753149,32,0.0,49,0,1,shapley-20260606T031645Z-5f5344d1,shapley,baseline
27,11011,4,0.4000000059604645,-0.1776874661445617,0.03732530772686,0.005752470344305,32.0,0.0,1.0,0.0127135086804628,32,0.0,49,0,1,shapley-20260606T031645Z-5f5344d1,shapley,baseline
28,111,3,0.2000000029802322,-0.8679062128067017,0.8673413395881653,0.1140801310539245,32.0,0.0,1.0,0.0270816329866647,32,0.0,49,0,1,shapley-20260606T031645Z-5f5344d1,shapley,baseline
29,10111,4,0.4000000059604645,-0.7959386110305786,0.7380911111831665,0.1045728325843811,32.0,0.0,1.0,0.0509423725306987,32,0.0,49,0,1,shapley-20260606T031645Z-5f5344d1,shapley,baseline
30,1111,4,0.4000000059604645,-0.0719786137342453,0.0091446340084075,0.003963713068515,32.0,0.0,1.0,0.0107232378795742,32,0.0,49,0,1,shapley-20260606T031645Z-5f5344d1,shapley,baseline
31,11111,5,1.0,0.0,0.0,0.0,32.0,0.0,1.0,0.0010000000474974,32,0.0,49,0,1,shapley-20260606T031645Z-5f5344d1,shapley,baseline
0,0,0,1.0,-1.4165186882019043,2.2861104011535645,0.2795851230621338,128.0,32.0,0.75,0.1799684166908264,96,0.0,69,1,2,shapley-20260606T031645Z-5f5344d1,shapley,baseline
1,10000,1,0.4000000059604645,-1.319173812866211,2.014376401901245,0.2741568088531494,256.0,32.0,0.9230769276618958,0.0718890056014061,384,0.0,69,1,2,shapley-20260606T031645Z-5f5344d1,shapley,baseline
2,1000,1,0.4000000059604645,-0.4667434692382812,0.2562875151634216,0.0384380519390106,64.0,32.0,0.5,0.0275436136871576,32,0.0,69,1,2,shapley-20260606T031645Z-5f5344d1,shapley,baseline
3,11000,2,0.2000000029802322,-0.3960643410682678,0.2085808664560318,0.0517138987779617,32.0,0.0,1.0,0.0163940526545047,0,0.0,69,1,2,shapley-20260606T031645Z-5f5344d1,shapley,baseline
4,100,1,0.4000000059604645,-1.1824759244918823,1.6180319786071775,0.2197827100753784,160.0,32.0,0.800000011920929,0.0644711107015609,128,0.0,69,1,2,shapley-20260606T031645Z-5f5344d1,shapley,baseline
5,10100,2,0.2000000029802322,-1.080376148223877,1.3294124603271484,0.162199854850769,64.0,32.0,0.5,0.028263060376048,32,0.0,69,1,2,shapley-20260606T031645Z-5f5344d1,shapley,baseline
6,1100,2,0.2000000029802322,-0.325171947479248,0.1471813768148422,0.0414445847272872,96.0,32.0,0.6666666865348816,0.0147810792550444,64,0.0,69,1,2,shapley-20260606T031645Z-5f5344d1,shapley,baseline
7,11100,3,0.2000000029802322,-0.209197849035263,0.0642475038766861,0.0204837620258331,64.0,32.0,0.5,0.0106884492561221,32,0.0,69,1,2,shapley-20260606T031645Z-5f5344d1,shapley,baseline
8,10,1,0.4000000059604645,-1.232783317565918,1.74557363986969,0.2258188724517822,128.0,32.0,0.75,0.0653368085622787,96,0.0,69,1,2,shapley-20260606T031645Z-5f5344d1,shapley,baseline
9,10010,2,0.2000000029802322,-1.1836304664611816,1.6057350635528564,0.2047539949417114,96.0,32.0,0.6666666865348816,0.0316313095390796,64,0.0,69,1,2,shapley-20260606T031645Z-5f5344d1,shapley,baseline
10,1010,2,0.2000000029802322,-0.3053886294364929,0.1164173334836959,0.0231551155447959,64.0,32.0,0.5,0.0113008441403508,32,0.0,69,1,2,shapley-20260606T031645Z-5f5344d1,shapley,baseline
11,11010,3,0.2000000029802322,-0.2284286916255951,0.0674333572387695,0.0152536891400814,32.0,0.0,1.0,0.0093605881556868,0,0.0,69,1,2,shapley-20260606T031645Z-5f5344d1,shapley,baseline
12,110,2,0.2000000029802322,-0.954447865486145,1.0745501518249512,0.1635794043540954,32.0,0.0,1.0,0.0283787529915571,0,0.0,69,1,2,shapley-20260606T031645Z-5f5344d1,shapley,baseline
13,10110,3,0.2000000029802322,-0.8842693567276001,0.9220768809318542,0.1401445865631103,64.0,32.0,0.5,0.0263418033719062,32,0.0,69,1,2,shapley-20260606T031645Z-5f5344d1,shapley,baseline
14,1110,3,0.2000000029802322,-0.1291617304086685,0.0293347351253032,0.0126519817858934,32.0,0.0,1.0,0.008614276535809,0,0.0,69,1,2,shapley-20260606T031645Z-5f5344d1,shapley,baseline
15,11110,4,0.4000000059604645,-0.042184792459011,0.0063706627115607,0.0045911059714853,64.0,32.0,0.5,0.010173562914133,32,0.0,69,1,2,shapley-20260606T031645Z-5f5344d1,shapley,baseline
16,1,1,0.4000000059604645,-1.3302366733551023,2.037097454071045,0.2675678730010986,96.0,32.0,0.6666666865348816,0.0710319727659225,64,0.0,69,1,2,shapley-20260606T031645Z-5f5344d1,shapley,baseline
17,10001,2,0.2000000029802322,-1.323033332824707,2.0021467208862305,0.2517294883728027,96.0,32.0,0.6666666865348816,0.034963808953762,64,0.0,69,1,2,shapley-20260606T031645Z-5f5344d1,shapley,baseline
18,1001,2,0.2000000029802322,-0.4116857945919037,0.1877301484346389,0.0182449519634246,32.0,0.0,1.0,0.0101436739787459,0,0.0,69,1,2,shapley-20260606T031645Z-5f5344d1,shapley,baseline
19,11001,3,0.2000000029802322,-0.3246924877166748,0.130397766828537,0.0249725580215454,96.0,32.0,0.6666666865348816,0.0116974664852023,64,0.0,69,1,2,shapley-20260606T031645Z-5f5344d1,shapley,baseline
20,101,2,0.2000000029802322,-1.160855054855347,1.5890934467315674,0.2415089607238769,96.0,32.0,0.6666666865348816,0.0342671796679496,64,0.0,69,1,2,shapley-20260606T031645Z-5f5344d1,shapley,baseline
21,10101,3,0.2000000029802322,-0.8877227902412415,0.9721652269363404,0.1841135025024414,32.0,0.0,1.0,0.0300463903695344,0,0.0,69,1,2,shapley-20260606T031645Z-5f5344d1,shapley,baseline
22,1101,3,0.2000000029802322,-0.2340026497840881,0.072357140481472,0.0175998993217945,32.0,0.0,1.0,0.0099805817008018,0,0.0,69,1,2,shapley-20260606T031645Z-5f5344d1,shapley,baseline
23,11101,4,0.4000000059604645,-0.1387180238962173,0.0328942500054836,0.0136515591293573,64.0,32.0,0.5,0.0168186891824007,32,0.0,69,1,2,shapley-20260606T031645Z-5f5344d1,shapley,baseline
24,11,2,0.2000000029802322,-1.2033283710479736,1.6079823970794678,0.1599832773208618,64.0,32.0,0.5,0.028076134622097,32,0.0,69,1,2,shapley-20260606T031645Z-5f5344d1,shapley,baseline
25,10011,3,0.2000000029802322,-1.1133015155792236,1.4880337715148926,0.2485934495925903,128.0,32.0,0.75,0.0347515866160392,96,0.0,69,1,2,shapley-20260606T031645Z-5f5344d1,shapley,baseline
26,1011,3,0.2000000029802322,-0.2321085035800933,0.0692593455314636,0.0153849869966506,64.0,32.0,0.5,0.0093964925035834,32,0.0,69,1,2,shapley-20260606T031645Z-5f5344d1,shapley,baseline
27,11011,4,0.4000000059604645,-0.1776874661445617,0.03732530772686,0.005752470344305,32.0,0.0,1.0,0.0112684899941086,0,0.0,69,1,2,shapley-20260606T031645Z-5f5344d1,shapley,baseline
28,111,3,0.2000000029802322,-0.8511382937431335,0.8953062295913696,0.1708698272705078,96.0,32.0,0.6666666865348816,0.0289822109043598,64,0.0,69,1,2,shapley-20260606T031645Z-5f5344d1,shapley,baseline
29,10111,4,0.4000000059604645,-0.8374674916267395,0.8483881950378418,0.1470363736152649,96.0,32.0,0.6666666865348816,0.0529148653149604,64,0.0,69,1,2,shapley-20260606T031645Z-5f5344d1,shapley,baseline
30,1111,4,0.4000000059604645,-0.0719786137342453,0.0091446340084075,0.003963713068515,32.0,0.0,1.0,0.0095237456262111,0,0.0,69,1,2,shapley-20260606T031645Z-5f5344d1,shapley,baseline
31,11111,5,1.0,0.0,0.0,0.0,32.0,0.0,1.0,0.0010000000474974,0,0.0,69,1,2,shapley-20260606T031645Z-5f5344d1,shapley,baseline
0,0,0,1.0,-1.566977858543396,3.0082807540893555,0.552861213684082,256.0,128.0,0.6363636255264282,0.2061555087566375,224,0.0,89,2,3,shapley-20260606T031645Z-5f5344d1,shapley,baseline
1,10000,1,0.4000000059604645,-1.3754639625549316,2.235821485519409,0.343920350074768,256.0,256.0,0.1111111119389534,0.0657238066196441,32,0.0,89,2,3,shapley-20260606T031645Z-5f5344d1,shapley,baseline
2,1000,1,0.4000000059604645,-0.4707290828227997,0.2648773193359375,0.0432914495468139,128.0,64.0,0.5,0.0239633992314338,64,0.0,89,2,3,shapley-20260606T031645Z-5f5344d1,shapley,baseline
3,11000,2,0.2000000029802322,-0.3960643410682678,0.2085808664560318,0.0517138987779617,32.0,0.0,1.0,0.0135489888489246,0,0.0,89,2,3,shapley-20260606T031645Z-5f5344d1,shapley,baseline
4,100,1,0.4000000059604645,-1.3122583627700806,2.1064207553863525,0.3843986988067627,256.0,160.0,0.4444444477558136,0.0694267749786377,128,0.0,89,2,3,shapley-20260606T031645Z-5f5344d1,shapley,baseline
5,10100,2,0.2000000029802322,-1.1451351642608645,1.6558436155319214,0.3445091247558594,128.0,64.0,0.5,0.0333895906805992,64,0.0,89,2,3,shapley-20260606T031645Z-5f5344d1,shapley,baseline
6,1100,2,0.2000000029802322,-0.325171947479248,0.1471813768148422,0.0414445847272872,96.0,32.0,0.6666666865348816,0.0122341178357601,0,0.0,89,2,3,shapley-20260606T031645Z-5f5344d1,shapley,baseline
7,11100,3,0.2000000029802322,-0.209197849035263,0.0642475038766861,0.0204837620258331,64.0,32.0,0.5,0.0088978698477149,0,0.0,89,2,3,shapley-20260606T031645Z-5f5344d1,shapley,baseline
8,10,1,0.4000000059604645,-1.341660976409912,2.1309444904327397,0.3308902978897095,256.0,128.0,0.5555555820465088,0.064485877752304,160,0.0,89,2,3,shapley-20260606T031645Z-5f5344d1,shapley,baseline
9,10010,2,0.2000000029802322,-1.2564115524291992,1.881896734237671,0.3033267259597778,224.0,96.0,0.5714285969734192,0.0313920825719833,128,0.0,89,2,3,shapley-20260606T031645Z-5f5344d1,shapley,baseline
10,1010,2,0.2000000029802322,-0.3053886294364929,0.1164173334836959,0.0231551155447959,64.0,32.0,0.5,0.0093970857560634,0,0.0,89,2,3,shapley-20260606T031645Z-5f5344d1,shapley,baseline
11,11010,3,0.2000000029802322,-0.2284286916255951,0.0674333572387695,0.0152536891400814,32.0,0.0,1.0,0.0078154187649488,0,0.0,89,2,3,shapley-20260606T031645Z-5f5344d1,shapley,baseline
12,110,2,0.2000000029802322,-1.1117112636566162,1.447092890739441,0.2111909389495849,192.0,32.0,0.8333333134651184,0.0263596195727586,160,0.0,89,2,3,shapley-20260606T031645Z-5f5344d1,shapley,baseline
13,10110,3,0.2000000029802322,-0.8913630843162537,0.9851050972938538,0.19057697057724,160.0,64.0,0.6000000238418579,0.0250901952385902,96,0.0,89,2,3,shapley-20260606T031645Z-5f5344d1,shapley,baseline
14,1110,3,0.2000000029802322,-0.1291617304086685,0.0293347351253032,0.0126519817858934,32.0,0.0,1.0,0.007207038346678,0,0.0,89,2,3,shapley-20260606T031645Z-5f5344d1,shapley,baseline
15,11110,4,0.4000000059604645,-0.042184792459011,0.0063706627115607,0.0045911059714853,64.0,32.0,0.5,0.0084781432524323,0,0.0,89,2,3,shapley-20260606T031645Z-5f5344d1,shapley,baseline
16,1,1,0.4000000059604645,-1.482973337173462,2.6939237117767334,0.4947137832641601,224.0,96.0,0.5714285969734192,0.0786268785595893,128,0.0,89,2,3,shapley-20260606T031645Z-5f5344d1,shapley,baseline
17,10001,2,0.2000000029802322,-1.360901117324829,2.2420337200164795,0.3899818658828735,128.0,96.0,0.25,0.035460952669382,32,0.0,89,2,3,shapley-20260606T031645Z-5f5344d1,shapley,baseline
18,1001,2,0.2000000029802322,-0.4116857945919037,0.1877301484346389,0.0182449519634246,32.0,0.0,1.0,0.0084537779912352,0,0.0,89,2,3,shapley-20260606T031645Z-5f5344d1,shapley,baseline
19,11001,3,0.2000000029802322,-0.3246924877166748,0.130397766828537,0.0249725580215454,96.0,32.0,0.6666666865348816,0.0097204055637121,0,0.0,89,2,3,shapley-20260606T031645Z-5f5344d1,shapley,baseline
20,101,2,0.2000000029802322,-1.209352970123291,1.8199270963668823,0.3573925495147705,192.0,96.0,0.5,0.0339896604418754,96,0.0,89,2,3,shapley-20260606T031645Z-5f5344d1,shapley,baseline
21,10101,3,0.2000000029802322,-1.062222242355347,1.484345555305481,0.3560295104980469,96.0,32.0,0.6666666865348816,0.0339266918599605,64,0.0,89,2,3,shapley-20260606T031645Z-5f5344d1,shapley,baseline
22,1101,3,0.2000000029802322,-0.2340026497840881,0.072357140481472,0.0175998993217945,32.0,0.0,1.0,0.0083208279684185,0,0.0,89,2,3,shapley-20260606T031645Z-5f5344d1,shapley,baseline
23,11101,4,0.4000000059604645,-0.1276454329490661,0.0273801926523447,0.0110868364572525,96.0,64.0,0.3333333432674408,0.012620878405869,32,0.0,89,2,3,shapley-20260606T031645Z-5f5344d1,shapley,baseline
24,11,2,0.2000000029802322,-1.2898335456848145,1.9765249490737915,0.3128544092178345,128.0,64.0,0.5,0.0318657085299491,64,0.0,89,2,3,shapley-20260606T031645Z-5f5344d1,shapley,baseline
25,10011,3,0.2000000029802322,-1.16161048412323,1.6913745403289795,0.3420356512069702,192.0,128.0,0.3333333432674408,0.0332731083035469,64,0.0,89,2,3,shapley-20260606T031645Z-5f5344d1,shapley,baseline
26,1011,3,0.2000000029802322,-0.2321085035800933,0.0692593455314636,0.0153849869966506,64.0,32.0,0.5,0.0078446883708238,0,0.0,89,2,3,shapley-20260606T031645Z-5f5344d1,shapley,baseline
27,11011,4,0.4000000059604645,-0.1776874661445617,0.03732530772686,0.005752470344305,32.0,0.0,1.0,0.0093707107007503,0,0.0,89,2,3,shapley-20260606T031645Z-5f5344d1,shapley,baseline
28,111,3,0.2000000029802322,-0.8511382937431335,0.8953062295913696,0.1708698272705078,96.0,32.0,0.6666666865348816,0.0238106567412614,0,0.0,89,2,3,shapley-20260606T031645Z-5f5344d1,shapley,baseline
29,10111,4,0.4000000059604645,-0.8570328950881958,0.9332426190376282,0.1987372636795044,160.0,96.0,0.4000000059604645,0.050201091915369,64,0.0,89,2,3,shapley-20260606T031645Z-5f5344d1,shapley,baseline
30,1111,4,0.4000000059604645,-0.0719786137342453,0.0091446340084075,0.003963713068515,32.0,0.0,1.0,0.0079484218731522,0,0.0,89,2,3,shapley-20260606T031645Z-5f5344d1,shapley,baseline
31,11111,5,1.0,0.0,0.0,0.0,32.0,0.0,1.0,0.0010000000474974,0,0.0,89,2,3,shapley-20260606T031645Z-5f5344d1,shapley,baseline
0,0,0,1.0,-1.760564208030701,3.945911407470703,0.846325159072876,256.0,256.0,0.6363636255264282,0.2244897782802581,448,0.0,109,3,4,shapley-20260606T031645Z-5f5344d1,shapley,baseline
1,10000,1,0.4000000059604645,-1.3754639625549316,2.235821485519409,0.343920350074768,256.0,256.0,0.1111111119389534,0.0579872839152812,0,0.0,109,3,4,shapley-20260606T031645Z-5f5344d1,shapley,baseline
2,1000,1,0.4000000059604645,-0.4479594528675079,0.2436755299568176,0.0430078655481338,160.0,128.0,0.2000000029802322,0.0211522262543439,32,0.0,109,3,4,shapley-20260606T031645Z-5f5344d1,shapley,baseline
3,11000,2,0.2000000029802322,-0.3960643410682678,0.2085808664560318,0.0517138987779617,32.0,0.0,1.0,0.0120489923283457,0,0.0,109,3,4,shapley-20260606T031645Z-5f5344d1,shapley,baseline
4,100,1,0.4000000059604645,-1.390249729156494,2.418782949447632,0.4859886169433594,256.0,256.0,0.3333333432674408,0.0687426403164863,128,0.0,109,3,4,shapley-20260606T031645Z-5f5344d1,shapley,baseline
5,10100,2,0.2000000029802322,-1.236943006515503,1.974631905555725,0.4446039199829101,192.0,128.0,0.3333333432674408,0.0333970673382282,64,0.0,109,3,4,shapley-20260606T031645Z-5f5344d1,shapley,baseline
6,1100,2,0.2000000029802322,-0.325171947479248,0.1471813768148422,0.0414445847272872,96.0,32.0,0.6666666865348816,0.0108912903815507,0,0.0,109,3,4,shapley-20260606T031645Z-5f5344d1,shapley,baseline
7,11100,3,0.2000000029802322,-0.209197849035263,0.0642475038766861,0.0204837620258331,64.0,32.0,0.5,0.0079538272693753,0,0.0,109,3,4,shapley-20260606T031645Z-5f5344d1,shapley,baseline
8,10,1,0.4000000059604645,-1.416103720664978,2.4354350566864014,0.4300854206085205,256.0,256.0,0.2000000029802322,0.0647274330258369,64,0.0,109,3,4,shapley-20260606T031645Z-5f5344d1,shapley,baseline
9,10010,2,0.2000000029802322,-1.322482943534851,2.119133710861206,0.3701726198196411,256.0,224.0,0.2222222238779068,0.030561139807105,64,0.0,109,3,4,shapley-20260606T031645Z-5f5344d1,shapley,baseline
10,1010,2,0.2000000029802322,-0.2793677449226379,0.1065806746482849,0.0285343378782272,160.0,64.0,0.6000000238418579,0.0092073502019047,96,0.0,109,3,4,shapley-20260606T031645Z-5f5344d1,shapley,baseline
11,11010,3,0.2000000029802322,-0.2284286916255951,0.0674333572387695,0.0152536891400814,32.0,0.0,1.0,0.0070007634349167,0,0.0,109,3,4,shapley-20260606T031645Z-5f5344d1,shapley,baseline
12,110,2,0.2000000029802322,-1.1583267450332642,1.617970585823059,0.2762497663497925,256.0,192.0,0.25,0.0265370067209005,64,0.0,109,3,4,shapley-20260606T031645Z-5f5344d1,shapley,baseline
13,10110,3,0.2000000029802322,-0.9235694408416748,1.0959447622299194,0.2429642677307129,192.0,160.0,0.1666666716337204,0.0249491576105356,32,0.0,109,3,4,shapley-20260606T031645Z-5f5344d1,shapley,baseline
14,1110,3,0.2000000029802322,-0.1291617304086685,0.0293347351253032,0.0126519817858934,32.0,0.0,1.0,0.0064651034772396,0,0.0,109,3,4,shapley-20260606T031645Z-5f5344d1,shapley,baseline
15,11110,4,0.4000000059604645,-0.042184792459011,0.0063706627115607,0.0045911059714853,64.0,32.0,0.5,0.0075842719525098,0,0.0,109,3,4,shapley-20260606T031645Z-5f5344d1,shapley,baseline
16,1,1,0.4000000059604645,-1.550518274307251,3.045851707458496,0.64174485206604,256.0,224.0,0.3636363744735718,0.0788449123501777,128,0.0,109,3,4,shapley-20260606T031645Z-5f5344d1,shapley,baseline
17,10001,2,0.2000000029802322,-1.5077955722808838,2.9174814224243164,0.6440339088439941,192.0,128.0,0.3333333432674408,0.0399918109178543,64,0.0,109,3,4,shapley-20260606T031645Z-5f5344d1,shapley,baseline
18,1001,2,0.2000000029802322,-0.3897364139556885,0.1775673031806945,0.0256728380918502,64.0,32.0,0.5,0.0087849535048007,32,0.0,109,3,4,shapley-20260606T031645Z-5f5344d1,shapley,baseline
19,11001,3,0.2000000029802322,-0.3246924877166748,0.130397766828537,0.0249725580215454,96.0,32.0,0.6666666865348816,0.0086780441924929,0,0.0,109,3,4,shapley-20260606T031645Z-5f5344d1,shapley,baseline
20,101,2,0.2000000029802322,-1.209352970123291,1.8199270963668823,0.3573925495147705,192.0,96.0,0.5,0.0300463680177927,0,0.0,109,3,4,shapley-20260606T031645Z-5f5344d1,shapley,baseline
21,10101,3,0.2000000029802322,-1.2119460105895996,2.015279054641724,0.5464658737182617,160.0,96.0,0.4000000059604645,0.036917045712471,64,0.0,109,3,4,shapley-20260606T031645Z-5f5344d1,shapley,baseline
22,1101,3,0.2000000029802322,-0.1965996921062469,0.0595529079437255,0.0209014676511287,64.0,32.0,0.5,0.0080243712291121,32,0.0,109,3,4,shapley-20260606T031645Z-5f5344d1,shapley,baseline
23,11101,4,0.4000000059604645,-0.1259583383798599,0.0269878786057233,0.0111223757266998,128.0,96.0,0.25,0.0112482067197561,32,0.0,109,3,4,shapley-20260606T031645Z-5f5344d1,shapley,baseline
24,11,2,0.2000000029802322,-1.3992795944213867,2.431948661804199,0.4739652872085571,224.0,128.0,0.4285714328289032,0.0344497077167034,96,0.0,109,3,4,shapley-20260606T031645Z-5f5344d1,shapley,baseline
25,10011,3,0.2000000029802322,-1.2019598484039309,1.8381028175354004,0.3933953046798706,224.0,192.0,0.1428571492433548,0.0314742922782897,32,0.0,109,3,4,shapley-20260606T031645Z-5f5344d1,shapley,baseline
26,1011,3,0.2000000029802322,-0.2321085035800933,0.0692593455314636,0.0153849869966506,64.0,32.0,0.5,0.0070265340618789,0,0.0,109,3,4,shapley-20260606T031645Z-5f5344d1,shapley,baseline
27,11011,4,0.4000000059604645,-0.1571811735630035,0.0310874115675687,0.0063814893364906,64.0,32.0,0.5,0.0087626511231064,32,0.0,109,3,4,shapley-20260606T031645Z-5f5344d1,shapley,baseline
28,111,3,0.2000000029802322,-0.8511382937431335,0.8953062295913696,0.1708698272705078,96.0,32.0,0.6666666865348816,0.0210840702056884,0,0.0,109,3,4,shapley-20260606T031645Z-5f5344d1,shapley,baseline
29,10111,4,0.4000000059604645,-0.9295925498008728,1.148892164230347,0.2847498655319214,256.0,160.0,0.375,0.0528538264334201,96,0.0,109,3,4,shapley-20260606T031645Z-5f5344d1,shapley,baseline
30,1111,4,0.4000000059604645,-0.0719786137342453,0.0091446340084075,0.003963713068515,32.0,0.0,1.0,0.0071178688667714,0,0.0,109,3,4,shapley-20260606T031645Z-5f5344d1,shapley,baseline
31,11111,5,1.0,0.0,0.0,0.0,32.0,0.0,1.0,0.0010000000474974,0,0.0,109,3,4,shapley-20260606T031645Z-5f5344d1,shapley,baseline
0,0,0,1.0,-1.7660839557647705,4.056679725646973,0.9376270771026612,256.0,256.0,0.6000000238418579,0.216540440917015,384,0.0,129,4,5,shapley-20260606T031645Z-5f5344d1,shapley,baseline
1,10000,1,0.4000000059604645,-1.4317176342010498,2.628814697265625,0.5789992809295654,256.0,256.0,0.2727272808551788,0.0687505379319191,96,0.0,129,4,5,shapley-20260606T031645Z-5f5344d1,shapley,baseline
2,1000,1,0.4000000059604645,-0.4479594528675079,0.2436755299568176,0.0430078655481338,160.0,128.0,0.2000000029802322,0.0194649305194616,0,0.0,129,4,5,shapley-20260606T031645Z-5f5344d1,shapley,baseline
3,11000,2,0.2000000029802322,-0.3497514128684997,0.1627630144357681,0.0404369607567787,64.0,32.0,0.5,0.0099522657692432,32,0.0,129,4,5,shapley-20260606T031645Z-5f5344d1,shapley,baseline
4,100,1,0.4000000059604645,-1.476760983467102,2.905216217041016,0.7243931293487549,256.0,256.0,0.3846153914928436,0.0767810940742492,160,0.0,129,4,5,shapley-20260606T031645Z-5f5344d1,shapley,baseline
5,10100,2,0.2000000029802322,-1.2457793951034546,2.061737060546875,0.5097707509994507,256.0,192.0,0.25,0.0327856540679931,64,0.0,129,4,5,shapley-20260606T031645Z-5f5344d1,shapley,baseline
6,1100,2,0.2000000029802322,-0.2963704168796539,0.127464547753334,0.0396291241049766,128.0,96.0,0.25,0.0098623912781476,32,0.0,129,4,5,shapley-20260606T031645Z-5f5344d1,shapley,baseline
7,11100,3,0.2000000029802322,-0.209197849035263,0.0642475038766861,0.0204837620258331,64.0,32.0,0.5,0.0073716011829674,0,0.0,129,4,5,shapley-20260606T031645Z-5f5344d1,shapley,baseline
8,10,1,0.4000000059604645,-1.4293792247772217,2.5582492351531982,0.5151243209838867,256.0,256.0,0.2727272808551788,0.0649042502045631,96,0.0,129,4,5,shapley-20260606T031645Z-5f5344d1,shapley,baseline
9,10010,2,0.2000000029802322,-1.35344660282135,2.301431894302368,0.4696141481399536,256.0,256.0,0.1111111119389534,0.0315080434083938,32,0.0,129,4,5,shapley-20260606T031645Z-5f5344d1,shapley,baseline
10,1010,2,0.2000000029802322,-0.2793677449226379,0.1065806746482849,0.0285343378782272,160.0,64.0,0.6000000238418579,0.0085201691836118,0,0.0,129,4,5,shapley-20260606T031645Z-5f5344d1,shapley,baseline
11,11010,3,0.2000000029802322,-0.2284286916255951,0.0674333572387695,0.0152536891400814,32.0,0.0,1.0,0.006498334929347,0,0.0,129,4,5,shapley-20260606T031645Z-5f5344d1,shapley,baseline
12,110,2,0.2000000029802322,-1.1817755699157717,1.721151351928711,0.324557900428772,256.0,256.0,0.2727272808551788,0.0263623669743537,96,0.0,129,4,5,shapley-20260606T031645Z-5f5344d1,shapley,baseline
13,10110,3,0.2000000029802322,-0.9755051732063292,1.2469964027404783,0.2953860759735107,256.0,192.0,0.25,0.0251957308501005,64,0.0,129,4,5,shapley-20260606T031645Z-5f5344d1,shapley,baseline
14,1110,3,0.2000000029802322,-0.1291617304086685,0.0293347351253032,0.0126519817858934,32.0,0.0,1.0,0.006007523741573,0,0.0,129,4,5,shapley-20260606T031645Z-5f5344d1,shapley,baseline
15,11110,4,0.4000000059604645,-0.042184792459011,0.0063706627115607,0.0045911059714853,64.0,32.0,0.5,0.0070329871959984,0,0.0,129,4,5,shapley-20260606T031645Z-5f5344d1,shapley,baseline
16,1,1,0.4000000059604645,-1.6355292797088623,3.5347909927368164,0.8598349094390869,256.0,256.0,0.3333333432674408,0.0835622027516365,128,0.0,129,4,5,shapley-20260606T031645Z-5f5344d1,shapley,baseline
17,10001,2,0.2000000029802322,-1.475613355636597,2.901745319366455,0.7243106365203857,224.0,192.0,0.1428571492433548,0.0388883873820304,32,0.0,129,4,5,shapley-20260606T031645Z-5f5344d1,shapley,baseline
18,1001,2,0.2000000029802322,-0.3552131056785583,0.1607765257358551,0.0346001684665679,96.0,64.0,0.3333333432674408,0.0092810010537505,32,0.0,129,4,5,shapley-20260606T031645Z-5f5344d1,shapley,baseline
19,11001,3,0.2000000029802322,-0.3033233284950256,0.1178169250488281,0.02581188082695,128.0,96.0,0.25,0.0081524280831217,32,0.0,129,4,5,shapley-20260606T031645Z-5f5344d1,shapley,baseline
20,101,2,0.2000000029802322,-1.280001163482666,2.086758852005005,0.4483559131622314,224.0,192.0,0.1428571492433548,0.0308095328509807,32,0.0,129,4,5,shapley-20260606T031645Z-5f5344d1,shapley,baseline
21,10101,3,0.2000000029802322,-1.2293435335159302,2.065791606903076,0.5545060634613037,192.0,160.0,0.1666666716337204,0.0341510139405727,32,0.0,129,4,5,shapley-20260606T031645Z-5f5344d1,shapley,baseline
22,1101,3,0.2000000029802322,-0.1883809566497802,0.0588873885571956,0.0234000049531459,96.0,64.0,0.3333333432674408,0.0078100715763866,32,0.0,129,4,5,shapley-20260606T031645Z-5f5344d1,shapley,baseline
23,11101,4,0.4000000059604645,-0.1259583383798599,0.0269878786057233,0.0111223757266998,128.0,96.0,0.25,0.0103901494294404,0,0.0,129,4,5,shapley-20260606T031645Z-5f5344d1,shapley,baseline
24,11,2,0.2000000029802322,-1.4107838869094849,2.558507442474365,0.5681962966918945,256.0,224.0,0.3000000119209289,0.03455775603652,96,0.0,129,4,5,shapley-20260606T031645Z-5f5344d1,shapley,baseline
25,10011,3,0.2000000029802322,-1.2364602088928225,1.9785255193710327,0.4496916532516479,256.0,224.0,0.125,0.0308539047837257,32,0.0,129,4,5,shapley-20260606T031645Z-5f5344d1,shapley,baseline
26,1011,3,0.2000000029802322,-0.2073199152946472,0.057926807552576,0.0149452611804008,96.0,64.0,0.3333333432674408,0.0064424630254507,32,0.0,129,4,5,shapley-20260606T031645Z-5f5344d1,shapley,baseline
27,11011,4,0.4000000059604645,-0.1571811735630035,0.0310874115675687,0.0063814893364906,64.0,32.0,0.5,0.0081127034500241,0,0.0,129,4,5,shapley-20260606T031645Z-5f5344d1,shapley,baseline
28,111,3,0.2000000029802322,-0.9256043434143066,1.1282567977905271,0.2715134024620056,128.0,96.0,0.25,0.0241974014788866,32,0.0,129,4,5,shapley-20260606T031645Z-5f5344d1,shapley,baseline
29,10111,4,0.4000000059604645,-0.9295925498008728,1.148892164230347,0.2847498655319214,256.0,160.0,0.375,0.0485122352838516,0,0.0,129,4,5,shapley-20260606T031645Z-5f5344d1,shapley,baseline
30,1111,4,0.4000000059604645,-0.0545707866549491,0.0058124912902712,0.0028345205355435,64.0,32.0,0.5,0.0057403836399316,32,0.0,129,4,5,shapley-20260606T031645Z-5f5344d1,shapley,baseline
31,11111,5,1.0,0.0,0.0,0.0,32.0,0.0,1.0,0.0010000000474974,0,0.0,129,4,5,shapley-20260606T031645Z-5f5344d1,shapley,baseline
0,0,0,1.0,-1.9082746505737305,4.97549295425415,1.3339807987213137,256.0,246.38168334960935,0.5389406085014343,0.2284091413021087,288,0.0375715452588037,169,5,6,shapley-20260606T031645Z-5f5344d1,shapley,baseline
1,10000,1,0.4000000059604645,-1.6715011596679688,3.839080333709717,1.0451641082763672,256.0,246.38168334960935,0.4379745125770569,0.0815165862441062,192,0.0375715452588037,169,5,6,shapley-20260606T031645Z-5f5344d1,shapley,baseline
2,1000,1,0.4000000059604645,-0.4479594528675079,0.2436755299568176,0.0430078655481338,160.0,128.0,0.2000000029802322,0.0173330418765544,0,0.0375715452588037,169,5,6,shapley-20260606T031645Z-5f5344d1,shapley,baseline
3,11000,2,0.2000000029802322,-0.3314508199691772,0.1455759406089782,0.0357162952423095,93.59542083740234,61.59542083740234,0.3418970704078674,0.0084421141073107,32,0.0375715452588037,169,5,6,shapley-20260606T031645Z-5f5344d1,shapley,baseline
4,100,1,0.4000000059604645,-1.475139856338501,2.9088058471679688,0.7327682971954346,256.0,246.38168334960935,0.3418970704078674,0.0684180930256843,128,0.0375715452588037,169,5,6,shapley-20260606T031645Z-5f5344d1,shapley,baseline
5,10100,2,0.2000000029802322,-1.2879037857055664,2.278442859649658,0.6197466850280762,256.0,246.38168334960935,0.2061977386474609,0.032000608742237,64,0.0375715452588037,169,5,6,shapley-20260606T031645Z-5f5344d1,shapley,baseline
6,1100,2,0.2000000029802322,-0.2963704168796539,0.127464547753334,0.0396291241049766,128.0,96.0,0.25,0.0088391751050949,0,0.0375715452588037,169,5,6,shapley-20260606T031645Z-5f5344d1,shapley,baseline
7,11100,3,0.2000000029802322,-0.209197849035263,0.0642475038766861,0.0204837620258331,64.0,32.0,0.5,0.0066359611228108,0,0.0375715452588037,169,5,6,shapley-20260606T031645Z-5f5344d1,shapley,baseline
8,10,1,0.4000000059604645,-1.5777945518493652,3.2964272499084477,0.8069915771484375,256.0,246.38168334960935,0.4762090146541595,0.0717501938343048,224,0.0375715452588037,169,5,6,shapley-20260606T031645Z-5f5344d1,shapley,baseline
9,10010,2,0.2000000029802322,-1.354438066482544,2.355926990509033,0.5214245319366455,256.0,246.38168334960935,0.1149500906467437,0.0294353701174259,32,0.0375715452588037,169,5,6,shapley-20260606T031645Z-5f5344d1,shapley,baseline
10,1010,2,0.2000000029802322,-0.2793677449226379,0.1065806746482849,0.0285343378782272,160.0,64.0,0.6000000238418579,0.0076519204303622,0,0.0375715452588037,169,5,6,shapley-20260606T031645Z-5f5344d1,shapley,baseline
11,11010,3,0.2000000029802322,-0.1892862468957901,0.0485589876770973,0.0127297043800354,62.79771041870117,30.79771041870117,0.5095727443695068,0.0054429587908089,32,0.0375715452588037,169,5,6,shapley-20260606T031645Z-5f5344d1,shapley,baseline
12,110,2,0.2000000029802322,-1.1907697916030884,1.7679972648620603,0.3500645160675049,256.0,246.38168334960935,0.1149500906467437,0.0242989938706159,32,0.0375715452588037,169,5,6,shapley-20260606T031645Z-5f5344d1,shapley,baseline
13,10110,3,0.2000000029802322,-0.9813451766967772,1.2574889659881592,0.294450581073761,256.0,246.38168334960935,0.1149500906467437,0.0223682671785354,32,0.0375715452588037,169,5,6,shapley-20260606T031645Z-5f5344d1,shapley,baseline
14,1110,3,0.2000000029802322,-0.1033667102456092,0.0202307868748903,0.0095461104065179,62.79771041870117,30.79771041870117,0.5095727443695068,0.0048474799841642,32,0.0375715452588037,169,5,6,shapley-20260606T031645Z-5f5344d1,shapley,baseline
15,11110,4,0.4000000059604645,-0.042184792459011,0.0063706627115607,0.0045911059714853,64.0,32.0,0.5,0.006336442194879,0,0.0375715452588037,169,5,6,shapley-20260606T031645Z-5f5344d1,shapley,baseline
16,1,1,0.4000000059604645,-1.822415828704834,4.545121192932129,1.223921775817871,256.0,246.38168334960935,0.3418970704078674,0.0881304517388343,128,0.0375715452588037,169,5,6,shapley-20260606T031645Z-5f5344d1,shapley,baseline
17,10001,2,0.2000000029802322,-1.5186634063720703,3.100847721099853,0.7945091724395752,247.5839691162109,215.5839691162109,0.1292490810155868,0.0361004397273063,32,0.0375715452588037,169,5,6,shapley-20260606T031645Z-5f5344d1,shapley,baseline
18,1001,2,0.2000000029802322,-0.3552131056785583,0.1607765257358551,0.0346001684665679,96.0,64.0,0.3333333432674408,0.0083249090239405,0,0.0375715452588037,169,5,6,shapley-20260606T031645Z-5f5344d1,shapley,baseline
19,11001,3,0.2000000029802322,-0.2847086489200592,0.1075317412614822,0.0264727249741554,155.1908416748047,123.19084167480467,0.2061977386474609,0.0074071143753826,32,0.0375715452588037,169,5,6,shapley-20260606T031645Z-5f5344d1,shapley,baseline
20,101,2,0.2000000029802322,-1.350160002708435,2.409796953201294,0.5868649482727051,256.0,215.5839691162109,0.2289115488529205,0.0311670079827308,64,0.0375715452588037,169,5,6,shapley-20260606T031645Z-5f5344d1,shapley,baseline
21,10101,3,0.2000000029802322,-1.343034029006958,2.5884017944335938,0.7846614122390747,248.7862548828125,184.7862548828125,0.2572489380836487,0.0358822308480739,64,0.0375715452588037,169,5,6,shapley-20260606T031645Z-5f5344d1,shapley,baseline
22,1101,3,0.2000000029802322,-0.1883809566497802,0.0588873885571956,0.0234000049531459,96.0,64.0,0.3333333432674408,0.0070238076150417,0,0.0375715452588037,169,5,6,shapley-20260606T031645Z-5f5344d1,shapley,baseline
23,11101,4,0.4000000059604645,-0.1259583383798599,0.0269878786057233,0.0111223757266998,128.0,96.0,0.25,0.0093060005456209,0,0.0375715452588037,169,5,6,shapley-20260606T031645Z-5f5344d1,shapley,baseline
24,11,2,0.2000000029802322,-1.4107838869094849,2.558507442474365,0.5681962966918945,256.0,224.0,0.3000000119209289,0.0306833107024431,0,0.0375715452588037,169,5,6,shapley-20260606T031645Z-5f5344d1,shapley,baseline
25,10011,3,0.2000000029802322,-1.3478227853775024,2.4943015575408936,0.6776752471923828,256.0,246.38168334960935,0.2803888320922851,0.0334170833230018,96,0.0375715452588037,169,5,6,shapley-20260606T031645Z-5f5344d1,shapley,baseline
26,1011,3,0.2000000029802322,-0.2073199152946472,0.057926807552576,0.0149452611804008,96.0,64.0,0.3333333432674408,0.0058140973560512,0,0.0375715452588037,169,5,6,shapley-20260606T031645Z-5f5344d1,shapley,baseline
27,11011,4,0.4000000059604645,-0.1459753215312957,0.0285189971327781,0.0072102025151252,93.59542083740234,61.59542083740234,0.3418970704078674,0.0076875477097928,32,0.0375715452588037,169,5,6,shapley-20260606T031645Z-5f5344d1,shapley,baseline
28,111,3,0.2000000029802322,-0.9256043434143066,1.1282567977905271,0.2715134024620056,128.0,96.0,0.25,0.0215191207826137,0,0.0375715452588037,169,5,6,shapley-20260606T031645Z-5f5344d1,shapley,baseline
29,10111,4,0.4000000059604645,-0.9670678377151488,1.285577416419983,0.3503572344779968,256.0,246.38168334960935,0.2061977386474609,0.0476174652576446,64,0.0375715452588037,169,5,6,shapley-20260606T031645Z-5f5344d1,shapley,baseline
30,1111,4,0.4000000059604645,-0.0545707866549491,0.0058124912902712,0.0028345205355435,64.0,32.0,0.5,0.0051930774934589,0,0.0375715452588037,169,5,6,shapley-20260606T031645Z-5f5344d1,shapley,baseline
31,11111,5,1.0,0.0,0.0,0.0,32.0,0.0,1.0,0.0010000000474974,0,0.0375715452588037,169,5,6,shapley-20260606T031645Z-5f5344d1,shapley,baseline
0,0,0,1.0,-1.5498743057250977,2.638463497161865,0.2363531589508056,32.0,0.0,1.0,0.1503334194421768,32,0.0,49,0,1,shapley-20260606T031710Z-f1b11b8e,shapley,marginal
1,10000,1,0.4000000059604645,-1.519773006439209,2.6336007118225098,0.3238906860351562,32.0,0.0,1.0,0.0709254965186119,32,0.0,49,0,1,shapley-20260606T031710Z-f1b11b8e,shapley,marginal
2,1000,1,0.4000000059604645,-0.6635392904281616,0.553421139717102,0.113136738538742,32.0,0.0,1.0,0.0423274040222168,32,0.0,49,0,1,shapley-20260606T031710Z-f1b11b8e,shapley,marginal
3,11000,2,0.2000000029802322,-0.5552990436553955,0.3640531301498413,0.0556960999965667,32.0,0.0,1.0,0.0154983540996909,32,0.0,49,0,1,shapley-20260606T031710Z-f1b11b8e,shapley,marginal
4,100,1,0.4000000059604645,-1.352212905883789,2.0857818126678467,0.2573020458221435,32.0,0.0,1.0,0.0633243769407272,32,0.0,49,0,1,shapley-20260606T031710Z-f1b11b8e,shapley,marginal
5,10100,2,0.2000000029802322,-1.4146449565887451,2.391418218612671,0.39019775390625,32.0,0.0,1.0,0.0393750257790088,32,0.0,49,0,1,shapley-20260606T031710Z-f1b11b8e,shapley,marginal
6,1100,2,0.2000000029802322,-0.3898349404335022,0.1999589502811432,0.0479876697063446,32.0,0.0,1.0,0.0144577091559767,32,0.0,49,0,1,shapley-20260606T031710Z-f1b11b8e,shapley,marginal
7,11100,3,0.2000000029802322,-0.280354231595993,0.1093026250600814,0.0307041332125663,32.0,0.0,1.0,0.0117647685110569,32,0.0,49,0,1,shapley-20260606T031710Z-f1b11b8e,shapley,marginal
8,10,1,0.4000000059604645,-1.1598604917526243,1.5208063125610352,0.1755299568176269,32.0,0.0,1.0,0.0524768456816673,32,0.0,49,0,1,shapley-20260606T031710Z-f1b11b8e,shapley,marginal
9,10010,2,0.2000000029802322,-1.4024946689605713,2.3784399032592773,0.41144859790802,32.0,0.0,1.0,0.040406160056591,32,0.0,49,0,1,shapley-20260606T031710Z-f1b11b8e,shapley,marginal
10,1010,2,0.2000000029802322,-0.4534110128879547,0.2823702692985534,0.0767887234687805,32.0,0.0,1.0,0.0180237423628568,32,0.0,49,0,1,shapley-20260606T031710Z-f1b11b8e,shapley,marginal
11,11010,3,0.2000000029802322,-0.3756585717201233,0.1764892339706421,0.035369873046875,32.0,0.0,1.0,0.0125537533313035,32,0.0,49,0,1,shapley-20260606T031710Z-f1b11b8e,shapley,marginal
12,110,2,0.2000000029802322,-1.3186101913452148,2.1136085987091064,0.3748757839202881,32.0,0.0,1.0,0.0386140421032905,32,0.0,49,0,1,shapley-20260606T031710Z-f1b11b8e,shapley,marginal
13,10110,3,0.2000000029802322,-1.147847056388855,1.5258362293243408,0.2082833051681518,32.0,0.0,1.0,0.0290371291339397,32,0.0,49,0,1,shapley-20260606T031710Z-f1b11b8e,shapley,marginal
14,1110,3,0.2000000029802322,-0.2492406070232391,0.1364943087100982,0.0743734240531921,32.0,0.0,1.0,0.0177538730204105,32,0.0,49,0,1,shapley-20260606T031710Z-f1b11b8e,shapley,marginal
15,11110,4,0.4000000059604645,-0.1246363520622253,0.0376710593700408,0.0221368391066789,32.0,0.0,1.0,0.0192807540297508,32,0.0,49,0,1,shapley-20260606T031710Z-f1b11b8e,shapley,marginal
16,1,1,0.4000000059604645,-1.358043551445007,2.0226235389709477,0.178341269493103,32.0,0.0,1.0,0.0528874360024929,32,0.0,49,0,1,shapley-20260606T031710Z-f1b11b8e,shapley,marginal
17,10001,2,0.2000000029802322,-1.302490234375,1.8979730606079104,0.2014923095703125,32.0,0.0,1.0,0.028576273471117,32,0.0,49,0,1,shapley-20260606T031710Z-f1b11b8e,shapley,marginal
18,1001,2,0.2000000029802322,-0.5961247086524963,0.4131872057914734,0.0578225255012512,32.0,0.0,1.0,0.0157725289463996,32,0.0,49,0,1,shapley-20260606T031710Z-f1b11b8e,shapley,marginal
19,11001,3,0.2000000029802322,-0.3972509503364563,0.1793390810489654,0.0215307623147964,32.0,0.0,1.0,0.0100143831223249,32,0.0,49,0,1,shapley-20260606T031710Z-f1b11b8e,shapley,marginal
20,101,2,0.2000000029802322,-1.2234156131744385,1.6933119297027588,0.1965662240982055,32.0,0.0,1.0,0.0282370932400226,32,0.0,49,0,1,shapley-20260606T031710Z-f1b11b8e,shapley,marginal
21,10101,3,0.2000000029802322,-1.2661877870559692,1.8273499011993408,0.2241183519363403,32.0,0.0,1.0,0.0300833918154239,32,0.0,49,0,1,shapley-20260606T031710Z-f1b11b8e,shapley,marginal
22,1101,3,0.2000000029802322,-0.3551486432552337,0.181073859333992,0.0549432933330535,32.0,0.0,1.0,0.0154000390321016,32,0.0,49,0,1,shapley-20260606T031710Z-f1b11b8e,shapley,marginal
23,11101,4,0.4000000059604645,-0.1934948414564132,0.0476079955697059,0.0101677402853965,32.0,0.0,1.0,0.0133893508464097,32,0.0,49,0,1,shapley-20260606T031710Z-f1b11b8e,shapley,marginal
24,11,2,0.2000000029802322,-1.3780643939971924,2.161489248275757,0.262427806854248,32.0,0.0,1.0,0.0324710495769977,32,0.0,49,0,1,shapley-20260606T031710Z-f1b11b8e,shapley,marginal
25,10011,3,0.2000000029802322,-1.134618878364563,1.4274545907974243,0.1400946378707885,32.0,0.0,1.0,0.0239941366016864,32,0.0,49,0,1,shapley-20260606T031710Z-f1b11b8e,shapley,marginal
26,1011,3,0.2000000029802322,-0.4324633479118347,0.2110377252101898,0.0240131765604019,32.0,0.0,1.0,0.0105198724195361,32,0.0,49,0,1,shapley-20260606T031710Z-f1b11b8e,shapley,marginal
27,11011,4,0.4000000059604645,-0.252429187297821,0.0724579095840454,0.0087374150753021,32.0,0.0,1.0,0.0124849155545234,32,0.0,49,0,1,shapley-20260606T031710Z-f1b11b8e,shapley,marginal
28,111,3,0.2000000029802322,-1.0291290283203125,1.2507102489471436,0.1916036605834961,32.0,0.0,1.0,0.0278910771012306,32,0.0,49,0,1,shapley-20260606T031710Z-f1b11b8e,shapley,marginal
29,10111,4,0.4000000059604645,-0.9114720225334167,0.9867647886276244,0.155983567237854,32.0,0.0,1.0,0.0495261400938034,32,0.0,49,0,1,shapley-20260606T031710Z-f1b11b8e,shapley,marginal
30,1111,4,0.4000000059604645,-0.118829071521759,0.0215624291449785,0.0074420813471078,32.0,0.0,1.0,0.0115994559600949,32,0.0,49,0,1,shapley-20260606T031710Z-f1b11b8e,shapley,marginal
31,11111,5,1.0,0.0,0.0,0.0,32.0,0.0,1.0,0.0010000000474974,32,0.0,49,0,1,shapley-20260606T031710Z-f1b11b8e,shapley,marginal
0,0,0,1.0,-1.494009256362915,2.538299560546875,0.3062357902526855,256.0,32.0,0.8888888955116272,0.1595530956983566,256,0.0,69,1,2,shapley-20260606T031710Z-f1b11b8e,shapley,marginal
1,10000,1,0.4000000059604645,-1.4099054336547852,2.299468278884888,0.31163489818573,64.0,32.0,0.5,0.0649778768420219,32,0.0,69,1,2,shapley-20260606T031710Z-f1b11b8e,shapley,marginal
2,1000,1,0.4000000059604645,-0.6635392904281616,0.553421139717102,0.113136738538742,32.0,0.0,1.0,0.0395485982298851,0,0.0,69,1,2,shapley-20260606T031710Z-f1b11b8e,shapley,marginal
3,11000,2,0.2000000029802322,-0.5061907172203064,0.3114889860153198,0.0552599430084228,96.0,32.0,0.6666666865348816,0.0144704468548297,64,0.0,69,1,2,shapley-20260606T031710Z-f1b11b8e,shapley,marginal
4,100,1,0.4000000059604645,-1.3643553256988523,2.1750118732452397,0.3135464191436767,128.0,32.0,0.75,0.065173789858818,96,0.0,69,1,2,shapley-20260606T031710Z-f1b11b8e,shapley,marginal
5,10100,2,0.2000000029802322,-1.2712626457214355,1.9531409740448,0.3370323181152344,128.0,32.0,0.75,0.0342669151723384,96,0.0,69,1,2,shapley-20260606T031710Z-f1b11b8e,shapley,marginal
6,1100,2,0.2000000029802322,-0.3898349404335022,0.1999589502811432,0.0479876697063446,32.0,0.0,1.0,0.0135528296232223,0,0.0,69,1,2,shapley-20260606T031710Z-f1b11b8e,shapley,marginal
7,11100,3,0.2000000029802322,-0.280354231595993,0.1093026250600814,0.0307041332125663,32.0,0.0,1.0,0.0110409585759043,0,0.0,69,1,2,shapley-20260606T031710Z-f1b11b8e,shapley,marginal
8,10,1,0.4000000059604645,-1.3117611408233645,2.0650439262390137,0.3443266153335571,64.0,32.0,0.5,0.0682499632239341,32,0.0,69,1,2,shapley-20260606T031710Z-f1b11b8e,shapley,marginal
9,10010,2,0.2000000029802322,-1.2311439514160156,1.7807214260101318,0.2650059461593628,96.0,32.0,0.6666666865348816,0.0304988138377666,64,0.0,69,1,2,shapley-20260606T031710Z-f1b11b8e,shapley,marginal
10,1010,2,0.2000000029802322,-0.4856392741203308,0.337660551071167,0.1018150448799133,64.0,32.0,0.5,0.0192844867706298,32,0.0,69,1,2,shapley-20260606T031710Z-f1b11b8e,shapley,marginal
11,11010,3,0.2000000029802322,-0.3947594463825226,0.194545492529869,0.0387104749679565,64.0,32.0,0.5,0.0122743379324674,32,0.0,69,1,2,shapley-20260606T031710Z-f1b11b8e,shapley,marginal
12,110,2,0.2000000029802322,-1.2335271835327148,1.8578758239746092,0.3362865447998047,96.0,32.0,0.6666666865348816,0.0342300869524478,64,0.0,69,1,2,shapley-20260606T031710Z-f1b11b8e,shapley,marginal
13,10110,3,0.2000000029802322,-1.0529595613479614,1.3275930881500244,0.2188692092895507,128.0,32.0,0.75,0.0278082899749279,96,0.0,69,1,2,shapley-20260606T031710Z-f1b11b8e,shapley,marginal
14,1110,3,0.2000000029802322,-0.2682006955146789,0.1369193196296692,0.0649877041578292,96.0,32.0,0.6666666865348816,0.0156080545857548,64,0.0,69,1,2,shapley-20260606T031710Z-f1b11b8e,shapley,marginal
15,11110,4,0.4000000059604645,-0.1451373696327209,0.0498112775385379,0.0287464223802089,96.0,32.0,0.6666666865348816,0.0204311590641737,64,0.0,69,1,2,shapley-20260606T031710Z-f1b11b8e,shapley,marginal
16,1,1,0.4000000059604645,-1.3217895030975342,2.006403684616089,0.2592761516571045,128.0,32.0,0.75,0.0593563467264175,96,0.0,69,1,2,shapley-20260606T031710Z-f1b11b8e,shapley,marginal
17,10001,2,0.2000000029802322,-1.3887689113616943,2.17522931098938,0.2465502023696899,128.0,32.0,0.75,0.0294530931860208,96,0.0,69,1,2,shapley-20260606T031710Z-f1b11b8e,shapley,marginal
18,1001,2,0.2000000029802322,-0.5424530506134033,0.3525539040565491,0.0582985877990722,96.0,32.0,0.6666666865348816,0.014835849404335,64,0.0,69,1,2,shapley-20260606T031710Z-f1b11b8e,shapley,marginal
19,11001,3,0.2000000029802322,-0.3972509503364563,0.1793390810489654,0.0215307623147964,32.0,0.0,1.0,0.0094082672148942,0,0.0,69,1,2,shapley-20260606T031710Z-f1b11b8e,shapley,marginal
20,101,2,0.2000000029802322,-1.1869144439697266,1.769883155822754,0.3611172437667846,128.0,32.0,0.75,0.035435065627098,96,0.0,69,1,2,shapley-20260606T031710Z-f1b11b8e,shapley,marginal
21,10101,3,0.2000000029802322,-1.082728385925293,1.4415249824523926,0.2692241668701172,96.0,32.0,0.6666666865348816,0.0307326633483171,64,0.0,69,1,2,shapley-20260606T031710Z-f1b11b8e,shapley,marginal
22,1101,3,0.2000000029802322,-0.3776323795318603,0.1939701735973358,0.0513639599084854,64.0,32.0,0.5,0.0139869172126054,32,0.0,69,1,2,shapley-20260606T031710Z-f1b11b8e,shapley,marginal
23,11101,4,0.4000000059604645,-0.1934948414564132,0.0476079955697059,0.0101677402853965,32.0,0.0,1.0,0.012556305155158,0,0.0,69,1,2,shapley-20260606T031710Z-f1b11b8e,shapley,marginal
24,11,2,0.2000000029802322,-1.335035800933838,2.1016147136688232,0.3192940950393677,64.0,32.0,0.5,0.0333796553313732,32,0.0,69,1,2,shapley-20260606T031710Z-f1b11b8e,shapley,marginal
25,10011,3,0.2000000029802322,-1.0587882995605469,1.2461330890655518,0.1251003742218017,64.0,32.0,0.5,0.0212677754461765,32,0.0,69,1,2,shapley-20260606T031710Z-f1b11b8e,shapley,marginal
26,1011,3,0.2000000029802322,-0.4324633479118347,0.2110377252101898,0.0240131765604019,32.0,0.0,1.0,0.0098797669634222,0,0.0,69,1,2,shapley-20260606T031710Z-f1b11b8e,shapley,marginal
27,11011,4,0.4000000059604645,-0.252429187297821,0.0724579095840454,0.0087374150753021,32.0,0.0,1.0,0.0117126833647489,0,0.0,69,1,2,shapley-20260606T031710Z-f1b11b8e,shapley,marginal
28,111,3,0.2000000029802322,-1.1206862926483154,1.4191139936447144,0.1631761789321899,96.0,32.0,0.6666666865348816,0.0241475589573383,64,0.0,69,1,2,shapley-20260606T031710Z-f1b11b8e,shapley,marginal
29,10111,4,0.4000000059604645,-0.9114720225334167,0.9867647886276244,0.155983567237854,32.0,0.0,1.0,0.0462632961571216,0,0.0,69,1,2,shapley-20260606T031710Z-f1b11b8e,shapley,marginal
30,1111,4,0.4000000059604645,-0.1378024220466613,0.0352520383894443,0.0162625312805175,64.0,32.0,0.5,0.0156150683760643,32,0.0,69,1,2,shapley-20260606T031710Z-f1b11b8e,shapley,marginal
31,11111,5,1.0,0.0,0.0,0.0,32.0,0.0,1.0,0.0010000000474974,0,0.0,69,1,2,shapley-20260606T031710Z-f1b11b8e,shapley,marginal
0,0,0,1.0,-1.5821375846862793,2.976663589477539,0.4735043048858642,256.0,256.0,0.5555555820465088,0.1757066547870636,320,0.0,89,2,3,shapley-20260606T031710Z-f1b11b8e,shapley,marginal
1,10000,1,0.4000000059604645,-1.550426721572876,2.882530689239502,0.4787075519561767,256.0,64.0,0.7777777910232544,0.0712655782699585,224,0.0,89,2,3,shapley-20260606T031710Z-f1b11b8e,shapley,marginal
2,1000,1,0.4000000059604645,-0.6635392904281616,0.553421139717102,0.113136738538742,32.0,0.0,1.0,0.0351593270897865,0,0.0,89,2,3,shapley-20260606T031710Z-f1b11b8e,shapley,marginal
3,11000,2,0.2000000029802322,-0.5061907172203064,0.3114889860153198,0.0552599430084228,96.0,32.0,0.6666666865348816,0.0129366563633084,0,0.0,89,2,3,shapley-20260606T031710Z-f1b11b8e,shapley,marginal
4,100,1,0.4000000059604645,-1.4098045825958252,2.3622794151306152,0.3747304677963257,256.0,128.0,0.5555555820465088,0.063168004155159,160,0.0,89,2,3,shapley-20260606T031710Z-f1b11b8e,shapley,marginal
5,10100,2,0.2000000029802322,-1.2770469188690186,1.9617955684661863,0.330946683883667,160.0,128.0,0.2000000029802322,0.0302116777747869,32,0.0,89,2,3,shapley-20260606T031710Z-f1b11b8e,shapley,marginal
6,1100,2,0.2000000029802322,-0.3898349404335022,0.1999589502811432,0.0479876697063446,32.0,0.0,1.0,0.0121235223487019,0,0.0,89,2,3,shapley-20260606T031710Z-f1b11b8e,shapley,marginal
7,11100,3,0.2000000029802322,-0.280354231595993,0.1093026250600814,0.0307041332125663,32.0,0.0,1.0,0.0098976613953709,0,0.0,89,2,3,shapley-20260606T031710Z-f1b11b8e,shapley,marginal
8,10,1,0.4000000059604645,-1.468302607536316,2.5801103115081787,0.4241976737976074,96.0,64.0,0.3333333432674408,0.0671441853046417,32,0.0,89,2,3,shapley-20260606T031710Z-f1b11b8e,shapley,marginal
9,10010,2,0.2000000029802322,-1.2739545106887815,1.890242338180542,0.2672822475433349,128.0,96.0,0.25,0.0272520091384649,32,0.0,89,2,3,shapley-20260606T031710Z-f1b11b8e,shapley,marginal
10,1010,2,0.2000000029802322,-0.4856392741203308,0.337660551071167,0.1018150448799133,64.0,32.0,0.5,0.0172025524079799,0,0.0,89,2,3,shapley-20260606T031710Z-f1b11b8e,shapley,marginal
11,11010,3,0.2000000029802322,-0.3947594463825226,0.194545492529869,0.0387104749679565,64.0,32.0,0.5,0.01099060382694,0,0.0,89,2,3,shapley-20260606T031710Z-f1b11b8e,shapley,marginal
12,110,2,0.2000000029802322,-1.2206246852874756,1.819217562675476,0.329292893409729,128.0,96.0,0.25,0.030138598755002,32,0.0,89,2,3,shapley-20260606T031710Z-f1b11b8e,shapley,marginal
13,10110,3,0.2000000029802322,-1.075987696647644,1.4318662881851196,0.2741167545318603,160.0,128.0,0.2000000029802322,0.0275855250656604,32,0.0,89,2,3,shapley-20260606T031710Z-f1b11b8e,shapley,marginal
14,1110,3,0.2000000029802322,-0.2682006955146789,0.1369193196296692,0.0649877041578292,96.0,32.0,0.6666666865348816,0.0139447329565882,0,0.0,89,2,3,shapley-20260606T031710Z-f1b11b8e,shapley,marginal
15,11110,4,0.4000000059604645,-0.1451373696327209,0.0498112775385379,0.0287464223802089,96.0,32.0,0.6666666865348816,0.0182186625897884,0,0.0,89,2,3,shapley-20260606T031710Z-f1b11b8e,shapley,marginal
16,1,1,0.4000000059604645,-1.495967149734497,2.7580363750457764,0.5201187133789062,256.0,128.0,0.6363636255264282,0.0742417499423027,224,0.0,89,2,3,shapley-20260606T031710Z-f1b11b8e,shapley,marginal
17,10001,2,0.2000000029802322,-1.417495608329773,2.3076701164245605,0.2983763217926025,160.0,128.0,0.2000000029802322,0.028737012296915,32,0.0,89,2,3,shapley-20260606T031710Z-f1b11b8e,shapley,marginal
18,1001,2,0.2000000029802322,-0.554573118686676,0.3702529072761535,0.0627015531063079,128.0,96.0,0.25,0.0137150073423981,32,0.0,89,2,3,shapley-20260606T031710Z-f1b11b8e,shapley,marginal
19,11001,3,0.2000000029802322,-0.4512295126914978,0.2624146938323974,0.0588066279888153,64.0,32.0,0.5,0.0133137581869959,32,0.0,89,2,3,shapley-20260606T031710Z-f1b11b8e,shapley,marginal
20,101,2,0.2000000029802322,-1.1869144439697266,1.769883155822754,0.3611172437667846,128.0,32.0,0.75,0.0315141715109348,0,0.0,89,2,3,shapley-20260606T031710Z-f1b11b8e,shapley,marginal
21,10101,3,0.2000000029802322,-1.1600329875946045,1.635329008102417,0.2896524667739868,160.0,96.0,0.4000000059604645,0.0283285174518823,64,0.0,89,2,3,shapley-20260606T031710Z-f1b11b8e,shapley,marginal
22,1101,3,0.2000000029802322,-0.3776323795318603,0.1939701735973358,0.0513639599084854,64.0,32.0,0.5,0.012508182786405,0,0.0,89,2,3,shapley-20260606T031710Z-f1b11b8e,shapley,marginal
23,11101,4,0.4000000059604645,-0.1968536972999572,0.062163345515728,0.0234119668602943,64.0,32.0,0.5,0.0165391210466623,32,0.0,89,2,3,shapley-20260606T031710Z-f1b11b8e,shapley,marginal
24,11,2,0.2000000029802322,-1.397938847541809,2.3393733501434326,0.3851402997970581,128.0,64.0,0.5,0.0325127951800823,64,0.0,89,2,3,shapley-20260606T031710Z-f1b11b8e,shapley,marginal
25,10011,3,0.2000000029802322,-1.0587882995605469,1.2461330890655518,0.1251003742218017,64.0,32.0,0.5,0.0189600177109241,0,0.0,89,2,3,shapley-20260606T031710Z-f1b11b8e,shapley,marginal
26,1011,3,0.2000000029802322,-0.3967991769313812,0.1840847730636596,0.0266351848840713,64.0,32.0,0.5,0.0092871533706784,32,0.0,89,2,3,shapley-20260606T031710Z-f1b11b8e,shapley,marginal
27,11011,4,0.4000000059604645,-0.2559898495674133,0.0759679898619651,0.0104371830821037,64.0,32.0,0.5,0.0113752642646431,32,0.0,89,2,3,shapley-20260606T031710Z-f1b11b8e,shapley,marginal
28,111,3,0.2000000029802322,-1.104771614074707,1.3971986770629885,0.1766782999038696,128.0,96.0,0.25,0.0223436690866947,32,0.0,89,2,3,shapley-20260606T031710Z-f1b11b8e,shapley,marginal
29,10111,4,0.4000000059604645,-0.968877911567688,1.172656536102295,0.2339321374893188,64.0,32.0,0.5,0.050119325518608,32,0.0,89,2,3,shapley-20260606T031710Z-f1b11b8e,shapley,marginal
30,1111,4,0.4000000059604645,-0.1324868351221084,0.0305058248341083,0.0129530634731054,192.0,64.0,0.6666666865348816,0.0125582925975322,128,0.0,89,2,3,shapley-20260606T031710Z-f1b11b8e,shapley,marginal
31,11111,5,1.0,0.0,0.0,0.0,32.0,0.0,1.0,0.0010000000474974,0,0.0,89,2,3,shapley-20260606T031710Z-f1b11b8e,shapley,marginal
0,0,0,1.0,-1.7105793952941897,3.760353088378906,0.8342711925506592,256.0,256.0,0.5,0.1848798543214798,256,0.0,109,3,4,shapley-20260606T031710Z-f1b11b8e,shapley,marginal
1,10000,1,0.4000000059604645,-1.5774458646774292,3.0667595863342285,0.5784242153167725,256.0,256.0,0.2000000029802322,0.062244027853012,64,0.0,109,3,4,shapley-20260606T031710Z-f1b11b8e,shapley,marginal
2,1000,1,0.4000000059604645,-0.8865675926208496,1.10598623752594,0.3199841380119324,96.0,32.0,0.6666666865348816,0.0465517155826091,64,0.0,109,3,4,shapley-20260606T031710Z-f1b11b8e,shapley,marginal
3,11000,2,0.2000000029802322,-0.5447034239768982,0.3931054174900055,0.0964035987854003,128.0,96.0,0.25,0.0135013572871685,32,0.0,109,3,4,shapley-20260606T031710Z-f1b11b8e,shapley,marginal
4,100,1,0.4000000059604645,-1.5075483322143557,2.827975273132324,0.5552732944488525,256.0,256.0,0.2000000029802322,0.0610058940947055,64,0.0,109,3,4,shapley-20260606T031710Z-f1b11b8e,shapley,marginal
5,10100,2,0.2000000029802322,-1.328640341758728,2.225909471511841,0.4606243371963501,192.0,160.0,0.1666666716337204,0.0283264983445405,32,0.0,109,3,4,shapley-20260606T031710Z-f1b11b8e,shapley,marginal
6,1100,2,0.2000000029802322,-0.3898349404335022,0.1999589502811432,0.0479876697063446,32.0,0.0,1.0,0.0098201381042599,0,0.0,109,3,4,shapley-20260606T031710Z-f1b11b8e,shapley,marginal
7,11100,3,0.2000000029802322,-0.328119695186615,0.1749945878982544,0.0673320516943931,64.0,32.0,0.5,0.0114477183669805,32,0.0,109,3,4,shapley-20260606T031710Z-f1b11b8e,shapley,marginal
8,10,1,0.4000000059604645,-1.622410535812378,3.4467148780822754,0.8144989013671875,224.0,96.0,0.5714285969734192,0.0736751183867454,128,0.0,109,3,4,shapley-20260606T031710Z-f1b11b8e,shapley,marginal
9,10010,2,0.2000000029802322,-1.315102219581604,2.096904754638672,0.3674108982086181,160.0,128.0,0.2000000029802322,0.0254054348915815,32,0.0,109,3,4,shapley-20260606T031710Z-f1b11b8e,shapley,marginal
10,1010,2,0.2000000029802322,-0.4856392741203308,0.337660551071167,0.1018150448799133,64.0,32.0,0.5,0.0138474376872181,0,0.0,109,3,4,shapley-20260606T031710Z-f1b11b8e,shapley,marginal
11,11010,3,0.2000000029802322,-0.3947594463825226,0.194545492529869,0.0387104749679565,64.0,32.0,0.5,0.0089218160137534,0,0.0,109,3,4,shapley-20260606T031710Z-f1b11b8e,shapley,marginal
12,110,2,0.2000000029802322,-1.2170007228851318,1.85435163974762,0.3732608556747436,160.0,128.0,0.2000000029802322,0.0255989599972963,32,0.0,109,3,4,shapley-20260606T031710Z-f1b11b8e,shapley,marginal
13,10110,3,0.2000000029802322,-1.279044270515442,2.334794044494629,0.6988397836685181,224.0,160.0,0.2857142984867096,0.0346588529646396,64,0.0,109,3,4,shapley-20260606T031710Z-f1b11b8e,shapley,marginal
14,1110,3,0.2000000029802322,-0.2682006955146789,0.1369193196296692,0.0649877041578292,96.0,32.0,0.6666666865348816,0.0112642245367169,0,0.0,109,3,4,shapley-20260606T031710Z-f1b11b8e,shapley,marginal
15,11110,4,0.4000000059604645,-0.1451373696327209,0.0498112775385379,0.0287464223802089,96.0,32.0,0.6666666865348816,0.0146531369537115,0,0.0,109,3,4,shapley-20260606T031710Z-f1b11b8e,shapley,marginal
16,1,1,0.4000000059604645,-1.6928117275238037,3.853948593139648,0.9883370399475098,256.0,256.0,0.4666666686534881,0.0810558497905731,224,0.0,109,3,4,shapley-20260606T031710Z-f1b11b8e,shapley,marginal
17,10001,2,0.2000000029802322,-1.417495608329773,2.3076701164245605,0.2983763217926025,160.0,128.0,0.2000000029802322,0.0229934174567461,0,0.0,109,3,4,shapley-20260606T031710Z-f1b11b8e,shapley,marginal
18,1001,2,0.2000000029802322,-0.5767898559570312,0.4111275672912597,0.0784410238265991,160.0,128.0,0.2000000029802322,0.0122767044231295,32,0.0,109,3,4,shapley-20260606T031710Z-f1b11b8e,shapley,marginal
19,11001,3,0.2000000029802322,-0.4512295126914978,0.2624146938323974,0.0588066279888153,64.0,32.0,0.5,0.0107639078050851,0,0.0,109,3,4,shapley-20260606T031710Z-f1b11b8e,shapley,marginal
20,101,2,0.2000000029802322,-1.3865137100219729,2.563054323196411,0.6406340599060059,256.0,128.0,0.5,0.0332266762852668,128,0.0,109,3,4,shapley-20260606T031710Z-f1b11b8e,shapley,marginal
21,10101,3,0.2000000029802322,-1.1962454319000244,1.7615896463394165,0.3305865526199341,192.0,160.0,0.1666666716337204,0.0241501126438379,32,0.0,109,3,4,shapley-20260606T031710Z-f1b11b8e,shapley,marginal
22,1101,3,0.2000000029802322,-0.3804504871368408,0.2117476165294647,0.0670050382614135,96.0,64.0,0.3333333432674408,0.0114223174750804,32,0.0,109,3,4,shapley-20260606T031710Z-f1b11b8e,shapley,marginal
23,11101,4,0.4000000059604645,-0.1968536972999572,0.062163345515728,0.0234119668602943,64.0,32.0,0.5,0.0133213829249143,0,0.0,109,3,4,shapley-20260606T031710Z-f1b11b8e,shapley,marginal
24,11,2,0.2000000029802322,-1.4442107677459717,2.6586928367614746,0.5729479789733887,224.0,128.0,0.4285714328289032,0.0314767137169837,96,0.0,109,3,4,shapley-20260606T031710Z-f1b11b8e,shapley,marginal
25,10011,3,0.2000000029802322,-1.0587882995605469,1.2461330890655518,0.1251003742218017,64.0,32.0,0.5,0.015240978449583,0,0.0,109,3,4,shapley-20260606T031710Z-f1b11b8e,shapley,marginal
26,1011,3,0.2000000029802322,-0.3967991769313812,0.1840847730636596,0.0266351848840713,64.0,32.0,0.5,0.0075711049139499,0,0.0,109,3,4,shapley-20260606T031710Z-f1b11b8e,shapley,marginal
27,11011,4,0.4000000059604645,-0.2559898495674133,0.0759679898619651,0.0104371830821037,64.0,32.0,0.5,0.0092268241569399,0,0.0,109,3,4,shapley-20260606T031710Z-f1b11b8e,shapley,marginal
28,111,3,0.2000000029802322,-1.2892179489135742,2.182626485824585,0.5205435752868652,256.0,128.0,0.5,0.0300495270639657,128,0.0,109,3,4,shapley-20260606T031710Z-f1b11b8e,shapley,marginal
29,10111,4,0.4000000059604645,-1.2746224403381348,2.1661713123321533,0.5415089130401611,192.0,64.0,0.6666666865348816,0.0602574981749057,128,0.0,109,3,4,shapley-20260606T031710Z-f1b11b8e,shapley,marginal
30,1111,4,0.4000000059604645,-0.1324868351221084,0.0305058248341083,0.0129530634731054,192.0,64.0,0.6666666865348816,0.0101648792624473,0,0.0,109,3,4,shapley-20260606T031710Z-f1b11b8e,shapley,marginal
31,11111,5,1.0,0.0,0.0,0.0,32.0,0.0,1.0,0.0010000000474974,0,0.0,109,3,4,shapley-20260606T031710Z-f1b11b8e,shapley,marginal
0,0,0,1.0,-1.7650264501571655,4.002520561218262,0.887202262878418,256.0,256.0,0.6190476417541504,0.1864514499902725,416,0.0,129,4,5,shapley-20260606T031710Z-f1b11b8e,shapley,marginal
1,10000,1,0.4000000059604645,-1.615108847618103,3.2451510429382324,0.6365745067596436,256.0,256.0,0.2000000029802322,0.0638352781534195,64,0.0,129,4,5,shapley-20260606T031710Z-f1b11b8e,shapley,marginal
2,1000,1,0.4000000059604645,-0.8823249936103821,1.0730195045471191,0.2945221066474914,160.0,96.0,0.4000000059604645,0.0437403246760368,64,0.0,129,4,5,shapley-20260606T031710Z-f1b11b8e,shapley,marginal
3,11000,2,0.2000000029802322,-0.5447034239768982,0.3931054174900055,0.0964035987854003,128.0,96.0,0.25,0.0132263135164976,0,0.0,129,4,5,shapley-20260606T031710Z-f1b11b8e,shapley,marginal
4,100,1,0.4000000059604645,-1.5556237697601318,3.0215892791748047,0.6016240119934082,256.0,256.0,0.2727272808551788,0.0620859637856483,96,0.0,129,4,5,shapley-20260606T031710Z-f1b11b8e,shapley,marginal
5,10100,2,0.2000000029802322,-1.346165657043457,2.2901716232299805,0.4780097007751465,256.0,192.0,0.4000000059604645,0.0282249618321657,128,0.0,129,4,5,shapley-20260606T031710Z-f1b11b8e,shapley,marginal
6,1100,2,0.2000000029802322,-0.3898349404335022,0.1999589502811432,0.0479876697063446,32.0,0.0,1.0,0.0096260849386453,0,0.0,129,4,5,shapley-20260606T031710Z-f1b11b8e,shapley,marginal
7,11100,3,0.2000000029802322,-0.3341149091720581,0.1830911040306091,0.0714583322405815,96.0,64.0,0.3333333432674408,0.0115262893959879,32,0.0,129,4,5,shapley-20260606T031710Z-f1b11b8e,shapley,marginal
8,10,1,0.4000000059604645,-1.6481869220733645,3.527750253677368,0.8112301826477051,256.0,224.0,0.2222222238779068,0.0719334259629249,64,0.0,129,4,5,shapley-20260606T031710Z-f1b11b8e,shapley,marginal
9,10010,2,0.2000000029802322,-1.3962254524230957,2.4313340187072754,0.4818885326385498,192.0,160.0,0.1666666716337204,0.0283351950347423,32,0.0,129,4,5,shapley-20260606T031710Z-f1b11b8e,shapley,marginal
10,1010,2,0.2000000029802322,-0.4856392741203308,0.337660551071167,0.1018150448799133,64.0,32.0,0.5,0.0135647803544998,0,0.0,129,4,5,shapley-20260606T031710Z-f1b11b8e,shapley,marginal
11,11010,3,0.2000000029802322,-0.3947594463825226,0.194545492529869,0.0387104749679565,64.0,32.0,0.5,0.0087475273758172,0,0.0,129,4,5,shapley-20260606T031710Z-f1b11b8e,shapley,marginal
12,110,2,0.2000000029802322,-1.2377620935440063,1.9691227674484253,0.4370677471160888,192.0,160.0,0.1666666716337204,0.0270329434424638,32,0.0,129,4,5,shapley-20260606T031710Z-f1b11b8e,shapley,marginal
13,10110,3,0.2000000029802322,-1.3660486936569214,2.5442957878112797,0.6782068014144897,256.0,224.0,0.3636363744735718,0.0334287323057651,128,0.0,129,4,5,shapley-20260606T031710Z-f1b11b8e,shapley,marginal
14,1110,3,0.2000000029802322,-0.2851836085319519,0.1838216185569763,0.1024919301271438,160.0,96.0,0.4000000059604645,0.0136064765974879,64,0.0,129,4,5,shapley-20260606T031710Z-f1b11b8e,shapley,marginal
15,11110,4,0.4000000059604645,-0.1451373696327209,0.0498112775385379,0.0287464223802089,96.0,32.0,0.6666666865348816,0.0143527518957853,0,0.0,129,4,5,shapley-20260606T031710Z-f1b11b8e,shapley,marginal
16,1,1,0.4000000059604645,-1.6794991493225098,3.7539584636688232,0.9332411289215088,256.0,256.0,0.2727272808551788,0.0770809352397918,96,0.0,129,4,5,shapley-20260606T031710Z-f1b11b8e,shapley,marginal
17,10001,2,0.2000000029802322,-1.417495608329773,2.3076701164245605,0.2983763217926025,160.0,128.0,0.2000000029802322,0.0225095394998788,0,0.0,129,4,5,shapley-20260606T031710Z-f1b11b8e,shapley,marginal
18,1001,2,0.2000000029802322,-0.5813877582550049,0.4208153486251831,0.0828036367893219,192.0,160.0,0.1666666716337204,0.0123311392962932,32,0.0,129,4,5,shapley-20260606T031710Z-f1b11b8e,shapley,marginal
19,11001,3,0.2000000029802322,-0.4512295126914978,0.2624146938323974,0.0588066279888153,64.0,32.0,0.5,0.0105490908026695,0,0.0,129,4,5,shapley-20260606T031710Z-f1b11b8e,shapley,marginal
20,101,2,0.2000000029802322,-1.415040373802185,2.6400809288024902,0.6377415657043457,256.0,256.0,0.1111111119389534,0.0324464216828346,32,0.0,129,4,5,shapley-20260606T031710Z-f1b11b8e,shapley,marginal
21,10101,3,0.2000000029802322,-1.233467698097229,1.924423694610596,0.402981162071228,224.0,192.0,0.1428571492433548,0.0259971935302019,32,0.0,129,4,5,shapley-20260606T031710Z-f1b11b8e,shapley,marginal
22,1101,3,0.2000000029802322,-0.3807705640792846,0.2201782763004303,0.0751920491456985,128.0,96.0,0.25,0.0117977885529398,32,0.0,129,4,5,shapley-20260606T031710Z-f1b11b8e,shapley,marginal
23,11101,4,0.4000000059604645,-0.1968536972999572,0.062163345515728,0.0234119668602943,64.0,32.0,0.5,0.0130502991378307,0,0.0,129,4,5,shapley-20260606T031710Z-f1b11b8e,shapley,marginal
24,11,2,0.2000000029802322,-1.4669368267059326,2.744662284851074,0.5927586555480957,256.0,224.0,0.2222222238779068,0.0313171111047267,64,0.0,129,4,5,shapley-20260606T031710Z-f1b11b8e,shapley,marginal
25,10011,3,0.2000000029802322,-1.0587882995605469,1.2461330890655518,0.1251003742218017,64.0,32.0,0.5,0.0149276601150631,0,0.0,129,4,5,shapley-20260606T031710Z-f1b11b8e,shapley,marginal
26,1011,3,0.2000000029802322,-0.3967991769313812,0.1840847730636596,0.0266351848840713,64.0,32.0,0.5,0.0074265333823859,0,0.0,129,4,5,shapley-20260606T031710Z-f1b11b8e,shapley,marginal
27,11011,4,0.4000000059604645,-0.2559898495674133,0.0759679898619651,0.0104371830821037,64.0,32.0,0.5,0.0090458253398537,0,0.0,129,4,5,shapley-20260606T031710Z-f1b11b8e,shapley,marginal
28,111,3,0.2000000029802322,-1.370582103729248,2.508908033370972,0.6304126977920532,256.0,256.0,0.2727272808551788,0.0322652123868465,96,0.0,129,4,5,shapley-20260606T031710Z-f1b11b8e,shapley,marginal
29,10111,4,0.4000000059604645,-1.2570337057113647,2.118114471435547,0.5379806756973267,256.0,192.0,0.25,0.0587646551430225,64,0.0,129,4,5,shapley-20260606T031710Z-f1b11b8e,shapley,marginal
30,1111,4,0.4000000059604645,-0.1288295984268188,0.0290037170052528,0.012406650930643,224.0,192.0,0.1428571492433548,0.0097721517086029,32,0.0,129,4,5,shapley-20260606T031710Z-f1b11b8e,shapley,marginal
31,11111,5,1.0,0.0,0.0,0.0,32.0,0.0,1.0,0.0010000000474974,0,0.0,129,4,5,shapley-20260606T031710Z-f1b11b8e,shapley,marginal
0,0,0,1.0,-1.799614667892456,4.240577697753906,1.001964807510376,256.0,249.36148071289065,0.5853384733200073,0.1835555136203766,352,0.0259316914899137,169,5,6,shapley-20260606T031710Z-f1b11b8e,shapley,marginal
1,10000,1,0.4000000059604645,-1.6603891849517822,3.5617923736572266,0.8049001693725586,256.0,249.36148071289065,0.3908526003360748,0.0664485022425651,160,0.0259316914899137,169,5,6,shapley-20260606T031710Z-f1b11b8e,shapley,marginal
2,1000,1,0.4000000059604645,-0.9238772392272948,1.1799372434616089,0.3263880610466003,219.85092163085935,155.85092163085938,0.2911063432693481,0.0426769405603408,64,0.0259316914899137,169,5,6,shapley-20260606T031710Z-f1b11b8e,shapley,marginal
3,11000,2,0.2000000029802322,-0.6292872428894043,0.5785722732543945,0.1825698316097259,156.6807403564453,124.68074035644533,0.2042369693517685,0.0165852289646863,32,0.0259316914899137,169,5,6,shapley-20260606T031710Z-f1b11b8e,shapley,marginal
4,100,1,0.4000000059604645,-1.6337497234344482,3.4468488693237305,0.7777106761932373,256.0,249.36148071289065,0.3391973078250885,0.0653335824608802,128,0.0259316914899137,169,5,6,shapley-20260606T031710Z-f1b11b8e,shapley,marginal
5,10100,2,0.2000000029802322,-1.3797603845596311,2.4024817943573,0.4987430572509765,256.0,249.36148071289065,0.1137326955795288,0.0267594829201698,32,0.0259316914899137,169,5,6,shapley-20260606T031710Z-f1b11b8e,shapley,marginal
6,1100,2,0.2000000029802322,-0.4393660724163055,0.2708602547645569,0.0778177082538604,63.17018508911133,31.170185089111328,0.5065680742263794,0.011175082065165,32,0.0259316914899137,169,5,6,shapley-20260606T031710Z-f1b11b8e,shapley,marginal
7,11100,3,0.2000000029802322,-0.3422646522521972,0.1926736384630203,0.075528547167778,125.51055908203124,93.51055908203124,0.2549586296081543,0.0110243055969476,32,0.0259316914899137,169,5,6,shapley-20260606T031710Z-f1b11b8e,shapley,marginal
8,10,1,0.4000000059604645,-1.6777971982955933,3.692953109741211,0.8779497146606445,256.0,249.36148071289065,0.1137326955795288,0.0693539381027221,32,0.0259316914899137,169,5,6,shapley-20260606T031710Z-f1b11b8e,shapley,marginal
9,10010,2,0.2000000029802322,-1.4541034698486328,2.7656466960906982,0.6512298583984375,219.0211181640625,187.0211181640625,0.146104633808136,0.0304351206868886,32,0.0259316914899137,169,5,6,shapley-20260606T031710Z-f1b11b8e,shapley,marginal
10,1010,2,0.2000000029802322,-0.5861451029777527,0.4763563871383667,0.1327902972698211,126.34037017822266,62.340370178222656,0.5065680742263794,0.0142917409539222,64,0.0259316914899137,169,5,6,shapley-20260606T031710Z-f1b11b8e,shapley,marginal
11,11010,3,0.2000000029802322,-0.3947594463825226,0.194545492529869,0.0387104749679565,64.0,32.0,0.5,0.0081765037029981,0,0.0259316914899137,169,5,6,shapley-20260606T031710Z-f1b11b8e,shapley,marginal
12,110,2,0.2000000029802322,-1.3663630485534668,2.470997810363769,0.604049801826477,251.0211181640625,187.0211181640625,0.2549586296081543,0.0293488260358572,64,0.0259316914899137,169,5,6,shapley-20260606T031710Z-f1b11b8e,shapley,marginal
13,10110,3,0.2000000029802322,-1.3660486936569214,2.5442957878112797,0.6782068014144897,256.0,224.0,0.3636363744735718,0.0310386084020137,0,0.0259316914899137,169,5,6,shapley-20260606T031710Z-f1b11b8e,shapley,marginal
14,1110,3,0.2000000029802322,-0.2851836085319519,0.1838216185569763,0.1024919301271438,160.0,96.0,0.4000000059604645,0.0126773305237293,0,0.0259316914899137,169,5,6,shapley-20260606T031710Z-f1b11b8e,shapley,marginal
15,11110,4,0.4000000059604645,-0.1342582255601883,0.0442355647683143,0.0262102931737899,125.51055908203124,93.51055908203124,0.2549586296081543,0.0128104016184806,32,0.0259316914899137,169,5,6,shapley-20260606T031710Z-f1b11b8e,shapley,marginal
16,1,1,0.4000000059604645,-1.6813753843307495,3.721806526184082,0.8947832584381104,256.0,249.36148071289065,0.1137326955795288,0.0700061172246933,32,0.0259316914899137,169,5,6,shapley-20260606T031710Z-f1b11b8e,shapley,marginal
17,10001,2,0.2000000029802322,-1.417495608329773,2.3076701164245605,0.2983763217926025,160.0,128.0,0.2000000029802322,0.0209242012351751,0,0.0259316914899137,169,5,6,shapley-20260606T031710Z-f1b11b8e,shapley,marginal
18,1001,2,0.2000000029802322,-0.5813877582550049,0.4208153486251831,0.0828036367893219,192.0,160.0,0.1666666716337204,0.0114959897473454,0,0.0259316914899137,169,5,6,shapley-20260606T031710Z-f1b11b8e,shapley,marginal
19,11001,3,0.2000000029802322,-0.4663497805595398,0.2911649942398071,0.0736828744411468,94.34037017822266,62.340370178222656,0.3391973078250885,0.0109010674059391,32,0.0259316914899137,169,5,6,shapley-20260606T031710Z-f1b11b8e,shapley,marginal
20,101,2,0.2000000029802322,-1.439677119255066,2.670830249786377,0.5981600284576416,256.0,249.36148071289065,0.2042369693517685,0.0292102806270122,64,0.0259316914899137,169,5,6,shapley-20260606T031710Z-f1b11b8e,shapley,marginal
21,10101,3,0.2000000029802322,-1.2613064050674438,2.046907901763916,0.4560140371322632,250.19129943847656,218.19129943847656,0.1279021352529525,0.0256313271820545,32,0.0259316914899137,169,5,6,shapley-20260606T031710Z-f1b11b8e,shapley,marginal
22,1101,3,0.2000000029802322,-0.4241248667240143,0.2929891049861908,0.1131072044372558,156.6807403564453,124.68074035644533,0.2042369693517685,0.0132671548053622,32,0.0259316914899137,169,5,6,shapley-20260606T031710Z-f1b11b8e,shapley,marginal
23,11101,4,0.4000000059604645,-0.1968536972999572,0.062163345515728,0.0234119668602943,64.0,32.0,0.5,0.0121621452271938,0,0.0259316914899137,169,5,6,shapley-20260606T031710Z-f1b11b8e,shapley,marginal
24,11,2,0.2000000029802322,-1.5381101369857788,3.057725667953491,0.6919429302215576,256.0,249.36148071289065,0.2042369693517685,0.0313412770628929,64,0.0259316914899137,169,5,6,shapley-20260606T031710Z-f1b11b8e,shapley,marginal
25,10011,3,0.2000000029802322,-1.401953935623169,2.6586151123046875,0.6931402683258057,126.34037017822266,62.340370178222656,0.5065680742263794,0.0313675142824649,64,0.0259316914899137,169,5,6,shapley-20260606T031710Z-f1b11b8e,shapley,marginal
26,1011,3,0.2000000029802322,-0.4081763029098511,0.205725148320198,0.0391172468662261,94.34037017822266,62.340370178222656,0.3391973078250885,0.0082141114398837,32,0.0259316914899137,169,5,6,shapley-20260606T031710Z-f1b11b8e,shapley,marginal
27,11011,4,0.4000000059604645,-0.2559898495674133,0.0759679898619651,0.0104371830821037,64.0,32.0,0.5,0.0084528159350156,0,0.0259316914899137,169,5,6,shapley-20260606T031710Z-f1b11b8e,shapley,marginal
28,111,3,0.2000000029802322,-1.4001643657684326,2.6168923377990723,0.656432032585144,256.0,249.36148071289065,0.277969628572464,0.0305524580180645,96,0.0259316914899137,169,5,6,shapley-20260606T031710Z-f1b11b8e,shapley,marginal
29,10111,4,0.4000000059604645,-1.2783764600753784,2.176275491714477,0.5420291423797607,256.0,249.36148071289065,0.1137326955795288,0.0547081232070922,32,0.0259316914899137,169,5,6,shapley-20260606T031710Z-f1b11b8e,shapley,marginal
30,1111,4,0.4000000059604645,-0.1269494146108627,0.0283667184412479,0.0122505649924278,256.0,218.19129943847656,0.2267965078353881,0.0090743359178304,64,0.0259316914899137,169,5,6,shapley-20260606T031710Z-f1b11b8e,shapley,marginal
31,11111,5,1.0,0.0,0.0,0.0,32.0,0.0,1.0,0.0010000000474974,0,0.0259316914899137,169,5,6,shapley-20260606T031710Z-f1b11b8e,shapley,marginal
0,0,0,1.0,-0.8390581011772156,0.8909454345703125,0.1869269609451294,32.0,0.0,1.0,0.1584111303091049,32,0.0,49,0,1,shapley-20260606T031734Z-f3a2858c,shapley,conditional
1,10000,1,0.4000000059604645,-1.0694540739059448,1.4497284889221191,0.3059964179992676,32.0,0.0,1.0,0.0815596655011177,32,0.0,49,0,1,shapley-20260606T031734Z-f3a2858c,shapley,conditional
2,1000,1,0.4000000059604645,-0.3886472582817077,0.1808316260576248,0.029784932732582,32.0,0.0,1.0,0.0261337794363498,32,0.0,49,0,1,shapley-20260606T031734Z-f3a2858c,shapley,conditional
3,11000,2,0.2000000029802322,-0.3025187253952026,0.1160905212163925,0.0245729386806488,32.0,0.0,1.0,0.0124145299196243,32,0.0,49,0,1,shapley-20260606T031734Z-f3a2858c,shapley,conditional
4,100,1,0.4000000059604645,-0.6543079614639282,0.5582556128501892,0.1301366984844207,32.0,0.0,1.0,0.0535362884402275,32,0.0,49,0,1,shapley-20260606T031734Z-f3a2858c,shapley,conditional
5,10100,2,0.2000000029802322,-0.7282589673995972,0.6729735136032104,0.1426123976707458,32.0,0.0,1.0,0.0284984447062015,32,0.0,49,0,1,shapley-20260606T031734Z-f3a2858c,shapley,conditional
6,1100,2,0.2000000029802322,-0.2850992679595947,0.1075488254427909,0.0262672305107116,32.0,0.0,1.0,0.0128014851361513,32,0.0,49,0,1,shapley-20260606T031734Z-f3a2858c,shapley,conditional
7,11100,3,0.2000000029802322,-0.1578683406114578,0.0399484112858772,0.0150259975343942,32.0,0.0,1.0,0.0099258814007043,32,0.0,49,0,1,shapley-20260606T031734Z-f3a2858c,shapley,conditional
8,10,1,0.4000000059604645,-0.7423994541168213,0.6735799908638,0.1224230527877807,32.0,0.0,1.0,0.0519554987549781,32,0.0,49,0,1,shapley-20260606T031734Z-f3a2858c,shapley,conditional
9,10010,2,0.2000000029802322,-0.9173210859298706,0.9872999787330629,0.145821988582611,32.0,0.0,1.0,0.0288061592727899,32,0.0,49,0,1,shapley-20260606T031734Z-f3a2858c,shapley,conditional
10,1010,2,0.2000000029802322,-0.3163740038871765,0.1265017092227935,0.026409201323986,32.0,0.0,1.0,0.012833334505558,32,0.0,49,0,1,shapley-20260606T031734Z-f3a2858c,shapley,conditional
11,11010,3,0.2000000029802322,-0.2013972848653793,0.0514692105352878,0.0109083428978919,32.0,0.0,1.0,0.0086051691323518,32,0.0,49,0,1,shapley-20260606T031734Z-f3a2858c,shapley,conditional
12,110,2,0.2000000029802322,-0.6267328858375549,0.5253080129623413,0.1325139105319976,32.0,0.0,1.0,0.0275069773197174,32,0.0,49,0,1,shapley-20260606T031734Z-f3a2858c,shapley,conditional
13,10110,3,0.2000000029802322,-0.5959346294403076,0.482899397611618,0.1277613043785095,32.0,0.0,1.0,0.0270273014903068,32,0.0,49,0,1,shapley-20260606T031734Z-f3a2858c,shapley,conditional
14,1110,3,0.2000000029802322,-0.0511665306985378,0.0092739406973123,0.0066559268161654,32.0,0.0,1.0,0.0069406470283865,32,0.0,49,0,1,shapley-20260606T031734Z-f3a2858c,shapley,conditional
15,11110,4,0.4000000059604645,-0.0051137176342308,0.0006386194727383,0.0006124693900346,32.0,0.0,1.0,0.0046041402965784,32,0.0,49,0,1,shapley-20260606T031734Z-f3a2858c,shapley,conditional
16,1,1,0.4000000059604645,-1.0042823553085327,1.2458096742630005,0.2372266054153442,32.0,0.0,1.0,0.0719318389892578,32,0.0,49,0,1,shapley-20260606T031734Z-f3a2858c,shapley,conditional
17,10001,2,0.2000000029802322,-1.0676758289337158,1.516716241836548,0.3767845630645752,32.0,0.0,1.0,0.0456967577338218,32,0.0,49,0,1,shapley-20260606T031734Z-f3a2858c,shapley,conditional
18,1001,2,0.2000000029802322,-0.3303280472755432,0.1473292410373687,0.0382126197218894,32.0,0.0,1.0,0.0152341946959495,32,0.0,49,0,1,shapley-20260606T031734Z-f3a2858c,shapley,conditional
19,11001,3,0.2000000029802322,-0.335595428943634,0.1421325504779815,0.0295082554221153,32.0,0.0,1.0,0.0135083850473165,32,0.0,49,0,1,shapley-20260606T031734Z-f3a2858c,shapley,conditional
20,101,2,0.2000000029802322,-0.6946606636047363,0.6617043018341064,0.1791508495807647,32.0,0.0,1.0,0.0318204462528228,32,0.0,49,0,1,shapley-20260606T031734Z-f3a2858c,shapley,conditional
21,10101,3,0.2000000029802322,-0.7853520512580872,0.7784070372581482,0.1616291999816894,32.0,0.0,1.0,0.0302744936197996,32,0.0,49,0,1,shapley-20260606T031734Z-f3a2858c,shapley,conditional
22,1101,3,0.2000000029802322,-0.1616220921278,0.0498439744114875,0.0237222742289304,32.0,0.0,1.0,0.0122152157127857,32,0.0,49,0,1,shapley-20260606T031734Z-f3a2858c,shapley,conditional
23,11101,4,0.4000000059604645,-0.157568871974945,0.0567734017968177,0.031945452094078,32.0,0.0,1.0,0.0270293913781642,32,0.0,49,0,1,shapley-20260606T031734Z-f3a2858c,shapley,conditional
24,11,2,0.2000000029802322,-0.7387966513633728,0.7961045503616333,0.2502840757369995,32.0,0.0,1.0,0.0374289043247699,32,0.0,49,0,1,shapley-20260606T031734Z-f3a2858c,shapley,conditional
25,10011,3,0.2000000029802322,-0.7824496030807495,0.7551314234733582,0.1429040431976318,32.0,0.0,1.0,0.028526546433568,32,0.0,49,0,1,shapley-20260606T031734Z-f3a2858c,shapley,conditional
26,1011,3,0.2000000029802322,-0.2266100347042083,0.0602584481239318,0.0089063420891761,32.0,0.0,1.0,0.0078719370067119,32,0.0,49,0,1,shapley-20260606T031734Z-f3a2858c,shapley,conditional
27,11011,4,0.4000000059604645,-0.2073143720626831,0.0576381459832191,0.014658898115158,32.0,0.0,1.0,0.018632348626852,32,0.0,49,0,1,shapley-20260606T031734Z-f3a2858c,shapley,conditional
28,111,3,0.2000000029802322,-0.5811119079589844,0.4963926076889038,0.1587015688419342,32.0,0.0,1.0,0.0300081558525562,32,0.0,49,0,1,shapley-20260606T031734Z-f3a2858c,shapley,conditional
29,10111,4,0.4000000059604645,-0.7120959758758545,0.7029529213905334,0.1958722472190857,32.0,0.0,1.0,0.0654534175992012,32,0.0,49,0,1,shapley-20260606T031734Z-f3a2858c,shapley,conditional
30,1111,4,0.4000000059604645,-0.0422266870737075,0.0072903074324131,0.0055072144605219,32.0,0.0,1.0,0.0118075059726834,32,0.0,49,0,1,shapley-20260606T031734Z-f3a2858c,shapley,conditional
31,11111,5,1.0,0.0,0.0,0.0,32.0,0.0,1.0,0.0010000000474974,32,0.0,49,0,1,shapley-20260606T031734Z-f3a2858c,shapley,conditional
0,0,0,1.0,-0.9172805547714232,1.1172603368759155,0.2758567333221435,256.0,32.0,0.8888888955116272,0.1811720579862594,256,0.0,69,1,2,shapley-20260606T031734Z-f3a2858c,shapley,conditional
1,10000,1,0.4000000059604645,-0.9123938083648682,1.0821762084960938,0.2497137188911438,160.0,32.0,0.800000011920929,0.0695688426494598,128,0.0,69,1,2,shapley-20260606T031734Z-f3a2858c,shapley,conditional
2,1000,1,0.4000000059604645,-0.3655341863632202,0.1727154850959777,0.039100244641304,160.0,32.0,0.800000011920929,0.0281328465789556,128,0.0,69,1,2,shapley-20260606T031734Z-f3a2858c,shapley,conditional
3,11000,2,0.2000000029802322,-0.3273126780986786,0.1355045437812805,0.0283709540963172,64.0,32.0,0.5,0.0125561356544494,32,0.0,69,1,2,shapley-20260606T031734Z-f3a2858c,shapley,conditional
4,100,1,0.4000000059604645,-0.7752708792686462,0.8465802669525146,0.2455353140830993,192.0,32.0,0.8333333134651184,0.068992756307125,160,0.0,69,1,2,shapley-20260606T031734Z-f3a2858c,shapley,conditional
5,10100,2,0.2000000029802322,-0.6681927442550659,0.562177300453186,0.1156957447528839,64.0,32.0,0.5,0.0243364255875349,32,0.0,69,1,2,shapley-20260606T031734Z-f3a2858c,shapley,conditional
6,1100,2,0.2000000029802322,-0.2345957159996032,0.0821308940649032,0.0270957425236701,64.0,32.0,0.5,0.0122934374958276,32,0.0,69,1,2,shapley-20260606T031734Z-f3a2858c,shapley,conditional
7,11100,3,0.2000000029802322,-0.1578683406114578,0.0399484112858772,0.0150259975343942,32.0,0.0,1.0,0.0094100255519151,0,0.0,69,1,2,shapley-20260606T031734Z-f3a2858c,shapley,conditional
8,10,1,0.4000000059604645,-0.8317614793777466,0.8985384702682495,0.2067112922668457,96.0,32.0,0.6666666865348816,0.0633860900998115,64,0.0,69,1,2,shapley-20260606T031734Z-f3a2858c,shapley,conditional
9,10010,2,0.2000000029802322,-0.8098684549331665,0.8484693765640259,0.1925824880599975,128.0,32.0,0.75,0.0311081483960151,96,0.0,69,1,2,shapley-20260606T031734Z-f3a2858c,shapley,conditional
10,1010,2,0.2000000029802322,-0.3163740038871765,0.1265017092227935,0.026409201323986,32.0,0.0,1.0,0.0121494466438889,0,0.0,69,1,2,shapley-20260606T031734Z-f3a2858c,shapley,conditional
11,11010,3,0.2000000029802322,-0.2013972848653793,0.0514692105352878,0.0109083428978919,32.0,0.0,1.0,0.0081656407564878,0,0.0,69,1,2,shapley-20260606T031734Z-f3a2858c,shapley,conditional
12,110,2,0.2000000029802322,-0.6051334142684937,0.4801405668258667,0.1139541268348693,64.0,32.0,0.5,0.0241601150482893,32,0.0,69,1,2,shapley-20260606T031734Z-f3a2858c,shapley,conditional
13,10110,3,0.2000000029802322,-0.581973135471344,0.484438419342041,0.1457456946372985,160.0,32.0,0.800000011920929,0.0271922927349805,128,0.0,69,1,2,shapley-20260606T031734Z-f3a2858c,shapley,conditional
14,1110,3,0.2000000029802322,-0.0511665306985378,0.0092739406973123,0.0066559268161654,32.0,0.0,1.0,0.0065973177552223,0,0.0,69,1,2,shapley-20260606T031734Z-f3a2858c,shapley,conditional
15,11110,4,0.4000000059604645,-0.0057108979672193,0.0008348936680704,0.000802279333584,64.0,32.0,0.5,0.0048865871503949,32,0.0,69,1,2,shapley-20260606T031734Z-f3a2858c,shapley,conditional
16,1,1,0.4000000059604645,-0.9571564197540284,1.1641349792480469,0.2479865550994873,96.0,32.0,0.6666666865348816,0.0693312957882881,64,0.0,69,1,2,shapley-20260606T031734Z-f3a2858c,shapley,conditional
17,10001,2,0.2000000029802322,-0.9139825105667114,1.1080763339996338,0.2727122902870178,64.0,32.0,0.5,0.0368284471333026,32,0.0,69,1,2,shapley-20260606T031734Z-f3a2858c,shapley,conditional
18,1001,2,0.2000000029802322,-0.3679615259170532,0.1857708990573883,0.0503752082586288,96.0,32.0,0.6666666865348816,0.0163987018167972,64,0.0,69,1,2,shapley-20260606T031734Z-f3a2858c,shapley,conditional
19,11001,3,0.2000000029802322,-0.335595428943634,0.1421325504779815,0.0295082554221153,32.0,0.0,1.0,0.0127854840829968,0,0.0,69,1,2,shapley-20260606T031734Z-f3a2858c,shapley,conditional
20,101,2,0.2000000029802322,-0.7275230884552002,0.7301314473152161,0.2008416056632995,64.0,32.0,0.5,0.0317469835281372,32,0.0,69,1,2,shapley-20260606T031734Z-f3a2858c,shapley,conditional
21,10101,3,0.2000000029802322,-0.7676455974578857,0.7794864177703857,0.1902066469192505,96.0,32.0,0.6666666865348816,0.0309218522161245,64,0.0,69,1,2,shapley-20260606T031734Z-f3a2858c,shapley,conditional
22,1101,3,0.2000000029802322,-0.1616220921278,0.0498439744114875,0.0237222742289304,32.0,0.0,1.0,0.0115670505911111,0,0.0,69,1,2,shapley-20260606T031734Z-f3a2858c,shapley,conditional
23,11101,4,0.4000000059604645,-0.157568871974945,0.0567734017968177,0.031945452094078,32.0,0.0,1.0,0.025525065138936,0,0.0,69,1,2,shapley-20260606T031734Z-f3a2858c,shapley,conditional
24,11,2,0.2000000029802322,-0.7441807389259338,0.7601111531257629,0.2063061594963073,96.0,32.0,0.6666666865348816,0.0321624614298343,64,0.0,69,1,2,shapley-20260606T031734Z-f3a2858c,shapley,conditional
25,10011,3,0.2000000029802322,-0.7824496030807495,0.7551314234733582,0.1429040431976318,32.0,0.0,1.0,0.0269356947392225,0,0.0,69,1,2,shapley-20260606T031734Z-f3a2858c,shapley,conditional
26,1011,3,0.2000000029802322,-0.2266100347042083,0.0602584481239318,0.0089063420891761,32.0,0.0,1.0,0.0074747847393155,0,0.0,69,1,2,shapley-20260606T031734Z-f3a2858c,shapley,conditional
27,11011,4,0.4000000059604645,-0.1926857084035873,0.0473395809531211,0.0102117992937564,64.0,32.0,0.5,0.0148661779239773,32,0.0,69,1,2,shapley-20260606T031734Z-f3a2858c,shapley,conditional
28,111,3,0.2000000029802322,-0.6954610347747803,0.6589986085891724,0.1753325462341308,64.0,32.0,0.5,0.0297280997037887,32,0.0,69,1,2,shapley-20260606T031734Z-f3a2858c,shapley,conditional
29,10111,4,0.4000000059604645,-0.5836449265480042,0.5098074674606323,0.1691660583019256,128.0,32.0,0.75,0.0574367828667163,96,0.0,69,1,2,shapley-20260606T031734Z-f3a2858c,shapley,conditional
30,1111,4,0.4000000059604645,-0.0422266870737075,0.0072903074324131,0.0055072144605219,32.0,0.0,1.0,0.0111829042434692,0,0.0,69,1,2,shapley-20260606T031734Z-f3a2858c,shapley,conditional
31,11111,5,1.0,0.0,0.0,0.0,32.0,0.0,1.0,0.0010000000474974,0,0.0,69,1,2,shapley-20260606T031734Z-f3a2858c,shapley,conditional
0,0,0,1.0,-0.8857060074806213,1.086864948272705,0.3023898005485534,256.0,256.0,0.5,0.1815780699253082,256,0.0,89,2,3,shapley-20260606T031734Z-f3a2858c,shapley,conditional
1,10000,1,0.4000000059604645,-0.9239179491996764,1.1388254165649414,0.2852010130882263,224.0,160.0,0.2857142984867096,0.0711482688784599,64,0.0,89,2,3,shapley-20260606T031734Z-f3a2858c,shapley,conditional
2,1000,1,0.4000000059604645,-0.3738640248775482,0.1796218752861023,0.0398475676774978,192.0,160.0,0.1666666716337204,0.0272205807268619,32,0.0,89,2,3,shapley-20260606T031734Z-f3a2858c,shapley,conditional
3,11000,2,0.2000000029802322,-0.3270636200904846,0.1372643113136291,0.0302937030792236,96.0,64.0,0.3333333432674408,0.0124310897663235,32,0.0,89,2,3,shapley-20260606T031734Z-f3a2858c,shapley,conditional
4,100,1,0.4000000059604645,-0.8099848031997681,0.95013028383255,0.2940549254417419,256.0,192.0,0.25,0.07222880423069,64,0.0,89,2,3,shapley-20260606T031734Z-f3a2858c,shapley,conditional
5,10100,2,0.2000000029802322,-0.6854791641235352,0.6136046051979065,0.1437229216098785,96.0,64.0,0.3333333432674408,0.0258985739201307,32,0.0,89,2,3,shapley-20260606T031734Z-f3a2858c,shapley,conditional
6,1100,2,0.2000000029802322,-0.2094756662845611,0.0688862279057502,0.0250061713159084,128.0,64.0,0.5,0.0113856829702854,64,0.0,89,2,3,shapley-20260606T031734Z-f3a2858c,shapley,conditional
7,11100,3,0.2000000029802322,-0.1261689513921737,0.0305137373507022,0.0145951323211193,96.0,32.0,0.6666666865348816,0.0089344251900911,64,0.0,89,2,3,shapley-20260606T031734Z-f3a2858c,shapley,conditional
8,10,1,0.4000000059604645,-0.8211266994476318,0.8883180022239685,0.2140689492225647,224.0,96.0,0.5714285969734192,0.0617740601301193,128,0.0,89,2,3,shapley-20260606T031734Z-f3a2858c,shapley,conditional
9,10010,2,0.2000000029802322,-0.8098684549331665,0.8484693765640259,0.1925824880599975,128.0,32.0,0.75,0.0298217162489891,0,0.0,89,2,3,shapley-20260606T031734Z-f3a2858c,shapley,conditional
10,1010,2,0.2000000029802322,-0.3163740038871765,0.1265017092227935,0.026409201323986,32.0,0.0,1.0,0.0116730630397796,0,0.0,89,2,3,shapley-20260606T031734Z-f3a2858c,shapley,conditional
11,11010,3,0.2000000029802322,-0.2013972848653793,0.0514692105352878,0.0109083428978919,32.0,0.0,1.0,0.0078594740480184,0,0.0,89,2,3,shapley-20260606T031734Z-f3a2858c,shapley,conditional
12,110,2,0.2000000029802322,-0.6372561454772949,0.5848051309585571,0.1787097454071045,96.0,64.0,0.3333333432674408,0.0287642255425453,32,0.0,89,2,3,shapley-20260606T031734Z-f3a2858c,shapley,conditional
13,10110,3,0.2000000029802322,-0.581973135471344,0.484438419342041,0.1457456946372985,160.0,32.0,0.800000011920929,0.0260731726884841,0,0.0,89,2,3,shapley-20260606T031734Z-f3a2858c,shapley,conditional
14,1110,3,0.2000000029802322,-0.0511665306985378,0.0092739406973123,0.0066559268161654,32.0,0.0,1.0,0.006358160637319,0,0.0,89,2,3,shapley-20260606T031734Z-f3a2858c,shapley,conditional
15,11110,4,0.4000000059604645,-0.0057108979672193,0.0008348936680704,0.000802279333584,64.0,32.0,0.5,0.0047205248847603,0,0.0,89,2,3,shapley-20260606T031734Z-f3a2858c,shapley,conditional
16,1,1,0.4000000059604645,-0.8978304862976074,1.0732977390289309,0.2671981453895569,224.0,96.0,0.5714285969734192,0.0688981786370277,128,0.0,89,2,3,shapley-20260606T031734Z-f3a2858c,shapley,conditional
17,10001,2,0.2000000029802322,-0.9018581509590148,1.1310722827911377,0.3177241683006286,224.0,64.0,0.7142857313156128,0.0380200110375881,160,0.0,89,2,3,shapley-20260606T031734Z-f3a2858c,shapley,conditional
18,1001,2,0.2000000029802322,-0.3538898825645447,0.1704767644405365,0.0452387183904647,192.0,96.0,0.5,0.0149690406396985,96,0.0,89,2,3,shapley-20260606T031734Z-f3a2858c,shapley,conditional
19,11001,3,0.2000000029802322,-0.3155790269374847,0.1381702274084091,0.0385801047086715,64.0,32.0,0.5,0.0139001011848449,32,0.0,89,2,3,shapley-20260606T031734Z-f3a2858c,shapley,conditional
20,101,2,0.2000000029802322,-0.7275230884552002,0.7301314473152161,0.2008416056632995,64.0,32.0,0.5,0.0304332543164491,0,0.0,89,2,3,shapley-20260606T031734Z-f3a2858c,shapley,conditional
21,10101,3,0.2000000029802322,-0.7676455974578857,0.7794864177703857,0.1902066469192505,96.0,32.0,0.6666666865348816,0.0296433791518211,0,0.0,89,2,3,shapley-20260606T031734Z-f3a2858c,shapley,conditional
22,1101,3,0.2000000029802322,-0.1613090336322784,0.049367006868124,0.0233464017510414,96.0,32.0,0.6666666865348816,0.011035094037652,64,0.0,89,2,3,shapley-20260606T031734Z-f3a2858c,shapley,conditional
23,11101,4,0.4000000059604645,-0.152071014046669,0.0459565259516239,0.0228309333324432,64.0,32.0,0.5,0.0208473838865757,32,0.0,89,2,3,shapley-20260606T031734Z-f3a2858c,shapley,conditional
24,11,2,0.2000000029802322,-0.7441807389259338,0.7601111531257629,0.2063061594963073,96.0,32.0,0.6666666865348816,0.0308309830725193,0,0.0,89,2,3,shapley-20260606T031734Z-f3a2858c,shapley,conditional
25,10011,3,0.2000000029802322,-0.788012683391571,0.8703694343566895,0.2494054436683654,160.0,32.0,0.800000011920929,0.0337992832064628,128,0.0,89,2,3,shapley-20260606T031734Z-f3a2858c,shapley,conditional
26,1011,3,0.2000000029802322,-0.2137748450040817,0.0599978417158126,0.0142981559038162,64.0,32.0,0.5,0.0088532865047454,32,0.0,89,2,3,shapley-20260606T031734Z-f3a2858c,shapley,conditional
27,11011,4,0.4000000059604645,-0.1926857084035873,0.0473395809531211,0.0102117992937564,64.0,32.0,0.5,0.0142737161368131,0,0.0,89,2,3,shapley-20260606T031734Z-f3a2858c,shapley,conditional
28,111,3,0.2000000029802322,-0.6562516689300537,0.6389897465705872,0.2083234786987304,160.0,64.0,0.6000000238418579,0.0309764742851257,96,0.0,89,2,3,shapley-20260606T031734Z-f3a2858c,shapley,conditional
29,10111,4,0.4000000059604645,-0.5534796714782715,0.468544602394104,0.1622048616409301,192.0,128.0,0.3333333432674408,0.0539021529257297,64,0.0,89,2,3,shapley-20260606T031734Z-f3a2858c,shapley,conditional
30,1111,4,0.4000000059604645,-0.0422266870737075,0.0072903074324131,0.0055072144605219,32.0,0.0,1.0,0.0107478182762861,0,0.0,89,2,3,shapley-20260606T031734Z-f3a2858c,shapley,conditional
31,11111,5,1.0,0.0,0.0,0.0,32.0,0.0,1.0,0.0010000000474974,0,0.0,89,2,3,shapley-20260606T031734Z-f3a2858c,shapley,conditional
0,0,0,1.0,-0.9152681827545166,1.171438694000244,0.3337228298187256,256.0,256.0,0.4666666686534881,0.1875097304582595,224,0.0,109,3,4,shapley-20260606T031734Z-f3a2858c,shapley,conditional
1,10000,1,0.4000000059604645,-0.9118088483810424,1.1047770977020264,0.2733817100524902,256.0,224.0,0.125,0.0685232356190681,32,0.0,109,3,4,shapley-20260606T031734Z-f3a2858c,shapley,conditional
2,1000,1,0.4000000059604645,-0.3696336150169372,0.1796849370002746,0.043055921792984,256.0,192.0,0.25,0.0277969241142272,64,0.0,109,3,4,shapley-20260606T031734Z-f3a2858c,shapley,conditional
3,11000,2,0.2000000029802322,-0.3270636200904846,0.1372643113136291,0.0302937030792236,96.0,64.0,0.3333333432674408,0.0122386645525693,0,0.0,109,3,4,shapley-20260606T031734Z-f3a2858c,shapley,conditional
4,100,1,0.4000000059604645,-0.7794167995452881,0.9017492532730104,0.294258713722229,256.0,256.0,0.3846153914928436,0.0710540413856506,160,0.0,109,3,4,shapley-20260606T031734Z-f3a2858c,shapley,conditional
5,10100,2,0.2000000029802322,-0.6854791641235352,0.6136046051979065,0.1437229216098785,96.0,64.0,0.3333333432674408,0.025479445233941,0,0.0,109,3,4,shapley-20260606T031734Z-f3a2858c,shapley,conditional
6,1100,2,0.2000000029802322,-0.2094756662845611,0.0688862279057502,0.0250061713159084,128.0,64.0,0.5,0.0112108560279011,0,0.0,109,3,4,shapley-20260606T031734Z-f3a2858c,shapley,conditional
7,11100,3,0.2000000029802322,-0.1261689513921737,0.0305137373507022,0.0145951323211193,96.0,32.0,0.6666666865348816,0.0088008604943752,0,0.0,109,3,4,shapley-20260606T031734Z-f3a2858c,shapley,conditional
8,10,1,0.4000000059604645,-0.7910126447677612,0.8599854111671448,0.2342844009399414,256.0,224.0,0.4166666567325592,0.0635086596012115,160,0.0,109,3,4,shapley-20260606T031734Z-f3a2858c,shapley,conditional
9,10010,2,0.2000000029802322,-0.7890105843544006,0.8332399129867554,0.2107022404670715,160.0,128.0,0.2000000029802322,0.0306396521627903,32,0.0,109,3,4,shapley-20260606T031734Z-f3a2858c,shapley,conditional
10,1010,2,0.2000000029802322,-0.2549498677253723,0.089126743376255,0.0241273120045661,64.0,32.0,0.5,0.0110298171639442,32,0.0,109,3,4,shapley-20260606T031734Z-f3a2858c,shapley,conditional
11,11010,3,0.2000000029802322,-0.2013972848653793,0.0514692105352878,0.0109083428978919,32.0,0.0,1.0,0.0077440054155886,0,0.0,109,3,4,shapley-20260606T031734Z-f3a2858c,shapley,conditional
12,110,2,0.2000000029802322,-0.6529463529586792,0.6036244034767151,0.1772854626178741,128.0,96.0,0.25,0.0281878653913736,32,0.0,109,3,4,shapley-20260606T031734Z-f3a2858c,shapley,conditional
13,10110,3,0.2000000029802322,-0.6058857440948486,0.552669107913971,0.1855715811252594,256.0,160.0,0.4444444477558136,0.0288159735500812,128,0.0,109,3,4,shapley-20260606T031734Z-f3a2858c,shapley,conditional
14,1110,3,0.2000000029802322,-0.0511665306985378,0.0092739406973123,0.0066559268161654,32.0,0.0,1.0,0.006267964374274,0,0.0,109,3,4,shapley-20260606T031734Z-f3a2858c,shapley,conditional
15,11110,4,0.4000000059604645,-0.0057108979672193,0.0008348936680704,0.000802279333584,64.0,32.0,0.5,0.0046578953042626,0,0.0,109,3,4,shapley-20260606T031734Z-f3a2858c,shapley,conditional
16,1,1,0.4000000059604645,-0.9105064868927002,1.1115453243255615,0.2825232744216919,256.0,224.0,0.2222222238779068,0.0696429014205932,64,0.0,109,3,4,shapley-20260606T031734Z-f3a2858c,shapley,conditional
17,10001,2,0.2000000029802322,-0.8979708552360535,1.1673872470855713,0.3610355854034424,256.0,224.0,0.3636363744735718,0.0397983714938163,128,0.0,109,3,4,shapley-20260606T031734Z-f3a2858c,shapley,conditional
18,1001,2,0.2000000029802322,-0.3411767482757568,0.1570908576250076,0.0406892821192741,256.0,192.0,0.25,0.014025024138391,64,0.0,109,3,4,shapley-20260606T031734Z-f3a2858c,shapley,conditional
19,11001,3,0.2000000029802322,-0.2959699630737304,0.1229001879692077,0.0353019684553146,96.0,64.0,0.3333333432674408,0.0131321558728814,32,0.0,109,3,4,shapley-20260606T031734Z-f3a2858c,shapley,conditional
20,101,2,0.2000000029802322,-0.6739422082901001,0.6425602436065674,0.1883621513843536,96.0,64.0,0.3333333432674408,0.0290243364870548,32,0.0,109,3,4,shapley-20260606T031734Z-f3a2858c,shapley,conditional
21,10101,3,0.2000000029802322,-0.7644146680831909,0.7919521927833557,0.2076224088668823,128.0,96.0,0.25,0.030422231182456,32,0.0,109,3,4,shapley-20260606T031734Z-f3a2858c,shapley,conditional
22,1101,3,0.2000000029802322,-0.1613090336322784,0.049367006868124,0.0233464017510414,96.0,32.0,0.6666666865348816,0.0108661679551005,0,0.0,109,3,4,shapley-20260606T031734Z-f3a2858c,shapley,conditional
23,11101,4,0.4000000059604645,-0.14007668197155,0.039531260728836,0.0199097841978073,96.0,64.0,0.3333333432674408,0.0192222390323877,32,0.0,109,3,4,shapley-20260606T031734Z-f3a2858c,shapley,conditional
24,11,2,0.2000000029802322,-0.7657634615898132,0.8209925889968872,0.2345989346504211,128.0,96.0,0.25,0.032275304198265,32,0.0,109,3,4,shapley-20260606T031734Z-f3a2858c,shapley,conditional
25,10011,3,0.2000000029802322,-0.7593218088150024,0.8017046451568604,0.2251350283622741,256.0,160.0,0.4444444477558136,0.0316379740834236,128,0.0,109,3,4,shapley-20260606T031734Z-f3a2858c,shapley,conditional
26,1011,3,0.2000000029802322,-0.2138403058052063,0.0582864433526992,0.0125587657094001,128.0,64.0,0.5,0.0082362238317728,64,0.0,109,3,4,shapley-20260606T031734Z-f3a2858c,shapley,conditional
27,11011,4,0.4000000059604645,-0.1926857084035873,0.0473395809531211,0.0102117992937564,64.0,32.0,0.5,0.0140502741560339,0,0.0,109,3,4,shapley-20260606T031734Z-f3a2858c,shapley,conditional
28,111,3,0.2000000029802322,-0.649430513381958,0.6097753643989563,0.1880153715610504,224.0,160.0,0.2857142984867096,0.028998527675867,64,0.0,109,3,4,shapley-20260606T031734Z-f3a2858c,shapley,conditional
29,10111,4,0.4000000059604645,-0.5493882894515991,0.4678422808647156,0.1660147905349731,256.0,192.0,0.25,0.053618911653757,64,0.0,109,3,4,shapley-20260606T031734Z-f3a2858c,shapley,conditional
30,1111,4,0.4000000059604645,-0.0422266870737075,0.0072903074324131,0.0055072144605219,32.0,0.0,1.0,0.0105837285518646,0,0.0,109,3,4,shapley-20260606T031734Z-f3a2858c,shapley,conditional
31,11111,5,1.0,0.0,0.0,0.0,32.0,0.0,1.0,0.0010000000474974,0,0.0,109,3,4,shapley-20260606T031734Z-f3a2858c,shapley,conditional
0,0,0,1.0,-0.8677270412445068,1.1266467571258545,0.3736965656280517,256.0,256.0,0.5,0.1910073906183242,256,0.0,129,4,5,shapley-20260606T031734Z-f3a2858c,shapley,conditional
1,10000,1,0.4000000059604645,-0.878041684627533,1.0639690160751345,0.2930118441581726,256.0,256.0,0.2000000029802322,0.0682997554540634,64,0.0,129,4,5,shapley-20260606T031734Z-f3a2858c,shapley,conditional
2,1000,1,0.4000000059604645,-0.3484663367271423,0.1647635698318481,0.0433347821235656,256.0,256.0,0.3333333432674408,0.0268814899027347,128,0.0,129,4,5,shapley-20260606T031734Z-f3a2858c,shapley,conditional
3,11000,2,0.2000000029802322,-0.3270636200904846,0.1372643113136291,0.0302937030792236,96.0,64.0,0.3333333432674408,0.0118197482079267,0,0.0,129,4,5,shapley-20260606T031734Z-f3a2858c,shapley,conditional
4,100,1,0.4000000059604645,-0.7522811889648438,0.8758161664009094,0.3098891973495483,256.0,256.0,0.2727272808551788,0.0702108517289161,96,0.0,129,4,5,shapley-20260606T031734Z-f3a2858c,shapley,conditional
5,10100,2,0.2000000029802322,-0.6854791641235352,0.6136046051979065,0.1437229216098785,96.0,64.0,0.3333333432674408,0.0245669838041067,0,0.0,129,4,5,shapley-20260606T031734Z-f3a2858c,shapley,conditional
6,1100,2,0.2000000029802322,-0.2094756662845611,0.0688862279057502,0.0250061713159084,128.0,64.0,0.5,0.0108302505686879,0,0.0,129,4,5,shapley-20260606T031734Z-f3a2858c,shapley,conditional
7,11100,3,0.2000000029802322,-0.1107251793146133,0.0242953337728977,0.0120352683588862,160.0,96.0,0.4000000059604645,0.0078197559341788,64,0.0,129,4,5,shapley-20260606T031734Z-f3a2858c,shapley,conditional
8,10,1,0.4000000059604645,-0.7941659688949585,0.8854988217353821,0.2547992467880249,256.0,256.0,0.1111111119389534,0.0637581348419189,32,0.0,129,4,5,shapley-20260606T031734Z-f3a2858c,shapley,conditional
9,10010,2,0.2000000029802322,-0.742475688457489,0.7821089029312134,0.2308387756347656,224.0,160.0,0.2857142984867096,0.0308672562241554,64,0.0,129,4,5,shapley-20260606T031734Z-f3a2858c,shapley,conditional
10,1010,2,0.2000000029802322,-0.2549498677253723,0.089126743376255,0.0241273120045661,64.0,32.0,0.5,0.0106559600681066,0,0.0,129,4,5,shapley-20260606T031734Z-f3a2858c,shapley,conditional
11,11010,3,0.2000000029802322,-0.2013972848653793,0.0514692105352878,0.0109083428978919,32.0,0.0,1.0,0.0074926256202161,0,0.0,129,4,5,shapley-20260606T031734Z-f3a2858c,shapley,conditional
12,110,2,0.2000000029802322,-0.6529463529586792,0.6036244034767151,0.1772854626178741,128.0,96.0,0.25,0.0271744485944509,0,0.0,129,4,5,shapley-20260606T031734Z-f3a2858c,shapley,conditional
13,10110,3,0.2000000029802322,-0.5957772731781006,0.5368046760559082,0.1818541288375854,256.0,256.0,0.1111111119389534,0.0275095626711845,32,0.0,129,4,5,shapley-20260606T031734Z-f3a2858c,shapley,conditional
14,1110,3,0.2000000029802322,-0.0511665306985378,0.0092739406973123,0.0066559268161654,32.0,0.0,1.0,0.0060716029256582,0,0.0,129,4,5,shapley-20260606T031734Z-f3a2858c,shapley,conditional
15,11110,4,0.4000000059604645,-0.0057108979672193,0.0008348936680704,0.000802279333584,64.0,32.0,0.5,0.0045215487480163,0,0.0,129,4,5,shapley-20260606T031734Z-f3a2858c,shapley,conditional
16,1,1,0.4000000059604645,-0.8976529836654663,1.12841796875,0.3226370811462402,256.0,256.0,0.2727272808551788,0.0716200619935989,96,0.0,129,4,5,shapley-20260606T031734Z-f3a2858c,shapley,conditional
17,10001,2,0.2000000029802322,-0.8912898302078247,1.1847004890441897,0.3903029561042785,256.0,256.0,0.1111111119389534,0.0398366563022136,32,0.0,129,4,5,shapley-20260606T031734Z-f3a2858c,shapley,conditional
18,1001,2,0.2000000029802322,-0.3343755304813385,0.1529598087072372,0.0411528125405311,256.0,256.0,0.1111111119389534,0.0136107439175248,32,0.0,129,4,5,shapley-20260606T031734Z-f3a2858c,shapley,conditional
19,11001,3,0.2000000029802322,-0.2802971005439758,0.1204638257622718,0.0418973639607429,192.0,96.0,0.5,0.0137243121862411,96,0.0,129,4,5,shapley-20260606T031734Z-f3a2858c,shapley,conditional
20,101,2,0.2000000029802322,-0.6963748931884766,0.7231654524803162,0.2382274568080902,128.0,96.0,0.25,0.0313414856791496,32,0.0,129,4,5,shapley-20260606T031734Z-f3a2858c,shapley,conditional
21,10101,3,0.2000000029802322,-0.6875334978103638,0.6853606700897217,0.2126583456993103,224.0,128.0,0.4285714328289032,0.0296669956296682,96,0.0,129,4,5,shapley-20260606T031734Z-f3a2858c,shapley,conditional
22,1101,3,0.2000000029802322,-0.1613090336322784,0.049367006868124,0.0233464017510414,96.0,32.0,0.6666666865348816,0.0104984110221266,0,0.0,129,4,5,shapley-20260606T031734Z-f3a2858c,shapley,conditional
23,11101,4,0.4000000059604645,-0.14007668197155,0.039531260728836,0.0199097841978073,96.0,64.0,0.3333333432674408,0.0185430143028497,0,0.0,129,4,5,shapley-20260606T031734Z-f3a2858c,shapley,conditional
24,11,2,0.2000000029802322,-0.764835000038147,0.8708630800247192,0.285890519618988,224.0,128.0,0.4285714328289032,0.0342384502291679,96,0.0,129,4,5,shapley-20260606T031734Z-f3a2858c,shapley,conditional
25,10011,3,0.2000000029802322,-0.7342858910560608,0.7970035076141357,0.2578277587890625,256.0,256.0,0.3846153914928436,0.0325649976730346,160,0.0,129,4,5,shapley-20260606T031734Z-f3a2858c,shapley,conditional
26,1011,3,0.2000000029802322,-0.2051568925380706,0.0553628541529178,0.0132735036313533,160.0,128.0,0.2000000029802322,0.0081619909033179,32,0.0,129,4,5,shapley-20260606T031734Z-f3a2858c,shapley,conditional
27,11011,4,0.4000000059604645,-0.1926857084035873,0.0473395809531211,0.0102117992937564,64.0,32.0,0.5,0.0135638304054737,0,0.0,129,4,5,shapley-20260606T031734Z-f3a2858c,shapley,conditional
28,111,3,0.2000000029802322,-0.6327120065689087,0.6205712556838989,0.2202467620372772,256.0,224.0,0.2222222238779068,0.0301739852875471,64,0.0,129,4,5,shapley-20260606T031734Z-f3a2858c,shapley,conditional
29,10111,4,0.4000000059604645,-0.5326200723648071,0.4502476751804352,0.1665635406970977,256.0,256.0,0.3333333432674408,0.0517412200570106,128,0.0,129,4,5,shapley-20260606T031734Z-f3a2858c,shapley,conditional
30,1111,4,0.4000000059604645,-0.0422266870737075,0.0072903074324131,0.0055072144605219,32.0,0.0,1.0,0.0102264992892742,0,0.0,129,4,5,shapley-20260606T031734Z-f3a2858c,shapley,conditional
31,11111,5,1.0,0.0,0.0,0.0,32.0,0.0,1.0,0.0010000000474974,0,0.0,129,4,5,shapley-20260606T031734Z-f3a2858c,shapley,conditional
0,0,0,1.0,-0.859125018119812,1.135124683380127,0.3970288634300232,256.0,247.0041961669922,0.6085538268089294,0.1917525380849838,384,0.0351398421034889,169,5,6,shapley-20260606T031734Z-f3a2858c,shapley,conditional
1,10000,1,0.4000000059604645,-0.8581414222717285,1.0387394428253174,0.3023327589035034,256.0,247.0041961669922,0.2057850062847137,0.0675827786326408,64,0.0351398421034889,169,5,6,shapley-20260606T031734Z-f3a2858c,shapley,conditional
2,1000,1,0.4000000059604645,-0.3398732244968414,0.1622093617916107,0.046695552766323,256.0,247.0041961669922,0.2057850062847137,0.0271671880036592,64,0.0351398421034889,169,5,6,shapley-20260606T031734Z-f3a2858c,shapley,conditional
3,11000,2,0.2000000029802322,-0.3270636200904846,0.1372643113136291,0.0302937030792236,96.0,64.0,0.3333333432674408,0.0115381767973303,0,0.0351398421034889,169,5,6,shapley-20260606T031734Z-f3a2858c,shapley,conditional
4,100,1,0.4000000059604645,-0.7712826132774353,0.9722647666931152,0.3773878812789917,256.0,247.0041961669922,0.2057850062847137,0.0753897726535797,64,0.0351398421034889,169,5,6,shapley-20260606T031734Z-f3a2858c,shapley,conditional
5,10100,2,0.2000000029802322,-0.6916465163230896,0.6645206809043884,0.1861457824707031,156.62657165527344,92.62657165527344,0.4086152017116546,0.0271225702017545,64,0.0351398421034889,169,5,6,shapley-20260606T031734Z-f3a2858c,shapley,conditional
6,1100,2,0.2000000029802322,-0.2094756662845611,0.0688862279057502,0.0250061713159084,128.0,64.0,0.5,0.0105744302272796,0,0.0351398421034889,169,5,6,shapley-20260606T031734Z-f3a2858c,shapley,conditional
7,11100,3,0.2000000029802322,-0.1107251793146133,0.0242953337728977,0.0120352683588862,160.0,96.0,0.4000000059604645,0.0076422803103923,0,0.0351398421034889,169,5,6,shapley-20260606T031734Z-f3a2858c,shapley,conditional
8,10,1,0.4000000059604645,-0.774937629699707,0.8549181222915649,0.2543897628784179,256.0,247.0041961669922,0.2798799574375152,0.0620757862925529,96,0.0351398421034889,169,5,6,shapley-20260606T031734Z-f3a2858c,shapley,conditional
9,10010,2,0.2000000029802322,-0.7346046566963196,0.7795922160148621,0.2399482131004333,256.0,216.1286773681641,0.2284664362668991,0.0306584201753139,64,0.0351398421034889,169,5,6,shapley-20260606T031734Z-f3a2858c,shapley,conditional
10,1010,2,0.2000000029802322,-0.2549498677253723,0.089126743376255,0.0241273120045661,64.0,32.0,0.5,0.0104046743363142,0,0.0351398421034889,169,5,6,shapley-20260606T031734Z-f3a2858c,shapley,conditional
11,11010,3,0.2000000029802322,-0.2013972848653793,0.0514692105352878,0.0109083428978919,32.0,0.0,1.0,0.0073236622847616,0,0.0351398421034889,169,5,6,shapley-20260606T031734Z-f3a2858c,shapley,conditional
12,110,2,0.2000000029802322,-0.6137470006942749,0.5462784767150879,0.1695930957794189,187.50210571289065,123.5020980834961,0.3413295149803161,0.0259340815246105,64,0.0351398421034889,169,5,6,shapley-20260606T031734Z-f3a2858c,shapley,conditional
13,10110,3,0.2000000029802322,-0.5711352825164795,0.5093783140182495,0.183182805776596,256.0,247.0041961669922,0.3931163549423218,0.0269138291478157,160,0.0351398421034889,169,5,6,shapley-20260606T031734Z-f3a2858c,shapley,conditional
14,1110,3,0.2000000029802322,-0.0511665306985378,0.0092739406973123,0.0066559268161654,32.0,0.0,1.0,0.0059396200813353,0,0.0351398421034889,169,5,6,shapley-20260606T031734Z-f3a2858c,shapley,conditional
15,11110,4,0.4000000059604645,-0.0057108979672193,0.0008348936680704,0.000802279333584,64.0,32.0,0.5,0.004429904744029,0,0.0351398421034889,169,5,6,shapley-20260606T031734Z-f3a2858c,shapley,conditional
16,1,1,0.4000000059604645,-0.9353715181350708,1.2504924535751345,0.3755725622177124,256.0,247.0041961669922,0.3413295149803161,0.0752106457948684,128,0.0351398421034889,169,5,6,shapley-20260606T031734Z-f3a2858c,shapley,conditional
17,10001,2,0.2000000029802322,-0.8852014541625977,1.1614011526107788,0.3778195381164551,256.0,247.0041961669922,0.2057850062847137,0.0382161550223827,64,0.0351398421034889,169,5,6,shapley-20260606T031734Z-f3a2858c,shapley,conditional
18,1001,2,0.2000000029802322,-0.3271613121032715,0.1476053893566131,0.0405708625912666,256.0,247.0041961669922,0.1146936118602752,0.0131954103708267,32,0.0351398421034889,169,5,6,shapley-20260606T031734Z-f3a2858c,shapley,conditional
19,11001,3,0.2000000029802322,-0.2792232036590576,0.1193905547261238,0.0414249598979949,249.25314331054688,185.25314331054688,0.256767064332962,0.0133231095969676,64,0.0351398421034889,169,5,6,shapley-20260606T031734Z-f3a2858c,shapley,conditional
20,101,2,0.2000000029802322,-0.6821652054786682,0.6849963665008545,0.2196469902992248,155.50210571289062,123.5020980834961,0.2057850062847137,0.0293760485947132,32,0.0351398421034889,169,5,6,shapley-20260606T031734Z-f3a2858c,shapley,conditional
21,10101,3,0.2000000029802322,-0.6841228008270264,0.7001046538352966,0.2320806384086609,256.0,216.1286773681641,0.2284664362668991,0.0301681403070688,64,0.0351398421034889,169,5,6,shapley-20260606T031734Z-f3a2858c,shapley,conditional
22,1101,3,0.2000000029802322,-0.1613090336322784,0.049367006868124,0.0233464017510414,96.0,32.0,0.6666666865348816,0.0102512259036302,0,0.0351398421034889,169,5,6,shapley-20260606T031734Z-f3a2858c,shapley,conditional
23,11101,4,0.4000000059604645,-0.14007668197155,0.039531260728836,0.0199097841978073,96.0,64.0,0.3333333432674408,0.0180864781141281,0,0.0351398421034889,169,5,6,shapley-20260606T031734Z-f3a2858c,shapley,conditional
24,11,2,0.2000000029802322,-0.7484917640686035,0.827804446220398,0.2675645351409912,256.0,216.1286773681641,0.2284664362668991,0.0323186852037906,64,0.0351398421034889,169,5,6,shapley-20260606T031734Z-f3a2858c,shapley,conditional
25,10011,3,0.2000000029802322,-0.7619129419326782,0.8651939630508423,0.2846826314926147,256.0,247.0041961669922,0.1146936118602752,0.033305000513792,32,0.0351398421034889,169,5,6,shapley-20260606T031734Z-f3a2858c,shapley,conditional
26,1011,3,0.2000000029802322,-0.2051568925380706,0.0553628541529178,0.0132735036313533,160.0,128.0,0.2000000029802322,0.0079756071791052,0,0.0351398421034889,169,5,6,shapley-20260606T031734Z-f3a2858c,shapley,conditional
27,11011,4,0.4000000059604645,-0.1926857084035873,0.0473395809531211,0.0102117992937564,64.0,32.0,0.5,0.0132368709892034,0,0.0351398421034889,169,5,6,shapley-20260606T031734Z-f3a2858c,shapley,conditional
28,111,3,0.2000000029802322,-0.6106662750244141,0.6000121235847473,0.2270988225936889,256.0,247.0041961669922,0.1146936118602752,0.0298533830791711,32,0.0351398421034889,169,5,6,shapley-20260606T031734Z-f3a2858c,shapley,conditional
29,10111,4,0.4000000059604645,-0.5430821180343628,0.4726448655128479,0.1777066886425018,256.0,247.0041961669922,0.2057850062847137,0.0520471073687076,64,0.0351398421034889,169,5,6,shapley-20260606T031734Z-f3a2858c,shapley,conditional
30,1111,4,0.4000000059604645,-0.0422266870737075,0.0072903074324131,0.0055072144605219,32.0,0.0,1.0,0.0099863903596997,0,0.0351398421034889,169,5,6,shapley-20260606T031734Z-f3a2858c,shapley,conditional
31,11111,5,1.0,0.0,0.0,0.0,32.0,0.0,1.0,0.0010000000474974,0,0.0351398421034889,169,5,6,shapley-20260606T031734Z-f3a2858c,shapley,conditional
