loss,recon,recon_base,pix_recon,aux_recon_base,kl,val_loss,val_recon,val_recon_base,val_pix_recon,val_aux_recon_base,val_kl,beta,aux_loss_weight,lr,logical_epoch,epoch_duration_sec,elapsed_train_sec,kl_target,kl_target_final,next_beta,kl_controller_advanced,epoch,run_id,training_type,shapley_tactic,phase,advance_epoch_controls,dynamic_aux_step,cycle,sampling_phase
1.740440879549299,1.740440879549299,1.740440879549299,0.9748864429337638,0.9569430010659354,4.610809348523617,1.524355411529541,1.524355411529541,1.524355411529541,0.8497884571552277,0.8432086706161499,25.62068271636963,0.0,0.8,0.001,0,0.2810270000009041,0.2810270000009041,50.0,5.0,0.0,True,0,baseline-20260606T025810Z-0f0b9b33,baseline,none,,,,,
1.3965276990618023,1.3965276990618023,1.3965276990618023,0.7849010143961225,0.7645333409309387,31.169518334524973,1.2580735683441162,1.2580735683441162,1.2580735683441162,0.7076548635959625,0.6880234479904175,39.972633361816406,0.0,0.8,0.001,1,0.0631638000013481,0.3441908000022522,50.0,5.0,0.0,True,1,baseline-20260606T025810Z-0f0b9b33,baseline,none,,,,,
1.1765520232064384,1.1765520232064384,1.1765520232064384,0.6591107589857919,0.6468015909194946,46.43278339930943,1.076065719127655,1.076065719127655,1.076065719127655,0.6007558107376099,0.59413743019104,52.01760673522949,0.0,0.8,0.001,2,0.0605555000001913,0.4047463000024436,50.0,5.0,0.0,True,2,baseline-20260606T025810Z-0f0b9b33,baseline,none,,,,,
1.0209341900689262,1.0209341900689262,1.020934181553977,0.5669625231197902,0.5674645560128349,55.017459869384766,0.9675657153129578,0.9675657153129578,0.9675657451152802,0.5352648496627808,0.5403760969638824,57.66913795471192,0.0,0.8,0.001,3,0.0629019000007247,0.4676482000031683,50.0,5.0,0.0,True,3,baseline-20260606T025810Z-0f0b9b33,baseline,none,,,,,
0.9312146391187396,0.9312146391187396,0.931214656148638,0.5108906584126609,0.5254049897193909,59.35714994158064,0.8891956806182861,0.8891956806182861,0.8891956806182861,0.4864178597927093,0.5034722834825516,61.56284523010254,0.0,0.8,0.001,4,0.0617187999996531,0.5293670000028214,50.0,5.0,0.0,True,4,baseline-20260606T025810Z-0f0b9b33,baseline,none,,,,,
0.8509319935526166,0.8509319935526166,0.8509319935526166,0.4621957881110055,0.4859202631882259,62.88181849888393,0.8274953961372375,0.8274953961372375,0.8274953961372375,0.4478201270103454,0.4745941013097763,65.60924911499023,0.0,0.8,0.001,5,0.0598656000001938,0.5892326000030152,50.0,5.0,0.0,True,5,baseline-20260606T025810Z-0f0b9b33,baseline,none,,,,,
0.7930204442569188,0.7930204442569188,0.7930204527718681,0.4261231081826346,0.458621655191694,66.35002190726144,0.7761791050434113,0.7761791050434113,0.7761791348457336,0.4188306182622909,0.4466856122016907,69.14214324951172,0.0,0.8,0.001,6,0.0655249000010371,0.6547575000040524,50.0,5.0,0.0,True,6,baseline-20260606T025810Z-0f0b9b33,baseline,none,,,,,
0.7360953433173043,0.7360953433173043,0.7360953348023551,0.3931578993797302,0.4286717857633318,70.54332951136998,0.7353403270244598,0.7353403270244598,0.7353403270244598,0.3932503312826156,0.4276124835014343,72.29166793823242,0.0,0.8,0.001,7,0.0640413999972224,0.7187989000012749,50.0,5.0,0.0,True,7,baseline-20260606T025810Z-0f0b9b33,baseline,none,,,,,
0.6944984453065055,0.6944984453065055,0.6944984538214547,0.3672535249165126,0.4090561441012791,74.31954302106585,0.7052331864833832,0.7052331864833832,0.7052331864833832,0.3736861199140548,0.4144338071346283,74.88946533203125,0.0,0.8,0.001,8,0.0609250999987125,0.7797239999999874,50.0,5.0,0.0,True,8,baseline-20260606T025810Z-0f0b9b33,baseline,none,,,,,
0.66238043989454,0.66238043989454,0.6623804313795907,0.3488482790333884,0.3919151893683842,77.02880096435547,0.679559588432312,0.679559588432312,0.679559588432312,0.3594487011432647,0.4001385867595672,77.51572036743164,0.0,0.8,0.001,9,0.0638049000008322,0.8435289000008197,50.0,5.0,0.0,True,9,baseline-20260606T025810Z-0f0b9b33,baseline,none,,,,,
0.6431356838771275,0.6431356838771275,0.643135700907026,0.3369470366409847,0.3827358313969203,79.56087711879185,0.659481018781662,0.659481018781662,0.6594810485839844,0.3480533063411712,0.3892846703529358,79.92428588867188,0.0,0.8,0.001,10,0.0622612000006483,0.905790100001468,50.0,5.0,0.001,True,10,baseline-20260606T025810Z-0f0b9b33,baseline,none,,,,,
0.6912155832563128,0.6219612445150103,0.6219612530299595,0.3256781612123762,0.3703538732869284,69.25433349609375,0.6975313425064087,0.6475345492362976,0.6475345492362976,0.3402626514434814,0.3840898275375366,49.99678993225098,0.001,0.8,0.001,11,0.0610620000006747,0.9668521000021428,46.1864406779661,5.0,0.002,True,11,baseline-20260606T025810Z-0f0b9b33,baseline,none,,,,,
0.6954858558518546,0.62216774054936,0.6221677320344108,0.3256885239056178,0.3705989973885672,36.65905353001186,0.6939310133457184,0.6427502632141113,0.6427502632141113,0.3372503817081451,0.3818748444318771,25.590377807617188,0.002,0.8,0.001,12,0.06186290000187,1.0287150000040128,42.91338582677166,5.0,0.001,True,12,baseline-20260606T025810Z-0f0b9b33,baseline,none,,,,,
0.6429521271160671,0.6125576325825283,0.6125576410974775,0.3201798711504255,0.3654721932751791,30.39449610028948,0.6662763059139252,0.6307674050331116,0.6307674050331116,0.3297371864318847,0.3762877732515335,35.508893966674805,0.001,0.8,0.001,13,0.0610273999991477,1.0897424000031606,40.0735294117647,5.0,0.0,True,13,baseline-20260606T025810Z-0f0b9b33,baseline,none,,,,,
0.5859386665480477,0.5859386665480477,0.585938675062997,0.3036026358604431,0.3529200596468789,42.297581263950896,0.6170859932899475,0.6170859932899475,0.6170859932899475,0.3223056644201278,0.3684754371643066,48.02349472045898,0.0,0.8,0.001,14,0.0666119999987131,1.1563544000018735,37.58620689655172,5.0,0.001,True,14,baseline-20260606T025810Z-0f0b9b33,baseline,none,,,,,
0.6192407011985779,0.5709854194096157,0.5709854108946664,0.2955969103745052,0.3442356331007821,48.2552751813616,0.6507434248924255,0.607033371925354,0.607033371925354,0.3157356977462768,0.3641220927238464,43.710052490234375,0.001,0.8,0.001,15,0.0656044999996083,1.221958900001482,35.3896103896104,5.0,0.002,True,15,baseline-20260606T025810Z-0f0b9b33,baseline,none,,,,,
0.6389430846486773,0.5641260487692696,0.5641260402543204,0.2914649716445378,0.3408263283116476,37.40851729256766,0.658076286315918,0.6031273007392883,0.6031273007392883,0.3139655292034149,0.3614521622657776,27.47447872161865,0.002,0.8,0.001,16,0.0617966999998316,1.2837556000013135,33.435582822085884,5.0,0.001,True,16,baseline-20260606T025810Z-0f0b9b33,baseline,none,,,,,
0.5924093978745597,0.5656138999121529,0.5656138828822544,0.2921488838536398,0.341831237077713,26.79549162728446,0.6235866546630859,0.5966698229312897,0.5966698527336121,0.3103272169828415,0.3579282611608505,26.916836738586422,0.001,0.8,0.001,17,0.0638214999999036,1.347577100001217,31.68604651162791,5.0,0.0,True,17,baseline-20260606T025810Z-0f0b9b33,baseline,none,,,,,
0.5500724060194833,0.5500724060194833,0.5500724145344326,0.2836378046444484,0.3330432432038443,32.64918981279646,0.5913864374160767,0.5913864374160767,0.5913864374160767,0.3067418038845062,0.355805829167366,38.11163711547852,0.0,0.8,0.001,18,0.0609258000004047,1.408502900001622,30.11049723756906,5.0,0.001,True,18,baseline-20260606T025810Z-0f0b9b33,baseline,none,,,,,
0.5773524131093707,0.5370026315961566,0.5370026060513088,0.2759652776377542,0.3262966573238373,40.34978267124721,0.6218814551830292,0.5829291045665741,0.5829291343688965,0.3013617545366287,0.3519591838121414,38.95234107971192,0.001,0.8,0.001,19,0.0657253999997919,1.474228300001414,28.684210526315788,5.0,0.002,True,19,baseline-20260606T025810Z-0f0b9b33,baseline,none,,,,,
0.5984709858894348,0.5291516440255302,0.5291516440255302,0.2719850327287401,0.3214582715715681,34.65967151096889,0.6338614523410797,0.5792475044727325,0.5792475044727325,0.2991918623447418,0.3500695377588272,27.30697059631348,0.002,0.8,0.001,20,0.0601045000003068,1.534332800001721,27.38693467336684,5.0,0.0012003592294663,True,20,baseline-20260606T025810Z-0f0b9b33,baseline,none,,,,,
0.5691629222461155,0.5365777611732483,0.536577752658299,0.2754800149372646,0.3263721806662423,27.146180834089005,0.6055905222892761,0.5740577876567841,0.5740577578544617,0.2965546399354934,0.3468789011240005,26.26940631866455,0.0012003592294663,0.8,0.001,21,0.0592637000008835,1.5935965000026044,26.20192307692308,5.0,0.001875191646881,True,21,baseline-20260606T025810Z-0f0b9b33,baseline,none,,,,,
0.5809584174837384,0.528781362942287,0.5287813544273376,0.2722907960414886,0.3206131926604679,27.82492174421038,0.6243807077407837,0.5717965364456177,0.5717965364456177,0.2947952598333359,0.3462515920400619,28.04202175140381,0.001875191646881,0.8,0.001,22,0.0628706999996211,1.6564672000022256,25.11520737327189,5.0,0.002875191646881,True,22,baseline-20260606T025810Z-0f0b9b33,baseline,none,,,,,
0.5995484249932426,0.522527528660638,0.5225275499480111,0.2678232491016388,0.3183803558349609,26.788093294416157,0.6411523222923279,0.5729551315307617,0.5729551315307617,0.2957825809717178,0.3464656621217727,23.7191743850708,0.002875191646881,0.8,0.001,23,0.0584853999971528,1.7149525999993784,24.11504424778761,5.0,0.001875191646881,True,23,baseline-20260606T025810Z-0f0b9b33,baseline,none,,,,,
0.569752710206168,0.5231857470103672,0.5231857555253165,0.2686873291219984,0.3181230127811432,24.83317484174456,0.6172389686107635,0.5702620148658752,0.5702620148658752,0.2939600050449371,0.3453774899244308,25.051812171936035,0.001875191646881,0.8,0.001,24,0.0610984999984793,1.7760510999978578,23.191489361702125,5.0,0.002875191646881,True,24,baseline-20260606T025810Z-0f0b9b33,baseline,none,,,,,
0.5900772128786359,0.5173235791070121,0.5173235620771136,0.2660779399531228,0.3140570308480944,25.30392265319824,0.6372545659542084,0.5689419507980347,0.5689419209957123,0.2938137948513031,0.3439101725816726,23.75932884216309,0.002875191646881,0.8,0.001,25,0.0608835000020917,1.8369345999999496,22.33606557377049,5.0,0.003875191646881,True,25,baseline-20260606T025810Z-0f0b9b33,baseline,none,,,,,
0.6039974434035165,0.5166676385062081,0.5166676299912589,0.2655064421040671,0.313951483794621,22.53561074393136,0.644728034734726,0.5666229426860809,0.5666229426860809,0.2916948944330215,0.3436600714921951,20.155160903930664,0.003875191646881,0.8,0.001,26,0.0622356999992916,1.8991702999992413,21.541501976284582,5.0,0.002875191646881,True,26,baseline-20260606T025810Z-0f0b9b33,baseline,none,,,,,
0.5821555852890015,0.5199284468378339,0.5199284638677325,0.2673711521284921,0.3156966141292027,21.642779758998326,0.6298441290855408,0.5650472640991211,0.5650472640991211,0.2906929701566696,0.3429428786039352,22.536538124084476,0.002875191646881,0.8,0.001,27,0.0632031000022834,1.9623734000015247,20.80152671755725,5.0,0.003875191646881,True,27,baseline-20260606T025810Z-0f0b9b33,baseline,none,,,,,
0.6010895030839103,0.5126792022160122,0.5126792022160122,0.2629850506782532,0.3121176745210375,22.814433234078543,0.646611899137497,0.5646075010299683,0.5646074712276459,0.2905970066785812,0.3425130695104599,21.161372184753414,0.003875191646881,0.8,0.001,28,0.0603655000013532,2.022738900002878,20.11070110701107,5.0,0.004875191646881,True,28,baseline-20260606T025810Z-0f0b9b33,baseline,none,,,,,
0.6147712383951459,0.5179427521569389,0.5179427521569389,0.2659980186394283,0.3149309200899942,19.861473083496094,0.6495912671089172,0.5623608827590942,0.5623608827590942,0.2891319394111633,0.3415361940860748,17.892708778381348,0.004875191646881,0.8,0.001,29,0.0590154999990772,2.081754400001955,19.46428571428571,5.0,0.003875191646881,True,29,baseline-20260606T025810Z-0f0b9b33,baseline,none,,,,,
0.5912778718130929,0.5144361853599548,0.5144361768450055,0.2643874245030539,0.3125609542642321,19.82913725716727,0.6427069902420044,0.5608418881893158,0.5608418881893158,0.2888441383838653,0.3399971723556518,21.125436782836918,0.003875191646881,0.8,0.001,30,0.0588429999988875,2.1405974000008428,18.858131487889278,5.0,0.004875191646881,True,30,baseline-20260606T025810Z-0f0b9b33,baseline,none,,,,,
0.6101634672709874,0.5086848991257804,0.5086849076407296,0.260628023317882,0.3100710979529789,20.815300805228095,0.647932380437851,0.556618869304657,0.556618869304657,0.2865576595067978,0.3375764936208725,18.73024272918701,0.004875191646881,0.8,0.001,31,0.0590783000006922,2.199675700001535,18.288590604026847,5.0,0.005875191646881,True,31,baseline-20260606T025810Z-0f0b9b33,baseline,none,,,,,
0.6227827327592033,0.5166681408882141,0.5166681579181126,0.2666977260793958,0.3124630451202392,18.06147003173828,0.6612007915973663,0.5626048147678375,0.5626048147678375,0.2898843288421631,0.3409005850553512,16.781746864318848,0.005875191646881,0.8,0.001,32,0.0625933000010263,2.2622690000025614,17.752442996742666,5.0,0.004875191646881,True,32,baseline-20260606T025810Z-0f0b9b33,baseline,none,,,,,
0.6034964663641793,0.5122883660452706,0.5122883660452706,0.2636488207748958,0.3107994198799133,18.708620071411133,0.6526998281478882,0.5561618506908417,0.5561618208885193,0.2866377979516983,0.3369050472974777,19.80188465118408,0.004875191646881,0.8,0.001,33,0.0645643999996536,2.326833400002215,17.246835443037973,5.0,0.005875191646881,True,33,baseline-20260606T025810Z-0f0b9b33,baseline,none,,,,,
0.6211510130337307,0.5080224786485944,0.5080224871635437,0.2605699811662946,0.3093156218528747,19.25529398236956,0.6577710807323456,0.5538579225540161,0.5538579225540161,0.2848444432020187,0.3362668454647064,17.686766624450684,0.005875191646881,0.8,0.001,34,0.063492799999949,2.390326200002164,16.769230769230766,5.0,0.006875191646881,True,34,baseline-20260606T025810Z-0f0b9b33,baseline,none,,,,,
0.6286247202328273,0.5125265760081155,0.512526593038014,0.2632793230669839,0.3115590810775757,16.886532647269114,0.6657875180244446,0.5534956753253937,0.5534956455230713,0.2839373499155044,0.3369478583335876,16.33290195465088,0.006875191646881,0.8,0.001,35,0.0587658000004012,2.4490920000025653,16.317365269461078,5.0,0.0070305584987791,True,35,baseline-20260606T025810Z-0f0b9b33,baseline,none,,,,,
0.6335574473653521,0.5144534451620919,0.5144534366471427,0.2635690655027117,0.3136054575443268,16.940903527396067,0.6759158372879028,0.5573229491710663,0.5573229491710663,0.2856933027505874,0.3395370692014694,16.868205070495605,0.0070305584987791,0.8,0.001,36,0.0586666999988665,2.507758700001432,15.889212827988338,5.0,0.0080305584987791,True,36,baseline-20260606T025810Z-0f0b9b33,baseline,none,,,,,
0.6469255856105259,0.5138040440423148,0.5138040355273655,0.264909735747746,0.3111178747245243,16.576871599469865,0.6802119016647339,0.5541751980781555,0.5541751980781555,0.2852136492729187,0.3362019509077072,15.694633960723875,0.0080305584987791,0.8,0.001,37,0.0599231999985931,2.567681900000025,15.482954545454549,5.0,0.0090305584987791,True,37,baseline-20260606T025810Z-0f0b9b33,baseline,none,,,,,
0.6621818116733006,0.5222928779465812,0.5222928694316319,0.2688033538205283,0.3168619147368839,15.49061952318464,0.6922290325164795,0.5552260279655457,0.5552260279655457,0.2855670154094696,0.3370737582445144,15.171048164367676,0.0090305584987791,0.8,0.001,38,0.0588707999995676,2.6265526999995927,15.096952908587255,5.0,0.0097715110565833,True,38,baseline-20260606T025810Z-0f0b9b33,baseline,none,,,,,
0.6698425327028547,0.5201779774257115,0.5201779774257115,0.269695907831192,0.3131025987012045,15.31641960144043,0.6990818679332733,0.5526297986507416,0.5526297688484192,0.2838680446147918,0.3359521925449371,14.987660884857178,0.0097715110565833,0.8,0.001,39,0.0627716999988479,2.6893243999984406,14.729729729729732,5.0,0.0107715110565833,True,39,baseline-20260606T025810Z-0f0b9b33,baseline,none,,,,,
0.6804315788405282,0.521817181791578,0.5218171903065273,0.2690190715449197,0.3159976431301662,14.725361279078893,0.7079944610595703,0.5521555542945862,0.5521555542945862,0.2829378545284271,0.3365220874547958,14.467691898345947,0.0107715110565833,0.8,0.001,40,0.062558400000853,2.7518827999992936,14.379947229551448,5.0,0.0116489577445283,True,40,baseline-20260606T025810Z-0f0b9b33,baseline,none,,,,,
0.6950198837688991,0.5280206884656634,0.5280206969806126,0.2728803881577083,0.3189253679343632,14.3359774180821,0.7141121923923492,0.5524059534072876,0.5524059534072876,0.2842885255813598,0.3351467698812485,13.881605625152588,0.0116489577445283,0.8,0.001,41,0.0588921999988087,2.8107749999981024,14.046391752577314,5.0,0.0106489577445283,True,41,baseline-20260606T025810Z-0f0b9b33,baseline,none,,,,,
0.6762689437185015,0.5218804436070579,0.5218804521220071,0.2688004544803074,0.3163499959877559,14.497991289411273,0.7087762653827667,0.5526024997234344,0.5526024997234344,0.284026563167572,0.3357199430465698,14.665639400482178,0.0106489577445283,0.8,0.001,42,0.067488200002117,2.8782632000002195,13.727959697733,5.0,0.0116489577445283,True,42,baseline-20260606T025810Z-0f0b9b33,baseline,none,,,,,
0.6866731132779803,0.5180886558123997,0.5180886472974505,0.2671109480517251,0.3137221336364746,14.472063609531949,0.7049603462219238,0.5497840344905853,0.5497840344905853,0.282109335064888,0.3345933705568313,13.321047306060793,0.0116489577445283,0.8,0.001,43,0.059048499999335,2.9373116999995545,13.423645320197046,5.0,0.0106489577445283,True,43,baseline-20260606T025810Z-0f0b9b33,baseline,none,,,,,
0.675993059362684,0.521950398172651,0.521950398172651,0.2681676915713719,0.3172283811228616,14.465516226632255,0.7064061462879181,0.5516537427902222,0.5516537427902222,0.2831116914749145,0.3356775492429733,14.53216314315796,0.0106489577445283,0.8,0.001,44,0.0601056000014068,2.9974173000009614,13.132530120481931,5.0,0.0116489577445283,True,44,baseline-20260606T025810Z-0f0b9b33,baseline,none,,,,,
0.6836092642375401,0.5153353895459857,0.5153353895459857,0.2656943925789424,0.3120512408869607,14.445401872907366,0.7077897191047668,0.5488806366920471,0.5488806366920471,0.2819512486457824,0.3336616903543472,13.641485214233398,0.0116489577445283,0.8,0.001,45,0.0642914000018208,3.0617087000027823,12.85377358490566,5.0,0.0126489577445283,True,45,baseline-20260606T025810Z-0f0b9b33,baseline,none,,,,,
0.6980366281100682,0.5271381906100682,0.5271381906100682,0.2730285695620945,0.317637026309967,13.510870933532717,0.7276142835617065,0.5570969879627228,0.5570969879627228,0.2871648520231247,0.3374151736497879,13.480738162994385,0.0126489577445283,0.8,0.001,46,0.0662606000005325,3.127969300003315,12.586605080831404,5.0,0.0136489577445283,True,46,baseline-20260606T025810Z-0f0b9b33,baseline,none,,,,,
0.7156753880637032,0.5302402632577079,0.5302402717726571,0.2738646481718336,0.3204695071492876,13.586027554103309,0.7286480069160461,0.5499576926231384,0.5499576926231384,0.282623752951622,0.3341673910617828,13.091864109039308,0.0136489577445283,0.8,0.001,47,0.0593064999993657,3.1872758000026806,12.33031674208145,5.0,0.0146489577445283,True,47,baseline-20260606T025810Z-0f0b9b33,baseline,none,,,,,
0.7237323948315212,0.530367740562984,0.530367740562984,0.2753667533397674,0.3187512287071773,13.199891226632255,0.7331878840923309,0.5484828948974609,0.5484828948974609,0.282613143324852,0.3323371559381485,12.608745574951172,0.0146489577445283,0.8,0.001,48,0.0589712000000872,3.246247000002768,12.084257206208427,5.0,0.0156489577445283,True,48,baseline-20260606T025810Z-0f0b9b33,baseline,none,,,,,
0.7316395044326782,0.5311555010931832,0.5311555010931832,0.2740353643894195,0.3214001570429121,12.811332838875908,0.749580055475235,0.5530361831188202,0.5530361831188202,0.2834138423204422,0.3370279371738434,12.559552192687988,0.0156489577445283,0.8,0.001,49,0.0584231000029831,3.304670100005751,11.847826086956523,5.0,0.0166489577445283,True,49,baseline-20260606T025810Z-0f0b9b33,baseline,none,,,,,
0.7467871734074184,0.5353359409740993,0.5353359409740993,0.2779988859380994,0.3216713156018938,12.70056860787528,0.7535657584667206,0.5518322288990021,0.5518322288990021,0.2852355241775512,0.3332458883523941,12.116886615753174,0.0166489577445283,0.8,0.001,50,0.05850019999707,3.363170300002821,11.620469083155657,5.0,0.0176489577445283,True,50,baseline-20260606T025810Z-0f0b9b33,baseline,none,,,,,
0.7620987892150879,0.5452981420925685,0.5452981335776192,0.2843212527888162,0.326221091406686,12.284048080444336,0.7620220482349396,0.5479317307472229,0.5479317307472229,0.2814107984304428,0.3331511467695236,12.130480766296388,0.0176489577445283,0.8,0.001,51,0.060645999998087,3.423816300000908,11.40167364016736,5.0,0.0186489577445283,True,51,baseline-20260606T025810Z-0f0b9b33,baseline,none,,,,,
0.7687788265092033,0.5436281221253532,0.5436281306403024,0.2817195696490152,0.3273857023034777,12.073098591395787,0.7742514312267303,0.5553064346313477,0.5553064346313477,0.2871181666851043,0.3352353274822235,11.740334510803224,0.0186489577445283,0.8,0.001,52,0.0623331999995571,3.486149500000465,11.190965092402465,5.0,0.0196489577445283,True,52,baseline-20260606T025810Z-0f0b9b33,baseline,none,,,,,
0.7763259410858154,0.547558069229126,0.547558069229126,0.2861413061618805,0.3267709655421121,11.64274787902832,0.7762101292610168,0.5492923855781555,0.5492923855781555,0.2837211042642593,0.3319641053676605,11.548589706420898,0.0196489577445283,0.8,0.001,53,0.0604228000011062,3.5465723000015714,10.987903225806448,5.0,0.0206489577445283,True,53,baseline-20260606T025810Z-0f0b9b33,baseline,none,,,,,
0.7867342574255807,0.544687739440373,0.5446877479553223,0.2842392325401306,0.3255606421402522,11.721972601754326,0.7698283791542053,0.5498217940330505,0.5498217940330505,0.2835549712181091,0.3328335285186767,10.65460968017578,0.0206489577445283,0.8,0.001,54,0.0584730000009585,3.60504530000253,10.792079207920786,5.0,0.0196489577445283,True,54,baseline-20260606T025810Z-0f0b9b33,baseline,none,,,,,
0.7741882375308445,0.5435858198574611,0.5435858198574611,0.2829694960798536,0.3257703994001661,11.7361147744315,0.7787177860736847,0.5494213104248047,0.5494213104248047,0.282383918762207,0.3337967544794082,11.669649600982666,0.0196489577445283,0.8,0.001,55,0.0651072000000567,3.6701525000025863,10.603112840466927,5.0,0.0206489577445283,True,55,baseline-20260606T025810Z-0f0b9b33,baseline,none,,,,,
0.7914260200091771,0.5564872622489929,0.5564872707639422,0.2913825128759656,0.3313809505530766,11.37775421142578,0.791640043258667,0.5486241281032562,0.5486241281032562,0.28274767100811,0.3323455452919006,11.76891803741455,0.0206489577445283,0.8,0.001,56,0.0592966999975033,3.72944920000009,10.42065009560229,5.0,0.0216489577445283,True,56,baseline-20260606T025810Z-0f0b9b33,baseline,none,,,,,
0.7983273693493435,0.5490415351731437,0.5490415351731437,0.2868338780743735,0.3277595426355089,11.5149108341762,0.8020721673965454,0.5616464018821716,0.5616464018821716,0.289689376950264,0.3399462550878525,11.105650424957275,0.0216489577445283,0.8,0.001,57,0.0619788999974844,3.7914280999975754,10.244360902255636,5.0,0.0226489577445283,True,57,baseline-20260606T025810Z-0f0b9b33,baseline,none,,,,,
0.8083312255995614,0.5555644375937325,0.5555644461086818,0.2902155901704515,0.3316860582147325,11.160195214407784,0.7903806567192078,0.5545799434185028,0.5545799732208252,0.2859528511762619,0.3357838839292526,10.4111065864563,0.0226489577445283,0.8,0.001,58,0.0638131999985489,3.8552412999961234,10.073937153419593,5.0,0.0236489577445283,True,58,baseline-20260606T025810Z-0f0b9b33,baseline,none,,,,,
0.8199810981750488,0.5574232510157994,0.5574232510157994,0.2915927810328347,0.3322880693844386,11.10230050768171,0.7987600564956665,0.5501470267772675,0.5501469969749451,0.2831568121910095,0.3337377607822418,10.51264190673828,0.0236489577445283,0.8,0.001,59,0.0623616999982914,3.917602999994415,9.909090909090908,5.0,0.0246489577445283,True,59,baseline-20260606T025810Z-0f0b9b33,baseline,none,,,,,
0.8256134305681501,0.5592707651002067,0.5592707565852574,0.2925437305654798,0.3334087601729801,10.805433545793806,0.795826643705368,0.5476096868515015,0.5476096570491791,0.2815692573785782,0.3325504958629608,10.07007884979248,0.0246489577445283,0.8,0.001,60,0.0675503000020398,3.985153299996455,9.749552772808585,5.0,0.0256489577445283,True,60,baseline-20260606T025810Z-0f0b9b33,baseline,none,,,,,
0.8298694661685398,0.559734719140189,0.5597347106252398,0.2926846998078482,0.3338125092642648,10.531997271946498,0.8074486255645752,0.55530846118927,0.55530846118927,0.287083238363266,0.3352815210819244,9.830424308776855,0.0256489577445283,0.8,0.001,61,0.0657293000003846,4.050882599996839,9.595070422535208,5.0,0.0266489577445283,True,61,baseline-20260606T025810Z-0f0b9b33,baseline,none,,,,,
0.8411928755896432,0.5661904556410653,0.5661904386111668,0.29803438271795,0.3351950688021524,10.319444247654506,0.8176775574684143,0.553390234708786,0.553390234708786,0.2849661409854889,0.335530087351799,9.91736125946045,0.0266489577445283,0.8,0.001,62,0.0662960999979986,4.117178699994838,9.44540727902946,5.0,0.0276489577445283,True,62,baseline-20260606T025810Z-0f0b9b33,baseline,none,,,,,
0.8502304468836103,0.565344784940992,0.565344784940992,0.2951906536306654,0.3376926737172263,10.30366734095982,0.8129632472991943,0.5523335933685303,0.5523335933685303,0.2861415892839432,0.3327400088310241,9.426381587982178,0.0276489577445283,0.8,0.001,63,0.062353899997106,4.179532599991944,9.300341296928323,5.0,0.0286489577445283,True,63,baseline-20260606T025810Z-0f0b9b33,baseline,none,,,,,
0.864110665661948,0.570535055228642,0.570535055228642,0.2989521792956761,0.3394785906587328,10.247340066092354,0.8238399624824524,0.5527265071868896,0.5527265071868896,0.2855662852525711,0.3339502513408661,9.463292121887209,0.0286489577445283,0.8,0.001,64,0.0629445999984454,4.24247719999039,9.15966386554622,5.0,0.0296489577445283,True,64,baseline-20260606T025810Z-0f0b9b33,baseline,none,,,,,
0.8704388397080558,0.5799113937786647,0.5799113937786647,0.3059177015508924,0.3424920993191855,9.798909051077706,0.841804027557373,0.5560695827007294,0.5560695827007294,0.2886618226766586,0.3342597037553787,9.637250423431396,0.0296489577445283,0.8,0.001,65,0.0609498000012536,4.303426999991643,9.02317880794702,5.0,0.0306489577445283,True,65,baseline-20260606T025810Z-0f0b9b33,baseline,none,,,,,
0.8802805372646877,0.5824467539787292,0.58244674546378,0.3058725552899496,0.3457177323954446,9.71758256639753,0.845949649810791,0.5537213087081909,0.5537213087081909,0.285751610994339,0.3349621146917343,9.53469181060791,0.0306489577445283,0.8,0.001,66,0.0587944999970204,4.362221499988664,8.890701468189235,5.0,0.0316489577445283,True,66,baseline-20260606T025810Z-0f0b9b33,baseline,none,,,,,
0.8902901496206012,0.5852803843361991,0.5852803758212498,0.3088216824190957,0.3455733316285269,9.63727719443185,0.853449285030365,0.552424818277359,0.5524248480796814,0.2854359894990921,0.3337360620498657,9.511354923248293,0.0316489577445283,0.8,0.001,67,0.0655960000003688,4.4278174999890325,8.762057877813504,5.0,0.0326489577445283,True,67,baseline-20260606T025810Z-0f0b9b33,baseline,none,,,,,
0.8973835280963353,0.586292564868927,0.5862925563539777,0.3087668802056993,0.346907091992242,9.528358323233467,0.858853667974472,0.5528626441955566,0.5528626441955566,0.2860089540481567,0.3335671424865722,9.372152328491213,0.0326489577445283,0.8,0.001,68,0.0588096999999834,4.486627199989016,8.637083993660859,5.0,0.0336489577445283,True,68,baseline-20260606T025810Z-0f0b9b33,baseline,none,,,,,
0.9114030173846652,0.5898313777787345,0.5898313777787345,0.310942815882819,0.3486106778894152,9.556659970964704,0.8572521209716797,0.559074193239212,0.559074193239212,0.2906297594308853,0.3355555534362793,8.86143159866333,0.0336489577445283,0.8,0.001,69,0.0589819999986502,4.545609199987666,8.515625,5.0,0.0346489577445283,True,69,baseline-20260606T025810Z-0f0b9b33,baseline,none,,,,,
0.9185995204108102,0.5904359306607928,0.5904359221458435,0.3106687239238194,0.349709004163742,9.471095630100796,0.862589418888092,0.5646710991859436,0.5646710991859436,0.291712999343872,0.3411976546049118,8.598188877105713,0.0346489577445283,0.8,0.001,70,0.0632674999978917,4.608876699985558,8.397534668721107,5.0,0.0356489577445283,True,70,baseline-20260606T025810Z-0f0b9b33,baseline,none,,,,,
0.9261580450194222,0.5962177770478385,0.5962177855627877,0.3142985999584198,0.3523989617824554,9.25525678907122,0.8723577260971069,0.5574410557746887,0.5574410557746887,0.288811057806015,0.3357874900102615,8.83382511138916,0.0356489577445283,0.8,0.001,71,0.0593979000004765,4.668274599986034,8.282674772036472,5.0,0.0366489577445283,True,71,baseline-20260606T025810Z-0f0b9b33,baseline,none,,,,,
0.9384316205978394,0.6118847557476589,0.6118847727775574,0.3254294948918478,0.3580690750053951,8.910127094813756,0.9052067399024964,0.558474063873291,0.558474063873291,0.2897012382745743,0.335966020822525,9.460915088653564,0.0366489577445283,0.8,0.001,72,0.0684575999985099,4.736732199984544,8.170914542728639,5.0,0.0376489577445283,True,72,baseline-20260606T025810Z-0f0b9b33,baseline,none,,,,,
0.9458353774888176,0.606497585773468,0.6064975687435695,0.3208034038543701,0.3571177124977112,9.013205392020089,0.8884342610836029,0.5607175827026367,0.5607175529003143,0.2903143465518951,0.3380039930343628,8.704535484313965,0.0376489577445283,0.8,0.001,73,0.0611149999967892,4.797847199981334,8.062130177514796,5.0,0.0386489577445283,True,73,baseline-20260606T025810Z-0f0b9b33,baseline,none,,,,,
0.9521725944110324,0.6094878741673061,0.6094878741673061,0.3210515933377402,0.3605453329426901,8.866595813206263,0.8884746730327606,0.5615685284137726,0.5615685284137726,0.2905863374471664,0.3387277275323868,8.458343029022217,0.0386489577445283,0.8,0.001,74,0.0618808999970497,4.859728099978383,7.956204379562045,5.0,0.0396489577445283,True,74,baseline-20260606T025810Z-0f0b9b33,baseline,none,,,,,
0.9665423035621644,0.6210813181740897,0.6210813181740897,0.3284794560500553,0.365752318075725,8.712990488324847,0.8997206091880798,0.5620234608650208,0.5620234608650208,0.2909154295921325,0.338885024189949,8.517176151275635,0.0396489577445283,0.8,0.001,75,0.0621509000011428,4.921878999979526,7.853025936599423,5.0,0.0406489577445283,True,75,baseline-20260606T025810Z-0f0b9b33,baseline,none,,,,,
0.9684154646737236,0.6136007053511483,0.6136006968361991,0.3243709802627563,0.361537149974278,8.72875349862235,0.8894229233264923,0.5699842572212219,0.5699842572212219,0.2953715473413467,0.3432658761739731,7.858470916748047,0.0406489577445283,0.8,0.001,76,0.060533600000781,4.982412599980307,7.752489331436699,5.0,0.0416489577445283,True,76,baseline-20260606T025810Z-0f0b9b33,baseline,none,,,,,
0.9821613430976868,0.6189159069742475,0.6189158984592983,0.3282299212047032,0.3633574375084468,8.721597399030413,0.8979083299636841,0.565232515335083,0.565232515335083,0.2944170534610748,0.3385193198919296,7.987614870071411,0.0416489577445283,0.8,0.001,77,0.0632426000011037,5.045655199981411,7.65449438202247,5.0,0.0426489577445283,True,77,baseline-20260606T025810Z-0f0b9b33,baseline,none,,,,,
0.9728081056049892,0.6231440731457302,0.6231440816606794,0.3305164916174752,0.3657844747815813,8.198654038565499,0.9025767147541046,0.5610775053501129,0.5610775053501129,0.291693702340126,0.3367297649383545,8.007211685180664,0.0426489577445283,0.8,0.001,78,0.0651782999993884,5.110833499980799,7.558945908460473,5.0,0.0436489577445283,True,78,baseline-20260606T025810Z-0f0b9b33,baseline,none,,,,,
0.9953376821109228,0.6315897107124329,0.6315897107124329,0.3375855045659201,0.3675052608762468,8.33348546709333,0.9353365302085876,0.561793714761734,0.5617936849594116,0.2911796271800995,0.3382675945758819,8.557886123657227,0.0436489577445283,0.8,0.001,79,0.0659225999988848,5.176756099979684,7.465753424657535,5.0,0.0446489577445283,True,79,baseline-20260606T025810Z-0f0b9b33,baseline,none,,,,,
0.9929275342396328,0.627145630972726,0.6271456394876752,0.3333012248788561,0.3673054916518075,8.192395346505302,0.90738445520401,0.564178854227066,0.564178854227066,0.2919705510139465,0.3402603566646576,7.686754941940308,0.0446489577445283,0.8,0.001,80,0.0672999999987951,5.244056099978479,7.374830852503379,5.0,0.0456489577445283,True,80,baseline-20260606T025810Z-0f0b9b33,baseline,none,,,,,
1.0022273319108146,0.6257448962756565,0.6257448962756565,0.3310639858245849,0.368351114647729,8.247338703700475,0.9131462275981904,0.5689236521720886,0.5689236521720886,0.2964464873075485,0.3405964523553848,7.540645122528076,0.0456489577445283,0.8,0.001,81,0.0619184000024688,5.305974499980948,7.286096256684488,5.0,0.0466489577445283,True,81,baseline-20260606T025810Z-0f0b9b33,baseline,none,,,,,
1.0214099884033203,0.6422034502029419,0.6422034246580941,0.3433187944548471,0.373605809041432,8.128939015524727,0.9386923909187316,0.5754926204681396,0.5754926204681396,0.2997578829526901,0.3446684330701828,7.785806894302368,0.0466489577445283,0.8,0.001,82,0.0606533999998646,5.366627899980813,7.199471598414796,5.0,0.0476489577445283,True,82,baseline-20260606T025810Z-0f0b9b33,baseline,none,,,,,
1.0290841630526952,0.6490563835416522,0.6490563835416522,0.3451733333723886,0.3798538148403168,7.975573062896728,0.9213533103466034,0.574864000082016,0.5748639702796936,0.3027766346931457,0.3401091694831848,7.271707773208618,0.0476489577445283,0.8,0.001,83,0.0626013000000966,5.4292291999809095,7.114882506527415,5.0,0.0486489577445283,True,83,baseline-20260606T025810Z-0f0b9b33,baseline,none,,,,,
1.0362600769315446,0.6552515881402152,0.6552515796252659,0.3500059289591653,0.3815570473670959,7.831790855952671,0.9422159194946288,0.5665422976016998,0.5665422976016998,0.2955553829669952,0.3387336134910583,7.722131013870239,0.0486489577445283,0.8,0.001,84,0.0586488000008103,5.48787799998172,7.032258064516128,5.0,0.0496489577445283,True,84,baseline-20260606T025810Z-0f0b9b33,baseline,none,,,,,
1.0372095278331213,0.6558370249611991,0.6558370419910976,0.3502844274044037,0.3819407394954136,7.681378841400146,0.9427809119224548,0.574425607919693,0.5744256377220154,0.3012805134057998,0.3414313942193985,7.419195175170898,0.0496489577445283,0.8,0.001,85,0.0614554999992833,5.549333499981003,6.951530612244902,5.0,0.0506489577445283,True,85,baseline-20260606T025810Z-0f0b9b33,baseline,none,,,,,
1.048510960170201,0.650668203830719,0.6506681868008205,0.3470374771526882,0.3795383998325893,7.854905196598598,0.9328743517398834,0.5714603066444397,0.5714603066444397,0.297884538769722,0.3419696688652038,7.135665655136108,0.0506489577445283,0.8,0.001,86,0.0594404000003123,5.608773899981316,6.872635561160152,5.0,0.0516489577445283,True,86,baseline-20260606T025810Z-0f0b9b33,baseline,none,,,,,
1.0502161809376307,0.6555255140577044,0.6555255055427551,0.350718936749867,0.3810082120554788,7.641792978559222,0.9483817219734192,0.5688409209251404,0.5688409209251404,0.2948596924543381,0.3424765318632126,7.348469018936157,0.0516489577445283,0.8,0.001,87,0.0653660000025411,5.674139899983857,6.795511221945134,5.0,0.0526489577445283,True,87,baseline-20260606T025810Z-0f0b9b33,baseline,none,,,,,
1.0643548795155116,0.6657581159046718,0.6657581159046718,0.3546650920595441,0.3888662585190364,7.570838587624686,0.9644989669322968,0.5693017840385437,0.5693017840385437,0.2962605804204941,0.3413014858961105,7.506268262863159,0.0526489577445283,0.8,0.001,88,0.0609149999982037,5.73505489998206,6.720098643649813,5.0,0.0536489577445283,True,88,baseline-20260606T025810Z-0f0b9b33,baseline,none,,,,,
1.0595330851418632,0.6592318330492292,0.65923182453428,0.3522295185497829,0.3837528782231467,7.461492129734585,0.9547095596790314,0.5741453766822815,0.5741453766822815,0.3008819371461868,0.3415793031454086,7.093599081039429,0.0536489577445283,0.8,0.001,89,0.0649274999996123,5.799982399981673,6.646341463414636,5.0,0.0546489577445283,True,89,baseline-20260606T025810Z-0f0b9b33,baseline,none,,,,,
1.066948550088065,0.667654846395765,0.667654846395765,0.3572876793997628,0.3879589395863669,7.30651991707938,0.9569918215274812,0.5635164380073547,0.5635164380073547,0.2932674884796142,0.3378111720085144,7.200052499771118,0.0546489577445283,0.8,0.001,90,0.0669239999988349,5.866906399980508,6.57418576598311,5.0,0.0556489577445283,True,90,baseline-20260606T025810Z-0f0b9b33,baseline,none,,,,,
1.0723800659179688,0.6623552526746478,0.6623552526746478,0.3530355138438089,0.3866496597017561,7.368059430803571,0.9549668431282043,0.572691947221756,0.572691947221756,0.29954594373703,0.341432511806488,6.869399070739746,0.0556489577445283,0.8,0.001,91,0.0628799999976763,5.929786399978184,6.503579952267302,5.0,0.0566489577445283,True,91,baseline-20260606T025810Z-0f0b9b33,baseline,none,,,,,
1.0815532037190028,0.6677500861031669,0.6677500946181161,0.35801933492933,0.3871634474822453,7.304690497262137,0.970434546470642,0.5762491822242737,0.5762491822242737,0.3003565222024917,0.3448657840490341,6.958386421203613,0.0566489577445283,0.8,0.001,92,0.0609053999978641,5.990691799976048,6.434474616292796,5.0,0.0576489577445283,True,92,baseline-20260606T025810Z-0f0b9b33,baseline,none,,,,,
1.0922103098460607,0.6864285639354161,0.6864285639354161,0.3690080983298165,0.3967755905219486,7.038839748927525,1.0017538368701937,0.575987696647644,0.575987696647644,0.3006118088960647,0.3442198038101196,7.385496139526367,0.0576489577445283,0.8,0.001,93,0.0607826999985263,6.051474499974574,6.3668224299065415,5.0,0.0586489577445283,True,93,baseline-20260606T025810Z-0f0b9b33,baseline,none,,,,,
1.0977391515459334,0.6752030849456787,0.6752030764307294,0.3613238760403224,0.3923490004880087,7.204494271959577,0.9604936242103576,0.5832075774669647,0.5832075476646423,0.3060039132833481,0.3465045690536499,6.432953596115112,0.0586489577445283,0.8,0.001,94,0.0610221999995701,6.112496699974145,6.300578034682083,5.0,0.0596489577445283,True,94,baseline-20260606T025810Z-0f0b9b33,baseline,none,,,,,
1.1019583429609026,0.6737580980573382,0.6737580980573382,0.3621787386281149,0.389474196093423,7.178671087537493,0.9756217002868652,0.5760803818702698,0.5760804116725922,0.3017874956130981,0.3428661227226257,6.698211431503296,0.0596489577445283,0.8,0.001,95,0.0635944999994535,6.176091199973598,6.235697940503435,5.0,0.0606489577445283,True,95,baseline-20260606T025810Z-0f0b9b33,baseline,none,,,,,
1.109520094735282,0.6920649835041591,0.6920649664742606,0.3705281487533024,0.4019210253443037,6.883137021745954,0.989264190196991,0.5841719806194305,0.5841719508171082,0.3070976585149765,0.3463428765535354,6.679294109344482,0.0606489577445283,0.8,0.001,96,0.0594576999974378,6.235548899971036,6.172140430351078,5.0,0.0616489577445283,True,96,baseline-20260606T025810Z-0f0b9b33,baseline,none,,,,,
1.1085340806416102,0.685772716999054,0.6857727084841047,0.3675630177770342,0.3977621027401515,6.857559067862375,0.9816313982009888,0.5823862850666046,0.582386314868927,0.3062164485454559,0.3452122956514358,6.476104736328125,0.0616489577445283,0.8,0.001,97,0.060908899999049,6.296457799970085,6.109865470852014,5.0,0.0626489577445283,True,97,baseline-20260606T025810Z-0f0b9b33,baseline,none,,,,,
1.130600588662284,0.6911013041223798,0.6911013126373291,0.3713461628981999,0.3996939318520682,7.015268530164446,0.9866189360618592,0.5781543254852295,0.5781543254852295,0.3025861382484436,0.34446020424366,6.51989483833313,0.0626489577445283,0.8,0.001,98,0.0592977000014798,6.355755499971565,6.048834628190896,5.0,0.0636489577445283,True,98,baseline-20260606T025810Z-0f0b9b33,baseline,none,,,,,
1.1281921012060985,0.7066932916641235,0.706693308694022,0.3804933428764343,0.4077499381133488,6.622243131910052,1.0165693759918213,0.5770093500614166,0.5770093500614166,0.3009341657161712,0.3450939953327179,6.906005144119263,0.0636489577445283,0.8,0.001,99,0.0595186999998986,6.415274199971464,5.989010989010993,5.0,0.0646489577445283,True,99,baseline-20260606T025810Z-0f0b9b33,baseline,none,,,,,
1.134657689503261,0.70406631061009,0.7040663276399884,0.3795434577124459,0.4056535831519535,6.660453796386719,0.99350044131279,0.5906522870063782,0.5906522870063782,0.3112061768770218,0.3493076115846634,6.231317043304443,0.0646489577445283,0.8,0.001,100,0.0605589000006148,6.475833099972078,5.930359085963005,5.0,0.0656489577445283,True,100,baseline-20260606T025810Z-0f0b9b33,baseline,none,,,,,
1.146813017981393,0.6974397727421352,0.6974397812570844,0.3766625438417707,0.4009715488978794,6.845093182155064,0.993725061416626,0.5886816382408142,0.5886816382408142,0.3095922321081161,0.3488617390394211,6.169837951660156,0.0656489577445283,0.8,0.001,101,0.0616668999973626,6.537499999969441,5.872844827586206,5.0,0.0666489577445283,True,101,baseline-20260606T025810Z-0f0b9b33,baseline,none,,,,,
1.148623721940177,0.7058936612946647,0.7058936442647662,0.3805086995874132,0.4067311712673732,6.642715385981968,1.0150699615478516,0.5856572389602661,0.5856572389602661,0.3070553690195083,0.3482523709535599,6.442902326583862,0.0666489577445283,0.8,0.001,102,0.0627878999985114,6.600287899967952,5.81643543223052,5.0,0.0676489577445283,True,102,baseline-20260606T025810Z-0f0b9b33,baseline,none,,,,,
1.1500836951392035,0.7017980984279087,0.701798106942858,0.3779026653085436,0.4048692839486258,6.626644883837018,0.993554711341858,0.5869486927986145,0.5869486629962921,0.3079861253499985,0.3487031757831573,6.010529279708862,0.0676489577445283,0.8,0.001,103,0.0659856000020226,6.666273499969975,5.761099365750525,5.0,0.0686489577445283,True,103,baseline-20260606T025810Z-0f0b9b33,baseline,none,,,,,
1.1531207731791906,0.7032914161682129,0.7032914417130607,0.3781716355255672,0.4063997183527265,6.5526031766619,0.9809484779834748,0.5844079852104187,0.5844079852104187,0.307597666978836,0.3460128903388977,5.776351690292358,0.0686489577445283,0.8,0.001,104,0.0692574999993667,6.735530999969342,5.706806282722511,5.0,0.0693444118202268,True,104,baseline-20260606T025810Z-0f0b9b33,baseline,none,,,,,
1.147536209651402,0.7229486789022174,0.7229486618723188,0.3902462422847748,0.4158780149051121,6.122880731310163,1.0340973138809204,0.5857943892478943,0.5857943892478943,0.30715012550354,0.3483053147792816,6.464874744415283,0.0693444118202268,0.8,0.001,105,0.0651608000007399,6.800691799970082,5.65352697095436,5.0,0.0703444118202268,True,105,baseline-20260606T025810Z-0f0b9b33,baseline,none,,,,,
1.1609665496008736,0.7151684590748378,0.7151684505598885,0.3850488407271249,0.4126495165484292,6.337363243103027,1.0093140602111816,0.5894942581653595,0.5894942581653595,0.3096775710582733,0.3497708737850189,5.968061685562134,0.0703444118202268,0.8,0.001,106,0.0618962000007741,6.862587999970856,5.601233299075027,5.0,0.0713444118202268,True,106,baseline-20260606T025810Z-0f0b9b33,baseline,none,,,,,
1.1708327531814575,0.72670578956604,0.7267057810510907,0.3932537266186305,0.416815059525626,6.2251120294843405,1.0244766473770142,0.5908343195915222,0.5908343195915222,0.3107015937566757,0.3501659333705902,6.078153610229492,0.0713444118202268,0.8,0.001,107,0.0596511999974609,6.922239199968317,5.549898167006106,5.0,0.0723444118202268,True,107,baseline-20260606T025810Z-0f0b9b33,baseline,none,,,,,
1.1698661020823888,0.7084930964878627,0.7084930879729134,0.3811507948807308,0.4091778525284358,6.3774517604282925,1.0012289881706238,0.5958006083965302,0.5958005785942078,0.3142608255147934,0.3519246727228164,5.604142189025879,0.0723444118202268,0.8,0.001,108,0.0603429000002506,6.982582099968568,5.499495459132191,5.0,0.0733444118202268,True,108,baseline-20260606T025810Z-0f0b9b33,baseline,none,,,,,
1.1971428734915597,0.7386197873524257,0.7386197788374764,0.3970094238008771,0.427012950181961,6.251643589564732,1.058505892753601,0.5891683101654053,0.5891682803630829,0.3100572377443313,0.3488887697458267,6.399092197418213,0.0733444118202268,0.8,0.001,109,0.0604510000011941,7.043033099969762,5.450000000000003,5.0,0.0743444118202268,True,109,baseline-20260606T025810Z-0f0b9b33,baseline,none,,,,,
1.189157315662929,0.7270446760313851,0.7270446760313851,0.394507497549057,0.4156714720385415,6.215835911887033,1.0114123821258545,0.5912498831748962,0.5912498831748962,0.311285600066185,0.3499553352594375,5.651568651199341,0.0743444118202268,0.8,0.001,110,0.0591631999996025,7.102196299969364,5.401387512388503,5.0,0.0753444118202268,True,110,baseline-20260606T025810Z-0f0b9b33,baseline,none,,,,,
1.1949558768953596,0.727992228099278,0.7279922366142273,0.3936069905757904,0.4179815266813551,6.197721140725272,1.0131272673606873,0.5999518036842346,0.5999518036842346,0.3170769214630127,0.353593572974205,5.483823537826538,0.0753444118202268,0.8,0.001,111,0.0590464999986579,7.161242799968022,5.353634577603145,5.0,0.0763444118202268,True,111,baseline-20260606T025810Z-0f0b9b33,baseline,none,,,,,
1.2125072649547033,0.7618226834705898,0.761822691985539,0.41230194909232,0.4369009052004133,5.903308119092669,1.0700135231018066,0.5947551131248474,0.5947551131248474,0.3144902735948562,0.350331038236618,6.225188970565796,0.0763444118202268,0.8,0.001,112,0.063000699999975,7.224243499967997,5.306718597857838,5.0,0.0773444118202268,True,112,baseline-20260606T025810Z-0f0b9b33,baseline,none,,,,,
1.2129898411887032,0.7347980397088187,0.7347980397088187,0.395744046994618,0.4238174642835344,6.182628767830985,1.0344980359077454,0.5981472134590149,0.5981471836566925,0.3154449760913849,0.3533777743577957,5.641658782958984,0.0773444118202268,0.8,0.001,113,0.0655617999982496,7.289805299966247,5.260617760617762,5.0,0.0783444118202268,True,113,baseline-20260606T025810Z-0f0b9b33,baseline,none,,,,,
1.2222285440989904,0.7624920691762652,0.7624920606613159,0.4137759975024632,0.4358950725623539,5.868146010807583,1.0625712275505066,0.6071892976760864,0.6071892976760864,0.3210696876049042,0.3576494753360748,5.812564373016357,0.0783444118202268,0.8,0.001,114,0.058455700000195,7.348260999966442,5.215311004784688,5.0,0.0793444118202268,True,114,baseline-20260606T025810Z-0f0b9b33,baseline,none,,,,,
1.2134696415492467,0.7360736216817584,0.7360736046518598,0.3974692949226924,0.4232553924833025,6.016756738935198,1.0221389532089231,0.6054157614707947,0.6054157614707947,0.3196324855089187,0.3572290986776352,5.252079725265503,0.0793444118202268,0.8,0.001,115,0.0624996000005921,7.410760599967034,5.170777988614802,5.0,0.0801574291867338,True,115,baseline-20260606T025810Z-0f0b9b33,baseline,none,,,,,
1.210249662399292,0.7573828526905605,0.757382835660662,0.4081214368343353,0.4365767538547516,5.649717603410993,1.030080795288086,0.5994273722171783,0.5994273722171783,0.3163203448057174,0.353883758187294,5.3725950717926025,0.0801574291867338,0.8,0.001,116,0.0588353000021015,7.469595899969136,5.126999059266225,5.0,0.0811574291867338,True,116,baseline-20260606T025810Z-0f0b9b33,baseline,none,,,,,
1.2158056497573853,0.7495531695229667,0.7495531439781189,0.4067389283861433,0.4285177758761814,5.745037623814175,1.0469208359718325,0.6033155024051666,0.6033155024051666,0.318955734372139,0.3554497063159942,5.465985298156738,0.0811574291867338,0.8,0.001,117,0.0608271999990392,7.530423099968175,5.083955223880601,5.0,0.0821574291867338,True,117,baseline-20260606T025810Z-0f0b9b33,baseline,none,,,,,
1.225563747542245,0.7529747826712472,0.7529747826712472,0.4059759846755436,0.4337484751428876,5.752236570630755,1.05377596616745,0.6027098596096039,0.6027098596096039,0.3186523467302322,0.3550718873739242,5.4902660846710205,0.0821574291867338,0.8,0.001,118,0.05988680000155,7.590309899969725,5.04162812210916,5.0,0.0831574291867338,True,118,baseline-20260606T025810Z-0f0b9b33,baseline,none,,,,,
1.24321334702628,0.770617697920118,0.7706176894051688,0.4205686024257115,0.437561354466847,5.683144092559815,1.0749202370643616,0.6116540729999542,0.6116541028022766,0.3242340385913849,0.3592750579118728,5.570953130722046,0.0831574291867338,0.8,0.001,119,0.0604325000022072,7.650742399971932,5.0,5.0,0.0841574291867338,True,119,baseline-20260606T025810Z-0f0b9b33,baseline,none,,,,,
1.245076826640538,0.761188302721296,0.761188302721296,0.4119107340063367,0.4365969513143812,5.749801499503,1.0599371790885923,0.6048491597175598,0.6048491895198822,0.3198185563087463,0.3562882840633392,5.407579183578491,0.0841574291867338,0.8,0.001,120,0.0582875999971292,7.709029999969061,5.0,5.0,0.0882332210225187,True,120,baseline-20260606T025810Z-0f0b9b33,baseline,none,,,,,
1.2540643044880455,0.7828603216579982,0.7828603216579982,0.4253470003604889,0.4468916399138314,5.340437548501151,1.0702921152114868,0.6074735820293427,0.6074735820293427,0.3205376714468002,0.3586698770523071,5.2454001903533936,0.0882332210225187,0.8,0.001,121,0.0682737000024644,7.777303699971526,5.0,5.0,0.0906872229260527,True,121,baseline-20260606T025810Z-0f0b9b33,baseline,none,,,,,
1.2641130004610337,0.7707367198807853,0.7707367283957345,0.4177522233554295,0.4412306249141693,5.4404169491359164,1.0617507100105286,0.6179339289665222,0.6179339289665222,0.3277581483125686,0.3627196997404098,4.893928289413452,0.0906872229260527,0.8,0.001,122,0.0621988999992026,7.839502599970729,5.0,5.0,0.0896265058201872,True,122,baseline-20260606T025810Z-0f0b9b33,baseline,none,,,,,
1.2843066794531686,0.8019747648920331,0.8019747563770839,0.4352826986994062,0.4583650657108852,5.3815765380859375,1.0876759886741638,0.6154579520225525,0.6154579520225525,0.3259806334972381,0.3618466258049011,5.268732309341431,0.0896265058201872,0.8,0.001,123,0.0623809000026085,7.901883499973337,5.0,5.0,0.0923138289136015,True,123,baseline-20260606T025810Z-0f0b9b33,baseline,none,,,,,
1.2959884405136108,0.7957858869007656,0.7957858869007656,0.4322997714791979,0.454357636826379,5.418500764029367,1.0911871194839478,0.6155693829059601,0.6155694425106049,0.3266775459051132,0.3611148297786712,5.152182817459106,0.0923138289136015,0.8,0.001,124,0.0642026999994413,7.966086199972779,5.0,5.0,0.0938356570881926,True,124,baseline-20260606T025810Z-0f0b9b33,baseline,none,,,,,
1.294789229120527,0.801451597894941,0.8014516064098903,0.4356760808399745,0.4572194048336574,5.2574645451137,1.0940001010894775,0.6189850568771362,0.6189850568771362,0.3282904475927353,0.3633682280778885,5.062201738357544,0.0938356570881926,0.8,0.001,125,0.0606579999985115,8.02674419997129,5.0,5.0,0.094457674471768,True,125,baseline-20260606T025810Z-0f0b9b33,baseline,none,,,,,
1.290114743368966,0.7780942831720624,0.7780942831720624,0.420349657535553,0.4471807735306876,5.420633929116385,1.0674158930778503,0.6157308220863342,0.6157307922840118,0.3263498991727829,0.3617261201143265,4.781878232955933,0.094457674471768,0.8,0.0007,126,0.0644646000000648,8.091208799971355,5.0,5.0,0.0922764568013273,True,126,baseline-20260606T025810Z-0f0b9b33,baseline,none,,,,,
1.2850733995437622,0.811077186039516,0.8110771775245667,0.4400480261870793,0.4637864317212786,5.136697428567069,1.1093512177467346,0.6111372411251068,0.6111372113227844,0.3238810747861862,0.3590701669454574,5.3991453647613525,0.0922764568013273,0.8,0.0007,127,0.0640654000017093,8.155274199973064,5.0,5.0,0.0962679104489409,True,127,baseline-20260606T025810Z-0f0b9b33,baseline,none,,,,,
1.292915259088789,0.7718931436538696,0.7718931521688189,0.4189509323665074,0.4411777683666774,5.412209715162005,1.070637583732605,0.6145860850811005,0.6145860552787781,0.325972706079483,0.3607666790485382,4.737315654754639,0.0962679104489409,0.8,0.0007,128,0.0661906999994244,8.221464899972489,5.0,5.0,0.0936410669964872,True,128,baseline-20260606T025810Z-0f0b9b33,baseline,none,,,,,
1.2835853440420968,0.8050369535173688,0.8050369450024196,0.4387304016521999,0.4578831621578761,5.110454423086984,1.1041623950004578,0.6142149567604065,0.6142149567604065,0.3258482217788696,0.3604583740234375,5.232185363769531,0.0936410669964872,0.8,0.0007,129,0.0585415999994438,8.280006499971932,5.0,5.0,0.0959629206341825,True,129,baseline-20260606T025810Z-0f0b9b33,baseline,none,,,,,
1.291408828326634,0.782922795840672,0.782922795840672,0.4257411786488124,0.4464770129748753,5.29877621786935,1.0758647322654724,0.618395984172821,0.618395984172821,0.3285862505435943,0.3622621744871139,4.767140865325928,0.0959629206341825,0.8,0.0007,130,0.0608045000008132,8.340810999972746,5.0,5.0,0.0936343292874418,True,130,baseline-20260606T025810Z-0f0b9b33,baseline,none,,,,,
1.2705079487391882,0.7891460997717721,0.7891460997717721,0.428990717445101,0.4501942353589194,5.140869276864188,1.096574306488037,0.6120582520961761,0.6120582520961761,0.3246060907840729,0.3593152016401291,5.174555778503418,0.0936343292874418,0.8,0.00049,131,0.0588248999993084,8.399635899972054,5.0,5.0,0.095379887072476,True,131,baseline-20260606T025810Z-0f0b9b33,baseline,none,,,,,
1.2692504950932093,0.7623082739966256,0.7623082739966256,0.4117501463208879,0.4381976510797228,5.314980438777378,1.062073528766632,0.6097306907176971,0.6097306907176971,0.3228945583105087,0.3585451692342758,4.742538928985596,0.095379887072476,0.8,0.00049,132,0.0645734000027005,8.464209299974755,5.0,5.0,0.092805276362332,True,132,baseline-20260606T025810Z-0f0b9b33,baseline,none,,,,,
1.268519299370902,0.8076738715171814,0.8076738800321307,0.4370738778795515,0.4632500112056732,4.965724672589984,1.0775251984596252,0.6092820763587952,0.6092820763587952,0.3220980167388916,0.3589800894260406,5.045436859130859,0.092805276362332,0.8,0.00049,133,0.0620552000000316,8.526264499974786,5.0,5.0,0.0932596449536406,True,133,baseline-20260606T025810Z-0f0b9b33,baseline,none,,,,,
1.2694527421678816,0.7623673166547503,0.7623673166547503,0.4147413500717708,0.4345324380057199,5.437350954328265,1.092738926410675,0.6044785976409912,0.6044785976409912,0.3201053291559219,0.3554665744304657,5.235494136810303,0.0932596449536406,0.8,0.00049,134,0.0636775999992096,8.589942099973996,5.0,5.0,0.0956145863217436,True,134,baseline-20260606T025810Z-0f0b9b33,baseline,none,,,,,
1.2798893281391688,0.7869533981595721,0.7869533981595721,0.425879955291748,0.4513417908123561,5.15544673374721,1.068701684474945,0.6062029600143433,0.6062029600143433,0.3214257657527923,0.355971485376358,4.837114334106445,0.0956145863217436,0.8,0.00049,135,0.0666308999971079,8.656572999971104,5.0,5.0,0.093985729662808,True,135,baseline-20260606T025810Z-0f0b9b33,baseline,none,,,,,
1.2621344838823592,0.7740994776998248,0.7740994606699262,0.4193870297500065,0.4433905397142683,5.192649909428188,1.0931403040885923,0.6050447821617126,0.6050447821617126,0.3201068639755249,0.3561723679304123,5.193294048309326,0.093985729662808,0.8,0.00049,136,0.0588769999994838,8.715449999970588,5.0,5.0,0.0959186701459013,True,136,baseline-20260606T025810Z-0f0b9b33,baseline,none,,,,,
1.272003514426095,0.7678798266819545,0.7678798266819545,0.4169893307345254,0.4386130997112819,5.255741119384766,1.0669156312942505,0.6066799759864807,0.6066799759864807,0.3212726414203644,0.3567591607570648,4.798186302185059,0.0959186701459013,0.8,0.00049,137,0.0641548999992664,8.779604899969854,5.0,5.0,0.0939005331677519,True,137,baseline-20260606T025810Z-0f0b9b33,baseline,none,,,,,
1.2666232926504952,0.7917031986372811,0.7917031901223319,0.4292393624782562,0.4530797685895647,5.0576934814453125,1.0766289830207825,0.6057677567005157,0.6057677567005157,0.3206566423177719,0.3563888520002365,5.014468193054199,0.0939005331677519,0.8,0.000343,138,0.0639769000008527,8.843581799970707,5.0,5.0,0.0940452150982939,True,138,baseline-20260606T025810Z-0f0b9b33,baseline,none,,,,,
1.2823136363710677,0.7811997107097081,0.7811997107097081,0.4248819947242737,0.4453971556254795,5.328436238425119,1.0889136791229248,0.6022350490093231,0.6022350490093231,0.3183210790157318,0.3548924326896667,5.174943208694458,0.0940452150982939,0.8,0.000343,139,0.0587063999992096,8.902288199969917,5.0,5.0,0.0957946471852385,True,139,baseline-20260606T025810Z-0f0b9b33,baseline,none,,,,,
1.2690152951649256,0.7618756294250488,0.7618756294250488,0.4137698411941528,0.4351322140012468,5.294029303959438,1.0714617371559143,0.6059829592704773,0.6059829592704773,0.3206178247928619,0.356706440448761,4.859131097793579,0.0957946471852385,0.8,0.000343,140,0.0637390999982017,8.966027299968118,5.0,5.0,0.0943859581631743,True,140,baseline-20260606T025810Z-0f0b9b33,baseline,none,,,,,
1.25804899420057,0.7757540260042463,0.7757540089743478,0.4222698935440608,0.4418551283223288,5.109816823686872,1.0711351037025452,0.6056719422340393,0.6056719422340393,0.3209357410669327,0.3559202253818512,4.931487560272217,0.0943859581631743,0.8,0.000343,141,0.0613790999996126,9.027406399967733,5.0,5.0,0.0937008337658965,True,141,baseline-20260606T025810Z-0f0b9b33,baseline,none,,,,,
1.2589141641344344,0.7701497163091388,0.7701497333390372,0.4176875821181706,0.4405776688030788,5.216223171779087,1.0740575790405271,0.6064273715019226,0.6064273715019226,0.3209064155817032,0.3569011688232422,4.990672588348389,0.0937008337658965,0.8,0.000343,142,0.0594308999970962,9.086837299964827,5.0,5.0,0.0936075596493803,True,142,baseline-20260606T025810Z-0f0b9b33,baseline,none,,,,,
1.2555331672940937,0.7698092034884861,0.7698092205183846,0.4185845596449716,0.4390308090618678,5.188939571380615,1.0623373985290527,0.6059380769729614,0.6059380769729614,0.3207297921180725,0.3565103858709335,4.875667810440064,0.0936075596493803,0.8,0.0002400999999999,143,0.0633734999973967,9.150210799962224,5.0,5.0,0.092364237753781,True,143,baseline-20260606T025810Z-0f0b9b33,baseline,none,,,,,
1.250069567135402,0.7728638052940369,0.7728638052940369,0.4192670200552259,0.4419959442956107,5.166564464569092,1.0720223188400269,0.6042718887329102,0.6042718887329102,0.3196482509374618,0.3557795435190201,5.064193964004517,0.092364237753781,0.8,0.0002400999999999,144,0.0654579000001831,9.215668699962407,5.0,5.0,0.0930061773938261,True,144,baseline-20260606T025810Z-0f0b9b33,baseline,none,,,,,
1.2564926317759924,0.768474987574986,0.768474987574986,0.4173743639673505,0.4388757688658578,5.247152737208775,1.063236951828003,0.6005536317825317,0.6005536317825317,0.317333921790123,0.354024663567543,4.974758863449097,0.0930061773938261,0.8,0.0002400999999999,145,0.0723173000005772,9.287985999962984,5.0,5.0,0.0927537660283171,True,145,baseline-20260606T025810Z-0f0b9b33,baseline,none,,,,,
1.2528521503720964,0.7680236186300006,0.768023601600102,0.4169222244194576,0.4388767097677503,5.227049555097308,1.0677246451377869,0.6010792553424835,0.6010792851448059,0.3176212161779403,0.3543225526809692,5.031012773513794,0.0927537660283171,0.8,0.0002400999999999,146,0.0877669000001333,9.375752899963118,5.0,5.0,0.0930638937634551,True,146,baseline-20260606T025810Z-0f0b9b33,baseline,none,,,,,
1.2527002096176147,0.7615783980914524,0.7615783895765033,0.4140860268047878,0.4343654598508562,5.277253900255476,1.0746941566467283,0.6015865206718445,0.6015865206718445,0.3178759515285492,0.3546382039785385,5.083686590194702,0.0930638937634551,0.8,0.0002400999999999,147,0.0784695999973337,9.454222499960451,5.0,5.0,0.0939007596654021,True,147,baseline-20260606T025810Z-0f0b9b33,baseline,none,,,,,
1.2517121178763253,0.7544412442616054,0.7544412442616054,0.4083993605204991,0.4325523546763828,5.295706612723214,1.0701181292533877,0.6011573076248169,0.6011573076248169,0.3176464289426803,0.3543885797262192,4.99421763420105,0.0939007596654021,0.8,0.0001680699999999,148,0.0616982999999891,9.51592079996044,5.0,5.0,0.0938429360074126,True,148,baseline-20260606T025810Z-0f0b9b33,baseline,none,,,,,
1.263290592602321,0.7751920989581517,0.7751920904432025,0.4240890102727072,0.438878847020013,5.20122766494751,1.0665109753608704,0.6009739339351654,0.6009739339351654,0.3176019489765167,0.3542149811983108,4.960810661315918,0.0938429360074126,0.8,0.0001680699999999,149,0.0641793000031611,9.580100099963602,5.0,5.0,0.0934510426205718,True,149,baseline-20260606T025810Z-0f0b9b33,baseline,none,,,,,
1.2465611866542272,0.7546044077192035,0.7546043992042542,0.4086841131959642,0.4324003372873579,5.264326095581055,1.076379656791687,0.5991581380367279,0.5991581380367279,0.3162673562765121,0.3536134958267212,5.106647253036499,0.0934510426205718,0.8,0.0001680699999999,150,0.0613817999983439,9.641481899961946,5.0,5.0,0.0945175151509367,True,150,baseline-20260606T025810Z-0f0b9b33,baseline,none,,,,,
1.264864308493478,0.7610049332891192,0.7610049332891192,0.4139490893908909,0.4338197835854122,5.330857345036098,1.0761762261390686,0.6000598669052124,0.6000598669052124,0.3167771250009537,0.3541034311056137,5.037334680557251,0.0945175151509367,0.8,0.0001680699999999,151,0.06096620000244,9.702448099964386,5.0,5.0,0.0948908619565093,True,151,baseline-20260606T025810Z-0f0b9b33,baseline,none,,,,,
1.2603002616337369,0.7575658815247672,0.7575658559799194,0.4120166174003056,0.4319365535463605,5.298027447291783,1.0754134058952332,0.5998662710189819,0.5998662710189819,0.3166158199310303,0.3540630340576172,5.011516571044922,0.0948908619565093,0.8,0.0001680699999999,152,0.0606490999998641,9.76309719996425,5.0,5.0,0.0950060276669585,True,152,baseline-20260606T025810Z-0f0b9b33,baseline,none,,,,,
1.2647421530314855,0.7669070873941694,0.7669070703642709,0.4157889144761221,0.4388976906027113,5.240036964416504,1.072034239768982,0.5994120240211487,0.5994120240211487,0.3166066706180572,0.3535066694021225,4.974655151367188,0.0950060276669585,0.8,0.0001680699999999,153,0.0632651999985682,9.826362399962818,5.0,5.0,0.0947525791806303,True,153,baseline-20260606T025810Z-0f0b9b33,baseline,none,,,,,
1.2583882127489363,0.7629960945674351,0.7629960775375366,0.4131700907434736,0.4372824983937399,5.228270394461496,1.0742972493171692,0.600133627653122,0.600133627653122,0.3173611909151077,0.3534655421972275,5.004229545593262,0.0947525791806303,0.8,0.0001176489999999,154,0.0589880000006814,9.8853503999635,5.0,5.0,0.094794874636563,True,154,baseline-20260606T025810Z-0f0b9b33,baseline,none,,,,,
1.2613061666488647,0.7616323488099235,0.7616323488099235,0.4121346942016056,0.4368720608098166,5.271105561937604,1.0735479593276978,0.6001405119895935,0.6001405715942383,0.3173844516277313,0.3534451425075531,4.994019269943237,0.094794874636563,0.8,0.0001176489999999,155,0.0617080000010901,9.94705839996459,5.0,5.0,0.0947350673359953,True,155,baseline-20260606T025810Z-0f0b9b33,baseline,none,,,,,
1.2686303343091692,0.7710469024521964,0.7710469024521964,0.4191618987492153,0.4398562312126159,5.252367973327637,1.076436698436737,0.5995789766311646,0.5995789766311646,0.3168790340423584,0.3533749282360077,5.033592939376831,0.0947350673359953,0.8,0.0001176489999999,156,0.0600310000008903,10.00708939996548,5.0,5.0,0.0950709967297637,True,156,baseline-20260606T025810Z-0f0b9b33,baseline,none,,,,,
1.2539339406149728,0.7478452835764203,0.7478452665465218,0.4051547944545746,0.4283630890505654,5.32327093396868,1.0800690054893494,0.6004421710968018,0.6004421710968018,0.3172311931848526,0.3540137559175491,5.044933557510376,0.0950709967297637,0.8,0.0001176489999999,157,0.0614229000020714,10.068512299967551,5.0,5.0,0.0955203323048674,True,157,baseline-20260606T025810Z-0f0b9b33,baseline,none,,,,,
1.2791099037442888,0.7741708585194179,0.7741708670343671,0.4187189681189401,0.4443148757730211,5.2861946650913785,1.080291926860809,0.6016759276390076,0.6016759276390076,0.3179879635572433,0.3546099066734314,5.0106189250946045,0.0955203323048674,0.8,0.0001176489999999,158,0.0587646999993012,10.127276999966853,5.0,5.0,0.0956265215558135,True,158,baseline-20260606T025810Z-0f0b9b33,baseline,none,,,,,
1.2594808169773646,0.7545362029756818,0.7545362114906311,0.4105900951794216,0.4299326155866895,5.280382973807199,1.080584704875946,0.6005656719207764,0.6005657315254211,0.317415177822113,0.3539381474256515,5.019726991653442,0.0956265215558135,0.8,0.0001176489999999,159,0.0642891999996209,10.191566199966474,5.0,5.0,0.0958237914723479,True,159,baseline-20260606T025810Z-0f0b9b33,baseline,none,,,,,
1.2615575449807304,0.7590225849832807,0.7590226020131793,0.4105096927710941,0.4356411397457123,5.244365147181919,1.0717315673828125,0.600946307182312,0.6009462773799896,0.3175813555717468,0.3542061597108841,4.913030624389648,0.0958237914723479,0.8,0.0001176489999999,160,0.0608062999999674,10.25237249996644,5.0,5.0,0.0949540977162444,True,160,baseline-20260606T025810Z-0f0b9b33,baseline,none,,,,,
1.2548044749668663,0.7672763381685529,0.7672763381685529,0.4166757847581591,0.4382506779261997,5.134356226239886,1.0706313848495483,0.6019943356513977,0.6019943356513977,0.3177784979343414,0.3552698194980621,4.935406446456909,0.0949540977162444,0.8,0.0001176489999999,161,0.0648749000029056,10.317247399969348,5.0,5.0,0.0943081621808135,True,161,baseline-20260606T025810Z-0f0b9b33,baseline,none,,,,,
1.2582107271466936,0.7667477641786847,0.7667477556637355,0.4177473230021341,0.4362505333764212,5.211245128086635,1.0682635307312012,0.6001565754413605,0.6001565754413605,0.3169561922550201,0.3540004789829254,4.963589191436768,0.0943081621808135,0.8,0.0001176489999999,162,0.0612864999966404,10.378533899965989,5.0,5.0,0.0939440540951811,True,162,baseline-20260606T025810Z-0f0b9b33,baseline,none,,,,,
1.2514115231377738,0.7612672703606742,0.7612672703606742,0.4133098593779972,0.434946745634079,5.217405932290213,1.0688485503196716,0.5987978875637054,0.5987978875637054,0.3162320554256439,0.3532072752714157,5.003517150878906,0.0939440540951811,0.8,8.235429999999999e-05,163,0.0623411000015039,10.440874999967493,5.0,5.0,0.0939792256039702,True,163,baseline-20260606T025810Z-0f0b9b33,baseline,none,,,,,
1.246979798589434,0.7537496260234288,0.7537496260234288,0.4072201379707881,0.4331618632589067,5.248289380754743,1.0701985955238342,0.5989421308040619,0.5989421308040619,0.3163702487945556,0.3532148748636246,5.014474868774414,0.0939792256039702,0.8,8.235429999999999e-05,164,0.0604382999990775,10.501313299966569,5.0,5.0,0.0941239742917143,True,164,baseline-20260606T025810Z-0f0b9b33,baseline,none,,,,,
1.2735497100012645,0.7752104827335903,0.775210474218641,0.4223291533333914,0.4411016362054007,5.294498375483921,1.0762118101119995,0.5986231863498688,0.5986232161521912,0.3162111490964889,0.3530150502920151,5.07403826713562,0.0941239742917143,0.8,8.235429999999999e-05,165,0.0592119000029924,10.56052519996956,5.0,5.0,0.0948643569630705,True,165,baseline-20260606T025810Z-0f0b9b33,baseline,none,,,,,
1.2535841124398368,0.750936610358102,0.750936644417899,0.4084220315728868,0.4281432458332607,5.298592022487095,1.0819246768951416,0.5990802347660065,0.5990802347660065,0.3163268566131592,0.3534417003393173,5.089840412139893,0.0948643569630705,0.8,8.235429999999999e-05,166,0.0618065999988175,10.62233179996838,5.0,5.0,0.0957627610844695,True,166,baseline-20260606T025810Z-0f0b9b33,baseline,none,,,,,
1.262611695698329,0.752205491065979,0.7522054655211312,0.407534475837435,0.430838725396565,5.329902785164969,1.0809258222579956,0.600159078836441,0.600159078836441,0.3169835209846496,0.353969469666481,5.02039361000061,0.0957627610844695,0.8,8.235429999999999e-05,167,0.0636092999993707,10.68594109996775,5.0,5.0,0.0959666971844756,True,167,baseline-20260606T025810Z-0f0b9b33,baseline,none,,,,,
1.261299456868853,0.759389979498727,0.7593899624688285,0.4126658141613006,0.4334051821913038,5.230037893567767,1.0758041739463806,0.600629061460495,0.600629061460495,0.3174483031034469,0.3539759218692779,4.951457977294922,0.0959666971844756,0.8,5.764800999999999e-05,168,0.0657485000010638,10.751689599968811,5.0,5.0,0.0954812769574248,True,168,baseline-20260606T025810Z-0f0b9b33,baseline,none,,,,,
1.257008075714111,0.761058875492641,0.7610589010374886,0.412493633372443,0.435706581388201,5.19420371736799,1.0715205669403076,0.6013659834861755,0.6013659834861755,0.3180360943078995,0.3541623502969742,4.924050092697144,0.0954812769574248,0.8,5.764800999999999e-05,169,0.0633765999991737,10.815066199967989,5.0,5.0,0.0947217778843962,True,169,baseline-20260606T025810Z-0f0b9b33,baseline,none,,,,,
1.2467195987701416,0.757550128868648,0.7575501203536987,0.411842622927257,0.4321343856198447,5.164276804242816,1.066039264202118,0.6012994647026062,0.6012994647026062,0.3180820643901825,0.3540217578411102,4.90636682510376,0.0947217778843962,0.8,5.764800999999999e-05,170,0.0608240999972622,10.87589029996525,5.0,5.0,0.0937854461354338,True,170,baseline-20260606T025810Z-0f0b9b33,baseline,none,,,,,
1.243259004184178,0.7629789199147906,0.7629789113998413,0.4158163666725158,0.4339531745229448,5.121051583971296,1.0579380989074707,0.6002004742622375,0.6002005040645599,0.3174449503421783,0.3534444123506546,4.880689859390259,0.0937854461354338,0.8,5.764800999999999e-05,171,0.0628671000013127,10.938757399966562,5.0,5.0,0.0925923447293364,True,171,baseline-20260606T025810Z-0f0b9b33,baseline,none,,,,,
1.2305519240243097,0.7538350139345441,0.7538349969046456,0.4102911097662789,0.4294298418930599,5.1485563686915805,1.0560213327407837,0.598751038312912,0.598751038312912,0.3165001720190048,0.3528135567903518,4.938531875610352,0.0925923447293364,0.8,5.764800999999999e-05,172,0.0663606999987678,11.00511809996533,5.0,5.0,0.0919776634854399,True,172,baseline-20260606T025810Z-0f0b9b33,baseline,none,,,,,
1.2433574029377528,0.7652864285877773,0.7652864285877773,0.4157218507358006,0.4369557329586574,5.197685582297189,1.0578175783157349,0.598425567150116,0.598425567150116,0.3161302059888839,0.3528691828250885,4.994604110717773,0.0919776634854399,0.8,4.035360699999999e-05,173,0.062132200000633,11.067250299965965,5.0,5.0,0.0919237045926177,True,173,baseline-20260606T025810Z-0f0b9b33,baseline,none,,,,,
1.249024408204215,0.763401346547263,0.7634013635771615,0.4141278096607753,0.4365919360092708,5.282892772129604,1.060948371887207,0.5980792939662933,0.598079264163971,0.31576669216156,0.3528907001018524,5.0353615283966064,0.0919237045926177,0.8,4.035360699999999e-05,174,0.0599812000000383,11.127231499966,5.0,5.0,0.0922773198765837,True,174,baseline-20260606T025810Z-0f0b9b33,baseline,none,,,,,
1.240292702402387,0.7519876871790204,0.7519876786640712,0.4065147936344147,0.4318411094801767,5.291712284088135,1.0647205114364624,0.5977452993392944,0.5977453291416168,0.3154620975255966,0.3528540134429931,5.060563325881958,0.0922773198765837,0.8,4.035360699999999e-05,175,0.0677829000014753,11.195014399967476,5.0,5.0,0.0928829531354033,True,175,baseline-20260606T025810Z-0f0b9b33,baseline,none,,,,,
1.2460390329360962,0.7527660301753453,0.7527660386902946,0.4089415371417999,0.4297806237425123,5.310694626399449,1.0693171620368958,0.5979095697402954,0.5979095697402954,0.3155027031898498,0.3530085831880569,5.075286626815796,0.0928829531354033,0.8,4.035360699999999e-05,176,0.0707535000001371,11.265767899967614,5.0,5.0,0.0936358194035613,True,176,baseline-20260606T025810Z-0f0b9b33,baseline,none,,,,,
1.2448197603225708,0.7447682619094849,0.7447682533945356,0.4032101631164551,0.4269475979464395,5.3403865950448175,1.0700840950012207,0.5980181694030762,0.5980181694030762,0.3156294971704483,0.3529857844114303,5.041510343551636,0.0936358194035613,0.8,4.035360699999999e-05,177,0.0694456999990507,11.335213599966664,5.0,5.0,0.0940509228390776,True,177,baseline-20260606T025810Z-0f0b9b33,baseline,none,,,,,
1.2420238767351424,0.7482280560902187,0.7482280390603202,0.4082853921822139,0.4249283288206373,5.250302859715053,1.0672990679740906,0.59836745262146,0.5983674824237823,0.3159119337797165,0.353069394826889,4.985933780670166,0.0940509228390776,0.8,4.035360699999999e-05,178,0.0627892999982577,11.398002899964922,5.0,5.0,0.0939102606457793,True,178,baseline-20260606T025810Z-0f0b9b33,baseline,none,,,,,
1.2447139705930437,0.7547004904065814,0.7547004563467843,0.4101114996841976,0.4307362011500767,5.217890739440918,1.0617257356643677,0.5986168682575226,0.5986168384552002,0.3161567598581314,0.3530751317739486,4.931397676467896,0.0939102606457793,0.8,4.035360699999999e-05,179,0.0626749999973981,11.46067789996232,5.0,5.0,0.0932242374104583,True,179,baseline-20260606T025810Z-0f0b9b33,baseline,none,,,,,
1.2571152448654177,0.7722095932279315,0.7722096187727792,0.4195738392216818,0.4407947020871298,5.201497691018241,1.0580395460128784,0.5983999371528625,0.5983999371528625,0.3161323219537735,0.3528345227241516,4.930473804473877,0.0932242374104583,0.8,4.035360699999999e-05,180,0.0651025000006484,11.525780399962969,5.0,5.0,0.092528975455197,True,180,baseline-20260606T025810Z-0f0b9b33,baseline,none,,,,,
1.247176034109933,0.7655969262123108,0.7655969091824123,0.4148217609950474,0.4384689245905195,5.204630306788853,1.061486542224884,0.5976758301258087,0.5976758301258087,0.3157057613134384,0.3524625599384308,5.012599229812622,0.092528975455197,0.8,4.035360699999999e-05,181,0.064547300000413,11.590327699963382,5.0,5.0,0.0926549677533232,True,181,baseline-20260606T025810Z-0f0b9b33,baseline,none,,,,,
1.2423479897635323,0.7519656249455043,0.751965616430555,0.4075795497213091,0.4304825791290828,5.292564392089844,1.0665372610092163,0.5972086787223816,0.5972086787223816,0.31547711789608,0.3521644473075866,5.065336465835571,0.0926549677533232,0.8,4.035360699999999e-05,182,0.0627609000002848,11.653088599963668,5.0,5.0,0.0933083324116789,True,182,baseline-20260606T025810Z-0f0b9b33,baseline,none,,,,,
1.2523407084601266,0.7546908003943307,0.7546908003943307,0.408060290983745,0.4332881314413888,5.333392075129917,1.0689647793769836,0.5972060561180115,0.5972061157226562,0.3155369758605957,0.3520864099264145,5.055912017822266,0.0933083324116789,0.8,2.8247524899999997e-05,183,0.0582657999984803,11.711354399962149,5.0,5.0,0.0938674525899016,True,183,baseline-20260606T025810Z-0f0b9b33,baseline,none,,,,,
1.238572427204677,0.7428415843418666,0.7428415843418666,0.4034142323902675,0.4242841643946511,5.281179087502616,1.0697468519210815,0.5975301265716553,0.5975301265716553,0.3157965242862701,0.3521669805049896,5.030676126480103,0.0938674525899016,0.8,2.8247524899999997e-05,184,0.068015099997865,11.779369499960012,5.0,5.0,0.0941742138547026,True,184,baseline-20260606T025810Z-0f0b9b33,baseline,none,,,,,
1.2544105734143938,0.7569348130907331,0.7569348130907331,0.4119178056716919,0.4312712465013776,5.282505103519985,1.069316267967224,0.597993016242981,0.597993016242981,0.3160791546106338,0.3523923307657242,5.004801511764526,0.0941742138547026,0.8,2.8247524899999997e-05,185,0.0626193999996758,11.841988899959688,5.0,5.0,0.0942222289723479,True,185,baseline-20260606T025810Z-0f0b9b33,baseline,none,,,,,
1.2404309681483678,0.7478827408381871,0.7478827323232379,0.4061928306307111,0.4271123835018703,5.2275165149143765,1.0677707195281982,0.5981873571872711,0.5981873273849487,0.3161475509405136,0.3525497168302536,4.983785629272461,0.0942222289723479,0.8,2.8247524899999997e-05,186,0.0606292999982542,11.902618199957942,5.0,5.0,0.0940600852650725,True,186,baseline-20260606T025810Z-0f0b9b33,baseline,none,,,,,
1.2458558593477522,0.7551842331886292,0.7551842417035785,0.4094277620315552,0.4321955953325544,5.216576439993722,1.0660417079925537,0.5981857776641846,0.5981857776641846,0.3161453753709793,0.3525505065917969,4.974011182785034,0.0940600852650725,0.8,2.8247524899999997e-05,187,0.0586033999970823,11.961221599955024,5.0,5.0,0.0938001970929229,True,187,baseline-20260606T025810Z-0f0b9b33,baseline,none,,,,,
1.2517461436135429,0.7617596643311637,0.7617596643311637,0.4138292074203491,0.4349130690097809,5.223725523267474,1.066480278968811,0.5980677604675293,0.5980677604675293,0.316058874130249,0.3525110781192779,4.993726491928101,0.0938001970929229,0.8,1.9773267429999995e-05,188,0.0627792000013869,12.024000799956411,5.0,5.0,0.0937374620122039,True,188,baseline-20260606T025810Z-0f0b9b33,baseline,none,,,,,
1.2455385071890694,0.7518041729927063,0.7518041815076556,0.4072473985808236,0.4306959765298025,5.267203875950405,1.0680808424949646,0.5980191826820374,0.5980191826820374,0.3159707188606262,0.3525605648756027,5.01466178894043,0.0937374620122039,0.8,1.9773267429999995e-05,189,0.0599184000020613,12.083919199958473,5.0,5.0,0.0938840799016082,True,189,baseline-20260606T025810Z-0f0b9b33,baseline,none,,,,,
1.2493352038519725,0.7540375760623387,0.7540375675473895,0.4084067642688751,0.4320384987762996,5.275629452296665,1.070307970046997,0.5977351665496826,0.5977351367473602,0.315760001540184,0.3524688929319381,5.0335774421691895,0.0938840799016082,0.8,1.9773267429999995e-05,190,0.0606408999992709,12.144560099957744,5.0,5.0,0.0942198543233001,True,190,baseline-20260606T025810Z-0f0b9b33,baseline,none,,,,,
1.242817487035479,0.7475665467126029,0.7475665381976536,0.404263117483684,0.42912928547178,5.256333078656878,1.0710740089416504,0.5977166593074799,0.5977166593074799,0.3157574087381363,0.3524490743875503,5.023965835571289,0.0942198543233001,0.8,1.9773267429999995e-05,191,0.0592517999975825,12.203811899955326,5.0,5.0,0.094459512679013,True,191,baseline-20260606T025810Z-0f0b9b33,baseline,none,,,,,
1.2340432064873832,0.7369615009852818,0.7369615095002311,0.399020186492375,0.4224266409873962,5.262378624507359,1.0700976848602295,0.597824215888977,0.597824215888977,0.3158582299947738,0.3524574488401413,4.99974513053894,0.094459512679013,0.8,1.9773267429999995e-05,192,0.0674570999981369,12.271268999953463,5.0,5.0,0.0944569639844024,True,192,baseline-20260606T025810Z-0f0b9b33,baseline,none,,,,,
1.2507307870047433,0.7551034433501107,0.755103417805263,0.4110965260437557,0.4300086370536259,5.247123173304966,1.0685083866119385,0.5979728400707245,0.5979728102684021,0.3160050958395004,0.3524596393108368,4.981481075286865,0.0944569639844024,0.8,1.9773267429999995e-05,193,0.0630988999982946,12.334367899951758,5.0,5.0,0.094271774737271,True,193,baseline-20260606T025810Z-0f0b9b33,baseline,none,,,,,
1.243690354483468,0.7521705968039376,0.7521705968039376,0.4086302263396127,0.4294254439217703,5.213859489985874,1.0666385889053345,0.5980617702007294,0.5980617702007294,0.3160813003778457,0.3524755984544754,4.970489501953125,0.094271774737271,0.8,1.9773267429999995e-05,194,0.0617037000010896,12.396071599952847,5.0,5.0,0.0939766697568023,True,194,baseline-20260606T025810Z-0f0b9b33,baseline,none,,,,,
1.247016498020717,0.7566601634025574,0.7566601719175067,0.4121141902038029,0.4306824505329132,5.217851911272321,1.0640828013420105,0.5979887545108795,0.5979887545108795,0.3160160481929779,0.3524658530950546,4.959678411483765,0.0939766697568023,0.8,1.9773267429999995e-05,195,0.0625173000007635,12.458588899953613,5.0,5.0,0.0935734538716399,True,195,baseline-20260606T025810Z-0f0b9b33,baseline,none,,,,,
1.2478564807346888,0.7606614998408726,0.7606614998408726,0.4107401072978973,0.4374017289706639,5.2065510749816895,1.0625162720680237,0.5977340340614319,0.5977340340614319,0.3157889395952225,0.3524313122034073,4.967031240463257,0.0935734538716399,0.8,1.9773267429999995e-05,196,0.0608954999988782,12.51948439995249,5.0,5.0,0.0932437662762725,True,196,baseline-20260606T025810Z-0f0b9b33,baseline,none,,,,,
1.2431590557098389,0.7569654158183506,0.7569654158183506,0.4115562949861799,0.4317613967827388,5.214221749986921,1.06217622756958,0.5976980328559875,0.5976980328559875,0.3157365769147873,0.3524518013000488,4.981333017349243,0.0932437662762725,0.8,1.9773267429999995e-05,197,0.067964199999551,12.58744859995204,5.0,5.0,0.0930570964497649,True,197,baseline-20260606T025810Z-0f0b9b33,baseline,none,,,,,
1.2479871341160365,0.760098227432796,0.7600982359477452,0.4136985327516283,0.432999598128455,5.242898600442069,1.0623819828033447,0.5976322293281555,0.5976322293281555,0.315688893198967,0.3524291515350342,4.994243383407593,0.0930570964497649,0.8,1.3841287200999995e-05,198,0.0607410000011441,12.648189599953184,5.0,5.0,0.0929995302838408,True,198,baseline-20260606T025810Z-0f0b9b33,baseline,none,,,,,
1.2387375320707048,0.7504812819617135,0.7504812564168658,0.4074454775878361,0.428794720343181,5.250093596322196,1.0624200105667114,0.597430944442749,0.597430944442749,0.3155627995729446,0.3523351699113846,4.999907732009888,0.0929995302838408,0.8,1.3841287200999995e-05,199,0.0644662999984575,12.712655899951642,5.0,5.0,0.0929986076039397,True,199,baseline-20260606T025810Z-0f0b9b33,baseline,none,,,,,
0.9611463376453944,0.9611463376453944,0.9611463376453944,0.9611463376453944,1.0186349068369185,4.804686437760081,0.8372052311897278,0.8372052311897278,0.8372052311897278,0.8372052311897278,1.1091745495796204,29.6324462890625,0.0,0.0,0.001,0,0.2830041000015626,0.2830041000015626,50.0,5.0,0.0,True,0,pix_only-20260606T025833Z-6129c687,pix_only,none,,,,,
0.7137783510344369,0.7137783510344369,0.7137783510344369,0.7137783510344369,1.1421986477715629,37.03366715567453,0.6196207106113434,0.6196207106113434,0.6196207106113434,0.6196207106113434,1.1700171828269958,46.18758201599121,0.0,0.0,0.001,1,0.0660000999996555,0.3490042000012181,50.0,5.0,0.0,True,1,pix_only-20260606T025833Z-6129c687,pix_only,none,,,,,
0.5863043069839478,0.5863043069839478,0.5863043069839478,0.5863043069839478,1.1599143743515017,47.56894029889788,0.5426559746265411,0.5426559746265411,0.5426559746265411,0.5426559746265411,1.1583250761032104,50.127872467041016,0.0,0.0,0.001,2,0.0664684999974269,0.4154726999986451,50.0,5.0,0.0,True,2,pix_only-20260606T025833Z-6129c687,pix_only,none,,,,,
0.5146639389651162,0.5146639389651162,0.5146639389651162,0.5146639389651162,1.1551425457000732,53.37179129464285,0.4865353554487228,0.4865353554487228,0.4865353554487228,0.4865353554487228,1.1712053418159485,57.710893630981445,0.0,0.0,0.001,3,0.0618072999968717,0.4772799999955168,50.0,5.0,0.0,True,3,pix_only-20260606T025833Z-6129c687,pix_only,none,,,,,
0.4677044706685202,0.4677044706685202,0.4677044706685202,0.4677044706685202,1.1773585421698434,60.70449938092913,0.4436283111572265,0.4436283111572265,0.4436283111572265,0.4436283111572265,1.1827774047851562,63.3104190826416,0.0,0.0,0.001,4,0.0611119999994116,0.5383919999949285,50.0,5.0,0.0,True,4,pix_only-20260606T025833Z-6129c687,pix_only,none,,,,,
0.4267082810401916,0.4267082810401916,0.4267082810401916,0.4267082810401916,1.1961996725627355,67.02472141810826,0.4109464883804321,0.4109464883804321,0.4109464883804321,0.4109464883804321,1.1989426612854004,67.61917877197266,0.0,0.0,0.001,5,0.0603229999978793,0.5987149999928079,50.0,5.0,0.0,True,5,pix_only-20260606T025833Z-6129c687,pix_only,none,,,,,
0.3916887215205601,0.3916887215205601,0.3916887215205601,0.3916887215205601,1.2146809782300676,71.00688934326172,0.3869729936122894,0.3869729936122894,0.3869729936122894,0.3869729936122894,1.2160959243774414,70.69844055175781,0.0,0.0,0.001,6,0.0620756999996956,0.6607906999925035,50.0,5.0,0.0,True,6,pix_only-20260606T025833Z-6129c687,pix_only,none,,,,,
0.3651481143065861,0.3651481143065861,0.3651481143065861,0.3651481143065861,1.2211625235421315,73.20184871128627,0.3661602437496185,0.3661602437496185,0.3661602437496185,0.3661602437496185,1.2168212532997131,74.02336502075195,0.0,0.0,0.001,7,0.0662518999997701,0.7270425999922736,50.0,5.0,0.0,True,7,pix_only-20260606T025833Z-6129c687,pix_only,none,,,,,
0.3462518836770739,0.3462518836770739,0.3462518836770739,0.3462518836770739,1.2344942603792464,77.20054735456195,0.3496700823307037,0.3496700823307037,0.3496700823307037,0.3496700823307037,1.2248131036758425,76.14054489135742,0.0,0.0,0.001,8,0.0621246000009705,0.7891671999932441,50.0,5.0,0.0,True,8,pix_only-20260606T025833Z-6129c687,pix_only,none,,,,,
0.3249444535800389,0.3249444535800389,0.3249444535800389,0.3249444535800389,1.242334178515843,79.6283460344587,0.3352968394756317,0.3352968394756317,0.3352968394756317,0.3352968394756317,1.24144047498703,80.22657012939453,0.0,0.0,0.001,9,0.0655626999978267,0.8547298999910709,50.0,5.0,0.0,True,9,pix_only-20260606T025833Z-6129c687,pix_only,none,,,,,
0.3108626987252916,0.3108626987252916,0.3108626987252916,0.3108626987252916,1.2516333716256278,82.54695347377232,0.3251034915447235,0.3251034915447235,0.3251034915447235,0.3251034915447235,1.2423768043518066,81.94971084594727,0.0,0.0,0.001,10,0.0688369999988935,0.9235668999899644,50.0,5.0,0.001,True,10,pix_only-20260606T025833Z-6129c687,pix_only,none,,,,,
0.3697168231010437,0.3020104382719312,0.3020104382719312,0.3020104382719312,1.2285541466304235,67.70638166155133,0.3615023493766784,0.3175548911094665,0.3175548911094665,0.3175548911094665,1.2098198533058169,43.94745826721192,0.001,0.0,0.001,11,0.0609963000024436,0.984563199992408,46.1864406779661,5.0,0.0,True,11,pix_only-20260606T025833Z-6129c687,pix_only,none,,,,,
0.2986073110784803,0.2986073110784803,0.2986073110784803,0.2986073110784803,1.2342306886400496,38.878410884312224,0.3104875236749649,0.3104875236749649,0.3104875236749649,0.3104875236749649,1.2333797216415403,35.5926628112793,0.0,0.0,0.001,12,0.0585838000006333,1.0431469999930414,42.91338582677166,5.0,0.0,True,12,pix_only-20260606T025833Z-6129c687,pix_only,none,,,,,
0.2869356955800737,0.2869356955800737,0.2869356955800737,0.2869356955800737,1.2433913775852747,40.932997022356304,0.3056317716836929,0.3056317716836929,0.3056317716836929,0.3056317716836929,1.247201919555664,47.99972915649414,0.0,0.0,0.001,13,0.0621108000013919,1.1052577999944333,40.0735294117647,5.0,0.001,True,13,pix_only-20260606T025833Z-6129c687,pix_only,none,,,,,
0.3223390366349901,0.276228768484933,0.276228768484933,0.276228768484933,1.239734513419015,46.11026654924665,0.3388764560222626,0.3005522787570953,0.3005522787570953,0.3005522787570953,1.2202516198158264,38.32416915893555,0.001,0.0,0.001,14,0.0632956000008562,1.1685533999952895,37.58620689655172,5.0,0.002,True,14,pix_only-20260606T025833Z-6129c687,pix_only,none,,,,,
0.3431566059589386,0.2827272372586386,0.2827272372586386,0.2827272372586386,1.2096282924924575,30.21468244280134,0.3451820909976959,0.2999774068593979,0.2999774068593979,0.2999774068593979,1.2035776376724243,22.60233783721924,0.002,0.0,0.001,15,0.0636966999991273,1.2322500999944168,35.3896103896104,5.0,0.001,True,15,pix_only-20260606T025833Z-6129c687,pix_only,none,,,,,
0.3107139042445591,0.2849937634808676,0.2849937634808676,0.2849937634808676,1.213784626552037,25.72013773236956,0.3256229758262634,0.2956991195678711,0.2956991195678711,0.2956991195678711,1.2049060463905334,29.92385482788086,0.001,0.0,0.001,16,0.0620410999981686,1.2942911999925857,33.435582822085884,5.0,0.0,True,16,pix_only-20260606T025833Z-6129c687,pix_only,none,,,,,
0.2686545295374734,0.2686545295374734,0.2686545295374734,0.2686545295374734,1.2322782278060913,36.787577220371794,0.2934509664773941,0.2934509664773941,0.2934509664773941,0.2934509664773941,1.2235355973243711,42.98528861999512,0.0,0.0,0.001,17,0.0623620999976992,1.3566532999902847,31.68604651162791,5.0,0.001,True,17,pix_only-20260606T025833Z-6129c687,pix_only,none,,,,,
0.3049847483634949,0.2628465550286429,0.2628465550286429,0.2628465550286429,1.2171891587121146,42.13818686349051,0.3256809711456299,0.2880159467458725,0.2880159467458725,0.2880159467458725,1.2079011797904968,37.66502189636231,0.001,0.0,0.001,18,0.0619456000022182,1.418598899992503,30.11049723756906,5.0,0.002,True,18,pix_only-20260606T025833Z-6129c687,pix_only,none,,,,,
0.3227327125413077,0.2623496907097952,0.2623496907097952,0.2623496907097952,1.199073212487357,30.19150788443429,0.3327315896749496,0.2893200516700744,0.2893200516700744,0.2893200516700744,1.1861002445220947,21.70577049255371,0.002,0.0,0.001,19,0.0627670000030775,1.4813658999955803,28.684210526315788,5.0,0.001,True,19,pix_only-20260606T025833Z-6129c687,pix_only,none,,,,,
0.2907656942095075,0.2683670691081455,0.2683670691081455,0.2683670691081455,1.207081641469683,22.398625237601145,0.3097839951515198,0.2858488261699676,0.2858488261699676,0.2858488261699676,1.2005281448364258,23.935171127319336,0.001,0.0,0.001,20,0.0638435999971989,1.5452094999927797,27.38693467336684,5.0,0.0,True,20,pix_only-20260606T025833Z-6129c687,pix_only,none,,,,,
0.2567486060517175,0.2567486060517175,0.2567486060517175,0.2567486060517175,1.2211460045405798,29.993412835257395,0.2848978042602539,0.2848978042602539,0.2848978042602539,0.2848978042602539,1.2171438932418823,36.06995964050293,0.0,0.0,0.001,21,0.0647373000028892,1.6099467999956687,26.20192307692308,5.0,0.001,True,21,pix_only-20260606T025833Z-6129c687,pix_only,none,,,,,
0.2875903589384896,0.2501930807318006,0.2501930807318006,0.2501930807318006,1.2181934458868844,37.397278376988005,0.3164650946855545,0.2820922881364822,0.2820922881364822,0.2820922881364822,1.2006210088729858,34.37279510498047,0.001,0.0,0.001,22,0.061754700000165,1.6717014999958335,25.11520737327189,5.0,0.002,True,22,pix_only-20260606T025833Z-6129c687,pix_only,none,,,,,
0.3090192292417799,0.2503610040460314,0.2503610040460314,0.2503610040460314,1.1948981114796229,29.32911327907017,0.3263407498598099,0.2818092405796051,0.2818092405796051,0.2818092405796051,1.1840471625328064,22.265756607055664,0.002,0.0,0.001,23,0.0596834999996644,1.7313849999954982,24.11504424778761,5.0,0.001,True,23,pix_only-20260606T025833Z-6129c687,pix_only,none,,,,,
0.2784382998943329,0.2560664010899408,0.2560664010899408,0.2560664010899408,1.2113274506160192,22.371895381382533,0.3031527549028396,0.2801932692527771,0.2801932692527771,0.2801932692527771,1.2022110223770142,22.95948600769043,0.001,0.0,0.001,24,0.0630843999970238,1.794469399992522,23.191489361702125,5.0,0.0,True,24,pix_only-20260606T025833Z-6129c687,pix_only,none,,,,,
0.2475010326930455,0.2475010326930455,0.2475010326930455,0.2475010326930455,1.22632258278983,27.983142580304825,0.2808868587017059,0.2808868587017059,0.2808868587017059,0.2808868587017059,1.2196282744407654,32.92361831665039,0.0,0.0,0.001,25,0.0660451000003377,1.86051449999286,22.33606557377049,5.0,0.001,True,25,pix_only-20260606T025833Z-6129c687,pix_only,none,,,,,
0.2746870815753937,0.2401226375784192,0.2401226375784192,0.2401226375784192,1.2215769461223058,34.56444331577846,0.3096788823604584,0.2771057933568954,0.2771057933568954,0.2771057933568954,1.2015284895896912,32.573089599609375,0.001,0.0,0.001,26,0.0673432000003231,1.927857699993183,21.541501976284582,5.0,0.002,True,26,pix_only-20260606T025833Z-6129c687,pix_only,none,,,,,
0.3001793197223118,0.242791895355497,0.242791895355497,0.242791895355497,1.198839783668518,28.69371223449707,0.3189648389816284,0.2750939130783081,0.2750939130783081,0.2750939130783081,1.1839483380317688,21.93546199798584,0.002,0.0,0.001,27,0.0693099999989499,1.9971676999921328,20.80152671755725,5.0,0.003,True,27,pix_only-20260606T025833Z-6129c687,pix_only,none,,,,,
0.3134762261595045,0.253976828285626,0.253976828285626,0.253976828285626,1.1948359864098683,19.83313533238002,0.3306914120912552,0.2776741832494735,0.2776741832494735,0.2776741832494735,1.1850807666778564,17.672409057617188,0.003,0.0,0.001,28,0.0645507000008365,2.0617183999929694,20.11070110701107,5.0,0.002,True,28,pix_only-20260606T025833Z-6129c687,pix_only,none,,,,,
0.292382891689028,0.2519238718918392,0.2519238718918392,0.2519238718918392,1.2040892498833793,20.22950908115932,0.3232492208480835,0.2777482569217682,0.2777482569217682,0.2777482569217682,1.1970583200454712,22.750483512878414,0.002,0.0,0.001,29,0.0631962000006751,2.1249145999936445,19.46428571428571,5.0,0.003,True,29,pix_only-20260606T025833Z-6129c687,pix_only,none,,,,,
0.3121966421604156,0.245384184377534,0.245384184377534,0.245384184377534,1.1881317581449236,22.270821707589285,0.337836891412735,0.276332750916481,0.276332750916481,0.276332750916481,1.1765893697738647,20.50137710571289,0.003,0.0,0.001,30,0.0606652999995276,2.185579899993172,18.858131487889278,5.0,0.004,True,30,pix_only-20260606T025833Z-6129c687,pix_only,none,,,,,
0.3286610884325845,0.2540571838617325,0.2540571838617325,0.2540571838617325,1.1841022968292236,18.650976181030277,0.3423962742090225,0.2756832093000412,0.2756832093000412,0.2756832093000412,1.1734018921852112,16.67826557159424,0.004,0.0,0.001,31,0.061710399997537,2.247290299990709,18.288590604026847,5.0,0.003,True,31,pix_only-20260606T025833Z-6129c687,pix_only,none,,,,,
0.3056604181017194,0.2513121685811451,0.2513121685811451,0.2513121685811451,1.1881823199135917,18.116083690098357,0.3313279747962951,0.2752344906330108,0.2752344906330108,0.2752344906330108,1.1756606698036194,18.697826385498047,0.003,0.0,0.001,32,0.0597629000003507,2.30705319999106,17.752442996742666,5.0,0.004,True,32,pix_only-20260606T025833Z-6129c687,pix_only,none,,,,,
0.3220838265759604,0.2460458810840334,0.2460458810840334,0.2460458810840334,1.1776481185640608,19.00948578970773,0.3426585644483566,0.2720334380865097,0.2720334380865097,0.2720334380865097,1.1662580370903015,17.65628147125244,0.004,0.0,0.001,33,0.0614872000005561,2.368540399991616,17.246835443037973,5.0,0.005,True,33,pix_only-20260606T025833Z-6129c687,pix_only,none,,,,,
0.3380252846649715,0.2550625332764217,0.2550625332764217,0.2550625332764217,1.1732938970838274,16.592550822666713,0.349067747592926,0.2726695537567138,0.2726695537567138,0.2726695537567138,1.1676325798034668,15.279639720916748,0.005,0.0,0.001,34,0.0638970999971206,2.432437499988737,16.769230769230766,5.0,0.004,True,34,pix_only-20260606T025833Z-6129c687,pix_only,none,,,,,
0.3192399144172668,0.2525463338409151,0.2525463338409151,0.2525463338409151,1.1812516450881958,16.673395020621165,0.339964359998703,0.271682932972908,0.271682932972908,0.271682932972908,1.1673539876937866,17.070353507995605,0.004,0.0,0.001,35,0.0615160000015748,2.493953499990312,16.317365269461078,5.0,0.005,True,35,pix_only-20260606T025833Z-6129c687,pix_only,none,,,,,
0.3340292487825666,0.2495258046048028,0.2495258046048028,0.2495258046048028,1.1713766370500838,16.900688988821848,0.3538745790719986,0.2746216356754303,0.2746216356754303,0.2746216356754303,1.163707673549652,15.850589752197266,0.005,0.0,0.001,36,0.0610266000003321,2.554980099990644,15.889212827988338,5.0,0.0046137692420892,True,36,pix_only-20260606T025833Z-6129c687,pix_only,none,,,,,
0.3264621794223785,0.2526143491268158,0.2526143491268158,0.2526143491268158,1.1734373739787511,16.005966595241002,0.3465697169303894,0.2731489986181259,0.2731489986181259,0.2731489986181259,1.1695346236228945,15.913394927978516,0.0046137692420892,0.0,0.001,37,0.0630741000022681,2.618054199992912,15.482954545454549,5.0,0.0056137692420892,True,37,pix_only-20260606T025833Z-6129c687,pix_only,none,,,,,
0.340821704694203,0.2515779073749269,0.2515779073749269,0.2515779073749269,1.1695203270230974,15.897303444998604,0.3567578941583633,0.2718101143836975,0.2718101143836975,0.2718101143836975,1.1618157625198364,15.132040977478027,0.0056137692420892,0.0,0.001,38,0.059968999998091,2.678023199991003,15.096952908587255,5.0,0.0059646499309969,True,38,pix_only-20260606T025833Z-6129c687,pix_only,none,,,,,
0.3452961530004229,0.2554079294204712,0.2554079294204712,0.2554079294204712,1.16936879498618,15.070159775870186,0.3599830120801925,0.2725457400083542,0.2725457400083542,0.2725457400083542,1.1624296307563782,14.659246444702148,0.0059646499309969,0.0,0.001,39,0.0629059999992023,2.740929199990205,14.729729729729732,5.0,0.0052598170807211,True,39,pix_only-20260606T025833Z-6129c687,pix_only,none,,,,,
0.334788224526814,0.2525855260235922,0.2525855260235922,0.2525855260235922,1.175696781703404,15.628432546343122,0.3557096123695373,0.2724568545818329,0.2724568545818329,0.2724568545818329,1.1609677076339722,15.828071117401125,0.0052598170807211,0.0,0.001,40,0.0628027000020665,2.803731899992272,14.379947229551448,5.0,0.0062598170807211,True,40,pix_only-20260606T025833Z-6129c687,pix_only,none,,,,,
0.3458320115293775,0.2503782787493297,0.2503782787493297,0.2503782787493297,1.1573634147644043,15.248645101274764,0.3622263669967651,0.2707940489053726,0.2707940489053726,0.2707940489053726,1.1646301746368408,14.606228828430176,0.0062598170807211,0.0,0.001,41,0.0612684000006993,2.865000299992971,14.046391752577314,5.0,0.0072598170807211,True,41,pix_only-20260606T025833Z-6129c687,pix_only,none,,,,,
0.3602738550731114,0.2572570592164993,0.2572570592164993,0.2572570592164993,1.16790429183415,14.1899995803833,0.3728339076042175,0.2730132639408111,0.2730132639408111,0.2730132639408111,1.158657193183899,13.749747276306152,0.0072598170807211,0.0,0.001,42,0.0615079000017431,2.9265081999947142,13.727959697733,5.0,0.0074776928664526,True,42,pix_only-20260606T025833Z-6129c687,pix_only,none,,,,,
0.3640885949134826,0.2593230477401188,0.2593230477401188,0.2593230477401188,1.1663686888558524,14.010411126273018,0.3773528188467026,0.2754700779914856,0.2754700779914856,0.2754700779914856,1.147707760334015,13.624889850616457,0.0074776928664526,0.0,0.001,43,0.0594880999997258,2.98599629999444,13.423645320197046,5.0,0.0084776928664526,True,43,pix_only-20260606T025833Z-6129c687,pix_only,none,,,,,
0.3766349128314427,0.2613722852298191,0.2613722852298191,0.2613722852298191,1.1635573080607824,13.595990180969238,0.3800863176584244,0.2741452008485794,0.2741452008485794,0.2741452008485794,1.1491815447807312,12.496457576751707,0.0084776928664526,0.0,0.001,44,0.0609887999999045,3.0469850999943446,13.132530120481931,5.0,0.0074776928664526,True,44,pix_only-20260606T025833Z-6129c687,pix_only,none,,,,,
0.3661767201764243,0.2638643596853529,0.2638643596853529,0.2638643596853529,1.1630506685801916,13.682344027927943,0.3783023953437805,0.2726696878671646,0.2726696878671646,0.2726696878671646,1.1542543768882751,14.12637710571289,0.0074776928664526,0.0,0.001,45,0.0619461000023875,3.108931199996732,12.85377358490566,5.0,0.0084776928664526,True,45,pix_only-20260606T025833Z-6129c687,pix_only,none,,,,,
0.3772834752287183,0.2622644134930202,0.2622644134930202,0.2622644134930202,1.1632349491119385,13.5672607421875,0.3837703466415405,0.2752970606088638,0.2752970606088638,0.2752970606088638,1.149851143360138,12.795140743255615,0.0084776928664526,0.0,0.001,46,0.0631061999993107,3.172037399996043,12.586605080831404,5.0,0.0094776928664526,True,46,pix_only-20260606T025833Z-6129c687,pix_only,none,,,,,
0.38756092105593,0.2672294122832162,0.2672294122832162,0.2672294122832162,1.1612114906311035,12.696287018912178,0.3910712599754333,0.2735268920660019,0.2735268920660019,0.2735268920660019,1.1517739295959473,12.402214050292969,0.0094776928664526,0.0,0.001,47,0.0616491000000678,3.233686499996111,12.33031674208145,5.0,0.0101966659485678,True,47,pix_only-20260606T025833Z-6129c687,pix_only,none,,,,,
0.3983447934900011,0.2692243371691022,0.2692243371691022,0.2692243371691022,1.1585843563079834,12.66300732748849,0.3943712562322616,0.2729759216308594,0.2729759216308594,0.2729759216308594,1.1412252187728882,11.905394077301024,0.0101966659485678,0.0,0.001,48,0.06272700000045,3.296413499996561,12.084257206208427,5.0,0.0091966659485678,True,48,pix_only-20260606T025833Z-6129c687,pix_only,none,,,,,
0.3844174870422908,0.2650650909968784,0.2650650909968784,0.2650650909968784,1.153396725654602,12.977789333888463,0.3858261555433273,0.2705985903739929,0.2705985903739929,0.2705985903739929,1.1430954337120056,12.52927589416504,0.0091966659485678,0.0,0.001,49,0.0670385000012174,3.3634519999977783,11.847826086956523,5.0,0.0101966659485678,True,49,pix_only-20260606T025833Z-6129c687,pix_only,none,,,,,
0.3947080969810486,0.2678969459874289,0.2678969459874289,0.2678969459874289,1.152812429836818,12.436531066894531,0.3956489861011505,0.273399144411087,0.273399144411087,0.273399144411087,1.1456297039985657,11.989197254180908,0.0101966659485678,0.0,0.001,50,0.0640788000018801,3.4275307999996585,11.620469083155657,5.0,0.0111966659485678,True,50,pix_only-20260606T025833Z-6129c687,pix_only,none,,,,,
0.4048574566841125,0.2701505465166909,0.2701505465166909,0.2701505465166909,1.1563194138663155,12.030984061104911,0.4060370326042175,0.278021290898323,0.278021290898323,0.278021290898323,1.1397567391395569,11.433380126953123,0.0111966659485678,0.0,0.001,51,0.0588583999997354,3.486389199999394,11.40167364016736,5.0,0.0115137308164255,True,51,pix_only-20260606T025833Z-6129c687,pix_only,none,,,,,
0.4134654317583356,0.2750796633107321,0.2750796633107321,0.2750796633107321,1.150013770375933,12.019195556640623,0.4059537798166275,0.2729650139808655,0.2729650139808655,0.2729650139808655,1.1416712999343872,11.550449848175049,0.0115137308164255,0.0,0.001,52,0.0623291000010794,3.5487183000004734,11.190965092402465,5.0,0.0125137308164255,True,52,pix_only-20260606T025833Z-6129c687,pix_only,none,,,,,
0.4181231473173414,0.2717307465417044,0.2717307465417044,0.2717307465417044,1.152455500194005,11.698542049952916,0.4140743762254715,0.2754008919000625,0.2754008919000625,0.2754008919000625,1.1435770988464355,11.081706523895264,0.0125137308164255,0.0,0.001,53,0.0617025999999896,3.610420900000463,10.987903225806448,5.0,0.0134517637973136,True,53,pix_only-20260606T025833Z-6129c687,pix_only,none,,,,,
0.4298677572182247,0.2798794976302555,0.2798794976302555,0.2798794976302555,1.1492245537894112,11.150081362043109,0.4171899557113647,0.2722448110580444,0.2722448110580444,0.2722448110580444,1.1415278911590576,10.775177478790283,0.0134517637973136,0.0,0.001,54,0.060626600003161,3.671047500003624,10.792079207920786,5.0,0.0132827465060086,True,54,pix_only-20260606T025833Z-6129c687,pix_only,none,,,,,
0.4268382617405483,0.2765142747334072,0.2765142747334072,0.2765142747334072,1.151282208306449,11.317237717764716,0.4167410433292389,0.2744369357824325,0.2744369357824325,0.2744369357824325,1.1337173581123352,10.71345567703247,0.0132827465060086,0.0,0.001,55,0.0684958999991067,3.7395434000027303,10.603112840466927,5.0,0.0142827465060086,True,55,pix_only-20260606T025833Z-6129c687,pix_only,none,,,,,
0.4399158273424421,0.2838191943509238,0.2838191943509238,0.2838191943509238,1.1519125870295934,10.92903505052839,0.41939178109169,0.2694953680038452,0.2694953680038452,0.2694953680038452,1.1361124515533447,10.49492883682251,0.0142827465060086,0.0,0.001,56,0.0656592000013915,3.8052026000041215,10.42065009560229,5.0,0.0150255339182108,True,56,pix_only-20260606T025833Z-6129c687,pix_only,none,,,,,
0.446109733411244,0.283963395016534,0.283963395016534,0.283963395016534,1.14364606993539,10.791386331830706,0.4280889630317688,0.2741493582725525,0.2741493582725525,0.2741493582725525,1.1288577318191528,10.24519968032837,0.0150255339182108,0.0,0.001,57,0.0604953000001842,3.8656979000043066,10.244360902255636,5.0,0.0150339216989381,True,57,pix_only-20260606T025833Z-6129c687,pix_only,none,,,,,
0.4454765915870666,0.2841005453041622,0.2841005453041622,0.2841005453041622,1.1466581991740636,10.73412799835205,0.4305317252874374,0.2759347409009933,0.2759347409009933,0.2759347409009933,1.1338143944740295,10.283210754394531,0.0150339216989381,0.0,0.001,58,0.0582037000021955,3.923901600006502,10.073937153419593,5.0,0.0160339216989381,True,58,pix_only-20260606T025833Z-6129c687,pix_only,none,,,,,
0.4610147944518498,0.2916688663618905,0.2916688663618905,0.2916688663618905,1.1434480122157509,10.561728613717216,0.4377276301383972,0.275788351893425,0.275788351893425,0.275788351893425,1.1320579648017883,10.099792957305908,0.0160339216989381,0.0,0.001,59,0.0592209999995247,3.983122600006027,9.909090909090908,5.0,0.0170339216989381,True,59,pix_only-20260606T025833Z-6129c687,pix_only,none,,,,,
0.4627168987478529,0.2885902907167162,0.2885902907167162,0.2885902907167162,1.1407383680343628,10.22234398978097,0.4421203881502151,0.2744720131158829,0.2744720131158829,0.2744720131158829,1.1320819854736328,9.842031002044678,0.0170339216989381,0.0,0.001,60,0.0598664999997708,4.042989100005798,9.749552772808585,5.0,0.0179587039912991,True,60,pix_only-20260606T025833Z-6129c687,pix_only,none,,,,,
0.4763563573360443,0.2971490834440504,0.2971490834440504,0.2971490834440504,1.1433777468545097,9.978852953229632,0.4527157992124557,0.2765520364046097,0.2765520364046097,0.2765520364046097,1.1346880793571472,9.809381008148192,0.0179587039912991,0.0,0.001,61,0.0615285000021685,4.104517600007966,9.595070422535208,5.0,0.0189587039912991,True,61,pix_only-20260606T025833Z-6129c687,pix_only,none,,,,,
0.488046509878976,0.3006953171321324,0.3006953171321324,0.3006953171321324,1.1435294662203108,9.88206672668457,0.4560275673866272,0.2745922654867172,0.2745922654867172,0.2745922654867172,1.129842460155487,9.57002592086792,0.0189587039912991,0.0,0.001,62,0.060974799998803,4.1654924000067695,9.44540727902946,5.0,0.0199587039912991,True,62,pix_only-20260606T025833Z-6129c687,pix_only,none,,,,,
0.4903107072625841,0.2997015842369624,0.2997015842369624,0.2997015842369624,1.1369484492710658,9.55017512185233,0.4593796283006668,0.2811227291822433,0.2811227291822433,0.2811227291822433,1.121046960353851,8.931285381317139,0.0199587039912991,0.0,0.001,63,0.0649516000012226,4.230444000007992,9.300341296928323,5.0,0.0189587039912991,True,63,pix_only-20260606T025833Z-6129c687,pix_only,none,,,,,
0.484228606734957,0.3016231485775539,0.3016231485775539,0.3016231485775539,1.1432054383414132,9.63174765450614,0.455865740776062,0.2789748311042785,0.2789748311042785,0.2789748311042785,1.1242790222167969,9.330326557159424,0.0189587039912991,0.0,0.001,64,0.0638739000023633,4.294317900010356,9.15966386554622,5.0,0.0199587039912991,True,64,pix_only-20260606T025833Z-6129c687,pix_only,none,,,,,
0.4951870994908469,0.3060262799263,0.3060262799263,0.3060262799263,1.1383435385567802,9.47760990687779,0.4601694345474243,0.2784915119409561,0.2784915119409561,0.2784915119409561,1.1263092160224917,9.102691173553469,0.0199587039912991,0.0,0.001,65,0.058635299999878,4.352953200010234,9.02317880794702,5.0,0.0207538276473635,True,65,pix_only-20260606T025833Z-6129c687,pix_only,none,,,,,
0.5020822158881596,0.3118490491594587,0.3118490491594587,0.3118490491594587,1.13700875214168,9.166172708783831,0.4701504409313202,0.278522327542305,0.278522327542305,0.278522327542305,1.1280876398086548,9.233386993408203,0.0207538276473635,0.0,0.001,66,0.0606320999977469,4.4135853000079805,8.890701468189235,5.0,0.0217538276473635,True,66,pix_only-20260606T025833Z-6129c687,pix_only,none,,,,,
0.5098840594291687,0.3119973582880838,0.3119973582880838,0.3119973582880838,1.133931619780404,9.09663895198277,0.4665331840515136,0.2802547663450241,0.2802547663450241,0.2802547663450241,1.1155545711517334,8.563018798828125,0.0217538276473635,0.0,0.001,67,0.058664400003181,4.472249700011162,8.762057877813504,5.0,0.0207538276473635,True,67,pix_only-20260606T025833Z-6129c687,pix_only,none,,,,,
0.4980015626975468,0.3038223130362374,0.3038223130362374,0.3038223130362374,1.1426225900650024,9.356310163225446,0.4603900015354156,0.2785698920488357,0.2785698920488357,0.2785698920488357,1.119266152381897,8.760798454284668,0.0207538276473635,0.0,0.001,68,0.0599077000006218,4.532157400011784,8.637083993660859,5.0,0.0217538276473635,True,68,pix_only-20260606T025833Z-6129c687,pix_only,none,,,,,
0.5071124179022652,0.3092353003365652,0.3092353003365652,0.3092353003365652,1.1358838081359863,9.09619835444859,0.4650738537311554,0.2796303629875183,0.2796303629875183,0.2796303629875183,1.119505524635315,8.524637699127197,0.0217538276473635,0.0,0.001,69,0.0605312000006961,4.59268860001248,8.515625,5.0,0.0218439546386355,True,69,pix_only-20260606T025833Z-6129c687,pix_only,none,,,,,
0.5052775059427533,0.3098937783922468,0.3098937783922468,0.3098937783922468,1.1340317555836268,8.944521222795759,0.4653271287679672,0.2767603248357773,0.2767603248357773,0.2767603248357773,1.119303822517395,8.632447719573975,0.0218439546386355,0.0,0.001,70,0.0584780999997747,4.651166700012254,8.397534668721107,5.0,0.0228439546386355,True,70,pix_only-20260606T025833Z-6129c687,pix_only,none,,,,,
0.5146666509764535,0.3097712312425886,0.3097712312425886,0.3097712312425886,1.1375596863882882,8.969349452427455,0.4725189805030823,0.2808192670345306,0.2808192670345306,0.2808192670345306,1.1186113357543943,8.391704082489014,0.0228439546386355,0.0,0.001,71,0.0626035999994201,4.713770300011674,8.282674772036472,5.0,0.0238439546386355,True,71,pix_only-20260606T025833Z-6129c687,pix_only,none,,,,,
0.525069602898189,0.3179012026105608,0.3179012026105608,0.3179012026105608,1.1310304233006068,8.688508578709193,0.4835450798273086,0.2764168083667755,0.2764168083667755,0.2764168083667755,1.1237444877624512,8.6868257522583,0.0238439546386355,0.0,0.001,72,0.0654480000011972,4.779218300012872,8.170914542728639,5.0,0.0248439546386355,True,72,pix_only-20260606T025833Z-6129c687,pix_only,none,,,,,
0.5310474719320025,0.319197484425136,0.319197484425136,0.319197484425136,1.1346924134663172,8.52722454071045,0.4794023931026459,0.2834392040967941,0.2834392040967941,0.2834392040967941,1.1176203489303589,7.887761831283569,0.0248439546386355,0.0,0.001,73,0.0614525999990291,4.840670900011901,8.062130177514796,5.0,0.0238439546386355,True,73,pix_only-20260606T025833Z-6129c687,pix_only,none,,,,,
0.5247069426945278,0.3198027951376779,0.3198027951376779,0.3198027951376779,1.1360866171973092,8.593546867370605,0.4899036288261413,0.2824382930994034,0.2824382930994034,0.2824382930994034,1.1151573657989502,8.700961589813232,0.0238439546386355,0.0,0.001,74,0.0617383000026166,4.902409200014517,7.956204379562045,5.0,0.0248439546386355,True,74,pix_only-20260606T025833Z-6129c687,pix_only,none,,,,,
0.5338989496231079,0.3231041814599718,0.3231041814599718,0.3231041814599718,1.135105882372175,8.4847503389631,0.4804727584123611,0.2749207764863968,0.2749207764863968,0.2749207764863968,1.1175180077552795,8.273722171783447,0.0248439546386355,0.0,0.001,75,0.0638321999977051,4.966241400012223,7.853025936599423,5.0,0.0258439546386355,True,75,pix_only-20260606T025833Z-6129c687,pix_only,none,,,,,
0.5404177222933088,0.3223869630268642,0.3223869630268642,0.3223869630268642,1.1292691230773926,8.436432021004814,0.4817620515823364,0.2783411145210266,0.2783411145210266,0.2783411145210266,1.1119475960731506,7.871122360229492,0.0258439546386355,0.0,0.001,76,0.0651419000023452,5.031383300014568,7.752489331436699,5.0,0.0268439546386355,True,76,pix_only-20260606T025833Z-6129c687,pix_only,none,,,,,
0.548852128641946,0.3266108291489737,0.3266108291489737,0.3266108291489737,1.1293191739491053,8.27900777544294,0.4866546988487243,0.2794853001832962,0.2794853001832962,0.2794853001832962,1.109585702419281,7.717544078826904,0.0268439546386355,0.0,0.001,77,0.0606516999978339,5.092035000012402,7.65449438202247,5.0,0.0274744516066799,True,77,pix_only-20260606T025833Z-6129c687,pix_only,none,,,,,
0.5482308098248073,0.3260863508496965,0.3260863508496965,0.3260863508496965,1.1259620189666748,8.085491929735456,0.4953732937574386,0.2812586575746536,0.2812586575746536,0.2812586575746536,1.1158762574195862,7.793226957321167,0.0274744516066799,0.0,0.001,78,0.0611011000000871,5.153136100012489,7.558945908460473,5.0,0.0284744516066799,True,78,pix_only-20260606T025833Z-6129c687,pix_only,none,,,,,
0.5623372112001691,0.3413076613630567,0.3413076613630567,0.3413076613630567,1.1282477208546229,7.76238134929112,0.5121228992938995,0.28269062936306,0.28269062936306,0.28269062936306,1.121242105960846,8.057477951049805,0.0284744516066799,0.0,0.001,79,0.065931900000578,5.219068000013067,7.465753424657535,5.0,0.0294744516066799,True,79,pix_only-20260606T025833Z-6129c687,pix_only,none,,,,,
0.569079407623836,0.3375440665653774,0.3375440665653774,0.3375440665653774,1.1278372662408012,7.855458736419678,0.4954832196235657,0.2869025319814682,0.2869025319814682,0.2869025319814682,1.1048423051834106,7.076659917831421,0.0294744516066799,0.0,0.001,80,0.0630478000020957,5.282115800015163,7.374830852503379,5.0,0.0284744516066799,True,80,pix_only-20260606T025833Z-6129c687,pix_only,none,,,,,
0.5603529044560024,0.3382407980305807,0.3382407980305807,0.3382407980305807,1.1265190839767456,7.800400052751813,0.5014295279979706,0.2843816727399826,0.2843816727399826,0.2843816727399826,1.10735684633255,7.622547626495361,0.0284744516066799,0.0,0.001,81,0.0611736999999266,5.343289500015089,7.286096256684488,5.0,0.0294744516066799,True,81,pix_only-20260606T025833Z-6129c687,pix_only,none,,,,,
0.5635963508061,0.3360230241503034,0.3360230241503034,0.3360230241503034,1.1207638468061174,7.721037115369524,0.5032332539558411,0.2895742803812027,0.2895742803812027,0.2895742803812027,1.1094335317611694,7.24895453453064,0.0294744516066799,0.0,0.001,82,0.0668651999985741,5.410154700013663,7.199471598414796,5.0,0.0299692809678383,True,82,pix_only-20260606T025833Z-6129c687,pix_only,none,,,,,
0.5693990417889186,0.3446872276919229,0.3446872276919229,0.3446872276919229,1.1228767463139124,7.498071398053851,0.505493775010109,0.2847986072301864,0.2847986072301864,0.2847986072301864,1.1052968502044678,7.364046573638916,0.0299692809678383,0.0,0.001,83,0.0615833000010752,5.471738000014739,7.114882506527415,5.0,0.0309692809678383,True,83,pix_only-20260606T025833Z-6129c687,pix_only,none,,,,,
0.5841602172170367,0.3455726632050105,0.3455726632050105,0.3455726632050105,1.1190496172223772,7.704006944383893,0.5147645771503448,0.2871094644069671,0.2871094644069671,0.2871094644069671,1.1085724234580994,7.350997447967529,0.0309692809678383,0.0,0.001,84,0.0647632000000157,5.536501200014754,7.032258064516128,5.0,0.0319692809678383,True,84,pix_only-20260606T025833Z-6129c687,pix_only,none,,,,,
0.5862787536212376,0.3459724400724683,0.3459724400724683,0.3459724400724683,1.1145890269960677,7.516787733350482,0.5211880505084991,0.2871400415897369,0.2871400415897369,0.2871400415897369,1.1103358268737793,7.321027517318726,0.0319692809678383,0.0,0.001,85,0.0635593000006338,5.600060500015388,6.951530612244902,5.0,0.0329692809678383,True,85,pix_only-20260606T025833Z-6129c687,pix_only,none,,,,,
0.5921174202646527,0.3583153741700308,0.3583153741700308,0.3583153741700308,1.1143101453781128,7.0915116582598,0.5118707120418549,0.2886182814836502,0.2886182814836502,0.2886182814836502,1.096595823764801,6.771528959274292,0.0329692809678383,0.0,0.001,86,0.0636282000014034,5.663688700016792,6.872635561160152,5.0,0.0319692809678383,True,86,pix_only-20260606T025833Z-6129c687,pix_only,none,,,,,
0.586172206061227,0.3401755349976675,0.3401755349976675,0.3401755349976675,1.1132219178336007,7.694781984601702,0.5031079053878784,0.2941401898860931,0.2941401898860931,0.2941401898860931,1.092708170413971,6.536516427993774,0.0319692809678383,0.0,0.001,87,0.0591177999995125,5.722806500016304,6.795511221945134,5.0,0.0309692809678383,True,87,pix_only-20260606T025833Z-6129c687,pix_only,none,,,,,
0.579220039503915,0.3528568829808916,0.3528568829808916,0.3528568829808916,1.1135617324284144,7.309280327388218,0.5161454975605011,0.2856503576040268,0.2856503576040268,0.2856503576040268,1.10100120306015,7.442702770233154,0.0309692809678383,0.0,0.001,88,0.061966699999175,5.784773200015479,6.720098643649813,5.0,0.0319692809678383,True,88,pix_only-20260606T025833Z-6129c687,pix_only,none,,,,,
0.5818853718893868,0.3506533162934439,0.3506533162934439,0.3506533162934439,1.1055257661002025,7.232944488525391,0.5151634812355042,0.2890776842832565,0.2890776842832565,0.2890776842832565,1.1013991832733154,7.071969747543335,0.0319692809678383,0.0,0.001,89,0.0610916999976325,5.845864900013112,6.646341463414636,5.0,0.0329692809678383,True,89,pix_only-20260606T025833Z-6129c687,pix_only,none,,,,,
0.5922055840492249,0.3521753294127328,0.3521753294127328,0.3521753294127328,1.1174036605017523,7.280421325138637,0.51327845454216,0.2891554236412048,0.2891554236412048,0.2891554236412048,1.0958673357963562,6.797935247421265,0.0329692809678383,0.0,0.001,90,0.0642159999988507,5.9100809000119625,6.57418576598311,5.0,0.0339692809678383,True,90,pix_only-20260606T025833Z-6129c687,pix_only,none,,,,,
0.5943467787333897,0.3474476039409637,0.3474476039409637,0.3474476039409637,1.108526689665658,7.268307277134487,0.515769898891449,0.2936027646064758,0.2936027646064758,0.2936027646064758,1.0977622866630554,6.540236473083496,0.0339692809678383,0.0,0.001,91,0.0601490000008198,5.970229900012782,6.503579952267302,5.0,0.0343358461760002,True,91,pix_only-20260606T025833Z-6129c687,pix_only,none,,,,,
0.6008975761277335,0.3663793419088636,0.3663793419088636,0.3663793419088636,1.109419618334089,6.830128124782017,0.5322430729866028,0.2888058573007583,0.2888058573007583,0.2888058573007583,1.1004937887191772,7.0898847579956055,0.0343358461760002,0.0,0.001,92,0.0608697999996366,6.031099700012419,6.434474616292796,5.0,0.0353358461760002,True,92,pix_only-20260606T025833Z-6129c687,pix_only,none,,,,,
0.6050982475280762,0.3552197601114,0.3552197601114,0.3552197601114,1.1064526694161552,7.071530137743268,0.5168990194797516,0.2912583351135254,0.2912583351135254,0.2912583351135254,1.0937620997428894,6.385602712631226,0.0353358461760002,0.0,0.001,93,0.064613399998052,6.095713100010471,6.3668224299065415,5.0,0.0355236490032471,True,93,pix_only-20260606T025833Z-6129c687,pix_only,none,,,,,
0.6066602553640094,0.3565154245921543,0.3565154245921543,0.3565154245921543,1.1081211396626065,7.041642257145473,0.5249719619750977,0.2940187156200409,0.2940187156200409,0.2940187156200409,1.0920875668525696,6.501393556594849,0.0355236490032471,0.0,0.001,94,0.0645987999996577,6.160311900010129,6.300578034682083,5.0,0.0365236490032471,True,94,pix_only-20260606T025833Z-6129c687,pix_only,none,,,,,
0.6127191356250218,0.3663831225463322,0.3663831225463322,0.3663831225463322,1.1075975043433053,6.744562489645822,0.5324650704860687,0.2880845814943313,0.2880845814943313,0.2880845814943313,1.0949081778526306,6.691021203994751,0.0365236490032471,0.0,0.001,95,0.0626360999995085,6.222948000009637,6.235697940503435,5.0,0.0375236490032471,True,95,pix_only-20260606T025833Z-6129c687,pix_only,none,,,,,
0.6170797603470939,0.3625646446432386,0.3625646446432386,0.3625646446432386,1.1082755497523715,6.782792227608817,0.5236683487892151,0.2990965098142624,0.2990965098142624,0.2990965098142624,1.088837206363678,5.984808683395386,0.0375236490032471,0.0,0.001,96,0.0656391000011353,6.288587100010773,6.172140430351078,5.0,0.0365236490032471,True,96,pix_only-20260606T025833Z-6129c687,pix_only,none,,,,,
0.6130791817392621,0.3661035129002162,0.3661035129002162,0.3661035129002162,1.1071403878075736,6.762075560433524,0.5312436819076538,0.2951556444168091,0.2951556444168091,0.2951556444168091,1.087136149406433,6.463977575302124,0.0365236490032471,0.0,0.001,97,0.0611467999988235,6.349733900009596,6.109865470852014,5.0,0.0375236490032471,True,97,pix_only-20260606T025833Z-6129c687,pix_only,none,,,,,
0.6188915201595852,0.3681677068982805,0.3681677068982805,0.3681677068982805,1.0990943227495469,6.681754520961216,0.5411821007728577,0.2954508811235428,0.2954508811235428,0.2954508811235428,1.0976922512054443,6.548703193664551,0.0375236490032471,0.0,0.001,98,0.0627472000014677,6.412481100011064,6.048834628190896,5.0,0.0385236490032471,True,98,pix_only-20260606T025833Z-6129c687,pix_only,none,,,,,
0.6243574448994228,0.3722340422017233,0.3722340422017233,0.3722340422017233,1.1019689525876726,6.544639723641532,0.5340496897697449,0.2962429523468017,0.2962429523468017,0.2962429523468017,1.0889310240745544,6.173006534576416,0.0385236490032471,0.0,0.001,99,0.0632232999996631,6.475704400010727,5.989010989010993,5.0,0.0395236490032471,True,99,pix_only-20260606T025833Z-6129c687,pix_only,none,,,,,
0.629469266959599,0.3682792825358255,0.3682792825358255,0.3682792825358255,1.1001171725136891,6.608447892325265,0.5427668988704681,0.2934949100017547,0.2934949100017547,0.2934949100017547,1.0909704566001892,6.306907415390015,0.0395236490032471,0.0,0.001,100,0.0616971999988891,6.537401600009616,5.930359085963005,5.0,0.0405236490032471,True,100,pix_only-20260606T025833Z-6129c687,pix_only,none,,,,,
0.6364089250564575,0.3777982337134225,0.3777982337134225,0.3777982337134225,1.1013343674795968,6.381722518375942,0.5493278503417969,0.2973068654537201,0.2973068654537201,0.2973068654537201,1.091519832611084,6.219108581542969,0.0405236490032471,0.0,0.001,101,0.0625992999994196,6.600000900009036,5.872844827586206,5.0,0.0415236490032471,True,101,pix_only-20260606T025833Z-6129c687,pix_only,none,,,,,
0.6379166500908988,0.3831393378121512,0.3831393378121512,0.3831393378121512,1.1062830516270228,6.135715484619141,0.5367652177810669,0.3003576844930649,0.3003576844930649,0.3003576844930649,1.083829939365387,5.693322420120239,0.0415236490032471,0.0,0.001,102,0.0624433999983011,6.662444300007337,5.81643543223052,5.0,0.0405236490032471,True,102,pix_only-20260606T025833Z-6129c687,pix_only,none,,,,,
0.6330457500049046,0.3711926851953779,0.3711926851953779,0.3711926851953779,1.101156234741211,6.461734771728516,0.5381850600242615,0.3010838031768799,0.3010838031768799,0.3010838031768799,1.0848661065101624,5.8509361743927,0.0405236490032471,0.0,0.001,103,0.0615752000012435,6.7240195000085805,5.761099365750525,5.0,0.0414220170896688,True,103,pix_only-20260606T025833Z-6129c687,pix_only,none,,,,,
0.6404361980301994,0.391866820199149,0.391866820199149,0.391866820199149,1.0876098360334123,6.000900064195905,0.5692765116691589,0.2959697693586349,0.2959697693586349,0.2959697693586349,1.0961012244224548,6.598102807998657,0.0414220170896688,0.0,0.001,104,0.0628719000014825,6.786891400010063,5.706806282722511,5.0,0.0424220170896689,True,104,pix_only-20260606T025833Z-6129c687,pix_only,none,,,,,
0.640781044960022,0.3812104378427778,0.3812104378427778,0.3812104378427778,1.0968178851263863,6.11877053124564,0.5287415981292725,0.3005053699016571,0.3005053699016571,0.3005053699016571,1.083333432674408,5.380136251449585,0.0424220170896689,0.0,0.001,105,0.0717606999969575,6.858652100007021,5.65352697095436,5.0,0.0414220170896688,True,105,pix_only-20260606T025833Z-6129c687,pix_only,none,,,,,
0.6368606856891087,0.3779714746134622,0.3779714746134622,0.3779714746134622,1.1008083650044032,6.25003889628819,0.5444754064083099,0.3007386326789856,0.3007386326789856,0.3007386326789856,1.082280158996582,5.88423228263855,0.0414220170896688,0.0,0.001,106,0.0646796000000904,6.923331700007111,5.601233299075027,5.0,0.0424220170896689,True,106,pix_only-20260606T025833Z-6129c687,pix_only,none,,,,,
0.6440320270402091,0.3878490243639265,0.3878490243639265,0.3878490243639265,1.094554781913757,6.038915838514056,0.5595623254776001,0.2991824895143509,0.2991824895143509,0.2991824895143509,1.083838164806366,6.137845993041992,0.0424220170896689,0.0,0.001,107,0.0693078000003879,6.992639500007499,5.549898167006106,5.0,0.0434220170896689,True,107,pix_only-20260606T025833Z-6129c687,pix_only,none,,,,,
0.6550638590540204,0.3909235213484083,0.3909235213484083,0.3909235213484083,1.09486300604684,6.083096844809396,0.5501702129840851,0.3021062463521957,0.3021062463521957,0.3021062463521957,1.0792922973632812,5.71286153793335,0.0434220170896689,0.0,0.001,108,0.0599529999999504,7.052592500007449,5.499495459132191,5.0,0.0444220170896689,True,108,pix_only-20260606T025833Z-6129c687,pix_only,none,,,,,
0.6633234534944806,0.3937518468924931,0.3937518468924931,0.3937518468924931,1.0942866461617606,6.068423748016357,0.5543943047523499,0.3074273616075516,0.3074273616075516,0.3074273616075516,1.0738720297813416,5.559561729431152,0.0444220170896689,0.0,0.001,109,0.0611107000004267,7.113703200007876,5.450000000000003,5.0,0.0454220170896689,True,109,pix_only-20260606T025833Z-6129c687,pix_only,none,,,,,
0.6627945559365409,0.3933742131505693,0.3933742131505693,0.3933742131505693,1.0900333098002843,5.931492192404611,0.5590192377567291,0.3083282560110092,0.3083282560110092,0.3083282560110092,1.0791175961494446,5.519151449203491,0.0454220170896689,0.0,0.001,110,0.0595881000008375,7.173291300008714,5.401387512388503,5.0,0.0464220170896689,True,110,pix_only-20260606T025833Z-6129c687,pix_only,none,,,,,
0.6757146630968366,0.4003303008420126,0.4003303008420126,0.4003303008420126,1.093973994255066,5.9321931430271695,0.5588462948799133,0.3082074970006943,0.3082074970006943,0.3082074970006943,1.076961100101471,5.399136066436768,0.0464220170896689,0.0,0.001,111,0.0624405999988084,7.235731900007522,5.353634577603145,5.0,0.0468770319780051,True,111,pix_only-20260606T025833Z-6129c687,pix_only,none,,,,,
0.6757156678608486,0.4060333584036146,0.4060333584036146,0.4060333584036146,1.082802448953901,5.7529738289969305,0.5794063210487366,0.3083017766475677,0.3083017766475677,0.3083017766475677,1.0827586650848389,5.783313512802124,0.0468770319780051,0.0,0.001,112,0.0628938000008929,7.298625700008415,5.306718597857838,5.0,0.0478770319780051,True,112,pix_only-20260606T025833Z-6129c687,pix_only,none,,,,,
0.6800303884914943,0.41295183130673,0.41295183130673,0.41295183130673,1.0896696874073573,5.578427587236677,0.5694525837898254,0.3154816776514053,0.3154816776514053,0.3154816776514053,1.0767644047737122,5.304650783538818,0.0478770319780051,0.0,0.001,113,0.0660078999972029,7.364633600005618,5.260617760617762,5.0,0.0483173622072156,True,113,pix_only-20260606T025833Z-6129c687,pix_only,none,,,,,
0.6868004117693219,0.4027593731880188,0.4027593731880188,0.4027593731880188,1.0860888617379325,5.878653730664935,0.5714737474918365,0.3079919368028641,0.3079919368028641,0.3079919368028641,1.0744381546974182,5.453149557113648,0.0483173622072156,0.0,0.001,114,0.0699155000002065,7.434549100005825,5.215311004784688,5.0,0.0493173622072156,True,114,pix_only-20260606T025833Z-6129c687,pix_only,none,,,,,
0.687385584626879,0.4177297609192984,0.4177297609192984,0.4177297609192984,1.0838934183120728,5.467766489301409,0.5773629546165466,0.3103908598423004,0.3103908598423004,0.3103908598423004,1.0741990208625791,5.413348913192749,0.0493173622072156,0.0,0.001,115,0.0703495999987353,7.50489870000456,5.170777988614802,5.0,0.0503173622072156,True,115,pix_only-20260606T025833Z-6129c687,pix_only,none,,,,,
0.6952197211129325,0.4147940107754299,0.4147940107754299,0.4147940107754299,1.085773961884635,5.57314007622855,0.5739121437072754,0.3160607814788818,0.3160607814788818,0.3160607814788818,1.0712569952011108,5.124500751495361,0.0503173622072156,0.0,0.001,116,0.0631990999972913,7.568097800001851,5.126999059266225,5.0,0.050292379129507,True,116,pix_only-20260606T025833Z-6129c687,pix_only,none,,,,,
0.6895493354116168,0.4174148780958993,0.4174148780958993,0.4174148780958993,1.085901975631714,5.411047322409494,0.5727892220020294,0.3088419884443283,0.3088419884443283,0.3088419884443283,1.0736846923828125,5.248254776000977,0.050292379129507,0.0,0.001,117,0.0637548999984574,7.631852700000309,5.083955223880601,5.0,0.051292379129507,True,117,pix_only-20260606T025833Z-6129c687,pix_only,none,,,,,
0.6921445046152387,0.4098216422966548,0.4098216422966548,0.4098216422966548,1.0798489025660925,5.504187311444964,0.5743666887283325,0.3158889561891556,0.3158889561891556,0.3158889561891556,1.0707322359085083,5.039300918579102,0.051292379129507,0.0,0.001,118,0.0667856000000028,7.698638300000312,5.04162812210916,5.0,0.0512691070942064,True,118,pix_only-20260606T025833Z-6129c687,pix_only,none,,,,,
0.6948804940496173,0.4212918068681444,0.4212918068681444,0.4212918068681444,1.0861611706869942,5.336326326642718,0.579786866903305,0.3147054761648178,0.3147054761648178,0.3147054761648178,1.0723016262054443,5.1703925132751465,0.0512691070942064,0.0,0.001,119,0.0657394000008935,7.764377700001205,5.0,5.0,0.0522691070942064,True,119,pix_only-20260606T025833Z-6129c687,pix_only,none,,,,,
0.7048368794577462,0.4278231816632407,0.4278231816632407,0.4278231816632407,1.085733277457101,5.299759251730783,0.5782750844955444,0.3169625252485275,0.3169625252485275,0.3169625252485275,1.067878007888794,4.999368906021118,0.0522691070942064,0.0,0.001,120,0.0633873000006133,7.827765000001818,5.0,5.0,0.0522627961544176,True,120,pix_only-20260606T025833Z-6129c687,pix_only,none,,,,,
0.6965692383902413,0.4158605337142944,0.4158605337142944,0.4158605337142944,1.073803884642465,5.371099676404681,0.5821323990821838,0.3197008520364761,0.3197008520364761,0.3197008520364761,1.0691320300102234,5.02138352394104,0.0522627961544176,0.0,0.001,121,0.0596353000000817,7.8874003000019,5.0,5.0,0.052476631393828,True,121,pix_only-20260606T025833Z-6129c687,pix_only,none,,,,,
0.7014751093728202,0.4347737431526184,0.4347737431526184,0.4347737431526184,1.0804113490240914,5.082288469587054,0.5828239917755127,0.3176806271076202,0.3176806271076202,0.3176806271076202,1.067346274852753,5.052598714828491,0.052476631393828,0.0,0.001,122,0.0597922999986622,7.947192600000562,5.0,5.0,0.0530026185421129,True,122,pix_only-20260606T025833Z-6129c687,pix_only,none,,,,,
0.7039067319461277,0.4176614923136575,0.4176614923136575,0.4176614923136575,1.0793966225215368,5.4005866050720215,0.5810543298721313,0.3230957388877868,0.3230957388877868,0.3230957388877868,1.0623449087142944,4.866903305053711,0.0530026185421129,0.0,0.001,123,0.0596282000005885,8.006820800001151,5.0,5.0,0.05167165159265,True,123,pix_only-20260606T025833Z-6129c687,pix_only,none,,,,,
0.6937171731676374,0.420310024704252,0.420310024704252,0.420310024704252,1.0783872944968087,5.29124116897583,0.5785973966121674,0.31803959608078,0.31803959608078,0.31803959608078,1.0700317025184631,5.042567729949951,0.05167165159265,0.0,0.001,124,0.0658325999975204,8.072653399998671,5.0,5.0,0.0520973288921495,True,124,pix_only-20260606T025833Z-6129c687,pix_only,none,,,,,
0.6965666157858712,0.4269430083887918,0.4269430083887918,0.4269430083887918,1.074417233467102,5.175382886614118,0.5819526612758636,0.3202749490737915,0.3202749490737915,0.3202749490737915,1.0655461549758911,5.022862672805786,0.0520973288921495,0.0,0.001,125,0.0644350000002305,8.137088399998902,5.0,5.0,0.0523259556202074,True,125,pix_only-20260606T025833Z-6129c687,pix_only,none,,,,,
0.6983271581786019,0.4229522006852286,0.4229522006852286,0.4229522006852286,1.0733019965035575,5.262683732169015,0.5674439668655396,0.3211562931537628,0.3211562931537628,0.3211562931537628,1.063663363456726,4.706797361373901,0.0523259556202074,0.0,0.001,126,0.0611306999999214,8.198219099998823,5.0,5.0,0.0493939292339464,True,126,pix_only-20260606T025833Z-6129c687,pix_only,none,,,,,
0.6849144271441868,0.415677649634225,0.415677649634225,0.415677649634225,1.0753961971827917,5.450807094573975,0.586765468120575,0.3112777471542358,0.3112777471542358,0.3112777471542358,1.0699133276939392,5.577360153198242,0.0493939292339464,0.0,0.0007,127,0.0615518000013253,8.259770900000149,5.0,5.0,0.0551675307659288,True,127,pix_only-20260606T025833Z-6129c687,pix_only,none,,,,,
0.7107284920556205,0.4208666767392839,0.4208666767392839,0.4208666767392839,1.071876014981951,5.254210676465716,0.5694356262683868,0.3227817565202713,0.3227817565202713,0.3227817565202713,1.0632048845291138,4.470997095108032,0.0551675307659288,0.0,0.0007,128,0.0609145000016724,8.320685400001821,5.0,5.0,0.0498775017170092,True,128,pix_only-20260606T025833Z-6129c687,pix_only,none,,,,,
0.6813308681760516,0.424306149993624,0.424306149993624,0.424306149993624,1.0767753805433,5.153119087219238,0.587920755147934,0.3144829422235489,0.3144829422235489,0.3144829422235489,1.067660629749298,5.482187032699585,0.0498775017170092,0.0,0.0007,129,0.0600374000023293,8.38072280000415,5.0,5.0,0.054699372044005,True,129,pix_only-20260606T025833Z-6129c687,pix_only,none,,,,,
0.702503136226109,0.4125560990401676,0.4125560990401676,0.4125560990401676,1.0759031091417586,5.300737925938198,0.5695483982563019,0.3186577409505844,0.3186577409505844,0.3186577409505844,1.0630691051483154,4.586719274520874,0.054699372044005,0.0,0.0007,130,0.0658173999981954,8.446540200002346,5.0,5.0,0.0505665647892137,True,130,pix_only-20260606T025833Z-6129c687,pix_only,none,,,,,
0.6803456715175084,0.4175554599080767,0.4175554599080767,0.4175554599080767,1.0764105660574776,5.19691630772182,0.5902210474014282,0.3138779103755951,0.3138779103755951,0.3138779103755951,1.066575050354004,5.464937686920166,0.0505665647892137,0.0,0.0007,131,0.061206200000015,8.507746400002361,5.0,5.0,0.0552159416584154,True,131,pix_only-20260606T025833Z-6129c687,pix_only,none,,,,,
0.701092541217804,0.4187670350074768,0.4187670350074768,0.4187670350074768,1.0711452450071062,5.113115991864886,0.5573232471942902,0.3198031336069107,0.3198031336069107,0.3198031336069107,1.0615090727806091,4.301658153533936,0.0552159416584154,0.0,0.0007,132,0.063121899998805,8.570868300001166,5.0,5.0,0.0482325231937548,True,132,pix_only-20260606T025833Z-6129c687,pix_only,none,,,,,
0.6708112614495414,0.4173938461712428,0.4173938461712428,0.4173938461712428,1.0790753194264002,5.254077843257359,0.5868921279907227,0.3133585751056671,0.3133585751056671,0.3133585751056671,1.0698116421699524,5.671143531799316,0.0482325231937548,0.0,0.0007,133,0.0624727000031271,8.633341000004293,5.0,5.0,0.0549439585117479,True,133,pix_only-20260606T025833Z-6129c687,pix_only,none,,,,,
0.706002014023917,0.4213392308780125,0.4213392308780125,0.4213392308780125,1.0681961945125036,5.180965968540737,0.558581680059433,0.317845419049263,0.317845419049263,0.317845419049263,1.059755802154541,4.381487131118774,0.0549439585117479,0.0,0.0007,134,0.0646095000010973,8.69795050000539,5.0,5.0,0.0487588298229357,True,134,pix_only-20260606T025833Z-6129c687,pix_only,none,,,,,
0.6755604233060565,0.4091625256197793,0.4091625256197793,0.4091625256197793,1.0756752150399345,5.463582447596958,0.5871972739696503,0.3101566433906555,0.3101566433906555,0.3101566433906555,1.0738354325294497,5.681855201721191,0.0487588298229357,0.0,0.0007,135,0.0651623000012477,8.763112800006638,5.0,5.0,0.0555773818401476,True,135,pix_only-20260606T025833Z-6129c687,pix_only,none,,,,,
0.7014821171760559,0.4215764360768454,0.4215764360768454,0.4215764360768454,1.0782135725021362,5.036323479243687,0.5592671632766724,0.3189162313938141,0.3189162313938141,0.3189162313938141,1.0604692697525024,4.324617862701416,0.0555773818401476,0.0,0.0007,136,0.0613735000006272,8.824486300007266,5.0,5.0,0.0488235604671617,True,136,pix_only-20260606T025833Z-6129c687,pix_only,none,,,,,
0.6773988945143563,0.4085212094443185,0.4085212094443185,0.4085212094443185,1.0788553271974837,5.507129737309048,0.5948722660541534,0.3118326812982559,0.3118326812982559,0.3118326812982559,1.0699073672294617,5.797192573547363,0.0488235604671617,0.0,0.0007,137,0.0593212000021594,8.883807500009425,5.0,5.0,0.0567954862026354,True,137,pix_only-20260606T025833Z-6129c687,pix_only,none,,,,,
0.7141586116382054,0.4283461144992283,0.4283461144992283,0.4283461144992283,1.074549640927996,5.0323101452418735,0.5475618541240692,0.3220879584550857,0.3220879584550857,0.3220879584550857,1.059365212917328,3.969926357269287,0.0567954862026354,0.0,0.0007,138,0.0615787000024283,8.945386200011853,5.0,5.0,0.0464947497753282,True,138,pix_only-20260606T025833Z-6129c687,pix_only,none,,,,,
0.6688764861651829,0.4243642219475337,0.4243642219475337,0.4243642219475337,1.075799090521676,5.258922236306327,0.5972130000591278,0.3103987872600555,0.3103987872600555,0.3103987872600555,1.075011134147644,6.1687445640563965,0.0464947497753282,0.0,0.0007,139,0.0658284999990428,9.011214700010896,5.0,5.0,0.0581821954158922,True,139,pix_only-20260606T025833Z-6129c687,pix_only,none,,,,,
0.7295629893030439,0.4191437193325588,0.4191437193325588,0.4191437193325588,1.074740273611886,5.335296494620187,0.5550875067710876,0.3229351490736007,0.3229351490736007,0.3229351490736007,1.0586575269699097,3.990092635154724,0.0581821954158922,0.0,0.0007,140,0.0618724999985715,9.073087200009468,5.0,5.0,0.0480831217674395,True,140,pix_only-20260606T025833Z-6129c687,pix_only,none,,,,,
0.6753560049193246,0.432617860180991,0.432617860180991,0.432617860180991,1.079418727329799,5.048302446092878,0.599452942609787,0.3128207921981811,0.3128207921981811,0.3128207921981811,1.0725293159484863,5.961179733276367,0.0480831217674395,0.0,0.0007,141,0.061248499998328,9.134335700007796,5.0,5.0,0.0576949191002031,True,141,pix_only-20260606T025833Z-6129c687,pix_only,none,,,,,
0.7297592503683907,0.4196222850254604,0.4196222850254604,0.4196222850254604,1.075807281902858,5.375463962554932,0.5654095411300659,0.3241885602474212,0.3241885602474212,0.3241885602474212,1.0583528876304626,4.180974721908569,0.0576949191002031,0.0,0.0007,142,0.060154999999213,9.194490700007009,5.0,5.0,0.0495046663192888,True,142,pix_only-20260606T025833Z-6129c687,pix_only,none,,,,,
0.6709468875612531,0.4292789399623871,0.4292789399623871,0.4292789399623871,1.0732534272330148,4.881720270429339,0.5798356831073761,0.3165755122900009,0.3165755122900009,0.3165755122900009,1.0675172209739685,5.317885875701904,0.0495046663192888,0.0,0.00049,143,0.0628044000004592,9.257295100007468,5.0,5.0,0.0526835250763079,True,143,pix_only-20260606T025833Z-6129c687,pix_only,none,,,,,
0.6906401515007019,0.4025235899857112,0.4025235899857112,0.4025235899857112,1.069287657737732,5.468817370278495,0.5760451853275299,0.3133715987205505,0.3133715987205505,0.3133715987205505,1.063148021697998,4.985877275466919,0.0526835250763079,0.0,0.00049,144,0.0630955999986326,9.3203907000061,5.0,5.0,0.0525422978309771,True,144,pix_only-20260606T025833Z-6129c687,pix_only,none,,,,,
0.6850381323269435,0.4147532113960811,0.4147532113960811,0.4147532113960811,1.0693940264838082,5.144139698573521,0.5728308856487274,0.314220443367958,0.314220443367958,0.314220443367958,1.0642021298408508,4.921947479248047,0.0525422978309771,0.0,0.00049,145,0.0634288000001106,9.383819500006211,5.0,5.0,0.0517617726234575,True,145,pix_only-20260606T025833Z-6129c687,pix_only,none,,,,,
0.6813269257545471,0.4059385316712515,0.4059385316712515,0.4059385316712515,1.072332535471235,5.320304461887905,0.5829818546772003,0.3134431838989258,0.3134431838989258,0.3134431838989258,1.065117120742798,5.207291841506958,0.0517617726234575,0.0,0.00049,146,0.0615412000006472,9.44536070000686,5.0,5.0,0.0538346910385271,True,146,pix_only-20260606T025833Z-6129c687,pix_only,none,,,,,
0.6937622768538338,0.4090601631573268,0.4090601631573268,0.4090601631573268,1.0724822623389108,5.288450717926025,0.5697157680988312,0.3115894496440887,0.3115894496440887,0.3115894496440887,1.0623529553413391,4.794795274734497,0.0538346910385271,0.0,0.00049,147,0.0604694000030576,9.505830100009916,5.0,5.0,0.0517826437858721,True,147,pix_only-20260606T025833Z-6129c687,pix_only,none,,,,,
0.680604806968144,0.4191404070172991,0.4191404070172991,0.4191404070172991,1.0749640805380685,5.049266951424735,0.5722628533840179,0.3102131187915802,0.3102131187915802,0.3102131187915802,1.0658549070358276,5.06057071685791,0.0517826437858721,0.0,0.00049,148,0.0592495999990205,9.565079700008935,5.0,5.0,0.0523883509544512,True,148,pix_only-20260606T025833Z-6129c687,pix_only,none,,,,,
0.6801733289446149,0.3988474820341383,0.3988474820341383,0.3988474820341383,1.0746907506670271,5.370007855551584,0.5675907135009766,0.3131666630506515,0.3131666630506515,0.3131666630506515,1.063230574131012,4.856500148773193,0.0523883509544512,0.0,0.00049,149,0.0650170000008074,9.630096700009744,5.0,5.0,0.0509533524421831,True,149,pix_only-20260606T025833Z-6129c687,pix_only,none,,,,,
0.6773792845862252,0.4164721880640302,0.4164721880640302,0.4164721880640302,1.0686519316264562,5.120509079524449,0.5715850591659546,0.3112242519855499,0.3112242519855499,0.3112242519855499,1.067574322223663,5.109787464141846,0.0509533524421831,0.0,0.00049,150,0.061194300000352,9.691291000010096,5.0,5.0,0.0520512270836016,True,150,pix_only-20260606T025833Z-6129c687,pix_only,none,,,,,
0.6828199795314244,0.3947780685765402,0.3947780685765402,0.3947780685765402,1.0742932217461725,5.533815724509103,0.5815606713294983,0.3115101009607315,0.3115101009607315,0.3115101009607315,1.0665258765220642,5.18816876411438,0.0520512270836016,0.0,0.00049,151,0.0594739000007393,9.750764900010836,5.0,5.0,0.0539329147247454,True,151,pix_only-20260606T025833Z-6129c687,pix_only,none,,,,,
0.6848537496158055,0.4067833891936711,0.4067833891936711,0.4067833891936711,1.069411039352417,5.155856268746512,0.5648016035556793,0.3137348741292953,0.3137348741292953,0.3137348741292953,1.062504768371582,4.655167102813721,0.0539329147247454,0.0,0.00049,152,0.0590004000005137,9.80976530001135,5.0,5.0,0.0504845857528826,True,152,pix_only-20260606T025833Z-6129c687,pix_only,none,,,,,
0.670048679624285,0.4141423829964229,0.4141423829964229,0.4141423829964229,1.068299106189183,5.068998336791992,0.5696520507335663,0.3100316226482391,0.3100316226482391,0.3100316226482391,1.0680835843086245,5.142568588256836,0.0504845857528826,0.0,0.00049,153,0.059750399999757,9.869515700011108,5.0,5.0,0.0519102716354509,True,153,pix_only-20260606T025833Z-6129c687,pix_only,none,,,,,
0.6793388554028102,0.3984106353351048,0.3984106353351048,0.3984106353351048,1.0816872460501534,5.411804062979562,0.5705497860908508,0.3111489713191986,0.3111489713191986,0.3111489713191986,1.067018449306488,4.997100114822388,0.0519102716354509,0.0,0.00049,154,0.0640793999991728,9.93359510001028,5.0,5.0,0.0518812727836748,True,154,pix_only-20260606T025833Z-6129c687,pix_only,none,,,,,
0.6807595661708287,0.4107637958867209,0.4107637958867209,0.4107637958867209,1.0714491605758667,5.204108374459403,0.571640282869339,0.3108470737934112,0.3108470737934112,0.3108470737934112,1.0656693577766418,5.026731252670288,0.0518812727836748,0.0,0.00049,155,0.0601393000033567,9.993734400013636,5.0,5.0,0.0521485853103777,True,155,pix_only-20260606T025833Z-6129c687,pix_only,none,,,,,
0.6727781295776367,0.3944874448435647,0.3944874448435647,0.3944874448435647,1.080065710203988,5.3364956719534735,0.5679104626178741,0.3087861537933349,0.3087861537933349,0.3087861537933349,1.0672873854637146,4.968961715698242,0.0521485853103777,0.0,0.00049,156,0.0659921000005852,10.059726500014222,5.0,5.0,0.0518382024673601,True,156,pix_only-20260606T025833Z-6129c687,pix_only,none,,,,,
0.6836322971752712,0.4136860200337001,0.4136860200337001,0.4136860200337001,1.0722679070064,5.20747743334089,0.5746236443519592,0.308736652135849,0.308736652135849,0.308736652135849,1.069736123085022,5.129170656204224,0.0518382024673601,0.0,0.00049,157,0.0687421999973594,10.12846870001158,5.0,5.0,0.0531299090294023,True,157,pix_only-20260606T025833Z-6129c687,pix_only,none,,,,,
0.6856128658567157,0.3984881809779576,0.3984881809779576,0.3984881809779576,1.0737648861748832,5.404200622013637,0.5775960087776184,0.3107256144285202,0.3107256144285202,0.3107256144285202,1.0652294754981997,5.022978782653809,0.0531299090294023,0.0,0.00049,158,0.0636596000003919,10.192128300011971,5.0,5.0,0.0533596968559404,True,158,pix_only-20260606T025833Z-6129c687,pix_only,none,,,,,
0.6870408228465489,0.4091758557728359,0.4091758557728359,0.4091758557728359,1.0725640569414412,5.207393510001046,0.5755018293857574,0.3121637254953384,0.3121637254953384,0.3121637254953384,1.065845966339111,4.935149431228638,0.0533596968559404,0.0,0.00049,159,0.0612497999973129,10.253378100009286,5.0,5.0,0.0527111911682268,True,159,pix_only-20260606T025833Z-6129c687,pix_only,none,,,,,
0.6819999047688076,0.407216910805021,0.407216910805021,0.407216910805021,1.0754928077970232,5.212991305759975,0.5714396834373474,0.3098011016845703,0.3098011016845703,0.3098011016845703,1.066536545753479,4.963625431060791,0.0527111911682268,0.0,0.00049,160,0.0673028999990492,10.320681000008337,5.0,5.0,0.0523474454788347,True,160,pix_only-20260606T025833Z-6129c687,pix_only,none,,,,,
0.679930431502206,0.4094192896570478,0.4094192896570478,0.4094192896570478,1.0775280850274225,5.167609351021903,0.571136474609375,0.3105947077274322,0.3105947077274322,0.3105947077274322,1.0657657384872437,4.977163791656494,0.0523474454788347,0.0,0.00049,161,0.0594281000012415,10.380109100009577,5.0,5.0,0.0521190833953997,True,161,pix_only-20260606T025833Z-6129c687,pix_only,none,,,,,
0.6855130876813617,0.4067128896713257,0.4067128896713257,0.4067128896713257,1.0712510347366333,5.349292005811419,0.5782130062580109,0.3089023530483246,0.3089023530483246,0.3089023530483246,1.0674142241477966,5.167217493057251,0.0521190833953997,0.0,0.000343,162,0.062928200000897,10.443037300010474,5.0,5.0,0.0537912583259722,True,162,pix_only-20260606T025833Z-6129c687,pix_only,none,,,,,
0.6906386188098362,0.4040584138461521,0.4040584138461521,0.4040584138461521,1.0772097281047277,5.327635220118931,0.573320209980011,0.3090493828058243,0.3090493828058243,0.3090493828058243,1.0648216605186462,4.9128947257995605,0.0537912583259722,0.0,0.000343,163,0.061874799997895,10.504912100008369,5.0,5.0,0.0529202055839678,True,163,pix_only-20260606T025833Z-6129c687,pix_only,none,,,,,
0.6840696590287345,0.4118304252624511,0.4118304252624511,0.4118304252624511,1.0762005363191878,5.144334248134068,0.5725249350070953,0.3087838292121887,0.3087838292121887,0.3087838292121887,1.0667139887809751,4.983750581741333,0.0529202055839678,0.0,0.000343,164,0.0646194999972067,10.569531600005575,5.0,5.0,0.0527577114013811,True,164,pix_only-20260606T025833Z-6129c687,pix_only,none,,,,,
0.6812674147742135,0.3999403119087219,0.3999403119087219,0.3999403119087219,1.075047492980957,5.332435812268939,0.5804047882556915,0.3095880299806595,0.3095880299806595,0.3095880299806595,1.0677717328071594,5.133216381072998,0.0527577114013811,0.0,0.000343,165,0.0608181999996304,10.630349800005206,5.0,5.0,0.0540898752121111,True,165,pix_only-20260606T025833Z-6129c687,pix_only,none,,,,,
0.6904307688985553,0.4055821086679186,0.4055821086679186,0.4055821086679186,1.0817813873291016,5.266210351671491,0.5716708600521088,0.3088735938072204,0.3088735938072204,0.3088735938072204,1.0664947628974917,4.858529329299927,0.0540898752121111,0.0,0.000343,166,0.0610362000006716,10.691386000005878,5.0,5.0,0.0526751685051104,True,166,pix_only-20260606T025833Z-6129c687,pix_only,none,,,,,
0.6743862714086261,0.4035248032638004,0.4035248032638004,0.4035248032638004,1.0708355903625488,5.142109189714704,0.5683705806732178,0.3079792112112045,0.3079792112112045,0.3079792112112045,1.0658878684043884,4.943341970443726,0.0526751685051104,0.0,0.0002400999999999,167,0.064000099999248,10.755386100005126,5.0,5.0,0.0521085882095476,True,167,pix_only-20260606T025833Z-6129c687,pix_only,none,,,,,
0.6701587183134896,0.3972855636051723,0.3972855636051723,0.3972855636051723,1.0726467030388969,5.236625126429966,0.5697680711746216,0.309732511639595,0.309732511639595,0.309732511639595,1.0673110485076904,4.990262508392334,0.0521085882095476,0.0,0.0002400999999999,168,0.0640628000001015,10.819448900005227,5.0,5.0,0.052011213293471,True,168,pix_only-20260606T025833Z-6129c687,pix_only,none,,,,,
0.6747037938662938,0.4052435755729675,0.4052435755729675,0.4052435755729675,1.0687298774719238,5.180809838431222,0.5660775899887085,0.3077461868524551,0.3077461868524551,0.3077461868524551,1.0654048919677734,4.966840505599976,0.052011213293471,0.0,0.0002400999999999,169,0.0624330999999074,10.881882000005136,5.0,5.0,0.0516796183494707,True,169,pix_only-20260606T025833Z-6129c687,pix_only,none,,,,,
0.665861189365387,0.3960321290152414,0.3960321290152414,0.3960321290152414,1.076687983104161,5.221188817705427,0.5649104118347168,0.3063138872385025,0.3063138872385025,0.3063138872385025,1.0666470527648926,5.003839731216431,0.0516796183494707,0.0,0.0002400999999999,170,0.0627201999996032,10.944602200004738,5.0,5.0,0.051718015661635,True,170,pix_only-20260606T025833Z-6129c687,pix_only,none,,,,,
0.6679282188415527,0.3965164635862623,0.3965164635862623,0.3965164635862623,1.0787359646388464,5.24791499546596,0.5652110576629639,0.3072785288095474,0.3072785288095474,0.3072785288095474,1.0676133632659912,4.987285614013672,0.051718015661635,0.0,0.0002400999999999,171,0.0642841000008047,11.008886300005544,5.0,5.0,0.0515908718017717,True,171,pix_only-20260606T025833Z-6129c687,pix_only,none,,,,,
0.6727178011621747,0.401615423815591,0.401615423815591,0.401615423815591,1.0771880490439278,5.254851749965122,0.5677450299263,0.3063128888607025,0.3063128888607025,0.3063128888607025,1.0680561065673828,5.067410469055176,0.0515908718017717,0.0,0.0001680699999999,172,0.0631321000000753,11.072018400005618,5.0,5.0,0.0522649764923235,True,172,pix_only-20260606T025833Z-6129c687,pix_only,none,,,,,
0.6719467129026141,0.3908229427678244,0.3908229427678244,0.3908229427678244,1.083447286060878,5.378817353929792,0.5742505490779877,0.3064209967851639,0.3064209967851639,0.3064209967851639,1.06855046749115,5.124455213546753,0.0522649764923235,0.0,0.0001680699999999,173,0.0616012999998929,11.13361970000551,5.0,5.0,0.053509528627791,True,173,pix_only-20260606T025833Z-6129c687,pix_only,none,,,,,
0.6758707591465541,0.3928061085087912,0.3928061085087912,0.3928061085087912,1.0714663778032576,5.289985656738281,0.5715830624103546,0.3064064532518387,0.3064064532518387,0.3064064532518387,1.067363440990448,4.955689191818237,0.053509528627791,0.0,0.0001680699999999,174,0.0643243999984406,11.197944100003951,5.0,5.0,0.0530664205459734,True,174,pix_only-20260606T025833Z-6129c687,pix_only,none,,,,,
0.6766930392810276,0.4019804639475686,0.4019804639475686,0.4019804639475686,1.0750242641993932,5.176768439156668,0.567393034696579,0.3056051284074783,0.3056051284074783,0.3056051284074783,1.0670204758644104,4.9332122802734375,0.0530664205459734,0.0,0.0001680699999999,175,0.0619848999995156,11.259929000003469,5.0,5.0,0.0523985433487078,True,175,pix_only-20260606T025833Z-6129c687,pix_only,none,,,,,
0.6753966808319092,0.4038353775228773,0.4038353775228773,0.4038353775228773,1.0715808868408203,5.182611737932477,0.569014698266983,0.3054812550544739,0.3054812550544739,0.3054812550544739,1.0674256086349487,5.029403924942017,0.0523985433487078,0.0,0.0001680699999999,176,0.0613995999992766,11.321328600002744,5.0,5.0,0.0526925825981279,True,176,pix_only-20260606T025833Z-6129c687,pix_only,none,,,,,
0.675922521523067,0.3944071190697806,0.3944071190697806,0.3944071190697806,1.0830787079674855,5.34260048185076,0.5748108923435211,0.3062061220407486,0.3062061220407486,0.3062061220407486,1.0674886107444763,5.097582101821899,0.0526925825981279,0.0,0.0001680699999999,177,0.0622428000024228,11.383571400005168,5.0,5.0,0.0536684036163469,True,177,pix_only-20260606T025833Z-6129c687,pix_only,none,,,,,
0.6838158283914838,0.4008166108812604,0.4008166108812604,0.4008166108812604,1.0785101992743356,5.273106847490583,0.5722697973251343,0.3065215200185776,0.3065215200185776,0.3065215200185776,1.0663860440254211,4.951671361923218,0.0536684036163469,0.0,0.0001680699999999,178,0.0604958000003534,11.44406720000552,5.0,5.0,0.0531851172355791,True,178,pix_only-20260606T025833Z-6129c687,pix_only,none,,,,,
0.6775950619152614,0.402172782591411,0.402172782591411,0.402172782591411,1.0806631020137245,5.178559371403286,0.567213773727417,0.306762546300888,0.306762546300888,0.306762546300888,1.0672089457511902,4.897069692611694,0.0531851172355791,0.0,0.0001176489999999,179,0.064010900001449,11.50807810000697,5.0,5.0,0.0521558141616961,True,179,pix_only-20260606T025833Z-6129c687,pix_only,none,,,,,
0.6669692397117615,0.3973021933010646,0.3973021933010646,0.3973021933010646,1.0807500226157052,5.170411927359445,0.564631313085556,0.306716576218605,0.306716576218605,0.306716576218605,1.068595468997955,4.945081233978272,0.0521558141616961,0.0,0.0001176489999999,180,0.0594635999987076,11.567541700005677,5.0,5.0,0.0516066265014788,True,180,pix_only-20260606T025833Z-6129c687,pix_only,none,,,,,
0.6730650237628392,0.4043810410158975,0.4043810410158975,0.4043810410158975,1.0825359651020594,5.206385476248605,0.5643877983093262,0.3060509860515594,0.3060509860515594,0.3060509860515594,1.068087458610535,5.005884885787964,0.0516066265014788,0.0,0.0001176489999999,181,0.0656017000001156,11.633143400005793,5.0,5.0,0.0516654753593584,True,181,pix_only-20260606T025833Z-6129c687,pix_only,none,,,,,
0.6679885728018624,0.3937056873525892,0.3937056873525892,0.3937056873525892,1.0802934510367257,5.308823449271066,0.570342481136322,0.3055561631917953,0.3055561631917953,0.3055561631917953,1.0684221386909485,5.125014066696167,0.0516654753593584,0.0,0.0001176489999999,182,0.0606579999985115,11.693801400004304,5.0,5.0,0.0529156160263201,True,182,pix_only-20260606T025833Z-6129c687,pix_only,none,,,,,
0.6760939359664917,0.3941619566508701,0.3941619566508701,0.3941619566508701,1.0738736731665477,5.327954292297363,0.5711013674736023,0.305002823472023,0.305002823472023,0.305002823472023,1.0685566663742063,5.028733491897583,0.0529156160263201,0.0,0.0001176489999999,183,0.0610888999981398,11.754890300002444,5.0,5.0,0.0532029509452959,True,183,pix_only-20260606T025833Z-6129c687,pix_only,none,,,,,
0.674652133669172,0.395877650805882,0.395877650805882,0.395877650805882,1.0782812663487025,5.239831175122943,0.5697652697563171,0.3055914044380188,0.3055914044380188,0.3055914044380188,1.0683109164237976,4.965398788452148,0.0532029509452959,0.0,8.235429999999999e-05,184,0.0614371000010578,11.816327400003502,5.0,5.0,0.0528569388298174,True,184,pix_only-20260606T025833Z-6129c687,pix_only,none,,,,,
0.6750064492225647,0.4019833164555685,0.4019833164555685,0.4019833164555685,1.0747807025909424,5.165322508130755,0.5659898519515991,0.3055723309516907,0.3055723309516907,0.3055723309516907,1.067666471004486,4.92683744430542,0.0528569388298174,0.0,8.235429999999999e-05,185,0.0607309000006353,11.877058300004135,5.0,5.0,0.0521253132728716,True,185,pix_only-20260606T025833Z-6129c687,pix_only,none,,,,,
0.6718459640230451,0.4006316023213522,0.4006316023213522,0.4006316023213522,1.075098259108407,5.203122138977051,0.5645712018013,0.3051197379827499,0.3051197379827499,0.3051197379827499,1.068247675895691,4.977456331253052,0.0521253132728716,0.0,8.235429999999999e-05,186,0.0654382000029727,11.94249650000711,5.0,5.0,0.0518998765854021,True,186,pix_only-20260606T025833Z-6129c687,pix_only,none,,,,,
0.6642013021877834,0.3914291432925633,0.3914291432925633,0.3914291432925633,1.082553846495492,5.255738326481411,0.565331220626831,0.304135650396347,0.304135650396347,0.304135650396347,1.068832814693451,5.032682180404663,0.0518998765854021,0.0,8.235429999999999e-05,187,0.0636206000017409,12.00611710000885,5.0,5.0,0.0522266983894487,True,187,pix_only-20260606T025833Z-6129c687,pix_only,none,,,,,
0.6716811486652919,0.3952106620584215,0.3952106620584215,0.3952106620584215,1.0780936820166451,5.293661730630057,0.5677191019058228,0.3043733984231949,0.3043733984231949,0.3043733984231949,1.0688156485557556,5.042357444763184,0.0522266983894487,0.0,8.235429999999999e-05,188,0.060851400001411,12.066968500010262,5.0,5.0,0.0526502728370806,True,188,pix_only-20260606T025833Z-6129c687,pix_only,none,,,,,
0.6738665103912354,0.3951387958867209,0.3951387958867209,0.3951387958867209,1.080533146858215,5.293946470533099,0.5696296393871307,0.3047045916318893,0.3047045916318893,0.3047045916318893,1.0690086483955383,5.031789064407349,0.0526502728370806,0.0,5.764800999999999e-05,189,0.0733875000005355,12.140356000010796,5.0,5.0,0.0529681634811541,True,189,pix_only-20260606T025833Z-6129c687,pix_only,none,,,,,
0.6761528594153268,0.3955284910542624,0.3955284910542624,0.3955284910542624,1.0787663630076818,5.297982147761753,0.5714462399482727,0.3049733489751816,0.3049733489751816,0.3049733489751816,1.0691291689872742,5.03081202507019,0.0529681634811541,0.0,5.764800999999999e-05,190,0.0601580999973521,12.20051410000815,5.0,5.0,0.053276283731856,True,190,pix_only-20260606T025833Z-6129c687,pix_only,none,,,,,
0.6771747299603054,0.3966773620673588,0.3966773620673588,0.3966773620673588,1.0796969277518136,5.264957223619733,0.5716241896152496,0.3056220412254333,0.3056220412254333,0.3056220412254333,1.068531334400177,4.9928810596466064,0.053276283731856,0.0,5.764800999999999e-05,191,0.0591930000009597,12.25970710000911,5.0,5.0,0.053205094328322,True,191,pix_only-20260606T025833Z-6129c687,pix_only,none,,,,,
0.6732256923403058,0.3944334217480251,0.3944334217480251,0.3944334217480251,1.0786154440471103,5.239954471588135,0.5707218050956726,0.3061949461698532,0.3061949461698532,0.3061949461698532,1.068219542503357,4.971832990646362,0.053205094328322,0.0,5.764800999999999e-05,192,0.059054900000774,12.318762000009883,5.0,5.0,0.0529234242347857,True,192,pix_only-20260606T025833Z-6129c687,pix_only,none,,,,,
0.6716139486857823,0.3967295331614358,0.3967295331614358,0.3967295331614358,1.075724686895098,5.19400269644601,0.5677101314067841,0.3062294125556946,0.3062294125556946,0.3062294125556946,1.0679123401641846,4.940736770629883,0.0529234242347857,0.0,5.764800999999999e-05,193,0.0652293999992252,12.383991400009108,5.0,5.0,0.0523307919410845,True,193,pix_only-20260606T025833Z-6129c687,pix_only,none,,,,,
0.6661309770175389,0.3967231128896986,0.3967231128896986,0.3967231128896986,1.0810237782342094,5.148171016148159,0.563363641500473,0.3059265613555908,0.3059265613555908,0.3059265613555908,1.0679478645324707,4.919418811798096,0.0523307919410845,0.0,4.035360699999999e-05,194,0.0623282000015024,12.44631960001061,5.0,5.0,0.0515249800590654,True,194,pix_only-20260606T025833Z-6129c687,pix_only,none,,,,,
0.6639849884169442,0.3981098234653473,0.3981098234653473,0.3981098234653473,1.0730670860835485,5.160121577126639,0.5603244006633759,0.3052438348531723,0.3052438348531723,0.3052438348531723,1.0682982206344604,4.950619459152222,0.0515249800590654,0.0,4.035360699999999e-05,195,0.0657375000009778,12.512057100011589,5.0,5.0,0.0510311746505877,True,195,pix_only-20260606T025833Z-6129c687,pix_only,none,,,,,
0.6650418894631522,0.3978829511574336,0.3978829511574336,0.3978829511574336,1.0781089237758092,5.2352103505815775,0.5600364506244659,0.3047395795583725,0.3047395795583725,0.3047395795583725,1.068750262260437,5.002762794494629,0.0510311746505877,0.0,4.035360699999999e-05,196,0.0613303999998606,12.57338750001145,5.0,5.0,0.051058802595534,True,196,pix_only-20260606T025833Z-6129c687,pix_only,none,,,,,
0.6676912563187736,0.3980067925793784,0.3980067925793784,0.3980067925793784,1.0716031278882707,5.281840596880231,0.5646807253360748,0.3042078018188476,0.3042078018188476,0.3042078018188476,1.069691836833954,5.101430416107178,0.051058802595534,0.0,4.035360699999999e-05,197,0.0609253000002354,12.634312800011685,5.0,5.0,0.0520731067566057,True,197,pix_only-20260606T025833Z-6129c687,pix_only,none,,,,,
0.6734346236501422,0.3925757493291582,0.3925757493291582,0.3925757493291582,1.0817746094294958,5.393549578530448,0.5732675790786743,0.3040376752614975,0.3040376752614975,0.3040376752614975,1.0703893303871157,5.170230150222778,0.0520731067566057,0.0,4.035360699999999e-05,198,0.0607106999996176,12.695023500011304,5.0,5.0,0.0537754082588335,True,198,pix_only-20260606T025833Z-6129c687,pix_only,none,,,,,
0.678662862096514,0.3875185889857156,0.3875185889857156,0.3875185889857156,1.0830132620675224,5.4140786443437845,0.581338495016098,0.3041510730981827,0.3041510730981827,0.3041510730981827,1.0699802041053772,5.154539108276367,0.0537754082588335,0.0,2.8247524899999997e-05,199,0.0627070999980787,12.75773060000938,5.0,5.0,0.0553207993415972,True,199,pix_only-20260606T025833Z-6129c687,pix_only,none,,,,,
1.7366654872894287,1.7366654872894287,1.736665504319327,0.9594330787658693,0.971540527684348,4.946575642696449,1.5420973896980286,1.5420973896980286,1.5420973300933838,0.8455658257007599,0.8706643879413605,23.968350410461422,0.0,0.8,0.001,0,0.2504771000021719,0.2504771000021719,50.0,5.0,0.0,True,0,shapley-20260606T025857Z-f285ea38,shapley,baseline,A,True,False,0.0,0.0
1.3976853064128332,1.3976853064128332,1.3976853064128332,0.7701737369809832,0.7843894617898124,28.56827517918178,1.2097004652023315,1.2097004652023315,1.2097004652023315,0.6681442856788635,0.6769452691078186,41.51858139038086,0.0,0.8,0.001,1,0.0634614000009605,0.3139385000031325,50.0,5.0,0.0,True,1,shapley-20260606T025857Z-f285ea38,shapley,baseline,A,True,False,0.0,0.0
1.1355210542678833,1.1355210542678833,1.1355210372379847,0.6252946598189217,0.6377829909324646,45.13864408220564,1.046453893184662,1.046453893184662,1.046453893184662,0.5771947801113129,0.5865738391876221,51.86105728149414,0.0,0.8,0.001,2,0.0586616000000503,0.3726001000031829,50.0,5.0,0.0,True,2,shapley-20260606T025857Z-f285ea38,shapley,baseline,A,True,False,0.0,0.0
0.9989787084715708,0.9989787084715708,0.9989786914416722,0.5495666010039193,0.5617650917598179,52.87890080043248,0.9570223093032836,0.9570223093032836,0.9570222496986388,0.5242660939693451,0.5409452319145203,53.82133293151856,0.0,0.8,0.001,3,0.0596831000002566,0.4322832000034395,50.0,5.0,0.0,True,3,shapley-20260606T025857Z-f285ea38,shapley,baseline,A,True,False,0.0,0.0
0.9246576939310346,0.9246576939310346,0.9246576939310346,0.5068000938211169,0.5223219905580793,55.976169041224885,0.8890501856803894,0.8890501856803894,0.889050155878067,0.4864145517349243,0.5032944679260254,57.25069046020508,0.0,0.8,0.001,4,0.0615960000031918,0.4938792000066314,50.0,5.0,0.0,True,4,shapley-20260606T025857Z-f285ea38,shapley,baseline,A,True,False,0.0,0.0
0.8587988018989563,0.8587988018989563,0.858798793384007,0.4705810546875,0.4852721691131592,60.80706351143973,0.8314335346221924,0.8314335346221924,0.8314335644245148,0.4543622881174087,0.4713391065597534,62.97627258300781,0.0,0.8,0.001,5,0.0611020000033022,0.5549812000099337,50.0,5.0,0.0,True,5,shapley-20260606T025857Z-f285ea38,shapley,baseline,A,True,False,0.0,0.0
0.8039422886712211,0.8039422886712211,0.8039422631263733,0.4371026328631809,0.4585495378289904,66.65077536446708,0.7817548513412476,0.7817548513412476,0.7817548513412476,0.422583520412445,0.4489641189575195,69.41442108154297,0.0,0.8,0.001,6,0.0610909000024548,0.6160721000123885,50.0,5.0,0.0,True,6,shapley-20260606T025857Z-f285ea38,shapley,baseline,A,True,False,0.0,0.0
0.7529488376208714,0.7529488376208714,0.7529488376208714,0.4054916160447256,0.4343215269701821,71.87394278390067,0.7401698231697083,0.7401698231697083,0.7401698231697083,0.3976993411779403,0.4280880838632583,72.97791290283203,0.0,0.8,0.001,7,0.0656729000002087,0.6817450000125973,50.0,5.0,0.0,True,7,shapley-20260606T025857Z-f285ea38,shapley,baseline,A,True,False,0.0,0.0
0.7089315567697797,0.7089315567697797,0.7089315567697797,0.3782959750720432,0.4132944558347974,75.48404911586216,0.7039934396743774,0.7039934396743774,0.703993409872055,0.3750966638326645,0.4111209213733673,75.04988479614258,0.0,0.8,0.001,8,0.0711762999999336,0.752921300012531,50.0,5.0,0.0,True,8,shapley-20260606T025857Z-f285ea38,shapley,baseline,A,True,False,0.0,0.0
0.673110842704773,0.673110842704773,0.6731108256748745,0.3569964255605425,0.3951429894992283,77.25355420793805,0.6802261471748352,0.6802261471748352,0.6802261471748352,0.3612074851989746,0.3987733274698257,77.83489990234375,0.0,0.8,0.001,9,0.0632164000016928,0.8161377000142238,50.0,5.0,0.0,True,9,shapley-20260606T025857Z-f285ea38,shapley,baseline,A,True,False,0.0,0.0
0.6472669158663068,0.6472669158663068,0.6472669073513576,0.3410706520080566,0.3827453255653381,79.3419418334961,0.6599717140197754,0.6599717140197754,0.6599717140197754,0.3480897396802902,0.3898524641990661,79.78128433227539,0.0,0.8,0.001,10,0.065568500001973,0.8817062000161968,50.0,5.0,0.001,True,10,shapley-20260606T025857Z-f285ea38,shapley,baseline,A,True,False,0.0,0.0
0.6963999356542315,0.6273998022079468,0.6273998107228961,0.3294647293431418,0.3724188293729509,69.0001335144043,0.6965674757957458,0.6466065049171448,0.6466064751148224,0.3403797894716263,0.3827833384275436,49.960968017578125,0.001,0.8,0.001,11,0.0595938999977079,0.9413001000139049,46.1864406779661,5.0,0.002,True,11,shapley-20260606T025857Z-f285ea38,shapley,baseline,A,True,False,0.0,0.0
0.7013024858066014,0.6292111703327724,0.6292111533028739,0.3306252360343933,0.373232398714338,36.04565511431013,0.6924068629741669,0.6424172818660736,0.642417311668396,0.3360390812158584,0.3829727917909622,24.994786262512207,0.002,0.8,0.001,12,0.0604499000000942,1.001750000013999,42.91338582677166,5.0,0.001,True,12,shapley-20260606T025857Z-f285ea38,shapley,baseline,A,True,False,0.0,0.0
0.6524616394724164,0.6231171233313424,0.6231171233313424,0.3254006930759975,0.3721455293042319,29.344516481672013,0.6707998812198639,0.6352720856666565,0.6352720856666565,0.3317815065383911,0.3793632239103317,35.52777099609375,0.001,0.8,0.001,13,0.0597349999989091,1.061485000012908,40.0735294117647,5.0,0.0,True,13,shapley-20260606T025857Z-f285ea38,shapley,baseline,A,True,False,0.0,0.0
0.595219339643206,0.595219339643206,0.5952193481581551,0.3090978903429849,0.357651799917221,41.34670148577009,0.6244015097618103,0.6244015097618103,0.6244015097618103,0.3262448161840439,0.3726958781480789,46.87550735473633,0.0,0.8,0.001,14,0.0613645000012184,1.1228495000141263,37.58620689655172,5.0,0.001,True,14,shapley-20260606T025857Z-f285ea38,shapley,baseline,A,True,False,0.0,0.0
0.6237717185701642,0.5765482698168073,0.5765482698168073,0.298823675939015,0.3471557327679225,47.22345788138254,0.6545180976390839,0.6109685301780701,0.6109685301780701,0.3179296553134918,0.3662986308336258,43.5495719909668,0.001,0.8,0.001,15,0.0591353999989223,1.181984900013049,35.3896103896104,5.0,0.002,True,15,shapley-20260606T025857Z-f285ea38,shapley,baseline,A,True,False,0.0,0.0
0.6473966240882874,0.573849652494703,0.573849652494703,0.296693537916456,0.3464451432228088,36.773475646972656,0.662298321723938,0.6069983839988708,0.6069983839988708,0.315923810005188,0.3638432174921036,27.64995288848877,0.002,0.8,0.001,16,0.0614558999986911,1.24344080001174,33.435582822085884,5.0,0.001,True,16,shapley-20260606T025857Z-f285ea38,shapley,baseline,A,True,False,0.0,0.0
0.6033583538872855,0.5769400426319667,0.5769400341170174,0.2998744121619633,0.3463320093495505,26.41832378932408,0.6268274486064911,0.6003292500972748,0.6003292500972748,0.3115312606096267,0.3609974980354309,26.498180389404297,0.001,0.8,0.001,17,0.0646930999973847,1.3081339000091248,31.68604651162791,5.0,0.0,True,17,shapley-20260606T025857Z-f285ea38,shapley,baseline,A,True,False,0.0,0.0
0.5639911549431937,0.5639911549431937,0.5639911464282444,0.2898586477552141,0.3426656212125505,31.80714089529855,0.5961084365844727,0.5961084365844727,0.5961084365844727,0.3090332448482513,0.3588439673185348,38.06767082214356,0.0,0.8,0.001,18,0.0612970000001951,1.36943090000932,30.11049723756906,5.0,0.001,True,18,shapley-20260606T025857Z-f285ea38,shapley,baseline,A,True,False,0.0,0.0
0.5902166281427655,0.5503288848059518,0.5503288762910026,0.2827584317752293,0.3344630428722926,39.887730734688894,0.6273731589317322,0.5885253250598907,0.5885253250598907,0.3041801899671554,0.355431392788887,38.84785079956055,0.001,0.8,0.001,19,0.0642023000000335,1.4336332000093537,28.684210526315788,5.0,0.002,True,19,shapley-20260606T025857Z-f285ea38,shapley,baseline,A,True,False,0.0,0.0
0.6161008647509983,0.5473763261522565,0.5473763006074088,0.2819523853915078,0.3317799014704568,34.36226218087332,0.6423018574714661,0.5875389873981476,0.5875389873981476,0.3034127801656723,0.3551577478647232,27.381442070007324,0.002,0.8,0.001,20,0.0602733000014268,1.4939065000107803,27.38693467336684,5.0,0.0019450739664048,True,20,shapley-20260606T025857Z-f285ea38,shapley,baseline,A,True,False,0.0,0.0
0.5943023817879813,0.5445130467414856,0.5445130467414856,0.2805786899157932,0.3299179460321154,25.597660882132395,0.6301770806312561,0.5847349166870117,0.5847349464893341,0.3010559380054474,0.3545987606048584,23.36269187927246,0.0019450739664048,0.8,0.001,21,0.0654541000003519,1.5593606000111322,26.20192307692308,5.0,0.0009450739664048,True,21,shapley-20260606T025857Z-f285ea38,shapley,baseline,A,True,False,0.0,0.0
0.563285768032074,0.5380672471863883,0.5380672471863883,0.2763025292328426,0.3272058921200888,26.68417058672224,0.6072122752666473,0.5789361596107483,0.5789361596107483,0.2979996055364609,0.3511706739664078,29.919468879699707,0.0009450739664048,0.8,0.001,22,0.0619318999997631,1.6212925000108953,25.11520737327189,5.0,0.0019450739664048,True,22,shapley-20260606T025857Z-f285ea38,shapley,baseline,A,True,False,0.0,0.0
0.5886036242757525,0.5292016863822937,0.529201694897243,0.2710286336285727,0.3227163127490452,30.53967911856515,0.6308578252792358,0.5748745501041412,0.5748745501041412,0.2959333658218384,0.3486764580011368,28.782076835632324,0.0019450739664048,0.8,0.001,23,0.0727955000002111,1.6940880000111065,24.11504424778761,5.0,0.0029450739664048,True,23,shapley-20260606T025857Z-f285ea38,shapley,baseline,A,True,False,0.0,0.0
0.6073630792754037,0.5301226207188198,0.530122629233769,0.2718594968318939,0.3228289016655513,26.22700391496931,0.6367331743240356,0.5718842148780823,0.5718841850757599,0.2940263301134109,0.3473223000764847,22.01945686340332,0.0029450739664048,0.8,0.001,24,0.064279099999112,1.7583671000102186,23.191489361702125,5.0,0.0019450739664048,True,24,shapley-20260606T025857Z-f285ea38,shapley,baseline,A,True,False,0.0,0.0
0.5765535831451416,0.5313782436507088,0.5313782351357597,0.2728333132607596,0.3231811353138515,23.225513185773572,0.6172240078449249,0.5694198906421661,0.5694198906421661,0.2922335416078567,0.3464829474687576,24.57700824737549,0.0019450739664048,0.8,0.001,25,0.0711884000011195,1.8295555000113384,22.33606557377049,5.0,0.0029450739664048,True,25,shapley-20260606T025857Z-f285ea38,shapley,baseline,A,True,False,0.0,0.0
0.592218850340162,0.5177469338689532,0.5177469338689532,0.2647158162934439,0.3162888884544372,25.286942073277064,0.6382891535758972,0.5680011808872223,0.5680011510848999,0.2915364503860473,0.3455808609724045,23.86627769470215,0.0029450739664048,0.8,0.001,26,0.0616415000004053,1.8911970000117435,21.541501976284582,5.0,0.0039450739664048,True,26,shapley-20260606T025857Z-f285ea38,shapley,baseline,A,True,False,0.0,0.0
0.6121225612504142,0.5234218495232719,0.5234218410083226,0.2675453169005258,0.3198456636496952,22.483915873936244,0.6451963782310486,0.5653669238090515,0.5653669238090515,0.2909989058971405,0.3429599851369858,20.235222816467285,0.0039450739664048,0.8,0.001,27,0.0678310000002966,1.95902800001204,20.80152671755725,5.0,0.0029450739664048,True,27,shapley-20260606T025857Z-f285ea38,shapley,baseline,A,True,False,0.0,0.0
0.5883029614176069,0.5252999407904488,0.5252999407904488,0.269331727709089,0.3199602663516998,21.39267812456404,0.6328115463256836,0.5657886564731598,0.5657886564731598,0.2907883524894714,0.3437503725290298,22.75762176513672,0.0029450739664048,0.8,0.001,28,0.065948199997365,2.024976200009405,20.11070110701107,5.0,0.0039450739664048,True,28,shapley-20260606T025857Z-f285ea38,shapley,baseline,A,True,False,0.0,0.0
0.6058617489678519,0.5161272798265729,0.5161272883415222,0.2647201674325125,0.3142589032649994,22.745953968593053,0.649724543094635,0.5663627982139587,0.5663627982139587,0.290322333574295,0.345050573348999,21.130587577819824,0.0039450739664048,0.8,0.001,29,0.0656296999986807,2.090605900008086,19.46428571428571,5.0,0.0049450739664048,True,29,shapley-20260606T025857Z-f285ea38,shapley,baseline,A,True,False,0.0,0.0
0.6201881851468768,0.5214545471327645,0.5214545386178153,0.2676688943590437,0.3172320468085153,19.966057096208846,0.6578719317913055,0.566021203994751,0.5660212337970734,0.2909388393163681,0.3438529670238495,18.57418632507324,0.0049450739664048,0.8,0.001,30,0.0622073000013188,2.1528132000094047,18.858131487889278,5.0,0.0039450739664048,True,30,shapley-20260606T025857Z-f285ea38,shapley,baseline,A,True,False,0.0,0.0
0.5946355717522758,0.51631817647389,0.5163181722164154,0.2647192733628409,0.3144986288888113,19.851943697248185,0.6430927217006683,0.5607990920543671,0.5607990920543671,0.2877050787210464,0.3413675129413605,20.859848022460938,0.0039450739664048,0.8,0.001,31,0.0594009999986155,2.2122142000080203,18.288590604026847,5.0,0.0049450739664048,True,31,shapley-20260606T025857Z-f285ea38,shapley,baseline,A,True,False,0.0,0.0
0.6118307794843402,0.5114541820117405,0.5114541820117405,0.2612333340304238,0.3127760589122772,20.298301696777344,0.6541626453399658,0.5599584579467773,0.5599584579467773,0.2866567969322204,0.3416270911693573,19.05011367797852,0.0049450739664048,0.8,0.001,32,0.0622442999992927,2.274458500007313,17.752442996742666,5.0,0.0059450739664048,True,32,shapley-20260606T025857Z-f285ea38,shapley,baseline,A,True,False,0.0,0.0
0.6319106306348529,0.5229714512825012,0.5229714512825012,0.2675500171525137,0.3192767841475351,18.324276787894117,0.6568580269813538,0.5553680062294006,0.5553680062294006,0.2841779142618179,0.3389875590801239,17.071279525756836,0.0059450739664048,0.8,0.001,33,0.0601808999999775,2.3346394000072905,17.246835443037973,5.0,0.0049450739664048,True,33,shapley-20260606T025857Z-f285ea38,shapley,baseline,A,True,False,0.0,0.0
0.6075656073434013,0.5156378746032715,0.5156378831182208,0.2637731177466256,0.3148309545857565,18.58975982666016,0.6486600637435913,0.553795576095581,0.553795576095581,0.2827977985143661,0.3387472182512283,19.183634757995605,0.0049450739664048,0.8,0.001,34,0.0618609999983164,2.396500400005607,16.769230769230766,5.0,0.0059450739664048,True,34,shapley-20260606T025857Z-f285ea38,shapley,baseline,A,True,False,0.0,0.0
0.6207322989191327,0.5072639967714038,0.5072640095438276,0.2595222869089671,0.3096771367958614,19.086104801722936,0.659540593624115,0.5527146756649017,0.5527146756649017,0.2823122292757034,0.3380030244588852,17.968810081481934,0.0059450739664048,0.8,0.001,35,0.0609225000007427,2.4574229000063497,16.317365269461078,5.0,0.0069450739664048,True,35,shapley-20260606T025857Z-f285ea38,shapley,baseline,A,True,False,0.0,0.0
0.6337855798857552,0.5148444175720215,0.5148444260869708,0.2641503129686628,0.3133676392691476,17.125974110194615,0.6618967652320862,0.5487487018108368,0.5487487018108368,0.2802151143550873,0.3356669694185257,16.291844367980957,0.0069450739664048,0.8,0.001,36,0.063917899999069,2.5213408000054187,15.889212827988338,5.0,0.0079450739664048,True,36,shapley-20260606T025857Z-f285ea38,shapley,baseline,A,True,False,0.0,0.0
0.6469236612319946,0.5148770894323077,0.5148770809173584,0.2651882810252053,0.3121109902858734,16.619929449898855,0.6790224313735962,0.5562791228294373,0.5562791228294373,0.2856178432703018,0.3383266031742096,15.448981761932371,0.0079450739664048,0.8,0.001,37,0.0619708999984141,2.583311700003833,15.482954545454549,5.0,0.0076053461311831,True,37,shapley-20260606T025857Z-f285ea38,shapley,baseline,A,True,False,0.0,0.0
0.6402705822672162,0.514851484979902,0.5148514764649528,0.2651506108897073,0.3121260787759508,16.490912709917342,0.6744394898414612,0.5534833073616028,0.5534833073616028,0.2833787500858307,0.3376306742429733,15.904099464416504,0.0076053461311831,0.8,0.001,38,0.06147879999844,2.644790500002273,15.096952908587255,5.0,0.0086053461311831,True,38,shapley-20260606T025857Z-f285ea38,shapley,baseline,A,True,False,0.0,0.0
0.6513105801173619,0.5130393930843898,0.5130393845694405,0.2634992003440857,0.3119252281529562,16.068056924002512,0.6793181300163269,0.5547216534614563,0.5547216534614563,0.2832788079977035,0.3393035382032394,14.478962421417236,0.0086053461311831,0.8,0.001,39,0.0624112999976205,2.7072017999998934,14.729729729729732,5.0,0.0076053461311831,True,39,shapley-20260606T025857Z-f285ea38,shapley,baseline,A,True,False,0.0,0.0
0.6402787395886013,0.5173620411327907,0.5173620411327907,0.2648605917181287,0.3156268000602722,16.161881310599192,0.6788680553436279,0.5540989637374878,0.5540989637374878,0.2830003798007965,0.3388732373714447,16.405444145202637,0.0076053461311831,0.8,0.001,40,0.0610330999988946,2.768234899998788,14.379947229551448,5.0,0.0086053461311831,True,40,shapley-20260606T025857Z-f285ea38,shapley,baseline,A,True,False,0.0,0.0
0.6527038301740374,0.5143492903028216,0.5143492817878723,0.2639742876802172,0.3129687181540898,16.077742304120743,0.6783909797668457,0.5496452450752258,0.5496452450752258,0.2804875373840332,0.3364471048116684,14.961132526397703,0.0086053461311831,0.8,0.001,41,0.0650792000014917,2.83331410000028,14.046391752577314,5.0,0.0096053461311831,True,41,shapley-20260606T025857Z-f285ea38,shapley,baseline,A,True,False,0.0,0.0
0.6618966204779488,0.5168653896876744,0.5168653896876744,0.2663137018680572,0.313189617225102,15.099011421203612,0.6883985698223114,0.5510666370391846,0.5510666370391846,0.2825375199317932,0.3356614261865616,14.297446727752686,0.0096053461311831,0.8,0.001,42,0.065129299997352,2.898443399997632,13.727959697733,5.0,0.0106053461311831,True,42,shapley-20260606T025857Z-f285ea38,shapley,baseline,A,True,False,0.0,0.0
0.6733334234782627,0.5145114064216614,0.5145114149366107,0.2652112373283931,0.3116252081734793,14.975655010768346,0.7018189132213593,0.5536396503448486,0.5536396503448486,0.283326044678688,0.3378919810056686,13.972130298614502,0.0106053461311831,0.8,0.001,43,0.0629856000014115,2.9614289999990437,13.423645320197046,5.0,0.0116053461311831,True,43,shapley-20260606T025857Z-f285ea38,shapley,baseline,A,True,False,0.0,0.0
0.6885976961680821,0.5247850162642342,0.5247850162642342,0.2709590494632721,0.3172824510506221,14.115278244018556,0.7136735916137695,0.5504509210586548,0.5504508912563324,0.2827504724264145,0.3346255421638489,14.06443738937378,0.0116053461311831,0.8,0.001,44,0.0622717999976885,3.023700799996732,13.132530120481931,5.0,0.0126053461311831,True,44,shapley-20260606T025857Z-f285ea38,shapley,baseline,A,True,False,0.0,0.0
0.7041064841406686,0.5279891405786786,0.5279891235487801,0.273060142993927,0.318661229951041,13.971638543265206,0.7149716317653656,0.546902596950531,0.546902596950531,0.2801439464092254,0.3334482759237289,13.333155155181885,0.0126053461311831,0.8,0.001,45,0.0638308999987202,3.087531699995452,12.85377358490566,5.0,0.0136053461311831,True,45,shapley-20260606T025857Z-f285ea38,shapley,baseline,A,True,False,0.0,0.0
0.712574805532183,0.5288015689168658,0.528801577431815,0.272972788129534,0.3197859738554273,13.507429122924805,0.7373176217079163,0.5552005171775818,0.5552005171775818,0.2854879349470138,0.3371407091617584,13.38570261001587,0.0136053461311831,0.8,0.001,46,0.0614518000002135,3.1489834999956656,12.586605080831404,5.0,0.0146053461311831,True,46,shapley-20260606T025857Z-f285ea38,shapley,baseline,A,True,False,0.0,0.0
0.7292072176933289,0.5347975662776402,0.534797557762691,0.2774875930377415,0.3216374473912375,13.310855456760953,0.7370806634426117,0.5476740598678589,0.5476740598678589,0.2807418555021286,0.3336652964353561,12.968307495117188,0.0146053461311831,0.8,0.001,47,0.0625785999982326,3.2115620999938983,12.33031674208145,5.0,0.0156053461311831,True,47,shapley-20260606T025857Z-f285ea38,shapley,baseline,A,True,False,0.0,0.0
0.737330709184919,0.5340385522161212,0.5340385522161212,0.2770513125828334,0.321234038897923,13.027083941868373,0.7455935180187225,0.5491459369659424,0.5491459369659424,0.2819613963365555,0.3339806646108627,12.588478565216064,0.0156053461311831,0.8,0.001,48,0.0624213000010058,3.273983399994904,12.084257206208427,5.0,0.0166053461311831,True,48,shapley-20260606T025857Z-f285ea38,shapley,baseline,A,True,False,0.0,0.0
0.7497502480234418,0.5372827989714486,0.5372828074863979,0.276408097573689,0.3260933714253561,12.795123508998326,0.7557256519794464,0.5502249300479889,0.5502249300479889,0.2814608216285705,0.3359551429748535,12.375576496124268,0.0166053461311831,0.8,0.001,49,0.0610057000012602,3.3349890999961644,11.847826086956523,5.0,0.0176053461311831,True,49,shapley-20260606T025857Z-f285ea38,shapley,baseline,A,True,False,0.0,0.0
0.7621792129107884,0.543296754360199,0.543296754360199,0.2822326975209372,0.3263300657272339,12.43272658756801,0.7603195309638977,0.5523352324962616,0.552335262298584,0.2819793224334717,0.3379449248313904,11.813701152801514,0.0176053461311831,0.8,0.001,50,0.0613757999999506,3.396364899996115,11.620469083155657,5.0,0.0186053461311831,True,50,shapley-20260606T025857Z-f285ea38,shapley,baseline,A,True,False,1.0,1.0
0.7780509420803615,0.5508519921983991,0.5508519921983991,0.2856658101081848,0.331482721226556,12.211487770080566,0.7725194096565247,0.5514408648014069,0.5514408648014069,0.2833363115787506,0.3351306766271591,11.882529258728027,0.0186053461311831,0.8,0.001,51,0.0588599999973666,3.455224899993482,11.40167364016736,5.0,0.0196053461311831,True,51,shapley-20260606T025857Z-f285ea38,shapley,baseline,A,True,False,1.0,1.0
0.78262859582901,0.5498096346855164,0.5498096517154148,0.2870021419865744,0.3285093775817326,11.875279017857142,0.7816601097583771,0.5539994239807129,0.5539994239807129,0.2849325388669967,0.3363335728645324,11.612174034118652,0.0196053461311831,0.8,0.001,52,0.062369100000069,3.517593999993551,11.190965092402465,5.0,0.0206053461311831,True,52,shapley-20260606T025857Z-f285ea38,shapley,baseline,A,True,False,1.0,1.0
0.7972083602632795,0.5587288396699088,0.5587288311549595,0.2912012594086783,0.3344094540391649,11.573671885899136,0.7860681116580963,0.5498248934745789,0.5498249232769012,0.2817122787237167,0.3351407945156097,11.46514129638672,0.0206053461311831,0.8,0.001,53,0.0624758999983896,3.5800698999919405,10.987903225806448,5.0,0.0216053461311831,True,53,shapley-20260606T025857Z-f285ea38,shapley,baseline,A,True,False,1.0,1.0
0.801035463809967,0.5549708008766174,0.5549708093915667,0.2890974581241607,0.3323416880198887,11.389063290187291,0.7896900177001953,0.5513013899326324,0.5513013601303101,0.2829057723283767,0.3354945033788681,11.033779621124268,0.0216053461311831,0.8,0.001,54,0.0600348000007215,3.640104699992662,10.792079207920786,5.0,0.0226053461311831,True,54,shapley-20260606T025857Z-f285ea38,shapley,baseline,A,True,False,1.0,1.0
0.8179870332990374,0.5623360446521214,0.5623360446521214,0.2917148258004869,0.3382765097277505,11.30931554521833,0.7879994213581085,0.5475650429725647,0.5475650131702423,0.2796209007501602,0.3349301367998123,10.636173248291016,0.0226053461311831,0.8,0.001,55,0.0638106999977026,3.7039153999903647,10.603112840466927,5.0,0.022935950209424,True,55,shapley-20260606T025857Z-f285ea38,shapley,baseline,A,True,False,1.0,1.0
0.8141277773039681,0.5615542871611459,0.5615542871611459,0.2932608893939427,0.3353667557239532,11.0121214730399,0.8004873394966125,0.5568233728408813,0.5568233728408813,0.2847821563482284,0.340051531791687,10.62367057800293,0.022935950209424,0.8,0.001,56,0.0613548000001173,3.765270199990482,10.42065009560229,5.0,0.023935950209424,True,56,shapley-20260606T025857Z-f285ea38,shapley,baseline,A,True,False,1.0,1.0
0.8184332506997245,0.5537997143609183,0.5537997143609183,0.2886901710714613,0.3313869110175541,11.055902344839913,0.794723391532898,0.5502387583255768,0.5502387285232544,0.2824668735265732,0.3347148001194,10.21411943435669,0.023935950209424,0.8,0.001,57,0.0610850999983085,3.826355299988791,10.244360902255636,5.0,0.0236335355304345,True,57,shapley-20260606T025857Z-f285ea38,shapley,baseline,A,True,False,1.0,1.0
0.8182782190186637,0.5634831360408238,0.5634831445557731,0.2949610011918204,0.3356526749474661,10.781082017081124,0.7982536554336548,0.5493099093437195,0.5493098795413971,0.2827173769474029,0.3332405984401703,10.533495903015137,0.0236335355304345,0.8,0.001,58,0.06131219999952,3.887667499988311,10.073937153419593,5.0,0.0246335355304345,True,58,shapley-20260606T025857Z-f285ea38,shapley,baseline,A,True,False,1.0,1.0
0.8265488232885089,0.5590946078300476,0.5590945993150983,0.2923658660479954,0.3334109187126159,10.857321058000837,0.8034570217132568,0.5472145974636078,0.5472145974636078,0.2816199064254761,0.3319933414459228,10.402177333831789,0.0246335355304345,0.8,0.001,59,0.0706260000006295,3.95829349998894,9.909090909090908,5.0,0.0256335355304345,True,59,shapley-20260606T025857Z-f285ea38,shapley,baseline,A,True,False,1.0,1.0
0.835850008896419,0.5647655895778111,0.5647655895778111,0.2949042064802987,0.33732670545578,10.575381551470077,0.8125208616256714,0.5468742251396179,0.5468742251396179,0.2812000215053558,0.3320927619934082,10.36324691772461,0.0256335355304345,0.8,0.001,60,0.0646807999983138,4.022974299987254,9.749552772808585,5.0,0.0266335355304345,True,60,shapley-20260606T025857Z-f285ea38,shapley,baseline,A,True,False,1.0,1.0
0.8474472335406712,0.566975108214787,0.5669750996998378,0.2976071664265224,0.3367099251065935,10.530788012913296,0.8165781795978546,0.5537700951099396,0.5537700951099396,0.2860797643661499,0.3346129357814789,9.867562294006348,0.0266335355304345,0.8,0.001,61,0.0613358000009611,4.084310099988215,9.595070422535208,5.0,0.0276335355304345,True,61,shapley-20260606T025857Z-f285ea38,shapley,baseline,A,True,False,1.0,1.0
0.8590236306190491,0.5779551437922886,0.5779551352773394,0.3036424347332546,0.3428908671651567,10.1712829044887,0.8296918869018555,0.5526055991649628,0.5526056289672852,0.285190612077713,0.3342687636613846,10.027174949645996,0.0276335355304345,0.8,0.001,62,0.0629478000009839,4.147257899989199,9.44540727902946,5.0,0.0286335355304345,True,62,shapley-20260606T025857Z-f285ea38,shapley,baseline,A,True,False,1.0,1.0
0.8671722497258868,0.5790438311440604,0.579043814114162,0.3051804261548178,0.3423292296273367,10.062621934073311,0.8384300470352173,0.5541425347328186,0.5541425347328186,0.2861999869346618,0.3349282145500183,9.928481578826904,0.0286335355304345,0.8,0.001,63,0.0655599000019719,4.212817799991171,9.300341296928323,5.0,0.0296335355304345,True,63,shapley-20260606T025857Z-f285ea38,shapley,baseline,A,True,False,1.0,1.0
0.8828283292906625,0.5796281695365906,0.5796281695365906,0.3047454229422978,0.3436034066336496,10.231656755719866,0.8351978361606598,0.5522710978984833,0.5522711277008057,0.2848202884197235,0.3343135118484497,9.547519207000732,0.0296335355304345,0.8,0.001,64,0.0597925999973085,4.27261039998848,9.15966386554622,5.0,0.0306335355304345,True,64,shapley-20260606T025857Z-f285ea38,shapley,baseline,A,True,False,1.0,1.0
0.8847417661121914,0.5855406182152885,0.58554060118539,0.3082139917782375,0.3466582638876779,9.7671115057809,0.8523797690868378,0.5487300455570221,0.5487300455570221,0.2823551148176193,0.3329686820507049,9.912331104278564,0.0306335355304345,0.8,0.001,65,0.0594329999985348,4.332043399987015,9.02317880794702,5.0,0.0316335355304345,True,65,shapley-20260606T025857Z-f285ea38,shapley,baseline,A,True,False,1.0,1.0
0.8916948778288705,0.582388733114515,0.5823887075696673,0.3067245398248945,0.344580203294754,9.777791704450337,0.8494898974895477,0.5471546053886414,0.5471546649932861,0.2808511555194855,0.3328793346881866,9.557429790496826,0.0316335355304345,0.8,0.001,66,0.0615007999986119,4.393544199985627,8.890701468189235,5.0,0.0326335355304345,True,66,shapley-20260606T025857Z-f285ea38,shapley,baseline,A,True,False,1.0,1.0
0.9029095939227512,0.5871456435748509,0.5871456350599017,0.3081251042229788,0.3487756507737296,9.676057134355815,0.8579792678356171,0.5504758656024933,0.5504758358001709,0.2837141007184982,0.3334522098302841,9.422926902770996,0.0326335355304345,0.8,0.001,67,0.0605716000027314,4.454115799988358,8.762057877813504,5.0,0.0336335355304345,True,67,shapley-20260606T025857Z-f285ea38,shapley,baseline,A,True,False,1.0,1.0
0.9075880646705629,0.5879943115370614,0.5879943115370614,0.3099220991134643,0.3475902676582336,9.502235003880092,0.8577624559402466,0.5576411485671997,0.5576411187648773,0.2875732481479645,0.337584838271141,8.9232759475708,0.0336335355304345,0.8,0.001,68,0.0650736999996297,4.519189499987988,8.637083993660859,5.0,0.0346335355304345,True,68,shapley-20260606T025857Z-f285ea38,shapley,baseline,A,True,False,1.0,1.0
0.9169962576457432,0.594217836856842,0.5942178198269435,0.3127944895199367,0.3517791586262839,9.31982285635812,0.8601319789886475,0.5559764206409454,0.5559764206409454,0.2867917269468307,0.3364808559417724,8.782111644744873,0.0346335355304345,0.8,0.001,69,0.0602700999988883,4.579459599986876,8.515625,5.0,0.0356335355304345,True,69,shapley-20260606T025857Z-f285ea38,shapley,baseline,A,True,False,1.0,1.0
0.9328710351671492,0.6037371584347316,0.6037371499197823,0.3180856321539198,0.3570644174303327,9.236633028302874,0.8898175954818726,0.5565410554409027,0.5565410554409027,0.2871706783771515,0.3367129862308502,9.352890491485596,0.0356335355304345,0.8,0.001,70,0.0627105000021401,4.642170099989016,8.397534668721107,5.0,0.0366335355304345,True,70,shapley-20260606T025857Z-f285ea38,shapley,baseline,A,True,False,2.0,2.0
0.9398352078029087,0.6013205562319074,0.6013205392020089,0.3171061830861227,0.3552679504667009,9.240567479814802,0.8814919292926788,0.5575600266456604,0.5575600564479828,0.289089486002922,0.335588201880455,8.842495918273926,0.0366335355304345,0.8,0.001,71,0.0606628000023192,4.702832899991336,8.282674772036472,5.0,0.0376335355304345,True,71,shapley-20260606T025857Z-f285ea38,shapley,baseline,A,True,False,2.0,2.0
0.958750069141388,0.6153214148112706,0.6153214403561184,0.3263757015977587,0.3611821489674704,9.12560190473284,0.8962287902832031,0.5607720911502838,0.5607720911502838,0.2905311435461044,0.3378011733293533,8.913770198822021,0.0376335355304345,0.8,0.001,72,0.0614175000009709,4.7642503999923065,8.170914542728639,5.0,0.0386335355304345,True,72,shapley-20260606T025857Z-f285ea38,shapley,baseline,A,True,False,2.0,2.0
0.9581287503242492,0.6108126980917794,0.6108126980917794,0.32346396786826,0.3591858914920262,8.99001475742885,0.8914650678634644,0.5565484464168549,0.5565484166145325,0.2878053486347198,0.3359288722276687,8.66906452178955,0.0386335355304345,0.8,0.001,73,0.0614636999998765,4.825714099992183,8.062130177514796,5.0,0.0396335355304345,True,73,shapley-20260606T025857Z-f285ea38,shapley,baseline,A,True,False,2.0,2.0
0.9638412083898272,0.6121824298586164,0.6121824298586164,0.32422764812197,0.359943470784596,8.87275859287807,0.8803432285785675,0.5558170080184937,0.5558170080184937,0.2877564430236816,0.3350756913423538,8.188172817230225,0.0396335355304345,0.8,0.001,74,0.0615471999990404,4.887261299991224,7.956204379562045,5.0,0.0406335355304345,True,74,shapley-20260606T025857Z-f285ea38,shapley,baseline,A,True,False,2.0,2.0
0.9643850241388592,0.6115574581282479,0.6115574496132987,0.3257652606282915,0.3572402511324201,8.683161326817103,0.8924303650856018,0.5560901761054993,0.5560901761054993,0.2880982458591461,0.334989920258522,8.277403354644775,0.0406335355304345,0.8,0.001,75,0.0590488000016193,4.946310099992843,7.853025936599423,5.0,0.0416335355304345,True,75,shapley-20260606T025857Z-f285ea38,shapley,baseline,A,True,False,2.0,2.0
0.9754261033875602,0.6265217236110142,0.6265217321259635,0.3325582444667816,0.3674543457371848,8.380368641444615,0.915673017501831,0.5542100667953491,0.5542100667953491,0.2863602191209793,0.3348123133182525,8.682013988494873,0.0416335355304345,0.8,0.001,76,0.0608056000019132,5.007115699994756,7.752489331436699,5.0,0.0426335355304345,True,76,shapley-20260606T025857Z-f285ea38,shapley,baseline,A,True,False,2.0,2.0
0.981349263872419,0.6203600253377642,0.6203600168228149,0.3307152560779026,0.362055948802403,8.46725947516305,0.9084892868995668,0.5589853525161743,0.5589853525161743,0.2879948318004608,0.3387381434440613,8.197863578796387,0.0426335355304345,0.8,0.001,77,0.0642140999989351,5.071329799993691,7.65449438202247,5.0,0.0436335355304345,True,77,shapley-20260606T025857Z-f285ea38,shapley,baseline,A,True,False,2.0,2.0
0.9938965780394418,0.6275169338498797,0.6275169338498797,0.3310940563678741,0.3705286000456129,8.39674425125122,0.8891533017158508,0.5685425400733948,0.5685425400733948,0.2961276173591614,0.3405186235904693,7.347805976867676,0.0436335355304345,0.8,0.001,78,0.0594985999996424,5.130828399993334,7.558945908460473,5.0,0.0426335355304345,True,78,shapley-20260606T025857Z-f285ea38,shapley,baseline,A,True,False,2.0,2.0
0.9847051245825632,0.6176433052335467,0.6176433052335467,0.3270590347903115,0.3632303263459887,8.609696524483818,0.894527405500412,0.5670218169689178,0.5670218169689178,0.2934841364622116,0.3419220596551895,7.6818766593933105,0.0426335355304345,0.8,0.001,79,0.0605654999999387,5.1913938999932725,7.465753424657535,5.0,0.0436335355304345,True,79,shapley-20260606T025857Z-f285ea38,shapley,baseline,A,True,False,2.0,2.0
0.9958867430686952,0.6328738927841187,0.632873901299068,0.3347500605242593,0.3726547999041421,8.319583347865514,0.9198883175849916,0.5589305460453033,0.5589305460453033,0.2895640432834625,0.3367081433534622,8.272485256195068,0.0436335355304345,0.8,0.001,80,0.0628564000035112,5.254250299996784,7.374830852503379,5.0,0.0446335355304345,True,80,shapley-20260606T025857Z-f285ea38,shapley,baseline,A,True,False,2.0,2.0
0.9957469190870012,0.6302386777741569,0.6302386862891061,0.3361316280705588,0.367633798292705,8.189094815935407,0.9184972047805786,0.5639946162700653,0.5639946460723877,0.2916795015335083,0.340393915772438,7.942517042160034,0.0446335355304345,0.8,0.001,81,0.0589935999996669,5.313243899996451,7.286096256684488,5.0,0.0456335355304345,True,81,shapley-20260606T025857Z-f285ea38,shapley,baseline,A,True,False,2.0,2.0
1.0058731607028415,0.6378760848726545,0.6378761019025531,0.3397031937326704,0.3727161288261413,8.064180646623884,0.9292844235897064,0.5578432679176331,0.5578432679176331,0.2882799357175827,0.3369541317224502,8.139652729034424,0.0456335355304345,0.8,0.001,82,0.0608228000019153,5.374066699998366,7.199471598414796,5.0,0.0466335355304345,True,82,shapley-20260606T025857Z-f285ea38,shapley,baseline,A,True,False,2.0,2.0
1.0085611173084803,0.6294655288968768,0.6294655118669782,0.3341188473360879,0.3691833274705069,8.129248823438372,0.918813705444336,0.5665509402751923,0.5665509402751923,0.2945045679807663,0.3400579541921615,7.553850889205933,0.0466335355304345,0.8,0.001,83,0.0615170999990368,5.435583799997403,7.114882506527415,5.0,0.0476335355304345,True,83,shapley-20260606T025857Z-f285ea38,shapley,baseline,A,True,False,2.0,2.0
1.0221648727144514,0.6433287262916565,0.643328709261758,0.3420280729021345,0.3766257890633174,7.95313937323434,0.9221124053001404,0.5605494379997253,0.560549408197403,0.2910446375608444,0.3368809372186661,7.590512990951538,0.0476335355304345,0.8,0.001,84,0.0597846999989997,5.4953684999964025,7.032258064516128,5.0,0.0486335355304345,True,84,shapley-20260606T025857Z-f285ea38,shapley,baseline,A,True,False,2.0,2.0
1.0251413072858535,0.6354331203869411,0.6354331118719918,0.3385295442172459,0.3711294574396951,8.013157844543457,0.924977719783783,0.5679837465286255,0.5679838061332703,0.295230358839035,0.3409417569637298,7.340489625930786,0.0486335355304345,0.8,0.001,85,0.0616138000004866,5.556982299996889,6.951530612244902,5.0,0.0496335355304345,True,85,shapley-20260606T025857Z-f285ea38,shapley,baseline,A,True,False,2.0,2.0
1.0343093872070312,0.6530084780284336,0.6530084695134845,0.3473453564303262,0.3820788817746298,7.6823240007672995,0.935729682445526,0.5615927875041962,0.5615928173065186,0.2915796339511871,0.3375164568424225,7.537985801696777,0.0496335355304345,0.8,0.001,86,0.0637324000017542,5.620714699998644,6.872635561160152,5.0,0.0506335355304345,True,86,shapley-20260606T025857Z-f285ea38,shapley,baseline,A,True,False,2.0,2.0
1.0377851554325648,0.6491918904440743,0.6491918734141758,0.3474216759204864,0.3772127458027431,7.67462294442313,0.9452070891857148,0.5669057369232178,0.5669057071208954,0.294435515999794,0.340587705373764,7.471359729766846,0.0506335355304345,0.8,0.001,87,0.060475199999928,5.681189899998572,6.795511221945134,5.0,0.0516335355304345,True,87,shapley-20260606T025857Z-f285ea38,shapley,baseline,A,True,False,2.0,2.0
1.0492863995688302,0.654884397983551,0.6548843894686017,0.347444087266922,0.3843003639153072,7.638484954833984,0.948391169309616,0.5726671814918518,0.5726671814918518,0.2979686707258224,0.3433731347322464,7.276743412017822,0.0516335355304345,0.8,0.001,88,0.0678887000030954,5.749078600001667,6.720098643649813,5.0,0.0526335355304345,True,88,shapley-20260606T025857Z-f285ea38,shapley,baseline,A,True,False,2.0,2.0
1.063733083861215,0.6525246245520455,0.6525246160370963,0.3491529481751578,0.3792145763124738,7.812670435224261,0.946293830871582,0.5727435648441315,0.5727435648441315,0.2982657849788666,0.3430971950292587,7.097190856933594,0.0526335355304345,0.8,0.001,89,0.0613821000006282,5.810460700002295,6.646341463414636,5.0,0.0536335355304345,True,89,shapley-20260606T025857Z-f285ea38,shapley,baseline,A,True,False,2.0,2.0
1.0137916633061,0.6078540001596723,0.6617456930024284,0.3537269788128989,0.3850234065737043,7.568728310721261,0.9509682357311248,0.5775756239891052,0.5775756239891052,0.3005681186914444,0.3462593853473663,6.961924314498901,0.0536335355304345,0.8,0.001,90,0.0707786999992095,5.881239400001505,6.57418576598311,5.0,0.0546335355304345,True,90,shapley-20260606T025857Z-f285ea38,shapley,baseline,A,True,True,3.0,3.0
1.0108755230903623,0.6102949636323112,0.6644592540604728,0.352894229548318,0.3894562763827188,7.332136358533587,0.9637093544006348,0.5713135600090027,0.5713135898113251,0.296037882566452,0.3440946340560913,7.182324647903442,0.0546335355304345,0.8,0.001,91,0.0674757999986468,5.948715200000152,6.503579952267302,5.0,0.0556335355304345,True,91,shapley-20260606T025857Z-f285ea38,shapley,baseline,A,True,True,3.0,3.0
1.020504151071821,0.6108728136335101,0.6664604544639587,0.3536506082330431,0.3910123024668012,7.363029207502093,0.965039849281311,0.5846433937549591,0.5846433937549591,0.3051429688930511,0.3493755161762237,6.837539196014404,0.0556335355304345,0.8,0.001,92,0.0698258000011264,6.018541000001278,6.434474616292796,5.0,0.0566335355304345,True,92,shapley-20260606T025857Z-f285ea38,shapley,baseline,A,True,True,3.0,3.0
1.0212260910442896,0.6119043486458915,0.6701314108712333,0.3551599894251142,0.3937142874513353,7.227550710950579,0.961737096309662,0.5653122663497925,0.5653122365474701,0.292641282081604,0.3408387005329132,6.999824285507202,0.0566335355304345,0.8,0.001,93,0.0711038000008557,6.089644800002134,6.3668224299065415,5.0,0.0576335355304345,True,93,shapley-20260606T025857Z-f285ea38,shapley,baseline,A,True,True,3.0,3.0
1.0285968439919608,0.6186398863792419,0.675698093005589,0.3585072840963091,0.3964885004929134,7.113167217799595,0.9888001680374146,0.5743153691291809,0.5743153691291809,0.2980854660272598,0.3452873677015304,7.191729307174683,0.0576335355304345,0.8,0.001,94,0.0704689999984111,6.160113800000545,6.300578034682083,5.0,0.0586335355304345,True,94,shapley-20260606T025857Z-f285ea38,shapley,baseline,A,True,True,3.0,3.0
1.0407240561076574,0.6036101920264108,0.6628814765385219,0.3503905917916979,0.3906135942254747,7.455014365059989,0.9551924467086792,0.572429895401001,0.5724298357963562,0.2979172319173813,0.3431407511234283,6.528048276901245,0.0586335355304345,0.8,0.001,95,0.0715027999976882,6.231616599998233,6.235697940503435,5.0,0.0596335355304345,True,95,shapley-20260606T025857Z-f285ea38,shapley,baseline,A,True,True,3.0,3.0
1.0472692251205444,0.6235621997288295,0.6803406476974487,0.3620644296918596,0.3978452597345625,7.105180740356445,0.9847511947155,0.5809415876865387,0.5809415876865387,0.3020424097776413,0.3486239612102508,6.77151894569397,0.0596335355304345,0.8,0.001,96,0.0696895999972184,6.301306199995452,6.172140430351078,5.0,0.0606335355304345,True,96,shapley-20260606T025857Z-f285ea38,shapley,baseline,A,True,True,3.0,3.0
1.0621592657906669,0.6406243784087045,0.699318357876369,0.3710334045546395,0.4103561852659498,6.952173573630197,0.995173156261444,0.5747796297073364,0.5747796297073364,0.2983477115631103,0.3455398976802826,6.933350324630737,0.0606335355304345,0.8,0.001,97,0.0684553999999479,6.3697615999954,6.109865470852014,5.0,0.0616335355304345,True,97,shapley-20260606T025857Z-f285ea38,shapley,baseline,A,True,True,3.0,3.0
1.0621776240212577,0.6295810171536037,0.689169534615108,0.3658166740621839,0.4041910639830998,7.0188510077340265,0.9807605743408204,0.5804868042469025,0.5804868042469025,0.3027630746364593,0.3471546471118927,6.494415521621704,0.0616335355304345,0.8,0.001,98,0.0659135999994759,6.435675199994876,6.048834628190896,5.0,0.0626335355304345,True,98,shapley-20260606T025857Z-f285ea38,shapley,baseline,A,True,True,3.0,3.0
1.0623638459614344,0.6249373555183411,0.6857438853808812,0.3636977289404188,0.4025576880999973,6.983902250017438,0.9905591011047364,0.5757605731487274,0.5757605731487274,0.300443485379219,0.3441463559865951,6.622626543045044,0.0626335355304345,0.8,0.001,99,0.0642244000009668,6.499899599995842,5.989010989010993,5.0,0.0636335355304345,True,99,shapley-20260606T025857Z-f285ea38,shapley,baseline,A,True,True,3.0,3.0
1.0730962582996912,0.635799629347665,0.6955543841634478,0.3702662246567862,0.4066102078982762,6.872109345027378,1.006965488195419,0.5797728002071381,0.5797728002071381,0.3017537444829941,0.3475238233804703,6.71332573890686,0.0636335355304345,0.8,0.001,100,0.0712190999984159,6.571118699994258,5.930359085963005,5.0,0.0646335355304345,True,100,shapley-20260606T025857Z-f285ea38,shapley,baseline,A,True,True,3.0,3.0
1.0725236790520805,0.630128766809191,0.6902907831328255,0.3657965191773006,0.405617811850139,6.844664982386997,0.9949401617050172,0.5777788162231445,0.5777788162231445,0.3000192493200302,0.3471994698047638,6.454256057739258,0.0646335355304345,0.8,0.001,101,0.0717951000005996,6.642913799994858,5.872844827586206,5.0,0.0656335355304345,True,101,shapley-20260606T025857Z-f285ea38,shapley,baseline,A,True,True,3.0,3.0
1.083781089101519,0.6485417400087629,0.7085274117333549,0.3773568187441145,0.4139632284641266,6.631355966840472,1.0215578079223633,0.5802454352378845,0.5802454352378845,0.3033581078052521,0.3461091518402099,6.723885774612427,0.0656335355304345,0.8,0.001,102,0.0685553000002983,6.711469099995156,5.81643543223052,5.0,0.0666335355304345,True,102,shapley-20260606T025857Z-f285ea38,shapley,baseline,A,True,True,3.0,3.0
1.0925344399043493,0.6455802576882499,0.7056880933897836,0.3770032567637307,0.4108560425894601,6.707646369934082,0.9987324774265288,0.5829336941242218,0.5829336643218994,0.3035561144351959,0.3492219746112823,6.240082979202271,0.0666335355304345,0.8,0.001,103,0.0649936000008892,6.776462699996046,5.761099365750525,5.0,0.0676335355304346,True,103,shapley-20260606T025857Z-f285ea38,shapley,baseline,A,True,True,3.0,3.0
1.0880500418799264,0.6384407963071551,0.6975499647004264,0.3723241346223013,0.4065322875976562,6.647726808275495,0.9791598916053772,0.5870876908302307,0.5870876610279083,0.3071595728397369,0.3499101102352142,5.797009229660034,0.0676335355304346,0.8,0.001,104,0.0646820000001753,6.841144699996221,5.706806282722511,5.0,0.0685355649998098,True,104,shapley-20260606T025857Z-f285ea38,shapley,baseline,A,True,True,3.0,3.0
1.103528005736215,0.6588376334735325,0.7210563336099897,0.3816688699381692,0.4242343051092965,6.488461358206613,1.022423803806305,0.5941526293754578,0.5941526591777802,0.310298815369606,0.3548173010349273,6.248889446258545,0.0685355649998098,0.8,0.001,105,0.0641416999969806,6.9052863999932015,5.65352697095436,5.0,0.0695355649998098,True,105,shapley-20260606T025857Z-f285ea38,shapley,baseline,A,True,True,3.0,3.0
1.1169862065996443,0.6659178222928729,0.7255423835345677,0.3877682430403573,0.4222176798752376,6.486872468675886,1.0374194979667664,0.5884049534797668,0.5884049534797668,0.3084104210138321,0.3499931395053863,6.457335710525513,0.0695355649998098,0.8,0.001,106,0.0647374999971361,6.970023899990338,5.601233299075027,5.0,0.0705355649998098,True,106,shapley-20260606T025857Z-f285ea38,shapley,baseline,A,True,True,3.0,3.0
1.1145150661468506,0.6715226173400879,0.7332873003823417,0.3903628758021763,0.4286555222102574,6.280412469591413,1.0340464115142822,0.5819249153137207,0.5819249153137207,0.3018735945224762,0.3500641137361526,6.409837245941162,0.0705355649998098,0.8,0.001,107,0.0642826000002969,7.034306499990635,5.549898167006106,5.0,0.0715355649998098,True,107,shapley-20260606T025857Z-f285ea38,shapley,baseline,A,True,True,3.0,3.0
1.1228810378483365,0.6543703845569065,0.7159430640084403,0.3815091678074428,0.4180423532213483,6.549339021955218,1.012176334857941,0.5915763974189758,0.5915763974189758,0.3088971078395843,0.3533490747213363,5.879591941833496,0.0715355649998098,0.8,0.001,108,0.0719458999992639,7.1062523999898985,5.499495459132191,5.0,0.0725355649998098,True,108,shapley-20260606T025857Z-f285ea38,shapley,baseline,A,True,True,3.0,3.0
1.132835796901158,0.6661472235407148,0.7288505605288914,0.3872338192803519,0.4270209074020386,6.433927536010742,1.024355411529541,0.5910849869251251,0.5910849869251251,0.3081085532903671,0.3537205308675766,5.97321367263794,0.0725355649998098,0.8,0.001,109,0.0646338000005926,7.170886199990491,5.450000000000003,5.0,0.0735355649998098,True,109,shapley-20260606T025857Z-f285ea38,shapley,baseline,A,True,True,3.0,3.0
1.1410189185823714,0.6933849539075579,0.7510100177356175,0.4000318263258253,0.4387227424553462,6.087312630244663,1.059249997138977,0.5913895964622498,0.5913895964622498,0.3087282031774521,0.3533267676830292,6.3623692989349365,0.0735355649998098,0.8,0.001,110,0.063749100001587,7.234635299992078,5.401387512388503,5.0,0.0745355649998098,True,110,shapley-20260606T025857Z-f285ea38,shapley,baseline,A,True,True,4.0,4.0
1.1265470811298914,0.6637962886265346,0.7217987946101597,0.3846607548849923,0.4214225326265607,6.208456448146275,1.0061410069465635,0.5927392840385437,0.5927393138408661,0.3095686584711075,0.3539632856845855,5.5463690757751465,0.0745355649998098,0.8,0.001,111,0.0656182000020635,7.300253499994142,5.353634577603145,5.0,0.0755355649998098,True,111,shapley-20260606T025857Z-f285ea38,shapley,baseline,A,True,True,4.0,4.0
1.1309391089848109,0.6641506808144706,0.7203257594789777,0.3846904124532427,0.4195441773959568,6.179717404501779,1.0361489057540894,0.5878046452999115,0.5878046452999115,0.3069390803575516,0.3510819524526596,5.9355385303497314,0.0755355649998098,0.8,0.001,112,0.0646884999987378,7.36494199999288,5.306718597857838,5.0,0.0765355649998098,True,112,shapley-20260606T025857Z-f285ea38,shapley,baseline,A,True,True,4.0,4.0
1.1405925410134452,0.6821387495313372,0.7406858205795288,0.3925642498901912,0.4351519686835153,5.990075315747943,1.059828758239746,0.6059217751026154,0.6059217751026154,0.3180474191904068,0.3598429262638092,5.930668115615845,0.0765355649998098,0.8,0.001,113,0.0653775999999197,7.430319599992799,5.260617760617762,5.0,0.0775355649998098,True,113,shapley-20260606T025857Z-f285ea38,shapley,baseline,A,True,True,4.0,4.0
1.1457153388432093,0.6858114429882595,0.7408211742128644,0.3975411142621721,0.4291000493935176,5.931522165025983,1.022193193435669,0.5973200500011444,0.5973200500011444,0.3130204975605011,0.3553744405508041,5.4797203540802,0.0775355649998098,0.8,0.001,114,0.0657180000016524,7.496037599994452,5.215311004784688,5.0,0.0785355649998098,True,114,shapley-20260606T025857Z-f285ea38,shapley,baseline,A,True,True,4.0,4.0
1.160391432898385,0.6812110372952053,0.7407023140362331,0.3940790040152414,0.433279139654977,6.101444653102329,1.059740126132965,0.5991913080215454,0.5991913080215454,0.3119997829198837,0.3589893877506256,5.864207267761231,0.0785355649998098,0.8,0.001,115,0.0632789000010234,7.559316499995475,5.170777988614802,5.0,0.0795355649998098,True,115,shapley-20260606T025857Z-f285ea38,shapley,baseline,A,True,True,4.0,4.0
1.172990117754255,0.7000784959111895,0.7561073643820626,0.4047480991908482,0.4391990729740688,5.9459139960152765,1.0612061619758606,0.6049017310142517,0.6049017310142517,0.3168543428182602,0.3600592613220215,5.737111568450928,0.0795355649998098,0.8,0.001,116,0.0658685000016703,7.6251849999971455,5.126999059266225,5.0,0.0805355649998098,True,116,shapley-20260606T025857Z-f285ea38,shapley,baseline,A,True,True,4.0,4.0
1.174254332269941,0.6919560517583575,0.7486775687762669,0.3998478140149797,0.4360371742929731,5.98863697052002,1.0593196153640747,0.6051094233989716,0.6051094233989716,0.3177147358655929,0.3592433333396911,5.639871597290039,0.0805355649998098,0.8,0.001,117,0.0678681999997934,7.693053199996939,5.083955223880601,5.0,0.0815355649998098,True,117,shapley-20260606T025857Z-f285ea38,shapley,baseline,A,True,True,4.0,4.0
1.1745368582861764,0.7052268896784101,0.7613523943083627,0.4094059382166181,0.4399330615997314,5.755892821720669,1.056388080120087,0.6071231365203857,0.6071231365203857,0.3195541352033615,0.3594612926244735,5.510049343109131,0.0815355649998098,0.8,0.001,118,0.064482499998121,7.75753569999506,5.04162812210916,5.0,0.0825355649998098,True,118,shapley-20260606T025857Z-f285ea38,shapley,baseline,A,True,True,4.0,4.0
1.1875776393072943,0.7066903199468341,0.7635062166622707,0.4090733826160431,0.4430410265922546,5.8264251436506,1.079356074333191,0.6010746359825134,0.6010746359825134,0.3146826475858688,0.357989951968193,5.794853210449219,0.0825355649998098,0.8,0.001,119,0.0688277000008383,7.826363399995898,5.0,5.0,0.0835355649998098,True,119,shapley-20260606T025857Z-f285ea38,shapley,baseline,A,True,True,4.0,4.0
1.190124545778547,0.6896349617413112,0.7450821910585675,0.4004790655204228,0.4307538866996765,5.991335391998291,1.056538224220276,0.6023155152797699,0.6023155152797699,0.3149082660675049,0.3592590540647506,5.437477111816406,0.0835355649998098,0.8,0.001,120,0.0681431000011798,7.894506499997078,5.0,5.0,0.0879103361179739,True,120,shapley-20260606T025857Z-f285ea38,shapley,baseline,A,True,True,4.0,4.0
1.215171524456569,0.7258923820086888,0.7863988961492266,0.4181354216166905,0.460329349551882,5.565660749162946,1.082273006439209,0.6133798956871033,0.6133798956871033,0.3230336904525757,0.3629327565431595,5.333765268325806,0.0879103361179739,0.8,0.001,121,0.0741200999982538,7.968626599995332,5.0,5.0,0.0912479888012319,True,121,shapley-20260606T025857Z-f285ea38,shapley,baseline,A,True,True,4.0,4.0
1.2277549505233765,0.7156847545078823,0.7721453479358128,0.4147304466792515,0.4467686286994389,5.611851828438895,1.0526810884475708,0.6132045984268188,0.6132045686244965,0.3228964656591415,0.3628851324319839,4.816286563873291,0.0912479888012319,0.8,0.001,122,0.075090900001669,8.043717499997001,5.0,5.0,0.0894108544399648,True,122,shapley-20260606T025857Z-f285ea38,shapley,baseline,A,True,True,4.0,4.0
1.2101575987679618,0.731643055166517,0.7959574546132769,0.4223528334072658,0.4670057679925646,5.351861817496164,1.0780423283576963,0.6107138991355896,0.6107138991355896,0.3211850970983505,0.3619110286235809,5.226752519607544,0.0894108544399648,0.8,0.001,123,0.0678380999997898,8.111555599996791,5.0,5.0,0.0916783796360403,True,123,shapley-20260606T025857Z-f285ea38,shapley,baseline,A,True,True,4.0,4.0
1.2306396790913172,0.7442259107317243,0.8054933377674648,0.4298770342554365,0.469520377261298,5.305654117039272,1.0818246603012085,0.6137619018554688,0.6137619018554688,0.3237315565347671,0.3625379204750061,5.105486869812012,0.0916783796360403,0.8,0.001,124,0.0671058999978413,8.178661499994632,5.0,5.0,0.0927332483341604,True,124,shapley-20260606T025857Z-f285ea38,shapley,baseline,A,True,True,4.0,4.0
1.2324135644095284,0.7409434233392987,0.7980580500194004,0.4273940409932817,0.4633300134113857,5.299826962607248,1.091801404953003,0.6170613169670105,0.6170613169670105,0.3251574486494064,0.3648798316717148,5.119416236877441,0.0927332483341604,0.8,0.001,125,0.0690051999990828,8.247666699993715,5.0,5.0,0.0939274107029348,True,125,shapley-20260606T025857Z-f285ea38,shapley,baseline,A,True,True,4.0,4.0
1.2398466553006853,0.7192609735897609,0.7767907806805202,0.4146130340439932,0.4527221705232347,5.542425428118024,1.0791100859642029,0.6204013824462891,0.6204014420509338,0.3283549547195434,0.3650580942630768,4.8836510181427,0.0939274107029348,0.8,0.0007,126,0.0729981999975279,8.320664899991243,5.0,5.0,0.0927639208843618,True,126,shapley-20260606T025857Z-f285ea38,shapley,baseline,A,True,True,4.0,4.0
1.229690364428929,0.747609521661486,0.8029116136687142,0.4329906659466879,0.4624011942318508,5.196856839316232,1.1022852659225464,0.6201042830944061,0.6201042830944061,0.3279195874929428,0.3652308732271194,5.197936296463013,0.0927639208843618,0.8,0.0007,127,0.0669907000010425,8.387655599992286,5.0,5.0,0.0947432838489919,True,127,shapley-20260606T025857Z-f285ea38,shapley,baseline,A,True,True,4.0,4.0
1.2295816796166557,0.7346739854131427,0.7914313333375114,0.424729687826974,0.458377046244485,5.223670755113874,1.0744976997375488,0.6150252223014832,0.6150252223014832,0.3250494301319122,0.3624697029590606,4.8496575355529785,0.0947432838489919,0.8,0.0007,128,0.0653313000002526,8.452986899992538,5.0,5.0,0.0932398592045217,True,128,shapley-20260606T025857Z-f285ea38,shapley,baseline,A,True,True,4.0,4.0
1.2226275546210152,0.7220419134412494,0.7829521724155971,0.4185833973543985,0.4554609613759177,5.3687944412231445,1.1059958338737488,0.615130215883255,0.6151301860809326,0.323273241519928,0.3648212105035782,5.264547109603882,0.0932398592045217,0.8,0.0007,129,0.0659884999986388,8.518975399991177,5.0,5.0,0.0958853303005605,True,129,shapley-20260606T025857Z-f285ea38,shapley,baseline,A,True,True,4.0,4.0
1.2332032067435128,0.7318629281861442,0.7938229356493268,0.4257944098540714,0.4600356476647513,5.22853980745588,1.0862780213356018,0.6143604516983032,0.6143604516983032,0.3248902410268783,0.3618377596139908,4.921686887741089,0.0958853303005605,0.8,0.0007,130,0.0633244000018748,8.582299799993052,5.0,5.0,0.0951021991779714,True,130,shapley-20260606T025857Z-f285ea38,shapley,baseline,A,True,True,5.0,5.0
1.224060160773141,0.7184569750513349,0.7790871773447309,0.4186366881643023,0.4505630944456373,5.31641960144043,1.0977876782417295,0.6128219068050385,0.6128219068050385,0.3231955766677856,0.3620329201221466,5.099416971206665,0.0951021991779714,0.8,0.00049,131,0.0634465999974054,8.645746399990458,5.0,5.0,0.096096368890038,True,131,shapley-20260606T025857Z-f285ea38,shapley,baseline,A,True,True,5.0,5.0
1.2322307314191543,0.7300389068467277,0.7907671928405762,0.4232283277170999,0.4594235675675528,5.225918906075614,1.093008816242218,0.6104843318462372,0.6104842722415924,0.3213652372360229,0.3613988161087036,5.0212562084198,0.096096368890038,0.8,0.00049,132,0.0639963000030547,8.709742699993512,5.0,5.0,0.096308930974236,True,132,shapley-20260606T025857Z-f285ea38,shapley,baseline,A,True,True,5.0,5.0
1.2305586338043213,0.712937729699271,0.7752071022987366,0.4160906927926199,0.4488955097539084,5.374588625771659,1.0797768235206604,0.610133707523346,0.6101336777210236,0.3215529024600982,0.3607259541749954,4.876423358917236,0.096308930974236,0.8,0.00049,133,0.0684485999991011,8.778191299992613,5.0,5.0,0.0950731645634084,True,133,shapley-20260606T025857Z-f285ea38,shapley,baseline,A,True,True,5.0,5.0
1.2206531081880845,0.7326264296259198,0.7931004507201058,0.4237000942230224,0.4617504520075662,5.133169514792306,1.0918904542922974,0.6092207431793213,0.6092207133769989,0.3209593445062637,0.3603267222642898,5.076824426651001,0.0950731645634084,0.8,0.00049,134,0.0688224000004993,8.847013699993113,5.0,5.0,0.0958414088299184,True,134,shapley-20260606T025857Z-f285ea38,shapley,baseline,A,True,True,5.0,5.0
1.2350294760295324,0.7184035863195147,0.7803885851587568,0.4184212514332363,0.452459169285638,5.390424932752337,1.1079298853874209,0.613637238740921,0.6136372089385986,0.3233744651079178,0.3628284633159637,5.1574015617370605,0.0958414088299184,0.8,0.00049,135,0.0914523999999801,8.938466099993093,5.0,5.0,0.097415424447289,True,135,shapley-20260606T025857Z-f285ea38,shapley,baseline,A,True,True,5.0,5.0
1.2279599223818098,0.71165417773383,0.7751809273447309,0.4153556823730469,0.4497815370559692,5.300040926252093,1.0863876938819883,0.6099409759044647,0.6099409759044647,0.3211601078510284,0.3609760999679565,4.890875816345215,0.097415424447289,0.8,0.000343,136,0.0845401999977184,9.023006299990811,5.0,5.0,0.0963241826107412,True,136,shapley-20260606T025857Z-f285ea38,shapley,baseline,A,True,True,5.0,5.0
1.2239668369293213,0.7338463834353856,0.7953411255564008,0.4281339858259473,0.4590089235986982,5.0882390567234586,1.0781264305114746,0.6082386076450348,0.6082386374473572,0.3197659105062485,0.3605908900499344,4.878191709518433,0.0963241826107412,0.8,0.000343,137,0.0684938999984297,9.09150019998924,5.0,5.0,0.0951060997059255,True,137,shapley-20260606T025857Z-f285ea38,shapley,baseline,A,True,True,5.0,5.0
1.2200103316988264,0.7177654419626508,0.7818799870354789,0.4183213114738464,0.4544483380658285,5.28089039666312,1.0939704179763794,0.6082150936126709,0.6082150936126709,0.320386603474617,0.3597856014966964,5.107509613037109,0.0951060997059255,0.8,0.000343,138,0.0654085999995004,9.156908799988742,5.0,5.0,0.0961811958362966,True,138,shapley-20260606T025857Z-f285ea38,shapley,baseline,A,True,True,5.0,5.0
1.2226020097732544,0.7227030907358442,0.788298955985478,0.420447085584913,0.4598148507731301,5.197470460619245,1.07866108417511,0.6112028956413269,0.6112028658390045,0.3223294466733932,0.3610917627811432,4.860182523727417,0.0961811958362966,0.8,0.000343,139,0.0678585999994538,9.224767399988195,5.0,5.0,0.0947830210735708,True,139,shapley-20260606T025857Z-f285ea38,shapley,baseline,A,True,True,5.0,5.0
1.2090988840375627,0.7126115134784153,0.776627813066755,0.4145107397011348,0.4526463321277073,5.238146645682199,1.0966525077819824,0.6060848832130432,0.6060848832130432,0.3188488781452179,0.3590449839830398,5.175690650939941,0.0947830210735708,0.8,0.000343,140,0.0661674000002676,9.290934799988465,5.0,5.0,0.0965399275829702,True,140,shapley-20260606T025857Z-f285ea38,shapley,baseline,A,True,True,5.0,5.0
1.2235830511365615,0.7039429886000497,0.7682175465992519,0.4091939840997968,0.4487794297082083,5.382643904004778,1.089428961277008,0.6091291904449463,0.6091291904449463,0.3209587037563324,0.3602131009101867,4.9751410484313965,0.0965399275829702,0.8,0.0002400999999999,141,0.0662202000021352,9.357154999990598,5.0,5.0,0.0962913380672842,True,141,shapley-20260606T025857Z-f285ea38,shapley,baseline,A,True,True,5.0,5.0
1.2126978465488978,0.7199326242719378,0.781676879950932,0.4199239952223642,0.4521910846233368,5.1174407686506,1.0768916606903076,0.613109290599823,0.6131093204021454,0.3229787796735763,0.3626631498336792,4.816449165344238,0.0962913380672842,0.8,0.0002400999999999,142,0.0649774000012257,9.422132399991824,5.0,5.0,0.0944558297207265,True,142,shapley-20260606T025857Z-f285ea38,shapley,baseline,A,True,True,5.0,5.0
1.219863670212882,0.7312154344149998,0.7926377654075623,0.4254989411149706,0.4589235271726335,5.173298563276019,1.0877010822296145,0.6094639301300049,0.6094639301300049,0.3207838237285614,0.3608501255512237,5.063076972961426,0.0944558297207265,0.8,0.0002400999999999,143,0.0683306999999331,9.490463099991755,5.0,5.0,0.0950865994503408,True,143,shapley-20260606T025857Z-f285ea38,shapley,baseline,A,True,True,5.0,5.0
1.2177714960915702,0.7020456790924072,0.7664724162646702,0.4099428696291787,0.4456619024276733,5.42374849319458,1.098662257194519,0.6077788770198822,0.6077788770198822,0.3196516633033752,0.3601590245962143,5.162487506866455,0.0950865994503408,0.8,0.0002400999999999,144,0.071687200001179,9.562150299992936,5.0,5.0,0.0967114745190053,True,144,shapley-20260606T025857Z-f285ea38,shapley,baseline,A,True,True,5.0,5.0
1.222463505608695,0.7066917589732579,0.7718610167503357,0.4119419029780796,0.4498989028590066,5.333097730364118,1.0845571160316467,0.6068368256092072,0.6068368256092072,0.31917904317379,0.3595722019672394,4.939645051956177,0.0967114745190053,0.8,0.0002400999999999,145,0.0677701000022352,9.629920399995171,5.0,5.0,0.0961079250385671,True,145,shapley-20260606T025857Z-f285ea38,shapley,baseline,A,True,True,5.0,5.0
1.2173308985573903,0.7212539485522679,0.7835199151720319,0.4198354610374996,0.4546055580888475,5.161665167127337,1.087478518486023,0.606399655342102,0.606399655342102,0.3187182694673538,0.3596017360687256,5.005610704421997,0.0961079250385671,0.8,0.0001680699999999,146,0.0659960000011778,9.69591639999635,5.0,5.0,0.0961640320827871,True,146,shapley-20260606T025857Z-f285ea38,shapley,baseline,A,True,True,5.0,5.0
1.2047888040542605,0.6921757459640503,0.7545491882732936,0.404821651322501,0.4371593977723803,5.330610956464495,1.0925020575523376,0.6072941422462463,0.6072941422462463,0.319113090634346,0.3602263033390045,5.045627593994141,0.0961640320827871,0.8,0.0001680699999999,147,0.0633555999993404,9.75927199999569,5.0,5.0,0.0966203080227285,True,147,shapley-20260606T025857Z-f285ea38,shapley,baseline,A,True,True,5.0,5.0
1.2164156096322196,0.713383504322597,0.775195734841483,0.4164102673530578,0.4484818450042179,5.206277370452881,1.080950677394867,0.6046448349952698,0.6046448349952698,0.3178843259811401,0.3584506660699844,4.929665803909302,0.0966203080227285,0.8,0.0001680699999999,148,0.0630584999998973,9.822330499995587,5.0,5.0,0.0959169660618215,True,148,shapley-20260606T025857Z-f285ea38,shapley,baseline,A,True,True,5.0,5.0
1.2010606016431535,0.7048523000308445,0.7638892275946481,0.4130251663071768,0.4385800574507032,5.173311165400913,1.0809270143508911,0.6045380532741547,0.6045380234718323,0.3178045302629471,0.358416885137558,4.966681003570557,0.0959169660618215,0.8,0.0001680699999999,149,0.0671222999990277,9.889452799994617,5.0,5.0,0.0955837760975271,True,149,shapley-20260606T025857Z-f285ea38,shapley,baseline,A,True,True,5.0,5.0
1.2105066095079695,0.7102201325552804,0.7724522522517613,0.4130610057285854,0.449239045381546,5.234010423932757,1.087129771709442,0.6049351394176483,0.6049351394176483,0.3179999440908432,0.3586689978837967,5.0447328090667725,0.0955837760975271,0.8,0.0001680699999999,150,0.0668631000007735,9.956315899995388,5.0,5.0,0.0960311041881948,True,150,shapley-20260606T025857Z-f285ea38,shapley,baseline,A,True,True,5.0,5.0
1.2117447682789393,0.7022366097995213,0.7691010066441127,0.4098557957581111,0.4490565274442945,5.305657727377755,1.0904510617256165,0.6049148440361023,0.6049148142337799,0.3179158866405487,0.3587486445903778,5.0560302734375,0.0960311041881948,0.8,0.0001176489999999,151,0.067645099999936,10.023960999995325,5.0,5.0,0.0965914069225698,True,151,shapley-20260606T025857Z-f285ea38,shapley,baseline,A,True,True,5.0,5.0
1.215324146406991,0.7062556913920811,0.7727089609418597,0.4107399412563869,0.4524612469332559,5.27032858984811,1.087071180343628,0.6037053167819977,0.6037053167819977,0.3171943873167038,0.3581386655569076,5.00423264503479,0.0965914069225698,0.8,0.0001176489999999,152,0.0670618000003742,10.0910227999957,5.0,5.0,0.0966337333729177,True,152,shapley-20260606T025857Z-f285ea38,shapley,baseline,A,True,True,5.0,5.0
1.2201029232570104,0.7130296230316162,0.7781494685581752,0.415103120463235,0.4538079244749887,5.24737412588937,1.0870221257209778,0.6026653051376343,0.6026653051376343,0.3165442198514938,0.357651337981224,5.012295722961426,0.0966337333729177,0.8,0.0001176489999999,153,0.0698616000008769,10.160884399996576,5.0,5.0,0.096756690602532,True,153,shapley-20260606T025857Z-f285ea38,shapley,baseline,A,True,True,5.0,5.0
1.2094328233173914,0.6995069980621338,0.7622188755444118,0.4071412852832249,0.4438469878264836,5.270186560494559,1.0903406739234924,0.6017167568206787,0.6017167568206787,0.3158815503120422,0.3572939932346344,5.05002760887146,0.096756690602532,0.8,0.0001176489999999,154,0.0677163000000291,10.228600699996605,5.0,5.0,0.0972569666912466,True,154,shapley-20260606T025857Z-f285ea38,shapley,baseline,A,True,True,5.0,5.0
1.2072364602770125,0.6956888948168073,0.7592222435133797,0.406181378023965,0.4413010733468192,5.2597528866359164,1.085284411907196,0.6026991009712219,0.6026991009712219,0.3164570182561874,0.3578026294708252,4.961961269378662,0.0972569666912466,0.8,0.0001176489999999,155,0.0692104000008839,10.297811099997489,5.0,5.0,0.0968765793850332,True,155,shapley-20260606T025857Z-f285ea38,shapley,baseline,A,True,True,5.0,5.0
1.2169376271111625,0.7160427570343018,0.7794102856091091,0.4193566739559173,0.4500670092446463,5.17044346673148,1.0848065614700315,0.6031176745891571,0.6031176745891571,0.3168247789144516,0.357866108417511,4.97219181060791,0.0968765793850332,0.8,8.235429999999999e-05,156,0.0645210000002407,10.36233209999773,5.0,5.0,0.0965984974911123,True,156,shapley-20260606T025857Z-f285ea38,shapley,baseline,A,True,True,5.0,5.0
1.2131415435246058,0.7065323420933315,0.7704983523913792,0.4129277723176138,0.4469632250922067,5.244482925959995,1.0858939290046692,0.602693110704422,0.6026931703090668,0.3166968077421188,0.3574954271316528,5.002156734466553,0.0965984974911123,0.8,8.235429999999999e-05,157,0.0732377000022097,10.43556979999994,5.0,5.0,0.0966200648357778,True,157,shapley-20260606T025857Z-f285ea38,shapley,baseline,A,True,True,5.0,5.0
1.2007703951426916,0.6947455746786935,0.7601714900561741,0.4053958569254194,0.4434695201260702,5.237264156341553,1.0849595069885254,0.6024183332920074,0.6024183034896851,0.316632404923439,0.3572323769330978,4.994213104248047,0.0966200648357778,0.8,8.235429999999999e-05,158,0.0702625000012631,10.505832300001202,5.0,5.0,0.0965621958782583,True,158,shapley-20260606T025857Z-f285ea38,shapley,baseline,A,True,True,5.0,5.0
1.209353736468724,0.7054575085639954,0.7686504125595093,0.4113141979490007,0.4466702767780849,5.218358925410679,1.0816511511802671,0.6034540235996246,0.6034540235996246,0.3173113763332367,0.3576783090829849,4.952219009399414,0.0965621958782583,0.8,8.235429999999999e-05,159,0.0669111999995948,10.572743500000795,5.0,5.0,0.0960843859722524,True,159,shapley-20260606T025857Z-f285ea38,shapley,baseline,A,True,True,5.0,5.0
1.213099241256714,0.7128731267792838,0.7767372386796134,0.4144299966948373,0.4528840397085462,5.206112725394113,1.0862410068511963,0.6042340397834778,0.6042340397834778,0.3176538199186325,0.3582252711057663,5.016496419906616,0.0960843859722524,0.8,8.235429999999999e-05,160,0.0678112999994482,10.640554800000244,5.0,5.0,0.0962493501713186,True,160,shapley-20260606T025857Z-f285ea38,shapley,baseline,A,True,True,5.0,5.0
1.2070457594735282,0.700461574963161,0.7633385402815682,0.4081419493470873,0.4439957482474191,5.263247762407575,1.0864149928092957,0.6034214496612549,0.6034214198589325,0.3171982169151306,0.3577790111303329,5.018148422241211,0.0962493501713186,0.8,5.764800999999999e-05,161,0.0636575000025914,10.704212300002837,5.0,5.0,0.0964308343937307,True,161,shapley-20260606T025857Z-f285ea38,shapley,baseline,A,True,True,5.0,5.0
1.2077313661575315,0.7009342397962298,0.7658171738897052,0.4087294851030622,0.4463596216269901,5.255550520760672,1.0844953060150146,0.6029436588287354,0.6029436588287354,0.3169678449630737,0.3574697822332382,4.993751525878906,0.0964308343937307,0.8,5.764800999999999e-05,162,0.0699755999994522,10.774187900002287,5.0,5.0,0.0963683496525198,True,162,shapley-20260606T025857Z-f285ea38,shapley,baseline,A,True,True,5.0,5.0
1.1994299718311854,0.6987886343683515,0.7628446902547564,0.40922754577228,0.442021403993879,5.195080620901925,1.0771417021751404,0.6026616096496582,0.6026616096496582,0.3168540149927139,0.3572594672441482,4.923609018325806,0.0963683496525198,0.8,5.764800999999999e-05,163,0.068637000000308,10.842824900002595,5.0,5.0,0.0956044398357778,True,163,shapley-20260606T025857Z-f285ea38,shapley,baseline,A,True,True,5.0,5.0
1.2031519753592357,0.7106762187821525,0.7730264919144767,0.4154658615589142,0.4469507677214486,5.151180676051548,1.071539342403412,0.6024566292762756,0.6024565994739532,0.3167051076889038,0.3571893572807312,4.906495094299316,0.0956044398357778,0.8,5.764800999999999e-05,164,0.0635690000017348,10.906393900004332,5.0,5.0,0.094669390778771,True,164,shapley-20260606T025857Z-f285ea38,shapley,baseline,A,True,True,5.0,5.0
1.20428580897195,0.7129786440304348,0.7772828085081918,0.4146110458033425,0.4533396959304809,5.189714976719448,1.0758949518203735,0.6015099883079529,0.6015099585056305,0.315944105386734,0.3569572865962982,5.010964632034302,0.094669390778771,0.8,5.764800999999999e-05,165,0.0671110000002954,10.973504900004627,5.0,5.0,0.094779037099114,True,165,shapley-20260606T025857Z-f285ea38,shapley,baseline,A,True,True,5.0,5.0
1.2030247620173864,0.7027002743312291,0.7676096558570862,0.4086230993270874,0.448733172246388,5.2788518496922086,1.0830004811286926,0.6010809242725372,0.6010809540748596,0.3155925869941711,0.3568604439496994,5.084664344787598,0.094779037099114,0.8,4.035360699999999e-05,166,0.068430499999522,11.04193540000415,5.0,5.0,0.09562568054699,True,166,shapley-20260606T025857Z-f285ea38,shapley,baseline,A,True,True,5.0,5.0
1.2053944383348738,0.6938947439193726,0.7585648724011013,0.4046081049101693,0.442445946591241,5.348978383200509,1.0870028138160706,0.6009448170661926,0.6009448170661926,0.3155303597450256,0.3567680418491363,5.082923173904419,0.09562568054699,0.8,4.035360699999999e-05,167,0.0690012999984901,11.11093670000264,5.0,5.0,0.0964549122860342,True,167,shapley-20260606T025857Z-f285ea38,shapley,baseline,A,True,True,5.0,5.0
1.2145108495439805,0.6988266791616168,0.762477730001722,0.406796681029456,0.4446013058934893,5.346375737871442,1.0894559621810913,0.600392609834671,0.600392609834671,0.3152081072330475,0.3564806431531906,5.070383071899414,0.0964549122860342,0.8,4.035360699999999e-05,168,0.0664739000021654,11.177410600004803,5.0,5.0,0.0971587430050283,True,168,shapley-20260606T025857Z-f285ea38,shapley,baseline,A,True,True,5.0,5.0
1.2147787298474992,0.6992213555744716,0.7638051084109715,0.4081366317612784,0.4445855830396925,5.306340149470738,1.0918601751327517,0.6003845930099487,0.6003845930099487,0.3152163326740265,0.3564603179693222,5.058480501174927,0.0971587430050283,0.8,4.035360699999999e-05,169,0.066274799999519,11.243685400004324,5.0,5.0,0.0977435480167776,True,169,shapley-20260606T025857Z-f285ea38,shapley,baseline,A,True,True,5.0,5.0
1.210782766342163,0.6931785345077515,0.7550254719597953,0.4040512570313045,0.4387177739824567,5.29553358895438,1.0912451148033142,0.6011200249195099,0.6011200249195099,0.3157165795564651,0.3567543029785156,5.014398813247681,0.0977435480167776,0.8,4.035360699999999e-05,170,0.0664670000005571,11.31015240000488,5.0,5.0,0.0978875361492544,True,170,shapley-20260606T025857Z-f285ea38,shapley,baseline,A,True,True,6.0,6.0
1.2190778596060616,0.7045199275016785,0.7652540377208165,0.4095793025834219,0.444593391248158,5.2566237449646,1.08894544839859,0.6014118492603302,0.6014118790626526,0.3159879744052887,0.3567798584699631,4.98054838180542,0.0978875361492544,0.8,2.8247524899999997e-05,171,0.0665850000004866,11.376737400005368,5.0,5.0,0.0976930199673086,True,171,shapley-20260606T025857Z-f285ea38,shapley,baseline,A,True,True,6.0,6.0
1.2065695353916712,0.6968075292451041,0.7609446729932513,0.405362925359181,0.4444771707057953,5.217998095921108,1.0853501558303833,0.6018715500831604,0.6018715500831604,0.3163331896066665,0.3569229692220688,4.948957920074463,0.0976930199673086,0.8,2.8247524899999997e-05,172,0.0657678999996278,11.442505300004996,5.0,5.0,0.0971825991680532,True,172,shapley-20260606T025857Z-f285ea38,shapley,baseline,A,True,True,6.0,6.0
1.2139471769332886,0.7098024232046944,0.7705445374761309,0.4107088191168649,0.4497946373053959,5.1876027924673895,1.0814741849899292,0.6020269393920898,0.6020269393920898,0.3164501935243606,0.3569709211587906,4.9334681034088135,0.0971825991680532,0.8,2.8247524899999997e-05,173,0.0654570999977295,11.507962400002723,5.0,5.0,0.0965172802021413,True,173,shapley-20260606T025857Z-f285ea38,shapley,baseline,A,True,True,6.0,6.0
1.213810188429696,0.7117915494101388,0.7723289557865688,0.4135991590363638,0.4484122438090188,5.201334340231759,1.0797430872917175,0.6017788052558899,0.6017788052558899,0.316322386264801,0.3568205088376999,4.952111482620239,0.0965172802021413,0.8,2.8247524899999997e-05,174,0.0645054000015079,11.572467800004231,5.0,5.0,0.0960383950283437,True,174,shapley-20260606T025857Z-f285ea38,shapley,baseline,A,True,True,6.0,6.0
1.204641274043492,0.704340364251818,0.7654064553124564,0.4088610538414546,0.4456817209720611,5.2093843051365445,1.0785779356956482,0.6010967493057251,0.6010967493057251,0.3159025013446808,0.3564928025007248,4.971773624420166,0.0960383950283437,0.8,2.8247524899999997e-05,175,0.0661321999978099,11.638600000002045,5.0,5.0,0.0957561312725454,True,175,shapley-20260606T025857Z-f285ea38,shapley,baseline,A,True,True,6.0,6.0
1.2139901944569178,0.7134804725646973,0.7756935443196978,0.4123614302703312,0.4541651436260768,5.226921081542969,1.0784924030303955,0.600825309753418,0.6008253395557404,0.3157425075769424,0.3563535362482071,4.988370656967163,0.0957561312725454,0.8,1.9773267429999995e-05,176,0.0723644999998214,11.710964500001865,5.0,5.0,0.095639837842217,True,176,shapley-20260606T025857Z-f285ea38,shapley,baseline,A,True,True,6.0,6.0
1.2061546189444403,0.7032596043178013,0.761795563357217,0.4091065398284367,0.4408612719603947,5.25821658543178,1.0801758170127869,0.6006514430046082,0.6006514430046082,0.3156265318393707,0.3562811613082886,5.013855695724487,0.095639837842217,0.8,1.9773267429999995e-05,177,0.0662211000017123,11.777185600003577,5.0,5.0,0.0957783947994619,True,177,shapley-20260606T025857Z-f285ea38,shapley,baseline,A,True,True,6.0,6.0
1.2023199966975622,0.6992950098855155,0.7604685851505825,0.4081741656575884,0.4403680222375052,5.251966953277588,1.081289291381836,0.6005941927433014,0.6005941927433014,0.3155796676874161,0.3562681227922439,5.018825531005859,0.0957783947994619,0.8,1.9773267429999995e-05,178,0.0669906000002811,11.844176200003858,5.0,5.0,0.0959666501095205,True,178,shapley-20260606T025857Z-f285ea38,shapley,baseline,A,True,True,6.0,6.0
1.1999806676592146,0.6932905401502337,0.755740932055882,0.4025110517229353,0.4415373419012342,5.27985634122576,1.0819087028503418,0.6006872951984406,0.6006872951984406,0.3156086653470993,0.356348305940628,5.014465093612671,0.0959666501095205,0.8,1.9773267429999995e-05,179,0.0684971000009682,11.912673300004826,5.0,5.0,0.0961113010456472,True,179,shapley-20260606T025857Z-f285ea38,shapley,baseline,A,True,True,6.0,6.0
1.2037308386393957,0.6978241545813424,0.7579521792275565,0.4061218159539358,0.4397879413196018,5.263758795601981,1.0806256532669067,0.6007499098777771,0.6007499098777771,0.3156502246856689,0.3563746064901352,4.99291729927063,0.0961113010456472,0.8,1.9773267429999995e-05,180,0.0719473999997717,11.984620700004598,5.0,5.0,0.0960404740383535,True,180,shapley-20260606T025857Z-f285ea38,shapley,baseline,A,True,True,6.0,6.0
1.2157875640051703,0.711796760559082,0.773043019430978,0.413745254278183,0.4491221904754638,5.247691767556327,1.0801923274993896,0.6008372604846954,0.6008372604846954,0.3157141804695129,0.3564038425683975,4.991177797317505,0.0960404740383535,0.8,1.3841287200999995e-05,181,0.0639875999986543,12.048608300003252,5.0,5.0,0.0959522520115285,True,181,shapley-20260606T025857Z-f285ea38,shapley,baseline,A,True,True,6.0,6.0
1.2031940562384469,0.7001669406890869,0.7635057313101632,0.4062685072422027,0.4465465205056326,5.242473193577358,1.080742359161377,0.6008664071559906,0.6008664071559906,0.3157186359167099,0.3564346879720688,5.001195430755615,0.0959522520115285,0.8,1.3841287200999995e-05,182,0.0673124999993888,12.11592080000264,5.0,5.0,0.0959642063190847,True,182,shapley-20260606T025857Z-f285ea38,shapley,baseline,A,True,True,6.0,6.0
1.2073262248720442,0.7031558581760952,0.7649746281760079,0.4083445285047803,0.4457876213959285,5.25373329435076,1.0819314122200012,0.6007952690124512,0.6007952392101288,0.3156704604625702,0.3564059734344482,5.0137038230896,0.0959642063190847,0.8,1.3841287200999995e-05,183,0.0687952000007499,12.184716000003393,5.0,5.0,0.0961012445499807,True,183,shapley-20260606T025857Z-f285ea38,shapley,baseline,A,True,True,6.0,6.0
1.209129009928022,0.7031245657375881,0.7663457989692688,0.4085005223751068,0.4473065819059099,5.265326636178153,1.0826503038406372,0.6007772088050842,0.6007772088050842,0.3156614452600479,0.3563946634531021,5.014223337173462,0.0961012445499807,0.8,1.3841287200999995e-05,184,0.0687384000011661,12.253454400004555,5.0,5.0,0.0962434779217153,True,184,shapley-20260606T025857Z-f285ea38,shapley,baseline,A,True,True,6.0,6.0
1.206311924116952,0.6980976292065212,0.7608932086399623,0.4035499308790479,0.4466790727206639,5.280506134033203,1.0821999311447144,0.6009016931056976,0.6009016931056976,0.315751314163208,0.3564379662275314,5.000839948654175,0.0962434779217153,0.8,1.3841287200999995e-05,185,0.0688795999994908,12.322334000004048,5.0,5.0,0.0962518774082571,True,185,shapley-20260606T025857Z-f285ea38,shapley,baseline,A,True,True,6.0,6.0
1.1939708675657,0.6887540732111249,0.7489325148718697,0.4027217200824192,0.4327634871006012,5.248903342655727,1.0812604427337646,0.6009026765823364,0.6009026765823364,0.3157644867897033,0.3564227223396301,4.990632772445679,0.0962518774082571,0.8,9.688901040699997e-06,186,0.0688894000013533,12.3912234000054,5.0,5.0,0.0961582051327138,True,186,shapley-20260606T025857Z-f285ea38,shapley,baseline,A,True,True,6.0,6.0
1.2069758857999529,0.7026608075414386,0.7646256770406451,0.4089059701987675,0.444649623973029,5.244638987949917,1.0803247094154358,0.6008977591991425,0.6008977591991425,0.3157697170972824,0.3564100414514541,4.985814094543457,0.0961582051327138,0.8,9.688901040699997e-06,187,0.0693928000000596,12.46061620000546,5.0,5.0,0.0960163460781484,True,187,shapley-20260606T025857Z-f285ea38,shapley,baseline,A,True,True,6.0,6.0
1.212898918560573,0.7084779739379883,0.7686444691249302,0.4105155169963836,0.4476611741951534,5.253490107400077,1.080141007900238,0.6009250283241272,0.6009250283241272,0.3157704174518585,0.3564432710409164,4.990983009338379,0.0960163460781484,0.8,9.688901040699997e-06,188,0.0732466999979806,12.533862900003442,5.0,5.0,0.0959261761715322,True,188,shapley-20260606T025857Z-f285ea38,shapley,baseline,A,True,True,6.0,6.0
1.2157328469412667,0.713591456413269,0.7746543543679374,0.4145981626851218,0.4500702236379896,5.23466512135097,1.0807923674583435,0.6008768379688263,0.6008768379688263,0.3157122135162353,0.3564557433128357,5.002967834472656,0.0959261761715322,0.8,9.688901040699997e-06,189,0.0715058999994653,12.605368800002909,5.0,5.0,0.0959558545162587,True,189,shapley-20260606T025857Z-f285ea38,shapley,baseline,A,True,True,6.0,6.0
1.2110132489885603,0.7074502451079232,0.7694010990006583,0.4108717271259853,0.4481617084571293,5.247861112867083,1.082223355770111,0.6008082926273346,0.600808322429657,0.3156398385763168,0.3564605712890625,5.01704740524292,0.0959558545162587,0.8,9.688901040699997e-06,190,0.0668998000001011,12.672268600003008,5.0,5.0,0.096126328568688,True,190,shapley-20260606T025857Z-f285ea38,shapley,baseline,A,True,True,6.0,6.0
1.2103578192847115,0.704776006085532,0.7654398679733276,0.4108184107712337,0.4432767970221383,5.259556293487549,1.0837349891662598,0.600747287273407,0.600747287273407,0.3155905604362488,0.3564458936452865,5.024510145187378,0.096126328568688,0.8,6.782230728489997e-06,191,0.0641906000018934,12.736459200004902,5.0,5.0,0.0963714300205617,True,191,shapley-20260606T025857Z-f285ea38,shapley,baseline,A,True,True,6.0,6.0
1.2026336874280656,0.6951145955494472,0.7568434221403939,0.4061204620770046,0.4384036873068128,5.266281468527658,1.085046470165253,0.600710391998291,0.6007103621959686,0.3155627995729446,0.3564344495534897,5.025722503662109,0.0963714300205617,0.8,6.782230728489997e-06,192,0.0633412999995925,12.799800500004494,5.0,5.0,0.0966286550571828,True,192,shapley-20260606T025857Z-f285ea38,shapley,baseline,A,True,True,6.0,6.0
1.215599468776158,0.7024363619940621,0.7645673411233085,0.408232216324125,0.4454188942909241,5.310672010694232,1.0862079858779907,0.6007137596607208,0.6007137298583984,0.3155668079853058,0.3564336746931076,5.024330139160156,0.0966286550571828,0.8,6.782230728489997e-06,193,0.0650270000005548,12.864827500005047,5.0,5.0,0.0968719564487844,True,193,shapley-20260606T025857Z-f285ea38,shapley,baseline,A,True,True,6.0,6.0
1.2118810074669977,0.6985684888703483,0.7609000716890607,0.4057730649198804,0.4439087339809963,5.298876489911761,1.08711838722229,0.6007390022277832,0.6007390022277832,0.3155954778194427,0.3564293682575226,5.02084755897522,0.0968719564487844,0.8,6.782230728489997e-06,194,0.0703076999998302,12.93513520000488,5.0,5.0,0.0970804320385366,True,194,shapley-20260606T025857Z-f285ea38,shapley,baseline,A,True,True,6.0,6.0
1.2012905223029,0.6899264880589077,0.7516714589936393,0.4022915193012782,0.43672490971429,5.267426354544504,1.0874689817428589,0.6008391976356506,0.6008391976356506,0.3156823366880417,0.3564460724592209,5.012645244598389,0.0970804320385366,0.8,6.782230728489997e-06,195,0.0654246999984025,13.000559900003282,5.0,5.0,0.0972068844845205,True,195,shapley-20260606T025857Z-f285ea38,shapley,baseline,A,True,True,6.0,6.0
1.2156461306980677,0.7024969714028495,0.7640225035803658,0.4073752505438668,0.4458090535231999,5.278938838413784,1.0876041650772097,0.60086590051651,0.6008658707141876,0.3157119750976562,0.3564423471689224,5.0072410106658936,0.0972068844845205,0.8,4.747561509942998e-06,196,0.0683424999988346,13.068902400002116,5.0,5.0,0.0972792945911794,True,196,shapley-20260606T025857Z-f285ea38,shapley,baseline,A,True,True,6.0,6.0
1.2125438962663924,0.7008440749985831,0.7609904834202358,0.4068408054964883,0.4426870942115783,5.260110105787005,1.0876385569572449,0.6008848547935486,0.6008848547935486,0.3157318532466888,0.3564412742853164,5.003672122955322,0.0972792945911794,0.8,4.747561509942998e-06,197,0.0640444999989995,13.132946900001116,5.0,5.0,0.0973160158207326,True,197,shapley-20260606T025857Z-f285ea38,shapley,baseline,A,True,True,6.0,6.0
1.2137542111533028,0.7018363305500576,0.7616962279592242,0.4074206352233886,0.4428444930485317,5.26036616734096,1.0874062180519104,0.6008787751197815,0.6008787751197815,0.3157397806644439,0.3564237058162689,4.99945878982544,0.0973160158207326,0.8,4.747561509942998e-06,198,0.0659801000001607,13.198927000001277,5.0,5.0,0.097310603718987,True,198,shapley-20260606T025857Z-f285ea38,shapley,baseline,A,True,True,6.0,6.0
1.2233900002070837,0.7111262934548515,0.7728367873600551,0.4127344276223864,0.4501279209341322,5.2642123358590265,1.0874177813529968,0.6008828282356262,0.6008828282356262,0.3157432377338409,0.3564244657754898,4.999814510345459,0.097310603718987,0.8,4.747561509942998e-06,199,0.0668720000030589,13.265799000004336,5.0,5.0,0.0973087488224416,True,199,shapley-20260606T025857Z-f285ea38,shapley,baseline,A,True,True,6.0,6.0
1.7344144242150443,1.7344144242150443,1.7344144071851455,0.9721119659287588,0.9528780664716447,4.614884906049285,1.534518837928772,1.534518837928772,1.534518837928772,0.8588495552539825,0.8445865213871002,21.07937717437744,0.0,0.8,0.001,0,0.2756178000017826,0.2756178000017826,50.0,5.0,0.0,True,0,shapley-20260606T025932Z-da342579,shapley,conditional,A,True,False,0.0,0.0
1.3965963976723808,1.3965963976723808,1.3965963636125838,0.786214462348393,0.7629773701940264,29.540522166660853,1.2487215399742126,1.2487215399742126,1.248721480369568,0.6998802721500397,0.6860515475273132,37.60129737854004,0.0,0.8,0.001,1,0.0654195999995863,0.3410374000013689,50.0,5.0,0.0,True,1,shapley-20260606T025932Z-da342579,shapley,conditional,A,True,False,0.0,0.0
1.1697133949824745,1.1697133949824745,1.1697133949824745,0.6500067710876465,0.6496332543236869,43.19212123325893,1.08420330286026,1.08420330286026,1.08420330286026,0.5979771018028259,0.6077827513217926,49.21301460266113,0.0,0.8,0.001,2,0.0662902999974903,0.4073276999988593,50.0,5.0,0.0,True,2,shapley-20260606T025932Z-da342579,shapley,conditional,A,True,False,0.0,0.0
1.0295035243034365,1.0295035243034365,1.029503515788487,0.5647339906011309,0.5809619171278817,52.00397327968052,0.9669439792633056,0.9669439792633056,0.9669439792633056,0.5315834283828735,0.5442007184028625,55.41834831237793,0.0,0.8,0.001,3,0.0668012999994971,0.4741289999983564,50.0,5.0,0.0,True,3,shapley-20260606T025932Z-da342579,shapley,conditional,A,True,False,0.0,0.0
0.922456179346357,0.922456179346357,0.9224561878613065,0.5054927127701896,0.5212043310914721,58.04428318568638,0.8911436498165131,0.8911436498165131,0.8911436498165131,0.4867681562900543,0.505469337105751,60.50079536437988,0.0,0.8,0.001,4,0.0631021000008331,0.5372310999991896,50.0,5.0,0.0,True,4,shapley-20260606T025932Z-da342579,shapley,conditional,A,True,False,0.0,0.0
0.8474907193865094,0.8474907193865094,0.8474907279014587,0.4595817370074136,0.4848862375531877,62.2660173688616,0.8271336555480957,0.8271336555480957,0.8271336555480957,0.4502094835042953,0.4711552411317825,63.32344436645508,0.0,0.8,0.001,5,0.0606843999994453,0.5979154999986349,50.0,5.0,0.0,True,5,shapley-20260606T025932Z-da342579,shapley,conditional,A,True,False,0.0,0.0
0.7839462161064148,0.7839462161064148,0.7839462161064148,0.422383040189743,0.4519539858613695,65.987795148577,0.7717809975147247,0.7717809975147247,0.7717809975147247,0.4157004207372665,0.4451006948947906,65.75505447387695,0.0,0.8,0.001,6,0.0611577999989094,0.6590732999975444,50.0,5.0,0.0,True,6,shapley-20260606T025932Z-da342579,shapley,conditional,A,True,False,0.0,0.0
0.7376838071005685,0.7376838071005685,0.7376837815557208,0.3953503923756735,0.4279167396681649,68.0585468837193,0.7334550023078918,0.7334550023078918,0.7334550023078918,0.3939689248800277,0.424357607960701,68.13101577758789,0.0,0.8,0.001,7,0.0616467999971064,0.7207200999946508,50.0,5.0,0.0,True,7,shapley-20260606T025932Z-da342579,shapley,conditional,A,True,False,0.0,0.0
0.6946071897234235,0.6946071897234235,0.6946071897234235,0.3690834641456604,0.4069046420710427,70.57115064348493,0.7055561244487762,0.7055561244487762,0.7055561542510986,0.3755737096071243,0.4124780297279358,70.3580207824707,0.0,0.8,0.001,8,0.0622421000007307,0.7829621999953815,50.0,5.0,0.0,True,8,shapley-20260606T025932Z-da342579,shapley,conditional,A,True,False,0.0,0.0
0.6765077454703194,0.6765077454703194,0.6765077454703194,0.3563212837491716,0.4002330473491123,72.26895468575614,0.6820376515388489,0.6820376515388489,0.6820376515388489,0.3624163866043091,0.3995265811681747,71.77159881591797,0.0,0.8,0.001,9,0.0598260999977355,0.8427882999931171,50.0,5.0,0.0,True,9,shapley-20260606T025932Z-da342579,shapley,conditional,A,True,False,0.0,0.0
0.6489209021840777,0.6489209021840777,0.6489209021840777,0.3413237120423998,0.3844964887414659,74.16727665492466,0.6625087559223175,0.6625087559223175,0.6625087559223175,0.3504978865385055,0.3900135904550552,74.00956726074219,0.0,0.8,0.001,10,0.0604796999978134,0.9032679999909304,50.0,5.0,0.001,True,10,shapley-20260606T025932Z-da342579,shapley,conditional,A,True,False,0.0,0.0
0.6937861612864903,0.627825243132455,0.627825243132455,0.329313474042075,0.3731397092342376,65.96092496599469,0.6992188096046448,0.6504385471343994,0.6504385471343994,0.3437957465648651,0.3833035081624985,48.78025817871094,0.001,0.8,0.001,11,0.059158899999602,0.9624268999905324,46.1864406779661,5.0,0.002,True,11,shapley-20260606T025932Z-da342579,shapley,conditional,A,True,False,0.0,0.0
0.6945833819253104,0.622853262083871,0.6228532450539725,0.3271501404898507,0.3696288764476776,35.865059171404155,0.6915635168552399,0.6417566537857056,0.6417566537857056,0.3389291763305664,0.3785343021154403,24.90342426300049,0.002,0.8,0.001,12,0.0609516000004077,1.0233784999909403,42.91338582677166,5.0,0.001,True,12,shapley-20260606T025932Z-da342579,shapley,conditional,A,True,False,0.0,0.0
0.6438371198517936,0.6143169573375157,0.614316965852465,0.3223132193088531,0.3650046757289341,29.520149775913783,0.6648016571998596,0.6299874186515808,0.6299874186515808,0.3316393196582794,0.3729351162910461,34.81423568725586,0.001,0.8,0.001,13,0.0665497000009054,1.0899281999918458,40.0735294117647,5.0,0.0,True,13,shapley-20260606T025932Z-da342579,shapley,conditional,A,True,False,0.0,0.0
0.5886668562889099,0.5886668562889099,0.5886668562889099,0.3070933861391885,0.351966849395207,41.8129757472447,0.6197767853736877,0.6197767853736877,0.6197767853736877,0.3251500725746155,0.3682833760976791,46.675642013549805,0.0,0.8,0.001,14,0.0594110999991244,1.1493392999909702,37.58620689655172,5.0,0.001,True,14,shapley-20260606T025932Z-da342579,shapley,conditional,A,True,False,0.0,0.0
0.6210380622318813,0.5730424523353577,0.5730424523353577,0.2969828758920942,0.3450744322368076,47.99560328892299,0.65237757563591,0.6091408133506775,0.6091408133506775,0.318922221660614,0.3627732545137405,43.23678398132324,0.001,0.8,0.001,15,0.0693718000002263,1.2187110999911963,35.3896103896104,5.0,0.002,True,15,shapley-20260606T025932Z-da342579,shapley,conditional,A,True,False,0.0,0.0
0.6397105370249067,0.5646920800209045,0.5646920544760567,0.2930265324456351,0.3395818897656032,37.50923047746931,0.6589687466621399,0.6045100390911102,0.6045100390911102,0.3162034898996353,0.3603831976652145,27.22936534881592,0.002,0.8,0.001,16,0.0615933999979461,1.2803044999891426,33.435582822085884,5.0,0.001,True,16,shapley-20260606T025932Z-da342579,shapley,conditional,A,True,False,0.0,0.0
0.5976275716509137,0.5707367658615112,0.5707367573465619,0.2954494527408055,0.3441091307571956,26.890808377947128,0.6230046451091766,0.5966978073120117,0.5966978371143341,0.3112105578184128,0.3568590730428695,26.306818962097168,0.001,0.8,0.001,17,0.0596711000034702,1.3399755999926128,31.68604651162791,5.0,0.0,True,17,shapley-20260606T025932Z-da342579,shapley,conditional,A,True,False,0.0,0.0
0.5551894903182983,0.5551894903182983,0.5551895073481968,0.2854137463229043,0.3372196810586111,32.39967237200056,0.590447872877121,0.590447872877121,0.590447872877121,0.3070771843194961,0.3542133718729019,38.50521278381348,0.0,0.8,0.001,18,0.0622292999978526,1.4022048999904655,30.11049723756906,5.0,0.001,True,18,shapley-20260606T025932Z-da342579,shapley,conditional,A,True,False,0.0,0.0
0.5788171887397766,0.5381809643336705,0.5381809558187213,0.2775718016283853,0.3257614374160766,40.63623319353376,0.6242564022541046,0.5845823287963867,0.5845823287963867,0.3038422763347626,0.3509250730276108,39.67407417297363,0.001,0.8,0.001,19,0.0594057999987853,1.4616106999892509,28.684210526315788,5.0,0.002,True,19,shapley-20260606T025932Z-da342579,shapley,conditional,A,True,False,0.0,0.0
0.6053525464875358,0.5346330404281616,0.5346330489431109,0.2749159208365849,0.3246463962963649,35.35975428989956,0.6358450353145599,0.5807186961174011,0.5807186961174011,0.3023570477962494,0.3479520827531814,27.56317138671875,0.002,0.8,0.001,20,0.0585693000030005,1.5201799999922514,27.38693467336684,5.0,0.003,True,20,shapley-20260606T025932Z-da342579,shapley,conditional,A,True,False,0.0,0.0
0.6132215431758335,0.5387872287205288,0.538787237235478,0.2776142869676862,0.3264661857060024,24.811438151768275,0.6435944437980652,0.5807706117630005,0.5807706117630005,0.3021837472915649,0.3482335805892944,20.94127368927002,0.003,0.8,0.001,21,0.0588019999995594,1.5789819999918109,26.20192307692308,5.0,0.002,True,21,shapley-20260606T025932Z-da342579,shapley,conditional,A,True,False,0.0,0.0
0.5880608473505292,0.5396563495908465,0.5396563581057957,0.2788141752992357,0.3260527125426701,24.202251979282924,0.6334373950958252,0.5804693400859833,0.5804693102836609,0.3011093586683273,0.3491999804973602,26.48402690887451,0.002,0.8,0.001,22,0.0611672999984875,1.6401492999902985,25.11520737327189,5.0,0.003,True,22,shapley-20260606T025932Z-da342579,shapley,conditional,A,True,False,0.0,0.0
0.6069699355534145,0.5266867194856916,0.5266867109707424,0.270370317356927,0.3203954909529005,26.76106970650809,0.645536333322525,0.5743162333965302,0.5743162631988525,0.2982533425092697,0.3450786173343658,23.740031242370605,0.003,0.8,0.001,23,0.0693185000018274,1.709467799992126,24.11504424778761,5.0,0.002,True,23,shapley-20260606T025932Z-da342579,shapley,conditional,A,True,False,0.0,0.0
0.5727658952985492,0.5241093550409589,0.5241093465260097,0.2687448901789529,0.3192055608545031,24.32826587132045,0.6181771457195282,0.5701023042201996,0.5701023042201996,0.2950313091278076,0.3438387662172317,24.037413597106934,0.002,0.8,0.001,24,0.0657800000008137,1.7752477999929397,23.191489361702125,5.0,0.003,True,24,shapley-20260606T025932Z-da342579,shapley,conditional,A,True,False,0.0,0.0
0.5927190184593201,0.5199587259973798,0.5199587430272784,0.266628154686519,0.3166632226535252,24.253426688058035,0.6372928023338318,0.5674718022346497,0.5674718022346497,0.2933050692081451,0.34270840883255,23.27367115020752,0.003,0.8,0.001,25,0.0612455000009504,1.83649329999389,22.33606557377049,5.0,0.004,True,25,shapley-20260606T025932Z-da342579,shapley,conditional,A,True,False,0.0,0.0
0.6097620129585266,0.5211641277585711,0.5211641277585711,0.2670189312526158,0.317681474345071,22.14947046552385,0.6429074704647064,0.5627152919769287,0.5627152919769287,0.2910882830619812,0.3395337909460068,20.0480432510376,0.004,0.8,0.001,26,0.0596516000005067,1.8961448999943968,21.541501976284582,5.0,0.003,True,26,shapley-20260606T025932Z-da342579,shapley,conditional,A,True,False,0.0,0.0
0.5804082240377154,0.5161253469330924,0.5161253384181431,0.2647641258580344,0.3142015210219792,21.427626746041437,0.6286970973014832,0.5627684891223907,0.5627684593200684,0.2912458032369613,0.3394033312797546,21.976205825805664,0.003,0.8,0.001,27,0.0619557999998505,1.9581006999942476,20.80152671755725,5.0,0.004,True,27,shapley-20260606T025932Z-da342579,shapley,conditional,A,True,False,0.0,0.0
0.597659340926579,0.5086983272007534,0.5086983272007534,0.2602621487208775,0.3105452060699463,22.24025453839983,0.6455795764923096,0.5612581670284271,0.5612581968307495,0.2893863320350647,0.3398397862911224,21.08035087585449,0.004,0.8,0.001,28,0.0605820999990101,2.018682799993257,20.11070110701107,5.0,0.005,True,28,shapley-20260606T025932Z-da342579,shapley,conditional,A,True,False,0.0,0.0
0.6196155037198748,0.5197671396391732,0.5197671481541225,0.2675569994109018,0.3152626667703901,19.969673701695037,0.6548939347267151,0.5632620453834534,0.5632620453834534,0.2909323424100876,0.3404121547937393,18.326377868652344,0.005,0.8,0.001,29,0.0624650000027031,2.0811477999959607,19.46428571428571,5.0,0.004,True,29,shapley-20260606T025932Z-da342579,shapley,conditional,A,True,False,0.0,0.0
0.5927400503839765,0.5141658186912537,0.5141658186912537,0.2634088397026062,0.3134462024484362,19.64355550493513,0.6404406428337097,0.5589538216590881,0.5589538216590881,0.2882314473390579,0.3384029567241668,20.371705055236816,0.004,0.8,0.001,30,0.0588085999988834,2.139956399994844,18.858131487889278,5.0,0.005,True,30,shapley-20260606T025932Z-da342579,shapley,conditional,A,True,False,0.0,0.0
0.6051631229264396,0.504378182547433,0.504378182547433,0.2583127575261252,0.3075817695685795,20.15698950631278,0.6551787257194519,0.5589919090270996,0.5589919090270996,0.2886130064725876,0.3379736095666885,19.2373685836792,0.005,0.8,0.001,31,0.0609771999988879,2.200933599993732,18.288590604026847,5.0,0.006,True,31,shapley-20260606T025932Z-da342579,shapley,conditional,A,True,False,0.0,0.0
0.6214232444763184,0.5134394254003253,0.513439416885376,0.2643256315163204,0.311392217874527,17.99730055672782,0.662373274564743,0.5557061433792114,0.5557061433792114,0.2871297150850296,0.3357205390930176,17.777856826782227,0.006,0.8,0.001,32,0.0607955999985279,2.26172919999226,17.752442996742666,5.0,0.0062541383003956,True,32,shapley-20260606T025932Z-da342579,shapley,conditional,A,True,False,0.0,0.0
0.625238333429609,0.5131114040102277,0.5131114210401263,0.2625248219285692,0.3132332350526537,17.928437641688756,0.6663387417793274,0.5572144389152527,0.5572144389152527,0.287824735045433,0.336737111210823,17.448339462280273,0.0062541383003956,0.8,0.001,33,0.0603394999998272,2.322068699992087,17.246835443037973,5.0,0.0072541383003956,True,33,shapley-20260606T025932Z-da342579,shapley,conditional,A,True,False,0.0,0.0
0.6425241657665798,0.5173446621213641,0.5173446621213641,0.2653153112956455,0.3150366885321481,17.256289345877512,0.673025369644165,0.5564166903495789,0.5564166903495789,0.2871258109807968,0.3366135954856872,16.074782371520996,0.0072541383003956,0.8,0.001,34,0.0589734999994107,2.381042199991498,16.769230769230766,5.0,0.0062541383003956,True,34,shapley-20260606T025932Z-da342579,shapley,conditional,A,True,False,0.0,0.0
0.6244299582072667,0.5158512805189405,0.5158512805189405,0.2646430943693433,0.3140102199145725,17.36109243120466,0.6608531773090363,0.5523932874202728,0.5523932874202728,0.2852932810783386,0.3338750302791595,17.3420991897583,0.0062541383003956,0.8,0.001,35,0.0600185000002966,2.4410606999917945,16.317365269461078,5.0,0.0072541383003956,True,35,shapley-20260606T025932Z-da342579,shapley,conditional,A,True,False,0.0,0.0
0.6372728092329842,0.5110404235976083,0.5110404235976083,0.2625654808112553,0.3105936689036233,17.401432854788645,0.6680422127246857,0.5505789518356323,0.5505789518356323,0.284013032913208,0.3332073986530304,16.19258403778076,0.0072541383003956,0.8,0.001,36,0.0585508000003756,2.49961149999217,15.889212827988338,5.0,0.0082541383003956,True,36,shapley-20260606T025932Z-da342579,shapley,conditional,A,True,False,0.0,0.0
0.6477981294904437,0.5150170411382403,0.5150170411382403,0.2648171782493591,0.3127498286111014,16.086606570652553,0.6884363293647766,0.5578757524490356,0.5578757524490356,0.2890346050262451,0.3360514342784881,15.817585945129396,0.0082541383003956,0.8,0.001,37,0.0607363000017358,2.560347799993906,15.482954545454549,5.0,0.0092541383003956,True,37,shapley-20260606T025932Z-da342579,shapley,conditional,A,True,False,0.0,0.0
0.6650168469973973,0.5213845797947475,0.521384596824646,0.2691990009375981,0.3152319831507547,15.520868982587542,0.6931315362453461,0.5547002851963043,0.5547002851963043,0.286504402756691,0.3352448344230652,14.95885133743286,0.0092541383003956,0.8,0.001,38,0.0586195000032603,2.6189672999971663,15.096952908587255,5.0,0.0082541383003956,True,38,shapley-20260606T025932Z-da342579,shapley,conditional,A,True,False,0.0,0.0
0.6392559153693063,0.5084275007247925,0.508427517754691,0.2617355755397251,0.308364919253758,15.850038119724818,0.6829835176467896,0.5529430210590363,0.5529430508613586,0.2849671989679336,0.3349698036909103,15.754582405090332,0.0082541383003956,0.8,0.001,39,0.0586336000014853,2.677600899998652,14.729729729729732,5.0,0.0092541383003956,True,39,shapley-20260606T025932Z-da342579,shapley,conditional,A,True,False,0.0,0.0
0.6589349508285522,0.5143849764551435,0.5143849849700928,0.2646076083183288,0.3122217186859676,15.62003789629255,0.6946888267993927,0.5587974786758423,0.5587974786758423,0.2889050394296646,0.3373655080795288,14.684385299682615,0.0092541383003956,0.8,0.001,40,0.0616482000004907,2.7392490999991423,14.379947229551448,5.0,0.0102541383003956,True,40,shapley-20260606T025932Z-da342579,shapley,conditional,A,True,False,0.0,0.0
0.6753395540373666,0.5236869880131313,0.5236869965280805,0.270534268447331,0.3164408930710384,14.789401599339076,0.6967490017414093,0.5498513281345367,0.5498513281345367,0.2836161255836487,0.3327939659357071,14.32569694519043,0.0102541383003956,0.8,0.001,41,0.0630799999998998,2.8023290999990422,14.046391752577314,5.0,0.0112541383003956,True,41,shapley-20260606T025932Z-da342579,shapley,conditional,A,True,False,0.0,0.0
0.6791780165263585,0.5126727904592242,0.5126727947166988,0.2645634285041264,0.3101367013795035,14.795021193368097,0.7041171491146088,0.5502047538757324,0.5502047538757324,0.2836404889822006,0.3332053124904632,13.67607069015503,0.0112541383003956,0.8,0.001,42,0.0628357000023243,2.8651648000013665,13.727959697733,5.0,0.0107352482246159,True,42,shapley-20260606T025932Z-da342579,shapley,conditional,A,True,False,0.0,0.0
0.675738411290305,0.5222087843077523,0.5222087928227016,0.2700740482125963,0.3151684190545763,14.301450865609306,0.7079720795154572,0.5521494150161743,0.5521493852138519,0.2845885306596756,0.3344510793685913,14.515049457550049,0.0107352482246159,0.8,0.001,43,0.0611655000029713,2.926330300004338,13.423645320197046,5.0,0.0117352482246159,True,43,shapley-20260606T025932Z-da342579,shapley,conditional,A,True,False,0.0,0.0
0.6885843106678554,0.5190795489719936,0.5190795489719936,0.2672756952898843,0.3147548224244799,14.444071769714355,0.7080309689044952,0.5478178858757019,0.5478178858757019,0.2828716933727264,0.3311827629804611,13.652294158935549,0.0117352482246159,0.8,0.001,44,0.0585308000008808,2.9848611000052188,13.132530120481931,5.0,0.0127352482246159,True,44,shapley-20260606T025932Z-da342579,shapley,conditional,A,True,False,0.0,0.0
0.6972816331045968,0.521643945149013,0.5216439536639622,0.2697344507489885,0.3148868637425558,13.791460854666571,0.7175650298595428,0.5512731075286865,0.5512731075286865,0.2848977744579315,0.3329691588878631,13.057611465454102,0.0127352482246159,0.8,0.001,45,0.0609727999981259,3.0458339000033448,12.85377358490566,5.0,0.0137352482246159,True,45,shapley-20260606T025932Z-da342579,shapley,conditional,A,True,False,0.0,0.0
0.7100410120827811,0.5248811415263585,0.5248811500413078,0.2709679135254451,0.3173915403229849,13.480635643005373,0.7264655530452728,0.5484854578971863,0.5484854578971863,0.2836833000183105,0.3310026824474334,12.957908153533936,0.0137352482246159,0.8,0.001,46,0.0649272999980894,3.110761200001434,12.586605080831404,5.0,0.0147352482246159,True,46,shapley-20260606T025932Z-da342579,shapley,conditional,A,True,False,0.0,0.0
0.7184867347989764,0.5260387744222369,0.5260387744222369,0.2718942378248487,0.3176806654248919,13.060380935668944,0.731639176607132,0.5488159358501434,0.548815906047821,0.2832848876714706,0.3319137841463089,12.407204151153564,0.0147352482246159,0.8,0.001,47,0.0605522000005294,3.171313400001964,12.33031674208145,5.0,0.015504122315337,True,47,shapley-20260606T025932Z-da342579,shapley,conditional,A,True,False,0.0,0.0
0.7308400188173566,0.5314743007932391,0.5314742922782898,0.2755205035209656,0.3199422359466553,12.858883585248677,0.7435398697853088,0.5498892664909363,0.5498892366886139,0.2841412127017975,0.3321850150823593,12.4902663230896,0.015504122315337,0.8,0.001,48,0.0587622000020928,3.2300756000040565,12.084257206208427,5.0,0.016504122315337,True,48,shapley-20260606T025932Z-da342579,shapley,conditional,A,True,False,0.0,0.0
0.739856447492327,0.5288152779851641,0.5288152779851641,0.2740636595657894,0.3184395219598497,12.78717953818185,0.7493131756782532,0.5490759015083313,0.5490759015083313,0.2830300629138946,0.3325572609901428,12.132561206817629,0.016504122315337,0.8,0.001,49,0.0604093000001739,3.2904849000042304,11.847826086956523,5.0,0.017504122315337,True,49,shapley-20260606T025932Z-da342579,shapley,conditional,A,True,False,0.0,0.0
0.7516011084829058,0.5355322275842939,0.5355322275842939,0.2773898839950561,0.3226779188428606,12.34388596670968,0.7545509934425354,0.5511963069438934,0.5511963069438934,0.285562589764595,0.3320421427488327,11.617531776428224,0.017504122315337,0.8,0.001,50,0.0619484000017109,3.3524333000059414,11.620469083155657,5.0,0.0174747492480627,True,50,shapley-20260606T025932Z-da342579,shapley,conditional,A,True,False,1.0,1.0
0.74912942307336,0.5334032348224095,0.533403217792511,0.2768771307809012,0.3206576066357748,12.34502261025565,0.751876950263977,0.5491645634174347,0.5491645634174347,0.2827895879745483,0.3329686969518661,11.600301742553713,0.0174747492480627,0.8,0.001,51,0.0606422999990172,3.4130756000049587,11.40167364016736,5.0,0.0184747492480627,True,51,shapley-20260606T025932Z-da342579,shapley,conditional,A,True,False,1.0,1.0
0.7578412209238324,0.5372482538223267,0.5372482538223267,0.2789552467209952,0.3228662524904523,11.940242222377233,0.765038013458252,0.5580583214759827,0.5580583214759827,0.2882342785596847,0.3372800797224045,11.203383445739746,0.0184747492480627,0.8,0.001,52,0.060041499997169,3.473117100002128,11.190965092402465,5.0,0.0185989327814355,True,52,shapley-20260606T025932Z-da342579,shapley,conditional,A,True,False,1.0,1.0
0.7693251882280622,0.5427365388189044,0.5427365303039551,0.2813983644757952,0.326672694512776,12.18288448878697,0.769107311964035,0.5522544384002686,0.5522544384002686,0.2850328534841537,0.334026962518692,11.659424781799316,0.0185989327814355,0.8,0.001,53,0.0664355999979307,3.5395527000000584,10.987903225806448,5.0,0.0195989327814355,True,53,shapley-20260606T025932Z-da342579,shapley,conditional,A,True,False,1.0,1.0
0.7765644362994603,0.5449465087481907,0.5449464917182922,0.2828929509435381,0.3275669259684426,11.817884853907994,0.7761547565460205,0.5523679852485657,0.5523679852485657,0.2859401106834411,0.333034798502922,11.418314456939695,0.0195989327814355,0.8,0.001,54,0.0612526000004436,3.600805300000502,10.792079207920786,5.0,0.0205989327814355,True,54,shapley-20260606T025932Z-da342579,shapley,conditional,A,True,False,1.0,1.0
0.7872705033847264,0.5478784441947937,0.547878452709743,0.286215888602393,0.3270782019410814,11.621575900486537,0.7840612232685089,0.554318755865097,0.554318755865097,0.2867794334888458,0.3344241678714752,11.153124809265137,0.0205989327814355,0.8,0.001,55,0.0603684000016073,3.661173700002109,10.603112840466927,5.0,0.0215989327814355,True,55,shapley-20260606T025932Z-da342579,shapley,conditional,A,True,False,1.0,1.0
0.7981526170458112,0.5499162163053241,0.5499162248202732,0.2874104082584381,0.3281322632517133,11.492993899754117,0.7842573523521423,0.5479042530059814,0.5479042530059814,0.283047690987587,0.3310707062482834,10.942814350128174,0.0215989327814355,0.8,0.001,56,0.0596259000012651,3.7207996000033754,10.42065009560229,5.0,0.0225989327814355,True,56,shapley-20260606T025932Z-da342579,shapley,conditional,A,True,False,1.0,1.0
0.8035750133650643,0.5454975962638855,0.5454975962638855,0.2842903009482792,0.3265091265950884,11.419892992292132,0.794539749622345,0.5489627122879028,0.5489627420902252,0.2828309237957001,0.332664743065834,10.866753101348875,0.0225989327814355,0.8,0.001,57,0.0681383999981335,3.788938000001508,10.244360902255636,5.0,0.0235989327814355,True,57,shapley-20260606T025932Z-da342579,shapley,conditional,A,True,False,1.0,1.0
0.8086048279489789,0.5507965428488595,0.5507965343339103,0.2873827431883131,0.3292672591550009,10.924573489597863,0.8000822365283966,0.5480649471282959,0.5480649471282959,0.2825562953948974,0.3318858295679092,10.679180145263672,0.0235989327814355,0.8,0.001,58,0.0640635000017937,3.8530015000033018,10.073937153419593,5.0,0.0245989327814355,True,58,shapley-20260606T025932Z-da342579,shapley,conditional,A,True,False,1.0,1.0
0.8171209267207554,0.5546926174845014,0.5546926174845014,0.2912678803716387,0.3292809128761291,10.668280056544711,0.8122626543045044,0.5440330803394318,0.5440330803394318,0.2814902514219284,0.3281785398721695,10.90411376953125,0.0245989327814355,0.8,0.001,59,0.0611833000002661,3.914184800003568,9.909090909090908,5.0,0.0255989327814355,True,59,shapley-20260606T025932Z-da342579,shapley,conditional,A,True,False,1.0,1.0
0.8357488087245396,0.5604257583618164,0.5604257413319179,0.2924022504261562,0.3350293593747275,10.755255562918526,0.8256725668907166,0.5507875084877014,0.5507875382900238,0.2845833748579025,0.3327551782131195,10.738145351409912,0.0255989327814355,0.8,0.001,60,0.0635218000024906,3.9777066000060586,9.749552772808585,5.0,0.0265989327814355,True,60,shapley-20260606T025932Z-da342579,shapley,conditional,A,True,False,1.0,1.0
0.8433243376868111,0.5582066178321838,0.5582066263471331,0.2923552436488015,0.3323142187935965,10.719141551426478,0.8075487315654755,0.5482646822929382,0.5482646822929382,0.2850365042686462,0.3290351927280426,9.747911930084229,0.0265989327814355,0.8,0.001,61,0.0598236000005272,4.037530200006586,9.595070422535208,5.0,0.0275989327814355,True,61,shapley-20260606T025932Z-da342579,shapley,conditional,A,True,False,1.0,1.0
0.854304449898856,0.5700158561979022,0.5700158647128514,0.3001397890704019,0.337345084973744,10.300710133143834,0.8329468965530396,0.5443091988563538,0.5443091988563538,0.281566634774208,0.32842817902565,10.458292007446287,0.0275989327814355,0.8,0.001,62,0.0599914000013086,4.0975216000078944,9.44540727902946,5.0,0.0285989327814355,True,62,shapley-20260606T025932Z-da342579,shapley,conditional,A,True,False,1.0,1.0
0.8620929036821637,0.5675140363829476,0.5675140023231506,0.2978957636015756,0.3370228111743927,10.300344467163086,0.819985032081604,0.5513377487659454,0.5513377487659454,0.285400703549385,0.3324213176965713,9.393611907958984,0.0285989327814355,0.8,0.001,63,0.0589986000013595,4.156520200009254,9.300341296928323,5.0,0.0295316388917421,True,63,shapley-20260606T025932Z-da342579,shapley,conditional,A,True,False,1.0,1.0
0.8735551238059998,0.5795584917068481,0.5795584917068481,0.3059110811778477,0.3420592546463012,9.955310276576451,0.852735310792923,0.5580745339393616,0.5580745339393616,0.289601057767868,0.3355918377637863,9.977799892425535,0.0295316388917421,0.8,0.001,64,0.0594697000015003,4.215989900010754,9.15966386554622,5.0,0.0305316388917421,True,64,shapley-20260606T025932Z-da342579,shapley,conditional,A,True,False,1.0,1.0
0.8833869695663452,0.5798346996307373,0.5798346996307373,0.3048618478434426,0.3437160551548004,9.94221946171352,0.8406331539154053,0.5573123693466187,0.5573123693466187,0.2892090678215027,0.3351290971040725,9.279579639434814,0.0305316388917421,0.8,0.001,65,0.0586628000019118,4.274652700012666,9.02317880794702,5.0,0.0315316388917421,True,65,shapley-20260606T025932Z-da342579,shapley,conditional,A,True,False,1.0,1.0
0.8942481194223676,0.5818620324134827,0.5818620579583305,0.3072083336966378,0.3433171340397426,9.907067571367536,0.8551740646362305,0.5583887994289398,0.5583888292312622,0.2897028774023056,0.3358573913574219,9.412299633026125,0.0315316388917421,0.8,0.001,66,0.0594153999991249,4.334068100011791,8.890701468189235,5.0,0.0325316388917421,True,66,shapley-20260606T025932Z-da342579,shapley,conditional,A,True,False,1.0,1.0
0.9015510507992336,0.5883748701640538,0.5883748786790031,0.3095602776323046,0.3485182353428432,9.626818520682198,0.8493622243404388,0.5598435997962952,0.5598436295986176,0.2903808206319809,0.3368285298347473,8.899601936340332,0.0325316388917421,0.8,0.001,67,0.0597453000009409,4.393813400012732,8.762057877813504,5.0,0.0335316388917421,True,67,shapley-20260606T025932Z-da342579,shapley,conditional,A,True,False,1.0,1.0
0.9013481225286212,0.5869968618665423,0.586996853351593,0.309703814131873,0.3466163107327052,9.37476566859654,0.8410876989364624,0.5623307824134827,0.5623307824134827,0.293541744351387,0.3359862416982651,8.313250064849854,0.0335316388917421,0.8,0.001,68,0.0619081999975605,4.455721600010293,8.637083993660859,5.0,0.0325316388917421,True,68,shapley-20260606T025932Z-da342579,shapley,conditional,A,True,False,1.0,1.0
0.9090637138911656,0.5966864994594029,0.5966864909444537,0.3157246155398233,0.3512023602213178,9.602259227207728,0.8565092980861664,0.5608045756816864,0.5608046054840088,0.2921587377786636,0.3358072936534881,9.089757919311523,0.0325316388917421,0.8,0.001,69,0.0631996000010985,4.518921200011391,8.515625,5.0,0.0335316388917421,True,69,shapley-20260606T025932Z-da342579,shapley,conditional,A,True,False,1.0,1.0
0.9100270867347716,0.5933954460280282,0.5933954630579267,0.3137710307325635,0.3495305180549621,9.44277218409947,0.854459136724472,0.5591018795967102,0.5591018795967102,0.2909741550683975,0.3351596742868423,8.808315753936768,0.0335316388917421,0.8,0.001,70,0.0597402999992482,4.578661500010639,8.397534668721107,5.0,0.0345316388917421,True,70,shapley-20260606T025932Z-da342579,shapley,conditional,A,True,False,2.0,2.0
0.919619687965938,0.5966304285185677,0.596630437033517,0.315384281533105,0.3515576847961971,9.353430339268275,0.8684123456478119,0.5548941493034363,0.5548941493034363,0.2879634350538254,0.3336633890867233,9.079158306121826,0.0345316388917421,0.8,0.001,71,0.0590929999998479,4.637754500010487,8.282674772036472,5.0,0.0355316388917421,True,71,shapley-20260606T025932Z-da342579,shapley,conditional,A,True,False,2.0,2.0
0.9207111937659128,0.5973713397979736,0.5973713312830243,0.3156407347747257,0.3521632381847926,9.100054604666571,0.8964197635650635,0.5553340911865234,0.555334061384201,0.2882979810237884,0.3337951153516769,9.599492073059082,0.0355316388917421,0.8,0.001,72,0.0619427999990875,4.699697300009575,8.170914542728639,5.0,0.0365316388917421,True,72,shapley-20260606T025932Z-da342579,shapley,conditional,A,True,False,2.0,2.0
0.9346310240881784,0.5970925348145621,0.5970925348145621,0.3145676382950374,0.353156111070088,9.239620889936177,0.8820472061634064,0.5619620680809021,0.5619620680809021,0.2921023368835449,0.3373246937990188,8.761861324310303,0.0365316388917421,0.8,0.001,73,0.0638548999995691,4.763552200009144,8.062130177514796,5.0,0.0375316388917421,True,73,shapley-20260606T025932Z-da342579,shapley,conditional,A,True,False,2.0,2.0
0.936832708971841,0.5959382142339434,0.5959382057189941,0.3140833675861358,0.3523185423442295,9.082856450762067,0.8706958293914795,0.5505174100399017,0.5505173802375793,0.2855344861745834,0.3312286138534546,8.530893802642822,0.0375316388917421,0.8,0.001,74,0.0626215000011143,4.8261737000102585,7.956204379562045,5.0,0.0385316388917421,True,74,shapley-20260606T025932Z-da342579,shapley,conditional,A,True,False,2.0,2.0
0.9482917615345546,0.604635204587664,0.604635204587664,0.3203835657664707,0.3553145272391183,8.918815204075404,0.8778481781482697,0.5599241852760315,0.5599241852760315,0.291422352194786,0.3356272876262665,8.250985622406006,0.0385316388917421,0.8,0.001,75,0.0642482000002928,4.890421900010551,7.853025936599423,5.0,0.0395316388917421,True,75,shapley-20260606T025932Z-da342579,shapley,conditional,A,True,False,2.0,2.0
0.96140205008643,0.6121018528938293,0.6121018358639309,0.3249768955366952,0.3589061796665191,8.835965156555176,0.897611677646637,0.5586764812469482,0.5586764514446259,0.2896663695573807,0.336262583732605,8.57377004623413,0.0395316388917421,0.8,0.001,76,0.0617582999984733,4.952180200009025,7.752489331436699,5.0,0.0405316388917421,True,76,shapley-20260606T025932Z-da342579,shapley,conditional,A,True,False,2.0,2.0
0.9629043340682985,0.6111201643943787,0.611120172909328,0.323590487241745,0.3594120868614742,8.679248809814453,0.8864829540252686,0.565946489572525,0.565946489572525,0.2942544966936111,0.339614987373352,7.9083030223846436,0.0405316388917421,0.8,0.001,77,0.0616737000018474,5.013853900010872,7.65449438202247,5.0,0.0415316388917421,True,77,shapley-20260606T025932Z-da342579,shapley,conditional,A,True,False,2.0,2.0
0.9819004109927586,0.626280163015638,0.626280163015638,0.333270434822355,0.3662621634347098,8.562635149274554,0.9011602997779846,0.5608052611351013,0.5608052611351013,0.2923171371221542,0.3356101214885711,8.195078372955322,0.0415316388917421,0.8,0.001,78,0.0606235999985074,5.07447750000938,7.558945908460473,5.0,0.0425316388917421,True,78,shapley-20260606T025932Z-da342579,shapley,conditional,A,True,False,2.0,2.0
0.9829335553305488,0.6289723004613604,0.6289723004613604,0.3344222690377916,0.3681875254426683,8.322304589407784,0.9077415764331818,0.5575268864631653,0.5575268864631653,0.2903224974870682,0.3340054750442505,8.234216213226318,0.0425316388917421,0.8,0.001,79,0.0584698999991815,5.132947400008561,7.465753424657535,5.0,0.0435316388917421,True,79,shapley-20260606T025932Z-da342579,shapley,conditional,A,True,False,2.0,2.0
0.9952752419880458,0.6280367629868644,0.6280367800167629,0.3337083160877228,0.3679105596882956,8.436128343854632,0.9135923385620116,0.5575259327888489,0.5575259625911713,0.2904826700687408,0.3338041305541992,8.17948579788208,0.0435316388917421,0.8,0.001,80,0.059231200000795,5.192178600009356,7.374830852503379,5.0,0.0445316388917421,True,80,shapley-20260606T025932Z-da342579,shapley,conditional,A,True,False,2.0,2.0
0.99371086699622,0.6241562025887626,0.6241562025887626,0.3322862046105521,0.3648374847003391,8.29869828905378,0.9239452481269836,0.5615667104721069,0.5615667104721069,0.2924163788557052,0.3364378958940506,8.137552261352539,0.0445316388917421,0.8,0.001,81,0.0606158999980834,5.25279450000744,7.286096256684488,5.0,0.0455316388917421,True,81,shapley-20260606T025932Z-da342579,shapley,conditional,A,True,False,2.0,2.0
0.9993837135178704,0.6352117998259408,0.6352117998259408,0.337210829768862,0.3725012115069798,7.998216833387103,0.8984172940254211,0.5694281160831451,0.5694281160831451,0.298253446817398,0.338968351483345,7.225507020950317,0.0455316388917421,0.8,0.001,82,0.0612770999978238,5.314071600005264,7.199471598414796,5.0,0.0457919931170974,True,82,shapley-20260606T025932Z-da342579,shapley,conditional,A,True,False,2.0,2.0
1.0075653791427612,0.6317412597792489,0.6317412427493504,0.3374770113400051,0.3678302935191563,8.207200595310756,0.9038864970207214,0.5708483457565308,0.5708483457565308,0.2984983026981354,0.3404375314712524,7.272846460342407,0.0457919931170974,0.8,0.001,83,0.0615085999997973,5.375580200005061,7.114882506527415,5.0,0.0467919931170974,True,83,shapley-20260606T025932Z-da342579,shapley,conditional,A,True,False,2.0,2.0
1.0158466952187677,0.6436047979763576,0.6436047724315098,0.3441803455352783,0.3742805293628147,7.955247674669538,0.9236711859703064,0.5627025663852692,0.5627025365829468,0.2940229773521423,0.3358494341373443,7.714324951171875,0.0467919931170974,0.8,0.001,84,0.061671400002524,5.437251600007585,7.032258064516128,5.0,0.0477919931170974,True,84,shapley-20260606T025932Z-da342579,shapley,conditional,A,True,False,2.0,2.0
1.0217403854642595,0.6406221474920001,0.6406221474920001,0.3428048150879996,0.3722716527325766,7.974521228245327,0.9435302317142488,0.5734907388687134,0.5734907686710358,0.3003747314214706,0.3413950204849243,7.742709398269653,0.0477919931170974,0.8,0.001,85,0.0608432000008178,5.498094800008403,6.951530612244902,5.0,0.0487919931170974,True,85,shapley-20260606T025932Z-da342579,shapley,conditional,A,True,False,2.0,2.0
1.0255505187170846,0.6454807945660183,0.6454807945660183,0.3444517638002123,0.3762862682342529,7.789592129843576,0.945255696773529,0.5714903771877289,0.5714903771877289,0.2990629076957702,0.3405343294143677,7.660381555557251,0.0487919931170974,0.8,0.001,86,0.0619427999990875,5.56003760000749,6.872635561160152,5.0,0.0497919931170974,True,86,shapley-20260606T025932Z-da342579,shapley,conditional,A,True,False,2.0,2.0
1.0300421033586775,0.640015721321106,0.640015721321106,0.3404936236994607,0.3744025996753147,7.833115032741001,0.9255563616752625,0.5689477026462555,0.5689477026462555,0.2973891198635101,0.3394482433795929,7.161968469619751,0.0497919931170974,0.8,0.001,87,0.0591545999996014,5.619192200007092,6.795511221945134,5.0,0.0507919931170974,True,87,shapley-20260606T025932Z-da342579,shapley,conditional,A,True,False,2.0,2.0
1.0429720708302088,0.6539862070764814,0.6539862155914307,0.3496582763535635,0.380409904888698,7.65840836933681,0.9407935440540314,0.5757817625999451,0.5757817327976227,0.3008925765752792,0.3436114490032196,7.186403512954712,0.0507919931170974,0.8,0.001,88,0.0615597999967576,5.680752000003849,6.720098643649813,5.0,0.0517919931170974,True,88,shapley-20260606T025932Z-da342579,shapley,conditional,A,True,False,2.0,2.0
1.051219037600926,0.6523420980998448,0.6523420980998448,0.34820385490145,0.3801728018692561,7.701517650059292,0.948754757642746,0.5687154233455658,0.5687154531478882,0.2983317971229553,0.3379795402288437,7.337800979614258,0.0517919931170974,0.8,0.001,89,0.0638408999984676,5.744592900002317,6.646341463414636,5.0,0.0527919931170974,True,89,shapley-20260606T025932Z-da342579,shapley,conditional,A,True,False,2.0,2.0
1.022605402129037,0.6198246223585946,0.6593949624470302,0.3491583381380354,0.3877958016736166,7.629580838339669,0.962852507829666,0.5725770592689514,0.572577029466629,0.2966493368148803,0.3449096232652664,7.392701864242554,0.0527919931170974,0.8,0.001,90,0.071687200001179,5.816280100003496,6.57418576598311,5.0,0.0537919931170974,True,90,shapley-20260606T025932Z-da342579,shapley,conditional,A,True,True,3.0,3.0
1.0291840178625924,0.6260365332875933,0.664599529334477,0.3517574327332632,0.3910526122365679,7.49456330708095,0.9638387858867644,0.5759194791316986,0.5759194791316986,0.3000952750444412,0.3447802662849426,7.211469411849976,0.0537919931170974,0.8,0.001,91,0.0636099000003014,5.8798900000037975,6.503579952267302,5.0,0.0547919931170974,True,91,shapley-20260606T025932Z-da342579,shapley,conditional,A,True,True,3.0,3.0
1.0384091138839722,0.6396304794720241,0.676617579800742,0.3607038216931479,0.3948921816689627,7.278045926775251,0.988694965839386,0.5748515725135803,0.5748515725135803,0.2985522001981735,0.345374196767807,7.552990198135376,0.0547919931170974,0.8,0.001,92,0.063254999997298,5.943145000001096,6.434474616292796,5.0,0.0557919931170974,True,92,shapley-20260606T025932Z-da342579,shapley,conditional,A,True,True,3.0,3.0
1.04420839037214,0.6309946605137416,0.6694487588746207,0.354088123355593,0.3942007805619921,7.406326362064907,0.9665601849555968,0.5755584836006165,0.5755584836006165,0.2998287379741668,0.3446622192859649,7.008204936981201,0.0557919931170974,0.8,0.001,93,0.0637028999990434,6.006847900000139,6.3668224299065415,5.0,0.0567919931170974,True,93,shapley-20260606T025932Z-da342579,shapley,conditional,A,True,True,3.0,3.0
1.0426864624023438,0.6165358849934169,0.655770650931767,0.3455094354493277,0.3878265108380999,7.503708158220563,0.9469143152236938,0.5758456587791443,0.5758456289768219,0.3009643107652664,0.3436016291379928,6.533819198608398,0.0567919931170974,0.8,0.001,94,0.0672435999986191,6.074091499998758,6.300578034682083,5.0,0.0577919931170974,True,94,shapley-20260606T025932Z-da342579,shapley,conditional,A,True,True,3.0,3.0
1.0454429728644234,0.6404369303158352,0.6792382342474801,0.3603694949831281,0.3985858985355922,7.007995877947126,0.9836056232452391,0.5777138471603394,0.5777138471603394,0.3011322766542434,0.3457269668579101,7.023322343826294,0.0577919931170974,0.8,0.001,95,0.0679831000015838,6.142074600000342,6.235697940503435,5.0,0.0587919931170974,True,95,shapley-20260606T025932Z-da342579,shapley,conditional,A,True,True,3.0,3.0
1.0572126763207572,0.6388261062758309,0.6774255122457232,0.3591846653393337,0.397801045860563,7.1163875716073175,0.9882954359054564,0.5795857906341553,0.5795857906341553,0.3023443073034286,0.3465518653392792,6.951791286468506,0.0587919931170974,0.8,0.001,96,0.0642963000027521,6.206370900003094,6.172140430351078,5.0,0.0597919931170974,True,96,shapley-20260606T025932Z-da342579,shapley,conditional,A,True,True,3.0,3.0
1.072139518601554,0.6555480275835309,0.6936028940337045,0.3690111211368015,0.4057396990912301,6.967345782688686,1.0001747608184814,0.5799674093723297,0.5799674093723297,0.3018301725387573,0.3476715087890625,7.027820110321045,0.0597919931170974,0.8,0.001,97,0.0628402000002097,6.269211100003304,6.109865470852014,5.0,0.0607919931170974,True,97,shapley-20260606T025932Z-da342579,shapley,conditional,A,True,True,3.0,3.0
1.068802731377738,0.6371358803340367,0.678788457598005,0.3585175062928881,0.4003386838095529,7.100719043186733,0.9719018936157228,0.5819880068302155,0.5819879770278931,0.3048524111509323,0.3464194536209106,6.413902521133423,0.0607919931170974,0.8,0.001,98,0.0675291999978071,6.336740300001111,6.048834628190896,5.0,0.0617919931170974,True,98,shapley-20260606T025932Z-da342579,shapley,conditional,A,True,True,3.0,3.0
1.0849563223975045,0.6481561405318124,0.6852310981069293,0.3642816288130624,0.4011868408748081,7.068879672459194,1.007230579853058,0.5892912149429321,0.5892912149429321,0.3082651644945144,0.3512825667858124,6.763649225234985,0.0617919931170974,0.8,0.001,99,0.066293100000621,6.403033400001732,5.989010989010993,5.0,0.0627919931170974,True,99,shapley-20260606T025932Z-da342579,shapley,conditional,A,True,True,3.0,3.0
1.083367535046169,0.654117226600647,0.6951428055763245,0.3684514931270054,0.4083641384329114,6.836067404065814,0.9929834604263306,0.5840871930122375,0.5840871930122375,0.3051158934831619,0.3487140834331512,6.511916875839233,0.0627919931170974,0.8,0.001,100,0.0664808000001357,6.469514200001868,5.930359085963005,5.0,0.0637919931170974,True,100,shapley-20260606T025932Z-da342579,shapley,conditional,A,True,True,3.0,3.0
1.0875472000667028,0.66334787436894,0.7037831885474068,0.3733785578182765,0.4130057862826756,6.649727140154157,1.0100380778312683,0.5843243300914764,0.584324300289154,0.3060545772314071,0.3478371798992157,6.673467397689819,0.0637919931170974,0.8,0.001,101,0.063689599999634,6.533203800001502,5.872844827586206,5.0,0.0647919931170974,True,101,shapley-20260606T025932Z-da342579,shapley,conditional,A,True,True,3.0,3.0
1.0909443071910314,0.6459013138498578,0.6855385984693255,0.3650661408901214,0.4005905474935259,6.868796348571777,0.9636391401290894,0.5924807488918304,0.5924807488918304,0.3107315301895141,0.3521865159273147,5.728460550308228,0.0647919931170974,0.8,0.001,102,0.0667101000035472,6.599913900005049,5.81643543223052,5.0,0.0639122442978745,True,102,shapley-20260606T025932Z-da342579,shapley,conditional,A,True,True,3.0,3.0
1.1012810809271676,0.6660236631120954,0.7037518194743565,0.3750861542565482,0.4108320900372096,6.810235295976911,1.0169838070869446,0.591864824295044,0.591864824295044,0.3105868548154831,0.3515974581241607,6.651604413986206,0.0639122442978745,0.8,0.001,103,0.0627266000010422,6.662640500006091,5.761099365750525,5.0,0.0649122442978745,True,103,shapley-20260606T025932Z-da342579,shapley,conditional,A,True,True,3.0,3.0
1.10323999609266,0.6769296782357352,0.7191474778311593,0.3827765328543527,0.420463672706059,6.567486763000488,1.017378807067871,0.5873700380325317,0.5873700380325317,0.3064758330583572,0.3511177748441696,6.6244635581970215,0.0649122442978745,0.8,0.001,104,0.068998200000351,6.731638700006442,5.706806282722511,5.0,0.0659122442978745,True,104,shapley-20260606T025932Z-da342579,shapley,conditional,A,True,True,3.0,3.0
1.107857039996556,0.6778090596199036,0.7214937295232501,0.3821247347763606,0.4242112253393446,6.5245537757873535,1.01739239692688,0.5908814966678619,0.5908814668655396,0.3091409802436828,0.3521756082773208,6.470889329910278,0.0659122442978745,0.8,0.001,105,0.0626150999996753,6.794253800006118,5.65352697095436,5.0,0.0669122442978745,True,105,shapley-20260606T025932Z-da342579,shapley,conditional,A,True,True,3.0,3.0
1.111608386039734,0.6615800091198513,0.7032057898385184,0.3728948320661272,0.4128886887005397,6.725651264190674,1.0023785829544067,0.5932060182094574,0.5932060182094574,0.310436487197876,0.353461891412735,6.115062713623047,0.0669122442978745,0.8,0.001,106,0.0702802000014344,6.864534000007552,5.601233299075027,5.0,0.0679122442978745,True,106,shapley-20260606T025932Z-da342579,shapley,conditional,A,True,True,3.0,3.0
1.1092527423586165,0.6618067877633231,0.7066841380936759,0.3728043820176805,0.4173496833869389,6.588590281350272,1.0083839893341064,0.5979713201522827,0.5979713201522827,0.3136339783668518,0.3554216623306274,6.043278932571411,0.0679122442978745,0.8,0.001,107,0.0646178000024519,6.929151800010004,5.549898167006106,5.0,0.0689122442978745,True,107,shapley-20260606T025932Z-da342579,shapley,conditional,A,True,True,3.0,3.0
1.125901699066162,0.6892658727509635,0.7312202709061759,0.389038119997297,0.4277276865073612,6.336113793509347,1.0379308462142944,0.5851923525333405,0.5851923227310181,0.3062062710523605,0.3487326055765152,6.5697832107543945,0.0689122442978745,0.8,0.001,108,0.0645655000007536,6.993717300010758,5.499495459132191,5.0,0.0699122442978745,True,108,shapley-20260606T025932Z-da342579,shapley,conditional,A,True,True,3.0,3.0
1.1250497273036413,0.6768297723361424,0.7175758225577218,0.3815367349556514,0.4200488499232701,6.411179338182722,1.0037724673748016,0.5959698557853699,0.5959698557853699,0.3128167539834976,0.353941410779953,5.83306360244751,0.0699122442978745,0.8,0.001,109,0.0668088999991596,7.060526200009917,5.450000000000003,5.0,0.0709122442978745,True,109,shapley-20260606T025932Z-da342579,shapley,conditional,A,True,True,3.0,3.0
1.1275957822799685,0.6739158034324646,0.7178548574447632,0.3830002077988216,0.418568308864321,6.397766862596784,1.027474820613861,0.5963426828384399,0.5963426828384399,0.3124500215053558,0.3548658490180969,6.079798936843872,0.0709122442978745,0.8,0.001,110,0.0628565000006347,7.123382700010552,5.401387512388503,5.0,0.0719122442978745,True,110,shapley-20260606T025932Z-da342579,shapley,conditional,A,True,True,4.0,4.0
1.1378555127552576,0.6888438548360553,0.731167903968266,0.3895905826772962,0.4269716526780809,6.243883337293353,1.0319082140922546,0.5929264724254608,0.5929265022277832,0.3099632263183594,0.3537040650844574,6.1044089794158936,0.0719122442978745,0.8,0.001,111,0.0634599000004527,7.186842600011005,5.353634577603145,5.0,0.0729122442978745,True,111,shapley-20260606T025932Z-da342579,shapley,conditional,A,True,True,4.0,4.0
1.141754218510219,0.6835697548730033,0.7286082250731332,0.3880584878580911,0.4256871768406459,6.284053325653076,1.0246358513832092,0.5984077155590057,0.5984077155590057,0.3124596923589706,0.3574350327253341,5.845768690109253,0.0729122442978745,0.8,0.001,112,0.0636072000015701,7.250449800012575,5.306718597857838,5.0,0.0739122442978745,True,112,shapley-20260606T025932Z-da342579,shapley,conditional,A,True,True,4.0,4.0
1.1418307679040092,0.6820834960256305,0.7281579630715507,0.3872707997049604,0.4261089563369751,6.22017730985369,1.031516194343567,0.6014185845851898,0.6014185845851898,0.315765380859375,0.3570664674043655,5.819030046463013,0.0739122442978745,0.8,0.001,113,0.0708728000026894,7.321322600015264,5.260617760617762,5.0,0.0749122442978745,True,113,shapley-20260606T025932Z-da342579,shapley,conditional,A,True,True,4.0,4.0
1.148853421211243,0.6984411903790065,0.7419102021626064,0.3947189918586186,0.4339889926569802,6.0125321660723,1.0503996014595032,0.603316068649292,0.603316068649292,0.3167275637388229,0.3582356125116348,5.968096733093262,0.0749122442978745,0.8,0.001,114,0.0640505000010307,7.385373100016295,5.215311004784688,5.0,0.0759122442978745,True,114,shapley-20260606T025932Z-da342579,shapley,conditional,A,True,True,4.0,4.0
1.1596668277468,0.6935374821935382,0.7386333261217389,0.3935324209077017,0.4313761251313345,6.1403712545122415,1.0302124619483948,0.6038362085819244,0.6038362085819244,0.3172275424003601,0.3582608550786972,5.616699695587158,0.0759122442978745,0.8,0.001,115,0.0619582000035734,7.447331300019869,5.170777988614802,5.0,0.0769122442978745,True,115,shapley-20260606T025932Z-da342579,shapley,conditional,A,True,True,4.0,4.0
1.1711113623210363,0.7125683426856995,0.7606570976121085,0.4027870169707707,0.4473375805786678,5.961898735591343,1.042195975780487,0.6032666265964508,0.6032666265964508,0.3166868686676025,0.3582247048616409,5.7068846225738525,0.0769122442978745,0.8,0.001,116,0.0680262999994738,7.5153576000193425,5.126999059266225,5.0,0.0779122442978745,True,116,shapley-20260606T025932Z-da342579,shapley,conditional,A,True,True,4.0,4.0
1.1629936695098877,0.7087426781654358,0.7545059238161359,0.402661885534014,0.439805052110127,5.830290113176618,1.0453286170959473,0.6093069016933441,0.6093069016933441,0.3203024417161941,0.3612555563449859,5.59631872177124,0.0779122442978745,0.8,0.001,117,0.0627836999992723,7.578141300018615,5.083955223880601,5.0,0.0789122442978745,True,117,shapley-20260606T025932Z-da342579,shapley,conditional,A,True,True,4.0,4.0
1.1738153185163225,0.6930853298732212,0.7379539694104876,0.3931458592414856,0.4310101228100912,6.091957160404751,1.0498626828193665,0.6049179434776306,0.6049179434776306,0.3174428343772888,0.3593439161777496,5.63847541809082,0.0789122442978745,0.8,0.001,118,0.0657524000016565,7.643893700020271,5.04162812210916,5.0,0.0799122442978745,True,118,shapley-20260606T025932Z-da342579,shapley,conditional,A,True,True,4.0,4.0
1.1790687186377389,0.7193286333765302,0.7644888162612915,0.4066512840134756,0.4472968918936593,5.753061975751605,1.0580159425735474,0.6182609796524048,0.6182609796524048,0.3253153264522552,0.3661820590496063,5.502973794937134,0.0799122442978745,0.8,0.001,119,0.0651143999966734,7.709008100016945,5.0,5.0,0.0809122442978745,True,119,shapley-20260606T025932Z-da342579,shapley,conditional,A,True,True,4.0,4.0
1.186858364513942,0.7187380450112479,0.761599063873291,0.4065508927617754,0.443810190473284,5.785531316484724,1.055594801902771,0.6087271273136139,0.6087271273136139,0.3193259239196777,0.3617514967918396,5.522868394851685,0.0809122442978745,0.8,0.001,120,0.0640165999975579,7.773024700014503,5.0,5.0,0.0861409282463913,True,120,shapley-20260606T025932Z-da342579,shapley,conditional,A,True,True,4.0,4.0
1.21041282585689,0.717504220349448,0.7653740389006478,0.4079022194658007,0.4468397668429783,5.722118445805141,1.0699030756950378,0.6168852746486664,0.616885244846344,0.3261217027902603,0.3634544610977173,5.259030818939209,0.0861409282463913,0.8,0.001,121,0.0653732999999192,7.838398000014422,5.0,5.0,0.0887312364357834,True,121,shapley-20260606T025932Z-da342579,shapley,conditional,A,True,True,4.0,4.0
1.2310738393238612,0.7477267554828099,0.7936223064150129,0.4229469299316406,0.4633442163467407,5.447315761021206,1.0954636335372925,0.6169548630714417,0.616954892873764,0.3258017748594284,0.3639413565397262,5.392788410186768,0.0887312364357834,0.8,0.001,122,0.0686258999994606,7.907023900013883,5.0,5.0,0.0926591205376511,True,122,shapley-20260606T025932Z-da342579,shapley,conditional,A,True,True,4.0,4.0
1.2436160700661796,0.7528640798160008,0.8011610507965088,0.4270465544291905,0.4676431076867239,5.296315942491804,1.084738850593567,0.6154780983924866,0.6154780983924866,0.324618324637413,0.3635746985673904,5.064377069473267,0.0926591205376511,0.8,0.001,123,0.0662264000020513,7.973250300015934,5.0,5.0,0.0933028912323837,True,123,shapley-20260606T025932Z-da342579,shapley,conditional,A,True,True,4.0,4.0
1.2427814858300346,0.7438880375453404,0.792535126209259,0.4216497838497162,0.4636066470827375,5.347031048366001,1.0972391963005066,0.6297003328800201,0.6297003328800201,0.3332133144140243,0.3706087619066238,5.010979652404785,0.0933028912323837,0.8,0.001,124,0.067700200001127,8.040950500017061,5.0,5.0,0.0934126877564316,True,124,shapley-20260606T025932Z-da342579,shapley,conditional,A,True,True,4.0,4.0
1.2441059861864363,0.7566161581448146,0.8002623234476361,0.4298240499837057,0.4630478365080697,5.218668256487165,1.0764405727386477,0.6235916912555695,0.6235916912555695,0.3290657252073288,0.3681574463844299,4.847830057144165,0.0934126877564316,0.8,0.001,125,0.0662845999977435,8.107235100014805,5.0,5.0,0.0918909883278732,True,125,shapley-20260606T025932Z-da342579,shapley,conditional,A,True,True,4.0,4.0
1.25113080229078,0.7681243589946202,0.8163868870053973,0.4352837247507913,0.4763789432389395,5.256298065185547,1.1207013130187988,0.6195779740810394,0.619577944278717,0.3272755444049835,0.3653780072927475,5.453454971313477,0.0918909883278732,0.8,0.0007,126,0.0653034999995725,8.172538600014377,5.0,5.0,0.096425538041008,True,126,shapley-20260606T025932Z-da342579,shapley,conditional,A,True,True,4.0,4.0
1.2537375688552856,0.7240678838321141,0.7740635531289237,0.4121499572481428,0.4523919905935015,5.49304335457938,1.0564267039299011,0.6215994954109192,0.6215994954109192,0.3282269388437271,0.366715669631958,4.509460687637329,0.096425538041008,0.8,0.0007,127,0.0656995999997889,8.238238200014166,5.0,5.0,0.0915201449173813,True,127,shapley-20260606T025932Z-da342579,shapley,conditional,A,True,True,4.0,4.0
1.2256746803011214,0.7545881015913827,0.8039544309888568,0.4287078380584717,0.469058232648032,5.14735392161778,1.1222144961357117,0.6163714528083801,0.6163714528083801,0.3245474696159363,0.3647799789905548,5.527122259140015,0.0915201449173813,0.8,0.0007,128,0.0648446999985026,8.303082900012669,5.0,5.0,0.0967913675087814,True,128,shapley-20260606T025932Z-da342579,shapley,conditional,A,True,True,4.0,4.0
1.2564878634044103,0.7504429732050214,0.8001044733183724,0.4258082338741847,0.4678702993052346,5.228202887943813,1.0611713528633118,0.6242007613182068,0.6242007315158844,0.3301212042570114,0.3675994127988815,4.514561891555786,0.0967913675087814,0.8,0.0007,129,0.0624524999984714,8.36553540001114,5.0,5.0,0.0919369864243393,True,129,shapley-20260606T025932Z-da342579,shapley,conditional,A,True,True,4.0,4.0
1.212582094328744,0.7314249617712838,0.7864919219698224,0.4176163332802908,0.4610944943768637,5.233553682054792,1.1006392240524292,0.6194376051425934,0.6194376051425934,0.3271194845438003,0.3653976321220398,5.234037637710571,0.0919369864243393,0.8,0.0007,130,0.0637119999992137,8.429247400010354,5.0,5.0,0.094277362801445,True,130,shapley-20260606T025932Z-da342579,shapley,conditional,A,True,True,5.0,5.0
1.2195793219975062,0.7299185565539769,0.7823159609522138,0.4170573311192648,0.4565732777118683,5.193831988743374,1.0648555159568789,0.6148093938827515,0.6148093938827515,0.3234606385231018,0.3641859591007232,4.773639440536499,0.094277362801445,0.8,0.00049,131,0.0636854999975184,8.492932900007872,5.0,5.0,0.09201375720681,True,131,shapley-20260606T025932Z-da342579,shapley,conditional,A,True,True,5.0,5.0
1.2193304811205183,0.7349972214017596,0.7874527318137032,0.4187281855515071,0.4609056838921138,5.263705049242292,1.0934849977493286,0.611686110496521,0.611686110496521,0.3214599639177322,0.3627826571464538,5.236161947250366,0.09201375720681,0.8,0.00049,132,0.063057999999728,8.5559909000076,5.0,5.0,0.0943753766793137,True,132,shapley-20260606T025932Z-da342579,shapley,conditional,A,True,True,5.0,5.0
1.2185111727033342,0.7142809288842338,0.7687818493161883,0.4084392104830061,0.4504283027989523,5.342815671648298,1.069996416568756,0.6103131771087646,0.6103131771087646,0.3210055083036423,0.361634612083435,4.870795726776123,0.0943753766793137,0.8,0.00049,133,0.0636919000025955,8.619682800010196,5.0,5.0,0.0930833339470749,True,133,shapley-20260606T025932Z-da342579,shapley,conditional,A,True,True,5.0,5.0
1.216861980301993,0.7337662577629089,0.7908364619527545,0.4191253738743918,0.4646388505186353,5.189926896776472,1.0866459608078003,0.6122304201126099,0.6122304201126099,0.3218139261007309,0.3630206286907196,5.096675395965576,0.0930833339470749,0.8,0.00049,134,0.0643749000009847,8.68405770001118,5.0,5.0,0.0940500879067307,True,134,shapley-20260606T025932Z-da342579,shapley,conditional,A,True,True,5.0,5.0
1.2300623485020228,0.7232200503349304,0.7756729551724025,0.4143261356013162,0.4516835042408534,5.3890677860804965,1.082227110862732,0.6126814484596252,0.6126814484596252,0.3214603513479233,0.3640263676643371,4.992506265640259,0.0940500879067307,0.8,0.00049,135,0.0632273000010172,8.747285000012198,5.0,5.0,0.0939751505631333,True,135,shapley-20260606T025932Z-da342579,shapley,conditional,A,True,True,5.0,5.0
1.2152711323329382,0.7243846740041461,0.7771700280053275,0.4132896746907915,0.454850435256958,5.2235773631504605,1.0776904225349426,0.6151567995548248,0.6151567995548248,0.3227958679199219,0.3654511719942093,4.921872138977051,0.0939751505631333,0.8,0.000343,136,0.0675215000010212,8.81480650001322,5.0,5.0,0.0931938719529038,True,136,shapley-20260606T025932Z-da342579,shapley,conditional,A,True,True,5.0,5.0
1.2090681110109602,0.7230249047279358,0.7807485376085553,0.4134540728160313,0.4591180767331804,5.215398788452148,1.081823229789734,0.6128037571907043,0.612803727388382,0.3219518810510635,0.3635648190975189,5.03272819519043,0.0931938719529038,0.8,0.000343,137,0.0655821000000287,8.880388600013248,5.0,5.0,0.0935211539048081,True,137,shapley-20260606T025932Z-da342579,shapley,conditional,A,True,True,5.0,5.0
1.2254361595426286,0.735896919454847,0.7898132290158953,0.419925366129194,0.4623598286083766,5.234529563358852,1.092197060585022,0.6104673147201538,0.6104673445224762,0.3201595991849899,0.3628846704959869,5.151024341583252,0.0935211539048081,0.8,0.000343,138,0.0645394999992277,8.944928100012476,5.0,5.0,0.0950313973206406,True,138,shapley-20260606T025932Z-da342579,shapley,conditional,A,True,True,5.0,5.0
1.218997291156224,0.7113728097506932,0.7635001710483006,0.4060635183538709,0.4467958084174565,5.341650554112026,1.0834343433380127,0.6115140914916992,0.6115140914916992,0.3203814923763275,0.3639157563447952,4.965940713882446,0.0950313973206406,0.8,0.000343,139,0.0664147000024968,9.011342800014972,5.0,5.0,0.094690804459465,True,139,shapley-20260606T025932Z-da342579,shapley,conditional,A,True,True,5.0,5.0
1.2232054471969604,0.7416561756815229,0.795048441205706,0.4233160870415823,0.4646654512201036,5.085491248539516,1.0853500366210938,0.6160964965820312,0.6160964965820312,0.3242859989404678,0.3647630661725998,4.955639839172363,0.094690804459465,0.8,0.000343,140,0.0655936000002839,9.076936400015256,5.0,5.0,0.0942472028511887,True,140,shapley-20260606T025932Z-da342579,shapley,conditional,A,True,True,5.0,5.0
1.2179879461015974,0.713547272341592,0.7665991612843105,0.4089982083865574,0.4470011804785047,5.352314608437674,1.090637445449829,0.6154471039772034,0.6154471337795258,0.3235980719327926,0.3648113161325454,5.041957378387451,0.0942472028511887,0.8,0.000343,141,0.0629164999991189,9.139852900014375,5.0,5.0,0.0946667766350632,True,141,shapley-20260606T025932Z-da342579,shapley,conditional,A,True,True,5.0,5.0
1.214155197143555,0.724372821194785,0.7794408457619804,0.4128875306674412,0.4581916502543858,5.173751422337124,1.0740290880203247,0.6115493476390839,0.6115493476390839,0.3213165253400802,0.3627910315990448,4.885343074798584,0.0946667766350632,0.8,0.000343,142,0.0660218999983044,9.20587480001268,5.0,5.0,0.093520207383049,True,142,shapley-20260606T025932Z-da342579,shapley,conditional,A,True,True,5.0,5.0
1.208282402583531,0.7151221803256443,0.771274277142116,0.4088557149682726,0.453023191009249,5.273301192692348,1.092772364616394,0.6093743741512299,0.6093743741512299,0.3199357986450195,0.3617981970310211,5.168914318084717,0.093520207383049,0.8,0.000343,143,0.0747044000017922,9.280579200014472,5.0,5.0,0.0952093505638962,True,143,shapley-20260606T025932Z-da342579,shapley,conditional,A,True,True,5.0,5.0
1.2231626170022147,0.7098285555839539,0.7622443182127816,0.4055316405636923,0.4458908396107809,5.391635077340262,1.081721007823944,0.609324187040329,0.609324187040329,0.3206442147493362,0.3608499318361282,4.9616639614105225,0.0952093505638962,0.8,0.000343,144,0.0625442000018665,9.34312340001634,5.0,5.0,0.0948259901780014,True,144,shapley-20260606T025932Z-da342579,shapley,conditional,A,True,True,5.0,5.0
1.2160150153296334,0.7358390859195164,0.7897634676524571,0.4206731915473938,0.4613628387451172,5.063758781978062,1.0689945816993711,0.6146115064620972,0.6146115064620972,0.3235146254301071,0.3638710975646972,4.791756629943848,0.0948259901780014,0.8,0.000343,145,0.0688649000003351,9.411988300016674,5.0,5.0,0.0927435564774399,True,145,shapley-20260606T025932Z-da342579,shapley,conditional,A,True,True,5.0,5.0
1.2085548298699516,0.7222037741116115,0.7803855878966195,0.4126994822706495,0.4596076096807207,5.24404171534947,1.0985684990882874,0.6146240234375,0.6146240234375,0.3229683637619018,0.3645695596933365,5.218092918395996,0.0927435564774399,0.8,0.000343,146,0.0665437999996356,9.47853210001631,5.0,5.0,0.0949244856613999,True,146,shapley-20260606T025932Z-da342579,shapley,conditional,A,True,True,5.0,5.0
1.2318618127277918,0.7157207982880729,0.7706457887377057,0.4092857667378017,0.4517000189849308,5.437385014125279,1.0863308906555176,0.6116990447044373,0.6116990447044373,0.3213858902454376,0.3628914058208465,5.000098943710327,0.0949244856613999,0.8,0.000343,147,0.0684105000000272,9.546942600016337,5.0,5.0,0.0949254750985031,True,147,shapley-20260606T025932Z-da342579,shapley,conditional,A,True,True,5.0,5.0
1.2186952148165022,0.7210902316229684,0.776671724660056,0.4123126098087856,0.455448887177876,5.242059435163226,1.0854913592338562,0.6131677329540253,0.6131677031517029,0.3219358325004577,0.3640398383140564,4.975731134414673,0.0949254750985031,0.8,0.000343,148,0.0668116000015288,9.613754200017866,5.0,5.0,0.0946827864426499,True,148,shapley-20260606T025932Z-da342579,shapley,conditional,A,True,True,5.0,5.0
1.206463098526001,0.7145162309919085,0.7736494030271258,0.4099561614649636,0.4546165381159101,5.195737225668771,1.0695738792419434,0.6124716997146606,0.6124716997146606,0.3218340128660202,0.3632971048355102,4.82772159576416,0.0946827864426499,0.8,0.000343,149,0.0620792000008805,9.675833400018746,5.0,5.0,0.0929600024002915,True,149,shapley-20260606T025932Z-da342579,shapley,conditional,A,True,True,5.0,5.0
1.2071946348462783,0.7317758458001273,0.7879467265946525,0.4179554539067404,0.4624891025679452,5.11422974722726,1.080035924911499,0.612169623374939,0.6121695935726166,0.3220506757497787,0.3626486361026764,5.032985210418701,0.0929600024002915,0.8,0.0002400999999999,150,0.0684042000029876,9.744237600021734,5.0,5.0,0.0932898545044785,True,150,shapley-20260606T025932Z-da342579,shapley,conditional,A,True,True,5.0,5.0
1.2049838134220667,0.7027544804981777,0.7586243322917393,0.401850870677403,0.4459668227604457,5.383536611284528,1.0909384489059448,0.6114183068275452,0.6114183366298676,0.3215573132038116,0.3623262643814087,5.140110015869141,0.0932898545044785,0.8,0.0002400999999999,151,0.062955299999885,9.80719290002162,5.0,5.0,0.0946909546631699,True,151,shapley-20260606T025932Z-da342579,shapley,conditional,A,True,True,5.0,5.0
1.212330494608198,0.7107122029576983,0.7628665310995919,0.4057122511523111,0.4464428339685712,5.297425542558942,1.072854995727539,0.6138172745704651,0.6138172745704651,0.3226635456085205,0.3639421463012695,4.847746133804321,0.0946909546631699,0.8,0.0002400999999999,152,0.0662840000004507,9.87347690002207,5.0,5.0,0.0931684160012131,True,152,shapley-20260606T025932Z-da342579,shapley,conditional,A,True,True,5.0,5.0
1.2030127218791418,0.7269156575202942,0.7823321649006435,0.4149714410305023,0.4592009101595197,5.110069274902344,1.070358395576477,0.6149707734584808,0.6149707734584808,0.3231067955493927,0.364829957485199,4.887789249420166,0.0931684160012131,0.8,0.0002400999999999,153,0.06500810000216,9.93848500002423,5.0,5.0,0.0920463084954148,True,153,shapley-20260606T025932Z-da342579,shapley,conditional,A,True,True,5.0,5.0
1.1916128396987915,0.714839688369206,0.7684525677136013,0.4093244288648878,0.4489101639815739,5.179709843226841,1.0744943618774414,0.6122278273105621,0.6122278273105621,0.3215617537498474,0.363332599401474,5.022108554840088,0.0920463084954148,0.8,0.0002400999999999,154,0.0707589000012376,10.009243900025467,5.0,5.0,0.0922673940438156,True,154,shapley-20260606T025932Z-da342579,shapley,conditional,A,True,True,5.0,5.0
1.2006407465253557,0.7123600329671588,0.7674912980624607,0.407303648335593,0.4502345323562622,5.292017936706543,1.077092468738556,0.6116264164447784,0.6116264164447784,0.3210278004407882,0.3632482588291168,5.044750928878784,0.0922673940438156,0.8,0.0002400999999999,155,0.0643664000017452,10.073610300027212,5.0,5.0,0.0927149033326035,True,155,shapley-20260606T025932Z-da342579,shapley,conditional,A,True,True,5.0,5.0
1.2139951501573836,0.7201265266963414,0.7732103977884565,0.4099577835627964,0.4540657571383885,5.326744828905378,1.0840349197387695,0.6101077198982239,0.6101076900959015,0.3201889842748642,0.3623984009027481,5.111660718917847,0.0927149033326035,0.8,0.0002400999999999,156,0.0627975000024889,10.1364078000297,5.0,5.0,0.093831510521782,True,156,shapley-20260606T025932Z-da342579,shapley,conditional,A,True,True,5.0,5.0
1.2121591908591134,0.7095809664045062,0.764279476233891,0.406512371131352,0.4472088643482753,5.356177534375872,1.0863189697265625,0.6091324687004089,0.6091324687004089,0.3197072595357895,0.3617815226316452,5.0855677127838135,0.093831510521782,0.8,0.0001680699999999,157,0.061618299998372,10.198026100028072,5.0,5.0,0.0946871876496201,True,157,shapley-20260606T025932Z-da342579,shapley,conditional,A,True,True,5.0,5.0
1.214026825768607,0.711606102330344,0.77115341595241,0.4083531498908996,0.4535003347056253,5.306110927036831,1.0812553763389587,0.610442042350769,0.610442042350769,0.3203644305467605,0.3625970035791397,4.972302436828613,0.0946871876496201,0.8,0.0001680699999999,158,0.062625400001707,10.26065150002978,5.0,5.0,0.0944102120179062,True,158,shapley-20260606T025932Z-da342579,shapley,conditional,A,True,True,5.0,5.0
1.2222476857049125,0.7270704678126744,0.7822160720825195,0.4152459459645407,0.4587126501968929,5.244954177311489,1.0822042226791382,0.6095125675201416,0.6095125675201416,0.3195029944181442,0.3625119477510452,5.006785154342651,0.0944102120179062,0.8,0.0001680699999999,159,0.0639368999982252,10.324588400028006,5.0,5.0,0.0944780635613327,True,159,shapley-20260606T025932Z-da342579,shapley,conditional,A,True,True,5.0,5.0
1.2226869038173132,0.7191057290349688,0.7739216004099164,0.4113371287073408,0.4532305725983211,5.330138955797468,1.093887746334076,0.6088060438632965,0.6088060438632965,0.3192377090454101,0.3619604259729385,5.134331464767456,0.0944780635613327,0.8,0.0001680699999999,160,0.0623783999981242,10.38696680002613,5.0,5.0,0.0958213782090073,True,160,shapley-20260606T025932Z-da342579,shapley,conditional,A,True,True,5.0,5.0
1.207250986780439,0.6912397827420916,0.7470286658832005,0.3962211268288748,0.4385094216891697,5.385136604309082,1.093732237815857,0.6099830567836761,0.6099830567836761,0.3204769939184189,0.3618825823068619,5.0484466552734375,0.0958213782090073,0.8,0.0001680699999999,161,0.0654391999996732,10.452406000025803,5.0,5.0,0.0963058447617417,True,161,shapley-20260606T025932Z-da342579,shapley,conditional,A,True,True,5.0,5.0
1.210086805479867,0.7136361939566476,0.7667198436600822,0.4078192242554256,0.4486257689339774,5.154937131064279,1.0708483457565308,0.6121311783790588,0.6121311783790588,0.321880429983139,0.3628134429454803,4.763128519058228,0.0963058447617417,0.8,0.0001680699999999,162,0.0647074000007705,10.517113400026574,5.0,5.0,0.093937129952324,True,162,shapley-20260606T025932Z-da342579,shapley,conditional,A,True,True,5.0,5.0
1.2085323674338204,0.7383585827691215,0.790419944695064,0.4228530057838985,0.4594586747033255,5.00519643511091,1.0707398653030396,0.6100790202617645,0.6100790500640869,0.3201606869697571,0.3623979389667511,4.903927326202393,0.093937129952324,0.8,0.0001680699999999,163,0.0712611000017204,10.588374500028294,5.0,5.0,0.0929764032143479,True,163,shapley-20260606T025932Z-da342579,shapley,conditional,A,True,True,5.0,5.0
1.195691398211888,0.7080651777131217,0.7630030001912799,0.4045939445495605,0.4480113174234117,5.244623116084507,1.0856022238731384,0.6102893650531769,0.6102893352508545,0.3200354725122452,0.3628173321485519,5.112187623977661,0.0929764032143479,0.8,0.0001680699999999,164,0.064340799999627,10.65271530002792,5.0,5.0,0.0940982794541245,True,164,shapley-20260606T025932Z-da342579,shapley,conditional,A,True,True,5.0,5.0
1.195705669266837,0.6954085401126316,0.7514985884938922,0.39919370838574,0.4403811139719827,5.316751071384975,1.082464575767517,0.611610472202301,0.611610472202301,0.3210049271583557,0.3632569462060928,5.003854751586914,0.0940982794541245,0.8,0.0001680699999999,165,0.0630070000006526,10.715722300028574,5.0,5.0,0.0941368269699936,True,165,shapley-20260606T025932Z-da342579,shapley,conditional,A,True,True,5.0,5.0
1.2039307355880735,0.7180500967161996,0.7753620403153556,0.4103352384907858,0.4562834969588688,5.161430086408343,1.0680958032608032,0.6107872128486633,0.6107872128486633,0.3207334727048874,0.3625671565532684,4.857913732528687,0.0941368269699936,0.8,0.0001680699999999,166,0.063192199999321,10.778914500027897,5.0,5.0,0.0927159642952805,True,166,shapley-20260606T025932Z-da342579,shapley,conditional,A,True,True,5.0,5.0
1.196474347795759,0.7210466606276376,0.7769902093069894,0.4122761275087084,0.455892596926008,5.1277867044721335,1.0723252296447754,0.6109580993652344,0.610958069562912,0.3208808302879333,0.3625965565443039,4.976134300231934,0.0927159642952805,0.8,0.0001176489999999,167,0.0622929000019212,10.841207400029816,5.0,5.0,0.0924773072975998,True,167,shapley-20260606T025932Z-da342579,shapley,conditional,A,True,True,5.0,5.0
1.1973319564546858,0.7055029102734157,0.7616037811551776,0.4042013841015952,0.4467529654502868,5.318375655582973,1.0839555859565737,0.6105183660984039,0.6105183660984039,0.3205426931381225,0.3624695837497711,5.11949610710144,0.0924773072975998,0.8,0.0001176489999999,168,0.0645570000015141,10.90576440003133,5.0,5.0,0.0936722683686142,True,168,shapley-20260606T025932Z-da342579,shapley,conditional,A,True,True,5.0,5.0
1.2050976412636891,0.7054903422083173,0.7615415539060321,0.4022968113422394,0.4490559228828975,5.33356659752982,1.0823261737823486,0.6088335812091827,0.6088335812091827,0.3193389624357223,0.3618682473897934,5.054778814315796,0.0936722683686142,0.8,0.0001176489999999,169,0.0622236999988672,10.967988100030198,5.0,5.0,0.0942200565117722,True,169,shapley-20260606T025932Z-da342579,shapley,conditional,A,True,True,5.0,5.0
1.2079279252461024,0.7094270076070514,0.7644045012337821,0.4049176956926073,0.4493585058620998,5.290815489632743,1.0818576216697693,0.6077136993408203,0.6077136993408203,0.3185026943683624,0.3615137487649917,5.032303333282471,0.0942200565117722,0.8,0.0001176489999999,170,0.0629917000005662,11.030979800030764,5.0,5.0,0.0945430898445969,True,170,shapley-20260606T025932Z-da342579,shapley,conditional,A,True,True,6.0,6.0
1.209909507206508,0.7148665189743042,0.7695528779711042,0.4083063048975808,0.4515582025051117,5.236162594386509,1.0742719769477844,0.6073862314224243,0.6073862314224243,0.3180728703737259,0.3616417050361633,4.938338279724121,0.0945430898445969,0.8,0.0001176489999999,171,0.0635261999996146,11.094506000030378,5.0,5.0,0.0939264726418381,True,171,shapley-20260606T025932Z-da342579,shapley,conditional,A,True,True,6.0,6.0
1.211267675672259,0.7233940703528268,0.7734494294439044,0.4122773706912994,0.4514650787625994,5.194207668304443,1.0759246349334717,0.6065517961978912,0.6065517961978912,0.3175293654203415,0.3612780272960663,4.997236967086792,0.0939264726418381,0.8,8.235429999999999e-05,172,0.0623520999979518,11.15685810002833,5.0,5.0,0.093898842312706,True,172,shapley-20260606T025932Z-da342579,shapley,conditional,A,True,True,6.0,6.0
1.216224023274013,0.7165118285587856,0.7653335162571498,0.4082389388765607,0.4463682089533125,5.321814468928745,1.0872608423233032,0.6069569289684296,0.606956958770752,0.3178727924823761,0.361355185508728,5.115120887756348,0.093898842312706,0.8,8.235429999999999e-05,173,0.0670051000015519,11.223863200029882,5.0,5.0,0.0950500511902695,True,173,shapley-20260606T025932Z-da342579,shapley,conditional,A,True,True,6.0,6.0
1.2029389824186052,0.6931517124176025,0.7495782630784171,0.393730627638953,0.4448095389774867,5.363356181553432,1.0923787355422974,0.6083535850048065,0.6083535850048065,0.3187402337789535,0.3620167076587677,5.092318773269653,0.0950500511902695,0.8,8.235429999999999e-05,174,0.0673403000000689,11.291203500029953,5.0,5.0,0.0959732389229661,True,174,shapley-20260606T025932Z-da342579,shapley,conditional,A,True,True,6.0,6.0
1.2209011146000452,0.7113962939807347,0.7656892708369664,0.4051040836742946,0.4507314818246024,5.308821746281216,1.0885496139526367,0.6090731620788574,0.6090731918811798,0.3192276358604431,0.3623069226741791,4.995939254760742,0.0959732389229661,0.8,8.235429999999999e-05,175,0.0648629000024811,11.356066400032432,5.0,5.0,0.0959326314705735,True,175,shapley-20260606T025932Z-da342579,shapley,conditional,A,True,True,6.0,6.0
1.21287659236363,0.7130937065396991,0.7678473336356026,0.4053879805973598,0.4530741700104305,5.209727491651263,1.081146001815796,0.6094616055488586,0.6094616055488586,0.3194897770881653,0.3624647706747055,4.916829347610474,0.0959326314705735,0.8,8.235429999999999e-05,176,0.0674354999973729,11.423501900029803,5.0,5.0,0.0951009249466782,True,176,shapley-20260606T025932Z-da342579,shapley,conditional,A,True,True,6.0,6.0
1.2116052082606723,0.7201761688504901,0.7706172721726554,0.4104429483413696,0.4502179111753191,5.167447226388114,1.0783127546310425,0.6095075309276581,0.6095075607299805,0.3195081800222397,0.3624992221593857,4.92955493927002,0.0951009249466782,0.8,8.235429999999999e-05,177,0.0657610000016575,11.489262900031465,5.0,5.0,0.0943964743393784,True,177,shapley-20260606T025932Z-da342579,shapley,conditional,A,True,True,6.0,6.0
1.207793865885053,0.7164456503731864,0.7690022332327706,0.4083214870521,0.4508509380476815,5.2051544189453125,1.0814632177352903,0.6096214652061462,0.6096214652061462,0.319627895951271,0.3624919503927231,4.998510122299194,0.0943964743393784,0.8,8.235429999999999e-05,178,0.0644055000011576,11.55366840003262,5.0,5.0,0.0943815755623704,True,178,shapley-20260606T025932Z-da342579,shapley,conditional,A,True,True,6.0,6.0
1.2182904311588831,0.7230456897190639,0.7742922050612313,0.4113185831478664,0.4537170188767569,5.2472606386457175,1.0855656266212463,0.6096080541610718,0.6096080541610718,0.3197274953126907,0.3623506873846054,5.04290771484375,0.0943815755623704,0.8,8.235429999999999e-05,179,0.0649845000007189,11.61865290003334,5.0,5.0,0.0948106527108079,True,179,shapley-20260606T025932Z-da342579,shapley,conditional,A,True,True,6.0,6.0
1.20308974811009,0.701348500592368,0.755569509097508,0.4011438361236027,0.4430320688656398,5.292034830365862,1.0894075632095337,0.6091539263725281,0.6091539263725281,0.3194470107555389,0.3621336221694946,5.065397262573242,0.0948106527108079,0.8,5.764800999999999e-05,180,0.0622901999995519,11.680943100032891,5.0,5.0,0.0954646253365403,True,180,shapley-20260606T025932Z-da342579,shapley,conditional,A,True,True,6.0,6.0
1.2073687144688197,0.7039325152124677,0.7534412656511579,0.402000938143049,0.4393004221575601,5.2735370227268765,1.0845697522163391,0.6090332269668579,0.6090332269668579,0.3194213509559631,0.3620148301124573,4.981285333633423,0.0954646253365403,0.8,5.764800999999999e-05,181,0.061875899998995,11.742819000031886,5.0,5.0,0.0952774786728745,True,181,shapley-20260606T025932Z-da342579,shapley,conditional,A,True,True,6.0,6.0
1.2069803816931588,0.7123201148850578,0.7651654481887817,0.4061602098601205,0.4487565287521907,5.191785744258335,1.0750442743301392,0.6086385250091553,0.6086385250091553,0.319176435470581,0.3618276119232178,4.895236492156982,0.0952774786728745,0.8,5.764800999999999e-05,182,0.0619359000011172,11.804754900033004,5.0,5.0,0.0942298435944443,True,182,shapley-20260606T025932Z-da342579,shapley,conditional,A,True,True,6.0,6.0
1.2091657774788993,0.7256963167871747,0.7799306171280997,0.4120016055447714,0.4599112783159528,5.130746637071882,1.0704565048217771,0.6082224249839783,0.6082224547863007,0.3188897520303726,0.3616658747196197,4.905389308929443,0.0942298435944443,0.8,5.764800999999999e-05,183,0.0664123999995354,11.87116730003254,5.0,5.0,0.0932837366837388,True,183,shapley-20260606T025932Z-da342579,shapley,conditional,A,True,True,6.0,6.0
1.2052084718431746,0.7207576377051217,0.7713551010404315,0.4103651515075138,0.4512374188218798,5.193304470607212,1.0744205117225647,0.6079103648662567,0.6079103946685791,0.3186879009008407,0.361528068780899,5.000980615615845,0.0932837366837388,0.8,5.764800999999999e-05,184,0.0660177999998268,11.937185100032366,5.0,5.0,0.0932935428398972,True,184,shapley-20260606T025932Z-da342579,shapley,conditional,A,True,True,6.0,6.0
1.2127667324883598,0.7222012962613787,0.7725674510002136,0.4118442705699375,0.4509039691516331,5.258300031934466,1.0803510546684263,0.6073640882968903,0.6073640882968903,0.3182961493730545,0.361334890127182,5.0698792934417725,0.0932935428398972,0.8,4.035360699999999e-05,185,0.0630692000013368,12.000254300033705,5.0,5.0,0.0939923357743149,True,185,shapley-20260606T025932Z-da342579,shapley,conditional,A,True,True,6.0,6.0
1.202694058418274,0.6992369294166565,0.7500828163964408,0.3979792978082384,0.4401293694972992,5.356363364628384,1.0848941206932068,0.6075440943241119,0.6075440943241119,0.3183647841215133,0.3614741116762161,5.078606128692627,0.0939923357743149,0.8,4.035360699999999e-05,186,0.0685488999988592,12.068803200032562,5.0,5.0,0.0947783970612412,True,186,shapley-20260606T025932Z-da342579,shapley,conditional,A,True,True,6.0,6.0
1.214151876313346,0.7117216246468681,0.7681998610496521,0.4058550213064466,0.4529310635157993,5.301105431147984,1.0834659337997437,0.6071357429027557,0.6071357727050781,0.3180918544530868,0.3613048940896988,5.02572512626648,0.0947783970612412,0.8,4.035360699999999e-05,187,0.0656551000029139,12.134458300035476,5.0,5.0,0.095035648323906,True,187,shapley-20260606T025932Z-da342579,shapley,conditional,A,True,True,6.0,6.0
1.213227152824402,0.7133246149335589,0.7638694643974304,0.4056135841778346,0.4478198502744947,5.260157653263637,1.0805183053016665,0.60698002576828,0.60698002576828,0.3180479854345321,0.3611650019884109,4.982743740081787,0.095035648323906,0.8,4.035360699999999e-05,188,0.0632870999979786,12.197745400033456,5.0,5.0,0.0948630857247239,True,188,shapley-20260606T025932Z-da342579,shapley,conditional,A,True,True,6.0,6.0
1.2084359782082694,0.7126280665397644,0.7641710468700954,0.4048201952661787,0.4491885559899466,5.226562772478376,1.0775187611579895,0.6071949601173401,0.6071949899196625,0.3182390630245209,0.3611949235200882,4.957922458648682,0.0948630857247239,0.8,4.035360699999999e-05,189,0.0652814000022772,12.263026800035732,5.0,5.0,0.0944423103112107,True,189,shapley-20260606T025932Z-da342579,shapley,conditional,A,True,True,6.0,6.0
1.192506057875497,0.7028655239513942,0.7577827743121556,0.4013643264770508,0.4455230704375675,5.184546538761684,1.0735719203948977,0.6070066094398499,0.6070066094398499,0.3181371241807937,0.3610868602991104,4.940215110778809,0.0944423103112107,0.8,2.8247524899999997e-05,190,0.0647876999973959,12.327814500033128,5.0,5.0,0.0938444614189988,True,190,shapley-20260606T025932Z-da342579,shapley,conditional,A,True,True,6.0,6.0
1.1981885262898035,0.7109438862119403,0.7652900389262608,0.4047584874289376,0.4506644351141793,5.192044871194022,1.0714505910873413,0.6069074869155884,0.6069074869155884,0.3180817663669586,0.3610321283340454,4.950138330459595,0.0938444614189988,0.8,2.8247524899999997e-05,191,0.0693012000010639,12.397115700034192,5.0,5.0,0.0933458447235947,True,191,shapley-20260606T025932Z-da342579,shapley,conditional,A,True,True,6.0,6.0
1.2051767110824585,0.7172333768435887,0.7687532986913409,0.407159468957356,0.4519922903605869,5.227263382502964,1.0722689032554626,0.607085108757019,0.6070850789546967,0.3181762844324112,0.3611359596252441,4.983443737030029,0.0933458447235947,0.8,2.8247524899999997e-05,192,0.0634121000002778,12.46052780003447,5.0,5.0,0.093180282093895,True,192,shapley-20260606T025932Z-da342579,shapley,conditional,A,True,True,6.0,6.0
1.2004750967025757,0.7124442458152771,0.76485903773989,0.4069807231426239,0.4473478836672647,5.237490313393729,1.0738574266433716,0.6069756150245667,0.6069756150245667,0.3181007653474808,0.3610935807228088,5.010521411895752,0.093180282093895,0.8,2.8247524899999997e-05,193,0.0676999999996041,12.528227800034074,5.0,5.0,0.0932854962128525,True,193,shapley-20260606T025932Z-da342579,shapley,conditional,A,True,True,6.0,6.0
1.199810232434954,0.7074767862047467,0.7616622873714992,0.4026743514197213,0.4487348922661373,5.277706486838205,1.076276779174805,0.6067236065864563,0.6067236065864563,0.3179408758878708,0.3609784096479416,5.033506870269775,0.0932854962128525,0.8,2.8247524899999997e-05,194,0.066956200000277,12.595184000034353,5.0,5.0,0.0936205649155503,True,194,shapley-20260606T025932Z-da342579,shapley,conditional,A,True,True,6.0,6.0
1.2076207569667272,0.7107529129300799,0.7604904345103672,0.4052044749259949,0.4441074218068804,5.307250840323312,1.0786584615707395,0.6062604486942291,0.6062604486942291,0.3176614195108413,0.360748752951622,5.045878410339356,0.0936205649155503,0.8,1.9773267429999995e-05,195,0.0670600999983435,12.662244100032694,5.0,5.0,0.0940793490189439,True,195,shapley-20260606T025932Z-da342579,shapley,conditional,A,True,True,6.0,6.0
1.2048785516193934,0.7033269320215497,0.7549534014293126,0.3990320265293121,0.4449017133031572,5.3311558450971335,1.081566333770752,0.6060307621955872,0.6060307621955872,0.3175582140684128,0.3605906367301941,5.054622411727905,0.0940793490189439,0.8,1.9773267429999995e-05,196,0.0711835000001883,12.733427600032885,5.0,5.0,0.0946255731362229,True,196,shapley-20260606T025932Z-da342579,shapley,conditional,A,True,True,6.0,6.0
1.1917320149285453,0.6894856861659459,0.7425851992198399,0.3923538369791848,0.4377891847065517,5.307723590305874,1.0823988914489746,0.6061624586582184,0.6061624884605408,0.3176879435777664,0.3605931252241134,5.032850980758667,0.0946255731362229,0.8,1.9773267429999995e-05,197,0.0705162000012933,12.803943800034176,5.0,5.0,0.0949540829438096,True,197,shapley-20260606T025932Z-da342579,shapley,conditional,A,True,True,6.0,6.0
1.204892328807286,0.70461334500994,0.759371987410954,0.4014471471309662,0.4474060407706669,5.268641131264823,1.0814500451087952,0.606339693069458,0.6063396632671356,0.3178315013647079,0.3606352061033249,5.00357985496521,0.0949540829438096,0.8,1.9773267429999995e-05,198,0.0640707999991718,12.868014600033348,5.0,5.0,0.0949898814934617,True,198,shapley-20260606T025932Z-da342579,shapley,conditional,A,True,True,6.0,6.0
1.2076201609202797,0.7071049043110439,0.757156423160008,0.4028393583638327,0.4428963278021131,5.269142832074847,1.0788581371307373,0.6066102683544159,0.6066102981567383,0.3180170357227325,0.3607415705919266,4.971559524536133,0.0949898814934617,0.8,1.9773267429999995e-05,199,0.0660143000022799,12.934028900035628,5.0,5.0,0.094705476738823,True,199,shapley-20260606T025932Z-da342579,shapley,conditional,A,True,True,6.0,6.0
