loss,recon,recon_base,pix_recon,aux_recon_base,kl,val_loss,val_recon,val_recon_base,val_pix_recon,val_aux_recon_base,val_kl,beta,aux_loss_weight,lr,logical_epoch,epoch_duration_sec,elapsed_train_sec,kl_target,kl_target_final,next_beta,kl_controller_advanced,epoch,run_id,training_type,shapley_tactic,phase,advance_epoch_controls,dynamic_aux_step,cycle,sampling_phase
1.7488524743488856,1.7488524743488856,1.7488524743488856,0.9749407768249512,0.9673896091324944,5.338637754321098,1.5162510871887207,1.5162510871887207,1.516251027584076,0.8448570072650909,0.839242547750473,24.39030265808105,0.0,0.8,0.001,0,0.2786655000018072,0.2786655000018072,50.0,5.0,0.0,True,0,baseline-20260606T031343Z-577ee83c,baseline,none,,,,,
1.3691950695855275,1.3691950695855275,1.3691950695855275,0.7598944136074611,0.7616258178438459,34.83909797668457,1.1915689706802368,1.1915689706802368,1.1915689706802368,0.6580474376678467,0.6669019460678101,43.42737007141113,0.0,0.8,0.001,1,0.0630319000010786,0.3416974000028858,50.0,5.0,0.0,True,1,baseline-20260606T031343Z-577ee83c,baseline,none,,,,,
1.1390278169087,1.1390278169087,1.1390278169087,0.6291876264980861,0.6373002358845302,47.46002524239676,1.0533028841018677,1.0533028841018677,1.0533028841018677,0.5774069428443909,0.5948699116706848,50.483747482299805,0.0,0.8,0.001,2,0.0609522999984619,0.4026497000013478,50.0,5.0,0.0,True,2,baseline-20260606T031343Z-577ee83c,baseline,none,,,,,
1.0125215905053275,1.0125215905053275,1.0125215819903783,0.5549914836883545,0.5719126377786908,52.90020424979074,0.9590486586093904,0.9590486586093904,0.9590486586093904,0.523705780506134,0.5441785752773285,54.66216659545898,0.0,0.8,0.001,3,0.0630106999997224,0.4656604000010702,50.0,5.0,0.0,True,3,baseline-20260606T031343Z-577ee83c,baseline,none,,,,,
0.9329386268343244,0.9329386268343244,0.9329386353492736,0.5098924807139805,0.5288076741354806,57.72092165265765,0.8828245103359222,0.8828245103359222,0.8828245103359222,0.482768177986145,0.5000704377889633,59.5550479888916,0.0,0.8,0.001,4,0.0610476000001654,0.5267080000012356,50.0,5.0,0.0,True,4,baseline-20260606T031343Z-577ee83c,baseline,none,,,,,
0.8538179312433515,0.8538179312433515,0.8538179056985038,0.465630190713065,0.4852346394743238,62.070501055036274,0.8242493867874146,0.8242493867874146,0.8242493271827698,0.4489917904138565,0.4690719544887543,62.77260780334473,0.0,0.8,0.001,5,0.0610111000023607,0.5877191000035964,50.0,5.0,0.0,True,5,baseline-20260606T031343Z-577ee83c,baseline,none,,,,,
0.7917485322271075,0.7917485322271075,0.7917485322271075,0.4274174358163561,0.4554138822214944,64.79795891898019,0.7742939591407776,0.7742939591407776,0.7742939591407776,0.4174325615167618,0.4460767656564712,66.37261581420898,0.0,0.8,0.001,6,0.0616818000016792,0.6494009000052756,50.0,5.0,0.0,True,6,baseline-20260606T031343Z-577ee83c,baseline,none,,,,,
0.7349959867341178,0.7349959867341178,0.734995995249067,0.3932282754353114,0.4272096497671945,69.31155068533761,0.7328551113605499,0.7328551113605499,0.7328551113605499,0.3915348052978515,0.4266503602266311,71.06691360473633,0.0,0.8,0.001,7,0.06186290000187,0.7112638000071456,50.0,5.0,0.0,True,7,baseline-20260606T031343Z-577ee83c,baseline,none,,,,,
0.6970315490450177,0.6970315490450177,0.6970315405300685,0.3700516777379172,0.4087248231683458,73.11360822405133,0.6991870403289795,0.6991870403289795,0.6991870403289795,0.3719723522663116,0.4090183675289154,74.31770324707031,0.0,0.8,0.001,8,0.0632636999980604,0.7745275000052061,50.0,5.0,0.0,True,8,baseline-20260606T031343Z-577ee83c,baseline,none,,,,,
0.6661455886704581,0.6661455886704581,0.6661455716405597,0.35041058915002,0.3946687451430729,76.02833775111607,0.673496276140213,0.673496276140213,0.673496276140213,0.3558864444494247,0.3970122784376144,76.7063980102539,0.0,0.8,0.001,9,0.0702588999993167,0.8447864000045229,50.0,5.0,0.0,True,9,baseline-20260606T031343Z-577ee83c,baseline,none,,,,,
0.6388312322752816,0.6388312322752816,0.6388312322752816,0.3349493188517434,0.3798523672989436,78.34615870884487,0.6527649164199829,0.6527649164199829,0.6527649164199829,0.3430038541555404,0.3872013539075851,79.32288360595703,0.0,0.8,0.001,10,0.0588322000003245,0.9036186000048474,50.0,5.0,0.001,True,10,baseline-20260606T031343Z-577ee83c,baseline,none,,,,,
0.6858788217817035,0.6174175313540867,0.6174175228391375,0.3219666481018066,0.3693135976791382,68.46128409249442,0.6887966096401215,0.6388608813285828,0.6388608813285828,0.3344518989324569,0.3805112093687057,49.93572425842285,0.001,0.8,0.001,11,0.0636109999977634,0.9672296000026108,46.1864406779661,5.0,0.002,True,11,baseline-20260606T031343Z-577ee83c,baseline,none,,,,,
0.689897860799517,0.6166588323456901,0.6166588238307408,0.3214838973113468,0.3689686570848737,36.61951010567801,0.6847855448722839,0.632238894701004,0.6322388648986816,0.331825241446495,0.3755170553922653,26.2733211517334,0.002,0.8,0.001,12,0.0589166999998269,1.0261463000024378,42.91338582677166,5.0,0.001,True,12,baseline-20260606T031343Z-577ee83c,baseline,none,,,,,
0.6365478549684797,0.6063511201313564,0.6063511031014579,0.3155465849808284,0.3635056614875793,30.19673429216657,0.6551596224308014,0.6190135478973389,0.6190135478973389,0.3229831755161285,0.3700379729270935,36.14608955383301,0.001,0.8,0.001,13,0.0605730999996012,1.086719400002039,40.0735294117647,5.0,0.0,True,13,baseline-20260606T031343Z-577ee83c,baseline,none,,,,,
0.5799556289400373,0.5799556289400373,0.5799556204250881,0.3005026408604213,0.3493162052971976,42.72893796648298,0.6075868606567383,0.6075868606567383,0.6075868606567383,0.3164048939943313,0.3639774471521377,48.812591552734375,0.0,0.8,0.001,14,0.0611905000005208,1.14790990000256,37.58620689655172,5.0,0.001,True,14,baseline-20260606T031343Z-577ee83c,baseline,none,,,,,
0.612750802721296,0.5640300256865365,0.564030042716435,0.2910864012581961,0.3411795454365866,48.72076851981027,0.6434560120105743,0.5985245108604431,0.5985245108604431,0.3110608607530594,0.3593295365571975,44.9315185546875,0.001,0.8,0.001,15,0.0654429999995045,1.2133529000020644,35.3896103896104,5.0,0.002,True,15,baseline-20260606T031343Z-577ee83c,baseline,none,,,,,
0.6321145721844265,0.5565179927008492,0.5565179927008492,0.2867411247321537,0.3372210775102888,37.798291887555806,0.6505413353443146,0.5942515134811401,0.5942514836788177,0.3083974123001098,0.3573175966739654,28.1449031829834,0.002,0.8,0.001,16,0.061339299998508,1.2746922000005725,33.435582822085884,5.0,0.001,True,16,baseline-20260606T031343Z-577ee83c,baseline,none,,,,,
0.5935821107455662,0.5664418424878802,0.5664418424878802,0.2920387855597904,0.3430038009371076,27.14026587350028,0.6172321438789368,0.5898808836936951,0.5898808836936951,0.3059407323598861,0.3549251556396484,27.35125541687012,0.001,0.8,0.001,17,0.0627034999997704,1.337395700000343,31.68604651162791,5.0,0.0,True,17,baseline-20260606T031343Z-577ee83c,baseline,none,,,,,
0.5468137604849679,0.5468137604849679,0.5468137604849679,0.2807491591998509,0.3325807367052351,32.903280530657085,0.5871660113334656,0.5871660113334656,0.5871659815311432,0.3039697706699371,0.3539952784776687,39.1230354309082,0.0,0.8,0.001,18,0.0675287999983993,1.4049244999987422,30.11049723756906,5.0,0.001,True,18,baseline-20260606T031343Z-577ee83c,baseline,none,,,,,
0.5734835181917463,0.5326550092015948,0.5326550006866455,0.2727227551596505,0.3249153069087437,40.8285026550293,0.6150796115398407,0.5757063627243042,0.5757063329219818,0.2970210909843445,0.3483565598726272,39.37323760986328,0.001,0.8,0.001,19,0.0608140000003913,1.4657384999991336,28.684210526315788,5.0,0.002,True,19,baseline-20260606T031343Z-577ee83c,baseline,none,,,,,
0.6008824110031128,0.5312712958880833,0.5312712958880833,0.2714668852942331,0.3247555196285248,34.80555970328195,0.6314211189746857,0.5753330290317535,0.5753330290317535,0.296649694442749,0.3483541756868362,28.04404163360596,0.002,0.8,0.001,20,0.0646629000002576,1.5304013999993913,27.38693467336684,5.0,0.003,True,20,baseline-20260606T031343Z-577ee83c,baseline,none,,,,,
0.6149991750717163,0.5408421754837036,0.5408421754837036,0.277991839817592,0.3285629195826394,24.71900013514928,0.6405347585678101,0.5741593837738037,0.5741593837738037,0.2959743589162826,0.3477312475442886,22.12512588500977,0.003,0.8,0.001,21,0.0622265000019979,1.5926279000013892,26.20192307692308,5.0,0.002,True,21,baseline-20260606T031343Z-577ee83c,baseline,none,,,,,
0.5855768578393119,0.5368291650499616,0.5368291735649109,0.2763580254146031,0.3255889288016728,24.373848506382533,0.6284580230712891,0.5747001469135284,0.5747001767158508,0.2966423332691192,0.3475722819566726,26.87894058227539,0.002,0.8,0.001,22,0.0640635000017937,1.656691400003183,25.11520737327189,5.0,0.003,True,22,baseline-20260606T031343Z-577ee83c,baseline,none,,,,,
0.6053089925221035,0.5247178418295724,0.5247178418295724,0.269759680543627,0.318697703736169,26.863719940185547,0.6444255709648132,0.569458395242691,0.569458395242691,0.2940068244934082,0.3443144410848617,24.989052772521973,0.003,0.8,0.001,23,0.0595604999980423,1.7162519000012253,24.11504424778761,5.0,0.004,True,23,baseline-20260606T031343Z-577ee83c,baseline,none,,,,,
0.6149560213088989,0.5249803832599095,0.5249803747449603,0.269363671541214,0.3195208779403141,22.49390765598842,0.6459915935993195,0.5692378878593445,0.5692379176616669,0.2931432127952575,0.3451183885335922,19.188426971435547,0.004,0.8,0.001,24,0.0598504999979923,1.7761023999992176,23.191489361702125,5.0,0.003,True,24,baseline-20260606T031343Z-577ee83c,baseline,none,,,,,
0.5906867810658046,0.5267523441995893,0.5267523271696908,0.2704714238643646,0.3203511323247637,21.31147711617606,0.6347230076789856,0.5686107873916626,0.5686107575893402,0.2924616932868957,0.3451863378286361,22.03740692138672,0.003,0.8,0.001,25,0.0598792999990109,1.8359816999982288,22.33606557377049,5.0,0.002,True,25,baseline-20260606T031343Z-577ee83c,baseline,none,,,,,
0.5588414243289402,0.5088958144187927,0.5088958144187927,0.2601460899625505,0.3109371449266161,24.972800391060964,0.6136908531188965,0.5625008642673492,0.5625008642673492,0.2894444614648819,0.3413205295801162,25.594993591308597,0.002,0.8,0.001,26,0.0596174000020255,1.895599100000254,21.541501976284582,5.0,0.003,True,26,baseline-20260606T031343Z-577ee83c,baseline,none,,,,,
0.5795469965253558,0.5042945614882878,0.5042945444583893,0.2569257233824049,0.3092110284737178,25.08414786202567,0.6255629658699036,0.5589110255241394,0.5589110255241394,0.2873091250658035,0.3395023643970489,22.217312812805176,0.003,0.8,0.001,27,0.0632136999993235,1.9588127999995777,20.80152671755725,5.0,0.004,True,27,baseline-20260606T031343Z-577ee83c,baseline,none,,,,,
0.5985562971660069,0.5151467067854745,0.5151467153004238,0.2643892594746181,0.3134468197822571,20.85239819117955,0.6345084011554718,0.5577354431152344,0.5577354431152344,0.2864184975624084,0.3391461670398712,19.19324016571045,0.004,0.8,0.001,28,0.0604714000000967,2.0192841999996745,20.11070110701107,5.0,0.003,True,28,baseline-20260606T031343Z-577ee83c,baseline,none,,,,,
0.5728067585400173,0.5096198959009988,0.5096198916435242,0.2602627107075282,0.3116964697837829,21.062285831996373,0.625849574804306,0.5595514476299286,0.5595514476299286,0.2878421545028686,0.3396365940570831,22.099377632141117,0.003,0.8,0.001,29,0.0675682000000961,2.0868523999997706,19.46428571428571,5.0,0.004,True,29,baseline-20260606T031343Z-577ee83c,baseline,none,,,,,
0.5928089278084892,0.5035954798970904,0.5035954713821411,0.2568661400250026,0.3084116620676858,22.30335944039481,0.6379006803035736,0.555851548910141,0.555851548910141,0.2847639918327331,0.3388594388961792,20.512280464172363,0.004,0.8,0.001,30,0.0634968999984266,2.150349299998197,18.858131487889278,5.0,0.005,True,30,baseline-20260606T031343Z-577ee83c,baseline,none,,,,,
0.6041826350348336,0.5067061100687299,0.5067061100687299,0.258444573198046,0.3103269125734056,19.49530601501465,0.6445278227329254,0.5557583570480347,0.5557583570480347,0.2852104753255844,0.3381848484277725,17.75389575958252,0.005,0.8,0.001,31,0.0625588999973842,2.212908199995581,18.288590604026847,5.0,0.004,True,31,baseline-20260606T031343Z-577ee83c,baseline,none,,,,,
0.5823533620153155,0.505016028881073,0.505016028881073,0.2587860503367015,0.3077874651976994,19.334332874843053,0.6336957514286041,0.5533229112625122,0.5533229112625122,0.2835291475057602,0.3372422158718109,20.09320545196533,0.004,0.8,0.001,32,0.0631533999985549,2.2760615999941365,17.752442996742666,5.0,0.005,True,32,baseline-20260606T031343Z-577ee83c,baseline,none,,,,,
0.6033297777175903,0.5015548808234078,0.5015548978533063,0.2556121051311493,0.3074284791946411,20.354980196271622,0.648906946182251,0.5536379516124725,0.5536379516124725,0.2827624976634979,0.3385943174362182,19.05379581451416,0.005,0.8,0.001,33,0.0605608000005304,2.336622399994667,17.246835443037973,5.0,0.006,True,33,baseline-20260606T031343Z-577ee83c,baseline,none,,,,,
0.6147169300488063,0.5060253654207502,0.5060253611632756,0.2591605399336134,0.3085810244083404,18.115262167794363,0.6566642224788666,0.5526686906814575,0.5526686906814575,0.2826378792524338,0.3375385403633117,17.332584381103516,0.006,0.8,0.001,34,0.063582700000552,2.400205099995219,16.769230769230766,5.0,0.007,True,34,baseline-20260606T031343Z-577ee83c,baseline,none,,,,,
0.633345365524292,0.5130209837641034,0.5130209795066288,0.2621529996395111,0.3135849918637957,17.189196722848074,0.6694610416889191,0.5498265027999878,0.5498265027999878,0.2799951434135437,0.3372891843318939,17.090646743774414,0.007,0.8,0.001,35,0.0592049000006227,2.4594099999958416,16.317365269461078,5.0,0.008,True,35,baseline-20260606T031343Z-577ee83c,baseline,none,,,,,
0.6430709617478507,0.5089378952980042,0.5089378952980042,0.2599684787648065,0.3112117733274187,16.766632352556503,0.6822884976863861,0.5515889525413513,0.5515889525413513,0.2821452617645263,0.3368046134710312,16.337440490722656,0.008,0.8,0.001,36,0.0638672000022779,2.52327719999812,15.889212827988338,5.0,0.009,True,36,baseline-20260606T031343Z-577ee83c,baseline,none,,,,,
0.6602992074830192,0.5174988423074994,0.5174988337925502,0.2649443575314113,0.3156930931976863,15.866709300449916,0.6905848979949951,0.5542939901351929,0.5542939901351929,0.2844036668539047,0.3373628556728363,15.143434524536133,0.009,0.8,0.001,37,0.0617582000013499,2.585035399999469,15.482954545454549,5.0,0.008,True,37,baseline-20260606T031343Z-577ee83c,baseline,none,,,,,
0.6404457858630589,0.510719929422651,0.5107199209077018,0.2619970398289816,0.3109035960265568,16.215731075831822,0.6828835308551788,0.5566940009593964,0.5566940009593964,0.2869052737951278,0.3372358977794647,15.773689270019531,0.008,0.8,0.001,38,0.0596363000004203,2.64467169999989,15.096952908587255,5.0,0.009,True,38,baseline-20260606T031343Z-577ee83c,baseline,none,,,,,
0.6595152701650348,0.5171988947050912,0.517198886190142,0.2655135095119476,0.3146067091396877,15.812930515834264,0.6871503293514252,0.552017867565155,0.552017867565155,0.2839558124542236,0.3350775390863418,15.01471710205078,0.009,0.8,0.001,39,0.0600742999995418,2.704745999999432,14.729729729729732,5.0,0.01,True,39,baseline-20260606T031343Z-577ee83c,baseline,none,,,,,
0.6669046112469265,0.5155161363737923,0.5155161619186401,0.2655877130372183,0.3124105376856668,15.138846942356654,0.6983171999454498,0.5514213442802429,0.5514213740825653,0.2832560092210769,0.3352066874504089,14.689587593078612,0.01,0.8,0.001,40,0.0635217000017291,2.768267700001161,14.379947229551448,5.0,0.011,True,40,baseline-20260606T031343Z-577ee83c,baseline,none,,,,,
0.6832913330623082,0.5214943034308297,0.521494311945779,0.2701744607516697,0.314149796962738,14.708820751735145,0.7077627182006836,0.5519089996814728,0.5519089996814728,0.2830603271722793,0.3360608071088791,14.1685209274292,0.011,0.8,0.001,41,0.066439199999877,2.834706900001038,14.046391752577314,5.0,0.012,True,41,baseline-20260606T031343Z-577ee83c,baseline,none,,,,,
0.6944638575826373,0.5228716816220965,0.522871698651995,0.2697244797434125,0.3164340087345668,14.299347060067314,0.722422182559967,0.5604162216186523,0.5604162216186523,0.2886125147342682,0.3397546261548996,13.500494003295898,0.012,0.8,0.001,42,0.0682833999999275,2.9029903000009654,13.727959697733,5.0,0.011,True,42,baseline-20260606T031343Z-577ee83c,baseline,none,,,,,
0.6816584127289909,0.5222296459334237,0.522229654448373,0.2693046459129878,0.316156268119812,14.493524551391602,0.7071837782859802,0.5482045412063599,0.5482045412063599,0.2807381153106689,0.3343330174684524,14.45265769958496,0.011,0.8,0.001,43,0.0700198999984422,2.973010199999408,13.423645320197046,5.0,0.012,True,43,baseline-20260606T031343Z-577ee83c,baseline,none,,,,,
0.6934004255703518,0.5231910858835492,0.5231910858835492,0.2689363232680729,0.3178184330463409,14.184113366263253,0.7122130692005157,0.5524606108665466,0.5524606108665466,0.2827611416578293,0.3371243178844452,13.312705039978027,0.012,0.8,0.001,44,0.0658494000017526,3.0388596000011603,13.132530120481931,5.0,0.013,True,44,baseline-20260606T031343Z-577ee83c,baseline,none,,,,,
0.7103928583008903,0.5286191020693097,0.5286191020693097,0.272573960678918,0.3200564043862479,13.982596533639091,0.7167855203151703,0.5490415096282959,0.5490414798259735,0.2814648449420929,0.3344708085060119,12.90338659286499,0.013,0.8,0.001,45,0.0652004000003216,3.104060000001482,12.85377358490566,5.0,0.0134961300795933,True,45,baseline-20260606T031343Z-577ee83c,baseline,none,,,,,
0.7058372582708087,0.5233902760914394,0.5233902760914394,0.2706954479217529,0.3158685224396841,13.518465723310198,0.7236685454845428,0.5515191853046417,0.5515191853046417,0.2817610204219818,0.3371977210044861,12.755462169647217,0.0134961300795933,0.8,0.001,46,0.0636579999991227,3.1677180000006047,12.586605080831404,5.0,0.0144961300795933,True,46,baseline-20260606T031343Z-577ee83c,baseline,none,,,,,
0.7221266627311707,0.5280328563281468,0.5280328392982483,0.2719162617410932,0.3201457219464438,13.389353615897042,0.7261525690555573,0.5470312237739563,0.5470312237739563,0.2805870175361633,0.3330552279949188,12.356494426727297,0.0144961300795933,0.8,0.001,47,0.06000579999818,3.2277237999987847,12.33031674208145,5.0,0.0147579069260517,True,47,baseline-20260606T031343Z-577ee83c,baseline,none,,,,,
0.7197252852576119,0.5268436329705375,0.5268436244555882,0.2719008496829441,0.3186784514359065,13.06971618107387,0.729343980550766,0.5459571480751038,0.5459571480751038,0.2788140773773193,0.3339288234710693,12.42634391784668,0.0147579069260517,0.8,0.001,48,0.0602747000011731,3.287998499999958,12.084257206208427,5.0,0.0157579069260517,True,48,baseline-20260606T031343Z-577ee83c,baseline,none,,,,,
0.7344102604048592,0.5300459691456386,0.5300459691456386,0.2727380607809339,0.3216348843915121,12.968999453953334,0.742415577173233,0.5493303537368774,0.5493303537368774,0.281634509563446,0.3346197456121444,12.253228187561035,0.0157579069260517,0.8,0.001,49,0.0632616000002599,3.351260100000218,11.847826086956523,5.0,0.0167579069260517,True,49,baseline-20260606T031343Z-577ee83c,baseline,none,,,,,
0.7446449398994446,0.5320956110954285,0.5320956025804792,0.2759974343436105,0.3201227060386112,12.683525221688408,0.7477143108844757,0.545469343662262,0.5454692840576172,0.2791733741760254,0.3328698873519897,12.068629264831545,0.0167579069260517,0.8,0.001,50,0.067141100000299,3.418401200000517,11.620469083155657,5.0,0.0177579069260517,True,50,baseline-20260606T031343Z-577ee83c,baseline,none,,,,,
0.7605501668793815,0.5431928379195077,0.5431928294045585,0.2816657253674098,0.326908882175173,12.240030561174663,0.774152010679245,0.5493253469467163,0.5493253171443939,0.2814310491085052,0.3348678350448608,12.660651683807371,0.0177579069260517,0.8,0.001,51,0.0621709000006376,3.4805721000011545,11.40167364016736,5.0,0.0187579069260517,True,51,baseline-20260606T031343Z-577ee83c,baseline,none,,,,,
0.7669550095285688,0.5388785430363247,0.5388785515512738,0.2792406337601797,0.3245473844664437,12.158950396946498,0.7767530977725983,0.5498557090759277,0.5498557090759277,0.2828325778245926,0.3337789177894592,12.096091747283936,0.0187579069260517,0.8,0.001,52,0.0647977000007813,3.545369800001936,11.190965092402465,5.0,0.0197579069260517,True,52,baseline-20260606T031343Z-577ee83c,baseline,none,,,,,
0.7767681138856071,0.5429330383028302,0.542933029787881,0.2818292507103511,0.3263797206538064,11.835012435913086,0.7776288390159607,0.5531072020530701,0.5531072020530701,0.2841899544000625,0.3361465334892273,11.363633155822754,0.0197579069260517,0.8,0.001,53,0.0620936999985133,3.607463500000449,10.987903225806448,5.0,0.0207579069260517,True,53,baseline-20260606T031343Z-577ee83c,baseline,none,,,,,
0.7885835341044835,0.5456401705741882,0.5456401790891375,0.2839918860367366,0.3270603588649204,11.70365456172398,0.7898808717727661,0.5511756539344788,0.5511756837368011,0.2831514775753021,0.3350302577018738,11.499485969543455,0.0207579069260517,0.8,0.001,54,0.0640076999989105,3.67147119999936,10.792079207920786,5.0,0.0217579069260517,True,54,baseline-20260606T031343Z-577ee83c,baseline,none,,,,,
0.7961634567805699,0.552729640688215,0.552729640688215,0.287967677627291,0.3309524655342102,11.188292503356934,0.7931061387062073,0.55118328332901,0.55118328332901,0.2816566824913025,0.336908221244812,11.11884832382202,0.0217579069260517,0.8,0.001,55,0.0624872999978833,3.733958499997243,10.603112840466927,5.0,0.0227579069260517,True,55,baseline-20260606T031343Z-577ee83c,baseline,none,,,,,
0.8101125529834202,0.552311795098441,0.552311795098441,0.2877063027450016,0.3307568558624812,11.327964510236468,0.7995010316371918,0.5533521771430969,0.5533521771430969,0.2835985124111175,0.3371920734643936,10.815969944000244,0.0227579069260517,0.8,0.001,56,0.0612576999992597,3.795216199996503,10.42065009560229,5.0,0.0237579069260517,True,56,baseline-20260606T031343Z-577ee83c,baseline,none,,,,,
0.8206326280321393,0.5606926253863743,0.5606926253863743,0.2923271485737392,0.335456839629582,10.94119998386928,0.81001216173172,0.5531745553016663,0.5531745553016663,0.2841796278953552,0.3362436145544052,10.810616970062256,0.0237579069260517,0.8,0.001,57,0.07122309999977,3.866439299996273,10.244360902255636,5.0,0.0247579069260517,True,57,baseline-20260606T031343Z-577ee83c,baseline,none,,,,,
0.8348856738635472,0.5667684503964016,0.5667684418814523,0.2952576237065451,0.3393885322979518,10.82955959865025,0.8198098838329315,0.555009514093399,0.5550095438957214,0.285651832818985,0.3366971164941787,10.695587158203123,0.0247579069260517,0.8,0.001,58,0.0686468999992939,3.935086199995567,10.073937153419593,5.0,0.0257579069260517,True,58,baseline-20260606T031343Z-577ee83c,baseline,none,,,,,
0.8433255127498082,0.571569698197501,0.571569698197501,0.2992379409926278,0.3404146773474557,10.55038411276681,0.8144643306732178,0.553373396396637,0.553373396396637,0.2840223163366318,0.336688831448555,10.136341094970703,0.0257579069260517,0.8,0.001,59,0.0638136000015947,3.9988997999971616,9.909090909090908,5.0,0.0267579069260517,True,59,baseline-20260606T031343Z-577ee83c,baseline,none,,,,,
0.8441773142133441,0.5658204555511475,0.5658204640660968,0.296261864049094,0.3369482585362026,10.402788979666571,0.8254883885383606,0.5478488504886627,0.5478488504886627,0.2815632671117782,0.3328569680452347,10.37598180770874,0.0267579069260517,0.8,0.001,60,0.0670233999990159,4.065923199996178,9.749552772808585,5.0,0.0277579069260517,True,60,baseline-20260606T031343Z-577ee83c,baseline,none,,,,,
0.857346739087786,0.5713975088936942,0.5713975003787449,0.3000213461262839,0.339220187493733,10.3015410559518,0.8287635445594788,0.5548321902751923,0.5548322200775146,0.2855983674526214,0.3365423083305359,9.868587017059326,0.0277579069260517,0.8,0.001,61,0.063756800002011,4.129679999998189,9.595070422535208,5.0,0.0287579069260517,True,61,baseline-20260606T031343Z-577ee83c,baseline,none,,,,,
0.8680782829012189,0.574088488306318,0.574088488306318,0.3002758792468479,0.3422657634530748,10.22292000906808,0.84024977684021,0.551199346780777,0.5511993169784546,0.2825689315795898,0.3357880115509033,10.051164627075195,0.0287579069260517,0.8,0.001,62,0.0642664000006334,4.193946399998822,9.44540727902946,5.0,0.0297579069260517,True,62,baseline-20260606T031343Z-577ee83c,baseline,none,,,,,
0.8824288163866315,0.579170116356441,0.579170116356441,0.3036301093442099,0.3444250055721828,10.190861020769391,0.8451654314994812,0.553592324256897,0.553592324256897,0.2855825275182724,0.3350122272968292,9.798171520233154,0.0297579069260517,0.8,0.001,63,0.0646317999999155,4.2585781999987375,9.300341296928323,5.0,0.0307579069260517,True,63,baseline-20260606T031343Z-577ee83c,baseline,none,,,,,
0.8814355901309422,0.5773736664227077,0.5773736408778599,0.3010509141853877,0.3454034200736454,9.88565022604806,0.8356114327907562,0.5594723224639893,0.5594723224639893,0.2902301996946335,0.3365526497364044,8.977824687957764,0.0307579069260517,0.8,0.001,64,0.0637148000023444,4.322293000001082,9.15966386554622,5.0,0.0297579069260517,True,64,baseline-20260606T031343Z-577ee83c,baseline,none,,,,,
0.8706831080572945,0.5761057138442993,0.5761057138442993,0.3031925133296421,0.3411414836134229,9.899129867553713,0.8266812264919281,0.548585057258606,0.5485850274562836,0.2828592658042907,0.3321571797132492,9.345286846160889,0.0297579069260517,0.8,0.001,65,0.06391259999873,4.386205599999812,9.02317880794702,5.0,0.0307579069260517,True,65,baseline-20260606T031343Z-577ee83c,baseline,none,,,,,
0.8849225299698966,0.5781639729227338,0.5781639899526324,0.3015849377427782,0.3457237992967878,9.973323140825544,0.8396341800689697,0.5516225099563599,0.5516225099563599,0.2838754206895828,0.334683820605278,9.363826274871826,0.0307579069260517,0.8,0.001,66,0.0629583999980241,4.449163999997836,8.890701468189235,5.0,0.0317579069260517,True,66,baseline-20260606T031343Z-577ee83c,baseline,none,,,,,
0.8853830950600761,0.5767072013446263,0.5767071928296771,0.3016011374337332,0.3438825820173536,9.719655309404644,0.8419760167598724,0.5484004020690918,0.5484003722667694,0.2828269451856613,0.3319667875766754,9.244174480438232,0.0317579069260517,0.8,0.001,67,0.065462500002468,4.514626500000304,8.762057877813504,5.0,0.0327579069260517,True,67,baseline-20260606T031343Z-577ee83c,baseline,none,,,,,
0.8997798987797329,0.581463703087398,0.5814636860574994,0.305077246257237,0.34548305613654,9.717232022966655,0.8520388305187225,0.549680769443512,0.549680769443512,0.2842635214328766,0.3317715525627136,9.230077743530272,0.0327579069260517,0.8,0.001,68,0.0635532999986026,4.578179799998907,8.637083993660859,5.0,0.0337579069260517,True,68,baseline-20260606T031343Z-577ee83c,baseline,none,,,,,
0.904645996434348,0.5836145622389657,0.5836145792688642,0.3078096083232334,0.3447561817509787,9.509814943586075,0.8529166877269745,0.548552393913269,0.5485523641109467,0.2835482358932495,0.3312551379203796,9.016089916229248,0.0337579069260517,0.8,0.001,69,0.061750299999403,4.63993009999831,8.515625,5.0,0.0347579069260517,True,69,baseline-20260606T031343Z-577ee83c,baseline,none,,,,,
0.909696136202131,0.5806277564593724,0.5806277564593724,0.3048091403075627,0.3447732669966561,9.467438970293315,0.8515101075172424,0.5546228289604187,0.5546227991580963,0.2859744876623153,0.3358103781938553,8.541574954986572,0.0347579069260517,0.8,0.001,70,0.064406899997266,4.704336999995576,8.397534668721107,5.0,0.0357579069260517,True,70,baseline-20260606T031343Z-577ee83c,baseline,none,,,,,
0.9239890405109952,0.5995215603283474,0.5995215773582458,0.31537640946252,0.3551814343248095,9.074006761823382,0.8739111423492432,0.5516383051872253,0.5516383051872253,0.2842160612344742,0.3342777788639068,9.0126314163208,0.0357579069260517,0.8,0.001,71,0.0630974000014248,4.767434399997001,8.282674772036472,5.0,0.0367579069260517,True,71,baseline-20260606T031343Z-577ee83c,baseline,none,,,,,
0.9269375545637948,0.5977484583854675,0.5977484839303153,0.3140719703265598,0.354595627103533,8.955599239894322,0.8798907697200775,0.5564653873443604,0.5564653873443604,0.2871007174253464,0.3367058634757995,8.798797130584717,0.0367579069260517,0.8,0.001,72,0.0626090000005206,4.830043399997521,8.170914542728639,5.0,0.0377579069260517,True,72,baseline-20260606T031343Z-577ee83c,baseline,none,,,,,
0.941782568182264,0.6026710101536342,0.6026710101536342,0.3161109089851379,0.3582001115594591,8.981206485203334,0.8837429881095886,0.5526303946971893,0.5526303946971893,0.2857290059328079,0.3336267173290252,8.769357681274414,0.0377579069260517,0.8,0.001,73,0.0700775999976031,4.900120999995124,8.062130177514796,5.0,0.0387579069260517,True,73,baseline-20260606T031343Z-577ee83c,baseline,none,,,,,
0.9451703599521092,0.6019745469093323,0.601974538394383,0.3167553714343479,0.3565239565713065,8.854860033307757,0.8820181787014008,0.5535021424293518,0.5535021424293518,0.2868795245885849,0.3332782685756683,8.47610330581665,0.0387579069260517,0.8,0.001,74,0.0619864000000234,4.962107399995148,7.956204379562045,5.0,0.0397579069260517,True,74,baseline-20260606T031343Z-577ee83c,baseline,none,,,,,
0.960258790424892,0.6128729666982379,0.6128729666982379,0.3235197152410234,0.3616915770939418,8.737528256007604,0.8985204696655273,0.5624271631240845,0.5624271631240845,0.290835440158844,0.3394896388053894,8.453495979309082,0.0397579069260517,0.8,0.001,75,0.0615140999980212,5.023621499993169,7.853025936599423,5.0,0.0407579069260517,True,75,baseline-20260606T031343Z-577ee83c,baseline,none,,,,,
0.970527035849435,0.6171210493360247,0.6171210578509739,0.3259307401520865,0.3639878971236093,8.670857157026019,0.8960552215576172,0.5624158978462219,0.5624158978462219,0.2920162826776504,0.3379995226860046,8.185880184173584,0.0407579069260517,0.8,0.001,76,0.0623316000019258,5.085953099995095,7.752489331436699,5.0,0.0417579069260517,True,76,baseline-20260606T031343Z-577ee83c,baseline,none,,,,,
0.9728709374155315,0.6147792339324951,0.6147792254175458,0.3253617925303323,0.3617718006883348,8.575422831944056,0.8915037512779236,0.5640860795974731,0.5640860795974731,0.2932455390691757,0.3385506570339203,7.84085488319397,0.0417579069260517,0.8,0.001,77,0.0622315000000526,5.148184599995147,7.65449438202247,5.0,0.0427579069260517,True,77,baseline-20260606T031343Z-577ee83c,baseline,none,,,,,
0.9922742417880468,0.6227236986160278,0.6227236986160278,0.3311156800815037,0.3645100252968924,8.6428587777274,0.9057514369487762,0.5568702220916748,0.5568702220916748,0.2883027195930481,0.3357093781232834,8.159454822540283,0.0427579069260517,0.8,0.001,78,0.06830820000323,5.2164927999983774,7.558945908460473,5.0,0.0437579069260517,True,78,baseline-20260606T031343Z-577ee83c,baseline,none,,,,,
0.9923959459577288,0.6228135739053998,0.6228135739053998,0.3311093662466322,0.3646302563803537,8.446070875440325,0.9015153050422668,0.566438227891922,0.566438227891922,0.2942577302455902,0.3402256369590759,7.657520055770874,0.0437579069260517,0.8,0.001,79,0.0627709999971557,5.279263799995533,7.465753424657535,5.0,0.0447579069260517,True,79,baseline-20260606T031343Z-577ee83c,baseline,none,,,,,
0.998327544757298,0.6197561110769,0.6197561110769,0.3284703237669809,0.3641072298799242,8.458202293940953,0.905423790216446,0.5618124902248383,0.5618124306201935,0.2918462604284286,0.3374577313661575,7.6771080493927,0.0447579069260517,0.8,0.001,80,0.0632108999998308,5.342474699995364,7.374830852503379,5.0,0.0457579069260517,True,80,baseline-20260606T031343Z-577ee83c,baseline,none,,,,,
1.0045592444283622,0.6281695365905762,0.6281695451055255,0.3339501959936959,0.3677741587162018,8.225675719124931,0.9185875058174132,0.5698910653591156,0.5698910653591156,0.2958152145147323,0.3425948023796081,7.620462417602539,0.0457579069260517,0.8,0.001,81,0.0604013000011036,5.402875999996468,7.286096256684488,5.0,0.0467579069260517,True,81,baseline-20260606T031343Z-577ee83c,baseline,none,,,,,
1.0134982892445157,0.6403578434671674,0.6403578349522182,0.341591762644904,0.3734575850622995,7.980264186859131,0.9373775720596312,0.5653795599937439,0.5653795599937439,0.2939328253269195,0.339308425784111,7.955831289291382,0.0467579069260517,0.8,0.001,82,0.0678012000025773,5.470677199999045,7.199471598414796,5.0,0.0477579069260517,True,82,baseline-20260606T031343Z-577ee83c,baseline,none,,,,,
1.0249725580215454,0.6508522289139884,0.6508522289139884,0.3445925627435957,0.3828245784555162,7.83368308203561,0.9424492716789246,0.5582382082939148,0.5582382082939148,0.2893524616956711,0.3361071348190307,8.044972658157349,0.0477579069260517,0.8,0.001,83,0.0599068999981682,5.530584099997213,7.114882506527415,5.0,0.0487579069260517,True,83,baseline-20260606T031343Z-577ee83c,baseline,none,,,,,
1.031747886112758,0.6396229352269854,0.6396229267120361,0.3398537593228476,0.3747114624295916,8.04228435243879,0.9321072101593018,0.5665232539176941,0.5665232539176941,0.2933520823717117,0.3414639681577682,7.497941255569458,0.0487579069260517,0.8,0.001,84,0.0628673999999591,5.5934514999971725,7.032258064516128,5.0,0.0497579069260517,True,84,baseline-20260606T031343Z-577ee83c,baseline,none,,,,,
1.0396679299218314,0.646314833845411,0.6463148423603603,0.3430743813514709,0.3790505656174251,7.905338082994733,0.9181445837020874,0.5716501474380493,0.5716501176357269,0.2975640296936035,0.3426076173782348,6.963605642318726,0.0497579069260517,0.8,0.001,85,0.064583199997287,5.65803469999446,6.951530612244902,5.0,0.04987865722679,True,85,baseline-20260606T031343Z-577ee83c,baseline,none,,,,,
1.0316886390958513,0.6448466777801514,0.6448466777801514,0.3439150878361293,0.3761644746576036,7.755661283220563,0.9260428547859192,0.5651392638683319,0.5651392638683319,0.294204369187355,0.3386685848236084,7.235632419586182,0.04987865722679,0.8,0.001,86,0.0602500999993935,5.718284799993853,6.872635561160152,5.0,0.05087865722679,True,86,baseline-20260606T031343Z-577ee83c,baseline,none,,,,,
1.0359226976122176,0.6448243515832084,0.6448243430682591,0.3444459353174482,0.375473005431039,7.686883858272007,0.9356395304203032,0.5661633610725403,0.5661633610725403,0.2936991602182388,0.3405802547931671,7.261908531188965,0.05087865722679,0.8,0.001,87,0.0597275000000081,5.778012299993861,6.795511221945134,5.0,0.05187865722679,True,87,baseline-20260606T031343Z-577ee83c,baseline,none,,,,,
1.0557712146214075,0.6617918014526367,0.6617918014526367,0.3529485932418278,0.3860539879117693,7.594248294830322,0.9688071310520172,0.5759758353233337,0.5759758353233337,0.3006071597337723,0.3442108482122421,7.572117805480957,0.05187865722679,0.8,0.001,88,0.0697729000021354,5.847785199995997,6.720098643649813,5.0,0.05287865722679,True,88,baseline-20260606T031343Z-577ee83c,baseline,none,,,,,
1.0515927416937692,0.650380049433027,0.650380049433027,0.3472904094627925,0.3788620276110513,7.587422098432269,0.9559450447559356,0.5747847557067871,0.5747847855091095,0.3004032969474792,0.3429768681526184,7.208207130432129,0.05287865722679,0.8,0.001,89,0.0636113000000477,5.911396499996044,6.646341463414636,5.0,0.05387865722679,True,89,baseline-20260606T031343Z-577ee83c,baseline,none,,,,,
1.062438930783953,0.6557050262178693,0.6557050432477679,0.3487661097730909,0.3836736508778163,7.54907260622297,0.9487588405609132,0.5750263631343842,0.5750263631343842,0.3013942241668701,0.3420401513576507,6.936559438705444,0.05387865722679,0.8,0.001,90,0.0597386000008555,5.9711350999969,6.57418576598311,5.0,0.05487865722679,True,90,baseline-20260606T031343Z-577ee83c,baseline,none,,,,,
1.070939302444458,0.6777309264455523,0.6777309349605015,0.3633404799870082,0.3929880516869681,7.165051324026925,0.9756204187870026,0.5676458179950714,0.5676458179950714,0.2955401986837387,0.3401320427656173,7.434121608734131,0.05487865722679,0.8,0.001,91,0.0693075000017415,6.0404425999986415,6.503579952267302,5.0,0.05587865722679,True,91,baseline-20260606T031343Z-577ee83c,baseline,none,,,,,
1.0835268667766027,0.6620064462934222,0.6620064377784729,0.3541854194232395,0.3847762772015163,7.54349558694022,0.9656157195568084,0.5786824226379395,0.5786824226379395,0.3012367337942123,0.3468070775270462,6.924527645111084,0.05587865722679,0.8,0.001,92,0.0619754999970609,6.102418099995703,6.434474616292796,5.0,0.05687865722679,True,92,baseline-20260606T031343Z-577ee83c,baseline,none,,,,,
1.103408864566258,0.6856005191802979,0.6856005191802979,0.3667618419442858,0.3985483476093837,7.345608711242676,0.982702910900116,0.5675086975097656,0.567508727312088,0.2953498065471649,0.3401986211538315,7.299649000167847,0.05687865722679,0.8,0.001,93,0.0646250999998301,6.167043199995533,6.3668224299065415,5.0,0.05787865722679,True,93,baseline-20260606T031343Z-577ee83c,baseline,none,,,,,
1.0903393370764596,0.6682786515780857,0.6682786515780857,0.3578052009854998,0.3880918111119951,7.292164121355329,0.9519500732421876,0.5849519968032837,0.5849519968032837,0.3069537878036499,0.3474977612495422,6.340818643569946,0.05787865722679,0.8,0.001,94,0.0637043999995512,6.230747599995084,6.300578034682083,5.0,0.0582810633156686,True,94,baseline-20260606T031343Z-577ee83c,baseline,none,,,,,
1.1066396406718664,0.6839892012732369,0.6839891842433384,0.3657375488962446,0.3978145250252315,7.25193418775286,0.9929175674915314,0.5773863196372986,0.5773863196372986,0.3021675199270248,0.3440234959125519,7.129781007766724,0.0582810633156686,0.8,0.001,95,0.0612169999985781,6.291964599993662,6.235697940503435,5.0,0.0592810633156686,True,95,baseline-20260606T031343Z-577ee83c,baseline,none,,,,,
1.0990961619785853,0.6819834624017987,0.6819834794316973,0.3641259159360613,0.3973219309534345,7.036187785012381,0.9765751361846924,0.5806674361228943,0.5806674361228943,0.3038198351860046,0.3460594713687897,6.67848539352417,0.0592810633156686,0.8,0.001,96,0.0669794000023102,6.358943999995972,6.172140430351078,5.0,0.0602810633156686,True,96,baseline-20260606T031343Z-577ee83c,baseline,none,,,,,
1.0998861619404383,0.6739219767706734,0.6739219852856227,0.3606260248592922,0.3916199462754385,7.066301618303571,0.9495788812637328,0.5867477059364319,0.5867477059364319,0.3066393584012985,0.3501354157924652,6.018990993499756,0.0602810633156686,0.8,0.001,97,0.0631305999995675,6.42207459999554,6.109865470852014,5.0,0.059372318542146,True,97,baseline-20260606T031343Z-577ee83c,baseline,none,,,,,
1.1008737938744682,0.6831194162368774,0.6831194077219281,0.3646319721426282,0.398109278508595,7.036181313650949,0.9873130619525908,0.578490674495697,0.578490674495697,0.3026217520236969,0.3448361307382583,6.8857409954071045,0.059372318542146,0.8,0.001,98,0.0629644999971787,6.485039099992719,6.048834628190896,5.0,0.060372318542146,True,98,baseline-20260606T031343Z-577ee83c,baseline,none,,,,,
1.0949969802583968,0.688026853970119,0.688026853970119,0.3682589020047869,0.3997099229267665,6.741005420684815,0.975637584924698,0.5828365683555603,0.5828365385532379,0.3040351867675781,0.3485016971826553,6.506309986114502,0.060372318542146,0.8,0.001,99,0.0600233000004664,6.545062399993185,5.989010989010993,5.0,0.061372318542146,True,99,baseline-20260606T031343Z-577ee83c,baseline,none,,,,,
1.113712191581726,0.6856932810374669,0.6856932810374669,0.366919538804463,0.3984671745981489,6.974136011941092,0.9735526740550996,0.5817684531211853,0.5817684829235077,0.3052717596292496,0.3456208854913711,6.383728981018066,0.061372318542146,0.8,0.001,100,0.0597447000000102,6.604807099993195,5.930359085963005,5.0,0.062372318542146,True,100,baseline-20260606T031343Z-577ee83c,baseline,none,,,,,
1.1163898876735143,0.691359954220908,0.6913599627358573,0.3693542693342481,0.4025071135589054,6.81440019607544,0.9843448400497437,0.579931914806366,0.579931914806366,0.3034409880638122,0.3456136584281921,6.483853101730347,0.062372318542146,0.8,0.001,101,0.0637757000004057,6.668582799993601,5.872844827586206,5.0,0.063372318542146,True,101,baseline-20260606T031343Z-577ee83c,baseline,none,,,,,
1.1153792313167028,0.6909636855125427,0.6909636855125427,0.3702560748372759,0.4008844792842865,6.697175434657505,1.0092023611068726,0.5751834809780121,0.5751834511756897,0.2993490695953369,0.3447930067777633,6.848713636398315,0.063372318542146,0.8,0.001,102,0.061097099998733,6.729679899992334,5.81643543223052,5.0,0.064372318542146,True,102,baseline-20260606T031343Z-577ee83c,baseline,none,,,,,
1.1328061308179582,0.6911319323948452,0.6911319409097944,0.3703192259584154,0.4010158734662192,6.86124461037772,1.011762619018555,0.5824061632156372,0.5824061632156372,0.3043603003025055,0.347557321190834,6.66989278793335,0.064372318542146,0.8,0.001,103,0.0596180000029562,6.78929789999529,5.761099365750525,5.0,0.065372318542146,True,103,baseline-20260606T031343Z-577ee83c,baseline,none,,,,,
1.1327592815671648,0.6941659365381513,0.6941659365381513,0.3749597796372005,0.399007682289396,6.7091595104762485,0.9795218110084534,0.5864972472190857,0.5864972770214081,0.3074390888214111,0.3488227128982544,6.012094497680664,0.065372318542146,0.8,0.001,104,0.0640387000021291,6.853336599997419,5.706806282722511,5.0,0.066372318542146,True,104,baseline-20260606T031343Z-577ee83c,baseline,none,,,,,
1.1364227192742484,0.6917090330805097,0.691709041595459,0.3679589544023786,0.4046876089913504,6.70028829574585,0.9924244284629822,0.5867547392845154,0.5867547690868378,0.3081424981355667,0.3482653200626373,6.1120312213897705,0.066372318542146,0.8,0.001,105,0.0609538999997312,6.914290499997151,5.65352697095436,5.0,0.067372318542146,True,105,baseline-20260606T031343Z-577ee83c,baseline,none,,,,,
1.1469074657985143,0.715569291796003,0.7155692747661045,0.3830600849219731,0.415636488369533,6.402305398668561,1.0339741110801697,0.5922924876213074,0.5922924876213074,0.3104926198720932,0.3522498458623886,6.555832147598267,0.067372318542146,0.8,0.001,106,0.0633708000023034,6.977661299999454,5.601233299075027,5.0,0.068372318542146,True,106,baseline-20260606T031343Z-577ee83c,baseline,none,,,,,
1.151102031980242,0.7043221848351615,0.7043221763202122,0.3790496800627027,0.4065906064850943,6.534514086587088,0.9944067001342772,0.58999302983284,0.5899930000305176,0.3094477951526642,0.3506814986467361,5.914874315261841,0.068372318542146,0.8,0.001,107,0.0650304999981017,7.042691799997556,5.549898167006106,5.0,0.069372318542146,True,107,baseline-20260606T031343Z-577ee83c,baseline,none,,,,,
1.1588590826307024,0.7149877973965236,0.7149877888815743,0.3836591158594404,0.4141608391489301,6.398391996111188,1.0237060189247131,0.5875989496707916,0.5875989496707916,0.3088618069887161,0.3484214246273041,6.286470413208008,0.069372318542146,0.8,0.001,108,0.0600621999983559,7.102753999995912,5.499495459132191,5.0,0.070372318542146,True,108,baseline-20260606T031343Z-577ee83c,baseline,none,,,,,
1.156710181917463,0.705215070928846,0.7052150538989476,0.3800937405654362,0.4064016299588339,6.415804931095669,0.9991284012794496,0.5836836397647858,0.5836836397647858,0.3056379705667496,0.3475570976734161,5.9035255908966064,0.070372318542146,0.8,0.001,109,0.0623263999987102,7.165080399994622,5.450000000000003,5.0,0.071372318542146,True,109,baseline-20260606T031343Z-577ee83c,baseline,none,,,,,
1.1577942371368408,0.7049471735954285,0.7049471821103778,0.3782476655074528,0.4083743861743382,6.344855853489468,1.0072250366210938,0.5925663709640503,0.5925663709640503,0.311714768409729,0.3510645180940628,5.809797048568726,0.071372318542146,0.8,0.001,110,0.0666547000000719,7.231735099994694,5.401387512388503,5.0,0.072372318542146,True,110,baseline-20260606T031343Z-577ee83c,baseline,none,,,,,
1.1738061564309257,0.7310862711497715,0.7310862796647208,0.3951318647180284,0.419942992074149,6.117254529680524,1.0362262725830078,0.5916258692741394,0.5916258692741394,0.3111011385917663,0.3506559282541275,6.1432390213012695,0.072372318542146,0.8,0.001,111,0.0611803000028885,7.292915399997582,5.353634577603145,5.0,0.073372318542146,True,111,baseline-20260606T031343Z-577ee83c,baseline,none,,,,,
1.1869173220225744,0.7222913163048881,0.7222913248198373,0.3893547185829707,0.4161707418305533,6.332442624228341,1.0354479551315308,0.5915703177452087,0.5915703475475311,0.3109457641839981,0.3507807403802871,6.049660682678223,0.073372318542146,0.8,0.001,112,0.0688927999981388,7.361808199995721,5.306718597857838,5.0,0.074372318542146,True,112,baseline-20260606T031343Z-577ee83c,baseline,none,,,,,
1.1915498631341117,0.7221952847072056,0.7221952847072056,0.3890137544700077,0.4164769010884421,6.310876710074289,1.0328702926635742,0.5994380712509155,0.5994380712509155,0.3159627765417099,0.3543440997600555,5.82787036895752,0.074372318542146,0.8,0.001,113,0.0618858999987423,7.423694099994464,5.260617760617762,5.0,0.075372318542146,True,113,baseline-20260606T031343Z-577ee83c,baseline,none,,,,,
1.196161150932312,0.7444121667316982,0.7444121667316982,0.4022361593587057,0.427719988993236,5.993566513061523,1.0459780097007751,0.5973890423774719,0.5973890721797943,0.3149119317531585,0.3530964404344558,5.95164155960083,0.075372318542146,0.8,0.001,114,0.0598659999996016,7.483560099994065,5.215311004784688,5.0,0.076372318542146,True,114,baseline-20260606T031343Z-577ee83c,baseline,none,,,,,
1.2019682611737932,0.7394729426928929,0.7394729426928929,0.3984831869602203,0.4262371659278869,6.055797713143485,1.0330495834350586,0.6051324605941772,0.6051324605941772,0.3197623342275619,0.3567126393318176,5.603039979934692,0.076372318542146,0.8,0.001,115,0.0617882999977155,7.545348399991781,5.170777988614802,5.0,0.077372318542146,True,115,baseline-20260606T031343Z-577ee83c,baseline,none,,,,,
1.2066654988697596,0.7411876831735883,0.7411876831735883,0.4006652023111071,0.4256530914987836,6.016076632908413,1.0385339856147766,0.6004515886306763,0.6004515886306763,0.315745934844017,0.3558821082115173,5.662004232406616,0.077372318542146,0.8,0.001,116,0.0596738000022014,7.605022199993982,5.126999059266225,5.0,0.078372318542146,True,116,baseline-20260606T031343Z-577ee83c,baseline,none,,,,,
1.2000935929162162,0.7266579696110317,0.7266579610960824,0.3906082255499704,0.4200621673039028,6.040852410452707,1.0269912481307983,0.599398672580719,0.599398672580719,0.3160994946956634,0.3541239947080612,5.455913066864014,0.078372318542146,0.8,0.001,117,0.0590779000012844,7.664100099995267,5.083955223880601,5.0,0.079372318542146,True,117,baseline-20260606T031343Z-577ee83c,baseline,none,,,,,
1.2107727697917394,0.7431525332587106,0.7431525247437614,0.3992675074509212,0.4298562748091561,5.891477857317243,1.0431833267211914,0.596662163734436,0.596662163734436,0.3144389241933822,0.3527790158987045,5.625653266906738,0.079372318542146,0.8,0.001,118,0.065967600003205,7.730067699998472,5.04162812210916,5.0,0.080372318542146,True,118,baseline-20260606T031343Z-577ee83c,baseline,none,,,,,
1.2204466206686837,0.7613115055220467,0.7613114970070975,0.4137527900082724,0.4344483656542642,5.712602274758475,1.0720558166503906,0.6015492081642151,0.6015492081642151,0.3171552866697311,0.3554923832416534,5.854087829589844,0.080372318542146,0.8,0.001,119,0.0609280000026046,7.790995700001076,5.0,5.0,0.081372318542146,True,119,baseline-20260606T031343Z-577ee83c,baseline,none,,,,,
1.227947746004377,0.7432417699268886,0.7432417699268886,0.4015781709126064,0.4270794945103781,5.956644535064697,1.019570231437683,0.6069203615188599,0.6069203317165375,0.3210562318563461,0.3573300987482071,5.071133613586426,0.081372318542146,0.8,0.001,120,0.0620046999974874,7.853000399998564,5.0,5.0,0.0820836546780103,True,120,baseline-20260606T031343Z-577ee83c,baseline,none,,,,,
1.235801390239171,0.7623600193432399,0.7623600278581891,0.4132349107946668,0.4364063739776611,5.767791339329311,1.085947334766388,0.6083508133888245,0.6083508133888245,0.3219809383153915,0.3579623252153396,5.818411827087402,0.0820836546780103,0.8,0.001,121,0.0639240999989851,7.916924499997549,5.0,5.0,0.0902677729488843,True,121,baseline-20260606T031343Z-577ee83c,baseline,none,,,,,
1.2803113971437727,0.7940580504281181,0.7940580504281181,0.4288854045527322,0.4564657935074397,5.386787823268345,1.1004267930984497,0.6118459105491638,0.6118459403514862,0.3239374160766601,0.3598856180906296,5.4125730991363525,0.0902677729488843,0.8,0.001,122,0.0600834999968356,7.977007999994385,5.0,5.0,0.0943935039402479,True,122,baseline-20260606T031343Z-577ee83c,baseline,none,,,,,
1.3012903247560774,0.7755304234368461,0.7755304404667446,0.4199165488992418,0.4445173484938485,5.569873673575265,1.045658528804779,0.6217678487300873,0.6217678785324097,0.3310497254133224,0.3633976876735687,4.490676403045654,0.0943935039402479,0.8,0.001,123,0.0628978000022471,8.039905799996632,5.0,5.0,0.0893002679707044,True,123,baseline-20260606T031343Z-577ee83c,baseline,none,,,,,
1.286509837423052,0.8044235025133405,0.8044235025133405,0.4370359991277967,0.4592343611376626,5.398487091064453,1.0916889905929563,0.6151599586009979,0.6151599586009979,0.3260440230369568,0.361394926905632,5.336255311965942,0.0893002679707044,0.8,0.001,124,0.0646302999994077,8.10453609999604,5.0,5.0,0.0926628210903638,True,124,baseline-20260606T031343Z-577ee83c,baseline,none,,,,,
1.296098300388881,0.8010704943111965,0.801070477281298,0.4342622586659023,0.4585102753979819,5.34224830354963,1.1301127672195437,0.6208619773387909,0.6208619773387909,0.3289720267057419,0.3648624271154403,5.495740175247192,0.0926628210903638,0.8,0.001,125,0.0631437999982154,8.167679899994255,5.0,5.0,0.0976202228428357,True,125,baseline-20260606T031343Z-577ee83c,baseline,none,,,,,
1.3025853974478585,0.7926142386027745,0.792614221572876,0.43173434478896,0.451099830014365,5.224031584603446,1.0566052794456482,0.625742495059967,0.625742495059967,0.3343486189842224,0.3642423301935196,4.413663387298584,0.0976202228428357,0.8,0.0007,126,0.0634175000013783,8.231097399995633,5.0,5.0,0.0917568567158216,True,126,baseline-20260606T031343Z-577ee83c,baseline,none,,,,,
1.2817495720727103,0.8085015671593803,0.808501558644431,0.4382473826408386,0.4628177072320665,5.157630852290562,1.1175113320350647,0.6155636012554169,0.6155636012554169,0.3261308223009109,0.3617909699678421,5.47041130065918,0.0917568567158216,0.8,0.0007,127,0.0597268999990774,8.29082429999471,5.0,5.0,0.0964609697224134,True,127,baseline-20260606T031343Z-577ee83c,baseline,none,,,,,
1.29064975466047,0.7775757823671613,0.7775757738522121,0.4223199444157736,0.4440697729587555,5.3189800807407925,1.0532013773918152,0.6226442754268646,0.622644305229187,0.332301914691925,0.3629279881715774,4.463537216186523,0.0964609697224134,0.8,0.0007,128,0.0619561000021349,8.352780399996846,5.0,5.0,0.0910963418842786,True,128,baseline-20260606T031343Z-577ee83c,baseline,none,,,,,
1.2759418998445784,0.8021187441689628,0.8021187271390643,0.4330966259752001,0.4612776339054107,5.20134094783238,1.1215379238128662,0.6092365682125092,0.6092365682125092,0.3216601312160492,0.3594705313444137,5.6237311363220215,0.0910963418842786,0.8,0.0007,129,0.0618565999975544,8.4146369999944,5.0,5.0,0.0973336532474988,True,129,baseline-20260606T031343Z-577ee83c,baseline,none,,,,,
1.282194835799081,0.7672726511955261,0.7672726256506783,0.4154751854283469,0.4397468226296561,5.290278979710171,1.0404843091964722,0.6171385049819946,0.6171385049819946,0.32767453789711,0.3618299663066864,4.34942889213562,0.0973336532474988,0.8,0.0007,130,0.0634552000010444,8.478092199995444,5.0,5.0,0.090827942168855,True,130,baseline-20260606T031343Z-577ee83c,baseline,none,,,,,
1.2644175801958355,0.8117140020642962,0.8117139935493469,0.4411928142820085,0.4631514804703848,4.98418835231236,1.103514552116394,0.608244776725769,0.608244776725769,0.3217392265796661,0.3581318855285644,5.452834606170654,0.090827942168855,0.8,0.00049,131,0.063213800000085,8.54130599999553,5.0,5.0,0.0953562882305616,True,131,baseline-20260606T031343Z-577ee83c,baseline,none,,,,,
1.279248833656311,0.7547157236507961,0.7547157236507961,0.4076118086065565,0.4338798820972442,5.500771181924002,1.0634995102882383,0.6136068403720856,0.6136068403720856,0.3254829198122024,0.3601549118757248,4.718018054962158,0.0953562882305616,0.8,0.00049,132,0.066546100002597,8.607852099998127,5.0,5.0,0.0925364687801831,True,132,baseline-20260606T031343Z-577ee83c,baseline,none,,,,,
1.2708024638039723,0.8071161764008659,0.8071161764008659,0.4398519950253622,0.4590802192687988,5.010849135262625,1.0893226265907288,0.6091132760047913,0.6091132760047913,0.3217993825674057,0.3591423630714416,5.189405918121338,0.0925364687801831,0.8,0.00049,133,0.064092000000528,8.671944099998655,5.0,5.0,0.0944305279613965,True,133,baseline-20260606T031343Z-577ee83c,baseline,none,,,,,
1.283532670566014,0.7644903319222587,0.7644903319222587,0.4131695244993482,0.4391510018280574,5.496552399226597,1.0875421166419983,0.6110547780990601,0.6110547780990601,0.3236207664012909,0.3592925369739532,5.045903205871582,0.0944305279613965,0.8,0.00049,134,0.0604434000015317,8.732387500000186,5.0,5.0,0.0948895600201124,True,134,baseline-20260606T031343Z-577ee83c,baseline,none,,,,,
1.2742752858570645,0.7796312655721392,0.7796312655721392,0.4219968020915985,0.4470430612564087,5.212839262826102,1.0751019716262815,0.6115162968635559,0.6115162968635559,0.3241845220327377,0.3591647148132324,4.885528802871704,0.0948895600201124,0.8,0.00049,135,0.0633839000001899,8.795771400000376,5.0,5.0,0.0937448480488294,True,135,baseline-20260606T031343Z-577ee83c,baseline,none,,,,,
1.271259103502546,0.784506014415196,0.784506014415196,0.4243132386888776,0.450240956885474,5.192317826407296,1.0825293064117432,0.6045729517936707,0.6045729517936707,0.3198093622922897,0.3559544831514358,5.098481178283691,0.0937448480488294,0.8,0.000343,136,0.0644548999989638,8.86022629999934,5.0,5.0,0.0947296598316663,True,136,baseline-20260606T031343Z-577ee83c,baseline,none,,,,,
1.269970825740269,0.7708871875490461,0.7708871960639954,0.4187551311084202,0.4401650599070957,5.2685048920767645,1.0795869827270508,0.6091344058513641,0.6091344058513641,0.3228515833616256,0.3578535169363022,4.966264724731445,0.0947296598316663,0.8,0.000343,137,0.063228800001525,8.923455100000865,5.0,5.0,0.0943923070789807,True,137,baseline-20260606T031343Z-577ee83c,baseline,none,,,,,
1.26900885786329,0.7767394185066223,0.7767393844468253,0.4207181547369276,0.4450265254293169,5.215143816811698,1.080179214477539,0.6058124005794525,0.6058124005794525,0.3201599866151809,0.3570654988288879,5.025481939315796,0.0943923070789807,0.8,0.000343,138,0.0644037999991269,8.987858899999992,5.0,5.0,0.0946471264721387,True,138,baseline-20260606T031343Z-577ee83c,baseline,none,,,,,
1.2703228848321098,0.7706365925925118,0.7706365840775626,0.4162709074360983,0.4429570691926138,5.279466015951974,1.0728458166122437,0.6079242825508118,0.6079242825508118,0.3216687738895416,0.3578193932771683,4.9121575355529785,0.0946471264721387,0.8,0.000343,139,0.0630066999983682,9.05086559999836,5.0,5.0,0.0937687018276685,True,139,baseline-20260606T031343Z-577ee83c,baseline,none,,,,,
1.2636407954352242,0.7781721438680377,0.7781721523829869,0.421188222510474,0.4462299134050096,5.177299499511719,1.0697667002677915,0.609206348657608,0.609206348657608,0.3228838890790939,0.3579030483961105,4.911663770675659,0.0937687018276685,0.8,0.000343,140,0.0681665999982215,9.119032199996582,5.0,5.0,0.0928853395344251,True,140,baseline-20260606T031343Z-577ee83c,baseline,none,,,,,
1.2588616439274378,0.7760859216962542,0.7760859216962542,0.4194951057434082,0.4457385071686336,5.197544847215925,1.0667116045951843,0.6051589846611023,0.6051589846611023,0.3207748979330063,0.3554801046848297,4.969058275222778,0.0928853395344251,0.8,0.0002400999999999,141,0.084127800000715,9.203159999997297,5.0,5.0,0.0925759222866529,True,141,baseline-20260606T031343Z-577ee83c,baseline,none,,,,,
1.2529859031949724,0.7574186069624764,0.7574185984475272,0.4118010912622724,0.4320218903677804,5.353090422494071,1.0790979266166687,0.6016913652420044,0.6016913652420044,0.3184325993061065,0.3540734052658081,5.156919717788696,0.0925759222866529,0.8,0.0002400999999999,142,0.0784034999996947,9.281563499996992,5.0,5.0,0.0941451194645398,True,142,baseline-20260606T031343Z-577ee83c,baseline,none,,,,,
1.2612967661448888,0.7555165035384042,0.7555164779935565,0.4099270403385162,0.4319867874894823,5.372347286769322,1.075511395931244,0.6040999889373779,0.6040999889373779,0.3197630941867828,0.3554211109876632,5.007284641265869,0.0941451194645398,0.8,0.0002400999999999,143,0.0650648999981058,9.346628399995096,5.0,5.0,0.0942179658771985,True,143,baseline-20260606T031343Z-577ee83c,baseline,none,,,,,
1.258710469518389,0.7661025098391941,0.766102501324245,0.4151172595364706,0.4387315469128744,5.228387015206473,1.0663813948631289,0.6043011844158173,0.6043011844158173,0.3199193775653839,0.3554772436618805,4.904374837875366,0.0942179658771985,0.8,0.0002400999999999,144,0.0597749999978987,9.406403399992996,5.0,5.0,0.0932617142559522,True,144,baseline-20260606T031343Z-577ee83c,baseline,none,,,,,
1.251377088682992,0.7672856024333409,0.7672856109482902,0.416640111378261,0.4383068467889513,5.19067771094186,1.0606223940849304,0.6031235456466675,0.6031235456466675,0.3184331208467483,0.3558630496263504,4.905538082122803,0.0932617142559522,0.8,0.0002400999999999,145,0.0606499999994412,9.467053399992436,5.0,5.0,0.0923170950771802,True,145,baseline-20260606T031343Z-577ee83c,baseline,none,,,,,
1.2589575903756278,0.7761333159037999,0.7761333244187492,0.4205700159072876,0.4444541292531149,5.230063370295933,1.064736545085907,0.6002534031867981,0.6002534031867981,0.3169646710157394,0.3541108965873718,5.031388521194458,0.0923170950771802,0.8,0.0001680699999999,146,0.0630041000003984,9.530057499992836,5.0,5.0,0.0926309802891248,True,146,baseline-20260606T031343Z-577ee83c,baseline,none,,,,,
1.2586379732404436,0.7507764867373875,0.7507764867373875,0.4062507109982626,0.4306572037083762,5.482631206512451,1.0820757150650024,0.5989795029163361,0.5989794731140137,0.3164388090372085,0.3531758487224579,5.215276956558228,0.0926309802891248,0.8,0.0001680699999999,147,0.0633296999985759,9.593387199991412,5.0,5.0,0.0947837498547071,True,147,baseline-20260606T031343Z-577ee83c,baseline,none,,,,,
1.2637765066964286,0.7542506456375122,0.7542506286076137,0.4075254925659725,0.4334064253738948,5.375666686466762,1.0688658952713013,0.600572019815445,0.600572019815445,0.3178742825984955,0.3533721715211868,4.940655708312988,0.0947837498547071,0.8,0.0001680699999999,148,0.0641156999990926,9.657502899990504,5.0,5.0,0.0941903069378369,True,148,baseline-20260606T031343Z-577ee83c,baseline,none,,,,,
1.2540870564324516,0.7698458092553275,0.7698458092553275,0.416200476033347,0.4420566643987383,5.141094275883266,1.0576063394546509,0.6009175181388855,0.6009175181388855,0.3180791586637497,0.3535479605197906,4.848575592041016,0.0941903069378369,0.8,0.0001680699999999,149,0.0681193999989773,9.725622299989482,5.0,5.0,0.0926760628582471,True,149,baseline-20260606T031343Z-577ee83c,baseline,none,,,,,
1.2438117265701294,0.7638775280543736,0.7638775280543736,0.4146447053977421,0.4365410166127341,5.178620542798724,1.0646210312843325,0.5994883477687836,0.5994883477687836,0.3170635849237442,0.3530309349298477,5.018908500671387,0.0926760628582471,0.8,0.0001680699999999,150,0.0626104000002669,9.788232699989749,5.0,5.0,0.092865147864961,True,150,baseline-20260606T031343Z-577ee83c,baseline,none,,,,,
1.2515105179377966,0.7541559253420148,0.7541559253420148,0.4078444795949118,0.4328893039907728,5.3556647300720215,1.074967324733734,0.60051229596138,0.6005123257637024,0.3175592124462127,0.3536913841962814,5.109074831008911,0.092865147864961,0.8,0.0001176489999999,151,0.062114799999108,9.850347499988857,5.0,5.0,0.0939558961750501,True,151,baseline-20260606T031343Z-577ee83c,baseline,none,,,,,
1.2525382212230138,0.7479229143687657,0.7479229313986642,0.4050483320440565,0.4285932310989925,5.370767865862165,1.0740535259246826,0.6015306711196899,0.6015306711196899,0.3181798011064529,0.3541885763406753,5.029198884963989,0.0939558961750501,0.8,0.0001176489999999,152,0.0613961000017297,9.911743599990588,5.0,5.0,0.09424788502469,True,152,baseline-20260606T031343Z-577ee83c,baseline,none,,,,,
1.2452095917293005,0.7498084306716919,0.7498084306716919,0.4050108449799673,0.4309969757284437,5.2563638005937845,1.0652920603752136,0.6022110879421234,0.6022111177444458,0.3184817880392074,0.3546616435050964,4.913435935974121,0.09424788502469,0.8,0.0001176489999999,153,0.0650682000014057,9.976811799991992,5.0,5.0,0.0933822443844312,True,153,baseline-20260606T031343Z-577ee83c,baseline,none,,,,,
1.2548748254776,0.7716874309948513,0.7716874395098005,0.4185189987931932,0.4414605413164411,5.174296242850168,1.0630355477333069,0.6004424691200256,0.6004424095153809,0.3172591477632522,0.353979080915451,4.953758478164673,0.0933822443844312,0.8,0.0001176489999999,154,0.0608726999998907,10.037684499991885,5.0,5.0,0.0929198291660779,True,154,baseline-20260606T031343Z-577ee83c,baseline,none,,,,,
1.2372512476784845,0.7523615530558995,0.752361536026001,0.4077649414539337,0.43074574640819,5.218366282326834,1.0673565864562988,0.5989866256713867,0.5989866256713867,0.316383957862854,0.3532533347606659,5.040581941604614,0.0929198291660779,0.8,0.0001176489999999,155,0.0657772999984445,10.103461799990328,5.0,5.0,0.093325648582124,True,155,baseline-20260606T031343Z-577ee83c,baseline,none,,,,,
1.2492574453353882,0.7531313300132751,0.7531313214983258,0.4095245429447719,0.429508456162044,5.316074439457485,1.072509229183197,0.5991324782371521,0.5991324782371521,0.3166387528181076,0.3531171530485153,5.072311162948608,0.093325648582124,0.8,8.235429999999999e-05,156,0.0644766999976127,10.16793849998794,5.0,5.0,0.0940487602116101,True,156,baseline-20260606T031343Z-577ee83c,baseline,none,,,,,
1.2558433498655046,0.7571274297577995,0.7571274297577995,0.4103429700647081,0.4334805565220969,5.30273757662092,1.0710772275924685,0.5987743437290192,0.5987743735313416,0.3164150416851043,0.3529491424560547,5.021893739700317,0.0940487602116101,0.8,8.235429999999999e-05,157,0.064582099999825,10.232520599987764,5.0,5.0,0.0942676976086133,True,157,baseline-20260606T031343Z-577ee83c,baseline,none,,,,,
1.255358099937439,0.7608254211289542,0.7608254040990557,0.4112083656447274,0.4370212980679103,5.246046134403774,1.0672902464866638,0.5987913012504578,0.5987913012504578,0.3163902163505554,0.3530013412237167,4.96987771987915,0.0942676976086133,0.8,8.235429999999999e-05,158,0.062592999998742,10.295113599986507,5.0,5.0,0.0939664748074048,True,158,baseline-20260606T031343Z-577ee83c,baseline,none,,,,,
1.2519765751702443,0.7593511939048767,0.7593511939048767,0.4115825721195766,0.4347107751028878,5.242565086909703,1.0685118436813354,0.5996195077896118,0.5996195077896118,0.3166668117046356,0.3536908626556396,4.9899961948394775,0.0939664748074048,0.8,8.235429999999999e-05,159,0.0637799000032828,10.35889349998979,5.0,5.0,0.0938664367557996,True,159,baseline-20260606T031343Z-577ee83c,baseline,none,,,,,
1.253665259906224,0.7639991896493095,0.7639991896493095,0.4124925988061087,0.4393832428114755,5.216625894818987,1.0685858130455017,0.6005334556102753,0.6005334258079529,0.3169964551925659,0.3544212281703949,4.986365079879761,0.0938664367557996,0.8,8.235429999999999e-05,160,0.0594533000003139,10.418346799990104,5.0,5.0,0.0937300875545972,True,160,baseline-20260606T031343Z-577ee83c,baseline,none,,,,,
1.2357685736247472,0.7412343450954982,0.7412343280655997,0.4015952220984867,0.4245488686220987,5.276152542659214,1.0688390135765076,0.5992547869682312,0.5992547869682312,0.3163214772939682,0.3536666333675384,5.009963035583496,0.0937300875545972,0.8,5.764800999999999e-05,161,0.0626746999987517,10.481021499988856,5.0,5.0,0.0938297179104321,True,161,baseline-20260606T031343Z-577ee83c,baseline,none,,,,,
1.2484122685023715,0.7551360045160566,0.7551360130310059,0.4092095068522862,0.4324080986636026,5.257143088749477,1.0657665729522705,0.5978057086467743,0.5978057086467743,0.3155225664377212,0.3528539389371872,4.9873411655426025,0.0938297179104321,0.8,5.764800999999999e-05,162,0.0673906000010902,10.548412099989946,5.0,5.0,0.0937031295658582,True,162,baseline-20260606T031343Z-577ee83c,baseline,none,,,,,
1.2431206021990096,0.7503616298948016,0.7503616469247001,0.4061657275472368,0.430244892835617,5.258725098201206,1.0636824369430542,0.5967844724655151,0.5967844724655151,0.3149490356445312,0.3522942662239074,4.982736110687256,0.0937031295658582,0.8,5.764800999999999e-05,163,0.0628313000015623,10.611243399991508,5.0,5.0,0.0935304906727307,True,163,baseline-20260606T031343Z-577ee83c,baseline,none,,,,,
1.2383228540420532,0.7481603877885001,0.7481603963034493,0.4049911328724452,0.4289615665163312,5.2406704766409735,1.0616280436515808,0.5966599583625793,0.596659928560257,0.3148553669452667,0.3522556871175766,4.971299171447754,0.0935304906727307,0.8,5.764800999999999e-05,164,0.0616635000005771,10.672906899992086,5.0,5.0,0.0932434823872083,True,164,baseline-20260606T031343Z-577ee83c,baseline,none,,,,,
1.2438237496784754,0.7551907130650112,0.7551907130650112,0.409111282655171,0.4325992848191942,5.240398815699986,1.060613036155701,0.5972920954227448,0.5972920954227448,0.3152413517236709,0.3525634258985519,4.968936920166016,0.0932434823872083,0.8,5.764800999999999e-05,165,0.0652694999989762,10.738176399991062,5.0,5.0,0.0929328515888684,True,165,baseline-20260606T031343Z-577ee83c,baseline,none,,,,,
1.2359614883150374,0.7509980797767639,0.7509980712618146,0.4053478283541543,0.4320627791540963,5.218428203037807,1.0615118145942688,0.5975680947303772,0.5975680947303772,0.3154141753911972,0.3526923954486847,4.992246389389038,0.0929328515888684,0.8,4.035360699999999e-05,166,0.0658060000023397,10.8039823999934,5.0,5.0,0.0928553154827588,True,166,baseline-20260606T031343Z-577ee83c,baseline,none,,,,,
1.2335294314793177,0.7431092262268066,0.7431092177118573,0.4025024643966129,0.4257584512233734,5.281552314758301,1.0599170923233032,0.5979671478271484,0.5979671776294708,0.3156520426273346,0.3528939187526703,4.974943399429321,0.0928553154827588,0.8,4.035360699999999e-05,167,0.0600311000016517,10.864013499995052,5.0,5.0,0.092604749477052,True,167,baseline-20260606T031343Z-577ee83c,baseline,none,,,,,
1.2436428921563285,0.7597922512463161,0.7597922597612653,0.411059422152383,0.4359160321099417,5.224900994982038,1.0552687048912048,0.5980263650417328,0.5980263352394104,0.3157223016023636,0.3528800308704376,4.937569379806519,0.092604749477052,0.8,4.035360699999999e-05,168,0.0620782000005419,10.926091699995595,5.0,5.0,0.0919804432751172,True,168,baseline-20260606T031343Z-577ee83c,baseline,none,,,,,
1.2357202938624792,0.7573799746377128,0.7573799746377128,0.4105990316186632,0.4334761883531298,5.200457027980259,1.0536787509918213,0.5974047183990479,0.5974047183990479,0.3153833448886871,0.3525267541408539,4.960554361343384,0.0919804432751172,0.8,4.035360699999999e-05,169,0.0622493999981088,10.988341099993704,5.0,5.0,0.091585986888551,True,169,baseline-20260606T031343Z-577ee83c,baseline,none,,,,,
1.2457800592694963,0.7630391631807599,0.7630391716957092,0.4130519373076303,0.4374840472425733,5.270903382982526,1.0585218667984009,0.5971788167953491,0.5971788465976715,0.3151352107524872,0.3525545448064804,5.037266969680786,0.091585986888551,0.8,4.035360699999999e-05,170,0.0663946000022406,11.054735699995945,5.0,5.0,0.0919586565853589,True,170,baseline-20260606T031343Z-577ee83c,baseline,none,,,,,
1.232447930744716,0.7430444444928851,0.7430444189480373,0.3999688157013484,0.428844507251467,5.321994577135358,1.062391757965088,0.5973204672336578,0.5973204374313354,0.3151579350233078,0.3527031242847442,5.057395219802856,0.0919586565853589,0.8,2.8247524899999997e-05,171,0.064408900001581,11.119144599997526,5.0,5.0,0.0925326087833875,True,171,baseline-20260606T031343Z-577ee83c,baseline,none,,,,,
1.249932391302926,0.7569599832807269,0.7569599747657776,0.4097679087093898,0.4339900740555354,5.327552795410156,1.0653236508369446,0.5973947942256927,0.5973947942256927,0.3151816129684448,0.3527664542198181,5.056907892227173,0.0925326087833875,0.8,2.8247524899999997e-05,172,0.0625591000025451,11.181703700000073,5.0,5.0,0.0931016877056592,True,172,baseline-20260606T031343Z-577ee83c,baseline,none,,,,,
1.2439663580485754,0.7455101013183594,0.7455100928034101,0.4029556683131626,0.4281930242265974,5.353890487125942,1.070154070854187,0.5972999036312103,0.5972999036312103,0.3151064068078995,0.3527418375015259,5.078900098800659,0.0931016877056592,0.8,2.8247524899999997e-05,173,0.0637667999981204,11.245470499998191,5.0,5.0,0.0938906886936658,True,173,baseline-20260606T031343Z-577ee83c,baseline,none,,,,,
1.2511050190244402,0.7493094972201756,0.7493094801902771,0.4052243828773498,0.4301063588687351,5.344465460096087,1.0725233554840088,0.5973145961761475,0.5973145961761475,0.3151765167713165,0.3526726067066192,5.061297655105591,0.0938906886936658,0.8,2.8247524899999997e-05,174,0.0601984999993874,11.30566899999758,5.0,5.0,0.0945036652447217,True,174,baseline-20260606T031343Z-577ee83c,baseline,none,,,,,
1.2566813400813512,0.7532522678375244,0.7532522763524737,0.4062614611216953,0.433738499879837,5.327085018157959,1.0714275240898132,0.5974361598491669,0.5974361598491669,0.3153306543827057,0.3526318818330765,5.015587329864502,0.0945036652447217,0.8,2.8247524899999997e-05,175,0.0613253000010445,11.366994299998623,5.0,5.0,0.0946595385433667,True,175,baseline-20260606T031343Z-577ee83c,baseline,none,,,,,
1.258996776172093,0.7606143610818046,0.7606143695967538,0.4105972605092184,0.437521368265152,5.264999798366001,1.0697038173675537,0.5974661707878113,0.5974661707878113,0.3154215216636657,0.3525558114051819,4.988801717758179,0.0946595385433667,0.8,2.8247524899999997e-05,176,0.0616474999987985,11.428641799997422,5.0,5.0,0.0945475557209485,True,176,baseline-20260606T031343Z-577ee83c,baseline,none,,,,,
1.254789982523237,0.7579963377543858,0.7579963377543858,0.4095334538391658,0.4355786102158682,5.25443172454834,1.0682045221328735,0.5974516570568085,0.5974516570568085,0.3154371380805969,0.3525181263685226,4.979006290435791,0.0945475557209485,0.8,1.9773267429999995e-05,177,0.0603504999999131,11.488992299997337,5.0,5.0,0.0943376186253064,True,177,baseline-20260606T031343Z-577ee83c,baseline,none,,,,,
1.2493293625967845,0.7515366503170559,0.7515366673469543,0.4074520170688629,0.4301058181694576,5.2767148699079245,1.0665358304977417,0.5976000428199768,0.5976000428199768,0.3155273348093033,0.352590873837471,4.970824956893921,0.0943376186253064,0.8,1.9773267429999995e-05,178,0.0599428999994415,11.548935199996777,5.0,5.0,0.0940458681942456,True,178,baseline-20260606T031343Z-577ee83c,baseline,none,,,,,
1.2500883170536583,0.7559762511934552,0.755976242678506,0.4088008148329599,0.4339692720345088,5.253947462354388,1.0657253861427307,0.5976822376251221,0.5976822376251221,0.3155365288257599,0.3526821285486221,4.97675371170044,0.0940458681942456,0.8,1.9773267429999995e-05,179,0.0624281999989762,11.611363399995753,5.0,5.0,0.09381340531125,True,179,baseline-20260606T031343Z-577ee83c,baseline,none,,,,,
1.248962112835475,0.7566371134349278,0.7566371219498771,0.4092257491179875,0.4342641958168575,5.2479175840105325,1.0656728148460388,0.5977104902267456,0.5977104902267456,0.3155237138271332,0.3527334481477737,4.988224267959595,0.09381340531125,0.8,1.9773267429999995e-05,180,0.0610310999982175,11.67239449999397,5.0,5.0,0.093695647990846,True,180,baseline-20260606T031343Z-577ee83c,baseline,none,,,,,
1.244653241974967,0.7532736744199481,0.7532736744199481,0.4069638763155256,0.4328872518880026,5.2444225038800925,1.0658114552497864,0.5976071357727051,0.5976071357727051,0.3154219686985016,0.3527314513921737,4.997076034545898,0.093695647990846,0.8,1.9773267429999995e-05,181,0.0660650999998324,11.738459599993805,5.0,5.0,0.093666408336305,True,181,baseline-20260606T031343Z-577ee83c,baseline,none,,,,,
1.252753734588623,0.7579664673124041,0.7579665013722011,0.4112033375671932,0.4334539387907301,5.282440662384033,1.066048443317413,0.5974236130714417,0.5974236130714417,0.3153095692396164,0.3526425361633301,5.003125190734863,0.093666408336305,0.8,1.3841287200999995e-05,182,0.0619237999999313,11.800383399993734,5.0,5.0,0.0936976602436536,True,182,baseline-20260606T031343Z-577ee83c,baseline,none,,,,,
1.2549130405698503,0.7595200964382717,0.7595200964382717,0.4120807094233377,0.4342992348330362,5.287143434797015,1.0666218400001526,0.5972480177879333,0.5972480177879333,0.3152032643556595,0.3525559306144714,5.009451150894165,0.0936976602436536,0.8,1.3841287200999995e-05,183,0.0645914999986416,11.864974899992376,5.0,5.0,0.0937921717525952,True,183,baseline-20260606T031343Z-577ee83c,baseline,none,,,,,
1.245940395763942,0.7487566726548331,0.7487566811697823,0.4046942123344966,0.4300780764647892,5.300908429282052,1.067413866519928,0.5971733629703522,0.5971733629703522,0.3151698261499405,0.3525044322013855,5.013643741607666,0.0937921717525952,0.8,1.3841287200999995e-05,184,0.0624557000010099,11.927430599993386,5.0,5.0,0.0939286091686719,True,184,baseline-20260606T031343Z-577ee83c,baseline,none,,,,,
1.256866489137922,0.7601250835827419,0.7601250920976911,0.4116161721093314,0.4356361201831272,5.2884994234357565,1.068124294281006,0.5971481800079346,0.5971481800079346,0.3151327967643738,0.3525191992521286,5.0141921043396,0.0939286091686719,0.8,1.3841287200999995e-05,185,0.06503739999971,11.992467999993096,5.0,5.0,0.0940705302120679,True,185,baseline-20260606T031343Z-577ee83c,baseline,none,,,,,
1.2440945250647408,0.7481908968516758,0.7481908883367266,0.4046668836048671,0.4294049952711378,5.271615096500942,1.069237470626831,0.5972611904144287,0.5972611904144287,0.3151631504297256,0.3526225090026855,5.01725959777832,0.0940705302120679,0.8,1.3841287200999995e-05,186,0.0627162999990105,12.055184299992106,5.0,5.0,0.0942431261898511,True,186,baseline-20260606T031343Z-577ee83c,baseline,none,,,,,
1.246273466518947,0.7500646029199872,0.7500645858900887,0.4064305509839739,0.4295425415039062,5.265199729374477,1.0701949000358582,0.5972886681556702,0.5972886681556702,0.3151803910732269,0.3526353538036346,5.017938852310181,0.0942431261898511,0.8,9.688901040699997e-06,187,0.0615520999999716,12.116736399992078,5.0,5.0,0.0944225147129529,True,187,baseline-20260606T031343Z-577ee83c,baseline,none,,,,,
1.2406751428331648,0.7427370122500828,0.7427370037351336,0.4013355502060481,0.4267518307481493,5.273510864802769,1.0701308250427246,0.597281813621521,0.597281813621521,0.3151846081018448,0.3526214957237243,5.0077996253967285,0.0944225147129529,0.8,9.688901040699997e-06,188,0.0608180000017455,12.177554399993824,5.0,5.0,0.0945005109669202,True,188,baseline-20260606T031343Z-577ee83c,baseline,none,,,,,
1.255551082747323,0.7573092750140599,0.7573092579841614,0.4108973996979849,0.4330148186002459,5.272371768951416,1.0688447952270508,0.5972943007946014,0.5972943305969238,0.3152042180299759,0.352612629532814,4.989925384521484,0.0945005109669202,0.8,9.688901040699997e-06,189,0.0600887999971746,12.237643199990998,5.0,5.0,0.094399764812135,True,189,baseline-20260606T031343Z-577ee83c,baseline,none,,,,,
1.2531845739909582,0.7568320121083941,0.7568319950784955,0.4093041462557656,0.4344098142215183,5.2579851150512695,1.0674847960472107,0.5973663628101349,0.5973663330078125,0.3152539730072021,0.3526404798030853,4.980080366134644,0.094399764812135,0.8,9.688901040699997e-06,190,0.0613716000007116,12.29901479999171,5.0,5.0,0.0942005684734815,True,190,baseline-20260606T031343Z-577ee83c,baseline,none,,,,,
1.259036319596427,0.7634601763316563,0.7634601848466056,0.4135688415595463,0.4373641695295061,5.260861464909145,1.0668718218803406,0.5973291397094727,0.5973291099071503,0.3152066469192505,0.3526530712842941,4.984499931335449,0.0942005684734815,0.8,9.688901040699997e-06,191,0.0612579999979061,12.360272799989616,5.0,5.0,0.094045567786836,True,191,baseline-20260606T031343Z-577ee83c,baseline,none,,,,,
1.249640601021903,0.7553433861051287,0.7553433861051287,0.410835461957114,0.4306349073137556,5.2559332847595215,1.066450595855713,0.5972788333892822,0.5972788333892822,0.3151666969060898,0.3526401817798614,4.988770723342896,0.094045567786836,0.8,6.782230728489997e-06,192,0.0617173999999067,12.421990199989525,5.0,5.0,0.0939332750202649,True,192,baseline-20260606T031343Z-577ee83c,baseline,none,,,,,
1.2518848180770874,0.7576683589390346,0.7576683589390346,0.4106579763548715,0.4337629846164158,5.26135642187936,1.0658552646636963,0.5972909033298492,0.5972908735275269,0.3151841312646866,0.3526334464550018,4.988268613815308,0.0939332750202649,0.8,6.782230728489997e-06,193,0.0617621000019426,12.483752299991464,5.0,5.0,0.093815961158418,True,193,baseline-20260606T031343Z-577ee83c,baseline,none,,,,,
1.2523855822426933,0.7584807106426784,0.7584807191576276,0.4089407111917223,0.4369249897343771,5.264614650181362,1.0656861662864685,0.5973483920097351,0.5973483920097351,0.315223753452301,0.352655753493309,4.992090940475464,0.093815961158418,0.8,6.782230728489997e-06,194,0.0590588999984902,12.542811199989956,5.0,5.0,0.0937368705631726,True,194,baseline-20260606T031343Z-577ee83c,baseline,none,,,,,
1.2367205619812012,0.7439739108085632,0.7439739022936139,0.4033375297273908,0.4257954699652536,5.2567001751491,1.0655179619789124,0.5973562002182007,0.5973562002182007,0.3152339160442352,0.3526528477668762,4.994425058364868,0.0937368705631726,0.8,6.782230728489997e-06,195,0.0634812999996938,12.60629249998965,5.0,5.0,0.0936811211468213,True,195,baseline-20260606T031343Z-577ee83c,baseline,none,,,,,
1.2507194450923376,0.7568822928837368,0.756882301398686,0.4073766342231205,0.4368820786476135,5.271469456808908,1.065333902835846,0.5973318219184875,0.5973318219184875,0.3152261972427368,0.3526320159435272,4.995692253112793,0.0936811211468213,0.8,6.782230728489997e-06,196,0.0630489000031957,12.669341399992843,5.0,5.0,0.0936380436779493,True,196,baseline-20260606T031343Z-577ee83c,baseline,none,,,,,
1.2580899851662772,0.7637814027922494,0.7637814113071987,0.4151060112885066,0.4358442340578352,5.2789290973118375,1.0653966665267944,0.5972083210945129,0.5972083508968353,0.3151618242263794,0.3525581657886505,4.999979972839356,0.0936380436779493,0.8,4.747561509942998e-06,197,0.0599731000002066,12.729314499993052,5.0,5.0,0.0936378434063428,True,197,baseline-20260606T031343Z-577ee83c,baseline,none,,,,,
1.2537799903324671,0.7570218358721051,0.757021827357156,0.4097967020102909,0.4340313971042633,5.305100236620222,1.065638244152069,0.5971119403839111,0.5971119403839111,0.3151123523712158,0.3524994850158691,5.003599882125855,0.0936378434063428,0.8,4.747561509942998e-06,198,0.0626235999989148,12.791938099991969,5.0,5.0,0.0936738422276013,True,198,baseline-20260606T031343Z-577ee83c,baseline,none,,,,,
1.2552123069763184,0.7584919929504395,0.7584919844354902,0.4109607466629573,0.4344140418938228,5.302658012935093,1.0661736726760864,0.5970809757709503,0.5970809459686279,0.3150970041751861,0.3524799197912216,5.007724046707153,0.0936738422276013,0.8,4.747561509942998e-06,199,0.0606585999994422,12.852596699991407,5.0,5.0,0.0937510826946729,True,199,baseline-20260606T031343Z-577ee83c,baseline,none,,,,,
0.9637687291417804,0.9637687291417804,0.9637687291417804,0.9637687291417804,1.0109047719410489,3.896381390946252,0.8178231120109558,0.8178231120109558,0.8178231120109558,0.8178231120109558,1.0986984968185425,25.80089855194092,0.0,0.0,0.001,0,0.290932600000815,0.290932600000815,50.0,5.0,0.0,True,0,pix_only-20260606T031406Z-5c51bdec,pix_only,none,,,,,
0.715485794203622,0.715485794203622,0.715485794203622,0.715485794203622,1.1191551174436296,34.77350670950754,0.6258226931095123,0.6258226931095123,0.6258226931095123,0.6258226931095123,1.14065682888031,41.73108100891113,0.0,0.0,0.001,1,0.0721842999992077,0.3631169000000227,50.0,5.0,0.0,True,1,pix_only-20260606T031406Z-5c51bdec,pix_only,none,,,,,
0.5773651259286063,0.5773651259286063,0.5773651259286063,0.5773651259286063,1.1535451582499914,47.900940486363005,0.5274799168109894,0.5274799168109894,0.5274799168109894,0.5274799168109894,1.1594618558883667,52.41212844848633,0.0,0.0,0.001,2,0.0665220999981102,0.4296389999981329,50.0,5.0,0.0,True,2,pix_only-20260606T031406Z-5c51bdec,pix_only,none,,,,,
0.4997849421841757,0.4997849421841757,0.4997849421841757,0.4997849421841757,1.1689557688576837,56.37583541870117,0.468581348657608,0.468581348657608,0.468581348657608,0.468581348657608,1.173008680343628,58.24961280822754,0.0,0.0,0.001,3,0.0600247000002127,0.4896636999983457,50.0,5.0,0.0,True,3,pix_only-20260606T031406Z-5c51bdec,pix_only,none,,,,,
0.4454001571450914,0.4454001571450914,0.4454001571450914,0.4454001571450914,1.185745358467102,61.47763225010464,0.4270774573087692,0.4270774573087692,0.4270774573087692,0.4270774573087692,1.1798644065856934,62.196380615234375,0.0,0.0,0.001,4,0.0685661999996227,0.5582298999979685,50.0,5.0,0.0,True,4,pix_only-20260606T031406Z-5c51bdec,pix_only,none,,,,,
0.4058839295591627,0.4058839295591627,0.4058839295591627,0.4058839295591627,1.19280925818852,64.82482855660575,0.3955937922000885,0.3955937922000885,0.3955937922000885,0.3955937922000885,1.196515440940857,65.76803207397461,0.0,0.0,0.001,5,0.0675994000011996,0.6258292999991681,50.0,5.0,0.0,True,5,pix_only-20260606T031406Z-5c51bdec,pix_only,none,,,,,
0.3730565394674028,0.3730565394674028,0.3730565394674028,0.3730565394674028,1.1963557175227575,68.04722486223493,0.3723500072956085,0.3723500072956085,0.3723500072956085,0.3723500072956085,1.2000192999839785,68.25528335571289,0.0,0.0,0.001,6,0.0652652999997371,0.6910945999989053,50.0,5.0,0.0,True,6,pix_only-20260606T031406Z-5c51bdec,pix_only,none,,,,,
0.3500176625592368,0.3500176625592368,0.3500176625592368,0.3500176625592368,1.2099734544754028,70.35477556501117,0.354261040687561,0.354261040687561,0.354261040687561,0.354261040687561,1.210282802581787,71.71188354492188,0.0,0.0,0.001,7,0.0660037000016018,0.7570983000005072,50.0,5.0,0.0,True,7,pix_only-20260606T031406Z-5c51bdec,pix_only,none,,,,,
0.3316878761563982,0.3316878761563982,0.3316878761563982,0.3316878761563982,1.2277572325297763,74.10796465192523,0.3393380343914032,0.3393380343914032,0.3393380343914032,0.3393380343914032,1.2186542749404907,74.04017639160156,0.0,0.0,0.001,8,0.0661097999982303,0.8232080999987375,50.0,5.0,0.0,True,8,pix_only-20260606T031406Z-5c51bdec,pix_only,none,,,,,
0.3157370473657335,0.3157370473657335,0.3157370473657335,0.3157370473657335,1.228655253137861,76.49495697021484,0.3295325189828872,0.3295325189828872,0.3295325189828872,0.3295325189828872,1.2290815711021423,77.05025482177734,0.0,0.0,0.001,9,0.0630595999973593,0.8862676999960968,50.0,5.0,0.0,True,9,pix_only-20260606T031406Z-5c51bdec,pix_only,none,,,,,
0.3060920281069619,0.3060920281069619,0.3060920281069619,0.3060920281069619,1.2337364298956734,78.70409611293248,0.3191088587045669,0.3191088587045669,0.3191088587045669,0.3191088587045669,1.2293395400047302,79.4354476928711,0.0,0.0,0.001,10,0.0626360000023851,0.948903699998482,50.0,5.0,0.001,True,10,pix_only-20260606T031406Z-5c51bdec,pix_only,none,,,,,
0.3621590137481689,0.2969397136143276,0.2969397136143276,0.2969397136143276,1.2172772543770929,65.21929495675224,0.3573265522718429,0.3142194151878357,0.3142194151878357,0.3142194151878357,1.1979466676712036,43.10713577270508,0.001,0.0,0.001,11,0.0624731000025349,1.0113768000010168,46.1864406779661,5.0,0.0,True,11,pix_only-20260606T031406Z-5c51bdec,pix_only,none,,,,,
0.2932999985558646,0.2932999985558646,0.2932999985558646,0.2932999985558646,1.221683178629194,37.77902712140765,0.3086564540863037,0.3086564540863037,0.3086564540863037,0.3086564540863037,1.212084412574768,34.83200645446777,0.0,0.0,0.001,12,0.0625987999992503,1.0739756000002671,42.91338582677166,5.0,0.0,True,12,pix_only-20260606T031406Z-5c51bdec,pix_only,none,,,,,
0.2824821557317461,0.2824821557317461,0.2824821557317461,0.2824821557317461,1.2239787237984794,41.33891078404018,0.3034314066171646,0.3034314066171646,0.3034314066171646,0.3034314066171646,1.2249338626861572,48.64177131652832,0.0,0.0,0.001,13,0.0656092999997781,1.1395849000000453,40.0735294117647,5.0,0.001,True,13,pix_only-20260606T031406Z-5c51bdec,pix_only,none,,,,,
0.322716623544693,0.2758701826844896,0.2758701826844896,0.2758701826844896,1.214736819267273,46.8464366367885,0.3390520513057709,0.3003708720207214,0.3003708720207214,0.3003708720207214,1.1978589296340942,38.68116760253906,0.001,0.0,0.001,14,0.0631242000017664,1.2027091000018115,37.58620689655172,5.0,0.002,True,14,pix_only-20260606T031406Z-5c51bdec,pix_only,none,,,,,
0.3413097134658268,0.2807650225503104,0.2807650225503104,0.2807650225503104,1.1865448440824236,30.27234186444964,0.3443831652402878,0.3003869354724884,0.3003869354724884,0.3003869354724884,1.184249460697174,21.998116493225098,0.002,0.0,0.001,15,0.0636477000007289,1.2663568000025407,35.3896103896104,5.0,0.001,True,15,pix_only-20260606T031406Z-5c51bdec,pix_only,none,,,,,
0.3133185846464975,0.2882225556032998,0.2882225556032998,0.2882225556032998,1.197503685951233,25.09602764674596,0.3260821402072906,0.2968736588954925,0.2968736588954925,0.2968736588954925,1.1868572235107422,29.208483695983887,0.001,0.0,0.001,16,0.0650625999987823,1.331419400001323,33.435582822085884,5.0,0.0,True,16,pix_only-20260606T031406Z-5c51bdec,pix_only,none,,,,,
0.2692015852246965,0.2692015852246965,0.2692015852246965,0.2692015852246965,1.2114708423614502,36.35865020751953,0.293036624789238,0.293036624789238,0.293036624789238,0.293036624789238,1.2053223848342896,42.79184341430664,0.0,0.0,0.001,17,0.0706323000013071,1.4020517000026302,31.68604651162791,5.0,0.001,True,17,pix_only-20260606T031406Z-5c51bdec,pix_only,none,,,,,
0.3058042824268341,0.263083245073046,0.263083245073046,0.263083245073046,1.2043476956231254,42.721033913748606,0.3283253461122513,0.2901393175125122,0.2901393175125122,0.2901393175125122,1.1918959021568298,38.18603897094727,0.001,0.0,0.001,18,0.0630736000020988,1.465125300004729,30.11049723756906,5.0,0.002,True,18,pix_only-20260606T031406Z-5c51bdec,pix_only,none,,,,,
0.3251479608672006,0.2635477823870523,0.2635477823870523,0.2635477823870523,1.1896945238113403,30.80008942740304,0.3327711373567581,0.2890369296073913,0.2890369296073913,0.2890369296073913,1.1761032938957214,21.867106437683105,0.002,0.0,0.001,19,0.059463900000992,1.524589200005721,28.684210526315788,5.0,0.001,True,19,pix_only-20260606T031406Z-5c51bdec,pix_only,none,,,,,
0.2937521806785038,0.2715350559779576,0.2715350559779576,0.2715350559779576,1.199416092463902,22.217129843575613,0.3097718507051468,0.286836177110672,0.286836177110672,0.286836177110672,1.1857000589370728,22.935670852661133,0.001,0.0,0.001,20,0.0591095999989192,1.5836988000046404,27.38693467336684,5.0,0.0,True,20,pix_only-20260606T031406Z-5c51bdec,pix_only,none,,,,,
0.257651822907584,0.257651822907584,0.257651822907584,0.257651822907584,1.2101298911230904,28.897438049316406,0.2835304588079452,0.2835304588079452,0.2835304588079452,0.2835304588079452,1.2054848670959473,34.97261619567871,0.0,0.0,0.001,21,0.0584900000030756,1.642188800007716,26.20192307692308,5.0,0.001,True,21,pix_only-20260606T031406Z-5c51bdec,pix_only,none,,,,,
0.2877378250871386,0.2512178548744747,0.2512178548744747,0.2512178548744747,1.2025504623140608,36.51996612548828,0.3161572068929672,0.2816008180379867,0.2816008180379867,0.2816008180379867,1.1922136545181274,34.55639457702637,0.001,0.0,0.001,22,0.0633073999997577,1.7054962000074738,25.11520737327189,5.0,0.002,True,22,pix_only-20260606T031406Z-5c51bdec,pix_only,none,,,,,
0.3119391500949859,0.2532182612589427,0.2532182612589427,0.2532182612589427,1.185654708317348,29.36044611249651,0.3255273401737213,0.2814858108758926,0.2814858108758926,0.2814858108758926,1.1719681024551392,22.020764350891117,0.002,0.0,0.001,23,0.0609274999987974,1.7664237000062712,24.11504424778761,5.0,0.001,True,23,pix_only-20260606T031406Z-5c51bdec,pix_only,none,,,,,
0.2794730748449053,0.2574534586497715,0.2574534586497715,0.2574534586497715,1.195364134652274,22.01961544581822,0.3045193403959274,0.2823159098625183,0.2823159098625183,0.2823159098625183,1.1882933974266052,22.203426361083984,0.001,0.0,0.001,24,0.06112839999696,1.8275521000032315,23.191489361702125,5.0,0.0,True,24,pix_only-20260606T031406Z-5c51bdec,pix_only,none,,,,,
0.2497497222253254,0.2497497222253254,0.2497497222253254,0.2497497222253254,1.2083868299211775,27.423562458583287,0.2788896709680557,0.2788896709680557,0.2788896709680557,0.2788896709680557,1.202787220478058,32.382001876831055,0.0,0.0,0.001,25,0.0650440999997954,1.8925962000030268,22.33606557377049,5.0,0.001,True,25,pix_only-20260606T031406Z-5c51bdec,pix_only,none,,,,,
0.2743375556809561,0.240083594407354,0.240083594407354,0.240083594407354,1.2126826558794297,34.25395802089146,0.3087510764598846,0.2761051505804062,0.2761051505804062,0.2761051505804062,1.1945452094078064,32.645925521850586,0.001,0.0,0.001,26,0.0606286999973235,1.9532249000003503,21.541501976284582,5.0,0.002,True,26,pix_only-20260606T031406Z-5c51bdec,pix_only,none,,,,,
0.2991348888192858,0.2421120767082487,0.2421120767082487,0.2421120767082487,1.190118772642953,28.5114015851702,0.3194993138313293,0.2756315320730209,0.2756315320730209,0.2756315320730209,1.175879955291748,21.93389129638672,0.002,0.0,0.001,27,0.0590085000003455,2.012233400000696,20.80152671755725,5.0,0.003,True,27,pix_only-20260606T031406Z-5c51bdec,pix_only,none,,,,,
0.3127700473581041,0.2543395246778215,0.2543395246778215,0.2543395246778215,1.1844194446291243,19.47684097290039,0.3326620608568191,0.2783767133951187,0.2783767133951187,0.2783767133951187,1.1868333220481873,18.09511375427246,0.003,0.0,0.001,28,0.0591374999967229,2.0713708999974187,20.11070110701107,5.0,0.002,True,28,pix_only-20260606T031406Z-5c51bdec,pix_only,none,,,,,
0.2947097505841936,0.2545636849743979,0.2545636849743979,0.2545636849743979,1.198505469730922,20.07303101675851,0.3199558407068252,0.2752982228994369,0.2752982228994369,0.2752982228994369,1.185584306716919,22.328805923461918,0.002,0.0,0.001,29,0.0639526999984809,2.1353235999959,19.46428571428571,5.0,0.003,True,29,pix_only-20260606T031406Z-5c51bdec,pix_only,none,,,,,
0.3110888387475695,0.2447469809225627,0.2447469809225627,0.2447469809225627,1.1818202563694544,22.113953726632253,0.3373503983020782,0.2750625908374786,0.2750625908374786,0.2750625908374786,1.1742923259735107,20.76260280609131,0.003,0.0,0.001,30,0.0593573999976797,2.1946809999935795,18.858131487889278,5.0,0.004,True,30,pix_only-20260606T031406Z-5c51bdec,pix_only,none,,,,,
0.3260484337806701,0.2519017394099916,0.2519017394099916,0.2519017394099916,1.169747727257865,18.53667204720633,0.3421681225299835,0.2764849364757538,0.2764849364757538,0.2764849364757538,1.1675776839256289,16.420793533325195,0.004,0.0,0.001,31,0.0611494999975548,2.2558304999911343,18.288590604026847,5.0,0.003,True,31,pix_only-20260606T031406Z-5c51bdec,pix_only,none,,,,,
0.3101784374032701,0.2568655354636056,0.2568655354636056,0.2568655354636056,1.1819922413144792,17.770966938563756,0.3324844241142273,0.2761242985725403,0.2761242985725403,0.2761242985725403,1.1702712178230286,18.786707878112797,0.003,0.0,0.001,32,0.0623115999987931,2.318142099989928,17.752442996742666,5.0,0.004,True,32,pix_only-20260606T031406Z-5c51bdec,pix_only,none,,,,,
0.3253363072872162,0.2488390931061335,0.2488390931061335,0.2488390931061335,1.1721207414354595,19.12430300031389,0.346270203590393,0.2746303081512451,0.2746303081512451,0.2746303081512451,1.1640684008598328,17.909975051879883,0.004,0.0,0.001,33,0.0643740000014077,2.382516099991335,17.246835443037973,5.0,0.005,True,33,pix_only-20260606T031406Z-5c51bdec,pix_only,none,,,,,
0.3394814942564283,0.2563106609242303,0.2563106609242303,0.2563106609242303,1.1710347618375505,16.634166308811732,0.3508109450340271,0.2754077613353729,0.2754077613353729,0.2754077613353729,1.159687638282776,15.080636501312256,0.005,0.0,0.001,34,0.0660577999988163,2.4485738999901514,16.769230769230766,5.0,0.004,True,34,pix_only-20260606T031406Z-5c51bdec,pix_only,none,,,,,
0.3225604806627546,0.2564253402607782,0.2564253402607782,0.2564253402607782,1.186172332082476,16.533785683768137,0.342801883816719,0.2750198990106582,0.2750198990106582,0.2750198990106582,1.1560689806938171,16.945496559143066,0.004,0.0,0.001,35,0.0663770999999542,2.5149509999901056,16.317365269461078,5.0,0.005,True,35,pix_only-20260606T031406Z-5c51bdec,pix_only,none,,,,,
0.3387831151485443,0.2534524606806891,0.2534524606806891,0.2534524606806891,1.1630956956318446,17.066131319318497,0.3536095768213272,0.273926317691803,0.273926317691803,0.273926317691803,1.1570797562599182,15.936652660369871,0.005,0.0,0.001,36,0.0623133000008238,2.577264299990929,15.889212827988338,5.0,0.0054743983238153,True,36,pix_only-20260606T031406Z-5c51bdec,pix_only,none,,,,,
0.3414323372500283,0.2566964136702673,0.2566964136702673,0.2566964136702673,1.1665290423801966,15.478581156049456,0.3556186109781265,0.2743782550096512,0.2743782550096512,0.2743782550096512,1.1524115800857544,14.840052604675291,0.0054743983238153,0.0,0.001,37,0.0622175999997125,2.639481899990642,15.482954545454549,5.0,0.0044743983238153,True,37,pix_only-20260606T031406Z-5c51bdec,pix_only,none,,,,,
0.3245032046522413,0.2519957636083875,0.2519957636083875,0.2519957636083875,1.1705628803798132,16.204959188188827,0.3466259092092514,0.2733958065509796,0.2733958065509796,0.2733958065509796,1.1572492718696594,16.36647129058838,0.0044743983238153,0.0,0.001,38,0.0618872000013652,2.7013690999920072,15.096952908587255,5.0,0.0054743983238153,True,38,pix_only-20260606T031406Z-5c51bdec,pix_only,none,,,,,
0.340977532523019,0.2517950705119541,0.2517950705119541,0.2517950705119541,1.1575947148459298,16.290824345179967,0.3520355820655823,0.2719482332468033,0.2719482332468033,0.2719482332468033,1.1471501588821411,14.629432201385498,0.0054743983238153,0.0,0.001,39,0.0611699999972188,2.762539099989226,14.729729729729732,5.0,0.0044743983238153,True,39,pix_only-20260606T031406Z-5c51bdec,pix_only,none,,,,,
0.3226054353373391,0.2517942850078855,0.2517942850078855,0.2517942850078855,1.1599935804094588,15.82584912436349,0.3432349562644958,0.2732485383749008,0.2732485383749008,0.2732485383749008,1.152522087097168,15.641523838043211,0.0044743983238153,0.0,0.001,40,0.0645829000022786,2.8271219999915047,14.379947229551448,5.0,0.0054743983238153,True,40,pix_only-20260606T031406Z-5c51bdec,pix_only,none,,,,,
0.3345733710697719,0.2469765331063951,0.2469765331063951,0.2469765331063951,1.1626707656042916,16.00118010384696,0.3536229878664017,0.2717113941907882,0.2717113941907882,0.2717113941907882,1.15035080909729,14.962664127349854,0.0054743983238153,0.0,0.001,41,0.060086900000897,2.8872088999924017,14.046391752577314,5.0,0.0064743983238153,True,41,pix_only-20260606T031406Z-5c51bdec,pix_only,none,,,,,
0.3479169266564505,0.2532498091459274,0.2532498091459274,0.2532498091459274,1.1652565343039376,14.621761322021484,0.363249272108078,0.2716990858316421,0.2716990858316421,0.2716990858316421,1.157925009727478,14.140337944030762,0.0064743983238153,0.0,0.001,42,0.0611422000001766,2.9483510999925784,13.727959697733,5.0,0.0074743983238153,True,42,pix_only-20260606T031406Z-5c51bdec,pix_only,none,,,,,
0.3628429302147457,0.2579943793160574,0.2579943793160574,0.2579943793160574,1.1600491830280848,14.027691159929548,0.3735499531030655,0.2694701105356216,0.2694701105356216,0.2694701105356216,1.155374825000763,13.924845218658447,0.0074743983238153,0.0,0.001,43,0.0623215999985404,3.010672699991119,13.423645320197046,5.0,0.0084743983238153,True,43,pix_only-20260606T031406Z-5c51bdec,pix_only,none,,,,,
0.375981296811785,0.2605353764125279,0.2605353764125279,0.2605353764125279,1.156106642314366,13.622904777526855,0.3843361139297485,0.2719241231679916,0.2719241231679916,0.2719241231679916,1.1484925746917725,13.264893054962158,0.0084743983238153,0.0,0.001,44,0.060346499998559,3.071019199989678,13.132530120481931,5.0,0.0094743983238153,True,44,pix_only-20260606T031406Z-5c51bdec,pix_only,none,,,,,
0.3896930175168173,0.2663642806666238,0.2663642806666238,0.2663642806666238,1.152715734073094,13.017051560538157,0.3947704583406448,0.2736613303422928,0.2736613303422928,0.2736613303422928,1.1483798027038574,12.7827787399292,0.0094743983238153,0.0,0.001,45,0.0600400999974226,3.1310592999871005,12.85377358490566,5.0,0.0087644498740507,True,45,pix_only-20260606T031406Z-5c51bdec,pix_only,none,,,,,
0.3776285605771201,0.2629202476569584,0.2629202476569584,0.2629202476569584,1.153231450489589,13.087908744812012,0.3876954764127731,0.2717813402414322,0.2717813402414322,0.2717813402414322,1.1461358070373535,13.2254900932312,0.0087644498740507,0.0,0.001,46,0.0664679000001342,3.197527199987235,12.586605080831404,5.0,0.0097644498740507,True,46,pix_only-20260606T031406Z-5c51bdec,pix_only,none,,,,,
0.3932107474122728,0.2647570712225778,0.2647570712225778,0.2647570712225778,1.1551950318472726,13.155239922659735,0.3929982781410217,0.2725612223148346,0.2725612223148346,0.2725612223148346,1.142502844333649,12.334239959716797,0.0097644498740507,0.0,0.001,47,0.0612910999989253,3.25881829998616,12.33031674208145,5.0,0.0098036820504042,True,47,pix_only-20260606T031406Z-5c51bdec,pix_only,none,,,,,
0.3929499728339059,0.2703186741897038,0.2703186741897038,0.2703186741897038,1.152173468044826,12.508698190961566,0.397110566496849,0.2734535038471222,0.2734535038471222,0.2734535038471222,1.1424022316932678,12.613329887390137,0.0098036820504042,0.0,0.001,48,0.0630777000005764,3.321895999986737,12.084257206208427,5.0,0.0108036820504042,True,48,pix_only-20260606T031406Z-5c51bdec,pix_only,none,,,,,
0.4054371884890965,0.2706034183502197,0.2706034183502197,0.2706034183502197,1.1455895730427332,12.48035362788609,0.4044795781373977,0.2734158784151077,0.2734158784151077,0.2734158784151077,1.14377361536026,12.131391525268556,0.0108036820504042,0.0,0.001,49,0.0593487999976787,3.3812447999844157,11.847826086956523,5.0,0.0118036820504042,True,49,pix_only-20260606T031406Z-5c51bdec,pix_only,none,,,,,
0.4155148310320718,0.2772352950913565,0.2772352950913565,0.2772352950913565,1.149571486881801,11.714949335370743,0.412644624710083,0.2747596055269241,0.2747596055269241,0.2747596055269241,1.1397749185562134,11.681526184082031,0.0118036820504042,0.0,0.001,50,0.0623026000030222,3.443547399987437,11.620469083155657,5.0,0.0124142530596679,True,50,pix_only-20260606T031406Z-5c51bdec,pix_only,none,,,,,
0.4222920536994934,0.2743570634296962,0.2743570634296962,0.2743570634296962,1.1540856531688146,11.916543688092911,0.4182889014482498,0.276699960231781,0.276699960231781,0.276699960231781,1.1334105730056765,11.405354022979736,0.0124142530596679,0.0,0.001,51,0.0612414999995962,3.504788899987034,11.40167364016736,5.0,0.0124510568877917,True,51,pix_only-20260606T031406Z-5c51bdec,pix_only,none,,,,,
0.4205650389194488,0.2788032719067165,0.2788032719067165,0.2788032719067165,1.1404237236295427,11.385520117623466,0.4166088253259659,0.278031662106514,0.278031662106514,0.278031662106514,1.1332929134368896,11.12974977493286,0.0124510568877917,0.0,0.001,52,0.0659192999992228,3.5707081999862567,11.190965092402465,5.0,0.0118389037130957,True,52,pix_only-20260606T031406Z-5c51bdec,pix_only,none,,,,,
0.4156355942998613,0.2761384419032505,0.2761384419032505,0.2761384419032505,1.1492488724844796,11.78294508797782,0.4110763669013977,0.2749049663543701,0.2749049663543701,0.2749049663543701,1.133729636669159,11.502027988433838,0.0118389037130957,0.0,0.001,53,0.0654056999992462,3.636113899985503,10.987903225806448,5.0,0.0128389037130957,True,53,pix_only-20260606T031406Z-5c51bdec,pix_only,none,,,,,
0.4268087574413844,0.277496623141425,0.277496623141425,0.277496623141425,1.1423812082835607,11.629663603646415,0.4173399955034256,0.2713916897773742,0.2713916897773742,0.2713916897773742,1.1349302530288696,11.367661476135254,0.0128389037130957,0.0,0.001,54,0.0635164000013901,3.699630299986893,10.792079207920786,5.0,0.0138389037130957,True,54,pix_only-20260606T031406Z-5c51bdec,pix_only,none,,,,,
0.432964597429548,0.2808892343725477,0.2808892343725477,0.2808892343725477,1.145443660872323,10.988974707467216,0.4201873242855072,0.2718532085418701,0.2718532085418701,0.2718532085418701,1.13157856464386,10.718632698059082,0.0138389037130957,0.0,0.001,55,0.0629957000019203,3.762625999988813,10.603112840466927,5.0,0.0148389037130957,True,55,pix_only-20260606T031406Z-5c51bdec,pix_only,none,,,,,
0.4456995342458997,0.2842009535857609,0.2842009535857609,0.2842009535857609,1.1449015140533447,10.883457047598702,0.4256583452224731,0.2731228619813919,0.2731228619813919,0.2731228619813919,1.1262534260749817,10.279430866241457,0.0148389037130957,0.0,0.001,56,0.0592905999983486,3.821916599987162,10.42065009560229,5.0,0.0138389037130957,True,56,pix_only-20260606T031406Z-5c51bdec,pix_only,none,,,,,
0.4333734852927072,0.2814032392842429,0.2814032392842429,0.2814032392842429,1.1388410670416695,10.981378555297852,0.4202992916107178,0.2747543901205063,0.2747543901205063,0.2747543901205063,1.1235162019729614,10.517083168029783,0.0138389037130957,0.0,0.001,57,0.0634694000000308,3.885385999987193,10.244360902255636,5.0,0.0148389037130957,True,57,pix_only-20260606T031406Z-5c51bdec,pix_only,none,,,,,
0.4441158175468445,0.2833074501582554,0.2833074501582554,0.2833074501582554,1.1405058758599418,10.836943762642996,0.4263619631528854,0.2734235823154449,0.2734235823154449,0.2734235823154449,1.127255141735077,10.3065824508667,0.0148389037130957,0.0,0.001,58,0.0619880000012926,3.9473739999884856,10.073937153419593,5.0,0.0158389037130957,True,58,pix_only-20260606T031406Z-5c51bdec,pix_only,none,,,,,
0.4528784666742597,0.2874882348946163,0.2874882348946163,0.2874882348946163,1.140606778008597,10.442025184631348,0.4335754960775375,0.274165004491806,0.274165004491806,0.274165004491806,1.1238235235214231,10.06449031829834,0.0158389037130957,0.0,0.001,59,0.0638509999989764,4.011224999987462,9.909090909090908,5.0,0.0168389037130957,True,59,pix_only-20260606T031406Z-5c51bdec,pix_only,none,,,,,
0.4646077794688089,0.2925035825797489,0.2925035825797489,0.2925035825797489,1.140200206211635,10.220629147120883,0.4506846666336059,0.2759340107440948,0.2759340107440948,0.2759340107440948,1.1326298713684082,10.377792835235596,0.0168389037130957,0.0,0.001,60,0.0621290999988559,4.073354099986318,9.749552772808585,5.0,0.0178389037130957,True,60,pix_only-20260606T031406Z-5c51bdec,pix_only,none,,,,,
0.4751213618687221,0.2967647739819118,0.2967647739819118,0.2967647739819118,1.1311516761779783,9.998180661882673,0.4532169848680496,0.2765165716409683,0.2765165716409683,0.2765165716409683,1.1278175115585327,9.905340194702148,0.0178389037130957,0.0,0.001,61,0.0631143000027805,4.1364683999890985,9.595070422535208,5.0,0.0188389037130957,True,61,pix_only-20260606T031406Z-5c51bdec,pix_only,none,,,,,
0.4849571159907749,0.2993646221501486,0.2993646221501486,0.2993646221501486,1.1260951246534074,9.851555006844658,0.4523537158966064,0.275736466050148,0.275736466050148,0.275736466050148,1.1211520433425903,9.375133514404297,0.0188389037130957,0.0,0.001,62,0.0624456000005011,4.1989139999896,9.44540727902946,5.0,0.018136166066844,True,62,pix_only-20260606T031406Z-5c51bdec,pix_only,none,,,,,
0.4766386066164289,0.2955904177256993,0.2955904177256993,0.2955904177256993,1.1384237834385462,9.982715606689451,0.4435097873210907,0.2788362056016922,0.2788362056016922,0.2788362056016922,1.115925669670105,9.079845428466797,0.018136166066844,0.0,0.001,63,0.0618652999983169,4.260779299987917,9.300341296928323,5.0,0.017136166066844,True,63,pix_only-20260606T031406Z-5c51bdec,pix_only,none,,,,,
0.4677373383726392,0.2972032768385751,0.2972032768385751,0.2972032768385751,1.1321041413715909,9.951704706464495,0.4488450139760971,0.2751376628875732,0.2751376628875732,0.2751376628875732,1.1218477487564087,10.136885166168211,0.017136166066844,0.0,0.001,64,0.0608399000011559,4.3216191999890725,9.15966386554622,5.0,0.018136166066844,True,64,pix_only-20260606T031406Z-5c51bdec,pix_only,none,,,,,
0.4756163528987339,0.2931004294327327,0.2931004294327327,0.2931004294327327,1.129457184246608,10.063644136701312,0.4422398656606674,0.2779268473386764,0.2779268473386764,0.2779268473386764,1.116295874118805,9.059963703155518,0.018136166066844,0.0,0.001,65,0.062748600001214,4.384367799990287,9.02317880794702,5.0,0.018504015018929,True,65,pix_only-20260606T031406Z-5c51bdec,pix_only,none,,,,,
0.4789100161620548,0.2980931954724448,0.2980931954724448,0.2980931954724448,1.132622276033674,9.771761621747698,0.4465005993843078,0.2733129858970642,0.2733129858970642,0.2733129858970642,1.1176623106002808,9.359461784362791,0.018504015018929,0.0,0.001,66,0.0634419999987585,4.447809799989045,8.890701468189235,5.0,0.019504015018929,True,66,pix_only-20260606T031406Z-5c51bdec,pix_only,none,,,,,
0.4873314670154026,0.3024228811264038,0.3024228811264038,0.3024228811264038,1.125741652079991,9.480539866856166,0.4519658386707306,0.2730797529220581,0.2730797529220581,0.2730797529220581,1.1176681518554688,9.171757698059082,0.019504015018929,0.0,0.001,67,0.0614453999987745,4.50925519998782,8.762057877813504,5.0,0.020504015018929,True,67,pix_only-20260606T031406Z-5c51bdec,pix_only,none,,,,,
0.4971486330032348,0.3023673168250492,0.3023673168250492,0.3023673168250492,1.126824413027082,9.499667167663574,0.4620973467826843,0.2758882939815521,0.2758882939815521,0.2758882939815521,1.1232640743255615,9.081590175628662,0.020504015018929,0.0,0.001,68,0.0634843000007094,4.572739499988529,8.637083993660859,5.0,0.021504015018929,True,68,pix_only-20260606T031406Z-5c51bdec,pix_only,none,,,,,
0.5058618017605373,0.310505143233708,0.310505143233708,0.310505143233708,1.1273484570639474,9.084659440176829,0.4747341573238373,0.2753468304872513,0.2753468304872513,0.2753468304872513,1.1203253865242004,9.272098064422607,0.021504015018929,0.0,0.001,69,0.0603370999997423,4.633076599988272,8.515625,5.0,0.022504015018929,True,69,pix_only-20260606T031406Z-5c51bdec,pix_only,none,,,,,
0.5115193809781756,0.3088704432759966,0.3088704432759966,0.3088704432759966,1.1316852739879064,9.005012512207031,0.4660575836896896,0.2773705869913101,0.2773705869913101,0.2773705869913101,1.1119163632392883,8.38459300994873,0.022504015018929,0.0,0.001,70,0.066381900000124,4.699458499988396,8.397534668721107,5.0,0.0223745984312053,True,70,pix_only-20260606T031406Z-5c51bdec,pix_only,none,,,,,
0.5107912932123456,0.3092712334224156,0.3092712334224156,0.3092712334224156,1.1306525809424264,9.006644793919154,0.4626096487045288,0.2766280174255371,0.2766280174255371,0.2766280174255371,1.1100522875785828,8.312177658081055,0.0223745984312053,0.0,0.001,71,0.0615213000019139,4.760979799990309,8.282674772036472,5.0,0.0226696272916511,True,71,pix_only-20260606T031406Z-5c51bdec,pix_only,none,,,,,
0.511347370488303,0.307339710848672,0.307339710848672,0.307339710848672,1.1273178543363298,8.999162810189384,0.4666163474321365,0.2788338810205459,0.2788338810205459,0.2788338810205459,1.1103383898735046,8.28343915939331,0.0226696272916511,0.0,0.001,72,0.0648733999987598,4.825853199989069,8.170914542728639,5.0,0.0236696272916511,True,72,pix_only-20260606T031406Z-5c51bdec,pix_only,none,,,,,
0.5294678381511143,0.3223496164594377,0.3223496164594377,0.3223496164594377,1.1281434978757583,8.75038024357387,0.4850199669599533,0.2779310494661331,0.2779310494661331,0.2779310494661331,1.1132657527923584,8.749141693115234,0.0236696272916511,0.0,0.001,73,0.0625103999991552,4.8883635999882245,8.062130177514796,5.0,0.0246696272916511,True,73,pix_only-20260606T031406Z-5c51bdec,pix_only,none,,,,,
0.5324387890951974,0.3172142037323543,0.3172142037323543,0.3172142037323543,1.1204774720328194,8.724274226597377,0.4859355539083481,0.2809268087148666,0.2809268087148666,0.2809268087148666,1.1105786561965942,8.310168266296387,0.0246696272916511,0.0,0.001,74,0.0625607999972999,4.950924399985524,7.956204379562045,5.0,0.0256696272916511,True,74,pix_only-20260606T031406Z-5c51bdec,pix_only,none,,,,,
0.5396114672933306,0.3233444137232644,0.3233444137232644,0.3233444137232644,1.123867750167847,8.425017629350934,0.4869739413261413,0.2808654457330704,0.2808654457330704,0.2808654457330704,1.106639325618744,8.029274702072144,0.0256696272916511,0.0,0.001,75,0.060437300002377,5.011361699987901,7.853025936599423,5.0,0.0266696272916511,True,75,pix_only-20260606T031406Z-5c51bdec,pix_only,none,,,,,
0.5496339116777692,0.3257801958492824,0.3257801958492824,0.3257801958492824,1.1228726250784735,8.393581935337611,0.4858775585889816,0.2824938893318176,0.2824938893318176,0.2824938893318176,1.1028571128845217,7.626040697097778,0.0266696272916511,0.0,0.001,76,0.0601179000004776,5.071479599988379,7.752489331436699,5.0,0.0256696272916511,True,76,pix_only-20260606T031406Z-5c51bdec,pix_only,none,,,,,
0.5399066635540554,0.3249469654900687,0.3249469654900687,0.3249469654900687,1.1147511516298567,8.374087401798793,0.4890987426042557,0.2844635397195816,0.2844635397195816,0.2844635397195816,1.1071121096611023,7.971880197525024,0.0256696272916511,0.0,0.001,77,0.063301499998488,5.134781099986867,7.65449438202247,5.0,0.0266696272916511,True,77,pix_only-20260606T031406Z-5c51bdec,pix_only,none,,,,,
0.5495415670531136,0.3351622692176274,0.3351622692176274,0.3351622692176274,1.1146784680230275,8.038331576756068,0.4986854791641235,0.2784811109304428,0.2784811109304428,0.2784811109304428,1.1089624762535095,8.256747245788574,0.0266696272916511,0.0,0.001,78,0.0633735000010347,5.198154599987902,7.558945908460473,5.0,0.0276696272916511,True,78,pix_only-20260606T031406Z-5c51bdec,pix_only,none,,,,,
0.5569339564868382,0.3248525474752698,0.3248525474752698,0.3248525474752698,1.1141424349376134,8.387587138584681,0.4873353689908981,0.2822668999433517,0.2822668999433517,0.2822668999433517,1.0990943312644958,7.411319971084595,0.0276696272916511,0.0,0.001,79,0.0624199000012595,5.260574499989161,7.465753424657535,5.0,0.0271252927559217,True,79,pix_only-20260606T031406Z-5c51bdec,pix_only,none,,,,,
0.5520018083708627,0.3337629735469818,0.3337629735469818,0.3337629735469818,1.1175261225019182,8.045584406171526,0.5000615417957306,0.2803745418787002,0.2803745418787002,0.2803745418787002,1.1064360737800598,8.098972082138062,0.0271252927559217,0.0,0.001,80,0.0666517999998177,5.327226299988979,7.374830852503379,5.0,0.0281252927559217,True,80,pix_only-20260606T031406Z-5c51bdec,pix_only,none,,,,,
0.557951169354575,0.3328571362154824,0.3328571362154824,0.3328571362154824,1.1133936132703508,8.003259931291852,0.5018900334835052,0.2830744683742523,0.2830744683742523,0.2830744683742523,1.1015335321426392,7.780027866363525,0.0281252927559217,0.0,0.001,81,0.0653182999994896,5.392544599988469,7.286096256684488,5.0,0.0291252927559217,True,81,pix_only-20260606T031406Z-5c51bdec,pix_only,none,,,,,
0.5655259830611092,0.3317853467805045,0.3317853467805045,0.3317853467805045,1.1150098187582833,8.025349140167236,0.4922715723514557,0.2812801748514175,0.2812801748514175,0.2812801748514175,1.0971827507019043,7.244267225265503,0.0291252927559217,0.0,0.001,82,0.0644337000012456,5.456978299989714,7.199471598414796,5.0,0.0295732490244287,True,82,pix_only-20260606T031406Z-5c51bdec,pix_only,none,,,,,
0.5736628515379769,0.3477238246372768,0.3477238246372768,0.3477238246372768,1.114738702774048,7.639980043683733,0.5114813148975372,0.289942979812622,0.289942979812622,0.289942979812622,1.095091700553894,7.491173267364502,0.0295732490244287,0.0,0.001,83,0.064221800002997,5.521200099992711,7.114882506527415,5.0,0.0305732490244287,True,83,pix_only-20260606T031406Z-5c51bdec,pix_only,none,,,,,
0.582102222102029,0.343361245734351,0.343361245734351,0.343361245734351,1.109043836593628,7.808819157736642,0.5045959055423737,0.2906915545463562,0.2906915545463562,0.2906915545463562,1.093148946762085,6.996454238891602,0.0305732490244287,0.0,0.001,84,0.0599292000006244,5.581129299993336,7.032258064516128,5.0,0.0302152107681835,True,84,pix_only-20260606T031406Z-5c51bdec,pix_only,none,,,,,
0.5755088329315186,0.3482684407915388,0.3482684407915388,0.3482684407915388,1.1101877689361572,7.52072811126709,0.5132662355899811,0.2882324457168579,0.2882324457168579,0.2882324457168579,1.0980514287948608,7.447697877883911,0.0302152107681835,0.0,0.001,85,0.0629931000003125,5.644122399993648,6.951530612244902,5.0,0.0312152107681835,True,85,pix_only-20260606T031406Z-5c51bdec,pix_only,none,,,,,
0.5879439881869725,0.3461771181651524,0.3461771181651524,0.3461771181651524,1.1147792509623935,7.745161737714495,0.5043521225452423,0.2889357507228851,0.2889357507228851,0.2889357507228851,1.0900156497955322,6.901006698608398,0.0312152107681835,0.0,0.001,86,0.0611553000017011,5.705277699995349,6.872635561160152,5.0,0.0314989221426659,True,86,pix_only-20260606T031406Z-5c51bdec,pix_only,none,,,,,
0.5851541757583618,0.3486747571400234,0.3486747571400234,0.3486747571400234,1.1058249473571775,7.50753927230835,0.5132412016391754,0.290068656206131,0.290068656206131,0.290068656206131,1.0938928127288818,7.085084915161133,0.0314989221426659,0.0,0.001,87,0.0648996999989321,5.770177399994282,6.795511221945134,5.0,0.032498922142666,True,87,pix_only-20260606T031406Z-5c51bdec,pix_only,none,,,,,
0.5912773013114929,0.3565964273044041,0.3565964273044041,0.3565964273044041,1.101602452141898,7.221189567020962,0.5206351280212402,0.2904212474822998,0.2904212474822998,0.2904212474822998,1.0891480445861816,7.083739280700684,0.032498922142666,0.0,0.001,88,0.0591893999990134,5.829366799993295,6.720098643649813,5.0,0.033498922142666,True,88,pix_only-20260606T031406Z-5c51bdec,pix_only,none,,,,,
0.5955703343663897,0.3540592917374202,0.3540592917374202,0.3540592917374202,1.1011004788534982,7.209516729627337,0.509154886007309,0.2933489382266998,0.2933489382266998,0.2933489382266998,1.087225615978241,6.442176342010498,0.033498922142666,0.0,0.001,89,0.0626668999975663,5.892033699990861,6.646341463414636,5.0,0.032498922142666,True,89,pix_only-20260606T031406Z-5c51bdec,pix_only,none,,,,,
0.5933416911533901,0.3528865958963121,0.3528865958963121,0.3528865958963121,1.102272425379072,7.398863860539028,0.5143424868583679,0.2930528819561004,0.2930528819561004,0.2930528819561004,1.084074318408966,6.809136629104614,0.032498922142666,0.0,0.001,90,0.0656961999993654,5.957729899990227,6.57418576598311,5.0,0.033498922142666,True,90,pix_only-20260606T031406Z-5c51bdec,pix_only,none,,,,,
0.5980495469910758,0.3571528494358063,0.3571528494358063,0.3571528494358063,1.096301589693342,7.191178185599191,0.5240617394447327,0.2860925644636154,0.2860925644636154,0.2860925644636154,1.0905399918556211,7.103786706924439,0.033498922142666,0.0,0.001,91,0.0597837999994226,6.0175136999896495,6.503579952267302,5.0,0.034498922142666,True,91,pix_only-20260606T031406Z-5c51bdec,pix_only,none,,,,,
0.6029749768120902,0.3541011043957301,0.3541011043957301,0.3541011043957301,1.102329169000898,7.213960647583008,0.5192896723747253,0.2910345494747162,0.2910345494747162,0.2910345494747162,1.0843524932861328,6.616296291351318,0.034498922142666,0.0,0.001,92,0.0643247999978484,6.081838499987498,6.434474616292796,5.0,0.035498922142666,True,92,pix_only-20260606T031406Z-5c51bdec,pix_only,none,,,,,
0.6022182021822248,0.3550191308770861,0.3550191308770861,0.3550191308770861,1.0964515209197998,6.963565622057233,0.5205701291561127,0.290303573012352,0.290303573012352,0.290303573012352,1.0871940851211548,6.486578941345215,0.035498922142666,0.0,0.001,93,0.0606084999999438,6.142446999987442,6.3668224299065415,5.0,0.036498922142666,True,93,pix_only-20260606T031406Z-5c51bdec,pix_only,none,,,,,
0.6127781442233494,0.3673623672553471,0.3673623672553471,0.3673623672553471,1.1028469800949097,6.723918642316546,0.5386475920677185,0.2887633889913559,0.2887633889913559,0.2887633889913559,1.0871988534927368,6.8463451862335205,0.036498922142666,0.0,0.001,94,0.0661939000019629,6.208640899989405,6.300578034682083,5.0,0.037498922142666,True,94,pix_only-20260606T031406Z-5c51bdec,pix_only,none,,,,,
0.6163531116076878,0.359665960073471,0.359665960073471,0.359665960073471,1.0984094313212804,6.84518780027117,0.5218928456306458,0.2937857061624527,0.2937857061624527,0.2937857061624527,1.084258258342743,6.083032131195068,0.037498922142666,0.0,0.001,95,0.0629565999988699,6.271597499988275,6.235697940503435,5.0,0.036498922142666,True,95,pix_only-20260606T031406Z-5c51bdec,pix_only,none,,,,,
0.6127283232552665,0.3630027047225407,0.3630027047225407,0.3630027047225407,1.0995498214449202,6.841999598911831,0.5277037620544434,0.2924145758152008,0.2924145758152008,0.2924145758152008,1.081987977027893,6.446469068527222,0.036498922142666,0.0,0.001,96,0.0651452999991306,6.336742799987405,6.172140430351078,5.0,0.037498922142666,True,96,pix_only-20260606T031406Z-5c51bdec,pix_only,none,,,,,
0.6191796319825309,0.3640684528010232,0.3640684528010232,0.3640684528010232,1.1002441814967563,6.803160667419434,0.5251976549625397,0.2884001135826111,0.2884001135826111,0.2884001135826111,1.0850096940994265,6.314783096313477,0.037498922142666,0.0,0.001,97,0.0631920000014361,6.399934799988841,6.109865470852014,5.0,0.038498922142666,True,97,pix_only-20260606T031406Z-5c51bdec,pix_only,none,,,,,
0.6224218692098346,0.3737104875700814,0.3737104875700814,0.3737104875700814,1.0924798931394304,6.460216658455985,0.5510995388031006,0.2941666841506958,0.2941666841506958,0.2941666841506958,1.0868655443191528,6.673766851425171,0.038498922142666,0.0,0.001,98,0.0648900000014691,6.464824799990311,6.048834628190896,5.0,0.039498922142666,True,98,pix_only-20260606T031406Z-5c51bdec,pix_only,none,,,,,
0.6320289288248334,0.3731197714805603,0.3731197714805603,0.3731197714805603,1.091867208480835,6.554841654641288,0.5327701568603516,0.2958364933729172,0.2958364933729172,0.2958364933729172,1.077797532081604,5.998484373092651,0.039498922142666,0.0,0.001,99,0.0642114000002038,6.529036199990514,5.989010989010993,5.0,0.0395936559834825,True,99,pix_only-20260606T031406Z-5c51bdec,pix_only,none,,,,,
0.6355534706796918,0.379693831716265,0.379693831716265,0.379693831716265,1.0885250227791925,6.462137631007603,0.5355381965637207,0.2962980419397354,0.2962980419397354,0.2962980419397354,1.0791120529174805,6.042386770248413,0.0395936559834825,0.0,0.001,100,0.0599813000007998,6.589017499991314,5.930359085963005,5.0,0.0405936559834825,True,100,pix_only-20260606T031406Z-5c51bdec,pix_only,none,,,,,
0.6401562179837909,0.3776718761239733,0.3776718761239733,0.3776718761239733,1.0938529797962733,6.466141564505441,0.5507460236549377,0.2992676049470901,0.2992676049470901,0.2992676049470901,1.0813018083572388,6.195017814636231,0.0405936559834825,0.0,0.001,101,0.058325900001364,6.647343399992678,5.872844827586206,5.0,0.0415936559834825,True,101,pix_only-20260606T031406Z-5c51bdec,pix_only,none,,,,,
0.644851735660008,0.3828874060085842,0.3828874060085842,0.3828874060085842,1.0904719488961356,6.298180307660784,0.5510462522506714,0.3002135902643204,0.3002135902643204,0.3002135902643204,1.0788748860359192,6.030550718307495,0.0415936559834825,0.0,0.001,102,0.0591371999980765,6.706480599990755,5.81643543223052,5.0,0.0425936559834825,True,102,pix_only-20260606T031406Z-5c51bdec,pix_only,none,,,,,
0.6503172431673322,0.3860653638839721,0.3860653638839721,0.3860653638839721,1.0839965513774328,6.204020091465542,0.5442422330379486,0.3020983338356018,0.3020983338356018,0.3020983338356018,1.0747975707054138,5.6849753856658936,0.0425936559834825,0.0,0.001,103,0.059147899999516,6.765628499990271,5.761099365750525,5.0,0.0418324161826362,True,103,pix_only-20260606T031406Z-5c51bdec,pix_only,none,,,,,
0.6475804788725716,0.39169899054936,0.39169899054936,0.39169899054936,1.0865785053798132,6.116823128291538,0.559052586555481,0.2947308868169784,0.2947308868169784,0.2947308868169784,1.081068515777588,6.318586111068726,0.0418324161826362,0.0,0.001,104,0.0595658999991428,6.825194399989414,5.706806282722511,5.0,0.0428324161826362,True,104,pix_only-20260606T031406Z-5c51bdec,pix_only,none,,,,,
0.6490933128765651,0.3755033186503819,0.3755033186503819,0.3755033186503819,1.0884585891451155,6.387451716831753,0.5312621295452118,0.3047793358564377,0.3047793358564377,0.3047793358564377,1.071130394935608,5.287648916244507,0.0428324161826362,0.0,0.001,105,0.062571399997978,6.887765799987392,5.65352697095436,5.0,0.0418324161826362,True,105,pix_only-20260606T031406Z-5c51bdec,pix_only,none,,,,,
0.6445240548678807,0.3824623780591147,0.3824623780591147,0.3824623780591147,1.0842016765049525,6.26455967766898,0.5558191537857056,0.297826275229454,0.297826275229454,0.297826275229454,1.0772263407707214,6.167295455932617,0.0418324161826362,0.0,0.001,106,0.0634611999994376,6.9512269999868295,5.601233299075027,5.0,0.0428324161826362,True,106,pix_only-20260606T031406Z-5c51bdec,pix_only,none,,,,,
0.6517492703029087,0.3930328147751944,0.3930328147751944,0.3930328147751944,1.085153034755162,6.040202413286481,0.5579176545143127,0.2976576685905456,0.2976576685905456,0.2976576685905456,1.0786542892456057,6.076238870620728,0.0428324161826362,0.0,0.001,107,0.0639998000006016,7.015226799987431,5.549898167006106,5.0,0.0438324161826362,True,107,pix_only-20260606T031406Z-5c51bdec,pix_only,none,,,,,
0.655758627823421,0.3873439388615744,0.3873439388615744,0.3873439388615744,1.084688356944493,6.123656954084124,0.5490252673625946,0.3011685460805893,0.3011685460805893,0.3011685460805893,1.0721415877342224,5.654643535614014,0.0438324161826362,0.0,0.001,108,0.0637470000001485,7.07897379998758,5.499495459132191,5.0,0.0448324161826362,True,108,pix_only-20260606T031406Z-5c51bdec,pix_only,none,,,,,
0.6653857486588615,0.3859363113130842,0.3859363113130842,0.3859363113130842,1.085543155670166,6.233200550079346,0.5610795021057129,0.301811933517456,0.301811933517456,0.301811933517456,1.0727940797805786,5.783037900924683,0.0448324161826362,0.0,0.001,109,0.0612538999994285,7.140227699987008,5.450000000000003,5.0,0.0458324161826362,True,109,pix_only-20260606T031406Z-5c51bdec,pix_only,none,,,,,
0.6685485243797302,0.399479614836829,0.399479614836829,0.399479614836829,1.0822806698935372,5.870711599077497,0.5650915503501892,0.3032669275999069,0.3032669275999069,0.3032669275999069,1.076915979385376,5.712651014328003,0.0458324161826362,0.0,0.001,110,0.0627590000003692,7.2029866999873775,5.401387512388503,5.0,0.0468324161826362,True,110,pix_only-20260606T031406Z-5c51bdec,pix_only,none,,,,,
0.6762195740427289,0.4038035784448896,0.4038035784448896,0.4038035784448896,1.0784831898553031,5.816825117383685,0.5718714594841003,0.30360808968544,0.30360808968544,0.30360808968544,1.0713282227516174,5.728155612945557,0.0468324161826362,0.0,0.001,111,0.0597572000006039,7.262743899987981,5.353634577603145,5.0,0.0478324161826362,True,111,pix_only-20260606T031406Z-5c51bdec,pix_only,none,,,,,
0.6788727470806667,0.4018358588218689,0.4018358588218689,0.4018358588218689,1.0823765652520316,5.791823046548026,0.5555872023105621,0.3061590492725372,0.3061590492725372,0.3061590492725372,1.0716374516487122,5.214625597000122,0.0478324161826362,0.0,0.001,112,0.0640234999991662,7.326767399987148,5.306718597857838,5.0,0.0469114861740591,True,112,pix_only-20260606T031406Z-5c51bdec,pix_only,none,,,,,
0.6770477720669338,0.4062895561967577,0.4062895561967577,0.4062895561967577,1.079201340675354,5.771682807377407,0.5806291997432709,0.3053173422813415,0.3053173422813415,0.3053173422813415,1.069638192653656,5.868751287460327,0.0469114861740591,0.0,0.001,113,0.0621183000002929,7.388885699987441,5.260617760617762,5.0,0.0479114861740591,True,113,pix_only-20260606T031406Z-5c51bdec,pix_only,none,,,,,
0.6790598716054644,0.403064101934433,0.403064101934433,0.403064101934433,1.078429000718253,5.760534082140241,0.5544416308403015,0.3091352432966232,0.3091352432966232,0.3091352432966232,1.06430846452713,5.119990825653076,0.0479114861740591,0.0,0.001,114,0.062790899999527,7.451676599986968,5.215311004784688,5.0,0.046958284382743,True,114,pix_only-20260606T031406Z-5c51bdec,pix_only,none,,,,,
0.6764639275414603,0.4016802992139544,0.4016802992139544,0.4016802992139544,1.0780657870428902,5.851654188973563,0.5743046700954437,0.310890793800354,0.310890793800354,0.310890793800354,1.0698075890541077,5.609529495239258,0.046958284382743,0.0,0.001,115,0.0621157999994466,7.513792399986414,5.170777988614802,5.0,0.047958284382743,True,115,pix_only-20260606T031406Z-5c51bdec,pix_only,none,,,,,
0.6813987834112984,0.4063145135130201,0.4063145135130201,0.4063145135130201,1.0799567699432373,5.735907077789307,0.5609146654605865,0.3114475905895233,0.3114475905895233,0.3114475905895233,1.0646406412124634,5.201751232147217,0.047958284382743,0.0,0.001,116,0.0617068000028666,7.575499199989281,5.126999059266225,5.0,0.0487058061115529,True,116,pix_only-20260606T031406Z-5c51bdec,pix_only,none,,,,,
0.6839695913451058,0.4131032100745609,0.4131032100745609,0.4131032100745609,1.0676098380770005,5.561275277818952,0.5735674202442169,0.3136582672595978,0.3136582672595978,0.3136582672595978,1.0636980533599854,5.3363072872161865,0.0487058061115529,0.0,0.001,117,0.0595409000015934,7.635040099990874,5.083955223880601,5.0,0.0497058061115529,True,117,pix_only-20260606T031406Z-5c51bdec,pix_only,none,,,,,
0.6928947823388236,0.4093113115855625,0.4093113115855625,0.4093113115855625,1.0716084923063005,5.70523806980678,0.5719380974769592,0.3086996227502823,0.3086996227502823,0.3086996227502823,1.0695360898971558,5.295930624008179,0.0497058061115529,0.0,0.001,118,0.058969400000933,7.694009499991807,5.04162812210916,5.0,0.0507058061115529,True,118,pix_only-20260606T031406Z-5c51bdec,pix_only,none,,,,,
0.6976503900119236,0.4212374559470585,0.4212374559470585,0.4212374559470585,1.0698720897947038,5.451307501111712,0.5798106789588928,0.3084105998277664,0.3084105998277664,0.3084105998277664,1.0662676095962524,5.352445840835571,0.0507058061115529,0.0,0.001,119,0.0649496000005456,7.758959099992353,5.0,5.0,0.0517058061115529,True,119,pix_only-20260606T031406Z-5c51bdec,pix_only,none,,,,,
0.6974346808024815,0.4106281229427883,0.4106281229427883,0.4106281229427883,1.0696308612823486,5.546892847333636,0.5743569731712341,0.3147537112236023,0.3147537112236023,0.3147537112236023,1.0619943141937256,5.020775318145752,0.0517058061115529,0.0,0.001,120,0.0606213999999454,7.819580499992298,5.0,5.0,0.0519135592930104,True,120,pix_only-20260606T031406Z-5c51bdec,pix_only,none,,,,,
0.705396728856223,0.4210234241826193,0.4210234241826193,0.4210234241826193,1.071504371506827,5.477823257446289,0.6032744646072388,0.3080930560827255,0.3080930560827255,0.3080930560827255,1.0691291093826294,5.686017274856567,0.0519135592930104,0.0,0.001,121,0.0621117000009689,7.881692199993267,5.0,5.0,0.0587737320415761,True,121,pix_only-20260606T031406Z-5c51bdec,pix_only,none,,,,,
0.7395911812782288,0.4364919364452362,0.4364919364452362,0.4364919364452362,1.0720684358051844,5.157052653176444,0.5749054551124573,0.3196741640567779,0.3196741640567779,0.3196741640567779,1.0579009056091309,4.342607975006104,0.0587737320415761,0.0,0.001,122,0.0654891000012867,7.947181299994554,5.0,5.0,0.0521998117916371,True,122,pix_only-20260606T031406Z-5c51bdec,pix_only,none,,,,,
0.7095792123249599,0.426840888602393,0.426840888602393,0.426840888602393,1.0659211363111225,5.416462557656424,0.598203033208847,0.3189726769924164,0.3189726769924164,0.3189726769924164,1.0622788071632383,5.349260330200195,0.0521998117916371,0.0,0.001,123,0.062567000000854,8.009748299995408,5.0,5.0,0.0556924150936391,True,123,pix_only-20260606T031406Z-5c51bdec,pix_only,none,,,,,
0.7200275318963187,0.434702319758279,0.434702319758279,0.434702319758279,1.0696096760886056,5.123232773372105,0.5851470530033112,0.3198544681072235,0.3198544681072235,0.3198544681072235,1.0614969730377195,4.763531684875488,0.0556924150936391,0.0,0.001,124,0.0625774000000092,8.072325699995417,5.0,5.0,0.053327731942394,True,124,pix_only-20260606T031406Z-5c51bdec,pix_only,none,,,,,
0.7032972659383502,0.4222360210759299,0.4222360210759299,0.4222360210759299,1.0626659904207505,5.270451886313302,0.5814484655857086,0.3228421658277511,0.3228421658277511,0.3228421658277511,1.058122158050537,4.849377393722534,0.053327731942394,0.0,0.001,125,0.0590453999975579,8.131371099992975,5.0,5.0,0.0518215058796193,True,125,pix_only-20260606T031406Z-5c51bdec,pix_only,none,,,,,
0.6989960925919669,0.4257624021598271,0.4257624021598271,0.4257624021598271,1.069745557648795,5.272592544555664,0.5942959487438202,0.3135845363140106,0.3135845363140106,0.3135845363140106,1.065611720085144,5.416890382766724,0.0518215058796193,0.0,0.0007,126,0.06208990000232,8.193460999995295,5.0,5.0,0.0559904097072865,True,126,pix_only-20260606T031406Z-5c51bdec,pix_only,none,,,,,
0.7140662329537528,0.4185692540236881,0.4185692540236881,0.4185692540236881,1.0710788454328264,5.277635438101632,0.580456405878067,0.3156853169202804,0.3156853169202804,0.3156853169202804,1.061978816986084,4.728865385055542,0.0559904097072865,0.0,0.0007,127,0.0586941000001388,8.252155099995434,5.0,5.0,0.0532790635578419,True,127,pix_only-20260606T031406Z-5c51bdec,pix_only,none,,,,,
0.7042200650487628,0.4225714334419795,0.4225714334419795,0.4225714334419795,1.0699959312166487,5.286290986197336,0.5958016812801361,0.3162915855646133,0.3162915855646133,0.3162915855646133,1.062023043632507,5.246152877807617,0.0532790635578419,0.0,0.0007,128,0.0613395000000309,8.313494599995465,5.0,5.0,0.0557405923359181,True,128,pix_only-20260606T031406Z-5c51bdec,pix_only,none,,,,,
0.7108431884220668,0.4198905995913914,0.4198905995913914,0.4198905995913914,1.0687353440693446,5.219761439732143,0.5759221017360687,0.3146016895771026,0.3146016895771026,0.3146016895771026,1.0580523610115051,4.688153266906738,0.0557405923359181,0.0,0.0007,129,0.0623909999994793,8.375885599994945,5.0,5.0,0.0526221250049855,True,129,pix_only-20260606T031406Z-5c51bdec,pix_only,none,,,,,
0.7005331601415362,0.4235680188451494,0.4235680188451494,0.4235680188451494,1.0725961923599243,5.2632832527160645,0.5997549295425415,0.3147198408842087,0.3147198408842087,0.3147198408842087,1.0632724165916445,5.416639566421509,0.0526221250049855,0.0,0.0007,130,0.0626634000000194,8.438548999994964,5.0,5.0,0.0567885206692006,True,130,pix_only-20260606T031406Z-5c51bdec,pix_only,none,,,,,
0.7128358313015529,0.4105017951556614,0.4105017951556614,0.4105017951556614,1.0654346942901611,5.323858737945557,0.5682671666145325,0.3145321607589721,0.3145321607589721,0.3145321607589721,1.0568711161613464,4.468069076538086,0.0567885206692006,0.0,0.00049,131,0.0614614000005531,8.500010399995517,5.0,5.0,0.0514692114345815,True,131,pix_only-20260606T031406Z-5c51bdec,pix_only,none,,,,,
0.6905712229864938,0.4344283640384674,0.4344283640384674,0.4344283640384674,1.069601569856916,4.976623126438686,0.5830212235450745,0.3102419376373291,0.3102419376373291,0.3102419376373291,1.0645678639411926,5.299853086471558,0.0514692114345815,0.0,0.00049,132,0.0595180999989679,8.559528499994485,5.0,5.0,0.054467742299297,True,132,pix_only-20260606T031406Z-5c51bdec,pix_only,none,,,,,
0.7007670402526855,0.4034534011568342,0.4034534011568342,0.4034534011568342,1.0675553594316756,5.458526747567313,0.5763011574745178,0.3143656849861145,0.3143656849861145,0.3143656849861145,1.0590495467185974,4.809001684188843,0.054467742299297,0.0,0.00049,133,0.0646317999999155,8.6241602999944,5.0,5.0,0.0525577591411855,True,133,pix_only-20260606T031406Z-5c51bdec,pix_only,none,,,,,
0.6913542321750096,0.4261818102427891,0.4261818102427891,0.4261818102427891,1.0625334467206682,5.045352458953857,0.5753766298294067,0.310156837105751,0.310156837105751,0.310156837105751,1.0618973970413208,5.046254634857178,0.0525577591411855,0.0,0.00049,134,0.0603564000011829,8.684516699995584,5.0,5.0,0.0530203054897572,True,134,pix_only-20260606T031406Z-5c51bdec,pix_only,none,,,,,
0.6933868782860892,0.4012223354407719,0.4012223354407719,0.4012223354407719,1.0683316503252305,5.51042720249721,0.5791654884815216,0.3084258884191513,0.3084258884191513,0.3084258884191513,1.062469303607941,5.106337547302246,0.0530203054897572,0.0,0.00049,135,0.0611944000011135,8.745711099996697,5.0,5.0,0.0540836809627797,True,135,pix_only-20260606T031406Z-5c51bdec,pix_only,none,,,,,
0.6944388236318316,0.4161155351570674,0.4161155351570674,0.4161155351570674,1.0687837771006994,5.146160125732422,0.5675843954086304,0.3106670081615448,0.3106670081615448,0.3106670081615448,1.0611651539802551,4.750367403030396,0.0540836809627797,0.0,0.00049,136,0.0612903000001097,8.807001399996807,5.0,5.0,0.0515873549930837,True,136,pix_only-20260606T031406Z-5c51bdec,pix_only,none,,,,,
0.6853966287204197,0.4157308425222124,0.4157308425222124,0.4157308425222124,1.0723882402692522,5.227362224033901,0.5821983814239502,0.3084796220064163,0.3084796220064163,0.3084796220064163,1.0639253854751587,5.305927276611328,0.0515873549930837,0.0,0.00049,137,0.0595236999979533,8.86652509999476,5.0,5.0,0.0546466277591969,True,137,pix_only-20260606T031406Z-5c51bdec,pix_only,none,,,,,
0.7017468980380467,0.4064108601638249,0.4064108601638249,0.4064108601638249,1.0654038872037614,5.4044694900512695,0.5779031217098236,0.3110315501689911,0.3110315501689911,0.3110315501689911,1.0615887641906738,4.88358736038208,0.0546466277591969,0.0,0.00049,138,0.0620952999997825,8.928620399994543,5.0,5.0,0.0534825013630177,True,138,pix_only-20260606T031406Z-5c51bdec,pix_only,none,,,,,
0.6915014811924526,0.4125450423785618,0.4125450423785618,0.4125450423785618,1.0668490273611886,5.215844563075474,0.5822278261184692,0.3075607270002365,0.3075607270002365,0.3075607270002365,1.0649539828300476,5.135644197463989,0.0534825013630177,0.0,0.00049,139,0.0614256000008026,8.990045999995345,5.0,5.0,0.0548389433376576,True,139,pix_only-20260606T031406Z-5c51bdec,pix_only,none,,,,,
0.7026216643197196,0.4097250699996948,0.4097250699996948,0.4097250699996948,1.0714071648461478,5.341032777513776,0.5800310969352722,0.3101004511117935,0.3101004511117935,0.3101004511117935,1.0605539679527285,4.922243118286133,0.0548389433376576,0.0,0.00049,140,0.0585018999991007,9.048547899994446,5.0,5.0,0.054061374520519,True,140,pix_only-20260606T031406Z-5c51bdec,pix_only,none,,,,,
0.6974411862237113,0.4158073152814592,0.4158073152814592,0.4158073152814592,1.069938370159694,5.209521361759731,0.5780662894248962,0.3075935989618301,0.3075935989618301,0.3075935989618301,1.0623785853385923,5.003067493438721,0.054061374520519,0.0,0.000343,141,0.0592623999982606,9.107810299992709,5.0,5.0,0.0540920494549062,True,141,pix_only-20260606T031406Z-5c51bdec,pix_only,none,,,,,
0.6945047378540039,0.4078163376876286,0.4078163376876286,0.4078163376876286,1.069530861718314,5.300009863717215,0.5773224234580994,0.3064243942499161,0.3064243942499161,0.3064243942499161,1.0627363324165344,5.008092880249023,0.0540920494549062,0.0,0.000343,142,0.0608140000003913,9.168624299993098,5.0,5.0,0.0541729782573964,True,142,pix_only-20260606T031406Z-5c51bdec,pix_only,none,,,,,
0.6903855800628662,0.4021949470043182,0.4021949470043182,0.4021949470043182,1.0696930544716972,5.3198226519993375,0.5768125653266907,0.3051522374153137,0.3051522374153137,0.3051522374153137,1.0631445050239563,5.014683246612549,0.0541729782573964,0.0,0.000343,143,0.0617227000002458,9.230346999993344,5.0,5.0,0.0543198107235219,True,143,pix_only-20260606T031406Z-5c51bdec,pix_only,none,,,,,
0.7047331503459385,0.4153683824198587,0.4153683824198587,0.4153683824198587,1.0743689026151384,5.327057770320347,0.5854418277740479,0.3063039779663086,0.3063039779663086,0.3063039779663086,1.064310073852539,5.1387858390808105,0.0543198107235219,0.0,0.000343,144,0.0591387999993457,9.28948579999269,5.0,5.0,0.05570766911433,True,144,pix_only-20260606T031406Z-5c51bdec,pix_only,none,,,,,
0.6937151636396136,0.3963533171585628,0.3963533171585628,0.3963533171585628,1.0693124532699585,5.337897777557373,0.5794929563999176,0.3091738373041153,0.3091738373041153,0.3091738373041153,1.0625924468040466,4.8524580001831055,0.05570766911433,0.0,0.000343,145,0.0589680000011867,9.348453799993877,5.0,5.0,0.054232249116161,True,145,pix_only-20260606T031406Z-5c51bdec,pix_only,none,,,,,
0.6884163447788784,0.4168940825121743,0.4168940825121743,0.4168940825121743,1.0695458820887975,5.00665671484811,0.5715396404266357,0.3097576200962066,0.3097576200962066,0.3097576200962066,1.0625194907188416,4.827054738998413,0.054232249116161,0.0,0.000343,146,0.0592261000019789,9.407679899995856,5.0,5.0,0.0525027965061452,True,146,pix_only-20260606T031406Z-5c51bdec,pix_only,none,,,,,
0.68428692647389,0.4066504240036011,0.4066504240036011,0.4066504240036011,1.0671319620949882,5.288032804216657,0.5776052176952362,0.306876465678215,0.306876465678215,0.306876465678215,1.0628831386566162,5.156463384628296,0.0525027965061452,0.0,0.000343,147,0.0619661000018822,9.469645999997738,5.0,5.0,0.0540674303524281,True,147,pix_only-20260606T031406Z-5c51bdec,pix_only,none,,,,,
0.6909532717296055,0.40302745785032,0.40302745785032,0.40302745785032,1.075644986970084,5.325309821537563,0.5688076019287109,0.307673841714859,0.307673841714859,0.307673841714859,1.060841143131256,4.829779863357544,0.0540674303524281,0.0,0.000343,148,0.0633189000000129,9.53296489999775,5.0,5.0,0.0523652289860036,True,148,pix_only-20260606T031406Z-5c51bdec,pix_only,none,,,,,
0.6841831036976406,0.4175378041607993,0.4175378041607993,0.4175378041607993,1.071694322994777,5.092029844011579,0.5703551173210144,0.3060129135847091,0.3060129135847091,0.3060129135847091,1.0629979372024536,5.048047780990601,0.0523652289860036,0.0,0.000343,149,0.0644811999991361,9.597446099996889,5.0,5.0,0.0528457067959096,True,149,pix_only-20260606T031406Z-5c51bdec,pix_only,none,,,,,
0.6846340724400112,0.3973012822014944,0.3973012822014944,0.3973012822014944,1.0692017759595598,5.437202453613281,0.582927405834198,0.3049464970827102,0.3049464970827102,0.3049464970827102,1.063964545726776,5.260236501693726,0.0528457067959096,0.0,0.000343,150,0.0614851999998791,9.658931299996766,5.0,5.0,0.0554480718128468,True,150,pix_only-20260606T031406Z-5c51bdec,pix_only,none,,,,,
0.6912381223269871,0.3962657707078116,0.3962657707078116,0.3962657707078116,1.0681757926940918,5.319794791085379,0.5733014345169067,0.3061393797397613,0.3061393797397613,0.3061393797397613,1.0620573163032532,4.818238973617554,0.0554480718128468,0.0,0.0002400999999999,151,0.0591826000018045,9.71811389999857,5.0,5.0,0.0536304615490224,True,151,pix_only-20260606T031406Z-5c51bdec,pix_only,none,,,,,
0.6869755727904183,0.4160296746662685,0.4160296746662685,0.4160296746662685,1.067116379737854,5.052089895520892,0.570089191198349,0.3049713969230652,0.3049713969230652,0.3049713969230652,1.0623056292533877,4.943418502807617,0.0536304615490224,0.0,0.0002400999999999,152,0.0599390999996103,9.77805299999818,5.0,5.0,0.0530646465770985,True,152,pix_only-20260606T031406Z-5c51bdec,pix_only,none,,,,,
0.6872528621128627,0.4028619612966265,0.4028619612966265,0.4028619612966265,1.0672225781849451,5.35932901927403,0.5835005342960358,0.304261565208435,0.304261565208435,0.304261565208435,1.063761830329895,5.262241125106812,0.0530646465770985,0.0,0.0002400999999999,153,0.0611540999998396,9.83920709999802,5.0,5.0,0.0556870578281667,True,153,pix_only-20260606T031406Z-5c51bdec,pix_only,none,,,,,
0.7022211296217782,0.3980801446097238,0.3980801446097238,0.3980801446097238,1.0665459632873535,5.461609840393066,0.5848624408245087,0.3061660379171371,0.3061660379171371,0.3061660379171371,1.0624128580093384,5.0046892166137695,0.0556870578281667,0.0,0.0002400999999999,154,0.0600450000019918,9.899252100000012,5.0,5.0,0.0557339499943043,True,154,pix_only-20260606T031406Z-5c51bdec,pix_only,none,,,,,
0.6942808032035828,0.4128670735018594,0.4128670735018594,0.4128670735018594,1.0717144012451172,5.049233504704067,0.5668379068374634,0.3072595596313476,0.3072595596313476,0.3072595596313476,1.060604453086853,4.6574547290802,0.0557339499943043,0.0,0.0002400999999999,155,0.0598349000028974,9.95908700000291,5.0,5.0,0.0523084972851063,True,155,pix_only-20260606T031406Z-5c51bdec,pix_only,none,,,,,
0.6838618346623012,0.4221002459526062,0.4221002459526062,0.4221002459526062,1.062326431274414,5.004188605717251,0.5693557560443878,0.3055441081523895,0.3055441081523895,0.3055441081523895,1.062812328338623,5.043380737304688,0.0523084972851063,0.0,0.0002400999999999,156,0.0595532000006642,10.018640200003574,5.0,5.0,0.0527423046581532,True,156,pix_only-20260606T031406Z-5c51bdec,pix_only,none,,,,,
0.6800793579646519,0.3938341566494533,0.3938341566494533,0.3938341566494533,1.070593203817095,5.42724118913923,0.5792852938175201,0.3046839237213135,0.3046839237213135,0.3046839237213135,1.0638900399208069,5.206472158432007,0.0527423046581532,0.0,0.0001680699999999,157,0.06289359999937,10.081533800002944,5.0,5.0,0.0548070262424733,True,157,pix_only-20260606T031406Z-5c51bdec,pix_only,none,,,,,
0.6938758066722325,0.3984218750681196,0.3984218750681196,0.3984218750681196,1.0704405818666731,5.390803950173514,0.5783013701438904,0.3061262369155884,0.3061262369155884,0.3061262369155884,1.0631758570671082,4.966063499450684,0.0548070262424733,0.0,0.0001680699999999,158,0.0675496999974711,10.149083500000415,5.0,5.0,0.0544676612369801,True,158,pix_only-20260606T031406Z-5c51bdec,pix_only,none,,,,,
0.6933023078101022,0.4095207325049809,0.4095207325049809,0.4095207325049809,1.0718030418668474,5.210093225751605,0.576991617679596,0.3058266192674637,0.3058266192674637,0.3058266192674637,1.0621054768562317,4.978458881378174,0.0544676612369801,0.0,0.0001680699999999,159,0.0623166999976092,10.211400199998025,5.0,5.0,0.0542522500507619,True,159,pix_only-20260606T031406Z-5c51bdec,pix_only,none,,,,,
0.6885773198945182,0.4017773568630218,0.4017773568630218,0.4017773568630218,1.0743369545255388,5.286416053771973,0.578350841999054,0.3051107972860336,0.3051107972860336,0.3051107972860336,1.062272071838379,5.036474227905273,0.0542522500507619,0.0,0.0001680699999999,160,0.0630368999991333,10.274437099997158,5.0,5.0,0.0546169923298146,True,160,pix_only-20260606T031406Z-5c51bdec,pix_only,none,,,,,
0.6926467588969639,0.4057945055621011,0.4057945055621011,0.4057945055621011,1.070305006844657,5.252069881984165,0.5758481621742249,0.3050333559513092,0.3050333559513092,0.3050333559513092,1.062296986579895,4.95843505859375,0.0546169923298146,0.0,0.0001680699999999,161,0.061651800002437,10.336088899999597,5.0,5.0,0.0542013429157521,True,161,pix_only-20260606T031406Z-5c51bdec,pix_only,none,,,,,
0.6960849336215428,0.412621796131134,0.412621796131134,0.412621796131134,1.0668150697435652,5.229817458561489,0.5759285390377045,0.3045199066400528,0.3045199066400528,0.3045199066400528,1.0629271268844604,5.007415056228638,0.0542013429157521,0.0,0.0001680699999999,162,0.059530900001846,10.39561980000144,5.0,5.0,0.0542754934780385,True,162,pix_only-20260606T031406Z-5c51bdec,pix_only,none,,,,,
0.693412891456059,0.4026128905160086,0.4026128905160086,0.4026128905160086,1.0684967722211565,5.35785048348563,0.5817444622516632,0.3045847713947296,0.3045847713947296,0.3045847713947296,1.0637229084968567,5.106534957885742,0.0542754934780385,0.0,0.0001176489999999,163,0.0683499000006122,10.463969700002052,5.0,5.0,0.0553408430568959,True,163,pix_only-20260606T031406Z-5c51bdec,pix_only,none,,,,,
0.6989601424762181,0.4020689896174839,0.4020689896174839,0.4020689896174839,1.0692484549113683,5.364774703979492,0.5832425355911255,0.3043889850378036,0.3043889850378036,0.3043889850378036,1.0627569556236267,5.038838863372803,0.0553408430568959,0.0,0.0001176489999999,164,0.0633693999989191,10.527339100000972,5.0,5.0,0.0557292316906239,True,164,pix_only-20260606T031406Z-5c51bdec,pix_only,none,,,,,
0.6981998085975647,0.4045627840927669,0.4045627840927669,0.4045627840927669,1.064904281071254,5.268994603838239,0.582302451133728,0.3051411509513855,0.3051411509513855,0.3051411509513855,1.0622791051864624,4.973356246948242,0.0557292316906239,0.0,0.0001176489999999,165,0.0602109999999811,10.587550100000954,5.0,5.0,0.0554627941601063,True,165,pix_only-20260606T031406Z-5c51bdec,pix_only,none,,,,,
0.6952364018985203,0.4065831175872257,0.4065831175872257,0.4065831175872257,1.0666714225496563,5.204449313027518,0.5791540741920471,0.3053402751684189,0.3053402751684189,0.3053402751684189,1.0619331002235413,4.936891317367554,0.0554627941601063,0.0,0.0001176489999999,166,0.0616006999989622,10.649150799999916,5.0,5.0,0.0548317073337819,True,166,pix_only-20260606T031406Z-5c51bdec,pix_only,none,,,,,
0.6905950818743024,0.4071202576160431,0.4071202576160431,0.4071202576160431,1.06474997316088,5.169906956808908,0.5743587017059326,0.3062119036912918,0.3062119036912918,0.3062119036912918,1.0620794892311096,4.890360593795776,0.0548317073337819,0.0,0.0001176489999999,167,0.0598419000016292,10.708992700001543,5.0,5.0,0.0537353132717397,True,167,pix_only-20260606T031406Z-5c51bdec,pix_only,none,,,,,
0.6927753431456429,0.4140217644827706,0.4140217644827706,0.4140217644827706,1.0672742809568132,5.187530381338937,0.5717769861221313,0.3055612742900848,0.3055612742900848,0.3055612742900848,1.0626518726348877,4.954204559326172,0.0537353132717397,0.0,8.235429999999999e-05,168,0.0598475000006146,10.76884020000216,5.0,5.0,0.0532773588650014,True,168,pix_only-20260606T031406Z-5c51bdec,pix_only,none,,,,,
0.6855037808418274,0.4025195113250187,0.4025195113250187,0.4025195113250187,1.066070233072553,5.311529636383057,0.5757129788398743,0.3038414418697357,0.3038414418697357,0.3038414418697357,1.063845694065094,5.102946996688843,0.0532773588650014,0.0,8.235429999999999e-05,169,0.0653834999975515,10.834223699999711,5.0,5.0,0.0543068288318898,True,169,pix_only-20260606T031406Z-5c51bdec,pix_only,none,,,,,
0.6922850438526699,0.3990982132298605,0.3990982132298605,0.3990982132298605,1.0770275252205983,5.39871038709368,0.5806003212928772,0.3035198897123337,0.3035198897123337,0.3035198897123337,1.0634776949882507,5.102129459381104,0.0543068288318898,0.0,8.235429999999999e-05,170,0.063162900001771,10.897386600001482,5.0,5.0,0.0553281234257008,True,170,pix_only-20260606T031406Z-5c51bdec,pix_only,none,,,,,
0.6990123731749398,0.4036931012357984,0.4036931012357984,0.4036931012357984,1.0690724338803972,5.337597915104458,0.5816608369350433,0.3042340576648712,0.3042340576648712,0.3042340576648712,1.0624510049819946,5.014208793640137,0.0553281234257008,0.0,8.235429999999999e-05,171,0.0607757000034325,10.958162300004917,5.0,5.0,0.0554702113621022,True,171,pix_only-20260606T031406Z-5c51bdec,pix_only,none,,,,,
0.6900654350008283,0.3983335494995117,0.3983335494995117,0.3983335494995117,1.067125575883048,5.259253297533308,0.578337550163269,0.3048689663410187,0.3048689663410187,0.3048689663410187,1.0619977116584778,4.930008172988892,0.0554702113621022,0.0,8.235429999999999e-05,172,0.061862899998232,11.020025200003149,5.0,5.0,0.0547702930919911,True,172,pix_only-20260606T031406Z-5c51bdec,pix_only,none,,,,,
0.685373135975429,0.4016848887716021,0.4016848887716021,0.4016848887716021,1.0660972084317888,5.179600306919643,0.5740451216697693,0.3050155639648437,0.3050155639648437,0.3050155639648437,1.062147319316864,4.911961078643799,0.0547702930919911,0.0,5.764800999999999e-05,173,0.0656755000018165,11.085700700004963,5.0,5.0,0.0538899038784291,True,173,pix_only-20260606T031406Z-5c51bdec,pix_only,none,,,,,
0.6903603247233799,0.410163083246776,0.410163083246776,0.410163083246776,1.0716209241322108,5.199438640049526,0.5713646709918976,0.3043932467699051,0.3043932467699051,0.3043932467699051,1.0628150701522827,4.954015731811523,0.0538899038784291,0.0,5.764800999999999e-05,174,0.059494100001757,11.14519480000672,5.0,5.0,0.0534300611965443,True,174,pix_only-20260606T031406Z-5c51bdec,pix_only,none,,,,,
0.6838579518454415,0.4013266776289259,0.4013266776289259,0.4013266776289259,1.0759126118251257,5.287870747702463,0.5733583569526672,0.3037372827529907,0.3037372827529907,0.3037372827529907,1.0635880827903748,5.046243190765381,0.0534300611965443,0.0,5.764800999999999e-05,175,0.0604177999994135,11.205612600006134,5.0,5.0,0.0538924931041981,True,175,pix_only-20260606T031406Z-5c51bdec,pix_only,none,,,,,
0.6854733654430935,0.3972087715353284,0.3972087715353284,0.3972087715353284,1.0736684458596366,5.348881925855364,0.5780268609523773,0.3036244064569473,0.3036244064569473,0.3036244064569473,1.064023494720459,5.091663599014282,0.0538924931041981,0.0,5.764800999999999e-05,176,0.0611504999978933,11.266763100004027,5.0,5.0,0.054809129094341,True,176,pix_only-20260606T031406Z-5c51bdec,pix_only,none,,,,,
0.6891922184399196,0.3948528511183602,0.3948528511183602,0.3948528511183602,1.0694022689546858,5.370261601039341,0.5811983942985535,0.3040710091590881,0.3040710091590881,0.3040710091590881,1.0639182329177856,5.056226491928101,0.054809129094341,0.0,5.764800999999999e-05,177,0.0629656999990402,11.329728800003068,5.0,5.0,0.055371394013622,True,177,pix_only-20260606T031406Z-5c51bdec,pix_only,none,,,,,
0.6944471767970494,0.4008092624800546,0.4008092624800546,0.4008092624800546,1.070111870765686,5.3030620983668735,0.580712229013443,0.3045161068439483,0.3045161068439483,0.3045161068439483,1.0633887648582458,4.988065481185913,0.055371394013622,0.0,4.035360699999999e-05,178,0.0600087000020721,11.38973750000514,5.0,5.0,0.0552520488254811,True,178,pix_only-20260606T031406Z-5c51bdec,pix_only,none,,,,,
0.6972660337175641,0.4063772729464939,0.4063772729464939,0.4063772729464939,1.0766458000455583,5.264759608677456,0.5780844390392303,0.3049703538417816,0.3049703538417816,0.3049703538417816,1.0630652904510498,4.943058013916016,0.0552520488254811,0.0,4.035360699999999e-05,179,0.0594854000009945,11.449222900006134,5.0,5.0,0.0546826289646413,True,179,pix_only-20260606T031406Z-5c51bdec,pix_only,none,,,,,
0.6829535705702645,0.3986636229923793,0.3986636229923793,0.3986636229923793,1.0684325354439872,5.198907852172852,0.5747687518596649,0.3051489293575287,0.3051489293575287,0.3051489293575287,1.0630210041999817,4.930630207061768,0.0546826289646413,0.0,4.035360699999999e-05,180,0.0657071000023279,11.514930000008462,5.0,5.0,0.0539889310352589,True,180,pix_only-20260606T031406Z-5c51bdec,pix_only,none,,,,,
0.6833428229604449,0.4015166418892996,0.4015166418892996,0.4015166418892996,1.0712162256240845,5.220073359353202,0.5707424879074097,0.3046145588159561,0.3046145588159561,0.3046145588159561,1.063060700893402,4.9293053150177,0.0539889310352589,0.0,4.035360699999999e-05,181,0.0605471999988367,11.5754772000073,5.0,5.0,0.0532819841854359,True,181,pix_only-20260606T031406Z-5c51bdec,pix_only,none,,,,,
0.6753254617963519,0.3973158640520913,0.3973158640520913,0.3973158640520913,1.068966099194118,5.21770395551409,0.5671545565128326,0.3040904253721237,0.3040904253721237,0.3040904253721237,1.0630128383636477,4.93720555305481,0.0532819841854359,0.0,4.035360699999999e-05,182,0.0607432000033441,11.636220400010645,5.0,5.0,0.052654039715984,True,182,pix_only-20260606T031406Z-5c51bdec,pix_only,none,,,,,
0.6735527259962899,0.399423177753176,0.399423177753176,0.399423177753176,1.0641017811638969,5.206239632197788,0.5646283030509949,0.3037955164909363,0.3037955164909363,0.3037955164909363,1.0632315278053284,4.953709125518799,0.052654039715984,0.0,2.8247524899999997e-05,183,0.0590931000006094,11.695313500011252,5.0,5.0,0.052191130971172,True,183,pix_only-20260606T031406Z-5c51bdec,pix_only,none,,,,,
0.6776669451168605,0.4029345852988107,0.4029345852988107,0.4029345852988107,1.0719648259026664,5.263966492244175,0.5644831955432892,0.3037132918834686,0.3037132918834686,0.3037132918834686,1.0635586977005005,4.996440887451172,0.052191130971172,0.0,2.8247524899999997e-05,184,0.0605418000013742,11.755855300012628,5.0,5.0,0.0521555398456837,True,184,pix_only-20260606T031406Z-5c51bdec,pix_only,none,,,,,
0.6735787391662598,0.3963531766619001,0.3963531766619001,0.3963531766619001,1.0720098529543196,5.315361908503941,0.5661703050136566,0.3036336749792099,0.3036336749792099,0.3036336749792099,1.0638354420661926,5.033724784851074,0.0521555398456837,0.0,2.8247524899999997e-05,185,0.0630836999989696,11.818939000011596,5.0,5.0,0.0524927876941945,True,185,pix_only-20260606T031406Z-5c51bdec,pix_only,none,,,,,
0.6721768719809396,0.3929468691349029,0.3929468691349029,0.3929468691349029,1.075090868132455,5.319397653852191,0.5684602558612823,0.303589329123497,0.303589329123497,0.303589329123497,1.0639020204544067,5.045853614807129,0.0524927876941945,0.0,2.8247524899999997e-05,186,0.0624825000013515,11.881421500012948,5.0,5.0,0.0529513238422658,True,186,pix_only-20260606T031406Z-5c51bdec,pix_only,none,,,,,
0.6761560695511954,0.3953565699713571,0.3953565699713571,0.3953565699713571,1.0645900113242013,5.3029739516122,0.5708988904953003,0.3033505827188492,0.3033505827188492,0.3033505827188492,1.0639193654060364,5.0527215003967285,0.0529513238422658,0.0,2.8247524899999997e-05,187,0.0636840000006486,11.945105500013597,5.0,5.0,0.0534785388462331,True,187,pix_only-20260606T031406Z-5c51bdec,pix_only,none,,,,,
0.6798959289278302,0.395492536681039,0.395492536681039,0.395492536681039,1.069402882031032,5.318084784916469,0.5738100111484528,0.3032156229019165,0.3032156229019165,0.3032156229019165,1.063998103141785,5.059868812561035,0.0534785388462331,0.0,2.8247524899999997e-05,188,0.0616312000020116,12.006736700015608,5.0,5.0,0.0540772269718434,True,188,pix_only-20260606T031406Z-5c51bdec,pix_only,none,,,,,
0.6846300874437604,0.3970109650066921,0.3970109650066921,0.3970109650066921,1.069932018007551,5.318673883165632,0.5760802626609802,0.303177997469902,0.303177997469902,0.303177997469902,1.064000129699707,5.046528577804565,0.0540772269718434,0.0,2.8247524899999997e-05,189,0.0593789000013202,12.066115600016929,5.0,5.0,0.0545425127498891,True,189,pix_only-20260606T031406Z-5c51bdec,pix_only,none,,,,,
0.6873324683734349,0.3973314208643777,0.3973314208643777,0.3973314208643777,1.0704686982291085,5.316972936902728,0.5774597525596619,0.303364098072052,0.303364098072052,0.303364098072052,1.0638960599899292,5.025358200073242,0.0545425127498891,0.0,2.8247524899999997e-05,190,0.0592168999974092,12.125332500014338,5.0,5.0,0.0547960947506215,True,190,pix_only-20260606T031406Z-5c51bdec,pix_only,none,,,,,
0.6900971957615444,0.4005611709186009,0.4005611709186009,0.4005611709186009,1.0681150470461165,5.283880370003836,0.5775911211967468,0.3038111627101898,0.3038111627101898,0.3038111627101898,1.063734233379364,4.996340751647949,0.0547960947506215,0.0,2.8247524899999997e-05,191,0.0593136999996204,12.184646200013958,5.0,5.0,0.054759502267101,True,191,pix_only-20260606T031406Z-5c51bdec,pix_only,none,,,,,
0.6931621432304382,0.4034151477473123,0.4034151477473123,0.4034151477473123,1.068898115839277,5.291264261518206,0.5774930417537689,0.304026797413826,0.304026797413826,0.304026797413826,1.0636939406394958,4.993950366973877,0.054759502267101,0.0,1.9773267429999995e-05,192,0.0595618000006652,12.244208000014623,5.0,5.0,0.0546990059368397,True,192,pix_only-20260606T031406Z-5c51bdec,pix_only,none,,,,,
0.6853373220988682,0.3974530739443643,0.3974530739443643,0.3974530739443643,1.075604932648795,5.263061727796282,0.5765615701675415,0.3041656017303467,0.3041656017303467,0.3041656017303467,1.0635085701942444,4.979906797409058,0.0546990059368397,0.0,1.9773267429999995e-05,193,0.0663319999985105,12.310540000013134,5.0,5.0,0.0544980739109303,True,193,pix_only-20260606T031406Z-5c51bdec,pix_only,none,,,,,
0.6878962005887713,0.4039961567946842,0.4039961567946842,0.4039961567946842,1.0640431983130318,5.209359305245536,0.5748147368431091,0.3042071163654327,0.3042071163654327,0.3042071163654327,1.0634026527404783,4.965452671051025,0.0544980739109303,0.0,1.9773267429999995e-05,194,0.0593418999997084,12.369881900012842,5.0,5.0,0.0541526006214406,True,194,pix_only-20260606T031406Z-5c51bdec,pix_only,none,,,,,
0.6866627590996879,0.4026903552668435,0.4026903552668435,0.4026903552668435,1.070428933416094,5.243929386138916,0.5728321075439453,0.3043504357337951,0.3043504357337951,0.3043504357337951,1.0633068084716797,4.957871913909912,0.0541526006214406,0.0,1.9773267429999995e-05,195,0.0650205999991158,12.434902500011958,5.0,5.0,0.0537313197605397,True,195,pix_only-20260606T031406Z-5c51bdec,pix_only,none,,,,,
0.6826226796422686,0.4022406595093863,0.4022406595093863,0.4022406595093863,1.066580789429801,5.218223299298968,0.5712125599384308,0.3041809648275375,0.3041809648275375,0.3041809648275375,1.063330352306366,4.969757080078125,0.0537313197605397,0.0,1.9773267429999995e-05,196,0.0597745999984908,12.494677100010447,5.0,5.0,0.0534288905613209,True,196,pix_only-20260606T031406Z-5c51bdec,pix_only,none,,,,,
0.6820642607552665,0.4013362952641078,0.4013362952641078,0.4013362952641078,1.074206096785409,5.254235131399972,0.5702932476997375,0.3040708750486374,0.3040708750486374,0.3040708750486374,1.0634018778800964,4.982741594314575,0.0534288905613209,0.0,1.3841287200999995e-05,197,0.0600087999991956,12.554685900009645,5.0,5.0,0.0532563065044667,True,197,pix_only-20260606T031406Z-5c51bdec,pix_only,none,,,,,
0.6827267238071987,0.4012571828705923,0.4012571828705923,0.4012571828705923,1.0769068172999792,5.285186903817313,0.570255696773529,0.3039255440235138,0.3039255440235138,0.3039255440235138,1.0635569095611572,5.00091290473938,0.0532563065044667,0.0,1.3841287200999995e-05,198,0.062927099999797,12.617613000009442,5.0,5.0,0.0532654355518605,True,198,pix_only-20260606T031406Z-5c51bdec,pix_only,none,,,,,
0.6769135594367981,0.3953960793358939,0.3953960793358939,0.3953960793358939,1.0680782794952393,5.28518145424979,0.5708098411560059,0.3037181496620178,0.3037181496620178,0.3037181496620178,1.0636571645736694,5.014353036880493,0.0532654355518605,0.0,1.3841287200999995e-05,199,0.0609350000013364,12.678548000010778,5.0,5.0,0.0534089659206654,True,199,pix_only-20260606T031406Z-5c51bdec,pix_only,none,,,,,
1.7384008169174194,1.7384008169174194,1.7384008509772164,0.9665120584624154,0.9648609927722386,5.245165103248188,1.529545247554779,1.529545247554779,1.5295451879501345,0.837728351354599,0.8647710382938385,26.063565254211422,0.0,0.8,0.001,0,0.2547324000006483,0.2547324000006483,50.0,5.0,0.0,True,0,shapley-20260606T031431Z-665a6646,shapley,baseline,A,True,False,0.0,0.0
1.3971981491361345,1.3971981491361345,1.3971981150763375,0.7780500480106899,0.7739350625446865,31.71806035723005,1.2195608019828796,1.2195608019828796,1.2195608019828796,0.6833297908306122,0.6702886819839478,42.31108093261719,0.0,0.8,0.001,1,0.0646548999975493,0.3193872999981977,50.0,5.0,0.0,True,1,shapley-20260606T031431Z-665a6646,shapley,baseline,A,True,False,0.0,0.0
1.1334639617374964,1.1334639617374964,1.133463978767395,0.6281890869140625,0.6315935850143433,47.81638281685965,1.0272371172904968,1.0272371172904968,1.0272371172904968,0.5653414130210876,0.5773696601390839,54.09786987304688,0.0,0.8,0.001,2,0.0626875000016298,0.3820747999998275,50.0,5.0,0.0,True,2,shapley-20260606T031431Z-665a6646,shapley,baseline,A,True,False,0.0,0.0
0.9854218023163932,0.9854218023163932,0.985421793801444,0.5429675664220538,0.5530677948679242,55.52009909493582,0.9327115118503572,0.9327115118503572,0.9327114820480348,0.511089101433754,0.52702796459198,56.71479797363281,0.0,0.8,0.001,3,0.0620966000024054,0.444171400002233,50.0,5.0,0.0,True,3,shapley-20260606T031431Z-665a6646,shapley,baseline,A,True,False,0.0,0.0
0.905831107071468,0.905831107071468,0.9058311241013663,0.4968162306717464,0.5112685986927578,57.95345633370536,0.8715015053749084,0.8715015053749084,0.8715014755725861,0.4762387573719024,0.4940784126520157,59.17690467834473,0.0,0.8,0.001,4,0.0623922999984642,0.5065637000006973,50.0,5.0,0.0,True,4,shapley-20260606T031431Z-665a6646,shapley,baseline,A,True,False,0.0,0.0
0.841998210975102,0.841998210975102,0.841998210975102,0.4581311089651925,0.4798338796411242,61.78644888741629,0.8194214999675751,0.8194214999675751,0.8194214701652527,0.4452966302633285,0.4676560461521148,63.36071014404297,0.0,0.8,0.001,5,0.0607839000003878,0.5673476000010851,50.0,5.0,0.0,True,5,shapley-20260606T031431Z-665a6646,shapley,baseline,A,True,False,0.0,0.0
0.7881631170000348,0.7881631170000348,0.7881630914551871,0.4264101939541952,0.4521911314555576,65.49701690673828,0.7742579877376556,0.7742579877376556,0.7742579579353333,0.417412057518959,0.4460573643445968,67.30219268798828,0.0,0.8,0.001,6,0.0604913999995915,0.6278390000006766,50.0,5.0,0.0,True,6,shapley-20260606T031431Z-665a6646,shapley,baseline,A,True,False,0.0,0.0
0.7425405297960553,0.7425405297960553,0.7425405212811061,0.3962963223457336,0.4328052316393171,69.24438367571149,0.7359637320041656,0.7359637320041656,0.7359637916088104,0.3931992799043655,0.4284556061029434,69.11911392211914,0.0,0.8,0.001,7,0.0606172000007063,0.688456200001383,50.0,5.0,0.0,True,7,shapley-20260606T031431Z-665a6646,shapley,baseline,A,True,False,0.0,0.0
0.7046388813427517,0.7046388813427517,0.7046388898577008,0.3727381995746067,0.4148758607251303,72.05535343715123,0.7057721614837646,0.7057721614837646,0.7057721614837646,0.3740621656179428,0.4146374762058258,72.33435821533203,0.0,0.8,0.001,8,0.0602238999999826,0.7486801000013656,50.0,5.0,0.0,True,8,shapley-20260606T031431Z-665a6646,shapley,baseline,A,True,False,0.0,0.0
0.6713325040681022,0.6713325040681022,0.6713325040681022,0.3525080723421914,0.3985305513654436,75.02357373918805,0.680970311164856,0.680970311164856,0.6809703409671783,0.3595556914806366,0.401768296957016,75.25239181518555,0.0,0.8,0.001,9,0.064182999998593,0.8128630999999586,50.0,5.0,0.0,True,9,shapley-20260606T031431Z-665a6646,shapley,baseline,A,True,False,0.0,0.0
0.6514938473701477,0.6514938473701477,0.651493855885097,0.3412282339164189,0.387832020010267,77.59558977399554,0.66389000415802,0.66389000415802,0.66389000415802,0.3493525236845016,0.3931718170642853,78.72380828857422,0.0,0.8,0.001,10,0.0626683000009507,0.8755314000009093,50.0,5.0,0.001,True,10,shapley-20260606T031431Z-665a6646,shapley,baseline,A,True,False,0.0,0.0
0.6944677233695984,0.625978980745588,0.6259789722306388,0.3266138221536364,0.3742064535617828,68.48874064854213,0.6978156268596649,0.648171067237854,0.648171067237854,0.3397330790758133,0.3855475038290024,49.64457702636719,0.001,0.8,0.001,11,0.0657658000018273,0.9412972000027366,46.1864406779661,5.0,0.002,True,11,shapley-20260606T031431Z-665a6646,shapley,baseline,A,True,False,0.0,0.0
0.6989701816013881,0.6268951041357858,0.6268951041357858,0.3266972984586443,0.3752472443240029,36.03753444126674,0.6948613524436951,0.6445676982402802,0.6445677280426025,0.3381947427988052,0.3829661905765533,25.14682102203369,0.002,0.8,0.001,12,0.0611304000012751,1.0024276000040118,42.91338582677166,5.0,0.001,True,12,shapley-20260606T031431Z-665a6646,shapley,baseline,A,True,False,0.0,0.0
0.6491779599870954,0.6190670898982457,0.6190670813832965,0.3221870362758636,0.3711000510624477,30.110869816371373,0.6684828400611877,0.6330850720405579,0.6330850720405579,0.3306958675384521,0.3779865056276321,35.39776802062988,0.001,0.8,0.001,13,0.0596088999991479,1.0620365000031595,40.0735294117647,5.0,0.0,True,13,shapley-20260606T031431Z-665a6646,shapley,baseline,A,True,False,0.0,0.0
0.59197655745915,0.59197655745915,0.5919765744890485,0.3063593634537288,0.3570214935711452,42.03082602364676,0.6219639778137207,0.6219639778137207,0.6219639778137207,0.3245928436517715,0.3717139065265655,47.84638214111328,0.0,0.8,0.001,14,0.0604002999971271,1.122436800000287,37.58620689655172,5.0,0.001,True,14,shapley-20260606T031431Z-665a6646,shapley,baseline,A,True,False,0.0,0.0
0.6218513676098415,0.573678731918335,0.573678731918335,0.2953803241252899,0.3478730022907257,48.17262813023159,0.6543732285499573,0.6106730699539185,0.6106730699539185,0.3173940926790237,0.3665987253189087,43.70015525817871,0.001,0.8,0.001,15,0.061105699998734,1.183542499999021,35.3896103896104,5.0,0.002,True,15,shapley-20260606T031431Z-665a6646,shapley,baseline,A,True,False,0.0,0.0
0.6467966692788261,0.5727592876979283,0.5727592791829791,0.2950683406421116,0.3471136689186096,37.018689564296174,0.6606810390949249,0.6055102944374084,0.6055102944374084,0.3142904937267303,0.3640247583389282,27.585363388061523,0.002,0.8,0.001,16,0.0606354000010469,1.244177900000068,33.435582822085884,5.0,0.001,True,16,shapley-20260606T031431Z-665a6646,shapley,baseline,A,True,False,0.0,0.0
0.5964306337492806,0.5697899801390511,0.5697899801390511,0.2942782427583422,0.3443896727902548,26.640652792794363,0.6255253255367279,0.5986728072166443,0.5986728370189667,0.3095366954803467,0.361420139670372,26.8525333404541,0.001,0.8,0.001,17,0.0640554000019619,1.30823330000203,31.68604651162791,5.0,0.0,True,17,shapley-20260606T031431Z-665a6646,shapley,baseline,A,True,False,0.0,0.0
0.5504381145749774,0.5504381145749774,0.5504380975450788,0.2813542698110853,0.3363548006330217,32.68587221418108,0.5937195420265198,0.5937195420265198,0.5937195420265198,0.3066774159669876,0.3588026314973831,38.85494422912598,0.0,0.8,0.001,18,0.0611925999983213,1.3694259000003512,30.11049723756906,5.0,0.001,True,18,shapley-20260606T031431Z-665a6646,shapley,baseline,A,True,False,0.0,0.0
0.5799761073929923,0.538868418761662,0.5388684272766113,0.2751363132681165,0.3296651329313005,41.10768617902483,0.6235856413841248,0.5843786299228668,0.5843786299228668,0.3009388446807861,0.3542997390031814,39.20701408386231,0.001,0.8,0.001,19,0.0658752999988792,1.4353011999992304,28.684210526315788,5.0,0.002,True,19,shapley-20260606T031431Z-665a6646,shapley,baseline,A,True,False,0.0,0.0
0.5989214607647487,0.5286521315574646,0.5286521145275661,0.2703565401690347,0.3228694583688463,35.13466044834682,0.6353125870227814,0.5797465145587921,0.5797465145587921,0.2981080859899521,0.3520480394363403,27.783041954040527,0.002,0.8,0.001,20,0.0622566000020015,1.497557800001232,27.38693467336684,5.0,0.003,True,20,shapley-20260606T031431Z-665a6646,shapley,baseline,A,True,False,0.0,0.0
0.6149722252573285,0.5410992077418736,0.5410991907119751,0.2769472982202257,0.3301898539066314,24.624336787632533,0.6432881653308868,0.5774078369140625,0.5774078369140625,0.2977989315986633,0.3495110869407654,21.96010971069336,0.003,0.8,0.001,21,0.0625260999986494,1.5600838999998814,26.20192307692308,5.0,0.002,True,21,shapley-20260606T031431Z-665a6646,shapley,baseline,A,True,False,0.0,0.0
0.5857907022748675,0.5373173015458244,0.537317293030875,0.2759457145418439,0.3267144773687635,24.23670904976981,0.6294477880001068,0.5749718546867371,0.5749718546867371,0.2959330826997757,0.3487984538078308,27.23796558380127,0.002,0.8,0.001,22,0.0624835000016901,1.6225674000015715,25.11520737327189,5.0,0.003,True,22,shapley-20260606T031431Z-665a6646,shapley,baseline,A,True,False,0.0,0.0
0.6091738598687308,0.5271382416997638,0.527138250214713,0.2680021609578814,0.3239201051848275,27.345205851963588,0.6468700468540192,0.5724651515483856,0.5724651515483856,0.2947917133569717,0.3470918089151382,24.8016300201416,0.003,0.8,0.001,23,0.0604554000019561,1.6830228000035277,24.11504424778761,5.0,0.004,True,23,shapley-20260606T031431Z-665a6646,shapley,baseline,A,True,False,0.0,0.0
0.6207689898354667,0.5314110858099801,0.5314110772950309,0.2728055843285152,0.323256858757564,22.339474814278734,0.6521449983119965,0.5727539658546448,0.5727539658546448,0.2932509034872055,0.3493787944316864,19.84775733947754,0.004,0.8,0.001,24,0.0636371000000508,1.7466599000035783,23.191489361702125,5.0,0.003,True,24,shapley-20260606T031431Z-665a6646,shapley,baseline,A,True,False,0.0,0.0
0.5952943222863334,0.5304673995290484,0.5304673995290484,0.2710105563913073,0.3243210358279092,21.60897336687361,0.6374596059322357,0.5681159198284149,0.5681159496307373,0.2922504544258117,0.3448318541049957,23.114561080932617,0.003,0.8,0.001,25,0.0622442000021692,1.808904100005748,22.33606557377049,5.0,0.004,True,25,shapley-20260606T031431Z-665a6646,shapley,baseline,A,True,False,0.0,0.0
0.6131314294678825,0.5207758375576564,0.5207758375576564,0.2642488139016287,0.3206587476389749,23.08889906747001,0.6510672867298126,0.5650149583816528,0.5650149583816528,0.2898825109004974,0.3439155369997024,21.513086318969727,0.004,0.8,0.001,26,0.0643868999977712,1.873291000003519,21.541501976284582,5.0,0.0037158434268514,True,26,shapley-20260606T031431Z-665a6646,shapley,baseline,A,True,False,0.0,0.0
0.5919962525367737,0.5145684480667114,0.5145684480667114,0.2625297137669155,0.3150484136172703,20.837209974016464,0.6449102759361267,0.5708688497543335,0.5708688497543335,0.2934368103742599,0.3467900604009628,19.92587184906006,0.0037158434268514,0.8,0.001,27,0.0666969999983848,1.939988000001904,20.80152671755725,5.0,0.0027158434268514,True,27,shapley-20260606T031431Z-665a6646,shapley,baseline,A,True,False,0.0,0.0
0.5747998697417123,0.5156515836715698,0.5156515836715698,0.2632956675120762,0.3154448739119938,21.778971808297293,0.6243599355220795,0.5620705485343933,0.5620705783367157,0.2883096933364868,0.3422010689973831,22.935556411743164,0.0027158434268514,0.8,0.001,28,0.0596635000001697,1.9996515000020736,20.11070110701107,5.0,0.0037158434268514,True,28,shapley-20260606T031431Z-665a6646,shapley,baseline,A,True,False,0.0,0.0
0.5899855664798191,0.5051765484469277,0.5051765527044024,0.2575564490897314,0.3095251194068363,22.82362392970494,0.6368256509304047,0.5598794221878052,0.5598794221878052,0.2867494225502014,0.3414124846458435,20.70761108398437,0.0037158434268514,0.8,0.001,29,0.0665085000000544,2.066160000002128,19.46428571428571,5.0,0.0047158434268514,True,29,shapley-20260606T031431Z-665a6646,shapley,baseline,A,True,False,0.0,0.0
0.6074785505022321,0.5145810672215053,0.5145810672215053,0.2619540223053523,0.3157838029520852,19.699015753609796,0.6428380012512207,0.5560589730739594,0.5560589730739594,0.2844234853982925,0.339544340968132,18.401588439941406,0.0047158434268514,0.8,0.001,30,0.0600993999978527,2.126259399999981,18.858131487889278,5.0,0.0037158434268514,True,30,shapley-20260606T031431Z-665a6646,shapley,baseline,A,True,False,0.0,0.0
0.5867190190723964,0.5126769883292062,0.5126769883292062,0.2617085490907941,0.3137105405330658,19.926034654889783,0.6345800459384918,0.5583687424659729,0.5583687722682953,0.2870158553123474,0.3391911536455154,20.509824752807617,0.0037158434268514,0.8,0.001,31,0.0629240999987814,2.1891834999987623,18.288590604026847,5.0,0.0047158434268514,True,31,shapley-20260606T031431Z-665a6646,shapley,baseline,A,True,False,0.0,0.0
0.6027492880821228,0.5053531016622271,0.5053531016622271,0.2582581958600453,0.3088686253343309,20.652970450265062,0.6435873210430145,0.5541711449623108,0.5541711449623108,0.28420190513134,0.3374615162611007,18.96080017089844,0.0047158434268514,0.8,0.001,32,0.0628842000005533,2.252067699999316,17.752442996742666,5.0,0.0057158434268514,True,32,shapley-20260606T031431Z-665a6646,shapley,baseline,A,True,False,0.0,0.0
0.6143683024815151,0.5089822922434125,0.5089823092733111,0.2604215357984815,0.3107009487492697,18.43752534048898,0.6507304012775421,0.5514388978481293,0.5514389276504517,0.2826307564973831,0.3360101580619812,17.371280670166016,0.0057158434268514,0.8,0.001,33,0.0621262999993632,2.314193999998679,17.246835443037973,5.0,0.0067158434268514,True,33,shapley-20260606T031431Z-665a6646,shapley,baseline,A,True,False,0.0,0.0
0.6276350702558245,0.5103020668029785,0.5103020795754024,0.2617694692952292,0.3106657564640045,17.471073695591517,0.6700951159000397,0.5514867305755615,0.5514867305755615,0.2821417301893234,0.3366812765598297,17.660980224609375,0.0067158434268514,0.8,0.001,34,0.0614845999989484,2.3756785999976278,16.769230769230766,5.0,0.0077158434268514,True,34,shapley-20260606T031431Z-665a6646,shapley,baseline,A,True,False,0.0,0.0
0.6443598781313215,0.5143619222300393,0.5143619222300393,0.2627333232334682,0.3145357455526079,16.848182950701034,0.6817547976970673,0.5521856248378754,0.5521856248378754,0.283909797668457,0.3353447467088699,16.79261016845703,0.0077158434268514,0.8,0.001,35,0.0619052000001829,2.4375837999978103,16.317365269461078,5.0,0.0087158434268514,True,35,shapley-20260606T031431Z-665a6646,shapley,baseline,A,True,False,0.0,0.0
0.6591832382338387,0.5191364373479571,0.5191364203180585,0.2675234292234693,0.3145162420613425,16.06807041168213,0.6881446242332458,0.5538841485977173,0.5538841485977173,0.2846023142337799,0.3366022706031799,15.40418577194214,0.0087158434268514,0.8,0.001,36,0.0640274000033969,2.501611200001207,15.889212827988338,5.0,0.0077158434268514,True,36,shapley-20260606T031431Z-665a6646,shapley,baseline,A,True,False,0.0,0.0
0.6395234721047538,0.5135933075632367,0.5135933075632367,0.2638963503496987,0.3121211954525539,16.32098456791469,0.6752261519432068,0.548800528049469,0.548800528049469,0.2810700535774231,0.3346630781888962,16.385201454162598,0.0077158434268514,0.8,0.001,37,0.0612747999985003,2.562885999999708,15.482954545454549,5.0,0.0087158434268514,True,37,shapley-20260606T031431Z-665a6646,shapley,baseline,A,True,False,0.0,0.0
0.6501782366207668,0.5093598876680646,0.5093598876680646,0.2607609331607818,0.3107486750398363,16.15659441266741,0.6852889955043793,0.5492425560951233,0.5492425560951233,0.2807556390762329,0.335608646273613,15.609097003936768,0.0087158434268514,0.8,0.001,38,0.0643683999987843,2.627254399998492,15.096952908587255,5.0,0.0097158434268514,True,38,shapley-20260606T031431Z-665a6646,shapley,baseline,A,True,False,0.0,0.0
0.6632201416151864,0.5154284281390054,0.5154284196240562,0.2640295028686523,0.3142486427511488,15.211414473397392,0.6942219734191895,0.5488580465316772,0.5488580465316772,0.281497523188591,0.3342006057500839,14.96153688430786,0.0097158434268514,0.8,0.001,39,0.0621705999983532,2.689424999996845,14.729729729729732,5.0,0.0107158434268514,True,39,shapley-20260606T031431Z-665a6646,shapley,baseline,A,True,False,0.0,0.0
0.6806467345782689,0.5189077172960553,0.5189077087811061,0.265574187040329,0.3166669053690774,15.093447140284947,0.701178252696991,0.5502610206604004,0.5502610206604004,0.2825035005807876,0.334696888923645,14.083560943603516,0.0107158434268514,0.8,0.001,40,0.0632273000010172,2.7526522999978624,14.379947229551448,5.0,0.0097158434268514,True,40,shapley-20260606T031431Z-665a6646,shapley,baseline,A,True,False,0.0,0.0
0.6591489485331944,0.5145225780350822,0.5145225865500314,0.2636702167136328,0.3135654756001064,14.885622297014509,0.6939697265625,0.5505055785179138,0.5505055785179138,0.281430035829544,0.3363444209098816,14.76600170135498,0.0097158434268514,0.8,0.001,41,0.0643713999997999,2.8170236999976623,14.046391752577314,5.0,0.0107158434268514,True,41,shapley-20260606T031431Z-665a6646,shapley,baseline,A,True,False,0.0,0.0
0.6739519834518433,0.5132559708186558,0.5132559793336051,0.2644323791776384,0.3110295065811702,14.99611486707415,0.6978123486042023,0.5488309562206268,0.5488309860229492,0.2815637141466141,0.3340840637683868,13.902908325195312,0.0107158434268514,0.8,0.001,42,0.0612662999992608,2.878289999996923,13.727959697733,5.0,0.0117158434268514,True,42,shapley-20260606T031431Z-665a6646,shapley,baseline,A,True,False,0.0,0.0
0.6830030850001744,0.5169774889945984,0.5169774889945984,0.2650609186717442,0.3148957065173557,14.171034131731306,0.7094788253307343,0.5504598319530487,0.5504598319530487,0.2821791172027588,0.3353508859872818,13.57298755645752,0.0117158434268514,0.8,0.001,43,0.0596256000026187,2.937915599999542,13.423645320197046,5.0,0.0127158434268514,True,43,shapley-20260606T031431Z-665a6646,shapley,baseline,A,True,False,0.0,0.0
0.700253290789468,0.52193740436009,0.5219374128750393,0.2691089851515634,0.3160355474267687,14.02312741960798,0.7175180613994598,0.5480769276618958,0.5480769276618958,0.2816097885370254,0.333083912730217,13.325199127197266,0.0127158434268514,0.8,0.001,44,0.0615394999986165,2.9994550999981584,13.132530120481931,5.0,0.0137158434268514,True,44,shapley-20260606T031431Z-665a6646,shapley,baseline,A,True,False,0.0,0.0
0.7084020035607475,0.5202289053371975,0.5202289138521466,0.2680897286960056,0.3151739878313882,13.719397408621653,0.7207408547401428,0.5478579103946686,0.5478579103946686,0.280342623591423,0.3343941271305084,12.604615211486816,0.0137158434268514,0.8,0.001,45,0.0630892999979551,3.062544399996113,12.85377358490566,5.0,0.0127158434268514,True,45,shapley-20260606T031431Z-665a6646,shapley,baseline,A,True,False,0.0,0.0
0.6954191241945539,0.5244241867746625,0.5244242038045611,0.2708951021943773,0.3169113653046744,13.447392327444891,0.7217512428760529,0.5492809414863586,0.5492809414863586,0.281970202922821,0.3341384679079056,13.563417434692385,0.0127158434268514,0.8,0.001,46,0.0618294000014429,3.1243737999975565,12.586605080831404,5.0,0.0137158434268514,True,46,shapley-20260606T031431Z-665a6646,shapley,baseline,A,True,False,0.0,0.0
0.7076983877590725,0.5191228985786438,0.5191228900636945,0.2672734430858067,0.3148118300097329,13.748734474182127,0.7233732342720032,0.5452613830566406,0.5452613532543182,0.2798108160495758,0.3318131864070892,12.985846519470217,0.0137158434268514,0.8,0.001,47,0.0645011000015074,3.188874899999064,12.33031674208145,5.0,0.0147158434268514,True,47,shapley-20260606T031431Z-665a6646,shapley,baseline,A,True,False,0.0,0.0
0.7142109274864197,0.5223010863576617,0.5223010948726109,0.2691480389663151,0.3164413273334503,13.041035107203893,0.7340324521064758,0.5431864857673645,0.5431864559650421,0.2776801437139511,0.3318829089403152,12.968740940093994,0.0147158434268514,0.8,0.001,48,0.0596621000004233,3.2485369999994878,12.084257206208427,5.0,0.0157158434268514,True,48,shapley-20260606T031431Z-665a6646,shapley,baseline,A,True,False,0.0,0.0
0.7288469076156616,0.5263186863490513,0.5263186863490513,0.2734298706054687,0.3161109941346304,12.886882373264855,0.7435704171657562,0.5444142818450928,0.5444142818450928,0.278662621974945,0.332189604640007,12.67231559753418,0.0157158434268514,0.8,0.001,49,0.0635499999989406,3.312086999998428,11.847826086956523,5.0,0.0167158434268514,True,49,shapley-20260606T031431Z-665a6646,shapley,baseline,A,True,False,0.0,0.0
0.7423050403594971,0.5315961071423122,0.5315961156572614,0.2752769078527178,0.3203989905970437,12.605342183794294,0.7569264769554138,0.5476449728012085,0.5476450026035309,0.28159199655056,0.3325662314891815,12.519949436187744,0.0167158434268514,0.8,0.001,50,0.0598468999996839,3.371933899998112,11.620469083155657,5.0,0.0177158434268514,True,50,shapley-20260606T031431Z-665a6646,shapley,baseline,A,True,False,1.0,1.0
0.7554130979946682,0.5340972798211234,0.5340972883360726,0.2767857100282396,0.3216394782066345,12.492536272321429,0.7654067277908325,0.5506450533866882,0.5506450533866882,0.2819566130638122,0.3358604907989502,12.122577667236328,0.0177158434268514,0.8,0.001,51,0.0629528999998001,3.434886799997912,11.40167364016736,5.0,0.0187158434268514,True,51,shapley-20260606T031431Z-665a6646,shapley,baseline,A,True,False,1.0,1.0
0.7632550597190857,0.536578289100102,0.536578289100102,0.2785604723862239,0.3225222826004028,12.11149161202567,0.7583947479724884,0.5432292819023132,0.5432292819023132,0.2787481397390365,0.3306014090776443,11.496434688568115,0.0187158434268514,0.8,0.001,52,0.06260580000162,3.497492599999532,11.190965092402465,5.0,0.0197158434268514,True,52,shapley-20260606T031431Z-665a6646,shapley,baseline,A,True,False,1.0,1.0
0.7703233701842171,0.5319754907063076,0.5319754992212568,0.2767646355288369,0.3190135742936815,12.089153970990862,0.7648867666721344,0.5429052710533142,0.5429052412509918,0.2778952717781067,0.3312624245882034,11.259040355682371,0.0197158434268514,0.8,0.001,53,0.063097000002017,3.560589600001549,10.987903225806448,5.0,0.0207158434268514,True,53,shapley-20260606T031431Z-665a6646,shapley,baseline,A,True,False,1.0,1.0
0.7821375046457563,0.5436576860291618,0.543657694544111,0.2826682414327349,0.3262367844581604,11.511952945164271,0.798723042011261,0.5548445284366608,0.5548445284366608,0.2850690335035324,0.3372193723917007,11.772560596466064,0.0207158434268514,0.8,0.001,54,0.0614444999991974,3.6220341000007465,10.792079207920786,5.0,0.0217158434268514,True,54,shapley-20260606T031431Z-665a6646,shapley,baseline,A,True,False,1.0,1.0
0.7928564974239894,0.5433995979172843,0.5433996064322335,0.2805249009813581,0.3285933647836958,11.48732226235526,0.795167088508606,0.5498051047325134,0.5498051047325134,0.2829058766365051,0.333624005317688,11.298752784729004,0.0217158434268514,0.8,0.001,55,0.0605427000009513,3.682576800001698,10.603112840466927,5.0,0.0227158434268514,True,55,shapley-20260606T031431Z-665a6646,shapley,baseline,A,True,False,1.0,1.0
0.8088016935757228,0.5521025827952794,0.5521025827952794,0.2875589345182691,0.3306795358657837,11.300443376813616,0.7972906827926636,0.5449633300304413,0.5449633300304413,0.280068501830101,0.3311185240745544,11.107989311218262,0.0227158434268514,0.8,0.001,56,0.0698405000002821,3.75241730000198,10.42065009560229,5.0,0.0237158434268514,True,56,shapley-20260606T031431Z-665a6646,shapley,baseline,A,True,False,1.0,1.0
0.8157300863947187,0.5514005592891148,0.5514005678040641,0.2879551010472433,0.3293068238667079,11.145694051470077,0.8059998452663422,0.5490291118621826,0.5490291118621826,0.2823546379804611,0.3333431184291839,10.83540391921997,0.0237158434268514,0.8,0.001,57,0.0625255999984801,3.81494290000046,10.244360902255636,5.0,0.0247158434268514,True,57,shapley-20260606T031431Z-665a6646,shapley,baseline,A,True,False,1.0,1.0
0.8233852641923087,0.5534074051039559,0.5534073965890067,0.2886201100690024,0.3309840943132128,10.923271315438408,0.8112336993217468,0.548761397600174,0.5487613677978516,0.2828339785337448,0.3324092626571655,10.619597911834717,0.0247158434268514,0.8,0.001,58,0.0608094999988679,3.875752399999328,10.073937153419593,5.0,0.0257158434268514,True,58,shapley-20260606T031431Z-665a6646,shapley,baseline,A,True,False,1.0,1.0
0.8378167493002755,0.5597283925328936,0.5597284010478428,0.2921348128999982,0.3344919681549072,10.813891955784388,0.8145752251148224,0.5545048117637634,0.5545048117637634,0.2864746749401092,0.3350376337766647,10.113236427307127,0.0257158434268514,0.8,0.001,59,0.0613163999987591,3.9370687999980873,9.909090909090908,5.0,0.0267158434268514,True,59,shapley-20260606T031431Z-665a6646,shapley,baseline,A,True,False,1.0,1.0
0.8533162730080741,0.5699722596577236,0.5699722511427743,0.2998793380601065,0.3376161456108093,10.605842181614468,0.8188218772411346,0.5521163940429688,0.5521163642406464,0.2851415872573852,0.333718478679657,9.983046531677246,0.0267158434268514,0.8,0.001,60,0.0612029000003531,3.998271699998441,9.749552772808585,5.0,0.0277158434268514,True,60,shapley-20260606T031431Z-665a6646,shapley,baseline,A,True,False,1.0,1.0
0.8596855742590768,0.5699117013386318,0.5699116928236825,0.2991003138678414,0.338514221566064,10.455170495169504,0.8201315999031067,0.549011766910553,0.5490117967128754,0.2839823812246322,0.3312867432832718,9.782124519348145,0.0277158434268514,0.8,0.001,61,0.0680113999987952,4.066283099997236,9.595070422535208,5.0,0.0287158434268514,True,61,shapley-20260606T031431Z-665a6646,shapley,baseline,A,True,False,1.0,1.0
0.8669953771999904,0.5756443824086871,0.5756443738937378,0.3027578251702444,0.3411081773894174,10.146001815795898,0.8464778065681458,0.548978328704834,0.548978328704834,0.2831158190965652,0.3323280960321426,10.36011552810669,0.0287158434268514,0.8,0.001,62,0.0625806999996712,4.128863799996907,9.44540727902946,5.0,0.0297158434268514,True,62,shapley-20260606T031431Z-665a6646,shapley,baseline,A,True,False,1.0,1.0
0.8770019922937665,0.5755892736571175,0.5755892481122699,0.301669384752001,0.3423998398440225,10.143165860857282,0.8320110142230988,0.549512505531311,0.5495125353336334,0.2825202494859695,0.3337403684854507,9.506662845611572,0.0297158434268514,0.8,0.001,63,0.0637877000008302,4.192651499997737,9.300341296928323,5.0,0.0307158434268514,True,63,shapley-20260606T031431Z-665a6646,shapley,baseline,A,True,False,1.0,1.0
0.8854210461888995,0.5789496728352138,0.5789496643202645,0.3037265581744058,0.3440288688455309,9.977631568908691,0.8415837287902832,0.5524377226829529,0.5524377226829529,0.2850431650876999,0.3342431634664535,9.413578033447266,0.0307158434268514,0.8,0.001,64,0.0621535999998741,4.254805099997611,9.15966386554622,5.0,0.0317158434268514,True,64,shapley-20260606T031431Z-665a6646,shapley,baseline,A,True,False,1.0,1.0
0.8983531764575413,0.5861470954758781,0.5861471039908273,0.3086037465504238,0.3469291882855551,9.84385245186942,0.8459413647651672,0.5490351617336273,0.5490351319313049,0.2827731072902679,0.3328275233507156,9.361448287963867,0.0317158434268514,0.8,0.001,65,0.0596003999999084,4.31440549999752,9.02317880794702,5.0,0.0327158434268514,True,65,shapley-20260606T031431Z-665a6646,shapley,baseline,A,True,False,1.0,1.0
0.896653984274183,0.5792214785303388,0.5792214785303388,0.3040471928460257,0.343967820916857,9.702715873718262,0.8397567570209503,0.5526530146598816,0.5526530146598816,0.2850580811500549,0.3344936370849609,8.77568006515503,0.0327158434268514,0.8,0.001,66,0.0648516000001109,4.379257099997631,8.890701468189235,5.0,0.0317158434268514,True,66,shapley-20260606T031431Z-665a6646,shapley,baseline,A,True,False,1.0,1.0
0.8900502749851772,0.5789095844541278,0.5789095844541278,0.3033690665449415,0.3444256143910544,9.81025995526995,0.8501278162002563,0.5527495741844177,0.5527495741844177,0.284487172961235,0.335327997803688,9.376329898834229,0.0317158434268514,0.8,0.001,67,0.0644045999979425,4.443661699995573,8.762057877813504,5.0,0.0327158434268514,True,67,shapley-20260606T031431Z-665a6646,shapley,baseline,A,True,False,1.0,1.0
0.9011048759732928,0.5883600882121495,0.5883600967270988,0.309207056249891,0.3489412835666111,9.55942930494036,0.8665046393871307,0.5504881143569946,0.5504880845546722,0.2828513085842132,0.3345459699630737,9.65943431854248,0.0327158434268514,0.8,0.001,68,0.0626680000023043,4.5063296999978775,8.637083993660859,5.0,0.0337158434268514,True,68,shapley-20260606T031431Z-665a6646,shapley,baseline,A,True,False,1.0,1.0
0.9168301054409572,0.5972016453742981,0.5972016453742981,0.3131851894514901,0.3550205741609846,9.480067253112791,0.87458735704422,0.5514332056045532,0.5514332056045532,0.2840450704097748,0.3342351615428924,9.58463716506958,0.0337158434268514,0.8,0.001,69,0.0594250999965879,4.565754799994465,8.515625,5.0,0.0347158434268514,True,69,shapley-20260606T031431Z-665a6646,shapley,baseline,A,True,False,1.0,1.0
0.9172297545841762,0.5905545779636928,0.5905545694487435,0.3099095736231123,0.3508062320096152,9.409973689488002,0.8742199838161469,0.5475485324859619,0.5475485324859619,0.2813680469989776,0.3327256143093109,9.40986680984497,0.0347158434268514,0.8,0.001,70,0.0626243999977305,4.628379199992196,8.397534668721107,5.0,0.0357158434268514,True,70,shapley-20260606T031431Z-665a6646,shapley,baseline,A,True,False,2.0,2.0
0.9240702731268746,0.5950128521238055,0.5950128436088562,0.314592501946858,0.3505254132407052,9.213206018720356,0.8693207502365112,0.5569054484367371,0.5569054186344147,0.2868696302175522,0.3375447541475296,8.747247695922852,0.0357158434268514,0.8,0.001,71,0.0617473999991489,4.690126599991345,8.282674772036472,5.0,0.0367158434268514,True,71,shapley-20260606T031431Z-665a6646,shapley,baseline,A,True,False,2.0,2.0
0.9317026223455156,0.5937572802816119,0.5937572802816119,0.3129886559077671,0.3509607527937208,9.204346520560128,0.858765572309494,0.5558653175830841,0.5558652877807617,0.2877616137266159,0.3351296037435531,8.24985122680664,0.0367158434268514,0.8,0.001,72,0.05962609999915,4.749752699990495,8.170914542728639,5.0,0.0375052102676314,True,72,shapley-20260606T031431Z-665a6646,shapley,baseline,A,True,False,2.0,2.0
0.9400788971355984,0.6026332122938973,0.6026332122938973,0.3193762941019876,0.3540711317743574,8.997301510402135,0.8835925459861755,0.5522672533988953,0.5522672235965729,0.284126877784729,0.3351754546165466,8.83411455154419,0.0375052102676314,0.8,0.001,73,0.0669142000006104,4.816666899991105,8.062130177514796,5.0,0.0385052102676314,True,73,shapley-20260606T031431Z-665a6646,shapley,baseline,A,True,False,2.0,2.0
0.9511328254427228,0.6067629626819065,0.6067629626819065,0.3204370141029358,0.3579074314662388,8.943461281912667,0.9073511958122252,0.5549733936786652,0.5549734234809875,0.2861454337835312,0.3360349386930465,9.1514310836792,0.0385052102676314,0.8,0.001,74,0.0626181000006909,4.879284999991796,7.956204379562045,5.0,0.0395052102676314,True,74,shapley-20260606T031431Z-665a6646,shapley,baseline,A,True,False,2.0,2.0
0.9580214875085014,0.6114957673209054,0.6114957758358547,0.3246282253946577,0.3585844210215977,8.771645954677037,0.8918690085411072,0.5555948615074158,0.5555948615074158,0.2870645970106125,0.3356628268957138,8.512146472930908,0.0395052102676314,0.8,0.001,75,0.0619198000022152,4.941204799994011,7.853025936599423,5.0,0.0405052102676314,True,75,shapley-20260606T031431Z-665a6646,shapley,baseline,A,True,False,2.0,2.0
0.9667863505227224,0.6043002775737217,0.6043002775737217,0.3197361784321921,0.3557051292487553,8.949122020176478,0.8972803354263306,0.5596262514591217,0.5596262514591217,0.2888697385787964,0.338445633649826,8.336065769195557,0.0405052102676314,0.8,0.001,76,0.0646455999994941,5.005850399993506,7.752489331436699,5.0,0.0415052102676314,True,76,shapley-20260606T031431Z-665a6646,shapley,baseline,A,True,False,2.0,2.0
0.979063698223659,0.6179218973432269,0.6179218973432269,0.3264466396399906,0.36434406042099,8.701119831630162,0.9006796479225159,0.5575297474861145,0.5575297474861145,0.2890383750200271,0.3356142044067383,8.267634391784668,0.0415052102676314,0.8,0.001,77,0.0614434999988589,5.0672938999923645,7.65449438202247,5.0,0.0425052102676314,True,77,shapley-20260606T031431Z-665a6646,shapley,baseline,A,True,False,2.0,2.0
0.9873371890613012,0.6271214825766427,0.6271214996065412,0.3342888440404619,0.3660408045564379,8.474624225071498,0.9129043519496918,0.5577192902565002,0.5577192902565002,0.2881215959787369,0.3369971066713333,8.35627031326294,0.0425052102676314,0.8,0.001,78,0.0681714000020292,5.135465299994394,7.558945908460473,5.0,0.0435052102676314,True,78,shapley-20260606T031431Z-665a6646,shapley,baseline,A,True,False,2.0,2.0
0.996416287762778,0.631004410130637,0.631004410130637,0.3354201189109257,0.3694803587027958,8.399266651698522,0.9212738573551178,0.5637884736061096,0.5637884736061096,0.2929004430770874,0.3386100083589554,8.21707010269165,0.0435052102676314,0.8,0.001,79,0.070816499999637,5.206281799994031,7.465753424657535,5.0,0.0445052102676314,True,79,shapley-20260606T031431Z-665a6646,shapley,baseline,A,True,False,2.0,2.0
1.0034769177436829,0.6251954351152692,0.62519542660032,0.3315817245415279,0.3670171158654349,8.499712262834821,0.8981673121452332,0.5605113506317139,0.5605113506317139,0.2912495136260986,0.3365773260593414,7.586886405944824,0.0445052102676314,0.8,0.001,80,0.0686582999987877,5.274940099992818,7.374830852503379,5.0,0.0455052102676314,True,80,shapley-20260606T031431Z-665a6646,shapley,baseline,A,True,False,2.0,2.0
1.0113056557519096,0.6417221171515328,0.6417221171515328,0.3400020684514727,0.3771500672612871,8.12178475516183,0.9308077096939088,0.560644805431366,0.560644805431366,0.2918262183666229,0.3360232561826706,8.13451623916626,0.0455052102676314,0.8,0.001,81,0.0650096999997913,5.33994979999261,7.286096256684488,5.0,0.0465052102676314,True,81,shapley-20260606T031431Z-665a6646,shapley,baseline,A,True,False,2.0,2.0
1.0124375138963972,0.6362429261207581,0.6362429261207581,0.3382256031036377,0.3725216260978153,8.089300291878837,0.9148345291614532,0.5624005198478699,0.5624005198478699,0.2916011214256286,0.3384992331266403,7.57837700843811,0.0465052102676314,0.8,0.001,82,0.0613042000004497,5.40125399999306,7.199471598414796,5.0,0.0475052102676314,True,82,shapley-20260606T031431Z-665a6646,shapley,baseline,A,True,False,2.0,2.0
1.015130409172603,0.6243260928562709,0.624326058796474,0.3315659207957132,0.3659502012389047,8.226556641714913,0.8944949507713318,0.5745591521263123,0.5745591521263123,0.3003674745559692,0.3427395820617676,6.734751224517822,0.0475052102676314,0.8,0.001,83,0.0610195000008388,5.462273499993898,7.114882506527415,5.0,0.0465052102676314,True,83,shapley-20260606T031431Z-665a6646,shapley,baseline,A,True,False,2.0,2.0
1.0133674485342845,0.6402837804385594,0.6402837804385594,0.3416396677494049,0.3733051419258117,8.022405420030866,0.9265411496162416,0.5589865446090698,0.5589865446090698,0.2902104407548904,0.3359701335430145,7.903515338897705,0.0465052102676314,0.8,0.001,84,0.06546359999993,5.5277370999938285,7.032258064516128,5.0,0.0475052102676314,True,84,shapley-20260606T031431Z-665a6646,shapley,baseline,A,True,False,2.0,2.0
1.0181941475187029,0.6510915585926601,0.6510915585926601,0.3463599256106785,0.380914534841265,7.727628094809396,0.9497427344322203,0.5577937960624695,0.5577937960624695,0.2885242402553558,0.3365868926048279,8.250651836395264,0.0475052102676314,0.8,0.001,85,0.0618630000026314,5.58960009999646,6.951530612244902,5.0,0.0485052102676314,True,85,shapley-20260606T031431Z-665a6646,shapley,baseline,A,True,False,2.0,2.0
1.0185010773794991,0.6306476593017578,0.6306476507868085,0.3367591542857034,0.3673606174332754,7.996118886130197,0.909758448600769,0.5646911859512329,0.5646911859512329,0.2927673310041427,0.3399048447608948,7.114025115966797,0.0485052102676314,0.8,0.001,86,0.0622726000001421,5.651872699996602,6.872635561160152,5.0,0.0495052102676314,True,86,shapley-20260606T031431Z-665a6646,shapley,baseline,A,True,False,2.0,2.0
1.0244351625442505,0.6366358143942696,0.6366358229092189,0.3376446153436388,0.3737389956201826,7.833506039210728,0.9187126755714417,0.5614752769470215,0.5614752471446991,0.2918023467063904,0.3370911478996277,7.216157674789429,0.0495052102676314,0.8,0.001,87,0.0652817000009235,5.717154399997526,6.795511221945134,5.0,0.0505052102676314,True,87,shapley-20260606T031431Z-665a6646,shapley,baseline,A,True,False,2.0,2.0
1.0417040075574602,0.6517731462206159,0.6517731462206159,0.3466214197022574,0.3814396560192108,7.720606599535261,0.9505856037139891,0.5576717555522919,0.5576717257499695,0.2895536571741104,0.3351476192474365,7.779670000076294,0.0505052102676314,0.8,0.001,88,0.0645858999996562,5.781740299997182,6.720098643649813,5.0,0.0515052102676314,True,88,shapley-20260606T031431Z-665a6646,shapley,baseline,A,True,False,2.0,2.0
1.038253835269383,0.6487830196108136,0.6487830110958644,0.344681624855314,0.3801267317363194,7.561775275639126,0.9393722414970398,0.56236132979393,0.56236132979393,0.2926170229911804,0.3371803760528564,7.319860219955444,0.0515052102676314,0.8,0.001,89,0.0598993999992671,5.841639699996449,6.646341463414636,5.0,0.0525052102676314,True,89,shapley-20260606T031431Z-665a6646,shapley,baseline,A,True,False,2.0,2.0
1.0094918353216988,0.6011356796537127,0.6514940943036761,0.3450952172279358,0.3829985686710903,7.777440820421491,0.9500463902950288,0.5709231495857239,0.5709231495857239,0.2970131486654281,0.3423874527215957,7.220678329467773,0.0525052102676314,0.8,0.001,90,0.0740828000016335,5.915722499998083,6.57418576598311,5.0,0.0535052102676314,True,90,shapley-20260606T031431Z-665a6646,shapley,baseline,A,True,True,3.0,3.0
1.0125778487750463,0.607189246586391,0.653408910546984,0.3480695273194994,0.3816742386136736,7.576618943895612,0.9537155032157898,0.563868522644043,0.5638684928417206,0.2928138375282287,0.3388183265924454,7.286149024963379,0.0535052102676314,0.8,0.001,91,0.0687007000015,5.984423199999583,6.503579952267302,5.0,0.0545052102676314,True,91,shapley-20260606T031431Z-665a6646,shapley,baseline,A,True,True,3.0,3.0
1.014974364212581,0.6087806139673505,0.6562459639140538,0.348967330796378,0.3840982871396201,7.452383722577776,0.9431129693984984,0.5736387372016907,0.5736387372016907,0.2983960956335068,0.3440532833337784,6.7786948680877686,0.0545052102676314,0.8,0.001,92,0.0688130000016826,6.053236200001265,6.434474616292796,5.0,0.0555052102676314,True,92,shapley-20260606T031431Z-665a6646,shapley,baseline,A,True,True,3.0,3.0
1.027878999710083,0.6137157678604126,0.6618800929614476,0.351349800825119,0.3881628513336181,7.461700166974749,0.9833354353904724,0.5664694011211395,0.5664693713188171,0.2927961200475693,0.3420915603637695,7.510395050048828,0.0555052102676314,0.8,0.001,93,0.0636836000012408,6.116919800002506,6.3668224299065415,5.0,0.0565052102676314,True,93,shapley-20260606T031431Z-665a6646,shapley,baseline,A,True,True,3.0,3.0
1.0262936694281442,0.6215805837086269,0.6704986691474915,0.3572460370404379,0.3915657954556601,7.162402766091483,0.9565730690956116,0.5696976780891418,0.5696976780891418,0.2947333306074142,0.3437054306268692,6.846720218658447,0.0565052102676314,0.8,0.001,94,0.0723271999995631,6.189247000002069,6.300578034682083,5.0,0.0575052102676314,True,94,shapley-20260606T031431Z-665a6646,shapley,baseline,A,True,True,3.0,3.0
1.0397429977144514,0.6149810382298061,0.6665224262646267,0.3527257485049112,0.3922458461352757,7.386495113372803,0.9642600119113922,0.5769703090190887,0.5769702792167664,0.3009528815746307,0.3450217545032501,6.73486328125,0.0575052102676314,0.8,0.001,95,0.0656090000011317,6.254856000003201,6.235697940503435,5.0,0.0585052102676314,True,95,shapley-20260606T031431Z-665a6646,shapley,baseline,A,True,True,3.0,3.0
1.0363160371780396,0.6203812956809998,0.6730527537209647,0.3567224315234593,0.3954129006181444,7.1093621253967285,0.9685941636562349,0.5736062824726105,0.5736062824726105,0.2980280816555023,0.344472736120224,6.751327991485596,0.0585052102676314,0.8,0.001,96,0.0667675000004237,6.321623500003625,6.172140430351078,5.0,0.0595052102676314,True,96,shapley-20260606T031431Z-665a6646,shapley,baseline,A,True,True,3.0,3.0
1.0578845569065638,0.6393355812345233,0.690287002495357,0.3666002792971475,0.4046083986759186,7.033820765359061,1.0086640417575836,0.5725218057632446,0.5725218057632446,0.2969652414321899,0.3444456756114959,7.329480171203613,0.0595052102676314,0.8,0.001,97,0.0695663999977114,6.391189900001336,6.109865470852014,5.0,0.0605052102676314,True,97,shapley-20260606T031431Z-665a6646,shapley,baseline,A,True,True,3.0,3.0
1.0622411796024869,0.6239823358399528,0.6747683882713318,0.3584756553173065,0.395365902355739,7.243323871067592,0.9713761806488036,0.5763386785984039,0.5763386487960815,0.2998319268226623,0.345633402466774,6.528983116149902,0.0605052102676314,0.8,0.001,98,0.070160899998882,6.461350800000218,6.048834628190896,5.0,0.0615052102676314,True,98,shapley-20260606T031431Z-665a6646,shapley,baseline,A,True,True,3.0,3.0
1.058254327092852,0.6265453525951931,0.677872862134661,0.3611192192350115,0.3959420451096126,7.019063336508615,0.999604344367981,0.5832722783088684,0.5832722783088684,0.3032439798116684,0.3500353991985321,6.76905369758606,0.0615052102676314,0.8,0.001,99,0.0716237999986333,6.532974599998852,5.989010989010993,5.0,0.0625052102676314,True,99,shapley-20260606T031431Z-665a6646,shapley,baseline,A,True,True,3.0,3.0
1.0751384156090873,0.640953038419996,0.6934485605784825,0.3688501034464155,0.4057480692863464,6.946387154715402,0.9897350072860718,0.5745016038417816,0.574501633644104,0.298294648528099,0.3452586829662323,6.643181324005127,0.0625052102676314,0.8,0.001,100,0.0693706999991263,6.602345299997978,5.930359085963005,5.0,0.0635052102676314,True,100,shapley-20260606T031431Z-665a6646,shapley,baseline,A,True,True,3.0,3.0
1.0777352707726615,0.6391863312040057,0.6914754509925842,0.3671454489231109,0.4054124823638371,6.9057159423828125,0.9975598454475404,0.5818608701229095,0.5818608701229095,0.3029201030731201,0.3486759513616562,6.545902967453003,0.0635052102676314,0.8,0.001,101,0.070824000002176,6.673169300000154,5.872844827586206,5.0,0.0645052102676314,True,101,shapley-20260606T031431Z-665a6646,shapley,baseline,A,True,True,3.0,3.0
1.0863606589181083,0.6511404769761222,0.7013453585760934,0.3751720658370426,0.4077166063444955,6.747054713112967,0.99087792634964,0.5827907621860504,0.5827907621860504,0.3047800213098526,0.3475134074687958,6.326421499252319,0.0645052102676314,0.8,0.001,102,0.0715324000011605,6.744701700001315,5.81643543223052,5.0,0.0655052102676314,True,102,shapley-20260606T031431Z-665a6646,shapley,baseline,A,True,True,3.0,3.0
1.095304216657366,0.647562461239951,0.7019159197807312,0.3719751409121922,0.4124259906155722,6.83520896094186,1.0100957751274109,0.58482426404953,0.58482426404953,0.304893895983696,0.349912941455841,6.492178916931152,0.0655052102676314,0.8,0.001,103,0.0639756999989913,6.808677400000306,5.761099365750525,5.0,0.0665052102676314,True,103,shapley-20260606T031431Z-665a6646,shapley,baseline,A,True,True,3.0,3.0
1.0891515868050712,0.6518334746360779,0.7069689376013619,0.3760159271103995,0.4136912567274911,6.575696808951242,0.9939507246017456,0.5935986042022705,0.5935986340045929,0.3101595342159271,0.3542988896369934,6.019861459732056,0.0665052102676314,0.8,0.001,104,0.0642508000019006,6.872928200002207,5.706806282722511,5.0,0.0675052102676314,True,104,shapley-20260606T031431Z-665a6646,shapley,baseline,A,True,True,3.0,3.0
1.1062582390648978,0.6581090518406459,0.7112837518964495,0.3792508372238704,0.4150411316326686,6.638735021863665,1.00856614112854,0.585724264383316,0.585724264383316,0.3059776276350021,0.3496832549571991,6.263840198516846,0.0675052102676314,0.8,0.001,105,0.0659261000000697,6.938854300002276,5.65352697095436,5.0,0.0685052102676314,True,105,shapley-20260606T031431Z-665a6646,shapley,baseline,A,True,True,3.0,3.0
1.0976929664611816,0.6552696313176837,0.7073732444218227,0.3776726084096091,0.4121258003371102,6.458243438175747,1.0040260553359983,0.5906163454055786,0.5906163454055786,0.3096812665462494,0.3511688262224197,6.0347185134887695,0.0685052102676314,0.8,0.001,106,0.0698269999993499,7.008681300001626,5.601233299075027,5.0,0.0695052102676314,True,106,shapley-20260606T031431Z-665a6646,shapley,baseline,A,True,True,3.0,3.0
1.0929689747946605,0.6499422022274562,0.7051351155553546,0.3737008273601532,0.4142928464072091,6.374008655548096,1.0073406100273132,0.5930957198143005,0.5930956900119781,0.3114036023616791,0.3521150797605514,5.959911584854126,0.0695052102676314,0.8,0.001,107,0.0706404999982623,7.079321799999889,5.549898167006106,5.0,0.0705052102676314,True,107,shapley-20260606T031431Z-665a6646,shapley,baseline,A,True,True,3.0,3.0
1.1136717285428728,0.6807103753089905,0.7349843467984881,0.3927552955491202,0.4277863161904471,6.140842029026577,1.0289447903633118,0.586618185043335,0.5866181552410126,0.3064495474100113,0.3502107411623001,6.273673057556152,0.0705052102676314,0.8,0.001,108,0.0658480000020063,7.145169800001895,5.499495459132191,5.0,0.0715052102676314,True,108,shapley-20260606T031431Z-665a6646,shapley,baseline,A,True,True,3.0,3.0
1.1143372740064348,0.660382228238242,0.7177134496825082,0.3805725063596453,0.4214261727673666,6.348558902740479,1.0132799744606018,0.5895164906978607,0.5895164608955383,0.3085363954305649,0.3512250632047653,5.926330327987671,0.0715052102676314,0.8,0.001,109,0.0635528000020713,7.208722600003966,5.450000000000003,5.0,0.0725052102676314,True,109,shapley-20260606T031431Z-665a6646,shapley,baseline,A,True,True,3.0,3.0
1.1294698885508947,0.6679113677569798,0.7198071905544826,0.3844375142029353,0.41921209863254,6.365866797310965,1.0239330530166626,0.5919578969478607,0.5919578969478607,0.3100956678390503,0.3523277789354324,5.957849025726318,0.0725052102676314,0.8,0.001,110,0.0670750999997835,7.27579770000375,5.401387512388503,5.0,0.0735052102676314,True,110,shapley-20260606T031431Z-665a6646,shapley,baseline,A,True,True,4.0,4.0
1.1283269098826818,0.6797679747853961,0.7328367488724845,0.3916143562112535,0.4265280025345938,6.10241038458688,1.0371399521827698,0.5938639044761658,0.5938639044761658,0.3104260116815567,0.3542973399162292,6.030539274215698,0.0735052102676314,0.8,0.001,111,0.063134899999568,7.338932600003318,5.353634577603145,5.0,0.0745052102676314,True,111,shapley-20260606T031431Z-665a6646,shapley,baseline,A,True,True,4.0,4.0
1.1394545350755965,0.680696359702519,0.7304608481270927,0.3912773941244398,0.4239793292113712,6.157396997724261,1.0361007452011108,0.590056836605072,0.5900568664073944,0.308499813079834,0.3519463092088699,5.98674750328064,0.0745052102676314,0.8,0.001,112,0.0635873999999603,7.402520000003278,5.306718597857838,5.0,0.0755052102676314,True,112,shapley-20260606T031431Z-665a6646,shapley,baseline,A,True,True,4.0,4.0
1.1438052483967371,0.6743201017379761,0.7276238543646676,0.3871819674968719,0.425552351134164,6.217917237962995,1.028770089149475,0.5894453823566437,0.5894454419612885,0.3085575103759765,0.351109892129898,5.8184685707092285,0.0755052102676314,0.8,0.001,113,0.0655451000020548,7.468065100005333,5.260617760617762,5.0,0.0765052102676314,True,113,shapley-20260606T031431Z-665a6646,shapley,baseline,A,True,True,4.0,4.0
1.157963480268206,0.6863543816975185,0.737168686730521,0.3958384352070944,0.4266627984387534,6.164404187883649,1.0360084772109983,0.6010047197341919,0.6010046899318695,0.3163067102432251,0.3558724522590637,5.685935974121094,0.0765052102676314,0.8,0.001,114,0.0661499000016192,7.534215000006952,5.215311004784688,5.0,0.0775052102676314,True,114,shapley-20260606T031431Z-665a6646,shapley,baseline,A,True,True,4.0,4.0
1.1548483882631575,0.6926103149141584,0.745130147252764,0.3979946289743696,0.4339193829468318,5.96396119253976,1.0593554973602295,0.5968313217163086,0.5968312919139862,0.3116117268800735,0.3565244674682617,5.967652082443237,0.0775052102676314,0.8,0.001,115,0.0651370999985374,7.59935210000549,5.170777988614802,5.0,0.0785052102676314,True,115,shapley-20260606T031431Z-665a6646,shapley,baseline,A,True,True,4.0,4.0
1.161375778062003,0.6864911573273795,0.7413543973650251,0.3936651306492941,0.4346115674291338,6.049084118434361,1.0063573122024536,0.6044801771640778,0.6044801771640778,0.3173328936100006,0.3589340895414352,5.119114637374878,0.0785052102676314,0.8,0.001,116,0.0673171000016736,7.6666692000071635,5.126999059266225,5.0,0.078426366048718,True,116,shapley-20260606T031431Z-665a6646,shapley,baseline,A,True,True,4.0,4.0
1.177016701017107,0.706843376159668,0.7603311708995274,0.4043286655630384,0.4450031306062426,5.995092596326556,1.0813871622085571,0.6069949865341187,0.6069949865341187,0.3195600360631943,0.3592936545610428,6.048886775970459,0.078426366048718,0.8,0.001,117,0.0645977999993192,7.731267000006483,5.083955223880601,5.0,0.079426366048718,True,117,shapley-20260606T031431Z-665a6646,shapley,baseline,A,True,True,4.0,4.0
1.169852273804801,0.7119111844471523,0.7633260999407087,0.4079549312591553,0.4442139395645686,5.7656057221548895,1.0450173616409302,0.6047741174697876,0.6047740876674652,0.318426176905632,0.3579348921775818,5.542784214019775,0.079426366048718,0.8,0.001,118,0.066203400001541,7.797470400008024,5.04162812210916,5.0,0.080426366048718,True,118,shapley-20260606T031431Z-665a6646,shapley,baseline,A,True,True,4.0,4.0
1.1737903697150094,0.6970054933003017,0.7475529909133911,0.4007478654384613,0.4335064249379294,5.928216184888568,1.01563823223114,0.6067621111869812,0.6067621111869812,0.3195182532072067,0.3590548038482666,5.08385705947876,0.080426366048718,0.8,0.001,119,0.0656299000002036,7.863100300008227,5.0,5.0,0.0812649366435055,True,119,shapley-20260606T031431Z-665a6646,shapley,baseline,A,True,True,4.0,4.0
1.1775978122438704,0.7075267093522208,0.7602573292596,0.4061551221779415,0.4426277535302298,5.784427234104702,1.0960257053375244,0.6043523848056793,0.6043523848056793,0.3175974786281585,0.3584436178207397,6.050251007080078,0.0812649366435055,0.8,0.001,120,0.0659588999988045,7.929059200007032,5.0,5.0,0.0917674467143063,True,120,shapley-20260606T031431Z-665a6646,shapley,baseline,A,True,True,4.0,4.0
1.234502809388297,0.7416604161262512,0.7955562898090908,0.4266181247574942,0.4611727084432329,5.37055812563215,1.072571098804474,0.6139192581176758,0.6139192581176758,0.3218900859355926,0.3650364428758621,4.997979640960693,0.0917674467143063,0.8,0.001,121,0.0655490000026475,7.994608200009679,5.0,5.0,0.0917472431239133,True,121,shapley-20260606T031431Z-665a6646,shapley,baseline,A,True,True,4.0,4.0
1.2286141089030675,0.7214182019233704,0.7735786352838788,0.4145596410546984,0.4487737332071577,5.528186934334891,1.0647067427635193,0.6148115694522858,0.6148115694522858,0.3242520242929458,0.3631994277238846,4.903636932373047,0.0917472431239133,0.8,0.001,122,0.066137499998149,8.060745700007828,5.0,5.0,0.0907836124476437,True,122,shapley-20260606T031431Z-665a6646,shapley,baseline,A,True,True,4.0,4.0
1.2323095968791418,0.7361366408211845,0.7916805062975202,0.4224223366805485,0.4615727024418967,5.465446199689593,1.0947436690330503,0.6077689826488495,0.6077689528465271,0.3205399364233017,0.359036311507225,5.36412525177002,0.0907836124476437,0.8,0.001,123,0.0647619999981543,8.125507700005983,5.0,5.0,0.0944248649653439,True,123,shapley-20260606T031431Z-665a6646,shapley,baseline,A,True,True,4.0,4.0
1.2514630045209612,0.7572878343718392,0.8095431412969317,0.4354477226734161,0.4676192743437631,5.233528205326626,1.1083120703697205,0.6151875555515289,0.6151875555515289,0.3251090496778488,0.3625981211662292,5.222401142120361,0.0944248649653439,0.8,0.001,124,0.068534300000465,8.194042000006448,5.0,5.0,0.0966488763865475,True,124,shapley-20260606T031431Z-665a6646,shapley,baseline,A,True,True,4.0,4.0
1.252308368682861,0.7341412305831909,0.789104802267892,0.4228830082075936,0.4577772489615849,5.361335958753314,1.0602500438690186,0.61641064286232,0.6164106726646423,0.3260626792907715,0.3629349768161773,4.592287540435791,0.0966488763865475,0.8,0.001,125,0.0654006000004301,8.259442600006878,5.0,5.0,0.0925717517909054,True,125,shapley-20260606T031431Z-665a6646,shapley,baseline,A,True,True,4.0,4.0
1.2324987309319633,0.7500769410814557,0.8026654550007412,0.4312801488808223,0.4642316273280552,5.211328370230539,1.121203601360321,0.6120657324790955,0.6120657026767731,0.3225571513175964,0.3618857115507126,5.499927043914795,0.0925717517909054,0.8,0.0007,126,0.0702280000004975,8.329670600007375,5.0,5.0,0.0975710222300534,True,126,shapley-20260606T031431Z-665a6646,shapley,baseline,A,True,True,4.0,4.0
1.2499627556119646,0.7407189607620239,0.7964281184332711,0.4260185488632747,0.4630119630268642,5.219211510249546,1.060167133808136,0.6132781505584717,0.6132781505584717,0.323390856385231,0.3623591065406799,4.5801403522491455,0.0975710222300534,0.8,0.0007,127,0.0659678999982134,8.395638500005589,5.0,5.0,0.0933724257525449,True,127,shapley-20260606T031431Z-665a6646,shapley,baseline,A,True,True,4.0,4.0
1.2402697801589966,0.7347918919154576,0.7890817097255162,0.4232313122068132,0.4573129713535309,5.413566793714251,1.114149808883667,0.604617565870285,0.604617565870285,0.3183899819850921,0.3577844649553299,5.456987857818604,0.0933724257525449,0.8,0.0007,128,0.0635645000002114,8.4592030000058,5.0,5.0,0.0979423043307309,True,128,shapley-20260606T031431Z-665a6646,shapley,baseline,A,True,True,4.0,4.0
1.2550122056688582,0.7446950163160052,0.7986266102109637,0.4291964258466448,0.4617877389703478,5.210385867527553,1.0771958231925964,0.6104975342750549,0.6104975342750549,0.321408063173294,0.3613618016242981,4.7650322914123535,0.0979423043307309,0.8,0.0007,129,0.0632035999988147,8.522406600004615,5.0,5.0,0.0955926272448544,True,129,shapley-20260606T031431Z-665a6646,shapley,baseline,A,True,True,4.0,4.0
1.2357474735804967,0.7265277419771466,0.7849269339016506,0.4194804472582681,0.4568081029823848,5.326977252960205,1.10966295003891,0.6122512221336365,0.6122512519359589,0.3237079977989197,0.3606790900230407,5.203453302383423,0.0955926272448544,0.8,0.0007,130,0.0652919000021938,8.587698500006809,5.0,5.0,0.0976271602686887,True,130,shapley-20260606T031431Z-665a6646,shapley,baseline,A,True,True,5.0,5.0
1.2591978481837682,0.7620310953685215,0.8234541160719735,0.4381183683872223,0.4816696686404092,5.092504296983991,1.0827194452285769,0.6159143149852753,0.6159142851829529,0.3248551785945892,0.3638238757848739,4.781508207321167,0.0976271602686887,0.8,0.00049,131,0.0637288999969314,8.65142740000374,5.0,5.0,0.0954422423419003,True,131,shapley-20260606T031431Z-665a6646,shapley,baseline,A,True,True,5.0,5.0
1.2291103942053658,0.7193243162972587,0.7778259345463344,0.4164807072707585,0.4516815372875759,5.341304302215576,1.1025124192237854,0.6085079610347748,0.6085079312324524,0.3210952281951904,0.3592658787965774,5.175951480865479,0.0954422423419003,0.8,0.00049,132,0.0663545999996131,8.717782000003353,5.0,5.0,0.0972017571505551,True,132,shapley-20260606T031431Z-665a6646,shapley,baseline,A,True,True,5.0,5.0
1.2380884204592024,0.7336916242327008,0.7898633224623544,0.4227331706455776,0.4589126833847591,5.189173425946917,1.079092562198639,0.6090052723884583,0.6090052723884583,0.3211159259080887,0.3598616570234298,4.836201190948486,0.0972017571505551,0.8,0.00049,133,0.0630634000008285,8.780845400004182,5.0,5.0,0.09556376906004,True,133,shapley-20260606T031431Z-665a6646,shapley,baseline,A,True,True,5.0,5.0
1.2197445120130266,0.7185761332511902,0.7765408498900277,0.4137129826205117,0.4535348245075771,5.244334425245013,1.0948846936225891,0.6039369404315948,0.6039369106292725,0.318266212940216,0.3570883870124817,5.1373841762542725,0.09556376906004,0.8,0.00049,134,0.073340899998584,8.854186300002766,5.0,5.0,0.0969376108225827,True,134,shapley-20260606T031431Z-665a6646,shapley,baseline,A,True,True,5.0,5.0
1.2355949878692627,0.7285473006112235,0.7865680371012006,0.422038917030607,0.4556613862514496,5.230660097939627,1.075627624988556,0.6074703633785248,0.6074703931808472,0.3201392143964767,0.3591639399528503,4.829470157623291,0.0969376108225827,0.8,0.00049,135,0.0729361000012431,8.92712240000401,5.0,5.0,0.0952323123988156,True,135,shapley-20260606T031431Z-665a6646,shapley,baseline,A,True,True,5.0,5.0
1.24240095274789,0.7475689564432416,0.805443389075143,0.4313811276640211,0.4675777980259487,5.196051120758057,1.0934224128723145,0.6039857864379883,0.6039857864379883,0.3179422467947006,0.3575544208288193,5.13939642906189,0.0952323123988156,0.8,0.000343,136,0.0948805999978503,9.02200300000186,5.0,5.0,0.0966262766894345,True,136,shapley-20260606T031431Z-665a6646,shapley,baseline,A,True,True,5.0,5.0
1.2162202085767473,0.6970546160425458,0.7533608760152545,0.4023724198341369,0.4387355574539729,5.372923578534808,1.0826132893562317,0.6075848639011383,0.6075848340988159,0.3202921152114868,0.3591158986091614,4.916141510009766,0.0966262766894345,0.8,0.000343,137,0.088472700001148,9.110475700003008,5.0,5.0,0.0957876917895322,True,137,shapley-20260606T031431Z-665a6646,shapley,baseline,A,True,True,5.0,5.0
1.2173672914505005,0.7285025886126927,0.7884555884769985,0.4212774804660252,0.4589726371424539,5.103627749851772,1.0797322988510132,0.608481228351593,0.608481228351593,0.3205207139253616,0.3599506169557571,4.919745922088623,0.0957876917895322,0.8,0.000343,138,0.089714300000196,9.200190000003204,5.0,5.0,0.0949851510104184,True,138,shapley-20260606T031431Z-665a6646,shapley,baseline,A,True,True,5.0,5.0
1.224335994039263,0.7271863562720162,0.7832502126693726,0.4185569669519152,0.4558665582111904,5.233972276960101,1.0868874788284302,0.6058467328548431,0.6058467030525208,0.3196439146995544,0.3577534854412079,5.064378499984741,0.0949851510104184,0.8,0.000343,139,0.0761146000004373,9.27630460000364,5.0,5.0,0.0956289360102658,True,139,shapley-20260606T031431Z-665a6646,shapley,baseline,A,True,True,5.0,5.0
1.235285690852574,0.721874577658517,0.7772227610860553,0.4175259854112352,0.449620966400419,5.368783610207694,1.0985170602798462,0.6061661541461945,0.6061661541461945,0.319831371307373,0.3579184710979461,5.1485559940338135,0.0956289360102658,0.8,0.000343,140,0.0655325000006996,9.34183710000434,5.0,5.0,0.097114495950604,True,140,shapley-20260606T031431Z-665a6646,shapley,baseline,A,True,True,5.0,5.0
1.2201655762536183,0.7115592956542969,0.7694960406848362,0.4107471065861838,0.4484361750738961,5.237182004111154,1.074270248413086,0.6068850755691528,0.6068850755691528,0.3200800716876983,0.3585062623023987,4.81272292137146,0.097114495950604,0.8,0.000343,141,0.0665718999989621,9.408409000003305,5.0,5.0,0.0952417251643186,True,141,shapley-20260606T031431Z-665a6646,shapley,baseline,A,True,True,5.0,5.0
1.2428354365485057,0.7519036275999886,0.8103695426668439,0.4333323112555912,0.4712965403284345,5.154587541307722,1.0896354913711548,0.6007354855537415,0.6007354855537415,0.3165236115455627,0.3552648425102234,5.133254051208496,0.0952417251643186,0.8,0.000343,142,0.0654044000002613,9.473813400003564,5.0,5.0,0.0965742656764035,True,142,shapley-20260606T031431Z-665a6646,shapley,baseline,A,True,True,5.0,5.0
1.2286882741110663,0.7031196866716657,0.7598384703908648,0.4079850018024444,0.4398168197699955,5.442118304116385,1.0977097749710083,0.6014396548271179,0.6014396846294403,0.3166885524988174,0.3559388965368271,5.13874077796936,0.0965742656764035,0.8,0.0002400999999999,143,0.0638781999987259,9.53769160000229,5.0,5.0,0.0979616734560971,True,143,shapley-20260606T031431Z-665a6646,shapley,baseline,A,True,True,5.0,5.0
1.2307854550225394,0.7131802950586591,0.7686537248747689,0.4138634460312979,0.4434878613267626,5.283751964569092,1.0837433338165283,0.6033166348934174,0.6033166348934174,0.3182246387004852,0.3563649654388428,4.904231071472168,0.0979616734560971,0.8,0.0002400999999999,144,0.0647432999976445,9.602434899999936,5.0,5.0,0.0970039841708188,True,144,shapley-20260606T031431Z-665a6646,shapley,baseline,A,True,True,5.0,5.0
1.2170663220541815,0.7193963357380458,0.7773398501532418,0.4161721467971802,0.4514596121651785,5.13040794645037,1.085038125514984,0.6020880341529846,0.6020880341529846,0.317223310470581,0.356080874800682,4.978662729263306,0.0970039841708188,0.8,0.0002400999999999,145,0.0653244999994058,9.66775939999934,5.0,5.0,0.0967906114634519,True,145,shapley-20260606T031431Z-665a6646,shapley,baseline,A,True,True,5.0,5.0
1.209424683025905,0.6999183212007795,0.758085344518934,0.4057755044528416,0.4403872873101915,5.264006205967495,1.087960422039032,0.6029438972473145,0.6029438972473145,0.3175908327102661,0.3566913455724716,5.010987520217896,0.0967906114634519,0.8,0.0002400999999999,146,0.0645860999975411,9.732345499996882,5.0,5.0,0.0969004866656308,True,146,shapley-20260606T031431Z-665a6646,shapley,baseline,A,True,True,5.0,5.0
1.2228111709867204,0.7173390729086739,0.7737216864313398,0.4146010322230203,0.4489007890224457,5.216404301779611,1.08502197265625,0.6056384742259979,0.6056384742259979,0.3194778859615326,0.3577007353305816,4.947173118591309,0.0969004866656308,0.8,0.0002400999999999,147,0.0667843000010179,9.7991297999979,5.0,5.0,0.0963722178515439,True,147,shapley-20260606T031431Z-665a6646,shapley,baseline,A,True,True,5.0,5.0
1.2201133625847953,0.7213867562157767,0.7810890248843602,0.4160212576389313,0.4563346973487309,5.175003869192941,1.0792670249938965,0.6038252711296082,0.6038252711296082,0.3184158951044082,0.3567617088556289,4.933390140533447,0.0963722178515439,0.8,0.0001680699999999,148,0.0669536000023072,9.866083400000209,5.0,5.0,0.0957061192568784,True,148,shapley-20260606T031431Z-665a6646,shapley,baseline,A,True,True,5.0,5.0
1.2111050571714128,0.7137423753738403,0.770088119166238,0.4132999948092869,0.4459851511887142,5.196769986833845,1.079906702041626,0.60235795378685,0.60235795378685,0.3173434287309646,0.3562681376934051,4.989741325378418,0.0957061192568784,0.8,0.0001680699999999,149,0.069211300000461,9.935294700000668,5.0,5.0,0.0956035325106625,True,149,shapley-20260606T031431Z-665a6646,shapley,baseline,A,True,True,5.0,5.0
1.2176951169967651,0.710783234664372,0.7681343385151455,0.4111268903527941,0.4462592814649854,5.302229676927839,1.0927484631538391,0.6026108264923096,0.6026108264923096,0.3176921010017395,0.3561484068632126,5.126773357391357,0.0956035325106625,0.8,0.0001680699999999,150,0.0644051999988732,9.99969989999954,5.0,5.0,0.0968712660845761,True,150,shapley-20260606T031431Z-665a6646,shapley,baseline,A,True,True,5.0,5.0
1.2263573919023787,0.7018481237547738,0.7603793399674552,0.406392902135849,0.4424830249377659,5.414498124803815,1.0975404977798462,0.6027731895446777,0.6027731597423553,0.3178192228078842,0.3561923950910568,5.107472658157349,0.0968712660845761,0.8,0.0001680699999999,151,0.0678506000003835,10.067550499999925,5.0,5.0,0.0979459926661496,True,151,shapley-20260606T031431Z-665a6646,shapley,baseline,A,True,True,5.0,5.0
1.2296354940959386,0.7156441807746887,0.7726702264377049,0.4146675254617418,0.4475033794130598,5.247701372419085,1.0845180749893188,0.6017194986343384,0.6017194986343384,0.3170310258865356,0.355860561132431,4.929232597351074,0.0979459926661496,0.8,0.0001680699999999,152,0.0669991000031586,10.134549600003083,5.0,5.0,0.0972383186396603,True,152,shapley-20260606T031431Z-665a6646,shapley,baseline,A,True,True,5.0,5.0
1.2280371018818446,0.7245926686695644,0.7822937369346619,0.4197445426668439,0.453186490706035,5.177428586142404,1.0822839736938477,0.6012433767318726,0.6012433767318726,0.3167506754398346,0.3556158542633056,4.94702672958374,0.0972383186396603,0.8,0.0001176489999999,153,0.0717112999991513,10.206260900002237,5.0,5.0,0.0967085859354977,True,153,shapley-20260606T031431Z-665a6646,shapley,baseline,A,True,True,5.0,5.0
1.2101232664925712,0.7056675383022853,0.7626143779073443,0.4081449338368007,0.443086815731866,5.216244970049177,1.0838779211044312,0.6006322503089905,0.6006322503089905,0.3164660930633545,0.3552077114582062,4.996926307678223,0.0967085859354977,0.8,0.0001176489999999,154,0.0655274000018835,10.271788300004118,5.0,5.0,0.09667784901228,True,154,shapley-20260606T031431Z-665a6646,shapley,baseline,A,True,True,5.0,5.0
1.2136025939668929,0.7039102230753217,0.7605738043785095,0.4063946264130728,0.4427239724567958,5.272070135389056,1.08622545003891,0.6000090539455414,0.6000090539455414,0.3160074651241302,0.3550019562244415,5.029243469238281,0.09667784901228,0.8,0.0001176489999999,155,0.0648766000012983,10.336664900005417,5.0,5.0,0.0969702837046628,True,155,shapley-20260606T031431Z-665a6646,shapley,baseline,A,True,True,5.0,5.0
1.2244537387575425,0.7093669431550162,0.7663631694657462,0.4107129488672529,0.4445627757481166,5.31180054800851,1.0888611674308777,0.6004785895347595,0.6004785895347595,0.3162477314472198,0.355288565158844,5.036414861679077,0.0969702837046628,0.8,0.0001176489999999,156,0.0667131000009249,10.403378000006342,5.0,5.0,0.0973344323214536,True,156,shapley-20260606T031431Z-665a6646,shapley,baseline,A,True,True,5.0,5.0
1.2248535667146956,0.7112787451062884,0.7690139498029437,0.4107035951954977,0.4478879358087267,5.276394162859235,1.087471067905426,0.599964827299118,0.5999647974967957,0.3162687867879867,0.354620024561882,5.008569717407227,0.0973344323214536,0.8,0.0001176489999999,157,0.0686059999970893,10.471984000003433,5.0,5.0,0.0974201294955258,True,157,shapley-20260606T031431Z-665a6646,shapley,baseline,A,True,True,5.0,5.0
1.2328955445970808,0.7200442211968558,0.7779642939567566,0.4160314840929849,0.452416011265346,5.264326231820243,1.0891407132148745,0.6004808247089386,0.6004808247089386,0.316600039601326,0.3548509478569031,5.016005754470825,0.0974201294955258,0.8,8.235429999999999e-05,158,0.0634601999990991,10.53544420000253,5.0,5.0,0.0975801870402341,True,158,shapley-20260606T031431Z-665a6646,shapley,baseline,A,True,True,5.0,5.0
1.2220767055238997,0.7091603704861232,0.7666867971420288,0.4088627653462546,0.447280045066561,5.25635746547154,1.0897384881973269,0.6011433601379395,0.6011433601379395,0.3167673945426941,0.3554699718952179,5.00711464881897,0.0975801870402341,0.8,8.235429999999999e-05,159,0.0663309000010485,10.60177510000358,5.0,5.0,0.0976513335284238,True,159,shapley-20260606T031431Z-665a6646,shapley,baseline,A,True,True,5.0,5.0
1.2341458627155848,0.7185661026409694,0.7780277132987976,0.4156615350927625,0.4529577238219125,5.27980239050729,1.0936480164527893,0.6020576357841492,0.6020576357841492,0.3172713667154312,0.3559828251600265,5.0341386795043945,0.0976513335284238,0.8,8.235429999999999e-05,160,0.0637678999992203,10.6655430000028,5.0,5.0,0.0979927203234677,True,160,shapley-20260606T031431Z-665a6646,shapley,baseline,A,True,True,5.0,5.0
1.2130116053989954,0.6941260099411011,0.7544258236885071,0.4020694025925228,0.4404455210481371,5.295144081115723,1.088988959789276,0.6020641028881073,0.6020641326904297,0.3174088895320892,0.3558190166950226,4.9689905643463135,0.0979927203234677,0.8,8.235429999999999e-05,161,0.0689886000000115,10.73453160000281,5.0,5.0,0.0976826259669308,True,161,shapley-20260606T031431Z-665a6646,shapley,baseline,A,True,True,5.0,5.0
1.215028200830732,0.7136305315153939,0.771852936063494,0.4129801648003714,0.4485909513064793,5.1329255785260886,1.0717406272888184,0.6015098094940186,0.6015098094940186,0.3171559274196625,0.3554423451423645,4.813863277435303,0.0976826259669308,0.8,8.235429999999999e-05,162,0.0692377000013948,10.803769300004204,5.0,5.0,0.0958212587412839,True,162,shapley-20260606T031431Z-665a6646,shapley,baseline,A,True,True,5.0,5.0
1.205957089151655,0.7215719308171954,0.7782882366861615,0.4179861545562744,0.4503776047910963,5.0550906998770575,1.0642142295837402,0.6010493040084839,0.6010493040084839,0.3168067038059234,0.3553032577037811,4.8336341381073,0.0958212587412839,0.8,8.235429999999999e-05,163,0.0664630999999644,10.87023240000417,5.0,5.0,0.0941576001223569,True,163,shapley-20260606T031431Z-665a6646,shapley,baseline,A,True,True,5.0,5.0
1.203934567315238,0.7198961547442845,0.7768740568842206,0.4153288049357278,0.4519315617425101,5.140726021357945,1.0666093826293943,0.5999835133552551,0.5999835431575775,0.3159113973379135,0.3550901561975479,4.955796241760254,0.0941576001223569,0.8,8.235429999999999e-05,164,0.0671277000001282,10.937360100004298,5.0,5.0,0.0937155625399594,True,164,shapley-20260606T031431Z-665a6646,shapley,baseline,A,True,True,5.0,5.0
1.1993048531668526,0.7035697954041618,0.7629089100020272,0.4068183004856109,0.4451132416725158,5.289783409663609,1.0785862803459167,0.5988852381706238,0.5988852679729462,0.3150249868631363,0.3548253327608108,5.118691444396973,0.0937155625399594,0.8,8.235429999999999e-05,165,0.0669541999995999,11.004314300003898,5.0,5.0,0.0949024769839291,True,165,shapley-20260606T031431Z-665a6646,shapley,baseline,A,True,True,5.0,5.0
1.1941567148481096,0.6832036972045898,0.7424812316894531,0.3961066433361598,0.4329682290554046,5.383979797363281,1.0802258253097534,0.5988006293773651,0.5988006293773651,0.3150703012943268,0.3546629101037979,5.072841167449951,0.0949024769839291,0.8,8.235429999999999e-05,166,0.0646003000001655,11.068914600004064,5.0,5.0,0.0956308886584287,True,166,shapley-20260606T031431Z-665a6646,shapley,baseline,A,True,True,5.0,5.0
1.2065020629337857,0.7024085947445461,0.7606405445507595,0.4075743854045868,0.4413326978683471,5.271240847451346,1.0740869641304016,0.5992382168769836,0.5992382168769836,0.315366581082344,0.3548395037651062,4.965433120727539,0.0956308886584287,0.8,8.235429999999999e-05,167,0.06677000000127,11.135684600005334,5.0,5.0,0.095285219865704,True,167,shapley-20260606T031431Z-665a6646,shapley,baseline,A,True,True,5.0,5.0
1.1920775004795618,0.6971182993480137,0.7554506148610797,0.4029330611228943,0.4406469208853585,5.194501127515521,1.0688543319702148,0.6000691652297974,0.600069135427475,0.3158595860004425,0.3552619516849518,4.919810056686401,0.095285219865704,0.8,8.235429999999999e-05,168,0.0643119999986083,11.199996600003942,5.0,5.0,0.0944833204325681,True,168,shapley-20260606T031431Z-665a6646,shapley,baseline,A,True,True,5.0,5.0
1.2135014193398612,0.7223962800843375,0.7817255514008659,0.4178529041154044,0.4548407963344029,5.197797094072614,1.0698060989379885,0.5996633470058441,0.5996633470058441,0.315460205078125,0.3552539199590683,4.97593355178833,0.0944833204325681,0.8,8.235429999999999e-05,169,0.0657776000007288,11.265774200004673,5.0,5.0,0.0942426559504514,True,169,shapley-20260606T031431Z-665a6646,shapley,baseline,A,True,True,5.0,5.0
1.2029618535723006,0.7064775228500366,0.7677626524652753,0.4098182363169534,0.4474305127348219,5.268148830958775,1.0785722136497498,0.5994871258735657,0.5994870960712433,0.3152568489313125,0.3552878350019455,5.083527326583862,0.0942426559504514,0.8,8.235429999999999e-05,170,0.0685109000005468,11.334285100005218,5.0,5.0,0.09507792921629,True,170,shapley-20260606T031431Z-665a6646,shapley,baseline,A,True,True,6.0,6.0
1.2010284151349748,0.6928014499800546,0.7564713699477059,0.4034509573663984,0.4412754986967359,5.345372200012207,1.0805899500846865,0.5990920066833496,0.5990920066833496,0.3153020888566971,0.3547374010086059,5.0642454624176025,0.09507792921629,0.8,8.235429999999999e-05,171,0.0706605000013951,11.404945600006611,5.0,5.0,0.095720383840466,True,171,shapley-20260606T031431Z-665a6646,shapley,baseline,A,True,True,6.0,6.0
1.2018136637551444,0.6954800742013114,0.7576395784105573,0.4046493172645569,0.4412378115313394,5.289715562547956,1.0794538855552671,0.5985804200172424,0.59858039021492,0.3151035606861114,0.3543460518121719,5.023730993270874,0.095720383840466,0.8,5.764800999999999e-05,172,0.065808499999548,11.47075410000616,5.0,5.0,0.0959576937731748,True,172,shapley-20260606T031431Z-665a6646,shapley,baseline,A,True,True,6.0,6.0
1.215013861656189,0.708699643611908,0.7699366382190159,0.4107303065913064,0.4490079113415309,5.276431628635952,1.0786330699920654,0.5981967449188232,0.5981967449188232,0.3148237764835357,0.3542161881923675,5.006751298904419,0.0959576937731748,0.8,5.764800999999999e-05,173,0.0631472000022768,11.533901300008438,5.0,5.0,0.0960252067622189,True,173,shapley-20260606T031431Z-665a6646,shapley,baseline,A,True,True,6.0,6.0
1.210636786052159,0.7014939785003662,0.7615741661616734,0.4061987272330692,0.4442192869526999,5.302178723471505,1.0801395177841189,0.5983967781066895,0.5983967781066895,0.3148880153894424,0.3543859720230102,5.016836643218994,0.0960252067622189,0.8,5.764800999999999e-05,174,0.0633683999985805,11.597269700007018,5.0,5.0,0.0961935731944089,True,174,shapley-20260606T031431Z-665a6646,shapley,baseline,A,True,True,6.0,6.0
1.2036622081484114,0.6949208038193839,0.7560102428708758,0.4051733527864729,0.438546108348029,5.288725512368338,1.079233944416046,0.5990101099014282,0.5990101099014282,0.315245971083641,0.3547051697969436,4.992265462875366,0.0961935731944089,0.8,5.764800999999999e-05,175,0.0667524999989837,11.664022200006002,5.0,5.0,0.0961162278231625,True,175,shapley-20260606T031431Z-665a6646,shapley,baseline,A,True,True,6.0,6.0
1.2091019323893957,0.7043197325297764,0.7659269571304321,0.4084148577281407,0.4468901242528643,5.251789501735142,1.076887547969818,0.5986521244049072,0.5986521244049072,0.3149327486753464,0.3546492457389831,4.975594997406006,0.0961162278231625,0.8,5.764800999999999e-05,176,0.0673348999989684,11.73135710000497,5.0,5.0,0.0958721777972226,True,176,shapley-20260606T031431Z-665a6646,shapley,baseline,A,True,True,6.0,6.0
1.2149479389190674,0.7126335671969822,0.7711496267999921,0.4133703793798174,0.4472240592752184,5.239417552947998,1.0731977820396423,0.5979775190353394,0.5979775190353394,0.3144947588443756,0.3543534129858017,4.956810712814331,0.0958721777972226,0.8,4.035360699999999e-05,177,0.068055199997616,11.799412300002588,5.0,5.0,0.0954402849253659,True,177,shapley-20260606T031431Z-665a6646,shapley,baseline,A,True,True,6.0,6.0
1.2029143060956682,0.7067544119698661,0.7703435676438468,0.4103291247572218,0.4500180653163365,5.19864204951695,1.0718855261802671,0.5971105098724365,0.5971105396747589,0.3140350431203842,0.3538443446159363,4.974576473236084,0.0954402849253659,0.8,4.035360699999999e-05,178,0.0651422000009915,11.864554500003578,5.0,5.0,0.0951860496577268,True,178,shapley-20260606T031431Z-665a6646,shapley,baseline,A,True,True,6.0,6.0
1.2013074670519148,0.701447606086731,0.7609601957457406,0.4092403905732291,0.4396497522081647,5.251398290906634,1.0726401805877686,0.5968527793884277,0.5968527793884277,0.3139320164918899,0.3536509424448013,4.998499631881714,0.0951860496577268,0.8,4.035360699999999e-05,179,0.0675286000005144,11.932083100004093,5.0,5.0,0.0951710459765439,True,179,shapley-20260606T031431Z-665a6646,shapley,baseline,A,True,True,6.0,6.0
1.202195133481707,0.702139036996024,0.7619569216455732,0.4081713684967586,0.4422319190842764,5.254287924085345,1.0741831064224243,0.5972870588302612,0.5972870290279388,0.3142182677984237,0.3538359701633453,5.01093602180481,0.0951710459765439,0.8,4.035360699999999e-05,180,0.0658522000012453,11.997935300005338,5.0,5.0,0.095280406194592,True,180,shapley-20260606T031431Z-665a6646,shapley,baseline,A,True,True,6.0,6.0
1.194181663649423,0.6936735340527126,0.7524306518690926,0.404082362140928,0.4354353504521506,5.253001621791294,1.0746910572052002,0.5981054306030273,0.598105400800705,0.3146597146987915,0.3543071001768112,5.001927137374878,0.095280406194592,0.8,4.035360699999999e-05,181,0.0649946000012278,12.062929900006566,5.0,5.0,0.0952996775683408,True,181,shapley-20260606T031431Z-665a6646,shapley,baseline,A,True,True,6.0,6.0
1.1921585968562536,0.692169189453125,0.7520940899848938,0.4035528600215912,0.4356765236173357,5.246496541159494,1.07438462972641,0.5985990166664124,0.5985990166664124,0.3149488419294357,0.3545626699924469,4.992520809173584,0.0952996775683408,0.8,2.8247524899999997e-05,182,0.0711921000001893,12.134122000006755,5.0,5.0,0.0952248856600766,True,182,shapley-20260606T031431Z-665a6646,shapley,baseline,A,True,True,6.0,6.0
1.1973252637045724,0.6998479281152997,0.7628398793084281,0.4067040809563228,0.4451697426182883,5.224236420222691,1.0735508799552915,0.5989716053009033,0.5989716053009033,0.3151244819164276,0.354808896780014,4.983773469924927,0.0952248856600766,0.8,2.8247524899999997e-05,183,0.0679042999981902,12.202026300004944,5.0,5.0,0.0950626203593259,True,183,shapley-20260606T031431Z-665a6646,shapley,baseline,A,True,True,6.0,6.0
1.1964908838272097,0.6972843408584595,0.7593686410358974,0.4059634591851915,0.4417564443179539,5.2513443401881625,1.0744068622589111,0.5991536378860474,0.599153608083725,0.3152363896369934,0.3548965156078338,4.999370336532593,0.0950626203593259,0.8,2.8247524899999997e-05,184,0.0696122999979707,12.271638600002916,5.0,5.0,0.0950563237246518,True,184,shapley-20260606T031431Z-665a6646,shapley,baseline,A,True,True,6.0,6.0
1.1934341192245483,0.6948588575635638,0.7552466988563538,0.4052697122097015,0.4374712322439466,5.245050975254604,1.07471364736557,0.5988795161247253,0.5988795161247253,0.3151041716337204,0.3547191619873047,5.005812168121338,0.0950563237246518,0.8,2.8247524899999997e-05,185,0.0678738999995403,12.339512500002456,5.0,5.0,0.0951144454058652,True,185,shapley-20260606T031431Z-665a6646,shapley,baseline,A,True,True,6.0,6.0
1.191732338496617,0.6906783155032566,0.748921811580658,0.4021530704838889,0.4334609295640673,5.267906529562814,1.073348045349121,0.5984341502189636,0.5984341502189636,0.3148510158061981,0.3544789105653763,4.993078708648682,0.0951144454058652,0.8,2.8247524899999997e-05,186,0.0637831999993068,12.403295700001763,5.0,5.0,0.095045232492352,True,186,shapley-20260606T031431Z-665a6646,shapley,baseline,A,True,True,6.0,6.0
1.182906014578683,0.6846433281898499,0.7436513900756836,0.3981933764048985,0.4318225000585828,5.24237448828561,1.071685016155243,0.5980672836303711,0.5980672836303711,0.3146122694015503,0.354318767786026,4.983077526092529,0.095045232492352,0.8,1.9773267429999995e-05,187,0.0684003000023949,12.471696000004158,5.0,5.0,0.0948760077532773,True,187,shapley-20260606T031431Z-665a6646,shapley,baseline,A,True,True,6.0,6.0
1.1967660699571885,0.6998094916343689,0.7591876643044608,0.4076677560806274,0.4393998682498932,5.237958499363491,1.0700005292892456,0.5980578064918518,0.5980578064918518,0.3145966827869415,0.3543263971805572,4.974310636520386,0.0948760077532773,0.8,1.9773267429999995e-05,188,0.070056000000477,12.541752000004635,5.0,5.0,0.0946191141184812,True,188,shapley-20260606T031431Z-665a6646,shapley,baseline,A,True,True,6.0,6.0
1.177624225616455,0.6828790477343968,0.7448914391653878,0.3974878234522683,0.43425452709198,5.228807789938791,1.0685620307922363,0.5981178879737854,0.5981178879737854,0.3146417737007141,0.3543451130390167,4.971977949142456,0.0946191141184812,0.8,1.9773267429999995e-05,189,0.0659207999997306,12.607672800004366,5.0,5.0,0.0943388936099057,True,189,shapley-20260606T031431Z-665a6646,shapley,baseline,A,True,True,6.0,6.0
1.1956834622791834,0.7018490603991917,0.7621766754559108,0.4090845627444131,0.4413651355675289,5.234685352870396,1.0673480033874512,0.5979883968830109,0.5979884266853333,0.314532458782196,0.3543199300765991,4.975250244140625,0.0943388936099057,0.8,1.9773267429999995e-05,190,0.0698859000003722,12.677558700004738,5.0,5.0,0.094091396051312,True,190,shapley-20260606T031431Z-665a6646,shapley,baseline,A,True,True,6.0,6.0
1.192259975842067,0.6998404860496521,0.7606318252427238,0.4089239835739136,0.4396347829273769,5.233417102268764,1.0679762363433838,0.5978002548217773,0.5978002548217773,0.3143263310194015,0.3543424010276794,4.997013568878174,0.094091396051312,0.8,1.9773267429999995e-05,191,0.0700673999999708,12.747626100004709,5.0,5.0,0.0940615317400937,True,191,shapley-20260606T031431Z-665a6646,shapley,baseline,A,True,True,6.0,6.0
1.1791657890592302,0.6850323166166034,0.748002324785505,0.3983664086886814,0.4370448759623936,5.2533004624503,1.0682649612426758,0.5978261530399323,0.5978261828422546,0.3142926543951034,0.3544169068336487,5.001394033432007,0.0940615317400937,0.8,1.3841287200999995e-05,192,0.0677711999996972,12.815397300004406,5.0,5.0,0.0940754720744138,True,192,shapley-20260606T031431Z-665a6646,shapley,baseline,A,True,True,6.0,6.0
1.1822450842176164,0.6905303767749241,0.7512403896876744,0.4028123915195465,0.4355350051607404,5.226811272757394,1.0682629346847534,0.5978151261806488,0.5978151261806488,0.3142751306295395,0.3544249683618545,5.000749111175537,0.0940754720744138,0.8,1.3841287200999995e-05,193,0.0668805999994219,12.882277900003828,5.0,5.0,0.0940829631861691,True,193,shapley-20260606T031431Z-665a6646,shapley,baseline,A,True,True,6.0,6.0
1.1925726107188634,0.7009584903717041,0.7623029351234436,0.4075123412268502,0.4434882487569536,5.225325584411621,1.068516969680786,0.5978816747665405,0.5978817045688629,0.3143220692873001,0.3544495552778244,5.002343416213989,0.0940829631861691,0.8,1.3841287200999995e-05,194,0.0666509999973641,12.948928900001192,5.0,5.0,0.094106397348309,True,194,shapley-20260606T031431Z-665a6646,shapley,baseline,A,True,True,6.0,6.0
1.195420844214303,0.7009784068380084,0.7636190823146275,0.4070558675697872,0.4457040045942579,5.2540788650512695,1.0695143938064575,0.5979239046573639,0.5979239046573639,0.3143879771232605,0.3544199019670486,5.0112481117248535,0.094106397348309,0.8,1.3841287200999995e-05,195,0.0729455000000598,13.021874400001252,5.0,5.0,0.0942188784655576,True,195,shapley-20260606T031431Z-665a6646,shapley,baseline,A,True,True,6.0,6.0
1.1958703313555037,0.7002952865191868,0.763271689414978,0.406832252229963,0.4455492794513702,5.259827409471784,1.0715924501419067,0.5980734825134277,0.5980734527111053,0.3145058006048202,0.3544595390558243,5.025732755661011,0.0942188784655576,0.8,1.3841287200999995e-05,196,0.0630435999992187,13.08491800000047,5.0,5.0,0.0944762060221677,True,196,shapley-20260606T031431Z-665a6646,shapley,baseline,A,True,True,6.0,6.0
1.199317523411342,0.6995488149779183,0.7634773594992501,0.406101256608963,0.4467201062611171,5.289889676230295,1.0738369822502136,0.5981327295303345,0.5981327295303345,0.3145569562911987,0.3544697016477585,5.03517484664917,0.0944762060221677,0.8,9.688901040699997e-06,197,0.0652488999985507,13.150166899999022,5.0,5.0,0.0948279544886594,True,197,shapley-20260606T031431Z-665a6646,shapley,baseline,A,True,True,6.0,6.0
1.2020856823240007,0.6997696076120649,0.7624767592975071,0.406485446861812,0.4449891448020935,5.297130584716797,1.076302409172058,0.5981548130512238,0.5981548130512238,0.3145959079265594,0.354448601603508,5.042263984680176,0.0948279544886594,0.8,9.688901040699997e-06,198,0.0719779999999445,13.222144899998966,5.0,5.0,0.0952505943354611,True,198,shapley-20260606T031431Z-665a6646,shapley,baseline,A,True,True,6.0,6.0
1.19020414352417,0.6858701024736676,0.745246912751879,0.3981684020587376,0.433848112821579,5.294812543051584,1.078611969947815,0.5980810821056366,0.5980810821056366,0.3145560473203659,0.3544062823057174,5.044912338256836,0.0952505943354611,0.8,9.688901040699997e-06,199,0.0650954999982786,13.287240399997245,5.0,5.0,0.0956997177180295,True,199,shapley-20260606T031431Z-665a6646,shapley,baseline,A,True,True,6.0,6.0
1.7484416621071952,1.7484416621071952,1.7484416791370936,0.9720507178987776,0.9704886760030474,4.676771664193699,1.5483014583587646,1.5483014583587646,1.54830139875412,0.8474738895893097,0.8760344386100769,28.23480033874512,0.0,0.8,0.001,0,0.251648200002819,0.251648200002819,50.0,5.0,0.0,True,0,shapley-20260606T031455Z-3053cd24,shapley,marginal,A,True,False,0.0,0.0
1.3952302592141288,1.3952302592141288,1.3952302932739258,0.768854422228677,0.7829698324203491,32.38483810424805,1.2653266191482544,1.2653266191482544,1.2653266787528992,0.6996339559555054,0.7071159183979034,38.8654842376709,0.0,0.8,0.001,1,0.0664442999986931,0.3180925000015122,50.0,5.0,0.0,True,1,shapley-20260606T031455Z-3053cd24,shapley,marginal,A,True,False,0.0,0.0
1.1935959202902655,1.1935959202902655,1.1935959202902655,0.6614711965833392,0.6651558790888105,42.55543027605329,1.095431923866272,1.095431923866272,1.095431923866272,0.6025071740150452,0.6161559224128723,51.58508491516113,0.0,0.8,0.001,2,0.0654856000001018,0.3835781000016141,50.0,5.0,0.0,True,2,shapley-20260606T031455Z-3053cd24,shapley,marginal,A,True,False,0.0,0.0
1.027786646570478,1.027786646570478,1.027786672115326,0.564132639339992,0.5795675090381077,54.82050486973354,0.953555464744568,0.953555464744568,0.9535555243492126,0.5212303996086121,0.5404064059257507,59.33583831787109,0.0,0.8,0.001,3,0.0633735999981581,0.4469516999997722,50.0,5.0,0.0,True,3,shapley-20260606T031455Z-3053cd24,shapley,marginal,A,True,False,0.0,0.0
0.915999948978424,0.915999948978424,0.915999948978424,0.5002951409135546,0.5196309983730316,60.83031518118722,0.8763124048709869,0.8763124048709869,0.8763124048709869,0.4789187163114548,0.4967420846223831,61.6223258972168,0.0,0.8,0.001,4,0.0613683000010496,0.5083200000008219,50.0,5.0,0.0,True,4,shapley-20260606T031455Z-3053cd24,shapley,marginal,A,True,False,0.0,0.0
0.849596517426627,0.849596517426627,0.8495965089116778,0.4633090027741023,0.4828593858650752,63.16807120186942,0.8192144632339478,0.8192144632339478,0.8192144930362701,0.4467566609382629,0.4655722677707672,64.29573440551758,0.0,0.8,0.001,5,0.0619294000025547,0.5702494000033766,50.0,5.0,0.0,True,5,shapley-20260606T031455Z-3053cd24,shapley,marginal,A,True,False,0.0,0.0
0.7890616485050747,0.7890616485050747,0.7890616485050747,0.4270684889384678,0.4524914366858346,66.22069658551898,0.7746828198432922,0.7746828198432922,0.7746828198432922,0.4208219051361084,0.4423261731863022,67.42884063720703,0.0,0.8,0.001,6,0.0603450000016891,0.6305944000050658,50.0,5.0,0.0,True,6,shapley-20260606T031455Z-3053cd24,shapley,marginal,A,True,False,0.0,0.0
0.7446560519082206,0.7446560519082206,0.7446560604231698,0.4013084939547947,0.4291844453130449,70.02057102748326,0.7403352558612823,0.7403352558612823,0.74033522605896,0.3995657414197922,0.4259618520736694,70.61360931396484,0.0,0.8,0.001,7,0.0591873999983363,0.6897818000034022,50.0,5.0,0.0,True,7,shapley-20260606T031455Z-3053cd24,shapley,marginal,A,True,False,0.0,0.0
0.7046965530940464,0.7046965530940464,0.7046965445790973,0.376533533845629,0.410203754901886,72.93504224504743,0.7114375233650208,0.7114375233650208,0.7114375233650208,0.381132960319519,0.4128806889057159,74.32451629638672,0.0,0.8,0.001,8,0.0596705000025394,0.7494523000059417,50.0,5.0,0.0,True,8,shapley-20260606T031455Z-3053cd24,shapley,marginal,A,True,False,0.0,0.0
0.6782416956765311,0.6782416956765311,0.6782416871615818,0.3612423624311174,0.3962491537843431,76.29309953962054,0.6873497664928436,0.6873497664928436,0.6873497664928436,0.3665259182453155,0.4010298103094101,77.03281021118164,0.0,0.8,0.001,9,0.0668408999990788,0.8162932000050205,50.0,5.0,0.0,True,9,shapley-20260606T031455Z-3053cd24,shapley,marginal,A,True,False,0.0,0.0
0.6504994801112584,0.6504994801112584,0.6504994715963092,0.3435779511928558,0.3836518824100494,78.91806248256138,0.6681570708751678,0.6681570708751678,0.6681571006774902,0.3546861410140991,0.3918386697769165,79.34091186523438,0.0,0.8,0.001,10,0.0661493000006885,0.882442500005709,50.0,5.0,0.001,True,10,shapley-20260606T031455Z-3053cd24,shapley,marginal,A,True,False,0.0,0.0
0.6996445996420724,0.6310337015560695,0.6310336930411202,0.3312034351485116,0.3747878202370235,68.61088453020368,0.7037621140480042,0.6542709767818451,0.6542709469795227,0.3471263796091079,0.3839306980371475,49.49115180969238,0.001,0.8,0.001,11,0.0594729000004008,0.9419154000061098,46.1864406779661,5.0,0.002,True,11,shapley-20260606T031455Z-3053cd24,shapley,marginal,A,True,False,0.0,0.0
0.6977291873523167,0.6255171298980713,0.6255171384130206,0.3286155504839761,0.371126971074513,36.10601997375488,0.6977096199989319,0.6448442041873932,0.6448442041873932,0.3405804187059402,0.3803297430276871,26.43270874023437,0.002,0.8,0.001,12,0.0597572999977273,1.0016727000038372,42.91338582677166,5.0,0.001,True,12,shapley-20260606T031455Z-3053cd24,shapley,marginal,A,True,False,0.0,0.0
0.6501951132501874,0.6190958448818752,0.6190958533968244,0.3237400821277073,0.3691947034427097,31.099265234810964,0.6685969531536102,0.6326641142368317,0.6326640844345093,0.3334278613328933,0.3740452826023102,35.93283462524414,0.001,0.8,0.001,13,0.0629332999997132,1.0646060000035504,40.0735294117647,5.0,0.0,True,13,shapley-20260606T031455Z-3053cd24,shapley,marginal,A,True,False,0.0,0.0
0.5892959407397679,0.5892959407397679,0.5892959407397679,0.3076819436890738,0.3520174835409437,42.4994877406529,0.6241419017314911,0.6241419017314911,0.6241419613361359,0.3278367072343826,0.3703815340995788,47.75261688232422,0.0,0.8,0.001,14,0.0639091000011831,1.1285151000047335,37.58620689655172,5.0,0.001,True,14,shapley-20260606T031455Z-3053cd24,shapley,marginal,A,True,False,0.0,0.0
0.6242174335888454,0.5759593333516803,0.5759593163217817,0.2983705486570085,0.3469859404223306,48.25809860229492,0.6560939848423004,0.6130737066268921,0.6130736768245697,0.3208808004856109,0.3652411103248596,43.020280838012695,0.001,0.8,0.001,15,0.0615723000009893,1.1900874000057229,35.3896103896104,5.0,0.002,True,15,shapley-20260606T031455Z-3053cd24,shapley,marginal,A,True,False,0.0,0.0
0.6402792079108102,0.5678573335920062,0.5678573250770569,0.294042306286948,0.3422687777451106,36.21094403948103,0.659244030714035,0.6053839921951294,0.6053839921951294,0.31651471555233,0.3610865771770477,26.93001747131348,0.002,0.8,0.001,16,0.0600421999988611,1.250129600004584,33.435582822085884,5.0,0.001,True,16,shapley-20260606T031455Z-3053cd24,shapley,marginal,A,True,False,0.0,0.0
0.5947709253856114,0.568107375076839,0.568107375076839,0.2941011701311384,0.3425077668258122,26.66354206630162,0.6254108846187592,0.5977561473846436,0.5977561473846436,0.3116286247968673,0.3576594293117523,27.654747009277344,0.001,0.8,0.001,17,0.0644356000011612,1.3145652000057453,31.68604651162791,5.0,0.0,True,17,shapley-20260606T031455Z-3053cd24,shapley,marginal,A,True,False,0.0,0.0
0.550611104284014,0.550611104284014,0.5506111127989632,0.2840654807431357,0.3331820411341531,33.68394034249442,0.5951337218284607,0.5951337218284607,0.5951337218284607,0.3094646483659744,0.3570863455533981,39.666669845581055,0.0,0.8,0.001,18,0.0622961999979452,1.3768614000036905,30.11049723756906,5.0,0.001,True,18,shapley-20260606T031455Z-3053cd24,shapley,marginal,A,True,False,0.0,0.0
0.5794285961559841,0.5379734720502581,0.5379734635353088,0.277176878282002,0.3259957517896379,41.45512880597796,0.6268364191055298,0.5874006450176239,0.5874006152153015,0.3049663454294204,0.3530428558588028,39.43578338623047,0.001,0.8,0.001,19,0.0613417999993544,1.438203200003045,28.684210526315788,5.0,0.002,True,19,shapley-20260606T031455Z-3053cd24,shapley,marginal,A,True,False,0.0,0.0
0.6012069497789655,0.5315651638167245,0.5315651553017753,0.2727696086679186,0.3234944258417402,34.82089342389788,0.637360543012619,0.5826074481010437,0.5826074481010437,0.3022350370883941,0.3504654914140701,27.376544952392575,0.002,0.8,0.001,20,0.0626556999995955,1.5008589000026404,27.38693467336684,5.0,0.0018961027902574,True,20,shapley-20260606T031455Z-3053cd24,shapley,marginal,A,True,False,0.0,0.0
0.5905582819666181,0.5415931173733303,0.5415931173733303,0.2780800291470119,0.3293913517679487,25.8241092136928,0.6273690760135651,0.5804642140865326,0.580464243888855,0.3006020337343216,0.349827766418457,24.73751449584961,0.0018961027902574,0.8,0.001,21,0.0624395000013464,1.563298400003987,26.20192307692308,5.0,0.0008961027902574,True,21,shapley-20260606T031455Z-3053cd24,shapley,marginal,A,True,False,0.0,0.0
0.559375890663692,0.5341573442731585,0.5341573442731585,0.2734595154012952,0.3258722807679857,28.14245659964425,0.6076459884643555,0.5794854462146759,0.5794854462146759,0.3002235889434814,0.3490772992372513,31.42558193206787,0.0008961027902574,0.8,0.001,22,0.0645337999994808,1.6278322000034675,25.11520737327189,5.0,0.0018961027902574,True,22,shapley-20260606T031455Z-3053cd24,shapley,marginal,A,True,False,0.0,0.0
0.5801333955356053,0.519792880330767,0.5197928888457162,0.2662344447204045,0.316948047706059,31.82344545636858,0.6268486082553864,0.5727488994598389,0.5727488994598389,0.2960285246372223,0.3459004610776901,28.532054901123047,0.0018961027902574,0.8,0.001,23,0.0635514999994484,1.6913837000029162,24.11504424778761,5.0,0.0028961027902574,True,23,shapley-20260606T031455Z-3053cd24,shapley,marginal,A,True,False,0.0,0.0
0.6006540826388768,0.5252066935811724,0.5252067020961216,0.2699910402297973,0.3190195645604815,26.051351274762837,0.6335930824279785,0.5706828236579895,0.5706828236579895,0.2949821352958679,0.3446258306503296,21.722386360168457,0.0028961027902574,0.8,0.001,24,0.0632429999968735,1.7546266999997897,23.191489361702125,5.0,0.0018961027902574,True,24,shapley-20260606T031455Z-3053cd24,shapley,marginal,A,True,False,0.0,0.0
0.5683023248400006,0.5239108034542629,0.5239108034542629,0.2687172676835741,0.3189919207777296,23.411979947771343,0.6158309578895569,0.5691796541213989,0.5691796541213989,0.2942128181457519,0.3437085598707199,24.60377311706543,0.0018961027902574,0.8,0.001,25,0.0664949999991222,1.821121699998912,22.33606557377049,5.0,0.0028961027902574,True,25,shapley-20260606T031455Z-3053cd24,shapley,marginal,A,True,False,0.0,0.0
0.5873353992189679,0.5137779414653778,0.5137779414653778,0.2626408423696245,0.3139213791915348,25.39877482822963,0.6354545652866364,0.5651765465736389,0.5651765465736389,0.2920044064521789,0.3414651900529861,24.26641273498535,0.0028961027902574,0.8,0.001,26,0.0621998000024177,1.8833215000013297,21.541501976284582,5.0,0.0038961027902574,True,26,shapley-20260606T031455Z-3053cd24,shapley,marginal,A,True,False,0.0,0.0
0.6015294534819466,0.512333197253091,0.5123332142829895,0.2627870397908347,0.3119327127933502,22.893712997436523,0.646333783864975,0.5668424367904663,0.5668424367904663,0.292837381362915,0.3425063490867615,20.402783393859863,0.0038961027902574,0.8,0.001,27,0.0629459000010683,1.946267400002398,20.80152671755725,5.0,0.0028961027902574,True,27,shapley-20260606T031455Z-3053cd24,shapley,marginal,A,True,False,0.0,0.0
0.5796327846390861,0.5176106691360474,0.5176106691360474,0.2653046548366546,0.3153825061661856,21.41571262904576,0.6285273432731628,0.5635148584842682,0.5635148584842682,0.2908834964036941,0.3407892137765884,22.448265075683597,0.0028961027902574,0.8,0.001,28,0.0610460999996576,2.007313500002056,20.11070110701107,5.0,0.0038961027902574,True,28,shapley-20260606T031455Z-3053cd24,shapley,marginal,A,True,False,0.0,0.0
0.5963854619434902,0.5086374878883362,0.5086374878883362,0.2600706986018589,0.31070847596441,22.521987915039062,0.6415038406848907,0.5597390234470367,0.5597390234470367,0.2882913798093796,0.3393095433712005,20.98630428314209,0.0038961027902574,0.8,0.001,29,0.0617836000019451,2.069097100004001,19.46428571428571,5.0,0.0048961027902574,True,29,shapley-20260606T031455Z-3053cd24,shapley,marginal,A,True,False,0.0,0.0
0.6124227898461478,0.5149435017790113,0.5149434975215367,0.2647170339311872,0.3127830709729876,19.90956905909947,0.6507217586040497,0.561370849609375,0.561370849609375,0.289232850074768,0.3401724696159363,18.249390602111816,0.0048961027902574,0.8,0.001,30,0.0606898000005458,2.129786900004546,18.858131487889278,5.0,0.0038961027902574,True,30,shapley-20260606T031455Z-3053cd24,shapley,marginal,A,True,False,0.0,0.0
0.5885560427393232,0.5104124248027802,0.5104124120303563,0.2612176984548569,0.3114933967590332,20.05686787196568,0.6393594741821289,0.5597992241382599,0.5597992539405823,0.2882215976715088,0.3394720405340194,20.42047119140625,0.0038961027902574,0.8,0.001,31,0.0610150000029534,2.1908019000075,18.288590604026847,5.0,0.0048961027902574,True,31,shapley-20260606T031455Z-3053cd24,shapley,marginal,A,True,False,0.0,0.0
0.6060838784490313,0.50667576278959,0.5066757457596915,0.2592532890183585,0.3092780836990901,20.303519657679967,0.6536064743995667,0.5623534321784973,0.5623534023761749,0.2902022153139114,0.3401890099048614,18.637889862060547,0.0048961027902574,0.8,0.001,32,0.061841099999583,2.252643000007083,17.752442996742666,5.0,0.0058961027902574,True,32,shapley-20260606T031455Z-3053cd24,shapley,marginal,A,True,False,0.0,0.0
0.6239189420427594,0.5157537545476641,0.5157537545476641,0.2649837817464556,0.3134624532290867,18.34520012991769,0.6655819714069366,0.565450519323349,0.565450519323349,0.2919227629899978,0.341909721493721,16.982654571533203,0.0058961027902574,0.8,0.001,33,0.0606556000020646,2.313298600009148,17.246835443037973,5.0,0.0048961027902574,True,33,shapley-20260606T031455Z-3053cd24,shapley,marginal,A,True,False,0.0,0.0
0.6046070541654315,0.5136757493019104,0.513675753559385,0.2643574689115797,0.3116478409085955,18.57217815944127,0.6568961143493652,0.5629186630249023,0.5629186630249023,0.2909057438373565,0.3400161564350128,19.19433307647705,0.0048961027902574,0.8,0.001,34,0.0657202999973378,2.3790189000064856,16.769230769230766,5.0,0.0058961027902574,True,34,shapley-20260606T031455Z-3053cd24,shapley,marginal,A,True,False,0.0,0.0
0.621979900768825,0.5107013412884304,0.5107013498033796,0.2614452540874481,0.311570120709283,18.873240334647043,0.665739119052887,0.5644048154354095,0.5644048154354095,0.291872575879097,0.3406653255224228,17.186662673950195,0.0058961027902574,0.8,0.001,35,0.0624000999996496,2.4414190000061358,16.317365269461078,5.0,0.0068961027902574,True,35,shapley-20260606T031455Z-3053cd24,shapley,marginal,A,True,False,0.0,0.0
0.6383982300758362,0.5211638041904995,0.5211637956755502,0.2672250696590968,0.3174234075205667,17.000098637172155,0.6740468740463257,0.559183806180954,0.5591837763786316,0.2885740548372268,0.338262140750885,16.656229972839355,0.0068961027902574,0.8,0.001,36,0.0614171999986865,2.502836200004822,15.889212827988338,5.0,0.0078961027902574,True,36,shapley-20260606T031455Z-3053cd24,shapley,marginal,A,True,False,0.0,0.0
0.6499166233198983,0.5177446007728577,0.5177446178027562,0.2663793180670057,0.3142066129616329,16.738892827715194,0.6864819824695587,0.5582851767539978,0.5582851767539978,0.2888832241296768,0.3367524147033691,16.23545265197754,0.0078961027902574,0.8,0.001,37,0.0680303999979514,2.5708666000027733,15.482954545454549,5.0,0.0088961027902574,True,37,shapley-20260606T031455Z-3053cd24,shapley,marginal,A,True,False,0.0,0.0
0.6599158218928746,0.5176553300448826,0.5176553385598319,0.2665303221770695,0.3139062523841858,15.991328375680109,0.6915287971496582,0.5580838620662689,0.5580838620662689,0.2877010554075241,0.3379784971475601,15.000380992889404,0.0088961027902574,0.8,0.001,38,0.0632769999974698,2.634143600000243,15.096952908587255,5.0,0.0079303836332788,True,38,shapley-20260606T031455Z-3053cd24,shapley,marginal,A,True,False,0.0,0.0
0.6412618500845773,0.5132371357509068,0.5132371357509068,0.2645815355437143,0.3108194896153041,16.14357021876744,0.6827698051929474,0.5575742721557617,0.5575742423534393,0.2874414920806885,0.3376659452915191,15.786818981170654,0.0079303836332788,0.8,0.001,39,0.0633904000023903,2.697534000002633,14.729729729729732,5.0,0.0089303836332788,True,39,shapley-20260606T031455Z-3053cd24,shapley,marginal,A,True,False,0.0,0.0
0.6574215974126544,0.5138617328235081,0.5138617328235081,0.2630460177149091,0.3135196353707994,16.075442586626327,0.6893307268619537,0.5573304891586304,0.5573305189609528,0.2876252084970474,0.3371316194534302,14.78102684020996,0.0089303836332788,0.8,0.001,40,0.059724400001869,2.7572584000045026,14.379947229551448,5.0,0.0099303836332788,True,40,shapley-20260606T031455Z-3053cd24,shapley,marginal,A,True,False,0.0,0.0
0.6704056007521493,0.5204813991274152,0.520481390612466,0.2684662171772548,0.3150189689227513,15.097522871834892,0.7004503011703491,0.5574744343757629,0.5574744641780853,0.2878086119890213,0.3370823264122009,14.397817611694336,0.0099303836332788,0.8,0.001,41,0.063474499998847,2.8207329000033496,14.046391752577314,5.0,0.0109303836332788,True,41,shapley-20260606T031455Z-3053cd24,shapley,marginal,A,True,False,0.0,0.0
0.6808139341218131,0.5212394680295672,0.5212394680295672,0.2680266627243587,0.3165160034384046,14.599164145333429,0.7073568403720856,0.5579248070716858,0.5579248070716858,0.2873710244894027,0.3381922543048858,13.67125368118286,0.0109303836332788,0.8,0.001,42,0.0625108999993244,2.883243800002674,13.727959697733,5.0,0.0103633234677775,True,42,shapley-20260606T031455Z-3053cd24,shapley,marginal,A,True,False,0.0,0.0
0.6732770885740008,0.519875705242157,0.5198756967272077,0.2669798518930162,0.3161197985921587,14.802335057939802,0.7043085992336273,0.556650310754776,0.556650310754776,0.2872956991195678,0.3366932570934295,14.24815845489502,0.0103633234677775,0.8,0.001,43,0.0664138000029197,2.949657600005594,13.423645320197046,5.0,0.0113633234677775,True,43,shapley-20260606T031455Z-3053cd24,shapley,marginal,A,True,False,0.0,0.0
0.6827720659119743,0.5171730731214795,0.5171730688640049,0.2668461714472089,0.3129086026123592,14.573112760271345,0.70516037940979,0.5559521317481995,0.5559521317481995,0.2865879982709884,0.3367051631212234,13.13068675994873,0.0113633234677775,0.8,0.001,44,0.0659620000005816,3.0156196000061755,13.132530120481931,5.0,0.0113448898624455,True,44,shapley-20260606T031455Z-3053cd24,shapley,marginal,A,True,False,0.0,0.0
0.6843317321368626,0.5252614787646702,0.5252614617347717,0.2709296005112784,0.3179148307868412,14.021312304905482,0.7083740234375,0.5535986423492432,0.5535986423492432,0.2852939069271087,0.3353809118270874,13.642738819122314,0.0113448898624455,0.8,0.001,45,0.0633352000004379,3.0789548000066134,12.85377358490566,5.0,0.0123448898624455,True,45,shapley-20260606T031455Z-3053cd24,shapley,marginal,A,True,False,0.0,0.0
0.6957276804106576,0.5213236553328378,0.5213236723627362,0.2692861301558358,0.3150469064712524,14.127627917698453,0.7139196991920471,0.5510311126708984,0.5510311126708984,0.2850237190723419,0.3325092047452926,13.194818019866943,0.0123448898624455,0.8,0.001,46,0.0646601000007649,3.1436149000073783,12.586605080831404,5.0,0.0133448898624455,True,46,shapley-20260606T031455Z-3053cd24,shapley,marginal,A,True,False,0.0,0.0
0.7092115112713405,0.5290694917951312,0.5290694832801819,0.2733440101146698,0.3196568318775722,13.498951639447894,0.7280090749263763,0.5523298382759094,0.5523298382759094,0.2849544286727905,0.3342192471027374,13.16453218460083,0.0133448898624455,0.8,0.001,47,0.0681474000011803,3.2117623000085587,12.33031674208145,5.0,0.0143448898624455,True,47,shapley-20260606T031455Z-3053cd24,shapley,marginal,A,True,False,0.0,0.0
0.7202947565487453,0.5301572765622821,0.5301572850772313,0.2754718703883035,0.3183567609105791,13.254718099321638,0.743036299943924,0.5533244013786316,0.5533244013786316,0.2849184721708298,0.335507407784462,13.225051403045654,0.0143448898624455,0.8,0.001,48,0.0665754999972705,3.278337800005829,12.084257206208427,5.0,0.0153448898624455,True,48,shapley-20260606T031455Z-3053cd24,shapley,marginal,A,True,False,0.0,0.0
0.7323773077556065,0.5294719764164516,0.5294719764164516,0.2747083689485277,0.3184545040130615,13.222989899771552,0.7405259013175964,0.5535849928855896,0.5535849928855896,0.2863472402095794,0.334047183394432,12.182615280151367,0.0153448898624455,0.8,0.001,49,0.0682364000022062,3.3465742000080354,11.847826086956523,5.0,0.0163448898624455,True,49,shapley-20260606T031455Z-3053cd24,shapley,marginal,A,True,False,0.0,0.0
0.7438024197305951,0.5390095966202872,0.539009588105338,0.2792538106441498,0.3246947186333792,12.529470988682338,0.7492030262947083,0.5493059158325195,0.5493059158325195,0.283059224486351,0.3328083455562591,12.229944705963137,0.0163448898624455,0.8,0.001,50,0.0627566999974078,3.4093309000054437,11.620469083155657,5.0,0.0173448898624455,True,50,shapley-20260606T031455Z-3053cd24,shapley,marginal,A,True,False,1.0,1.0
0.7548436692782811,0.5378686615398952,0.5378686700548444,0.2794542184897831,0.323018057005746,12.509449005126951,0.7663902044296265,0.5484496057033539,0.5484495759010315,0.2812076658010483,0.3340523988008499,12.56511688232422,0.0173448898624455,0.8,0.001,51,0.0616580999994766,3.47098900000492,11.40167364016736,5.0,0.0183448898624455,True,51,shapley-20260606T031455Z-3053cd24,shapley,marginal,A,True,False,1.0,1.0
0.7655894075121198,0.542239248752594,0.542239248752594,0.2816927007266453,0.3256831637450627,12.175060817173549,0.7757905721664429,0.5520699620246887,0.5520699322223663,0.283599242568016,0.3355883657932281,12.195255756378174,0.0183448898624455,0.8,0.001,52,0.0678345000014815,3.538823500006401,11.190965092402465,5.0,0.0193448898624455,True,52,shapley-20260606T031455Z-3053cd24,shapley,marginal,A,True,False,1.0,1.0
0.7798694372177124,0.5464192714009967,0.5464192543710981,0.2836788850171225,0.3284254670143127,12.067794936043876,0.7703610360622406,0.5509660542011261,0.5509660243988037,0.2824234664440155,0.3356782048940658,11.341236591339111,0.0193448898624455,0.8,0.001,53,0.0614427000000432,3.6002662000064447,10.987903225806448,5.0,0.0203448898624455,True,53,shapley-20260606T031455Z-3053cd24,shapley,marginal,A,True,False,1.0,1.0
0.7822948609079633,0.5439327784946987,0.5439327699797494,0.28334584406444,0.3257336616516113,11.716065543038503,0.7777882218360901,0.5553263127803802,0.5553263425827026,0.2866079956293106,0.3358978927135467,10.934534549713137,0.0203448898624455,0.8,0.001,54,0.0636030999994545,3.6638693000058993,10.792079207920786,5.0,0.0213448898624455,True,54,shapley-20260606T031455Z-3053cd24,shapley,marginal,A,True,False,1.0,1.0
0.799365256513868,0.5525544711521694,0.5525544626372201,0.2876144392149789,0.3311750207628522,11.562991959708077,0.7981106340885162,0.5553141534328461,0.5553141236305237,0.2870081961154938,0.3353824019432068,11.374922752380373,0.0213448898624455,0.8,0.001,55,0.0616732000016782,3.7255425000075775,10.603112840466927,5.0,0.0223448898624455,True,55,shapley-20260606T031455Z-3053cd24,shapley,marginal,A,True,False,1.0,1.0
0.8123364448547363,0.5605994803564889,0.5605994803564889,0.2932058104446956,0.3342420884541103,11.265975407191686,0.7951297461986542,0.5511402487754822,0.5511402487754822,0.2844042330980301,0.3334199786186218,10.91925287246704,0.0223448898624455,0.8,0.001,56,0.0640654000017093,3.789607900009287,10.42065009560229,5.0,0.0233448898624455,True,56,shapley-20260606T031455Z-3053cd24,shapley,marginal,A,True,False,1.0,1.0
0.8119917852537972,0.5528857367379325,0.5528857367379325,0.2889843881130218,0.3298766698156084,11.099048342023575,0.7970229387283325,0.5565411150455475,0.5565411448478699,0.2878904193639755,0.3358134031295776,10.301261901855469,0.0233448898624455,0.8,0.001,57,0.0694856000009167,3.859093500010204,10.244360902255636,5.0,0.0239138998584438,True,57,shapley-20260606T031455Z-3053cd24,shapley,marginal,A,True,False,1.0,1.0
0.8237570524215698,0.561180761882237,0.561180761882237,0.2939610523836953,0.3340246251651219,10.980069432939802,0.8073737919330597,0.5529676079750061,0.5529675781726837,0.285130426287651,0.3347964286804199,10.638422966003418,0.0239138998584438,0.8,0.001,58,0.0641347000018868,3.9232282000120895,10.073937153419593,5.0,0.0249138998584438,True,58,shapley-20260606T031455Z-3053cd24,shapley,marginal,A,True,False,1.0,1.0
0.8326250314712524,0.5647193193435669,0.5647193108286176,0.2957493620259421,0.3362124519688742,10.753262656075616,0.8152720928192139,0.5585920810699463,0.5585920810699463,0.2881634831428528,0.3380357325077057,10.302683353424072,0.0249138998584438,0.8,0.001,59,0.0652595999999903,3.9884878000120807,9.909090909090908,5.0,0.0259138998584438,True,59,shapley-20260606T031455Z-3053cd24,shapley,marginal,A,True,False,1.0,1.0
0.8427381089755467,0.56959616286414,0.5695961543491909,0.2985734854425703,0.3387783212321145,10.540364129202706,0.821601152420044,0.556818425655365,0.556818425655365,0.2874241918325424,0.3367427885532379,10.217787742614746,0.0259138998584438,0.8,0.001,60,0.0651763999994727,4.0536642000115535,9.749552772808585,5.0,0.0269138998584438,True,60,shapley-20260606T031455Z-3053cd24,shapley,marginal,A,True,False,1.0,1.0
0.8534470541136605,0.5706626602581569,0.5706626602581569,0.299125394650868,0.3394215745585305,10.50700160435268,0.8297522366046906,0.5574553608894348,0.5574553608894348,0.2887479960918426,0.3358842432498932,10.11733341217041,0.0269138998584438,0.8,0.001,61,0.0616036999999778,4.115267900011531,9.595070422535208,5.0,0.0279138998584438,True,61,shapley-20260606T031455Z-3053cd24,shapley,marginal,A,True,False,1.0,1.0
0.8694682547024318,0.581985090460096,0.581985090460096,0.305426435811179,0.3456983097961971,10.298925263541085,0.8290450572967529,0.5548977255821228,0.5548976957798004,0.2865272611379623,0.3354630619287491,9.821176052093506,0.0279138998584438,0.8,0.001,62,0.0646849999975529,4.179952900009084,9.44540727902946,5.0,0.0289138998584438,True,62,shapley-20260606T031455Z-3053cd24,shapley,marginal,A,True,False,1.0,1.0
0.8741934384618487,0.583603288446154,0.5836032969611031,0.3068208864756993,0.3459780003343309,10.05018847329276,0.8408016562461853,0.5615629255771637,0.5615629255771637,0.2913077175617218,0.3378189951181412,9.657595157623293,0.0289138998584438,0.8,0.001,63,0.0607056000008014,4.240658500009886,9.300341296928323,5.0,0.0299138998584438,True,63,shapley-20260606T031455Z-3053cd24,shapley,marginal,A,True,False,1.0,1.0
0.8821580580302647,0.5788677760532924,0.5788677760532924,0.3052066096237728,0.3420764548437936,10.138774190630231,0.8331172466278076,0.5591962337493896,0.559196263551712,0.2897567898035049,0.3367993384599685,9.156980514526367,0.0299138998584438,0.8,0.001,64,0.0619952000015473,4.302653700011433,9.15966386554622,5.0,0.0298870663482453,True,64,shapley-20260606T031455Z-3053cd24,shapley,marginal,A,True,False,1.0,1.0
0.8846934693200248,0.5868461217199054,0.5868461217199054,0.3087899386882782,0.3475702319826398,9.965760094778878,0.8498428165912628,0.5645040273666382,0.5645040273666382,0.2937365919351578,0.338459238409996,9.54723310470581,0.0298870663482453,0.8,0.001,65,0.0603980000014416,4.363051700012875,9.02317880794702,5.0,0.0308870663482453,True,65,shapley-20260606T031455Z-3053cd24,shapley,marginal,A,True,False,1.0,1.0
0.889542818069458,0.5856753247124808,0.5856753247124808,0.308443546295166,0.3465397145066942,9.838018008640834,0.8470003604888916,0.5600419342517853,0.5600419044494629,0.2903857082128525,0.3370702564716339,9.290568828582764,0.0308870663482453,0.8,0.001,66,0.062414500000159,4.425466200013034,8.890701468189235,5.0,0.0318870663482453,True,66,shapley-20260606T031455Z-3053cd24,shapley,marginal,A,True,False,1.0,1.0
0.8982621771948678,0.5886684911591666,0.5886684911591666,0.3098664964948381,0.3485024912016732,9.709068025861468,0.846915990114212,0.5603978633880615,0.5603978335857391,0.2898160964250564,0.3382271528244018,8.985403537750244,0.0318870663482453,0.8,0.001,67,0.0628725000024132,4.488338700015447,8.762057877813504,5.0,0.0328870663482453,True,67,shapley-20260606T031455Z-3053cd24,shapley,marginal,A,True,False,1.0,1.0
0.909675249031612,0.5983292460441589,0.5983292545591082,0.3155332548277719,0.3534950060503823,9.467125756399971,0.8581518232822418,0.5617503821849823,0.5617503821849823,0.2916892319917679,0.3375764340162277,9.012704372406006,0.0328870663482453,0.8,0.001,68,0.0620545000019774,4.5503932000174245,8.637083993660859,5.0,0.0338870663482453,True,68,shapley-20260606T031455Z-3053cd24,shapley,marginal,A,True,False,1.0,1.0
0.9191572325570244,0.596420441355024,0.5964204498699733,0.3142519891262054,0.3527105620929173,9.523893083844866,0.8702353239059448,0.5579824447631836,0.557982474565506,0.28951096534729,0.3355893641710281,9.214515209197998,0.0338870663482453,0.8,0.001,69,0.0673487999993085,4.617742000016733,8.515625,5.0,0.0348870663482453,True,69,shapley-20260606T031455Z-3053cd24,shapley,marginal,A,True,False,1.0,1.0
0.9226850356374467,0.5978735940796989,0.5978735940796989,0.315782116992133,0.3526143303939274,9.310368129185267,0.8771488666534424,0.570056676864624,0.570056676864624,0.296736016869545,0.3416508287191391,8.802464962005615,0.0348870663482453,0.8,0.001,70,0.060908900002687,4.67865090001942,8.397534668721107,5.0,0.0358870663482453,True,70,shapley-20260606T031455Z-3053cd24,shapley,marginal,A,True,False,2.0,2.0
0.9432261330740792,0.6151366574423653,0.6151366574423653,0.3270674347877502,0.3600865176745823,9.142276355198453,0.8849212825298309,0.5652554035186768,0.5652554035186768,0.2941203564405441,0.3389188051223755,8.907550811767578,0.0358870663482453,0.8,0.001,71,0.06053890000112,4.73918980002054,8.282674772036472,5.0,0.0368870663482453,True,71,shapley-20260606T031455Z-3053cd24,shapley,marginal,A,True,False,2.0,2.0
0.9520330684525626,0.606377865586962,0.6063778911318097,0.3207490571907588,0.3570360243320465,9.370634487697057,0.8688497245311737,0.5666745603084564,0.5666745603084564,0.2942816168069839,0.3404911458492279,8.191900253295898,0.0368870663482453,0.8,0.001,72,0.0675134999983129,4.806703300018853,8.170914542728639,5.0,0.0370969234539179,True,72,shapley-20260606T031455Z-3053cd24,shapley,marginal,A,True,False,2.0,2.0
0.9454330716814312,0.6108869399343219,0.6108869314193726,0.3229956754616329,0.359864068882806,9.018163544791085,0.8774426281452179,0.5684100985527039,0.5684100985527039,0.2954256534576416,0.3412305265665054,8.330408573150635,0.0370969234539179,0.8,0.001,73,0.0616693000010855,4.8683726000199385,8.062130177514796,5.0,0.0380969234539179,True,73,shapley-20260606T031455Z-3053cd24,shapley,marginal,A,True,False,2.0,2.0
0.947904518672398,0.6110918862479073,0.6110918947628566,0.3246917128562927,0.3580002018383571,8.840940339224678,0.8762974441051483,0.5578031539916992,0.5578031539916992,0.2889295071363449,0.336092084646225,8.360105514526367,0.0380969234539179,0.8,0.001,74,0.0667235999972035,4.935096200017142,7.956204379562045,5.0,0.0390969234539179,True,74,shapley-20260606T031455Z-3053cd24,shapley,marginal,A,True,False,2.0,2.0
0.949777432850429,0.6075454269136701,0.6075454183987209,0.322545336825507,0.3562500860009874,8.753426279340472,0.8752859532833099,0.5621156692504883,0.5621156394481659,0.2921832352876663,0.3374155014753341,8.010100841522217,0.0390969234539179,0.8,0.001,75,0.068240100001276,5.003336300018418,7.853025936599423,5.0,0.0400969234539179,True,75,shapley-20260606T031455Z-3053cd24,shapley,marginal,A,True,False,2.0,2.0
0.961047853742327,0.6140802162034171,0.6140802162034171,0.3252775967121124,0.361003258398601,8.653223446437291,0.8953320384025574,0.5606657266616821,0.5606657266616821,0.2922174632549286,0.3355603367090225,8.34643268585205,0.0400969234539179,0.8,0.001,76,0.0609667999997327,5.064303100018151,7.752489331436699,5.0,0.0410969234539179,True,76,shapley-20260606T031455Z-3053cd24,shapley,marginal,A,True,False,2.0,2.0
0.96280585868018,0.6145393933568682,0.6145394103867667,0.3243521792548043,0.3627340154988425,8.47427122933524,0.8992510735988617,0.5659459829330444,0.5659459829330444,0.2939268052577972,0.3400239795446396,8.110220193862915,0.0410969234539179,0.8,0.001,77,0.0621336999975028,5.126436800015654,7.65449438202247,5.0,0.0420969234539179,True,77,shapley-20260606T031455Z-3053cd24,shapley,marginal,A,True,False,2.0,2.0
0.9837201067379544,0.6277127351079669,0.6277127351079669,0.3338149062224796,0.3673722914287022,8.456849779401507,0.9053746461868286,0.5621595978736877,0.5621595978736877,0.29210165143013,0.3375723958015442,8.152972221374512,0.0420969234539179,0.8,0.001,78,0.0632820999999239,5.189718900015578,7.558945908460473,5.0,0.0430969234539179,True,78,shapley-20260606T031455Z-3053cd24,shapley,marginal,A,True,False,2.0,2.0
0.9891897439956664,0.6258409363882882,0.6258409363882882,0.3323395890848977,0.3668766788073948,8.430968829563685,0.9257846474647522,0.5632345676422119,0.5632345676422119,0.2925482839345932,0.3383578658103943,8.41243600845337,0.0430969234539179,0.8,0.001,79,0.0596775000012712,5.249396400016849,7.465753424657535,5.0,0.0440969234539179,True,79,shapley-20260606T031455Z-3053cd24,shapley,marginal,A,True,False,2.0,2.0
0.9992183702332632,0.6326813186917987,0.6326813272067479,0.3368128069809505,0.3698356364454542,8.312077113560267,0.9097982943058014,0.5643562078475952,0.5643562078475952,0.2936044037342071,0.3384397774934768,7.833700180053711,0.0440969234539179,0.8,0.001,80,0.0636859000005642,5.313082300017413,7.374830852503379,5.0,0.0450969234539179,True,80,shapley-20260606T031455Z-3053cd24,shapley,marginal,A,True,False,2.0,2.0
1.0070479341915677,0.631130542073931,0.631130542073931,0.3350836847509656,0.3700585833617619,8.335766111101423,0.9154996871948242,0.5663783550262451,0.5663783550262451,0.2948073595762253,0.3394637256860733,7.741577863693237,0.0450969234539179,0.8,0.001,81,0.0596274000017729,5.372709700019186,7.286096256684488,5.0,0.0460969234539179,True,81,shapley-20260606T031455Z-3053cd24,shapley,marginal,A,True,False,2.0,2.0
1.0115016102790833,0.6406583871160235,0.6406583871160235,0.340896304164614,0.3747026026248932,8.044857910701207,0.907180666923523,0.5695491135120392,0.5695491135120392,0.2966344207525253,0.3411433696746826,7.324383974075317,0.0460969234539179,0.8,0.001,82,0.0616956000012578,5.434405300020444,7.199471598414796,5.0,0.0470969234539179,True,82,shapley-20260606T031455Z-3053cd24,shapley,marginal,A,True,False,2.0,2.0
1.018484285899571,0.6415972879954747,0.6415972709655762,0.3433475026062557,0.3728121987410954,8.002369676317487,0.9206607937812804,0.5695744752883911,0.5695744454860687,0.2985002845525741,0.3388427197933197,7.454548597335815,0.0470969234539179,0.8,0.001,83,0.0591399000004457,5.49354520002089,7.114882506527415,5.0,0.0480969234539179,True,83,shapley-20260606T031455Z-3053cd24,shapley,marginal,A,True,False,2.0,2.0
1.0216760805674965,0.6417735900197711,0.6417735900197711,0.3431187825543539,0.3733185146536146,7.89868552344186,0.9393783807754515,0.5672723650932312,0.5672723650932312,0.2960498183965683,0.3390282094478607,7.736586093902588,0.0480969234539179,0.8,0.001,84,0.0635036999992735,5.557048900020163,7.032258064516128,5.0,0.0490969234539179,True,84,shapley-20260606T031455Z-3053cd24,shapley,marginal,A,True,False,2.0,2.0
1.0408998216901506,0.6612465466771807,0.6612465466771807,0.3542952282088144,0.3836891395705087,7.732730456760952,0.955865740776062,0.5700161457061768,0.5700161457061768,0.2978635728359222,0.3401907235383987,7.858936548233032,0.0490969234539179,0.8,0.001,85,0.0597922999986622,5.6168412000188255,6.951530612244902,5.0,0.0500969234539179,True,85,shapley-20260606T031455Z-3053cd24,shapley,marginal,A,True,False,2.0,2.0
1.0473356757845198,0.6548569798469543,0.6548569883619036,0.3498235004288809,0.3812918450151171,7.834387506757464,0.9363849759101868,0.574348658323288,0.574348658323288,0.300455167889595,0.3423668444156647,7.226718425750732,0.0500969234539179,0.8,0.001,86,0.0627965000021504,5.679637700020976,6.872635561160152,5.0,0.0510969234539179,True,86,shapley-20260606T031455Z-3053cd24,shapley,marginal,A,True,False,2.0,2.0
1.0512935604367937,0.6518222859927586,0.6518222689628601,0.3487588763236999,0.3788292407989502,7.817912374223981,0.9354296922683716,0.5734447538852692,0.5734447538852692,0.2995666265487671,0.3423476368188858,7.084280490875244,0.0510969234539179,0.8,0.001,87,0.0622307999983604,5.741868500019336,6.795511221945134,5.0,0.0520969234539179,True,87,shapley-20260606T031455Z-3053cd24,shapley,marginal,A,True,False,2.0,2.0
1.0585052456174575,0.6661279371806553,0.6661279286657061,0.3562985360622406,0.3872867226600647,7.531679630279541,0.939379870891571,0.5720807313919067,0.5720807313919067,0.2985077351331711,0.3419662863016128,7.050304412841797,0.0520969234539179,0.8,0.001,88,0.061803399999917,5.803671900019253,6.720098643649813,5.0,0.0530969234539179,True,88,shapley-20260606T031455Z-3053cd24,shapley,marginal,A,True,False,2.0,2.0
1.067170262336731,0.6616112164088658,0.6616111993789673,0.35347324184009,0.3851724522454398,7.638089043753488,0.9539577960968018,0.570123553276062,0.570123553276062,0.2986234426498413,0.3393751233816147,7.228936195373535,0.0530969234539179,0.8,0.001,89,0.0610914999997476,5.864763400019001,6.646341463414636,5.0,0.0540969234539179,True,89,shapley-20260606T031455Z-3053cd24,shapley,marginal,A,True,False,2.0,2.0
1.0162288972309657,0.617111154964992,0.6664820143154689,0.357044517993927,0.3867968491145542,7.377827167510986,0.9713143110275269,0.5714609324932098,0.5714609324932098,0.2977122217416763,0.3421858996152878,7.391426086425781,0.0540969234539179,0.8,0.001,90,0.0728853000000526,5.937648700019054,6.57418576598311,5.0,0.0550969234539179,True,90,shapley-20260606T031455Z-3053cd24,shapley,marginal,A,True,True,3.0,3.0
1.0209343433380127,0.6051137277058193,0.6552605288369315,0.347781057868685,0.3843493206160409,7.547074726649693,0.9454784393310548,0.575469434261322,0.575469434261322,0.3000079989433288,0.3443267941474914,6.715601921081543,0.0550969234539179,0.8,0.001,91,0.0640512999998463,6.0017000000189,6.503579952267302,5.0,0.0560969234539179,True,91,shapley-20260606T031455Z-3053cd24,shapley,marginal,A,True,True,3.0,3.0
1.04500755241939,0.633327739579337,0.6797053728784833,0.3632840131010328,0.3955266858850206,7.338723387037005,0.978918731212616,0.5755842626094818,0.5755842626094818,0.2997581213712692,0.344782680273056,7.189956903457642,0.0560969234539179,0.8,0.001,92,0.064366800001153,6.066066800020053,6.434474616292796,5.0,0.0570969234539179,True,92,shapley-20260606T031455Z-3053cd24,shapley,marginal,A,True,True,3.0,3.0
1.0406463827405656,0.6244122896875653,0.6732573338917324,0.3585121631622314,0.3934314719268253,7.289956637791225,0.974073886871338,0.5738981068134308,0.5738981068134308,0.2993415892124176,0.3431956470012665,7.008709669113159,0.0570969234539179,0.8,0.001,93,0.0643249000022478,6.130391700022301,6.3668224299065415,5.0,0.0580969234539179,True,93,shapley-20260606T031455Z-3053cd24,shapley,marginal,A,True,True,3.0,3.0
1.0491240535463606,0.6253491725240435,0.6754525985036578,0.3588992229529789,0.3956917226314544,7.294274125780378,0.9696025252342224,0.5812574625015259,0.5812574625015259,0.3038280010223388,0.3467868268489837,6.684434652328491,0.0580969234539179,0.8,0.001,94,0.0697756999979901,6.200167400020291,6.300578034682083,5.0,0.0590969234539179,True,94,shapley-20260606T031455Z-3053cd24,shapley,marginal,A,True,True,3.0,3.0
1.0515224082129342,0.6245393412453788,0.6736325536455426,0.360076836177281,0.391944625547954,7.225131579807827,0.9757252633571624,0.5773991346359253,0.5773991048336029,0.3017096221446991,0.3446118384599685,6.740217447280884,0.0590969234539179,0.8,0.001,95,0.0632478999978047,6.263415300018096,6.235697940503435,5.0,0.0600969234539179,True,95,shapley-20260606T031455Z-3053cd24,shapley,marginal,A,True,True,3.0,3.0
1.058182954788208,0.6360426800591605,0.6863831792558942,0.3658807022230966,0.4006280899047851,7.02432428087507,0.9785734713077544,0.5767860114574432,0.5767860114574432,0.3004039973020553,0.3454775065183639,6.685657978057861,0.0600969234539179,0.8,0.001,96,0.0654112999982317,6.328826600016328,6.172140430351078,5.0,0.0610969234539179,True,96,shapley-20260606T031455Z-3053cd24,shapley,marginal,A,True,True,3.0,3.0
1.0713748591286796,0.6436124784605843,0.693462610244751,0.3701233991554805,0.4041740085397448,7.001373291015625,0.9965046644210817,0.5902551412582397,0.5902551114559174,0.3095526248216629,0.3508780747652054,6.649262428283691,0.0610969234539179,0.8,0.001,97,0.0652187000014237,6.394045300017751,6.109865470852014,5.0,0.0620969234539179,True,97,shapley-20260606T031455Z-3053cd24,shapley,marginal,A,True,True,3.0,3.0
1.067786591393607,0.6422594445092338,0.6940232259886605,0.369355993611472,0.4058340404714857,6.85262850352696,0.9971120357513428,0.5847913026809692,0.5847913026809692,0.3048420250415802,0.3499365895986557,6.6399548053741455,0.0620969234539179,0.8,0.001,98,0.0691608999986783,6.46320620001643,6.048834628190896,5.0,0.0630969234539179,True,98,shapley-20260606T031455Z-3053cd24,shapley,marginal,A,True,True,3.0,3.0
1.0795151165553505,0.6471797909055438,0.6985020041465759,0.3721533460276467,0.4079358237130301,6.85192380632673,0.987706422805786,0.5821686387062073,0.5821686387062073,0.3040446788072586,0.3476549237966537,6.427219867706299,0.0630969234539179,0.8,0.001,99,0.0657918999968387,6.528998100013268,5.989010989010993,5.0,0.0640969234539179,True,99,shapley-20260606T031455Z-3053cd24,shapley,marginal,A,True,True,3.0,3.0
1.082750950540815,0.6411931599889483,0.6925026008061,0.3678349724837711,0.4058345087936946,6.888908386230469,0.9817751049995422,0.5916596949100494,0.5916596949100494,0.3093968629837036,0.3528285026550293,6.086336374282837,0.0640969234539179,0.8,0.001,100,0.0680503000003227,6.597048400013591,5.930359085963005,5.0,0.0650969234539179,True,100,shapley-20260606T031455Z-3053cd24,shapley,marginal,A,True,True,3.0,3.0
1.0968040057591029,0.6610819612230573,0.7124002235276359,0.3793626001902989,0.4162970185279846,6.693435532706125,1.033432126045227,0.5851737260818481,0.5851737260818481,0.3065458238124847,0.3482848554849624,6.88601541519165,0.0650969234539179,0.8,0.001,101,0.0689409999977215,6.665989400011313,5.872844827586206,5.0,0.0660969234539179,True,101,shapley-20260606T031455Z-3053cd24,shapley,marginal,A,True,True,3.0,3.0
1.0993409497397286,0.6568715487207685,0.7068814805575779,0.3801744111946651,0.4083838335105351,6.69425106048584,1.0154881477355957,0.5914545059204102,0.5914545059204102,0.3103276193141937,0.3514086306095123,6.41533088684082,0.0660969234539179,0.8,0.001,102,0.0628144000002066,6.728803800011519,5.81643543223052,5.0,0.0670969234539179,True,102,shapley-20260606T031455Z-3053cd24,shapley,marginal,A,True,True,3.0,3.0
1.0983162777764457,0.6581822889191764,0.7093991892678397,0.38099262544087,0.4105081941400255,6.559674263000488,0.9978434443473816,0.5911433696746826,0.5911433696746826,0.3086150586605072,0.3531603813171386,6.061381816864014,0.0670969234539179,0.8,0.001,103,0.0654357999992498,6.794239600010769,5.761099365750525,5.0,0.0680969234539179,True,103,shapley-20260606T031455Z-3053cd24,shapley,marginal,A,True,True,3.0,3.0
1.1072117601122176,0.6572380406515939,0.7095511640821185,0.3776355556079319,0.4148945127214704,6.607842445373535,1.0072446465492249,0.5859915912151337,0.5859915912151337,0.3064678907394409,0.3494046479463577,6.186080455780029,0.0680969234539179,0.8,0.001,104,0.0696868999984872,6.863926500009256,5.706806282722511,5.0,0.0690969234539179,True,104,shapley-20260606T031455Z-3053cd24,shapley,marginal,A,True,True,3.0,3.0
1.1179831198283603,0.6652799759592328,0.7168012772287641,0.3838446353163038,0.4161958183561052,6.551711968013218,1.0195657014846802,0.5955603420734406,0.5955603718757629,0.3119442611932754,0.3545201122760772,6.136385917663574,0.0690969234539179,0.8,0.001,105,0.0789881000018795,6.942914600011136,5.65352697095436,5.0,0.0700969234539179,True,105,shapley-20260606T031455Z-3053cd24,shapley,marginal,A,True,True,3.0,3.0
1.119989139693124,0.6694117699350629,0.7208451202937535,0.3863235754626138,0.4181519193308694,6.427919319697788,1.0126320123672483,0.5936693549156189,0.5936693847179413,0.3119382560253143,0.3521639257669449,5.976904392242432,0.0700969234539179,0.8,0.001,106,0.0732115999999223,7.016126200011058,5.601233299075027,5.0,0.0710969234539179,True,106,shapley-20260606T031455Z-3053cd24,shapley,marginal,A,True,True,3.0,3.0
1.122834989002773,0.6731884138924735,0.72440619128091,0.3888569176197052,0.4194365739822387,6.324416364942278,1.0244531631469729,0.594986617565155,0.594986617565155,0.3118318319320678,0.3539434373378753,6.040578365325928,0.0710969234539179,0.8,0.001,107,0.0686231999970914,7.08474940000815,5.549898167006106,5.0,0.0720969234539179,True,107,shapley-20260606T031455Z-3053cd24,shapley,marginal,A,True,True,3.0,3.0
1.1289324079241072,0.6780104211398533,0.7291014790534973,0.3916313137326921,0.4218376960073198,6.254385880061558,1.0336197018623352,0.5956870317459106,0.595687061548233,0.3131455481052398,0.3531769067049026,6.074220895767212,0.0720969234539179,0.8,0.001,108,0.0664587999999639,7.151208200008114,5.499495459132191,5.0,0.0730969234539179,True,108,shapley-20260606T031455Z-3053cd24,shapley,marginal,A,True,True,3.0,3.0
1.1456798485347204,0.6835883685520717,0.7311060513768878,0.3942778025354658,0.4210353110517774,6.321627140045166,1.0482569932937622,0.602013885974884,0.602013885974884,0.3163888305425644,0.3570313155651092,6.104813575744629,0.0730969234539179,0.8,0.001,109,0.0654489000007743,7.216657100008888,5.450000000000003,5.0,0.0740969234539179,True,109,shapley-20260606T031455Z-3053cd24,shapley,marginal,A,True,True,3.0,3.0
1.140591382980347,0.6814353380884443,0.7306919864245823,0.3921169681208474,0.4232187441417149,6.196694714682443,1.0202540755271912,0.6029037833213806,0.6029037833213806,0.3177533596754074,0.3564380556344986,5.63249135017395,0.0740969234539179,0.8,0.001,110,0.064107199999853,7.280764300008741,5.401387512388503,5.0,0.0750969234539179,True,110,shapley-20260606T031455Z-3053cd24,shapley,marginal,A,True,True,4.0,4.0
1.1360125371388026,0.678851238318852,0.7298941612243652,0.3911082105977194,0.4234824223177774,6.087617124829974,1.03248393535614,0.6008808612823486,0.6008808314800262,0.3159145414829254,0.3562078773975372,5.7472803592681885,0.0750969234539179,0.8,0.001,111,0.0641969999996945,7.3449613000084355,5.353634577603145,5.0,0.0760969234539179,True,111,shapley-20260606T031455Z-3053cd24,shapley,marginal,A,True,True,4.0,4.0
1.159847361700875,0.6973612478801182,0.7475701144763401,0.4016304782458714,0.4324245495455606,6.077592849731445,1.035957396030426,0.5995603203773499,0.5995603203773499,0.3154116719961166,0.3551858067512512,5.734753131866455,0.0760969234539179,0.8,0.001,112,0.0653927999992447,7.41035410000768,5.306718597857838,5.0,0.0770969234539179,True,112,shapley-20260606T031455Z-3053cd24,shapley,marginal,A,True,True,4.0,4.0
1.1442020790917533,0.6786603842462812,0.7297370433807373,0.3912484347820282,0.4231107447828565,6.038395472935268,1.0193371176719666,0.60211580991745,0.60211580991745,0.3172547817230224,0.3560762703418731,5.411646842956543,0.0770969234539179,0.8,0.001,113,0.0695645999985572,7.479918700006237,5.260617760617762,5.0,0.0780969234539179,True,113,shapley-20260606T031455Z-3053cd24,shapley,marginal,A,True,True,4.0,4.0
1.1578357560294017,0.6987765175955636,0.7507071835654122,0.401386158806937,0.4366512639181955,5.878070490700858,1.0435127019882202,0.6061140298843384,0.6061140298843384,0.3189773112535476,0.3589208722114563,5.600715160369873,0.0780969234539179,0.8,0.001,114,0.0651752000012493,7.545093900007487,5.215311004784688,5.0,0.0790969234539179,True,114,shapley-20260606T031455Z-3053cd24,shapley,marginal,A,True,True,4.0,4.0
1.1713166407176427,0.7128768733569554,0.7625106743403843,0.4099122626440866,0.440748006105423,5.795924459184919,1.0998313426971436,0.6083601415157318,0.6083601415157318,0.3201097697019577,0.3603129535913467,6.213531255722046,0.0790969234539179,0.8,0.001,115,0.064930300002743,7.61002420001023,5.170777988614802,5.0,0.0800969234539179,True,115,shapley-20260606T031455Z-3053cd24,shapley,marginal,A,True,True,4.0,4.0
1.1887250627790178,0.6974853106907436,0.7502060277121407,0.4007748407976968,0.436788980449949,6.133066517966134,1.0222666263580322,0.6048808097839355,0.6048808395862579,0.3182977437973022,0.3582288473844528,5.211009979248047,0.0800969234539179,0.8,0.001,116,0.0661626000000978,7.676186800010328,5.126999059266225,5.0,0.0809370326537361,True,116,shapley-20260606T031455Z-3053cd24,shapley,marginal,A,True,True,4.0,4.0
1.184372101511274,0.7085996866226196,0.760212276663099,0.4090775336538042,0.4389184330190931,5.878302846636091,1.0809270143508911,0.611868679523468,0.611868679523468,0.3237327486276626,0.3601699322462082,5.795348882675171,0.0809370326537361,0.8,0.001,117,0.0685436999992816,7.744730500009609,5.083955223880601,5.0,0.0819370326537361,True,117,shapley-20260606T031455Z-3053cd24,shapley,marginal,A,True,True,4.0,4.0
1.1862279517310006,0.7047181384904044,0.7558388795171466,0.4056907211031232,0.4376851788588932,5.876583644321987,1.0747218132019043,0.6104305982589722,0.6104306280612946,0.3219936043024063,0.36054627597332,5.666439056396484,0.0819370326537361,0.8,0.001,118,0.0697784000003594,7.814508900009969,5.04162812210916,5.0,0.0829370326537361,True,118,shapley-20260606T031455Z-3053cd24,shapley,marginal,A,True,True,4.0,4.0
1.1858932290758406,0.710651091166905,0.7620818359511239,0.4106848282473428,0.4392462415354592,5.730156421661377,1.0502407550811768,0.6087131500244141,0.6087131500244141,0.3203758299350738,0.3604216277599334,5.323648691177368,0.0829370326537361,0.8,0.001,119,0.0650805000004766,7.879589400010445,5.0,5.0,0.0839370326537361,True,119,shapley-20260606T031455Z-3053cd24,shapley,marginal,A,True,True,4.0,4.0
1.1977451699120658,0.7119046023913792,0.7628033246312823,0.4109195045062473,0.4398547666413443,5.788154806409564,1.0460816025733948,0.6142511367797852,0.6142511367797852,0.3243678212165832,0.3623541444540024,5.14469575881958,0.0839370326537361,0.8,0.001,120,0.066526700000395,7.94611610001084,5.0,5.0,0.0853839902419319,True,120,shapley-20260606T031455Z-3053cd24,shapley,marginal,A,True,True,4.0,4.0
1.198524934904916,0.72719806432724,0.7808057410376412,0.4181285926273891,0.4533464142254421,5.52008513041905,1.0565696358680725,0.6116591095924377,0.6116591095924377,0.3227045983076095,0.3611931353807449,5.210702180862427,0.0853839902419319,0.8,0.001,121,0.071318300000712,8.017434400011552,5.0,5.0,0.0874910120505562,True,121,shapley-20260606T031455Z-3053cd24,shapley,marginal,A,True,True,4.0,4.0
1.2178324120385309,0.7196419324193682,0.7720470173018319,0.4138362407684326,0.4477634642805372,5.694190093449184,1.055327594280243,0.6117750406265259,0.6117750704288483,0.323101207613945,0.360842302441597,5.069692850112915,0.0874910120505562,0.8,0.001,122,0.0704984000003605,8.087932800011913,5.0,5.0,0.0881879405516853,True,122,shapley-20260606T031455Z-3053cd24,shapley,marginal,A,True,True,4.0,4.0
1.2317084755216323,0.7485480989728656,0.7990468995911735,0.4288183833871569,0.4627856356757028,5.478757722037179,1.1124855279922483,0.6155189573764801,0.6155189573764801,0.325628325343132,0.3623632490634918,5.635312557220459,0.0881879405516853,0.8,0.001,123,0.0641609000012977,8.15209370001321,5.0,5.0,0.0945410661238899,True,123,shapley-20260606T031455Z-3053cd24,shapley,marginal,A,True,True,4.0,4.0
1.263843025479998,0.757804104260036,0.8081934452056885,0.4377564745289938,0.4630461973803384,5.352582999638149,1.072749137878418,0.6335123479366302,0.6335123479366302,0.3378261625766754,0.3696077316999435,4.645989656448364,0.0945410661238899,0.8,0.001,124,0.0653680999967036,8.217461800009914,5.0,5.0,0.0910009626883736,True,124,shapley-20260606T031455Z-3053cd24,shapley,marginal,A,True,True,4.0,4.0
1.243506976536342,0.7505066479955401,0.7999434045382908,0.4329749430928911,0.458710572549275,5.417528697422573,1.0855605006217957,0.627156674861908,0.627156674861908,0.3336713314056396,0.3668566793203354,5.037351608276367,0.0910009626883736,0.8,0.001,125,0.0646721999983128,8.282134000008227,5.0,5.0,0.0913744787711372,True,125,shapley-20260606T031455Z-3053cd24,shapley,marginal,A,True,True,4.0,4.0
1.2447186538151331,0.763116078717368,0.8149101393563407,0.438999388899122,0.4698884274278368,5.270646435873849,1.11516010761261,0.6192469000816345,0.6192469000816345,0.3273772746324539,0.3648369908332824,5.427261829376221,0.0913744787711372,0.8,0.0007,126,0.0660988999989058,8.348232900007133,5.0,5.0,0.0956470970648994,True,126,shapley-20260606T031455Z-3053cd24,shapley,marginal,A,True,True,4.0,4.0
1.2605626242501395,0.7357309290340969,0.7857478771890912,0.4241698341710226,0.4519725314208439,5.48716824395316,1.0891964435577393,0.6264185607433319,0.6264185905456543,0.3319626301527023,0.3680699169635772,4.838389158248901,0.0956470970648994,0.8,0.0007,127,0.0651079999988724,8.413340900006006,5.0,5.0,0.0940309886473884,True,127,shapley-20260606T031455Z-3053cd24,shapley,marginal,A,True,True,4.0,4.0
1.2380268573760986,0.7359743203435626,0.7879776188305446,0.4259382486343384,0.4525492063590458,5.339224066053118,1.1051426529884338,0.619581937789917,0.619581937789917,0.3286803662776947,0.3636269569396972,5.16383695602417,0.0940309886473884,0.8,0.0007,128,0.0682828000026347,8.48162370000864,5.0,5.0,0.0956693582076301,True,128,shapley-20260606T031455Z-3053cd24,shapley,marginal,A,True,True,4.0,4.0
1.2322474036897932,0.742209894316537,0.7953645586967468,0.4286391522203173,0.4584067463874817,5.122199126652309,1.0723455548286438,0.6192091107368469,0.6192091107368469,0.3280250132083893,0.3639800995588302,4.736484050750732,0.0956693582076301,0.8,0.0007,129,0.0676352000009501,8.54925890000959,5.0,5.0,0.0930341987151375,True,129,shapley-20260606T031455Z-3053cd24,shapley,marginal,A,True,True,4.0,4.0
1.220262050628662,0.7361336009843009,0.789813152381352,0.4271235423428671,0.4533620093550001,5.203768593924386,1.1036908626556396,0.6217210292816162,0.6217210292816162,0.3298071622848511,0.3648923188447952,5.180566310882568,0.0930341987151375,0.8,0.0007,130,0.0638281000028655,8.613087000012456,5.0,5.0,0.0948398618239632,True,130,shapley-20260606T031455Z-3053cd24,shapley,marginal,A,True,True,5.0,5.0
1.2178432260240828,0.7215275849614825,0.7789043017796108,0.4188257540975298,0.4500981909888131,5.233196326664516,1.0620909929275513,0.6219054758548737,0.6219054758548737,0.330172911286354,0.364665687084198,4.641355276107788,0.0948398618239632,0.8,0.00049,131,0.0643361000002187,8.677423100012675,5.0,5.0,0.091253414585041,True,131,shapley-20260606T031455Z-3053cd24,shapley,marginal,A,True,True,5.0,5.0
1.211721897125244,0.7473130481583732,0.8016062123434884,0.434866794518062,0.4584242701530456,5.089221613747733,1.0829537510871887,0.6138511002063751,0.6138511002063751,0.3248081058263778,0.361303761601448,5.140658855438232,0.091253414585041,0.8,0.00049,132,0.0686614000005647,8.74608450001324,5.0,5.0,0.0926600031394234,True,132,shapley-20260606T031455Z-3053cd24,shapley,marginal,A,True,True,5.0,5.0
1.21574444430215,0.7158122914178031,0.7724000470978873,0.4163469416754586,0.4450663881642477,5.395339284624372,1.0831655263900757,0.6195695996284485,0.6195695698261261,0.3279515951871872,0.3645224422216415,5.003193378448486,0.0926600031394234,0.8,0.00049,133,0.0715350999998918,8.817619600013131,5.0,5.0,0.0926919369239082,True,133,shapley-20260606T031455Z-3053cd24,shapley,marginal,A,True,True,5.0,5.0
1.217664701598031,0.7321581074169704,0.788724252155849,0.4231107107230595,0.4570169193404061,5.237851687840053,1.0757446885108948,0.6175380051136017,0.6175379753112793,0.3268819749355316,0.363319993019104,4.943328619003296,0.0926919369239082,0.8,0.00049,134,0.066029100002197,8.883648700015328,5.0,5.0,0.0921252231139412,True,134,shapley-20260606T031455Z-3053cd24,shapley,marginal,A,True,True,5.0,5.0
1.2055830444608415,0.720979026385716,0.7756653087479728,0.418011942080089,0.447066707270486,5.260275159563337,1.0804404020309448,0.6113981604576111,0.6113981604576111,0.3226405084133148,0.3609470576047897,5.091355800628662,0.0921252231139412,0.8,0.00049,135,0.0636288999994576,8.947277600014786,5.0,5.0,0.0930387811202278,True,135,shapley-20260606T031455Z-3053cd24,shapley,marginal,A,True,True,5.0,5.0
1.2187419618879043,0.714458167552948,0.7705482074192592,0.4152671098709106,0.4441013761929103,5.420146124703543,1.0867626667022705,0.6109627783298492,0.6109627485275269,0.3230926543474197,0.3598376363515854,5.113995313644409,0.0930387811202278,0.8,0.000343,136,0.0656706000008853,9.012948200015671,5.0,5.0,0.0941787342566719,True,136,shapley-20260606T031455Z-3053cd24,shapley,marginal,A,True,True,5.0,5.0
1.2219127416610718,0.7259208559989929,0.7806542004857745,0.4195588231086731,0.4513692089489528,5.2664956365312845,1.075244963169098,0.6155695915222168,0.6155695915222168,0.3260807394981384,0.3618610501289367,4.880882740020752,0.0941787342566719,0.8,0.000343,137,0.0695555999991484,9.08250380001482,5.0,5.0,0.0929875616568794,True,137,shapley-20260606T031455Z-3053cd24,shapley,marginal,A,True,True,5.0,5.0
1.203917213848659,0.7197140540395465,0.7766025832721165,0.4183606335094997,0.4478024244308471,5.207181998661587,1.0805168151855469,0.6135601699352264,0.6135601699352264,0.3247118592262268,0.3610603809356689,5.021710395812988,0.0929875616568794,0.8,0.000343,138,0.0701761999989685,9.152680000013788,5.0,5.0,0.0932046656150093,True,138,shapley-20260606T031455Z-3053cd24,shapley,marginal,A,True,True,5.0,5.0
1.21507613999503,0.7153782163347516,0.7716896278517587,0.4152608684131077,0.445535945040839,5.361297471182687,1.086316704750061,0.613423764705658,0.613423764705658,0.3244436979293823,0.3612250685691833,5.073705196380615,0.0932046656150093,0.8,0.000343,139,0.066248800001631,9.21892880001542,5.0,5.0,0.0939417175788154,True,139,shapley-20260606T031455Z-3053cd24,shapley,marginal,A,True,True,5.0,5.0
1.2061045169830322,0.7112577216965812,0.7670765008245196,0.4129127476896558,0.4427046690668378,5.267593383789063,1.0687689185142517,0.6098559200763702,0.6098558902740479,0.3220426589250564,0.3597665727138519,4.885081768035889,0.0939417175788154,0.8,0.000343,140,0.0663985999999567,9.285327400015376,5.0,5.0,0.0927925352591743,True,140,shapley-20260606T031455Z-3053cd24,shapley,marginal,A,True,True,5.0,5.0
1.204116599900382,0.7193798337663923,0.7755722318376813,0.4173739297049386,0.447747881923403,5.223876680646624,1.0714751482009888,0.6082212626934052,0.6082212626934052,0.3209986388683319,0.3590282797813415,4.992361783981323,0.0927925352591743,0.8,0.0002400999999999,141,0.0634977000008802,9.348825100016256,5.0,5.0,0.0927161530989875,True,141,shapley-20260606T031455Z-3053cd24,shapley,marginal,A,True,True,5.0,5.0
1.2067981617791312,0.7106656091553825,0.7675248810223171,0.4136311198983873,0.4423671918255942,5.351091384887695,1.0843390226364136,0.6092047691345215,0.6092047691345215,0.3217795491218567,0.3592814803123474,5.124612092971802,0.0927161530989875,0.8,0.0002400999999999,142,0.0633239000017056,9.412149000017962,5.0,5.0,0.0939622740287056,True,142,shapley-20260606T031455Z-3053cd24,shapley,marginal,A,True,True,5.0,5.0
1.2083319084984916,0.7058505586215428,0.7621856587273734,0.4106446249144418,0.4394263156822749,5.347692625863211,1.079332411289215,0.6135115623474121,0.6135115623474121,0.3242165148258209,0.3616187870502472,4.957530498504639,0.0939622740287056,0.8,0.0002400999999999,143,0.0683073000000149,9.480456300017975,5.0,5.0,0.093537579013752,True,143,shapley-20260606T031455Z-3053cd24,shapley,marginal,A,True,True,5.0,5.0
1.2112338883536202,0.7258852805410113,0.7825544221060616,0.4219789845602853,0.4507192799023219,5.188808645520892,1.0718360543251038,0.6105989217758179,0.6105988919734955,0.3226651549339294,0.3599171787500381,4.9310362339019775,0.093537579013752,0.8,0.0002400999999999,144,0.0651199000021733,9.54557620002015,5.0,5.0,0.0928479413527717,True,144,shapley-20260606T031455Z-3053cd24,shapley,marginal,A,True,True,5.0,5.0
1.2031405482973372,0.7136914474623544,0.7699670536177499,0.4139609677450998,0.4450076179844992,5.271512712751116,1.0765618085861206,0.6083374917507172,0.6083374917507172,0.3210718035697937,0.3590820878744125,5.042914867401123,0.0928479413527717,0.8,0.0002400999999999,145,0.0634643000012147,9.609040500021363,5.0,5.0,0.093277090026783,True,145,shapley-20260606T031455Z-3053cd24,shapley,marginal,A,True,True,5.0,5.0
1.2043951920100622,0.7073836411748614,0.7635959471975055,0.4119022744042532,0.4396170931203024,5.328334740230015,1.0687735080718994,0.609748363494873,0.609748363494873,0.3216718435287475,0.3600956499576568,4.921092510223389,0.093277090026783,0.8,0.0002400999999999,146,0.0650542000003042,9.67409470002167,5.0,5.0,0.0924880151290168,True,146,shapley-20260606T031455Z-3053cd24,shapley,marginal,A,True,True,5.0,5.0
1.2125283479690552,0.7338090113231114,0.7899877173560006,0.4263997673988342,0.4544849353177206,5.176014832087925,1.073840320110321,0.6114481091499329,0.6114481091499329,0.3232339769601822,0.3602676689624786,4.99948263168335,0.0924880151290168,0.8,0.0002400999999999,147,0.0690860000031534,9.743180700024825,5.0,5.0,0.0924828414458503,True,147,shapley-20260606T031455Z-3053cd24,shapley,marginal,A,True,True,5.0,5.0
1.1953027248382568,0.6939194543021066,0.7497864791325161,0.402751122202192,0.4337942004203796,5.421365397317069,1.0920891761779783,0.6099694967269897,0.6099694967269897,0.3224494904279709,0.3593999892473221,5.213071346282959,0.0924828414458503,0.8,0.0002400999999999,148,0.0633404000000155,9.806521100024838,5.0,5.0,0.0946135549086799,True,148,shapley-20260606T031455Z-3053cd24,shapley,marginal,A,True,True,5.0,5.0
1.2060472794941492,0.7013690982546125,0.7590938891683306,0.4083279882158552,0.4384573655469077,5.334100450788226,1.065151929855347,0.6129326820373535,0.6129326820373535,0.3243421167135238,0.3607381880283355,4.779645681381226,0.0946135549086799,0.8,0.0002400999999999,149,0.0664200999999593,9.872941200024798,5.0,5.0,0.0924100117224922,True,149,shapley-20260606T031455Z-3053cd24,shapley,marginal,A,True,True,5.0,5.0
1.1982213258743286,0.7327156492641994,0.7887340188026428,0.4252293109893799,0.4543808783803667,5.0373945236206055,1.0610109567642212,0.610423743724823,0.610423743724823,0.3224776536226272,0.3599325865507126,4.875956296920776,0.0924100117224922,0.8,0.0002400999999999,150,0.0652406999979575,9.938181900022755,5.0,5.0,0.0911695746916999,True,150,shapley-20260606T031455Z-3053cd24,shapley,marginal,A,True,True,5.0,5.0
1.1812372718538555,0.6956096717289516,0.7517819915499006,0.4058399072715214,0.4324275936399187,5.326641150883266,1.0767884254455566,0.605710357427597,0.6057103276252747,0.3195066452026367,0.3577545881271362,5.167053461074829,0.0911695746916999,0.8,0.0002400999999999,151,0.0730764999971143,10.01125840001987,5.0,5.0,0.0928401093024482,True,151,shapley-20260606T031455Z-3053cd24,shapley,marginal,A,True,True,5.0,5.0
1.200754165649414,0.7000025510787964,0.7579385127340045,0.4054754929883139,0.4405787757464817,5.393699032919748,1.070927381515503,0.6075198650360107,0.6075198352336884,0.3205128908157348,0.3587586879730224,4.991457939147949,0.0928401093024482,0.8,0.0002400999999999,152,0.066340700002911,10.07759910002278,5.0,5.0,0.0927546886939277,True,152,shapley-20260606T031455Z-3053cd24,shapley,marginal,A,True,True,5.0,5.0
1.189506667000907,0.7085808345249721,0.7655401570456368,0.4115386349814279,0.442501894065312,5.184922013963972,1.0604529976844788,0.6103990077972412,0.6103990077972412,0.3222521990537643,0.3601835072040558,4.852088689804077,0.0927546886939277,0.8,0.0002400999999999,153,0.0733653999996022,10.150964500022384,5.0,5.0,0.0912755755919685,True,153,shapley-20260606T031455Z-3053cd24,shapley,marginal,A,True,True,5.0,5.0
1.1934741735458374,0.7192244018827166,0.7764223984309605,0.4173781616347177,0.4488052981240408,5.195801734924316,1.0708091259002686,0.6078223586082458,0.6078223586082458,0.3204933553934097,0.3591612726449966,5.072405815124512,0.0912755755919685,0.8,0.0001680699999999,154,0.0711310000006051,10.222095500022988,5.0,5.0,0.0919996337432136,True,154,shapley-20260606T031455Z-3053cd24,shapley,marginal,A,True,True,5.0,5.0
1.1976472309657509,0.698092154094151,0.7553227288382394,0.4050598996026175,0.4378285322870527,5.429968016488211,1.0864384770393372,0.6049087345600128,0.6049087643623352,0.3185791820287704,0.3579119741916656,5.234039306640625,0.0919996337432136,0.8,0.0001680699999999,155,0.0652736000010918,10.28736910002408,5.0,5.0,0.0943400268096198,True,155,shapley-20260606T031455Z-3053cd24,shapley,marginal,A,True,True,5.0,5.0
1.198965072631836,0.6892236641475132,0.748456427029201,0.4004163827214922,0.4350500447409494,5.40323577608381,1.072320282459259,0.6061993837356567,0.6061994135379791,0.3195715099573135,0.3582848757505417,4.940860748291016,0.0943400268096198,0.8,0.0001680699999999,156,0.0640910000001895,10.35146010002427,5.0,5.0,0.09374863429253,True,156,shapley-20260606T031455Z-3053cd24,shapley,marginal,A,True,True,5.0,5.0
1.1962489911488123,0.7106086782046727,0.7684662512370518,0.4126882127353123,0.4447225502559117,5.1802385193961005,1.0674618482589722,0.6093467772006989,0.6093467772006989,0.3218126147985458,0.3594177067279815,4.886631727218628,0.09374863429253,0.8,0.0001680699999999,157,0.0629956000011588,10.414455700025428,5.0,5.0,0.0926149515647163,True,157,shapley-20260606T031455Z-3053cd24,shapley,marginal,A,True,True,5.0,5.0
1.1915802274431502,0.7094262412616185,0.7648828540529523,0.4134727588721684,0.4392626242978232,5.206006050109863,1.0738796591758728,0.6099028289318085,0.6099028289318085,0.3223176747560501,0.3594814538955688,5.009740591049194,0.0926149515647163,0.8,0.0001680699999999,158,0.0631567999989783,10.477612500024406,5.0,5.0,0.0927123574752082,True,158,shapley-20260606T031455Z-3053cd24,shapley,marginal,A,True,True,5.0,5.0
1.205020615032741,0.7093534895351955,0.7663883226258414,0.4117661373955862,0.4432776996067592,5.346289498465402,1.078040063381195,0.6080977916717529,0.6080977916717529,0.3213331550359726,0.3584558069705963,5.068819999694824,0.0927123574752082,0.8,0.0001680699999999,159,0.0644147000020893,10.542027200026496,5.0,5.0,0.0934005574721565,True,159,shapley-20260606T031455Z-3053cd24,shapley,marginal,A,True,True,5.0,5.0
1.201442769595555,0.6973179238183158,0.7549592426845005,0.4047871530056,0.4377151131629944,5.3974495615277975,1.0794579982757568,0.6073072552680969,0.6073072254657745,0.3207976818084717,0.3581369072198868,5.055117130279541,0.0934005574721565,0.8,0.0001680699999999,160,0.06491620000088,10.606943400027376,5.0,5.0,0.0939517287749519,True,160,shapley-20260606T031455Z-3053cd24,shapley,marginal,A,True,True,5.0,5.0
1.1958564519882202,0.7014027748789106,0.7560218572616577,0.4086344199521201,0.4342342955725534,5.262847832271031,1.0701345801353457,0.6080482602119446,0.6080482602119446,0.3207844197750091,0.3590797632932663,4.918337345123291,0.0939517287749519,0.8,0.0001680699999999,161,0.0676587999987532,10.67460220002613,5.0,5.0,0.0931351022261848,True,161,shapley-20260606T031455Z-3053cd24,shapley,marginal,A,True,True,5.0,5.0
1.20001677104405,0.7164625695773533,0.7744438477924892,0.4148913409028734,0.4494406155177525,5.191964966910226,1.0623362064361572,0.6061822474002838,0.6061822474002838,0.3197008222341537,0.3581017553806305,4.897765636444092,0.0931351022261848,0.8,0.0001176489999999,162,0.0681485999994038,10.742750800025531,5.0,5.0,0.0921127585906257,True,162,shapley-20260606T031455Z-3053cd24,shapley,marginal,A,True,True,5.0,5.0
1.1932530403137207,0.7114387920924595,0.7658922587122236,0.4126074016094208,0.4416060745716095,5.230700424739292,1.0678491592407229,0.6051101386547089,0.6051101088523865,0.3190621584653854,0.3575599491596222,5.023615121841431,0.0921127585906257,0.8,0.0001176489999999,163,0.06743970000025,10.810190500025785,5.0,5.0,0.09234890980904,True,163,shapley-20260606T031455Z-3053cd24,shapley,marginal,A,True,True,5.0,5.0
1.18966315473829,0.6944418038640704,0.7490470153944833,0.4033064246177673,0.4321757384708949,5.362503460475376,1.0771233439445496,0.6053534746170044,0.6053534746170044,0.3193187564611435,0.3575433492660522,5.108558893203735,0.09234890980904,0.8,0.0001176489999999,164,0.0641006999976525,10.874291200023436,5.0,5.0,0.0934344987410774,True,164,shapley-20260606T031455Z-3053cd24,shapley,marginal,A,True,True,5.0,5.0
1.205246022769383,0.7016824569020953,0.7592765433447701,0.4082817477839334,0.4387434806142534,5.3894822256905695,1.0817494988441467,0.6059599816799164,0.6059599816799164,0.3199207335710525,0.3575490862131119,5.092225790023804,0.0934344987410774,0.8,0.0001176489999999,165,0.0693491999991238,10.94364040002256,5.0,5.0,0.0943567566413154,True,165,shapley-20260606T031455Z-3053cd24,shapley,marginal,A,True,True,5.0,5.0
1.1954728364944458,0.6908479332923889,0.7482713375772748,0.4007976353168487,0.4343421288899013,5.348052978515625,1.0798407793045044,0.6064225435256958,0.6064225733280182,0.3204232156276703,0.357499212026596,5.017322063446045,0.0943567566413154,0.8,0.0001176489999999,166,0.0685804000022471,11.012220800024808,5.0,5.0,0.0945299772757758,True,166,shapley-20260606T031455Z-3053cd24,shapley,marginal,A,True,True,5.0,5.0
1.204711709703718,0.7054546475410461,0.761252726827349,0.4094340205192566,0.4397733679839543,5.281467982700893,1.0769286155700684,0.6065924167633057,0.6065924167633057,0.3206641525030136,0.3574103266000747,4.975523948669434,0.0945299772757758,0.8,8.235429999999999e-05,167,0.0660554999994929,11.0782763000243,5.0,5.0,0.0942852167624702,True,167,shapley-20260606T031455Z-3053cd24,shapley,marginal,A,True,True,5.0,5.0
1.2005806139537267,0.7062270726476397,0.7621536425181797,0.4104459839207785,0.4396345743111202,5.243170942578997,1.0701237320899963,0.6069115400314331,0.6069115698337555,0.3207947164773941,0.3576460629701614,4.912882328033447,0.0942852167624702,0.8,8.235429999999999e-05,168,0.065866900000401,11.1441432000247,5.0,5.0,0.0934140400428047,True,168,shapley-20260606T031455Z-3053cd24,shapley,marginal,A,True,True,5.0,5.0
1.1999445131846838,0.7174815535545349,0.7757316998073033,0.4162060362952096,0.4494070793901171,5.164780003683908,1.0624038577079773,0.6071397066116333,0.6071397066116333,0.3207513391971588,0.3579854220151901,4.873616456985474,0.0934140400428047,0.8,8.235429999999999e-05,169,0.0708874999982072,11.215030700022908,5.0,5.0,0.0921502046126594,True,169,shapley-20260606T031455Z-3053cd24,shapley,marginal,A,True,True,5.0,5.0
1.1841439008712769,0.706780629498618,0.7608390620776585,0.4079242859567915,0.4411434658936092,5.180273737226214,1.0612574219703674,0.6055976450443268,0.6055976450443268,0.3194852322340011,0.3576405048370361,4.944750308990479,0.0921502046126594,0.8,8.235429999999999e-05,170,0.0653793999990739,11.280410100021982,5.0,5.0,0.0915977077025642,True,170,shapley-20260606T031455Z-3053cd24,shapley,marginal,A,True,True,6.0,6.0
1.2040881940296717,0.7188714827810015,0.7739511813436236,0.4152662072862897,0.4483562069279806,5.297258240836007,1.0680406093597412,0.6049981117248535,0.6049981415271759,0.3189413398504257,0.3575709760189056,5.055175304412842,0.0915977077025642,0.8,8.235429999999999e-05,171,0.0648159000011219,11.345226000023104,5.0,5.0,0.0921494607466926,True,171,shapley-20260606T031455Z-3053cd24,shapley,marginal,A,True,True,6.0,6.0
1.2008114542279924,0.7063307421548026,0.7601702213287354,0.4098543311868395,0.4378948467118399,5.366073131561279,1.0759280920028689,0.6041200757026672,0.6041200757026672,0.3184529840946197,0.3570838719606399,5.120030164718628,0.0921494607466926,0.8,5.764800999999999e-05,172,0.0660122000008414,11.411238200023943,5.0,5.0,0.0933497623938789,True,172,shapley-20260606T031455Z-3053cd24,shapley,marginal,A,True,True,6.0,6.0
1.2015509605407717,0.6951279469898769,0.7481879847390311,0.4031825746808733,0.4312567753451211,5.425005980900356,1.081186830997467,0.6044903099536896,0.6044902801513672,0.3188139498233795,0.3570954203605652,5.106564283370972,0.0933497623938789,0.8,5.764800999999999e-05,173,0.0685181999979249,11.47975640002187,5.0,5.0,0.0944154052275886,True,173,shapley-20260606T031455Z-3053cd24,shapley,marginal,A,True,True,6.0,6.0
1.196136781147548,0.6900193010057721,0.7437498824937003,0.398858938898359,0.4311136773654392,5.360539708818708,1.0788483023643494,0.6050504148006439,0.6050504446029663,0.3192526996135711,0.3572471737861633,5.018226385116577,0.0944154052275886,0.8,5.764800999999999e-05,174,0.0677813000002061,11.547537700022076,5.0,5.0,0.0945976690787544,True,174,shapley-20260606T031455Z-3053cd24,shapley,marginal,A,True,True,6.0,6.0
1.2187519754682268,0.7162195529256549,0.7685141052518573,0.4145130642822811,0.442501289503915,5.312313216073172,1.0743133425712583,0.6056628823280334,0.6056628823280334,0.3196506053209305,0.3575153350830078,4.95414400100708,0.0945976690787544,0.8,5.764800999999999e-05,175,0.066903099999763,11.61444080002184,5.0,5.0,0.0941391090888252,True,175,shapley-20260606T031455Z-3053cd24,shapley,marginal,A,True,True,6.0,6.0
1.2092641932623729,0.7122416411127362,0.764956670148032,0.4133797628538949,0.4394711128302982,5.279661042349679,1.0744997262954712,0.6051262319087982,0.6051262319087982,0.3191863000392914,0.3574248999357223,4.985956192016602,0.0941391090888252,0.8,5.764800999999999e-05,176,0.0689664999990782,11.683407300020916,5.0,5.0,0.0939986710089912,True,176,shapley-20260606T031455Z-3053cd24,shapley,marginal,A,True,True,6.0,6.0
1.1954340764454432,0.7017152905464172,0.753755910055978,0.4060698066438947,0.4346076164926801,5.252401828765869,1.0749576687812803,0.6048122346401215,0.6048122346401215,0.3188776522874832,0.3574181944131851,5.001617431640625,0.0939986710089912,0.8,5.764800999999999e-05,177,0.0697178999980678,11.753125200018983,5.0,5.0,0.0940148453253974,True,177,shapley-20260606T031455Z-3053cd24,shapley,marginal,A,True,True,6.0,6.0
1.195819650377546,0.6994115710258484,0.7515712210110256,0.4039669845785413,0.4345052795750754,5.280102866036551,1.072806537151337,0.6049402356147766,0.6049402356147766,0.3190393447875976,0.3573761433362961,4.976515293121338,0.0940148453253974,0.8,5.764800999999999e-05,178,0.0664050999985192,11.819530300017504,5.0,5.0,0.0937799982566108,True,178,shapley-20260606T031455Z-3053cd24,shapley,marginal,A,True,True,6.0,6.0
1.2057704074042184,0.7122223462377276,0.7655782614435468,0.4100937289851052,0.444355662379946,5.262828963143485,1.0746445655822754,0.605260819196701,0.6052608489990234,0.3192900568246841,0.3574634343385696,5.0051586627960205,0.0937799982566108,0.8,5.764800999999999e-05,179,0.0640138000017032,11.883544100019208,5.0,5.0,0.093831584884571,True,179,shapley-20260606T031455Z-3053cd24,shapley,marginal,A,True,True,6.0,6.0
1.209332023348127,0.7114833423069545,0.7640899760382516,0.410150476864406,0.4424243697098323,5.305768762316022,1.0781580805778503,0.6055743396282196,0.6055743396282196,0.3195423632860183,0.3575399667024612,5.036510229110718,0.093831584884571,0.8,4.035360699999999e-05,180,0.0699518000001262,11.953495900019334,5.0,5.0,0.0941966871756782,True,180,shapley-20260606T031455Z-3053cd24,shapley,marginal,A,True,True,6.0,6.0
1.203193494251796,0.700121922152383,0.7528324212346759,0.4058094876153128,0.433778669152941,5.340650217873709,1.0822888612747192,0.6058317720890045,0.6058318018913269,0.3197205364704132,0.3576390445232391,5.058109045028687,0.0941966871756782,0.8,4.035360699999999e-05,181,0.0653068000028724,12.018802700022206,5.0,5.0,0.094777777625965,True,181,shapley-20260606T031455Z-3053cd24,shapley,marginal,A,True,True,6.0,6.0
1.2077941043036324,0.704154006072453,0.756833587374006,0.4068608539445059,0.4374659189156124,5.313905239105225,1.0799580812454224,0.6062541902065277,0.6062541604042053,0.3200161755084991,0.3577974885702133,4.998047828674316,0.094777777625965,0.8,4.035360699999999e-05,182,0.0660522999969543,12.08485500001916,5.0,5.0,0.0947582559127082,True,182,shapley-20260606T031455Z-3053cd24,shapley,marginal,A,True,True,6.0,6.0
1.204118984086173,0.7049475397382464,0.7583742993218558,0.4090198022978646,0.4366931191512516,5.267841270991734,1.0759881138801577,0.6061067581176758,0.6061067581176758,0.3198912143707275,0.3577694445848465,4.958738088607788,0.0947582559127082,0.8,4.035360699999999e-05,183,0.0637219000018376,12.148576900020998,5.0,5.0,0.0943456367987861,True,183,shapley-20260606T031455Z-3053cd24,shapley,marginal,A,True,True,6.0,6.0
1.2037238052913122,0.7094552687236241,0.7628019622394017,0.4087922530514853,0.4425121205193655,5.238912650517055,1.0712603330612185,0.6062124073505402,0.6062123775482178,0.3200024515390396,0.3577624410390854,4.9291932582855225,0.0943456367987861,0.8,4.035360699999999e-05,184,0.066407700000127,12.214984600021126,5.0,5.0,0.0936375693816413,True,184,shapley-20260606T031455Z-3053cd24,shapley,marginal,A,True,True,6.0,6.0
1.202309012413025,0.7128437416894096,0.7657419357981,0.4117777645587921,0.4424551895686558,5.227231570652553,1.0699920058250427,0.6058724820613861,0.6058725118637085,0.3197306543588638,0.3576772809028625,4.956552743911743,0.0936375693816413,0.8,2.8247524899999997e-05,185,0.0702803999993193,12.285265000020445,5.0,5.0,0.0932030968207588,True,185,shapley-20260606T031455Z-3053cd24,shapley,marginal,A,True,True,6.0,6.0
1.1943856818335397,0.7072034989084516,0.7605238131114415,0.4096210428646633,0.4386284393923623,5.227103165217808,1.0699836611747742,0.6054956316947937,0.6054956614971161,0.319391205906868,0.3576305508613586,4.983611106872559,0.0932030968207588,0.8,2.8247524899999997e-05,186,0.0652403999993112,12.350505400019756,5.0,5.0,0.0930392078894843,True,186,shapley-20260606T031455Z-3053cd24,shapley,marginal,A,True,True,6.0,6.0
1.1961067063467845,0.7064237764903477,0.7589145983968463,0.4084317939622061,0.4381035055433001,5.263188566480364,1.0712553262710571,0.6054421067237854,0.6054421067237854,0.3192997872829437,0.3576779067516327,5.006633758544922,0.0930392078894843,0.8,2.8247524899999997e-05,187,0.0651969999998982,12.415702400019654,5.0,5.0,0.0931055454749335,True,187,shapley-20260606T031455Z-3053cd24,shapley,marginal,A,True,True,6.0,6.0
1.1821902990341189,0.6905032396316528,0.7435554606573922,0.4006304144859314,0.4286562800407409,5.280964170183454,1.071881651878357,0.6052546501159668,0.6052546501159668,0.3191914707422256,0.3575789779424667,5.011806488037109,0.0931055454749335,0.8,2.8247524899999997e-05,188,0.0651145000010728,12.480816900020727,5.0,5.0,0.0932236103553046,True,188,shapley-20260606T031455Z-3053cd24,shapley,marginal,A,True,True,6.0,6.0
1.2028131995882307,0.7093571765082223,0.7641753724643162,0.4111171620232718,0.4413227779524667,5.293251582554409,1.0712697505950928,0.6051313877105713,0.6051313877105713,0.319127544760704,0.3575047850608825,5.000217914581299,0.0932236103553046,0.8,2.8247524899999997e-05,189,0.0673788999993121,12.54819580002004,5.0,5.0,0.0932257895011176,True,189,shapley-20260606T031455Z-3053cd24,shapley,marginal,A,True,True,6.0,6.0
1.1971952063696725,0.7023752416883197,0.7557206494467599,0.4068843850067684,0.4360453401293073,5.30775819505964,1.071001410484314,0.6052515506744385,0.6052515506744385,0.3192076385021209,0.3575548827648163,4.995933294296265,0.0932257895011176,0.8,1.9773267429999995e-05,190,0.0629647999994631,12.611160600019502,5.0,5.0,0.0931851224440803,True,190,shapley-20260606T031455Z-3053cd24,shapley,marginal,A,True,True,6.0,6.0
1.1990885904857091,0.7065441012382507,0.7607217175619942,0.4094626520361219,0.4390738436153957,5.285656043461391,1.0719529390335083,0.6050029098987579,0.6050029098987579,0.3190348297357559,0.357460081577301,5.010993480682373,0.0931851224440803,0.8,1.9773267429999995e-05,191,0.0663730999986,12.677533700018104,5.0,5.0,0.093295057250904,True,191,shapley-20260606T031455Z-3053cd24,shapley,marginal,A,True,True,6.0,6.0
1.1916357960019792,0.6970688445227486,0.7506622501782009,0.404662481376103,0.4324997110026223,5.301105499267578,1.0735291242599487,0.6047616302967072,0.6047616302967072,0.3188816159963608,0.3573499917984009,5.024569272994995,0.093295057250904,0.8,1.9773267429999995e-05,192,0.0661918000005243,12.743725500018629,5.0,5.0,0.093540749980854,True,192,shapley-20260606T031455Z-3053cd24,shapley,marginal,A,True,True,6.0,6.0
1.199068852833339,0.7032480154718671,0.758327739579337,0.4070101082324981,0.4391470423766545,5.300586564200265,1.074792742729187,0.6046575009822845,0.6046575009822845,0.3188202381134033,0.3572965562343597,5.025993824005127,0.093540749980854,0.8,1.9773267429999995e-05,193,0.0673539000017626,12.81107940002039,5.0,5.0,0.0938006882209052,True,193,shapley-20260606T031455Z-3053cd24,shapley,marginal,A,True,True,6.0,6.0
1.1925147090639387,0.6945341995784214,0.7488831877708435,0.4032134796891893,0.4320871276514871,5.308922018323626,1.0743406414985657,0.6046717464923859,0.6046717464923859,0.3188690096139908,0.3572534471750259,5.007094144821167,0.0938006882209052,0.8,1.9773267429999995e-05,194,0.0661523999988276,12.877231800019215,5.0,5.0,0.0938716296691169,True,194,shapley-20260606T031455Z-3053cd24,shapley,marginal,A,True,True,6.0,6.0
1.1953293766294206,0.6985827343804496,0.7513620597975594,0.4046677734170641,0.4333678654261997,5.291765076773507,1.0730065703392029,0.604689210653305,0.6046891808509827,0.318904384970665,0.3572310358285904,4.988913059234619,0.0938716296691169,0.8,1.3841287200999995e-05,195,0.0666794999997364,12.943911300018954,5.0,5.0,0.0937607602614631,True,195,shapley-20260606T031455Z-3053cd24,shapley,marginal,A,True,True,6.0,6.0
1.2021427665437971,0.7065305965287345,0.7608129126685006,0.4091518563883645,0.4395762979984283,5.285923004150391,1.0712648034095764,0.6046529412269592,0.6046529412269592,0.3189085870981216,0.3571804016828537,4.976621866226196,0.0937607602614631,0.8,1.3841287200999995e-05,196,0.0723193999983777,13.016230700017331,5.0,5.0,0.0935269789237251,True,196,shapley-20260606T031455Z-3053cd24,shapley,marginal,A,True,True,6.0,6.0
1.19644330229078,0.7056928362165179,0.7578832166535514,0.4091862440109253,0.4358712221894945,5.247154099600656,1.069928228855133,0.6046383380889893,0.6046383380889893,0.3189166784286499,0.3571520298719406,4.974926471710205,0.0935269789237251,0.8,1.3841287200999995e-05,197,0.0659076999982062,13.082138400015538,5.0,5.0,0.0932762436408271,True,197,shapley-20260606T031455Z-3053cd24,shapley,marginal,A,True,True,6.0,6.0
1.1923278399876185,0.7031162551471165,0.7550003273146493,0.4072601114000593,0.4346752720219748,5.244760717664446,1.0695000290870669,0.6047278940677643,0.6047278940677643,0.3189901411533355,0.3571721762418747,4.9827494621276855,0.0932762436408271,0.8,1.3841287200999995e-05,198,0.0658167999972647,13.147955200012802,5.0,5.0,0.093103738262104,True,198,shapley-20260606T031455Z-3053cd24,shapley,marginal,A,True,True,6.0,6.0
1.193260397229876,0.7011611546788897,0.7551097529275077,0.4055254714829581,0.4369803369045257,5.285494259425572,1.0687264204025269,0.6049248576164246,0.6049248576164246,0.3191487640142441,0.3572201132774353,4.98155689239502,0.093103738262104,0.8,1.3841287200999995e-05,199,0.0732005999998364,13.22115580001264,5.0,5.0,0.0929193071860542,True,199,shapley-20260606T031455Z-3053cd24,shapley,marginal,A,True,True,6.0,6.0
1.7590933527265276,1.7590933527265276,1.7590933186667306,0.9825093405587332,0.9707299641200474,4.484293845083032,1.560335636138916,1.560335636138916,1.560335636138916,0.8666646182537079,0.8670887649059296,25.107566833496094,0.0,0.8,0.001,0,0.2502819999972416,0.2502819999972416,50.0,5.0,0.0,True,0,shapley-20260606T031519Z-dad98d20,shapley,conditional,A,True,False,0.0,0.0
1.3864031519208635,1.3864031519208635,1.3864031859806605,0.7676080465316772,0.7734938604491097,38.18277032034738,1.1755706667900083,1.1755706667900083,1.1755706667900083,0.6450143456459045,0.6631954312324524,56.96624183654785,0.0,0.8,0.001,1,0.0623849000003247,0.3126668999975663,50.0,5.0,0.0,True,1,shapley-20260606T031519Z-dad98d20,shapley,conditional,A,True,False,0.0,0.0
1.0953524623598372,1.0953524623598372,1.0953524283000402,0.5996561305863517,0.6196203572409493,59.20326396397182,1.0110717713832855,1.0110717713832855,1.0110717117786407,0.5543588399887085,0.5708911120891571,60.442176818847656,0.0,0.8,0.001,2,0.0602615999996487,0.3729284999972151,50.0,5.0,0.0,True,2,shapley-20260606T031519Z-dad98d20,shapley,conditional,A,True,False,0.0,0.0
0.9631479041916984,0.9631479041916984,0.9631478701319012,0.5254442776952472,0.5471294777733939,63.19517408098493,0.9114830195903778,0.9114830195903778,0.9114830493927002,0.4966470003128052,0.5185450613498688,63.73145294189453,0.0,0.8,0.001,3,0.0621766000003844,0.4351050999975996,50.0,5.0,0.0,True,3,shapley-20260606T031519Z-dad98d20,shapley,conditional,A,True,False,0.0,0.0
0.863289441381182,0.863289441381182,0.863289441381182,0.4683350920677185,0.4936929259981428,66.54034205845424,0.836937427520752,0.836937427520752,0.8369373977184296,0.452836126089096,0.4801265746355057,67.99444198608398,0.0,0.8,0.001,4,0.0609059999987948,0.4960110999963945,50.0,5.0,0.0,True,4,shapley-20260606T031519Z-dad98d20,shapley,conditional,A,True,False,0.0,0.0
0.7997510518346514,0.7997510518346514,0.7997510603496006,0.4306627426828657,0.4613603906972067,70.56183297293526,0.7859994173049927,0.7859994173049927,0.7859993875026703,0.4236069023609161,0.4529905766248703,71.79721450805664,0.0,0.8,0.001,5,0.065529499999684,0.5615405999960785,50.0,5.0,0.0,True,5,shapley-20260606T031519Z-dad98d20,shapley,conditional,A,True,False,0.0,0.0
0.7558833275522504,0.7558833275522504,0.7558833530970982,0.4055604934692383,0.4379035404750279,73.12128557477679,0.7490562498569489,0.7490562498569489,0.7490562498569489,0.4012197852134704,0.4347955882549286,73.96490097045898,0.0,0.8,0.001,6,0.0592362000024877,0.6207767999985663,50.0,5.0,0.0,True,6,shapley-20260606T031519Z-dad98d20,shapley,conditional,A,True,False,0.0,0.0
0.709286025592259,0.709286025592259,0.7092860341072083,0.3784697226115635,0.4135203787258693,74.57227107456752,0.7200403213500977,0.7200403213500977,0.7200403213500977,0.3836661130189895,0.4204677492380142,76.55324935913086,0.0,0.8,0.001,7,0.0590838999996776,0.679860699998244,50.0,5.0,0.0,True,7,shapley-20260606T031519Z-dad98d20,shapley,conditional,A,True,False,0.0,0.0
0.6864033171108791,0.6864033171108791,0.6864033341407776,0.3632232844829559,0.4039750397205353,77.62381744384766,0.6923565864562988,0.6923565864562988,0.6923565864562988,0.3664771020412445,0.4073493331670761,78.43635559082031,0.0,0.8,0.001,8,0.0620677000006253,0.7419283999988693,50.0,5.0,0.0,True,8,shapley-20260606T031519Z-dad98d20,shapley,conditional,A,True,False,0.0,0.0
0.6558923891612461,0.6558923891612461,0.6558923976761954,0.3461780548095703,0.3871429051671709,80.30527714320591,0.6709607839584351,0.6709607839584351,0.6709607243537903,0.3541800379753113,0.3959758579730987,81.44026947021484,0.0,0.8,0.001,9,0.060804000000644,0.8027323999995133,50.0,5.0,0.0,True,9,shapley-20260606T031519Z-dad98d20,shapley,conditional,A,True,False,0.0,0.0
0.6331720777920314,0.6331720777920314,0.6331720777920314,0.3329712620803288,0.3752510292189462,83.24238695417132,0.653633177280426,0.653633177280426,0.6536331474781036,0.3437329977750778,0.3873751908540725,84.66361236572266,0.0,0.8,0.001,10,0.0590836999981547,0.8618160999976681,50.0,5.0,0.001,True,10,shapley-20260606T031519Z-dad98d20,shapley,conditional,A,True,False,0.0,0.0
0.6896725296974182,0.6172290188925607,0.6172290359224591,0.3231511626924787,0.3675973500524248,72.44350814819336,0.6930627524852753,0.6419693231582642,0.6419693231582642,0.3368767350912094,0.3813657164573669,51.09340286254883,0.001,0.8,0.001,11,0.0599050000018905,0.9217210999995586,46.1864406779661,5.0,0.002,True,11,shapley-20260606T031519Z-dad98d20,shapley,conditional,A,True,False,0.0,0.0
0.6950039182390485,0.621322044304439,0.6213220357894897,0.325591892004013,0.3696626765387399,36.84093638828823,0.6904206275939941,0.6376148462295532,0.6376148462295532,0.3333186060190201,0.3803703188896179,26.40289306640625,0.002,0.8,0.001,12,0.0637446000000636,0.9854656999996224,42.91338582677166,5.0,0.001,True,12,shapley-20260606T031519Z-dad98d20,shapley,conditional,A,True,False,0.0,0.0
0.6413990003722054,0.6100182788712638,0.6100182618413653,0.3173394501209259,0.3658485157149179,31.380713871547155,0.6621212363243103,0.624700129032135,0.6247001588344574,0.3261390030384063,0.3732014298439026,37.42109107971192,0.001,0.8,0.001,13,0.0618644000023778,1.047330100002,40.0735294117647,5.0,0.0,True,13,shapley-20260606T031519Z-dad98d20,shapley,conditional,A,True,False,0.0,0.0
0.582942681653159,0.582942681653159,0.5829426901681083,0.3024509123393467,0.3506146967411041,43.31048257010324,0.614067941904068,0.614067941904068,0.6140679121017456,0.319652184844017,0.3680196702480316,48.61079978942871,0.0,0.8,0.001,14,0.0614624000008916,1.1087925000028918,37.58620689655172,5.0,0.001,True,14,shapley-20260606T031519Z-dad98d20,shapley,conditional,A,True,False,0.0,0.0
0.6152864183698382,0.5663809776306152,0.5663809861455645,0.2939233652182987,0.3405720123222896,48.90544128417969,0.6520847976207733,0.6080874800682068,0.6080875098705292,0.3166562169790268,0.3642891198396683,43.997314453125,0.001,0.8,0.001,15,0.0606463999974948,1.1694389000003866,35.3896103896104,5.0,0.002,True,15,shapley-20260606T031519Z-dad98d20,shapley,conditional,A,True,False,0.0,0.0
0.6445759534835815,0.5693752595356533,0.5693752595356533,0.2936034500598907,0.3447147522653852,37.600345611572266,0.6568456590175629,0.6014663279056549,0.6014663279056549,0.3121557831764221,0.3616381883621216,27.689658164978027,0.002,0.8,0.001,16,0.0591215000022202,1.228560400002607,33.435582822085884,5.0,0.001,True,16,shapley-20260606T031519Z-dad98d20,shapley,conditional,A,True,False,0.0,0.0
0.5976444823401315,0.5706780978611538,0.570678106376103,0.2954978389399392,0.343975339617048,26.966382435389928,0.6250235140323639,0.597442626953125,0.597442626953125,0.30960114300251,0.3598018735647201,27.58089637756348,0.001,0.8,0.001,17,0.0610574000020278,1.2896178000046348,31.68604651162791,5.0,0.0,True,17,shapley-20260606T031519Z-dad98d20,shapley,conditional,A,True,False,0.0,0.0
0.5542380128587995,0.5542380128587995,0.554237995828901,0.2864270295415606,0.3347637057304382,33.50354848589216,0.5940786004066467,0.5940786004066467,0.5940786004066467,0.3077125400304794,0.3579575717449188,40.471412658691406,0.0,0.8,0.001,18,0.0606666000021505,1.3502844000067853,30.11049723756906,5.0,0.001,True,18,shapley-20260606T031519Z-dad98d20,shapley,conditional,A,True,False,0.0,0.0
0.5791562114443097,0.5371199335370745,0.5371199420520237,0.2764673020158495,0.3258157798222133,42.03627940586635,0.6248989999294281,0.5844020247459412,0.5844020247459412,0.3026064336299896,0.35224449634552,40.49698257446289,0.001,0.8,0.001,19,0.0596447999996598,1.4099292000064452,28.684210526315788,5.0,0.002,True,19,shapley-20260606T031519Z-dad98d20,shapley,conditional,A,True,False,0.0,0.0
0.6091073496001107,0.537865332194737,0.5378653151648385,0.276729370866503,0.326419928244182,35.62101091657366,0.6377774477005005,0.5813316106796265,0.5813316404819489,0.3007904589176178,0.3506764471530914,28.222914695739743,0.002,0.8,0.001,20,0.0648543000024801,1.474783500008925,27.38693467336684,5.0,0.003,True,20,shapley-20260606T031519Z-dad98d20,shapley,conditional,A,True,False,0.0,0.0
0.6200873681477138,0.5458625214440482,0.5458625214440482,0.281613575560706,0.330311187676021,24.74161720275879,0.6462617814540863,0.5796307921409607,0.5796307921409607,0.3002779185771942,0.3491911292076111,22.21033000946045,0.003,0.8,0.001,21,0.0605515000024752,1.5353350000114006,26.20192307692308,5.0,0.002,True,21,shapley-20260606T031519Z-dad98d20,shapley,conditional,A,True,False,0.0,0.0
0.5882794516427177,0.5392284563609532,0.5392284733908517,0.277980693749019,0.3265597096511295,24.525492804391043,0.6296092867851257,0.5745778977870941,0.5745778977870941,0.2960390001535415,0.3481736183166504,27.515692710876465,0.002,0.8,0.001,22,0.0590228000000934,1.594357800011494,25.11520737327189,5.0,0.003,True,22,shapley-20260606T031519Z-dad98d20,shapley,conditional,A,True,False,0.0,0.0
0.606364335332598,0.5242487703050885,0.5242487873349871,0.2696098727839334,0.31829862509455,27.37185260227748,0.647795557975769,0.5725280046463013,0.5725280344486237,0.2956095188856125,0.346148133277893,25.08917999267578,0.003,0.8,0.001,23,0.0684806999997817,1.6628385000112758,24.11504424778761,5.0,0.004,True,23,shapley-20260606T031519Z-dad98d20,shapley,conditional,A,True,False,0.0,0.0
0.6277331113815308,0.5375561118125916,0.5375561203275409,0.2772442145006997,0.3253898663180215,22.544249398367747,0.6531203091144562,0.573647528886795,0.5736474990844727,0.2966097295284271,0.3462972342967987,19.86819648742676,0.004,0.8,0.001,24,0.0615939999988768,1.7244325000101526,23.191489361702125,5.0,0.003,True,24,shapley-20260606T031519Z-dad98d20,shapley,conditional,A,True,False,0.0,0.0
0.598444036075047,0.5345457366534642,0.5345457366534642,0.2751098998955318,0.324294775724411,21.2994327545166,0.6398909986019135,0.5720655620098114,0.572065532207489,0.2955674529075622,0.3456225991249084,22.608485221862797,0.003,0.8,0.001,25,0.0630678999987139,1.7875004000088666,22.33606557377049,5.0,0.004,True,25,shapley-20260606T031519Z-dad98d20,shapley,conditional,A,True,False,0.0,0.0
0.6122654676437378,0.5202822429793221,0.5202822302068982,0.2672991156578064,0.3162288836070469,22.99580110822405,0.6526390314102173,0.5668081641197205,0.5668081641197205,0.2927642613649368,0.3425548374652862,21.457712173461918,0.004,0.8,0.001,26,0.0635193999987677,1.8510198000076343,21.541501976284582,5.0,0.0031621019717732,True,26,shapley-20260606T031519Z-dad98d20,shapley,conditional,A,True,False,0.0,0.0
0.5887015887669155,0.5209136179515294,0.5209136264664787,0.2674655445984432,0.3168100842407771,21.437630244663783,0.6335047781467438,0.5677560567855835,0.5677560567855835,0.2922502309083938,0.3443822711706161,20.792728424072266,0.0031621019717732,0.8,0.001,27,0.062186200000724,1.9132060000083584,20.80152671755725,5.0,0.0030741190369234,True,27,shapley-20260606T031519Z-dad98d20,shapley,conditional,A,True,False,0.0,0.0
0.5811436091150556,0.5140239511217389,0.5140239681516375,0.2642078144209726,0.3122701900345938,21.83378710065569,0.6301038563251495,0.56204554438591,0.56204554438591,0.289499431848526,0.34068264067173,22.139121055603027,0.0030741190369234,0.8,0.001,28,0.059535100001085,1.9727411000094437,20.11070110701107,5.0,0.0040741190369234,True,28,shapley-20260606T031519Z-dad98d20,shapley,conditional,A,True,False,0.0,0.0
0.6015783292906625,0.513077301638467,0.5130772931235177,0.2636511879307883,0.3117826112679073,21.72274371555873,0.6413846909999847,0.5596171617507935,0.5596171617507935,0.2891110926866531,0.3381326049566269,20.069995880126957,0.0040741190369234,0.8,0.001,29,0.0591021999971417,2.031843300006585,19.46428571428571,5.0,0.0050741190369234,True,29,shapley-20260606T031519Z-dad98d20,shapley,conditional,A,True,False,0.0,0.0
0.616282411984035,0.5188016210283551,0.5188016210283551,0.2669074279921395,0.3148677434240068,19.211370740618023,0.653841108083725,0.562088131904602,0.5620881021022797,0.2899000644683838,0.3402350395917892,18.082545280456543,0.0050741190369234,0.8,0.001,30,0.0592347999991034,2.0910781000056886,18.858131487889278,5.0,0.0040741190369234,True,30,shapley-20260606T031519Z-dad98d20,shapley,conditional,A,True,False,0.0,0.0
0.5926397698266166,0.5120330325194767,0.5120330367769513,0.2638005018234253,0.3102906474045345,19.78507341657366,0.6433582305908203,0.5582318603992462,0.5582318603992462,0.2872351557016372,0.3387458771467209,20.89442443847656,0.0040741190369234,0.8,0.001,31,0.0638969999999972,2.154975100005686,18.288590604026847,5.0,0.0050741190369234,True,31,shapley-20260606T031519Z-dad98d20,shapley,conditional,A,True,False,0.0,0.0
0.6075302703039986,0.5040132829121181,0.5040132743971688,0.2589680978230068,0.3063064643314906,20.400977270943777,0.6525286138057709,0.5573145151138306,0.5573145151138306,0.2878485023975372,0.3368324935436249,18.76465892791748,0.0050741190369234,0.8,0.001,32,0.0620051000005332,2.216980200006219,17.752442996742666,5.0,0.0060741190369234,True,32,shapley-20260606T031519Z-dad98d20,shapley,conditional,A,True,False,0.0,0.0
0.6260642749922616,0.5171585423605782,0.5171585508755275,0.2652728813035147,0.314857074192592,17.92947060721261,0.6625251471996307,0.5581726133823395,0.5581726133823395,0.2882682681083679,0.3373804241418838,17.179865837097168,0.0060741190369234,0.8,0.001,33,0.0607373999991978,2.277717600005417,17.246835443037973,5.0,0.0054044229775154,True,33,shapley-20260606T031519Z-dad98d20,shapley,conditional,A,True,False,0.0,0.0
0.6106775743620736,0.5121575423649379,0.5121575508798871,0.2647134704249246,0.3093051016330719,18.22952107020787,0.6562195718288422,0.5568326711654663,0.5568326413631439,0.2863649576902389,0.3380845934152603,18.38991641998291,0.0054044229775154,0.8,0.001,34,0.0636044999992009,2.341322100004618,16.769230769230766,5.0,0.0064044229775154,True,34,shapley-20260606T031519Z-dad98d20,shapley,conditional,A,True,False,0.0,0.0
0.6260218364851815,0.5090820406164441,0.5090820448739188,0.2611520205225263,0.3099125240530286,18.259223665509904,0.6645692586898804,0.5568531453609467,0.556853175163269,0.2873655706644058,0.3368594795465469,16.819019317626953,0.0064044229775154,0.8,0.001,35,0.064168900000368,2.405491000004986,16.317365269461078,5.0,0.0074044229775154,True,35,shapley-20260606T031519Z-dad98d20,shapley,conditional,A,True,False,0.0,0.0
0.6394349762371608,0.5171894431114197,0.5171894431114197,0.2672433086803981,0.312432655266353,16.50979859488351,0.6757092773914337,0.5576286315917969,0.5576286315917969,0.2873225808143616,0.3378825485706329,15.947311878204346,0.0074044229775154,0.8,0.001,36,0.0589628000016091,2.464453800006595,15.889212827988338,5.0,0.0079854134796754,True,36,shapley-20260606T031519Z-dad98d20,shapley,conditional,A,True,False,0.0,0.0
0.6498130219323295,0.5182197775159564,0.5182197604860578,0.2671630936009543,0.3138208431856973,16.479203087942942,0.6860769093036652,0.5577318966388702,0.5577318966388702,0.287030428647995,0.3383768200874328,16.07243013381958,0.0079854134796754,0.8,0.001,37,0.0598979999995208,2.524351800006116,15.482954545454549,5.0,0.0089854134796754,True,37,shapley-20260606T031519Z-dad98d20,shapley,conditional,A,True,False,0.0,0.0
0.6684456382478986,0.5241621817861285,0.5241621817861285,0.2695061862468719,0.3183199805872781,16.057520730154856,0.6875612437725067,0.55195552110672,0.55195552110672,0.2844048291444778,0.3344383537769317,15.091761589050291,0.0089854134796754,0.8,0.001,38,0.0615734999992128,2.5859253000053286,15.096952908587255,5.0,0.0089335002843058,True,38,shapley-20260606T031519Z-dad98d20,shapley,conditional,A,True,False,0.0,0.0
0.6574076499257769,0.5199580958911351,0.5199580873761859,0.2684526784079415,0.3143817526953561,15.385857037135532,0.6900068521499634,0.5543825030326843,0.5543824732303619,0.2858519256114959,0.3356631845235824,15.1815447807312,0.0089335002843058,0.8,0.001,39,0.062407900000835,2.648333200006164,14.729729729729732,5.0,0.0099335002843058,True,39,shapley-20260606T031519Z-dad98d20,shapley,conditional,A,True,False,0.0,0.0
0.6761972223009381,0.5223348992211478,0.5223348992211478,0.2696785245622907,0.3158204768385206,15.489234379359656,0.6976549029350281,0.5513945817947388,0.5513945817947388,0.2842048406600952,0.3339871615171432,14.72394561767578,0.0099335002843058,0.8,0.001,40,0.0590694999991683,2.707402700005332,14.379947229551448,5.0,0.0109335002843058,True,40,shapley-20260606T031519Z-dad98d20,shapley,conditional,A,True,False,0.0,0.0
0.6826021160398211,0.5211232730320522,0.5211232645171029,0.2689131796360016,0.3152626071657453,14.769180842808314,0.7038265764713287,0.5543117821216583,0.5543117821216583,0.2861739099025726,0.3351723104715347,13.674923419952393,0.0109335002843058,0.8,0.001,41,0.0629446999992069,2.770347400004539,14.046391752577314,5.0,0.0099335002843058,True,41,shapley-20260606T031519Z-dad98d20,shapley,conditional,A,True,False,0.0,0.0
0.6645121148654393,0.515909514256886,0.5159095185143607,0.2668139636516571,0.3113694318703243,14.959741864885602,0.7011232376098633,0.5572665333747864,0.5572665631771088,0.2873601913452148,0.3373829275369644,14.48197603225708,0.0099335002843058,0.8,0.001,42,0.06296939999811,2.833316800002649,13.727959697733,5.0,0.0109335002843058,True,42,shapley-20260606T031519Z-dad98d20,shapley,conditional,A,True,False,0.0,0.0
0.6775804928370884,0.5169141973767962,0.5169142058917454,0.2665336642946516,0.31297567486763,14.694862501961843,0.6992212235927582,0.554253101348877,0.554253101348877,0.2855308949947357,0.3359027802944183,13.25907564163208,0.0109335002843058,0.8,0.001,43,0.0594794999997247,2.8927963000023738,13.423645320197046,5.0,0.0099335002843058,True,43,shapley-20260606T031519Z-dad98d20,shapley,conditional,A,True,False,0.0,0.0
0.6637150645256042,0.516593337059021,0.5165933455739703,0.2667426168918609,0.3123134076595306,14.810663631984166,0.6988767087459564,0.5540421903133392,0.5540421903133392,0.2847816050052643,0.3365757316350937,14.580408573150637,0.0099335002843058,0.8,0.001,44,0.0626367000004393,2.955433000002813,13.132530120481931,5.0,0.0109335002843058,True,44,shapley-20260606T031519Z-dad98d20,shapley,conditional,A,True,False,0.0,0.0
0.6794311829975673,0.5173544798578534,0.5173544798578534,0.2671727240085602,0.3127271916185106,14.82386098589216,0.6998294293880463,0.546982616186142,0.546982616186142,0.281260684132576,0.332152396440506,13.9796781539917,0.0109335002843058,0.8,0.001,45,0.0634964999990188,3.018929500001832,12.85377358490566,5.0,0.0119335002843058,True,45,shapley-20260606T031519Z-dad98d20,shapley,conditional,A,True,False,0.0,0.0
0.6911518062864032,0.5222684911319188,0.5222684996468681,0.2695723261151995,0.3158702211720602,14.152034759521484,0.7117109000682831,0.5486885011196136,0.5486885011196136,0.2828086316585541,0.3323498219251632,13.660905361175535,0.0119335002843058,0.8,0.001,46,0.061932099997648,3.08086159999948,12.586605080831404,5.0,0.0129335002843058,True,46,shapley-20260606T031519Z-dad98d20,shapley,conditional,A,True,False,0.0,0.0
0.7032906838825771,0.5235944305147443,0.5235944219997951,0.2712219825812748,0.3154655652386801,13.893861361912318,0.7207893133163452,0.5516478419303894,0.5516478419303894,0.2842944711446762,0.33419169485569,13.07777976989746,0.0129335002843058,0.8,0.001,47,0.0614203000004636,3.142281899999944,12.33031674208145,5.0,0.0139335002843058,True,47,shapley-20260606T031519Z-dad98d20,shapley,conditional,A,True,False,0.0,0.0
0.7140868646757943,0.5258756961141314,0.5258756961141314,0.2734660591397966,0.3155120526041303,13.507816450936454,0.7219239175319672,0.5451768040657043,0.5451768338680267,0.2809073328971863,0.3303368687629699,12.685046195983888,0.0139335002843058,0.8,0.001,48,0.0593483999982709,3.2016302999982145,12.084257206208427,5.0,0.0149335002843058,True,48,shapley-20260606T031519Z-dad98d20,shapley,conditional,A,True,False,0.0,0.0
0.7236899563244411,0.5269716892923627,0.5269716807774135,0.2736134060791561,0.3166978274072919,13.172950880868097,0.7359899580478668,0.5507444441318512,0.5507444441318512,0.2839339226484298,0.3335131406784057,12.40469455718994,0.0149335002843058,0.8,0.001,49,0.0589075999996566,3.260537899997871,11.847826086956523,5.0,0.0159335002843058,True,49,shapley-20260606T031519Z-dad98d20,shapley,conditional,A,True,False,0.0,0.0
0.7321152772222247,0.5298810686383929,0.5298810686383929,0.2755636700562068,0.3178967407771519,12.692390441894531,0.7430191934108734,0.5467088520526886,0.5467088222503662,0.2824915647506714,0.3302715569734573,12.32060432434082,0.0159335002843058,0.8,0.001,50,0.0611128999989887,3.32165079999686,11.620469083155657,5.0,0.0169335002843058,True,50,shapley-20260606T031519Z-dad98d20,shapley,conditional,A,True,False,1.0,1.0
0.7483891504151481,0.537635794707707,0.5376358032226562,0.2799837759562901,0.3220650213105338,12.445940017700195,0.7620660066604614,0.5487391352653503,0.5487391352653503,0.2825106084346771,0.3327856659889221,12.597918033599854,0.0169335002843058,0.8,0.001,51,0.060383299998648,3.382034099995508,11.40167364016736,5.0,0.0179335002843058,True,51,shapley-20260606T031519Z-dad98d20,shapley,conditional,A,True,False,1.0,1.0
0.764925377709525,0.5441215464047023,0.5441215549196515,0.2828293102128165,0.3266152782099588,12.312365668160576,0.7611545622348785,0.5482582747936249,0.5482582747936249,0.2831728160381317,0.3313568383455276,11.871428966522217,0.0179335002843058,0.8,0.001,52,0.0598719000008713,3.4419059999963797,11.190965092402465,5.0,0.0189335002843058,True,52,shapley-20260606T031519Z-dad98d20,shapley,conditional,A,True,False,1.0,1.0
0.7740711229188102,0.5402775917734418,0.5402776088033404,0.2807545151029314,0.3244038607392992,12.348140716552734,0.7578426003456116,0.5468951463699341,0.5468951463699341,0.281234860420227,0.3320754021406173,11.141491889953612,0.0189335002843058,0.8,0.001,53,0.0631673999996564,3.505073399996036,10.987903225806448,5.0,0.0199335002843058,True,53,shapley-20260606T031519Z-dad98d20,shapley,conditional,A,True,False,1.0,1.0
0.7819604107311794,0.5502812096050808,0.5502812096050808,0.2874876090458461,0.3284920156002044,11.622606004987444,0.7716399133205414,0.5477053821086884,0.5477054119110107,0.2826986461877823,0.3312584459781647,11.23408031463623,0.0199335002843058,0.8,0.001,54,0.064057399999001,3.569130799995037,10.792079207920786,5.0,0.0209335002843058,True,54,shapley-20260606T031519Z-dad98d20,shapley,conditional,A,True,False,1.0,1.0
0.7891643643379211,0.5467958109719413,0.5467958194868905,0.2848774322441646,0.3273979893752506,11.578023093087332,0.7768093943595886,0.5491158366203308,0.5491158366203308,0.2821942567825317,0.3336519598960876,10.876993656158447,0.0209335002843058,0.8,0.001,55,0.0651562000020931,3.63428699999713,10.603112840466927,5.0,0.0219335002843058,True,55,shapley-20260606T031519Z-dad98d20,shapley,conditional,A,True,False,1.0,1.0
0.801273124558585,0.5506883604185921,0.5506883604185921,0.2880897862570626,0.3282482070582254,11.424750191824776,0.7829291224479675,0.5483120679855347,0.5483120679855347,0.2833820432424545,0.331162542104721,10.696744918823242,0.0219335002843058,0.8,0.001,56,0.0655796000028203,3.6998665999999503,10.42065009560229,5.0,0.0229335002843058,True,56,shapley-20260606T031519Z-dad98d20,shapley,conditional,A,True,False,1.0,1.0
0.8141751204218183,0.5594237531934466,0.5594237617083958,0.2938293644360134,0.3319929795605795,11.10826369694301,0.7951629757881165,0.5480600595474243,0.5480601191520691,0.2821331769227981,0.3324086368083954,10.774756908416748,0.0229335002843058,0.8,0.001,57,0.0623535000013362,3.7622201000012874,10.244360902255636,5.0,0.0239335002843058,True,57,shapley-20260606T031519Z-dad98d20,shapley,conditional,A,True,False,1.0,1.0
0.8240506308419364,0.5540006586483547,0.5540006586483547,0.2889169837747301,0.3313546010426113,11.283347266060966,0.7904929518699646,0.548396497964859,0.5483965277671814,0.2817762047052383,0.3332753777503967,10.115379333496094,0.0239335002843058,0.8,0.001,58,0.0632771999989927,3.825497300000279,10.073937153419593,5.0,0.0243479220850708,True,58,shapley-20260606T031519Z-dad98d20,shapley,conditional,A,True,False,1.0,1.0
0.8223161782537188,0.5629687053816659,0.5629686968667167,0.2946486813681466,0.3354000151157379,10.651729583740234,0.8013813197612762,0.5498510003089905,0.5498510003089905,0.2841355204582214,0.3321443647146225,10.330668449401855,0.0243479220850708,0.8,0.001,59,0.0622072000005573,3.887704500000837,9.909090909090908,5.0,0.0253479220850708,True,59,shapley-20260606T031519Z-dad98d20,shapley,conditional,A,True,False,1.0,1.0
0.8362489938735962,0.5639520287513733,0.5639520372663226,0.2959159399781908,0.3350451035158975,10.74237837110247,0.8229321837425232,0.5567593574523926,0.5567593574523926,0.2880048006772995,0.3359431624412536,10.50077486038208,0.0253479220850708,0.8,0.001,60,0.0630512000025191,3.950755700003356,9.749552772808585,5.0,0.0263479220850708,True,60,shapley-20260606T031519Z-dad98d20,shapley,conditional,A,True,False,1.0,1.0
0.8442495465278625,0.5695322496550423,0.5695322496550423,0.2988187968730926,0.3383918149130685,10.426525933401924,0.8196546733379364,0.553445041179657,0.553445041179657,0.2864650189876556,0.3337250500917434,10.103628635406494,0.0263479220850708,0.8,0.001,61,0.0608477999994647,4.0116035000028205,9.595070422535208,5.0,0.0273479220850708,True,61,shapley-20260606T031519Z-dad98d20,shapley,conditional,A,True,False,1.0,1.0
0.8609488351004464,0.571105922971453,0.5711059314864022,0.3001988189561026,0.3386338693755014,10.598352432250977,0.8196060061454773,0.5552118122577667,0.5552118122577667,0.2869286090135574,0.3353540003299713,9.667796611785889,0.0273479220850708,0.8,0.001,62,0.0589542000016081,4.070557700004429,9.44540727902946,5.0,0.0283479220850708,True,62,shapley-20260606T031519Z-dad98d20,shapley,conditional,A,True,False,1.0,1.0
0.8698662860052926,0.5841920716421944,0.5841920716421944,0.3070083515984671,0.3464796585696084,10.07743045261928,0.8266826868057251,0.5499223470687866,0.549922376871109,0.2832085490226745,0.3333922624588012,9.762985229492188,0.0283479220850708,0.8,0.001,63,0.0606903999978385,4.131248100002267,9.300341296928323,5.0,0.0293479220850708,True,63,shapley-20260606T031519Z-dad98d20,shapley,conditional,A,True,False,1.0,1.0
0.8764497126851764,0.5779328005654472,0.5779327920504979,0.3050852077347891,0.3410594761371612,10.17165402003697,0.8479138016700745,0.5558786392211914,0.5558786392211914,0.2869776338338852,0.3361262381076813,9.950795650482178,0.0293479220850708,0.8,0.001,64,0.0619349000007787,4.193183000003046,9.15966386554622,5.0,0.0303479220850708,True,64,shapley-20260606T031519Z-dad98d20,shapley,conditional,A,True,False,1.0,1.0
0.8816654597009931,0.5843783787318638,0.5843783787318638,0.3065922089985439,0.3472327206815992,9.795961788722447,0.8565323948860168,0.5528579652309418,0.5528579652309418,0.2850589454174042,0.3347487449645996,10.006433010101318,0.0303479220850708,0.8,0.001,65,0.0701736999981221,4.263356700001168,9.02317880794702,5.0,0.0313479220850708,True,65,shapley-20260606T031519Z-dad98d20,shapley,conditional,A,True,False,1.0,1.0
0.9010031393596104,0.5888777375221252,0.5888777375221252,0.3101647453648703,0.3483912306172507,9.956812858581545,0.842845231294632,0.5573154091835022,0.5573154091835022,0.2876975834369659,0.3370222449302673,9.108413219451904,0.0313479220850708,0.8,0.001,66,0.0597266999975545,4.323083399998723,8.890701468189235,5.0,0.0323479220850708,True,66,shapley-20260606T031519Z-dad98d20,shapley,conditional,A,True,False,1.0,1.0
0.9101112825529916,0.5982580695833478,0.5982580695833478,0.3163966451372419,0.3523267848151071,9.640595436096191,0.8583256602287292,0.559871256351471,0.559871256351471,0.2907701581716537,0.3363763839006424,9.226385593414308,0.0323479220850708,0.8,0.001,67,0.0597349999989091,4.382818399997632,8.762057877813504,5.0,0.0333479220850708,True,67,shapley-20260606T031519Z-dad98d20,shapley,conditional,A,True,False,1.0,1.0
0.9143060445785522,0.5978301593235561,0.5978301593235561,0.3147192171641758,0.3538886478969029,9.490122386387416,0.8632347285747528,0.5517526566982269,0.5517526566982269,0.2851417660713196,0.3332635909318924,9.340373992919922,0.0333479220850708,0.8,0.001,68,0.0590093999999226,4.441827799997554,8.637083993660859,5.0,0.0343479220850708,True,68,shapley-20260606T031519Z-dad98d20,shapley,conditional,A,True,False,1.0,1.0
0.91869284425463,0.5909057770456586,0.5909057770456586,0.311416996376855,0.3493609683854239,9.54314136505127,0.8586157560348511,0.5689696669578552,0.5689696371555328,0.2957284152507782,0.3415515124797821,8.432710647583008,0.0343479220850708,0.8,0.001,69,0.0595648999988043,4.501392699996359,8.515625,5.0,0.0335187785609009,True,69,shapley-20260606T031519Z-dad98d20,shapley,conditional,A,True,False,1.0,1.0
0.9117562089647564,0.5919725384031024,0.5919725298881531,0.3130205018179757,0.3486900457314082,9.5404326575143,0.8553735017776489,0.5603968799114227,0.5603969097137451,0.2921545505523681,0.3353029042482376,8.800339221954346,0.0335187785609009,0.8,0.001,70,0.0630447000003187,4.564437399996677,8.397534668721107,5.0,0.0345187785609009,True,70,shapley-20260606T031519Z-dad98d20,shapley,conditional,A,True,False,2.0,2.0
0.9242234655788968,0.602866530418396,0.602866530418396,0.3197730949946812,0.3538667772497449,9.309626306806292,0.8715446889400482,0.5507735013961792,0.5507735013961792,0.2855122089385986,0.3315766453742981,9.292657375335692,0.0345187785609009,0.8,0.001,71,0.0648672999996051,4.629304699996283,8.282674772036472,5.0,0.0355187785609009,True,71,shapley-20260606T031519Z-dad98d20,shapley,conditional,A,True,False,2.0,2.0
0.9154298986707416,0.5924182704516819,0.5924182789666312,0.3137684634753636,0.3483122544629233,9.094108172825404,0.8682531714439392,0.5517681539058685,0.5517681539058685,0.2862118631601333,0.3319453448057174,8.91035795211792,0.0355187785609009,0.8,0.001,72,0.0844509999988076,4.71375569999509,8.170914542728639,5.0,0.0365187785609009,True,72,shapley-20260606T031519Z-dad98d20,shapley,conditional,A,True,False,2.0,2.0
0.9306566970688956,0.6031255381447929,0.6031255381447929,0.319867913212095,0.3540720130716051,8.96884196145194,0.8780359625816345,0.5542058348655701,0.5542058348655701,0.286741241812706,0.3343307077884674,8.867496013641357,0.0365187785609009,0.8,0.001,73,0.0831115000000863,4.796867199995177,8.062130177514796,5.0,0.0375187785609009,True,73,shapley-20260606T031519Z-dad98d20,shapley,conditional,A,True,False,2.0,2.0
0.9420748182705472,0.6042414648192269,0.6042414648192269,0.3207286213125501,0.3543910469327654,9.004380771092006,0.8832617104053497,0.5589837431907654,0.5589837431907654,0.2903112173080444,0.3358406722545624,8.64308500289917,0.0375187785609009,0.8,0.001,74,0.0669187000021338,4.863785899997311,7.956204379562045,5.0,0.0385187785609009,True,74,shapley-20260606T031519Z-dad98d20,shapley,conditional,A,True,False,2.0,2.0
0.9588293773787362,0.6087734699249268,0.6087734699249268,0.3238980429513113,0.3560942794595446,9.087928227015905,0.8860814571380615,0.5612602233886719,0.5612602233886719,0.2912750691175461,0.3374814540147781,8.432801723480225,0.0385187785609009,0.8,0.001,75,0.0606095999974058,4.924395499994716,7.853025936599423,5.0,0.0395187785609009,True,75,shapley-20260606T031519Z-dad98d20,shapley,conditional,A,True,False,2.0,2.0
0.957419182573046,0.6138690284320286,0.6138690284320286,0.3248779092516218,0.361238888331822,8.693339892796107,0.8977412581443787,0.5684808790683746,0.5684808492660522,0.2975956201553345,0.3386065363883972,8.33174467086792,0.0395187785609009,0.8,0.001,76,0.0604208999975526,4.984816399992269,7.752489331436699,5.0,0.0405187785609009,True,76,shapley-20260606T031519Z-dad98d20,shapley,conditional,A,True,False,2.0,2.0
0.9799296515328544,0.6274066141673497,0.6274066141673497,0.3337130631719316,0.3671169281005859,8.700238364083427,0.9078465402126312,0.5680162906646729,0.5680162906646729,0.2949404865503311,0.3413447737693786,8.386981010437012,0.0405187785609009,0.8,0.001,77,0.0591534999985015,5.0439698999907705,7.65449438202247,5.0,0.0415187785609009,True,77,shapley-20260606T031519Z-dad98d20,shapley,conditional,A,True,False,2.0,2.0
0.990305347102029,0.6244525824274335,0.6244525824274335,0.3325373530387878,0.3648940324783325,8.811742373875209,0.9049087762832642,0.5611624121665955,0.5611624121665955,0.29160837829113,0.3369425237178802,8.279299259185791,0.0415187785609009,0.8,0.001,78,0.0648564999974041,5.108826399988175,7.558945908460473,5.0,0.0425187785609009,True,78,shapley-20260606T031519Z-dad98d20,shapley,conditional,A,True,False,2.0,2.0
0.9776971851076398,0.6248784235545567,0.6248784235545567,0.3304348502840314,0.3680544580732073,8.297951562064034,0.8946076929569244,0.5592115521430969,0.5592115223407745,0.2901131063699722,0.3363730013370514,7.888188123703003,0.0425187785609009,0.8,0.001,79,0.0618459999968763,5.170672399985051,7.465753424657535,5.0,0.0435187785609009,True,79,shapley-20260606T031519Z-dad98d20,shapley,conditional,A,True,False,2.0,2.0
0.9927845426968166,0.6313252534185138,0.631325261933463,0.3373571932315826,0.3674600805555071,8.30582400730678,0.9214610159397124,0.5644260346889496,0.5644260048866272,0.2928560674190521,0.3394624590873718,8.204158782958984,0.0435187785609009,0.8,0.001,80,0.0618785000006028,5.232550899985654,7.374830852503379,5.0,0.0445187785609009,True,80,shapley-20260606T031519Z-dad98d20,shapley,conditional,A,True,False,2.0,2.0
1.0001261149133955,0.6313863481794085,0.6313863566943577,0.3342667264597757,0.3713995175702231,8.282791273934501,0.9286635518074036,0.5607581436634064,0.5607581436634064,0.2907180339097976,0.3375501185655594,8.264050006866455,0.0445187785609009,0.8,0.001,81,0.0657099000018206,5.2982607999874745,7.286096256684488,5.0,0.0455187785609009,True,81,shapley-20260606T031519Z-dad98d20,shapley,conditional,A,True,False,2.0,2.0
1.0091523953846522,0.6299310582024711,0.6299310582024711,0.3306534716061183,0.3740969726017543,8.331096172332764,0.9079955220222472,0.5649587213993073,0.5649587213993073,0.293942928314209,0.3387697339057922,7.536159515380859,0.0455187785609009,0.8,0.001,82,0.0645873000030405,5.362848099990515,7.199471598414796,5.0,0.0465187785609009,True,82,shapley-20260606T031519Z-dad98d20,shapley,conditional,A,True,False,2.0,2.0
1.009410228048052,0.6390284895896912,0.6390284895896912,0.3407047731535775,0.3729046412876674,7.961982522691999,0.9103710055351256,0.5635227560997009,0.5635227262973785,0.2939866036176681,0.3369201570749283,7.456091165542602,0.0465187785609009,0.8,0.001,83,0.0601447000008192,5.422992799991334,7.114882506527415,5.0,0.0475187785609009,True,83,shapley-20260606T031519Z-dad98d20,shapley,conditional,A,True,False,2.0,2.0
1.0241285392216273,0.645325243473053,0.6453252519880023,0.3448392110211508,0.3756075544016702,7.971655028206961,0.9291473031044006,0.5691072344779968,0.5691072344779968,0.2968175560235977,0.3403620719909668,7.576794862747192,0.0475187785609009,0.8,0.001,84,0.0628185000023222,5.485811299993657,7.032258064516128,5.0,0.0485187785609009,True,84,shapley-20260606T031519Z-dad98d20,shapley,conditional,A,True,False,2.0,2.0
1.02415098462786,0.6443150639533997,0.644315072468349,0.3442108588559286,0.3751302574362073,7.828638076782227,0.9319827556610109,0.5585924983024597,0.5585924685001373,0.2904771566390991,0.3351441323757171,7.695788621902466,0.0485187785609009,0.8,0.001,85,0.0600707999983569,5.5458820999920135,6.951530612244902,5.0,0.0495187785609009,True,85,shapley-20260606T031519Z-dad98d20,shapley,conditional,A,True,False,2.0,2.0
1.039610539163862,0.6541528190885272,0.6541528020586286,0.348860821553639,0.381614978824343,7.784071513584682,0.9471389651298524,0.5676149129867554,0.5676149129867554,0.2966464906930923,0.3387105166912079,7.664245367050171,0.0495187785609009,0.8,0.001,86,0.0638891000016883,5.609771199993702,6.872635561160152,5.0,0.0505187785609009,True,86,shapley-20260606T031519Z-dad98d20,shapley,conditional,A,True,False,2.0,2.0
1.0435398987361364,0.6507906998906817,0.6507907084056309,0.3482855090073177,0.3781314960547856,7.774321419852121,0.9254785478115082,0.5729041695594788,0.5729041695594788,0.3000435978174209,0.3410757035017013,6.979076147079468,0.0505187785609009,0.8,0.001,87,0.059649899998476,5.669421099992178,6.795511221945134,5.0,0.0515187785609009,True,87,shapley-20260606T031519Z-dad98d20,shapley,conditional,A,True,False,2.0,2.0
1.0594172648021154,0.655854514666966,0.655854514666966,0.3500098373208727,0.3823058477469853,7.833313805716378,0.9457366466522216,0.5653961896896362,0.5653961896896362,0.2949411571025848,0.3380687683820724,7.382559061050415,0.0515187785609009,0.8,0.001,88,0.0624058000030345,5.731826899995212,6.720098643649813,5.0,0.0525187785609009,True,88,shapley-20260606T031519Z-dad98d20,shapley,conditional,A,True,False,2.0,2.0
1.0632722548076086,0.672130456992558,0.6721304484776088,0.3593128408704485,0.391022013766425,7.44765601839338,0.9559326767921448,0.568664014339447,0.568664014339447,0.2960523515939712,0.340764582157135,7.373908042907715,0.0525187785609009,0.8,0.001,89,0.063474500002485,5.7953013999976974,6.646341463414636,5.0,0.0535187785609009,True,89,shapley-20260606T031519Z-dad98d20,shapley,conditional,A,True,False,2.0,2.0
1.0250694581440516,0.6181064929280963,0.6611153313091823,0.3507595360279083,0.3879447366510118,7.604115622384207,0.9612470269203186,0.5760053396224976,0.5760053396224976,0.2964115142822265,0.3494922518730163,7.19825291633606,0.0535187785609009,0.8,0.001,90,0.0713971000004676,5.866698499998165,6.57418576598311,5.0,0.0545187785609009,True,90,shapley-20260606T031519Z-dad98d20,shapley,conditional,A,True,True,3.0,3.0
1.0304060322897777,0.6227208546229771,0.6718062247548785,0.3525170854159764,0.3991114284311022,7.477885518755231,0.9622097611427308,0.5837370157241821,0.5837370455265045,0.3020569682121277,0.3521000742912292,6.94206166267395,0.0545187785609009,0.8,0.001,91,0.0643314000008103,5.931029899998976,6.503579952267302,5.0,0.0555187785609009,True,91,shapley-20260606T031519Z-dad98d20,shapley,conditional,A,True,True,3.0,3.0
1.040028691291809,0.631079878125872,0.6773290293557304,0.3562588649136679,0.4013377002307347,7.365954739706857,0.9824380874633788,0.5791646540164948,0.5791646540164948,0.2982441037893295,0.3511506766080856,7.263730049133301,0.0555187785609009,0.8,0.001,92,0.065872400002263,5.996902300001239,6.434474616292796,5.0,0.0565187785609009,True,92,shapley-20260606T031519Z-dad98d20,shapley,conditional,A,True,True,3.0,3.0
1.0366536719458443,0.6203491943223136,0.6726883394377572,0.3520759344100952,0.4007654956408909,7.365772519792829,0.9618524610996246,0.5756978392601013,0.5756978392601013,0.2958298027515411,0.3498350083827972,6.832324504852295,0.0565187785609009,0.8,0.001,93,0.0665685999993002,6.063470900000539,6.3668224299065415,5.0,0.0575187785609009,True,93,shapley-20260606T031519Z-dad98d20,shapley,conditional,A,True,True,3.0,3.0
1.03581930909838,0.6295495629310608,0.6789251140185765,0.3571622925145285,0.4022035130432674,7.063253607068743,0.97090682387352,0.5780606269836426,0.578060656785965,0.2993668615818023,0.348367229104042,6.829876661300659,0.0575187785609009,0.8,0.001,94,0.06563019999885,6.129101099999389,6.300578034682083,5.0,0.0585187785609009,True,94,shapley-20260606T031519Z-dad98d20,shapley,conditional,A,True,True,3.0,3.0
1.0523261172430856,0.6325607895851135,0.6825995104653495,0.3604376869542258,0.4027022591659001,7.173172950744629,0.9903318583965302,0.5875558853149414,0.5875558853149414,0.30410897731781,0.3543086498975754,6.882849931716919,0.0585187785609009,0.8,0.001,95,0.068256200000178,6.197357299999567,6.235697940503435,5.0,0.0595187785609009,True,95,shapley-20260606T031519Z-dad98d20,shapley,conditional,A,True,True,3.0,3.0
1.0594372068132674,0.6331930586269924,0.6837360603468758,0.3587501900536673,0.4062323357377733,7.16150747026716,0.968926042318344,0.5757406055927277,0.5757405757904053,0.297693520784378,0.3475588262081146,6.606074094772339,0.0595187785609009,0.8,0.001,96,0.0650400999984412,6.262397399998008,6.172140430351078,5.0,0.0605187785609009,True,96,shapley-20260606T031519Z-dad98d20,shapley,conditional,A,True,True,3.0,3.0
1.070996267454965,0.651925095490047,0.7007871951375689,0.3715238784040723,0.411579144852502,6.924646581922259,1.008969396352768,0.5856163799762726,0.585616409778595,0.3020388334989548,0.3544719219207763,6.995398998260498,0.0605187785609009,0.8,0.001,97,0.063956900001358,6.326354299999366,6.109865470852014,5.0,0.0615187785609009,True,97,shapley-20260606T031519Z-dad98d20,shapley,conditional,A,True,True,3.0,3.0
1.0772051300321306,0.6473554287637983,0.6953979730606079,0.3660039901733398,0.411742491381509,6.987292902810233,0.9902760982513428,0.5824212729930878,0.5824212729930878,0.3010361939668655,0.3517313152551651,6.629761457443237,0.0615187785609009,0.8,0.001,98,0.065773899998021,6.392128199997387,6.048834628190896,5.0,0.0625187785609009,True,98,shapley-20260606T031519Z-dad98d20,shapley,conditional,A,True,True,3.0,3.0
1.078174250466483,0.654639082295554,0.7056541272572109,0.3714437357016972,0.4177629862512861,6.774527958461216,0.9880512058734894,0.586114764213562,0.586114764213562,0.3029921501874923,0.3539032340049743,6.429051876068115,0.0625187785609009,0.8,0.001,99,0.0677952999976696,6.459923499995057,5.989010989010993,5.0,0.0635187785609009,True,99,shapley-20260606T031519Z-dad98d20,shapley,conditional,A,True,True,3.0,3.0
1.093544568334307,0.6478660958153861,0.6958146350724357,0.3684712307793753,0.4091792532375881,7.016483919961112,0.9970218241214752,0.5860849916934967,0.5860849916934967,0.3049806952476501,0.3513803482055664,6.4695329666137695,0.0635187785609009,0.8,0.001,100,0.0638216999977885,6.523745199992845,5.930359085963005,5.0,0.0645187785609009,True,100,shapley-20260606T031519Z-dad98d20,shapley,conditional,A,True,True,3.0,3.0
1.0835971321378437,0.6590363298143659,0.7077018277985709,0.3756043783255985,0.4151218150343214,6.580421992710659,1.014026939868927,0.584698498249054,0.584698498249054,0.3034674227237701,0.3515388518571853,6.654317855834961,0.0645187785609009,0.8,0.001,101,0.0643562000004749,6.58810139999332,5.872844827586206,5.0,0.0655187785609009,True,101,shapley-20260606T031519Z-dad98d20,shapley,conditional,A,True,True,3.0,3.0
1.114332148006984,0.6670251573835101,0.7140483430453709,0.3796934698309217,0.4179435883249555,6.8271564074925015,1.0111971199512482,0.5910343527793884,0.5910343527793884,0.3062071055173874,0.3560340851545334,6.412859916687012,0.0655187785609009,0.8,0.001,102,0.0663585000002058,6.654459899993526,5.81643543223052,5.0,0.0665187785609009,True,102,shapley-20260606T031519Z-dad98d20,shapley,conditional,A,True,True,3.0,3.0
1.105798704283578,0.6696568386895316,0.7230651463781085,0.3819751228604998,0.4263625102383749,6.55667325428554,1.0289809107780457,0.5922875106334686,0.592287540435791,0.3081593811511993,0.3551601767539978,6.564963817596436,0.0665187785609009,0.8,0.001,103,0.0663781000002927,6.720837999993819,5.761099365750525,5.0,0.067518778560901,True,103,shapley-20260606T031519Z-dad98d20,shapley,conditional,A,True,True,3.0,3.0
1.112432292529515,0.6755926012992859,0.7267359324863979,0.3848695542131151,0.4273329632622855,6.469899109431675,1.004521131515503,0.5912005305290222,0.5912005305290222,0.3068932741880417,0.3553840667009353,6.121565341949463,0.067518778560901,0.8,0.001,104,0.0649462000001221,6.785784199993941,5.706806282722511,5.0,0.068518778560901,True,104,shapley-20260606T031519Z-dad98d20,shapley,conditional,A,True,True,3.0,3.0
1.117218358176095,0.6591286659240723,0.7130113754953656,0.3746747672557831,0.4229207464626857,6.685607705797468,1.0106697082519531,0.5978230535984039,0.5978230237960815,0.3119719177484512,0.3573139011859894,6.025306701660156,0.068518778560901,0.8,0.001,105,0.0641466000015498,6.849930799995491,5.65352697095436,5.0,0.069518778560901,True,105,shapley-20260606T031519Z-dad98d20,shapley,conditional,A,True,True,3.0,3.0
1.1105472530637468,0.6734544379370553,0.7279381837163653,0.3849319177014487,0.428757837840489,6.287406035831997,1.0218281149864197,0.5944647789001465,0.5944647789001465,0.3083693087100982,0.3576193153858185,6.147450685501099,0.069518778560901,0.8,0.001,106,0.0672336999996332,6.917164499995124,5.601233299075027,5.0,0.070518778560901,True,106,shapley-20260606T031519Z-dad98d20,shapley,conditional,A,True,True,3.0,3.0
1.1169221912111555,0.6677190065383911,0.722898040499006,0.3808532995837075,0.4275559229510171,6.3699798583984375,1.014696717262268,0.591864287853241,0.591864287853241,0.3071208447217941,0.3559293448925018,5.996026515960693,0.070518778560901,0.8,0.001,107,0.0681021999989752,6.985266699994099,5.549898167006106,5.0,0.071518778560901,True,107,shapley-20260606T031519Z-dad98d20,shapley,conditional,A,True,True,3.0,3.0
1.123908826283046,0.6793500866208758,0.7340922100203378,0.3876171197210039,0.433093854359218,6.215972151075091,1.023588478565216,0.593179851770401,0.5931798815727234,0.30759397149086,0.3569823801517486,6.018121004104614,0.071518778560901,0.8,0.001,108,0.0655683999975735,7.050835099991673,5.499495459132191,5.0,0.072518778560901,True,108,shapley-20260606T031519Z-dad98d20,shapley,conditional,A,True,True,3.0,3.0
1.1284674916948592,0.6763444457735334,0.7282462205205645,0.3858601450920105,0.4279825942856924,6.234564849308559,1.0218226909637451,0.6020646095275879,0.6020646095275879,0.3129289001226425,0.3614196479320526,5.788267612457275,0.072518778560901,0.8,0.001,109,0.0662212999995972,7.11705639999127,5.450000000000003,5.0,0.073518778560901,True,109,shapley-20260606T031519Z-dad98d20,shapley,conditional,A,True,True,3.0,3.0
1.1195625237056188,0.6780644399779183,0.733408544744764,0.3875044413975307,0.4323801355702536,6.005242552076068,1.0296735763549805,0.5947287678718567,0.5947287380695343,0.3103314787149429,0.3554965704679489,5.916105270385742,0.073518778560901,0.8,0.001,110,0.0648263000002771,7.181882699991547,5.401387512388503,5.0,0.074518778560901,True,110,shapley-20260606T031519Z-dad98d20,shapley,conditional,A,True,True,4.0,4.0
1.134827698980059,0.6792821288108826,0.7351093717983791,0.3893646172114781,0.4321809240749904,6.113164969852993,1.009471356868744,0.6014350652694702,0.6014350652694702,0.3138788640499115,0.3594452440738678,5.475616931915283,0.074518778560901,0.8,0.001,111,0.064011999998911,7.245894699990458,5.353634577603145,5.0,0.075518778560901,True,111,shapley-20260606T031519Z-dad98d20,shapley,conditional,A,True,True,4.0,4.0
1.1412484986441476,0.6953086597578866,0.7501763956887382,0.3981598147324153,0.4400206974574497,5.905019010816302,1.052760124206543,0.5950210392475128,0.5950210392475128,0.3099698424339294,0.3563139736652374,6.0612616539001465,0.075518778560901,0.8,0.001,112,0.0693640999998024,7.315258799990261,5.306718597857838,5.0,0.076518778560901,True,112,shapley-20260606T031519Z-dad98d20,shapley,conditional,A,True,True,4.0,4.0
1.1533338853291102,0.6887763653482709,0.7414878606796265,0.3939793578216007,0.4343856062207903,6.071156774248395,1.0473712086677551,0.5967393517494202,0.5967393219470978,0.3117608875036239,0.3562230467796325,5.889167070388794,0.076518778560901,0.8,0.001,113,0.070398899999418,7.385657699989679,5.260617760617762,5.0,0.077518778560901,True,113,shapley-20260606T031519Z-dad98d20,shapley,conditional,A,True,True,4.0,4.0
1.1607495546340942,0.7008128081049237,0.7556253245898655,0.4022653060300009,0.4416999902044023,5.933230127607073,1.0712217092514038,0.609841525554657,0.609841525554657,0.3202489018440246,0.3619907647371292,5.951850175857544,0.077518778560901,0.8,0.001,114,0.0683628000006137,7.454020499990293,5.215311004784688,5.0,0.078518778560901,True,114,shapley-20260606T031519Z-dad98d20,shapley,conditional,A,True,True,4.0,4.0
1.166637795312064,0.6880165593964713,0.742935027394976,0.394102543592453,0.4360405930450984,6.095627852848598,1.0261269211769104,0.6050793826580048,0.6050793826580048,0.3159500360488891,0.3614116758108139,5.362380504608154,0.078518778560901,0.8,0.001,115,0.0755676999979186,7.529588199988211,5.170777988614802,5.0,0.079518778560901,True,115,shapley-20260606T031519Z-dad98d20,shapley,conditional,A,True,True,4.0,4.0
1.1736607721873693,0.7119362269129071,0.7673956411225455,0.4074653046471732,0.4499129014355795,5.806484426770892,1.0582875609397888,0.604910135269165,0.604910135269165,0.317126452922821,0.3597295880317688,5.7015135288238525,0.079518778560901,0.8,0.001,116,0.0786570999989635,7.608245299987175,5.126999059266225,5.0,0.080518778560901,True,116,shapley-20260606T031519Z-dad98d20,shapley,conditional,A,True,True,4.0,4.0
1.1732693740299769,0.7051942263330732,0.7577039769717625,0.403674806867327,0.4425364434719085,5.813241822378976,1.06889545917511,0.6073325276374817,0.6073325276374817,0.3173887133598327,0.3624297827482223,5.732363224029541,0.080518778560901,0.8,0.001,117,0.0720820999995339,7.680327399986709,5.083955223880601,5.0,0.081518778560901,True,117,shapley-20260606T031519Z-dad98d20,shapley,conditional,A,True,True,4.0,4.0
1.1756113597324915,0.7089081065995353,0.7648806316511971,0.406648827450616,0.4477897584438324,5.725101334708078,1.0354551076889038,0.6131292879581451,0.6131293177604675,0.3213042467832565,0.3647812902927398,5.180718660354614,0.081518778560901,0.8,0.001,118,0.074312100001407,7.754639499988116,5.04162812210916,5.0,0.082518778560901,True,118,shapley-20260606T031519Z-dad98d20,shapley,conditional,A,True,True,4.0,4.0
1.190948724746704,0.7150430934769767,0.7705873591559274,0.4087456720215933,0.4523020940167563,5.767240115574428,1.0634795427322388,0.6154741644859314,0.6154741644859314,0.3229271918535232,0.3656836748123169,5.429132461547852,0.082518778560901,0.8,0.001,119,0.0704308999993372,7.825070399987453,5.0,5.0,0.083518778560901,True,119,shapley-20260606T031519Z-dad98d20,shapley,conditional,A,True,True,4.0,4.0
1.1871980939592637,0.7252322775976998,0.7760215401649475,0.4156702586582729,0.4504390912396567,5.531280653817313,1.0915329456329346,0.6067582070827484,0.606758177280426,0.3162755668163299,0.363103300333023,5.804380178451538,0.083518778560901,0.8,0.001,120,0.0676926000014646,7.892762999988918,5.0,5.0,0.0915625803454164,True,120,shapley-20260606T031519Z-dad98d20,shapley,conditional,A,True,True,4.0,4.0
1.2374712909970964,0.7395190341132027,0.7962387374469212,0.4227264182908194,0.4668904032026018,5.438381399427142,1.0786808133125303,0.6207303106784821,0.6207303106784821,0.3250010460615158,0.3696615397930145,5.00150203704834,0.0915625803454164,0.8,0.001,121,0.0663982000005489,7.959161199989467,5.0,5.0,0.0915776007158997,True,121,shapley-20260606T031519Z-dad98d20,shapley,conditional,A,True,True,4.0,4.0
1.2438575199672155,0.7233310001237052,0.7796781318528312,0.412516747202192,0.4589517371995108,5.683993543897357,1.087065041065216,0.6136371791362762,0.6136371791362762,0.3215205818414688,0.365145742893219,5.169690370559692,0.0915776007158997,0.8,0.001,122,0.0643296000016562,8.023490799991123,5.0,5.0,0.0932745044214967,True,122,shapley-20260606T031519Z-dad98d20,shapley,conditional,A,True,True,4.0,4.0
1.2392467941556655,0.7572316442217145,0.8101880294936044,0.435273357800075,0.4686433374881744,5.1677053315298895,1.1008632183074951,0.6190643310546875,0.6190643012523651,0.3254179209470749,0.3670579791069031,5.165387153625488,0.0932745044214967,0.8,0.001,123,0.0668817000005219,8.090372499991645,5.0,5.0,0.0949283759577516,True,123,shapley-20260606T031519Z-dad98d20,shapley,conditional,A,True,True,4.0,4.0
1.2449779169900077,0.7460990292685372,0.804254582950047,0.4280841818877628,0.4702130002634866,5.255318982260568,1.095891535282135,0.6281791925430298,0.6281791925430298,0.3305027931928634,0.3720954954624176,4.927001953125,0.0949283759577516,0.8,0.001,124,0.0698750000010477,8.160247499992693,5.0,5.0,0.0941983954890016,True,124,shapley-20260606T031519Z-dad98d20,shapley,conditional,A,True,True,4.0,4.0
1.2438757760184151,0.7522446428026471,0.8068005272320339,0.4316731435911996,0.4689092338085174,5.219103200095041,1.1022214889526367,0.6332917809486389,0.6332917809486389,0.3343487679958343,0.3736787140369415,4.97810697555542,0.0941983954890016,0.8,0.001,125,0.0668288999986543,8.227076399991347,5.0,5.0,0.0939794652445558,True,125,shapley-20260606T031519Z-dad98d20,shapley,conditional,A,True,True,4.0,4.0
1.2577426263264246,0.7614374501364571,0.8137217078890119,0.4345610737800598,0.4739507819925035,5.2809962545122415,1.101930022239685,0.6342616677284241,0.6342616677284241,0.3339976072311401,0.3753300458192825,4.976282835006714,0.0939794652445558,0.8,0.001,126,0.070654099999956,8.297730499991303,5.0,5.0,0.0937422935946229,True,126,shapley-20260606T031519Z-dad98d20,shapley,conditional,A,True,True,4.0,4.0
1.2476946115493774,0.7654874835695539,0.8225023235593524,0.4377864130905696,0.4808948636054992,5.143965244293213,1.1034370064735413,0.6303780674934387,0.6303780972957611,0.3320178836584091,0.3729502856731415,5.046376943588257,0.0937422935946229,0.8,0.001,127,0.0664373999970848,8.364167899988388,5.0,5.0,0.0942060630305055,True,127,shapley-20260606T031519Z-dad98d20,shapley,conditional,A,True,True,4.0,4.0
1.2506638765335083,0.7456746697425842,0.7979113204138619,0.427443585225514,0.4630846764360155,5.360474858965192,1.0866746306419373,0.6252118647098541,0.6252118945121765,0.3299800157546997,0.3690398037433624,4.89844012260437,0.0942060630305055,0.8,0.0007,128,0.0935917999995581,8.457759699987946,5.0,5.0,0.0931904642565492,True,128,shapley-20260606T031519Z-dad98d20,shapley,conditional,A,True,True,4.0,4.0
1.2418178490230016,0.772224349634988,0.8259664859090533,0.4425048955849239,0.479326993227005,5.039072513580322,1.1199693083763125,0.6242372095584869,0.6242371797561646,0.3278519213199615,0.3704816102981567,5.31955885887146,0.0931904642565492,0.8,0.0007,129,0.0914089999969292,8.549168699984875,5.0,5.0,0.0963860528452638,True,129,shapley-20260606T031519Z-dad98d20,shapley,conditional,A,True,True,4.0,4.0
1.2560489007404871,0.7131721377372742,0.770775386265346,0.4096353437219347,0.4514250585011073,5.632316589355469,1.0865576267242432,0.6248859167098999,0.6248859167098999,0.329245314002037,0.3695507496595382,4.789819002151489,0.0963860528452638,0.8,0.0007,130,0.089165999997931,8.638334699982806,5.0,5.0,0.0942842428667787,True,130,shapley-20260606T031519Z-dad98d20,shapley,conditional,A,True,True,5.0,5.0
1.2385748624801636,0.7683132120541164,0.8287691984857831,0.440422922372818,0.4854328462055751,4.987701075417655,1.1025709509849548,0.6221064627170563,0.6221064925193787,0.3276638835668564,0.3680532425642013,5.095915079116821,0.0942842428667787,0.8,0.0007,131,0.0852962999997544,8.72363099998256,5.0,5.0,0.0952433936579469,True,131,shapley-20260606T031519Z-dad98d20,shapley,conditional,A,True,True,5.0,5.0
1.2385257652827673,0.7342854482786996,0.7898429206439427,0.4221817638192858,0.4595764194216047,5.294228485652378,1.0937868356704712,0.6246140003204346,0.6246140003204346,0.3294695913791656,0.3689305037260055,4.926040649414063,0.0952433936579469,0.8,0.0007,132,0.0818311000002722,8.805462099982833,5.0,5.0,0.0945038001520875,True,132,shapley-20260606T031519Z-dad98d20,shapley,conditional,A,True,True,5.0,5.0
1.23658321584974,0.7439509034156799,0.8019571134022304,0.4280363363879068,0.4674009553023747,5.212830679757254,1.1038334965705872,0.6260879039764404,0.6260879039764404,0.3298731446266174,0.3702684342861175,5.0553061962127686,0.0945038001520875,0.8,0.0007,133,0.0641622000002826,8.869624299983116,5.0,5.0,0.0950568621142152,True,133,shapley-20260606T031519Z-dad98d20,shapley,conditional,A,True,True,5.0,5.0
1.230900832584926,0.7244312167167664,0.78567807163511,0.4178063614027841,0.4598396292754582,5.328069959368024,1.0720553398132324,0.6276950240135193,0.6276949942111969,0.3306161612272262,0.3713485151529312,4.674678802490234,0.0950568621142152,0.8,0.0007,134,0.0716205999997328,8.941244899982848,5.0,5.0,0.0918036501391175,True,134,shapley-20260606T031519Z-dad98d20,shapley,conditional,A,True,True,5.0,5.0
1.2200021403176444,0.748759252684457,0.8079860976764134,0.4297371762139456,0.4728111496993473,5.133160863603864,1.0900689363479614,0.6201106905937195,0.6201106905937195,0.3265294730663299,0.3669765144586563,5.119167327880859,0.0918036501391175,0.8,0.0007,135,0.0649645000012242,9.006209399984073,5.0,5.0,0.0929953234179261,True,135,shapley-20260606T031519Z-dad98d20,shapley,conditional,A,True,True,5.0,5.0
1.2270927258900233,0.7365707499640328,0.7934020587376186,0.4251039241041456,0.4603726608412606,5.2746951920645575,1.078997552394867,0.6196238100528717,0.6196238398551941,0.3258674889802933,0.3671953976154327,4.939750909805298,0.0929953234179261,0.8,0.00049,136,0.068551500000467,9.07476089998454,5.0,5.0,0.0923928325159791,True,136,shapley-20260606T031519Z-dad98d20,shapley,conditional,A,True,True,5.0,5.0
1.2130698476518904,0.7262975743838719,0.7835994192532131,0.418840365750449,0.4559488126209804,5.268506935664585,1.0895822048187256,0.6166489720344543,0.6166489720344543,0.3245871067047119,0.365077331662178,5.118722677230835,0.0923928325159791,0.8,0.00049,137,0.0711396999977296,9.14590059998227,5.0,5.0,0.0935800592882874,True,137,shapley-20260606T031519Z-dad98d20,shapley,conditional,A,True,True,5.0,5.0
1.218681710106986,0.7231554559298924,0.7819592271532331,0.4174331724643707,0.4556575715541839,5.295211723872593,1.069983422756195,0.6171424388885498,0.6171424388885498,0.3244945555925369,0.365809828042984,4.839075326919556,0.0935800592882874,0.8,0.00049,138,0.0649051000000326,9.210805699982302,5.0,5.0,0.091970812557483,True,138,shapley-20260606T031519Z-dad98d20,shapley,conditional,A,True,True,5.0,5.0
1.2142918791089738,0.738727697304317,0.7994883230754307,0.424865973847253,0.4682779312133789,5.170816489628384,1.092007577419281,0.6152244210243225,0.6152244210243225,0.3233347684144974,0.3648620545864105,5.184070348739624,0.091970812557483,0.8,0.00049,139,0.0696162000022013,9.280421899984503,5.0,5.0,0.0938115160448792,True,139,shapley-20260606T031519Z-dad98d20,shapley,conditional,A,True,True,5.0,5.0
1.2118396588734217,0.7051066160202026,0.7662672315325055,0.4073260085923331,0.448676518031529,5.401607922145298,1.0757887959480286,0.6218834519386292,0.6218834221363068,0.3277475833892822,0.3676698058843612,4.838481664657593,0.0938115160448792,0.8,0.00049,140,0.0677337000015541,9.348155599986056,5.0,5.0,0.0921963326914552,True,140,shapley-20260606T031519Z-dad98d20,shapley,conditional,A,True,True,5.0,5.0
1.205202647617885,0.739365645817348,0.7971807377679008,0.4260192854063852,0.4639518133231571,5.0526629856654575,1.0849559903144836,0.6138156056404114,0.6138156056404114,0.3218191564083099,0.3649955838918686,5.110186338424683,0.0921963326914552,0.8,0.00049,141,0.0679692000012437,9.4161247999873,5.0,5.0,0.093298196075702,True,141,shapley-20260606T031519Z-dad98d20,shapley,conditional,A,True,True,5.0,5.0
1.2241957357951574,0.7190336414745876,0.7789021474974496,0.4138147873537881,0.4563591863427843,5.414489337376186,1.0932214856147766,0.6139349341392517,0.6139349341392517,0.3225124329328537,0.364278107881546,5.1371471881866455,0.093298196075702,0.8,0.00049,142,0.0640856999998504,9.480210499987152,5.0,5.0,0.0946696679575684,True,142,shapley-20260606T031519Z-dad98d20,shapley,conditional,A,True,True,5.0,5.0
1.226593852043152,0.7298783489636013,0.7917167203766959,0.4193172241960253,0.4654993457453591,5.246828419821603,1.0869951844215393,0.6168999969959259,0.6168999969959259,0.3237020969390869,0.3664973527193069,4.965636491775513,0.0946696679575684,0.8,0.00049,143,0.0684571999991021,9.548667699986254,5.0,5.0,0.0943260328753236,True,143,shapley-20260606T031519Z-dad98d20,shapley,conditional,A,True,True,5.0,5.0
1.2124437604631697,0.7169562663350787,0.779442480632237,0.4120752428259168,0.4592090206486838,5.252924374171665,1.081307291984558,0.6192546188831329,0.6192546486854553,0.3256441503763199,0.3670131117105484,4.898463726043701,0.0943260328753236,0.8,0.00049,144,0.0718847000025562,9.62055239998881,5.0,5.0,0.0933106701357606,True,144,shapley-20260606T031519Z-dad98d20,shapley,conditional,A,True,True,5.0,5.0
1.2113350289208549,0.7352208495140076,0.7959162848336356,0.4228953889438084,0.466276113476072,5.102462291717529,1.0888704657554626,0.6194273233413696,0.6194273233413696,0.3255254626274109,0.367377296090126,5.030970096588135,0.0933106701357606,0.8,0.00049,145,0.0638566000015998,9.68440899999041,5.0,5.0,0.0936203711016419,True,145,shapley-20260606T031519Z-dad98d20,shapley,conditional,A,True,True,5.0,5.0
1.2088263034820557,0.7147687332970756,0.7740423849650792,0.411673081772668,0.4529616406985691,5.277244022914341,1.0790261626243591,0.6175598800182343,0.6175598800182343,0.3246160894632339,0.3661797195672989,4.929122686386108,0.0936203711016419,0.8,0.000343,146,0.0662613999993482,9.750670399989758,5.0,5.0,0.092911597965503,True,146,shapley-20260606T031519Z-dad98d20,shapley,conditional,A,True,True,5.0,5.0
1.1969537053789412,0.7215389949934823,0.7817694885390145,0.415359045778002,0.4580130236489432,5.116849899291992,1.0695607662200928,0.6121320724487305,0.6121321022510529,0.32095567882061,0.3639705032110214,4.9232683181762695,0.092911597965503,0.8,0.000343,147,0.0640125999998417,9.8146829999896,5.0,5.0,0.0921442811472657,True,147,shapley-20260606T031519Z-dad98d20,shapley,conditional,A,True,True,5.0,5.0
1.2046916825430731,0.7242728301456997,0.7818283438682556,0.4167808081422533,0.4563094164643969,5.21376759665353,1.084106206893921,0.6111308336257935,0.6111308336257935,0.3206156492233276,0.3631439954042434,5.132986545562744,0.0921442811472657,0.8,0.000343,148,0.0687422000009974,9.883425199990596,5.0,5.0,0.0934741466028931,True,148,shapley-20260606T031519Z-dad98d20,shapley,conditional,A,True,True,5.0,5.0
1.2099954911640711,0.7015549285071236,0.7628489221845355,0.404713545526777,0.4476692250796726,5.439370904650007,1.100056767463684,0.6147984266281128,0.6147984266281128,0.3233538568019867,0.3643057197332382,5.191364526748657,0.0934741466028931,0.8,0.000343,149,0.0632684000011067,9.946693599991704,5.0,5.0,0.0953877918703797,True,149,shapley-20260606T031519Z-dad98d20,shapley,conditional,A,True,True,5.0,5.0
1.199978572981698,0.7062717165265765,0.7650263224329267,0.4079744347504207,0.4463148415088653,5.175786563328335,1.057672142982483,0.6148371994495392,0.6148371994495392,0.3229320794343948,0.3648814111948013,4.642470359802246,0.0953877918703797,0.8,0.000343,150,0.0639164999993227,10.010610099991029,5.0,5.0,0.0918124954684022,True,150,shapley-20260606T031519Z-dad98d20,shapley,conditional,A,True,True,5.0,5.0
1.196097901889256,0.7365490368434361,0.7982915043830872,0.4236823618412018,0.4682614079543522,5.005297524588449,1.0789186358451843,0.6093854308128357,0.6093854308128357,0.3194835782051086,0.3623773157596588,5.114044904708862,0.0918124954684022,0.8,0.000343,151,0.066440299997339,10.077050399988366,5.0,5.0,0.0929529445154908,True,151,shapley-20260606T031519Z-dad98d20,shapley,conditional,A,True,True,5.0,5.0
1.1877498115812029,0.6820033277784076,0.7427815794944763,0.3954351033483232,0.4341830696378435,5.440886974334717,1.077755093574524,0.6117100119590759,0.6117100119590759,0.3211708664894104,0.3631739318370819,5.013774394989014,0.0929529445154908,0.8,0.000343,152,0.0655568999973184,10.142607299985684,5.0,5.0,0.0930906884653809,True,152,shapley-20260606T031519Z-dad98d20,shapley,conditional,A,True,True,5.0,5.0
1.1959091765539986,0.7203563877514431,0.7810324856213161,0.4155656014169965,0.4568335882255009,5.108489445277622,1.0561968088150024,0.6156511306762695,0.6156511008739471,0.3234852701425552,0.3652072846889496,4.732435464859009,0.0930906884653809,0.8,0.000343,153,0.0657064999977592,10.208313799983443,5.0,5.0,0.090415043113971,True,153,shapley-20260606T031519Z-dad98d20,shapley,conditional,A,True,True,5.0,5.0
1.1872959647859846,0.728229250226702,0.7874244451522827,0.4205417249883924,0.4586033906255449,5.077326774597168,1.071144700050354,0.6118938624858856,0.6118938624858856,0.3212408870458603,0.3633162081241607,5.0793633460998535,0.090415043113971,0.8,0.000343,154,0.0680964999992284,10.276410299982672,5.0,5.0,0.0912086765749696,True,154,shapley-20260606T031519Z-dad98d20,shapley,conditional,A,True,True,5.0,5.0
1.1815244129725866,0.6863395656858172,0.7474171093532017,0.3964469262531825,0.4387127118451254,5.429142202649798,1.0802416801452637,0.6102380752563477,0.6102380752563477,0.3200133144855499,0.3627809137105942,5.153058052062988,0.0912086765749696,0.8,0.000343,155,0.0677156999990984,10.34412599998177,5.0,5.0,0.0927392570955994,True,155,shapley-20260606T031519Z-dad98d20,shapley,conditional,A,True,True,5.0,5.0
1.2083614894321986,0.7205560718263898,0.7842061519622803,0.4149342392172132,0.4615898770945413,5.259967054639544,1.0761127471923828,0.6143368184566498,0.6143368184566498,0.3224020898342132,0.3649183809757232,4.979293584823608,0.0927392570955994,0.8,0.000343,156,0.0728456999968329,10.416971699978603,5.0,5.0,0.0925321929438355,True,156,shapley-20260606T031519Z-dad98d20,shapley,conditional,A,True,True,5.0,5.0
1.2002027545656475,0.7037844998495919,0.7620004074914115,0.4059684361730303,0.4450399492468153,5.36481659752982,1.0885924100875854,0.6111137866973877,0.6111138164997101,0.3201876431703567,0.3636577129364013,5.16013503074646,0.0925321929438355,0.8,0.000343,157,0.0751053000021784,10.492076999980782,5.0,5.0,0.0941335432513001,True,157,shapley-20260606T031519Z-dad98d20,shapley,conditional,A,True,True,5.0,5.0
1.2000765289579118,0.6990617173058646,0.7568626999855042,0.4035227852208273,0.4416748711041042,5.322383471897671,1.073475420475006,0.6100711822509766,0.610071212053299,0.3195086419582367,0.3632031977176666,4.9228386878967285,0.0941335432513001,0.8,0.0002400999999999,158,0.0652599999993981,10.55733699998018,5.0,5.0,0.0933619301302674,True,158,shapley-20260606T031519Z-dad98d20,shapley,conditional,A,True,True,5.0,5.0
1.1983049767357965,0.7250628811972482,0.78401460817882,0.4202198130743844,0.4547434874943324,5.068897860390799,1.06358802318573,0.6123007237911224,0.6123007535934448,0.3212147504091263,0.3638574630022049,4.833740472793579,0.0933619301302674,0.8,0.0002400999999999,159,0.0632363000004261,10.620573299980606,5.0,5.0,0.0916993348582032,True,159,shapley-20260606T031519Z-dad98d20,shapley,conditional,A,True,True,5.0,5.0
1.1835432052612305,0.7038954836981637,0.7636886324201312,0.4060992130211421,0.4469867731843676,5.230656623840332,1.0826848149299622,0.6121588945388794,0.6121588945388794,0.3213157653808594,0.3635539412498474,5.131181478500366,0.0916993348582032,0.8,0.0002400999999999,160,0.067236300001241,10.687809599981849,5.0,5.0,0.0930111496432069,True,160,shapley-20260606T031519Z-dad98d20,shapley,conditional,A,True,True,5.0,5.0
1.1878540515899658,0.6916695407458714,0.754233717918396,0.3980243631771633,0.4452616955552782,5.334677696228027,1.067297279834747,0.6110935211181641,0.6110935211181641,0.320504680275917,0.3632360696792602,4.904828786849976,0.0930111496432069,0.8,0.0002400999999999,161,0.063963299999159,10.751772899981006,5.0,5.0,0.0920594375117066,True,161,shapley-20260606T031519Z-dad98d20,shapley,conditional,A,True,True,5.0,5.0
1.1870805706296648,0.7192773733820234,0.7782004220145089,0.4139705981527056,0.4552872564111437,5.081534045083182,1.0608341097831726,0.6110245883464813,0.6110245585441589,0.3205626159906387,0.3630774468183517,4.88607668876648,0.0920594375117066,0.8,0.0002400999999999,162,0.0648980999976629,10.816670999978667,5.0,5.0,0.0909202043993714,True,162,shapley-20260606T031519Z-dad98d20,shapley,conditional,A,True,True,5.0,5.0
1.1754853214536394,0.7008316261427743,0.7620174373899188,0.403743918452944,0.4478419039930616,5.220552785055978,1.0727389454841614,0.6090423166751862,0.6090423166751862,0.3195834159851074,0.3618235886096954,5.100039482116699,0.0909202043993714,0.8,0.0001680699999999,163,0.0626329999977315,10.8793039999764,5.0,5.0,0.0919205992205384,True,163,shapley-20260606T031519Z-dad98d20,shapley,conditional,A,True,True,5.0,5.0
1.1862436532974243,0.6936495815004621,0.7578530567032951,0.4004938091550554,0.4466990615640367,5.358908653259277,1.073503077030182,0.6090905964374542,0.6090905964374542,0.3197060078382492,0.3617307394742965,5.052322149276733,0.0919205992205384,0.8,0.0001680699999999,164,0.0681906999998318,10.947494699976232,5.0,5.0,0.0924438207133057,True,164,shapley-20260606T031519Z-dad98d20,shapley,conditional,A,True,True,5.0,5.0
1.1972742591585432,0.7097173418317523,0.7709289874349322,0.4087845640523093,0.4526805324213845,5.274088382720947,1.0750203728675842,0.6085465848445892,0.6085465550422668,0.319073885679245,0.3618408292531967,5.046024560928345,0.0924438207133057,0.8,0.0001680699999999,165,0.0662201000013738,11.013714799977606,5.0,5.0,0.0929040663225892,True,165,shapley-20260606T031519Z-dad98d20,shapley,conditional,A,True,True,5.0,5.0
1.1928130728857858,0.7009598783084324,0.7605202708925519,0.4035471890653883,0.4462163405758994,5.294205188751221,1.0748448371887207,0.6061797738075256,0.606179803609848,0.3173674792051315,0.3610154092311859,5.044612884521484,0.0929040663225892,0.8,0.0001680699999999,166,0.0636548000002221,11.077369599977828,5.0,5.0,0.093350195167804,True,166,shapley-20260606T031519Z-dad98d20,shapley,conditional,A,True,True,5.0,5.0
1.203592368534633,0.7104163255010333,0.7690328274454389,0.4097701183387211,0.4490783810615539,5.283074515206473,1.081607460975647,0.607753187417984,0.607753187417984,0.3187205642461777,0.361290767788887,5.076092958450317,0.093350195167804,0.8,0.0001680699999999,167,0.0643636999993759,11.141733299977204,5.0,5.0,0.0941111247523072,True,167,shapley-20260606T031519Z-dad98d20,shapley,conditional,A,True,True,5.0,5.0
1.212771245411464,0.712518606867109,0.7738983375685555,0.4104965797492436,0.4542522047247205,5.315552915845599,1.0855762958526611,0.6090886890888214,0.6090886890888214,0.3196347206830978,0.3618174642324447,5.063032150268555,0.0941111247523072,0.8,0.0001176489999999,168,0.0685814000025857,11.21031469997979,5.0,5.0,0.0947414462549928,True,168,shapley-20260606T031519Z-dad98d20,shapley,conditional,A,True,True,5.0,5.0
1.1996473584856306,0.6985804438591003,0.7593772837093898,0.4036292007991245,0.4446851015090942,5.28878252846854,1.0885128378868103,0.609708160161972,0.6097081303596497,0.3200252950191498,0.3621035814285278,5.053803443908691,0.0947414462549928,0.8,0.0001176489999999,169,0.0644075999989581,11.274722299978748,5.0,5.0,0.0952794806940797,True,169,shapley-20260606T031519Z-dad98d20,shapley,conditional,A,True,True,5.0,5.0
1.2105237245559692,0.7085561837468829,0.7691160951341901,0.4082417317799159,0.4510929414204189,5.268370151519775,1.0847166180610657,0.6095638573169708,0.6095638573169708,0.319929376244545,0.3620430827140808,4.986937522888184,0.0952794806940797,0.8,0.0001176489999999,170,0.0649772999968263,11.339699599975576,5.0,5.0,0.0951488559229615,True,170,shapley-20260606T031519Z-dad98d20,shapley,conditional,A,True,True,6.0,6.0
1.2006691694259644,0.7040125046457563,0.7658788476671491,0.4065440254552023,0.4491684947695051,5.219786030905588,1.0783607959747314,0.6079946756362915,0.6079946756362915,0.3187313079833984,0.3615791797637939,4.943476915359497,0.0951488559229615,0.8,0.0001176489999999,171,0.0649582000005466,11.40465779997612,5.0,5.0,0.0945836250765565,True,171,shapley-20260606T031519Z-dad98d20,shapley,conditional,A,True,True,6.0,6.0
1.196222526686532,0.7069001453263419,0.7680796299661908,0.4061426392623356,0.4524212138993399,5.173436846051898,1.0694169998168943,0.6080158948898315,0.6080158948898315,0.3186586648225784,0.3616965115070343,4.87823486328125,0.0945836250765565,0.8,0.0001176489999999,172,0.0642442999997001,11.46890209997582,5.0,5.0,0.093365973709369,True,172,shapley-20260606T031519Z-dad98d20,shapley,conditional,A,True,True,6.0,6.0
1.1952308246067591,0.7183963741574969,0.7783705592155457,0.415121248790196,0.4540616316454751,5.107154164995466,1.0643721222877502,0.607374519109726,0.607374519109726,0.3183104395866394,0.3613300770521164,4.894690752029419,0.093365973709369,0.8,8.235429999999999e-05,173,0.0687929000014264,11.537694999977248,5.0,5.0,0.0923128812296632,True,173,shapley-20260606T031519Z-dad98d20,shapley,conditional,A,True,True,6.0,6.0
1.1861990519932335,0.709285318851471,0.7649757606642587,0.4077118166855403,0.4465799246515546,5.166275228772845,1.0678744316101074,0.6069751381874084,0.6069751381874084,0.317880779504776,0.3613679409027099,4.992794752120972,0.0923128812296632,0.8,8.235429999999999e-05,174,0.0663039999999455,11.603998999977192,5.0,5.0,0.0922408287508729,True,174,shapley-20260606T031519Z-dad98d20,shapley,conditional,A,True,True,6.0,6.0
1.180445926530021,0.6929914951324463,0.7523415258952549,0.4008465962750571,0.439368656703404,5.2845845222473145,1.0720112323760986,0.6072182357311249,0.6072182357311249,0.3178768157958984,0.3616767674684524,5.038907766342163,0.0922408287508729,0.8,8.235429999999999e-05,175,0.0654512000000977,11.669450199977293,5.0,5.0,0.0926299064142945,True,175,shapley-20260606T031519Z-dad98d20,shapley,conditional,A,True,True,6.0,6.0
1.1808178765433175,0.6932463220187596,0.7540582248142788,0.399930260011128,0.4426599357809339,5.263651439121792,1.0697238445281982,0.6080494523048401,0.6080494523048401,0.3184489607810974,0.3620005995035171,4.98407506942749,0.0926299064142945,0.8,8.235429999999999e-05,176,0.0643323999975109,11.733782599974802,5.0,5.0,0.0924706571085694,True,176,shapley-20260606T031519Z-dad98d20,shapley,conditional,A,True,True,6.0,6.0
1.188428487096514,0.7069020526749747,0.770524433680943,0.4065646358898708,0.4549497493675777,5.207342760903495,1.0633509755134585,0.6069442927837372,0.6069442927837372,0.3178397417068481,0.3613806813955307,4.935692310333252,0.0924706571085694,0.8,8.235429999999999e-05,177,0.0661121000011917,11.799894699975994,5.0,5.0,0.0918275802119019,True,177,shapley-20260606T031519Z-dad98d20,shapley,conditional,A,True,True,6.0,6.0
1.18501991885049,0.7113877279417855,0.7680152228900364,0.4108648683343615,0.446437942130225,5.157842567988804,1.0624884366989136,0.6056118905544281,0.6056118607521057,0.3169800490140915,0.3607897907495498,4.975373983383179,0.0918275802119019,0.8,5.764800999999999e-05,178,0.0628551999980118,11.862749899974006,5.0,5.0,0.0915813200457337,True,178,shapley-20260606T031519Z-dad98d20,shapley,conditional,A,True,True,6.0,6.0
1.1804471186229162,0.6986475842339652,0.760922942842756,0.4027849520955767,0.4476724692753383,5.26089300428118,1.0676369667053225,0.6058214902877808,0.6058214902877808,0.3171184509992599,0.3608787953853607,5.042681932449341,0.0915813200457337,0.8,5.764800999999999e-05,179,0.070821799999976,11.933571699973982,5.0,5.0,0.0920081393702271,True,179,shapley-20260606T031519Z-dad98d20,shapley,conditional,A,True,True,6.0,6.0
1.189458165849958,0.7029883691242763,0.7620449151311602,0.4041244217327663,0.4474005954606192,5.287247657775879,1.0708473920822144,0.6063823699951172,0.6063823997974396,0.3174585700035095,0.3611547797918319,5.048086643218994,0.0920081393702271,0.8,5.764800999999999e-05,180,0.0662378000015451,11.999809499975528,5.0,5.0,0.0924890058024171,True,180,shapley-20260606T031519Z-dad98d20,shapley,conditional,A,True,True,6.0,6.0
1.176051071711949,0.6860746826444354,0.743313900062016,0.3942815278257642,0.4362904514585222,5.297671726771763,1.0704637169837952,0.6065928637981415,0.6065928339958191,0.3175825327634811,0.3612628728151321,5.015416145324707,0.0924890058024171,0.8,5.764800999999999e-05,181,0.0666827999993984,12.066492299974923,5.0,5.0,0.0926431672556641,True,181,shapley-20260606T031519Z-dad98d20,shapley,conditional,A,True,True,6.0,6.0
1.1853512695857458,0.6993839229856219,0.7636793681553432,0.4021042457648686,0.451968891280038,5.245582580566406,1.0668795108795166,0.6065209805965424,0.6065209805965424,0.3175577670335769,0.3612039983272552,4.969158411026001,0.0926431672556641,0.8,5.764800999999999e-05,182,0.0643976999999722,12.130889999974896,5.0,5.0,0.0923347513659241,True,182,shapley-20260606T031519Z-dad98d20,shapley,conditional,A,True,True,6.0,6.0
1.1793277263641355,0.6982349242482867,0.7582921045167106,0.4026909640857151,0.4445014127663204,5.210311276572091,1.0627248883247375,0.6063844263553619,0.6063844263553619,0.3174408823251724,0.3611794114112854,4.942239284515381,0.0923347513659241,0.8,5.764800999999999e-05,183,0.0641046000018832,12.19499459997678,5.0,5.0,0.0917571442110779,True,183,shapley-20260606T031519Z-dad98d20,shapley,conditional,A,True,True,6.0,6.0
1.182544129235404,0.7067254952022007,0.7635811993053981,0.4066015183925628,0.4462245915617261,5.185630593981061,1.0611602067947388,0.6065004467964172,0.6065004467964172,0.3173876851797104,0.3613909780979156,4.955033779144287,0.0917571442110779,0.8,5.764800999999999e-05,184,0.0651170999990427,12.260111699975823,5.0,5.0,0.0913074820025208,True,184,shapley-20260606T031519Z-dad98d20,shapley,conditional,A,True,True,6.0,6.0
1.182487658091954,0.7041020393371582,0.7651172961507525,0.4049990688051496,0.450147773538317,5.239281722477505,1.0628676414489746,0.6058962941169739,0.6058963239192963,0.3169455677270889,0.36118845641613,5.004752159118652,0.0913074820025208,0.8,5.764800999999999e-05,185,0.066483499998867,12.32659519997469,5.0,5.0,0.0913550035937073,True,185,shapley-20260606T031519Z-dad98d20,shapley,conditional,A,True,True,6.0,6.0
1.1878497770854406,0.7063216481889997,0.7650708130427769,0.4065650233200618,0.4481322467327118,5.270955153873989,1.0676316022872925,0.6054332852363586,0.605433315038681,0.3167418986558914,0.3608642369508743,5.059365510940552,0.0913550035937073,0.8,5.764800999999999e-05,186,0.0652014999977836,12.391796699972474,5.0,5.0,0.0919486587031128,True,186,shapley-20260606T031519Z-dad98d20,shapley,conditional,A,True,True,6.0,6.0
1.1885536057608468,0.7000337753977094,0.7598762341908046,0.4035088164465768,0.4454592636653355,5.312963213239398,1.073659121990204,0.6051400303840637,0.6051400601863861,0.3166982382535934,0.3605522662401199,5.095442056655884,0.0919486587031128,0.8,4.035360699999999e-05,187,0.0669845000011264,12.4587811999736,5.0,5.0,0.0929030792696717,True,187,shapley-20260606T031519Z-dad98d20,shapley,conditional,A,True,True,6.0,6.0
1.195215446608407,0.6972630534853254,0.7550524302891323,0.4012424775532314,0.4422624153750283,5.359912395477295,1.0784649848937988,0.6054932475090027,0.6054932475090027,0.3170451521873474,0.3605601340532303,5.0910234451293945,0.0929030792696717,0.8,4.035360699999999e-05,188,0.0641113000019686,12.522892499975567,5.0,5.0,0.0938133137209656,True,188,shapley-20260606T031519Z-dad98d20,shapley,conditional,A,True,True,6.0,6.0
1.1874768733978271,0.6865621549742562,0.7478783982140678,0.3960408398083278,0.4397969586508615,5.339484214782715,1.0813021063804626,0.6059097349643707,0.6059097647666931,0.317280650138855,0.3607863783836365,5.067429542541504,0.0938133137209656,0.8,4.035360699999999e-05,189,0.0635560999980953,12.586448599973664,5.0,5.0,0.0944876091463807,True,189,shapley-20260606T031519Z-dad98d20,shapley,conditional,A,True,True,6.0,6.0
1.2012034484318324,0.7004653215408325,0.7621920364243644,0.4025604682309286,0.4495394485337393,5.299511160169329,1.0796281099319458,0.6062945127487183,0.6062945127487183,0.3175135552883148,0.3609761744737625,5.009477853775024,0.0944876091463807,0.8,4.035360699999999e-05,190,0.0636167999982717,12.650065399971936,5.0,5.0,0.0945823876841309,True,190,shapley-20260606T031519Z-dad98d20,shapley,conditional,A,True,True,6.0,6.0
1.201378379549299,0.7043451837130955,0.7673674907003131,0.4047083556652069,0.4533238964421408,5.255029201507568,1.0777744054794312,0.6065536737442017,0.6065536737442017,0.3176476210355758,0.3611325472593307,4.982119083404541,0.0945823876841309,0.8,4.035360699999999e-05,191,0.0630791000003228,12.71314449997226,5.0,5.0,0.0944035785181763,True,191,shapley-20260606T031519Z-dad98d20,shapley,conditional,A,True,True,6.0,6.0
1.1936379160199846,0.6990626454353333,0.7589779921940395,0.4032252260616847,0.4446909512792315,5.238946301596505,1.077186405658722,0.6063914000988007,0.6063914000988007,0.3175648897886276,0.3610331416130066,4.987046480178833,0.0944035785181763,0.8,2.8247524899999997e-05,192,0.0631334000026981,12.776277899974955,5.0,5.0,0.0942740433199647,True,192,shapley-20260606T031519Z-dad98d20,shapley,conditional,A,True,True,6.0,6.0
1.1932548114231654,0.6973640492984227,0.7608585527965,0.4010740305696215,0.4497306389468057,5.260098457336426,1.0742080211639404,0.6064051985740662,0.6064051985740662,0.317572072148323,0.361041396856308,4.962159872055054,0.0942740433199647,0.8,2.8247524899999997e-05,193,0.0635694000011426,12.8398472999761,5.0,5.0,0.0938956420405152,True,193,shapley-20260606T031519Z-dad98d20,shapley,conditional,A,True,True,6.0,6.0
1.1790330920900618,0.6920695390020098,0.7515797700200763,0.3972887779985155,0.4428637325763702,5.186220577784947,1.0710516571998596,0.6063202023506165,0.6063202023506165,0.3175496011972427,0.3609632849693298,4.949446439743042,0.0938956420405152,0.8,2.8247524899999997e-05,194,0.0654178999975556,12.905265199973655,5.0,5.0,0.0933901064379456,True,194,shapley-20260606T031519Z-dad98d20,shapley,conditional,A,True,True,6.0,6.0
1.1787208829607283,0.6938932282584054,0.7551044566290719,0.3989601901599339,0.4451803096703121,5.191424165453229,1.0659865736961365,0.6063679456710815,0.6063679456710815,0.3175546675920486,0.3610166013240814,4.921491384506226,0.0933901064379456,0.8,2.8247524899999997e-05,195,0.0733789000005344,12.97864409997419,5.0,5.0,0.0926050202830079,True,195,shapley-20260606T031519Z-dad98d20,shapley,conditional,A,True,True,6.0,6.0
1.1854923112051827,0.7063079816954476,0.7676412718636649,0.405141749552318,0.4531243784087045,5.174496446337018,1.0617551803588867,0.6062204837799072,0.6062204539775848,0.3174348175525665,0.3609820157289505,4.919114351272583,0.0926050202830079,0.8,2.8247524899999997e-05,196,0.0690297999972244,13.047673899971414,5.0,5.0,0.0917961637957337,True,196,shapley-20260606T031519Z-dad98d20,shapley,conditional,A,True,True,6.0,6.0
1.180841054235186,0.7052433320454189,0.7633776409285409,0.4070166434560503,0.4454512468406132,5.181019510541644,1.05924654006958,0.6060218214988708,0.6060218214988708,0.3173407167196274,0.3608513474464416,4.937294960021973,0.0917961637957337,0.8,1.9773267429999995e-05,197,0.0687137999993865,13.1163876999708,5.0,5.0,0.0911691133959534,True,197,shapley-20260606T031519Z-dad98d20,shapley,conditional,A,True,True,6.0,6.0
1.1734110627855574,0.6970654555729457,0.7579941408974784,0.4018752362046923,0.4451486085142408,5.224857330322266,1.058473527431488,0.6058457791805267,0.6058458089828491,0.3172935098409652,0.3606903403997421,4.964705228805542,0.0911691133959534,0.8,1.9773267429999995e-05,198,0.0641117000013764,13.180499399972176,5.0,5.0,0.0908161656840089,True,198,shapley-20260606T031519Z-dad98d20,shapley,conditional,A,True,True,6.0,6.0
1.1690302235739571,0.6965249010494777,0.7580956305776324,0.4010809872831617,0.4462683030537197,5.202876772199359,1.0579242706298828,0.6056990921497345,0.6056990921497345,0.3172253221273422,0.3605922013521194,4.979567527770996,0.0908161656840089,0.8,1.9773267429999995e-05,199,0.0724052000005031,13.25290459997268,5.0,5.0,0.0906118409617188,True,199,shapley-20260606T031519Z-dad98d20,shapley,conditional,A,True,True,6.0,6.0
