node_id,mask,coalition_size,c_value,mean,second_moment,variance,effective_count,effective_count_pre,blend_weight,probability,n_new,global_progress,epoch,cycle,sampling_phase,run_id,training_type,shapley_tactic
0,0,0,1.0,-1.3518025875091553,2.000640392303467,0.1732701063156128,32.0,0.0,1.0,0.1635836213827133,32,0.0,49,0,1,shapley-20260606T025212Z-c3a6ac22,shapley,baseline
1,10000,1,0.4000000059604645,-1.3061124086380005,1.9275848865509035,0.2216552495956421,32.0,0.0,1.0,0.0745553076267242,32,0.0,49,0,1,shapley-20260606T025212Z-c3a6ac22,shapley,baseline
2,1000,1,0.4000000059604645,-0.475091814994812,0.2692787051200866,0.0435664653778076,32.0,0.0,1.0,0.0336100235581398,32,0.0,49,0,1,shapley-20260606T025212Z-c3a6ac22,shapley,baseline
3,11000,2,0.2000000029802322,-0.3883973956108093,0.1858155727386474,0.0349630415439605,32.0,0.0,1.0,0.015606615692377,32,0.0,49,0,1,shapley-20260606T025212Z-c3a6ac22,shapley,baseline
4,100,1,0.4000000059604645,-1.1004632711410522,1.3179521560668943,0.1069327592849731,32.0,0.0,1.0,0.0520893484354019,32,0.0,49,0,1,shapley-20260606T025212Z-c3a6ac22,shapley,baseline
5,10100,2,0.2000000029802322,-1.1220135688781738,1.5003468990325928,0.2414324283599853,32.0,0.0,1.0,0.039383340626955,32,0.0,49,0,1,shapley-20260606T025212Z-c3a6ac22,shapley,baseline
6,1100,2,0.2000000029802322,-0.288220465183258,0.1222104951739311,0.0391394570469856,32.0,0.0,1.0,0.0164544098079204,32,0.0,49,0,1,shapley-20260606T025212Z-c3a6ac22,shapley,baseline
7,11100,3,0.2000000029802322,-0.1930177807807922,0.048424407839775,0.0111685432493686,32.0,0.0,1.0,0.0092554977163672,32,0.0,49,0,1,shapley-20260606T025212Z-c3a6ac22,shapley,baseline
8,10,1,0.4000000059604645,-1.2369033098220823,1.6317286491394043,0.1017988920211792,32.0,0.0,1.0,0.0508478544652462,32,0.0,49,0,1,shapley-20260606T025212Z-c3a6ac22,shapley,baseline
9,10010,2,0.2000000029802322,-1.2654756307601929,1.778367280960083,0.1769386529922485,32.0,0.0,1.0,0.0338591486215591,32,0.0,49,0,1,shapley-20260606T025212Z-c3a6ac22,shapley,baseline
10,1010,2,0.2000000029802322,-0.3689444661140442,0.1634961515665054,0.0273761302232742,32.0,0.0,1.0,0.0139250140637159,32,0.0,49,0,1,shapley-20260606T025212Z-c3a6ac22,shapley,baseline
11,11010,3,0.2000000029802322,-0.2308571338653564,0.0696345865726471,0.0163395702838897,32.0,0.0,1.0,0.0109853958711028,32,0.0,49,0,1,shapley-20260606T025212Z-c3a6ac22,shapley,baseline
12,110,2,0.2000000029802322,-1.110864520072937,1.3121557235717771,0.0781357288360595,32.0,0.0,1.0,0.022835835814476,32,0.0,49,0,1,shapley-20260606T025212Z-c3a6ac22,shapley,baseline
13,10110,3,0.2000000029802322,-0.856899082660675,0.8444256782531738,0.1101496219635009,32.0,0.0,1.0,0.0269260574132204,32,0.0,49,0,1,shapley-20260606T025212Z-c3a6ac22,shapley,baseline
14,1110,3,0.2000000029802322,-0.1335797309875488,0.0342195481061935,0.0163760036230087,32.0,0.0,1.0,0.0109965223819017,32,0.0,49,0,1,shapley-20260606T025212Z-c3a6ac22,shapley,baseline
15,11110,4,0.4000000059604645,-0.0583995953202247,0.0148710813373327,0.011460568755865,32.0,0.0,1.0,0.0177254602313041,32,0.0,49,0,1,shapley-20260606T025212Z-c3a6ac22,shapley,baseline
16,1,1,0.4000000059604645,-1.304224967956543,1.901590347290039,0.2005876302719116,32.0,0.0,1.0,0.0709724500775337,32,0.0,49,0,1,shapley-20260606T025212Z-c3a6ac22,shapley,baseline
17,10001,2,0.2000000029802322,-1.2812891006469729,1.805415630340576,0.1637138128280639,32.0,0.0,1.0,0.0326073206961154,32,0.0,49,0,1,shapley-20260606T025212Z-c3a6ac22,shapley,baseline
18,1001,2,0.2000000029802322,-0.4538226723670959,0.2436306029558181,0.0376755893230438,32.0,0.0,1.0,0.0161626450717449,32,0.0,49,0,1,shapley-20260606T025212Z-c3a6ac22,shapley,baseline
19,11001,3,0.2000000029802322,-0.2998987436294555,0.1049104928970336,0.0149712339043617,32.0,0.0,1.0,0.0105581497773528,32,0.0,49,0,1,shapley-20260606T025212Z-c3a6ac22,shapley,baseline
20,101,2,0.2000000029802322,-1.2573570013046265,1.8927390575408936,0.3117923736572265,32.0,0.0,1.0,0.0446192026138305,32,0.0,49,0,1,shapley-20260606T025212Z-c3a6ac22,shapley,baseline
21,10101,3,0.2000000029802322,-0.8046587705612183,0.7332868576049805,0.0858111381530761,32.0,0.0,1.0,0.0238832011818885,32,0.0,49,0,1,shapley-20260606T025212Z-c3a6ac22,shapley,baseline
22,1101,3,0.2000000029802322,-0.2313046902418136,0.0714755952358245,0.0179737359285354,32.0,0.0,1.0,0.0114728324115276,32,0.0,49,0,1,shapley-20260606T025212Z-c3a6ac22,shapley,baseline
23,11101,4,0.4000000059604645,-0.1041337847709655,0.0171387176960706,0.006294872611761,32.0,0.0,1.0,0.0133956260979175,32,0.0,49,0,1,shapley-20260606T025212Z-c3a6ac22,shapley,baseline
24,11,2,0.2000000029802322,-1.198798418045044,1.6081504821777344,0.1710327863693237,32.0,0.0,1.0,0.0333061106503009,32,0.0,49,0,1,shapley-20260606T025212Z-c3a6ac22,shapley,baseline
25,10011,3,0.2000000029802322,-0.9567347764968872,1.0667762756347656,0.15143483877182,32.0,0.0,1.0,0.0313988998532295,32,0.0,49,0,1,shapley-20260606T025212Z-c3a6ac22,shapley,baseline
26,1011,3,0.2000000029802322,-0.2863293588161468,0.0907865911722183,0.0088020861148834,32.0,0.0,1.0,0.0083288829773664,32,0.0,49,0,1,shapley-20260606T025212Z-c3a6ac22,shapley,baseline
27,11011,4,0.4000000059604645,-0.1833402514457702,0.0417384319007396,0.0081247836351394,32.0,0.0,1.0,0.015082536265254,32,0.0,49,0,1,shapley-20260606T025212Z-c3a6ac22,shapley,baseline
28,111,3,0.2000000029802322,-0.903034210205078,0.959560751914978,0.1440899968147277,32.0,0.0,1.0,0.0306525398045778,32,0.0,49,0,1,shapley-20260606T025212Z-c3a6ac22,shapley,baseline
29,10111,4,0.4000000059604645,-0.7657202482223511,0.69828200340271,0.1119545102119445,32.0,0.0,1.0,0.0532752051949501,32,0.0,49,0,1,shapley-20260606T025212Z-c3a6ac22,shapley,baseline
30,1111,4,0.4000000059604645,-0.0789745002985,0.0100480234250426,0.0038110516034066,32.0,0.0,1.0,0.0106448931619524,32,0.0,49,0,1,shapley-20260606T025212Z-c3a6ac22,shapley,baseline
31,11111,5,1.0,0.0,0.0,0.0,32.0,0.0,1.0,0.0010000000474974,32,0.0,49,0,1,shapley-20260606T025212Z-c3a6ac22,shapley,baseline
0,0,0,1.0,-1.4206863641738892,2.274544239044189,0.2561945915222168,256.0,32.0,0.8888888955116272,0.1762153357267379,256,0.0,69,1,2,shapley-20260606T025212Z-c3a6ac22,shapley,baseline
1,10000,1,0.4000000059604645,-1.3172928094863892,2.024705171585083,0.2894448041915893,256.0,32.0,0.9090909361839294,0.07549549639225,320,0.0,69,1,2,shapley-20260606T025212Z-c3a6ac22,shapley,baseline
2,1000,1,0.4000000059604645,-0.475091814994812,0.2692787051200866,0.0435664653778076,32.0,0.0,1.0,0.0299016926437616,0,0.0,69,1,2,shapley-20260606T025212Z-c3a6ac22,shapley,baseline
3,11000,2,0.2000000029802322,-0.3715062737464905,0.1810479164123535,0.0430310070514678,64.0,32.0,0.5,0.0153617672622203,32,0.0,69,1,2,shapley-20260606T025212Z-c3a6ac22,shapley,baseline
4,100,1,0.4000000059604645,-1.229398250579834,1.7259423732757568,0.2145223617553711,96.0,32.0,0.6666666865348816,0.0651332810521125,64,0.0,69,1,2,shapley-20260606T025212Z-c3a6ac22,shapley,baseline
5,10100,2,0.2000000029802322,-1.1522501707077026,1.608539342880249,0.2808588743209839,96.0,32.0,0.6666666865348816,0.0376911386847496,64,0.0,69,1,2,shapley-20260606T025212Z-c3a6ac22,shapley,baseline
6,1100,2,0.2000000029802322,-0.2850074470043182,0.1071602031588554,0.0259309560060501,64.0,32.0,0.5,0.0121487556025385,32,0.0,69,1,2,shapley-20260606T025212Z-c3a6ac22,shapley,baseline
7,11100,3,0.2000000029802322,-0.1930177807807922,0.048424407839775,0.0111685432493686,32.0,0.0,1.0,0.008316702209413,0,0.0,69,1,2,shapley-20260606T025212Z-c3a6ac22,shapley,baseline
8,10,1,0.4000000059604645,-1.26640522480011,1.762442946434021,0.1586607694625854,128.0,32.0,0.75,0.056154616177082,96,0.0,69,1,2,shapley-20260606T025212Z-c3a6ac22,shapley,baseline
9,10010,2,0.2000000029802322,-1.166496515274048,1.5317811965942385,0.1710671186447143,96.0,32.0,0.6666666865348816,0.0296352133154869,64,0.0,69,1,2,shapley-20260606T025212Z-c3a6ac22,shapley,baseline
10,1010,2,0.2000000029802322,-0.3689444661140442,0.1634961515665054,0.0273761302232742,32.0,0.0,1.0,0.0124552119523286,0,0.0,69,1,2,shapley-20260606T025212Z-c3a6ac22,shapley,baseline
11,11010,3,0.2000000029802322,-0.2387412339448928,0.0747988522052764,0.0178014747798442,64.0,32.0,0.5,0.0102373007684946,32,0.0,69,1,2,shapley-20260606T025212Z-c3a6ac22,shapley,baseline
12,110,2,0.2000000029802322,-1.0945894718170166,1.3138830661773682,0.1157569885253906,64.0,32.0,0.5,0.0245554130524396,32,0.0,69,1,2,shapley-20260606T025212Z-c3a6ac22,shapley,baseline
13,10110,3,0.2000000029802322,-0.8913154006004333,0.9220046401023864,0.1275615096092224,64.0,32.0,0.5,0.0257273148745298,32,0.0,69,1,2,shapley-20260606T025212Z-c3a6ac22,shapley,baseline
14,1110,3,0.2000000029802322,-0.1335797309875488,0.0342195481061935,0.0163760036230087,32.0,0.0,1.0,0.0098597425967454,0,0.0,69,1,2,shapley-20260606T025212Z-c3a6ac22,shapley,baseline
15,11110,4,0.4000000059604645,-0.0583995953202247,0.0148710813373327,0.011460568755865,32.0,0.0,1.0,0.0158234816044569,0,0.0,69,1,2,shapley-20260606T025212Z-c3a6ac22,shapley,baseline
16,1,1,0.4000000059604645,-1.260850191116333,1.8189828395843504,0.2292395830154419,128.0,32.0,0.75,0.0672967061400413,96,0.0,69,1,2,shapley-20260606T025212Z-c3a6ac22,shapley,baseline
17,10001,2,0.2000000029802322,-1.2812891006469729,1.805415630340576,0.1637138128280639,32.0,0.0,1.0,0.0290130134671926,0,0.0,69,1,2,shapley-20260606T025212Z-c3a6ac22,shapley,baseline
18,1001,2,0.2000000029802322,-0.4538226723670959,0.2436306029558181,0.0376755893230438,32.0,0.0,1.0,0.0144383870065212,0,0.0,69,1,2,shapley-20260606T025212Z-c3a6ac22,shapley,baseline
19,11001,3,0.2000000029802322,-0.2998987436294555,0.1049104928970336,0.0149712339043617,32.0,0.0,1.0,0.0094712199643254,0,0.0,69,1,2,shapley-20260606T025212Z-c3a6ac22,shapley,baseline
20,101,2,0.2000000029802322,-1.284681797027588,1.9577610492706297,0.3073537349700928,64.0,32.0,0.5,0.0393827706575393,32,0.0,69,1,2,shapley-20260606T025212Z-c3a6ac22,shapley,baseline
21,10101,3,0.2000000029802322,-0.8756700754165649,0.9720747470855712,0.2052766680717468,96.0,32.0,0.6666666865348816,0.032368004322052,64,0.0,69,1,2,shapley-20260606T025212Z-c3a6ac22,shapley,baseline
22,1101,3,0.2000000029802322,-0.2092041075229644,0.0625954195857048,0.0188290625810623,64.0,32.0,0.5,0.0105001721531152,32,0.0,69,1,2,shapley-20260606T025212Z-c3a6ac22,shapley,baseline
23,11101,4,0.4000000059604645,-0.1041337847709655,0.0171387176960706,0.006294872611761,32.0,0.0,1.0,0.011986025609076,0,0.0,69,1,2,shapley-20260606T025212Z-c3a6ac22,shapley,baseline
24,11,2,0.2000000029802322,-1.170676589012146,1.556396245956421,0.1859126091003418,96.0,32.0,0.6666666865348816,0.0308518707752227,64,0.0,69,1,2,shapley-20260606T025212Z-c3a6ac22,shapley,baseline
25,10011,3,0.2000000029802322,-0.9797157049179076,1.138728141784668,0.178885281085968,64.0,32.0,0.5,0.030282249674201,32,0.0,69,1,2,shapley-20260606T025212Z-c3a6ac22,shapley,baseline
26,1011,3,0.2000000029802322,-0.2507510781288147,0.0744197517633438,0.011543646454811,64.0,32.0,0.5,0.0084385564550757,32,0.0,69,1,2,shapley-20260606T025212Z-c3a6ac22,shapley,baseline
27,11011,4,0.4000000059604645,-0.1784823536872863,0.0399240553379058,0.0080681033432483,64.0,32.0,0.5,0.0134374937042593,32,0.0,69,1,2,shapley-20260606T025212Z-c3a6ac22,shapley,baseline
28,111,3,0.2000000029802322,-0.9227769374847412,1.0161511898040771,0.1646339297294616,64.0,32.0,0.5,0.0290916208177804,32,0.0,69,1,2,shapley-20260606T025212Z-c3a6ac22,shapley,baseline
29,10111,4,0.4000000059604645,-0.7964804768562317,0.8049166202545166,0.1705354452133178,192.0,32.0,0.8333333134651184,0.0581813529133796,160,0.0,69,1,2,shapley-20260606T025212Z-c3a6ac22,shapley,baseline
30,1111,4,0.4000000059604645,-0.0789745002985,0.0100480234250426,0.0038110516034066,32.0,0.0,1.0,0.0095480987802147,0,0.0,69,1,2,shapley-20260606T025212Z-c3a6ac22,shapley,baseline
31,11111,5,1.0,0.0,0.0,0.0,32.0,0.0,1.0,0.0010000000474974,0,0.0,69,1,2,shapley-20260606T025212Z-c3a6ac22,shapley,baseline
0,0,0,1.0,-1.4929580688476562,2.597784280776977,0.3688604831695556,256.0,256.0,0.5,0.1847441494464874,256,0.0,89,2,3,shapley-20260606T025212Z-c3a6ac22,shapley,baseline
1,10000,1,0.4000000059604645,-1.3689630031585691,2.216066360473633,0.3420066833496094,256.0,256.0,0.3333333432674408,0.0717717185616493,128,0.0,89,2,3,shapley-20260606T025212Z-c3a6ac22,shapley,baseline
2,1000,1,0.4000000059604645,-0.4375115633010864,0.2397240996360778,0.0483077317476272,64.0,32.0,0.5,0.0275981109589338,32,0.0,89,2,3,shapley-20260606T025212Z-c3a6ac22,shapley,baseline
3,11000,2,0.2000000029802322,-0.3715062737464905,0.1810479164123535,0.0430310070514678,64.0,32.0,0.5,0.0135517194867134,0,0.0,89,2,3,shapley-20260606T025212Z-c3a6ac22,shapley,baseline
4,100,1,0.4000000059604645,-1.3021422624588013,2.007777690887451,0.3122031688690185,192.0,96.0,0.5,0.0686178132891655,96,0.0,89,2,3,shapley-20260606T025212Z-c3a6ac22,shapley,baseline
5,10100,2,0.2000000029802322,-1.1907700300216677,1.7166730165481567,0.2987397909164428,128.0,96.0,0.25,0.0340718887746334,32,0.0,89,2,3,shapley-20260606T025212Z-c3a6ac22,shapley,baseline
6,1100,2,0.2000000029802322,-0.2850074470043182,0.1071602031588554,0.0259309560060501,64.0,32.0,0.5,0.0107436515390872,0,0.0,89,2,3,shapley-20260606T025212Z-c3a6ac22,shapley,baseline
7,11100,3,0.2000000029802322,-0.1930177807807922,0.048424407839775,0.0111685432493686,32.0,0.0,1.0,0.0073945610783994,0,0.0,89,2,3,shapley-20260606T025212Z-c3a6ac22,shapley,baseline
8,10,1,0.4000000059604645,-1.3404626846313477,2.047249555587769,0.2504093647003174,192.0,128.0,0.3333333432674408,0.0615574717521667,64,0.0,89,2,3,shapley-20260606T025212Z-c3a6ac22,shapley,baseline
9,10010,2,0.2000000029802322,-1.2789981365203855,1.950289249420166,0.3144530057907104,224.0,96.0,0.5714285969734192,0.0349305048584938,128,0.0,89,2,3,shapley-20260606T025212Z-c3a6ac22,shapley,baseline
10,1010,2,0.2000000029802322,-0.3689444661140442,0.1634961515665054,0.0273761302232742,32.0,0.0,1.0,0.0110114840790629,0,0.0,89,2,3,shapley-20260606T025212Z-c3a6ac22,shapley,baseline
11,11010,3,0.2000000029802322,-0.2387412339448928,0.0747988522052764,0.0178014747798442,64.0,32.0,0.5,0.0090731019154191,0,0.0,89,2,3,shapley-20260606T025212Z-c3a6ac22,shapley,baseline
12,110,2,0.2000000029802322,-1.045939803123474,1.2354191541671753,0.14142906665802,128.0,64.0,0.5,0.023755257949233,64,0.0,89,2,3,shapley-20260606T025212Z-c3a6ac22,shapley,baseline
13,10110,3,0.2000000029802322,-0.9622948169708252,1.1494840383529663,0.2234727144241333,192.0,64.0,0.6666666865348816,0.0296038649976253,128,0.0,89,2,3,shapley-20260606T025212Z-c3a6ac22,shapley,baseline
14,1110,3,0.2000000029802322,-0.1335797309875488,0.0342195481061935,0.0163760036230087,32.0,0.0,1.0,0.0087431278079748,0,0.0,89,2,3,shapley-20260606T025212Z-c3a6ac22,shapley,baseline
15,11110,4,0.4000000059604645,-0.0467129722237587,0.0101023390889167,0.0079202372580766,96.0,32.0,0.6666666865348816,0.0117698982357978,64,0.0,89,2,3,shapley-20260606T025212Z-c3a6ac22,shapley,baseline
16,1,1,0.4000000059604645,-1.415930151939392,2.4478626251220703,0.4430043697357178,256.0,128.0,0.5555555820465088,0.0815464630722999,160,0.0,89,2,3,shapley-20260606T025212Z-c3a6ac22,shapley,baseline
17,10001,2,0.2000000029802322,-1.2812891006469729,1.805415630340576,0.1637138128280639,32.0,0.0,1.0,0.0254824645817279,0,0.0,89,2,3,shapley-20260606T025212Z-c3a6ac22,shapley,baseline
18,1001,2,0.2000000029802322,-0.4071438312530517,0.2056108564138412,0.0398447513580322,96.0,32.0,0.6666666865348816,0.0130780832841992,64,0.0,89,2,3,shapley-20260606T025212Z-c3a6ac22,shapley,baseline
19,11001,3,0.2000000029802322,-0.2998987436294555,0.1049104928970336,0.0149712339043617,32.0,0.0,1.0,0.0084035713225603,0,0.0,89,2,3,shapley-20260606T025212Z-c3a6ac22,shapley,baseline
20,101,2,0.2000000029802322,-1.2908467054367063,2.039991855621338,0.373706579208374,128.0,64.0,0.5,0.0379894413053989,64,0.0,89,2,3,shapley-20260606T025212Z-c3a6ac22,shapley,baseline
21,10101,3,0.2000000029802322,-0.9365607500076294,1.133195877075195,0.2560498118400574,160.0,96.0,0.4000000059604645,0.031617846339941,64,0.0,89,2,3,shapley-20260606T025212Z-c3a6ac22,shapley,baseline
22,1101,3,0.2000000029802322,-0.1990100741386413,0.0582658015191555,0.0186607912182807,96.0,64.0,0.3333333432674408,0.0092656584456563,32,0.0,89,2,3,shapley-20260606T025212Z-c3a6ac22,shapley,baseline
23,11101,4,0.4000000059604645,-0.1140848472714424,0.0276011750102043,0.0145858228206634,64.0,32.0,0.5,0.0156153058633208,32,0.0,89,2,3,shapley-20260606T025212Z-c3a6ac22,shapley,baseline
24,11,2,0.2000000029802322,-1.190375566482544,1.6491193771362305,0.2321254014968872,128.0,96.0,0.25,0.0301523655652999,32,0.0,89,2,3,shapley-20260606T025212Z-c3a6ac22,shapley,baseline
25,10011,3,0.2000000029802322,-1.0232936143875122,1.2496681213378906,0.202538251876831,96.0,64.0,0.3333333432674408,0.0282311495393514,32,0.0,89,2,3,shapley-20260606T025212Z-c3a6ac22,shapley,baseline
26,1011,3,0.2000000029802322,-0.2507510781288147,0.0744197517633438,0.011543646454811,64.0,32.0,0.5,0.0075010573491454,0,0.0,89,2,3,shapley-20260606T025212Z-c3a6ac22,shapley,baseline
27,11011,4,0.4000000059604645,-0.1784823536872863,0.0399240553379058,0.0080681033432483,64.0,32.0,0.5,0.0118699660524725,0,0.0,89,2,3,shapley-20260606T025212Z-c3a6ac22,shapley,baseline
28,111,3,0.2000000029802322,-0.9372199177742004,1.1055227518081665,0.2271415591239929,128.0,64.0,0.5,0.0298377089202404,64,0.0,89,2,3,shapley-20260606T025212Z-c3a6ac22,shapley,baseline
29,10111,4,0.4000000059604645,-0.8097084760665894,0.8263349533081055,0.1707071661949157,224.0,192.0,0.1428571492433548,0.0509998090565204,32,0.0,89,2,3,shapley-20260606T025212Z-c3a6ac22,shapley,baseline
30,1111,4,0.4000000059604645,-0.0789745002985,0.0100480234250426,0.0038110516034066,32.0,0.0,1.0,0.0084707615897059,0,0.0,89,2,3,shapley-20260606T025212Z-c3a6ac22,shapley,baseline
31,11111,5,1.0,0.0,0.0,0.0,64.0,32.0,0.5,0.0010000000474974,32,0.0,89,2,3,shapley-20260606T025212Z-c3a6ac22,shapley,baseline
0,0,0,1.0,-1.6887099742889404,3.4834742546081543,0.6317329406738281,256.0,256.0,0.5555555820465088,0.2057951539754867,320,0.0,109,3,4,shapley-20260606T025212Z-c3a6ac22,shapley,baseline
1,10000,1,0.4000000059604645,-1.3837485313415527,2.280543565750122,0.3657835721969604,256.0,256.0,0.1111111119389534,0.0633340030908584,32,0.0,109,3,4,shapley-20260606T025212Z-c3a6ac22,shapley,baseline
2,1000,1,0.4000000059604645,-0.4105461537837982,0.2080185711383819,0.0394704341888427,128.0,64.0,0.5,0.021476175636053,64,0.0,109,3,4,shapley-20260606T025212Z-c3a6ac22,shapley,baseline
3,11000,2,0.2000000029802322,-0.3605259656906128,0.1690709292888641,0.0390919595956802,96.0,64.0,0.3333333432674408,0.0111888833343982,32,0.0,109,3,4,shapley-20260606T025212Z-c3a6ac22,shapley,baseline
4,100,1,0.4000000059604645,-1.349589705467224,2.163323163986206,0.3419307470321655,224.0,192.0,0.1428571492433548,0.0612673349678516,32,0.0,109,3,4,shapley-20260606T025212Z-c3a6ac22,shapley,baseline
5,10100,2,0.2000000029802322,-1.2711238861083984,2.0930092334747314,0.4772533178329468,224.0,128.0,0.4285714328289032,0.0366006046533584,96,0.0,109,3,4,shapley-20260606T025212Z-c3a6ac22,shapley,baseline
6,1100,2,0.2000000029802322,-0.2326214909553527,0.0798275247216224,0.0257147662341594,192.0,64.0,0.6666666865348816,0.0092636933550238,128,0.0,109,3,4,shapley-20260606T025212Z-c3a6ac22,shapley,baseline
7,11100,3,0.2000000029802322,-0.1930177807807922,0.048424407839775,0.0111685432493686,32.0,0.0,1.0,0.0064460448920726,0,0.0,109,3,4,shapley-20260606T025212Z-c3a6ac22,shapley,baseline
8,10,1,0.4000000059604645,-1.4010978937149048,2.343442440032959,0.3803671598434448,256.0,192.0,0.4545454680919647,0.064564473927021,160,0.0,109,3,4,shapley-20260606T025212Z-c3a6ac22,shapley,baseline
9,10010,2,0.2000000029802322,-1.3397479057312012,2.19934606552124,0.4044215679168701,256.0,224.0,0.3000000119209289,0.0337717831134796,96,0.0,109,3,4,shapley-20260606T025212Z-c3a6ac22,shapley,baseline
10,1010,2,0.2000000029802322,-0.3689444661140442,0.1634961515665054,0.0273761302232742,32.0,0.0,1.0,0.0095264632254838,0,0.0,109,3,4,shapley-20260606T025212Z-c3a6ac22,shapley,baseline
11,11010,3,0.2000000029802322,-0.2387412339448928,0.0747988522052764,0.0178014747798442,64.0,32.0,0.5,0.0078756045550107,0,0.0,109,3,4,shapley-20260606T025212Z-c3a6ac22,shapley,baseline
12,110,2,0.2000000029802322,-1.0772137641906738,1.354755163192749,0.1943656206130981,160.0,128.0,0.2000000029802322,0.0237191785126924,32,0.0,109,3,4,shapley-20260606T025212Z-c3a6ac22,shapley,baseline
13,10110,3,0.2000000029802322,-0.9622948169708252,1.1494840383529663,0.2234727144241333,192.0,64.0,0.6666666865348816,0.0253610033541917,0,0.0,109,3,4,shapley-20260606T025212Z-c3a6ac22,shapley,baseline
14,1110,3,0.2000000029802322,-0.1335797309875488,0.0342195481061935,0.0163760036230087,32.0,0.0,1.0,0.0075945761054754,0,0.0,109,3,4,shapley-20260606T025212Z-c3a6ac22,shapley,baseline
15,11110,4,0.4000000059604645,-0.0467129722237587,0.0101023390889167,0.0079202372580766,96.0,32.0,0.6666666865348816,0.0101723801344633,0,0.0,109,3,4,shapley-20260606T025212Z-c3a6ac22,shapley,baseline
16,1,1,0.4000000059604645,-1.4507793188095093,2.6313235759735107,0.5265629291534424,256.0,256.0,0.2727272808551788,0.0757890567183494,96,0.0,109,3,4,shapley-20260606T025212Z-c3a6ac22,shapley,baseline
17,10001,2,0.2000000029802322,-1.5110810995101929,2.996525287628174,0.7131590843200684,128.0,32.0,0.75,0.0445187166333198,96,0.0,109,3,4,shapley-20260606T025212Z-c3a6ac22,shapley,baseline
18,1001,2,0.2000000029802322,-0.3791511654853821,0.1819216907024383,0.0381660908460617,128.0,96.0,0.25,0.0110675022006034,32,0.0,109,3,4,shapley-20260606T025212Z-c3a6ac22,shapley,baseline
19,11001,3,0.2000000029802322,-0.2507188618183136,0.0800737515091896,0.0172138065099716,64.0,32.0,0.5,0.0077611627057194,32,0.0,109,3,4,shapley-20260606T025212Z-c3a6ac22,shapley,baseline
20,101,2,0.2000000029802322,-1.3836493492126465,2.463968276977539,0.5494827032089233,192.0,128.0,0.3333333432674408,0.0391996949911117,64,0.0,109,3,4,shapley-20260606T025212Z-c3a6ac22,shapley,baseline
21,10101,3,0.2000000029802322,-0.9570454955101012,1.2298012971878052,0.3138652443885803,192.0,160.0,0.1666666716337204,0.0298705138266086,32,0.0,109,3,4,shapley-20260606T025212Z-c3a6ac22,shapley,baseline
22,1101,3,0.2000000029802322,-0.1990100741386413,0.0582658015191555,0.0186607912182807,96.0,64.0,0.3333333432674408,0.0080395983532071,0,0.0,109,3,4,shapley-20260606T025212Z-c3a6ac22,shapley,baseline
23,11101,4,0.4000000059604645,-0.1140848472714424,0.0276011750102043,0.0145858228206634,64.0,32.0,0.5,0.0134473918005824,0,0.0,109,3,4,shapley-20260606T025212Z-c3a6ac22,shapley,baseline
24,11,2,0.2000000029802322,-1.342733383178711,2.287771701812744,0.4848387241363525,192.0,128.0,0.3333333432674408,0.0368824042379856,64,0.0,109,3,4,shapley-20260606T025212Z-c3a6ac22,shapley,baseline
25,10011,3,0.2000000029802322,-1.1561923027038574,1.684312105178833,0.3475314378738403,160.0,96.0,0.4000000059604645,0.0313794501125812,64,0.0,109,3,4,shapley-20260606T025212Z-c3a6ac22,shapley,baseline
26,1011,3,0.2000000029802322,-0.2507510781288147,0.0744197517633438,0.011543646454811,64.0,32.0,0.5,0.006536744069308,0,0.0,109,3,4,shapley-20260606T025212Z-c3a6ac22,shapley,baseline
27,11011,4,0.4000000059604645,-0.1552545130252838,0.0312392972409725,0.0071353334933519,96.0,64.0,0.3333333432674408,0.0097060278058052,32,0.0,109,3,4,shapley-20260606T025212Z-c3a6ac22,shapley,baseline
28,111,3,0.2000000029802322,-1.000760555267334,1.322594165802002,0.3210724592208862,192.0,128.0,0.3333333432674408,0.0302001051604747,64,0.0,109,3,4,shapley-20260606T025212Z-c3a6ac22,shapley,baseline
29,10111,4,0.4000000059604645,-0.8282195925712585,0.9053989052772522,0.2194511890411377,256.0,224.0,0.125,0.0492816232144832,32,0.0,109,3,4,shapley-20260606T025212Z-c3a6ac22,shapley,baseline
30,1111,4,0.4000000059604645,-0.0789745002985,0.0100480234250426,0.0038110516034066,32.0,0.0,1.0,0.0073626106604933,0,0.0,109,3,4,shapley-20260606T025212Z-c3a6ac22,shapley,baseline
31,11111,5,1.0,0.0,0.0,0.0,64.0,32.0,0.5,0.0010000000474974,0,0.0,109,3,4,shapley-20260606T025212Z-c3a6ac22,shapley,baseline
0,0,0,1.0,-1.8276262283325195,4.287212371826172,0.9469947814941406,256.0,256.0,0.6000000238418579,0.2257358878850937,384,0.0,129,4,5,shapley-20260606T025212Z-c3a6ac22,shapley,baseline
1,10000,1,0.4000000059604645,-1.426264762878418,2.520601987838745,0.4863708019256592,256.0,256.0,0.2000000029802322,0.0654232129454612,64,0.0,129,4,5,shapley-20260606T025212Z-c3a6ac22,shapley,baseline
2,1000,1,0.4000000059604645,-0.392071008682251,0.2000361084938049,0.0463164299726486,192.0,128.0,0.3333333432674408,0.0208804514259099,64,0.0,129,4,5,shapley-20260606T025212Z-c3a6ac22,shapley,baseline
3,11000,2,0.2000000029802322,-0.3605259656906128,0.1690709292888641,0.0390919595956802,96.0,64.0,0.3333333432674408,0.010132135823369,0,0.0,129,4,5,shapley-20260606T025212Z-c3a6ac22,shapley,baseline
4,100,1,0.4000000059604645,-1.3603758811950684,2.2197790145874023,0.3691564798355102,256.0,224.0,0.125,0.0571259781718254,32,0.0,129,4,5,shapley-20260606T025212Z-c3a6ac22,shapley,baseline
5,10100,2,0.2000000029802322,-1.2966758012771606,2.206620693206787,0.5252525806427002,256.0,224.0,0.2222222238779068,0.0344743989408016,64,0.0,129,4,5,shapley-20260606T025212Z-c3a6ac22,shapley,baseline
6,1100,2,0.2000000029802322,-0.2326214909553527,0.0798275247216224,0.0257147662341594,192.0,64.0,0.6666666865348816,0.0084066176787018,0,0.0,129,4,5,shapley-20260606T025212Z-c3a6ac22,shapley,baseline
7,11100,3,0.2000000029802322,-0.1930177807807922,0.048424407839775,0.0111685432493686,32.0,0.0,1.0,0.0058812038041651,0,0.0,129,4,5,shapley-20260606T025212Z-c3a6ac22,shapley,baseline
8,10,1,0.4000000059604645,-1.4985980987548828,2.836646318435669,0.5908501148223877,256.0,256.0,0.4285714328289032,0.0720063671469688,192,0.0,129,4,5,shapley-20260606T025212Z-c3a6ac22,shapley,baseline
9,10010,2,0.2000000029802322,-1.3457491397857666,2.213162899017334,0.4021221399307251,256.0,256.0,0.1111111119389534,0.0302892122417688,32,0.0,129,4,5,shapley-20260606T025212Z-c3a6ac22,shapley,baseline
10,1010,2,0.2000000029802322,-0.3090929985046386,0.1231201812624931,0.0275816991925239,64.0,32.0,0.5,0.0086707733571529,32,0.0,129,4,5,shapley-20260606T025212Z-c3a6ac22,shapley,baseline
11,11010,3,0.2000000029802322,-0.2387412339448928,0.0747988522052764,0.0178014747798442,64.0,32.0,0.5,0.0071624959819018,0,0.0,129,4,5,shapley-20260606T025212Z-c3a6ac22,shapley,baseline
12,110,2,0.2000000029802322,-1.1236565113067627,1.507293939590454,0.24468994140625,192.0,160.0,0.1666666716337204,0.0238473955541849,32,0.0,129,4,5,shapley-20260606T025212Z-c3a6ac22,shapley,baseline
13,10110,3,0.2000000029802322,-1.018093824386597,1.3535096645355225,0.3169946670532226,256.0,192.0,0.25,0.0270048659294843,64,0.0,129,4,5,shapley-20260606T025212Z-c3a6ac22,shapley,baseline
14,1110,3,0.2000000029802322,-0.1335797309875488,0.0342195481061935,0.0163760036230087,32.0,0.0,1.0,0.0069106142036616,0,0.0,129,4,5,shapley-20260606T025212Z-c3a6ac22,shapley,baseline
15,11110,4,0.4000000059604645,-0.0467129722237587,0.0101023390889167,0.0079202372580766,96.0,32.0,0.6666666865348816,0.0092210602015256,0,0.0,129,4,5,shapley-20260606T025212Z-c3a6ac22,shapley,baseline
16,1,1,0.4000000059604645,-1.523629069328308,2.9958324432373047,0.6743869781494141,256.0,256.0,0.2727272808551788,0.0768600702285766,96,0.0,129,4,5,shapley-20260606T025212Z-c3a6ac22,shapley,baseline
17,10001,2,0.2000000029802322,-1.5975446701049805,3.357398509979248,0.8052494525909424,256.0,128.0,0.5,0.0424470715224742,128,0.0,129,4,5,shapley-20260606T025212Z-c3a6ac22,shapley,baseline
18,1001,2,0.2000000029802322,-0.3791511654853821,0.1819216907024383,0.0381660908460617,128.0,96.0,0.25,0.0100233433768153,0,0.0,129,4,5,shapley-20260606T025212Z-c3a6ac22,shapley,baseline
19,11001,3,0.2000000029802322,-0.2421724200248718,0.0747444853186607,0.016097005456686,96.0,64.0,0.3333333432674408,0.0068600480444729,32,0.0,129,4,5,shapley-20260606T025212Z-c3a6ac22,shapley,baseline
20,101,2,0.2000000029802322,-1.3624039888381958,2.439814567565918,0.583669900894165,256.0,192.0,0.3333333432674408,0.0362867973744869,96,0.0,129,4,5,shapley-20260606T025212Z-c3a6ac22,shapley,baseline
21,10101,3,0.2000000029802322,-1.0280044078826904,1.5077183246612549,0.4509252309799194,224.0,192.0,0.1428571492433548,0.0320156514644622,32,0.0,129,4,5,shapley-20260606T025212Z-c3a6ac22,shapley,baseline
22,1101,3,0.2000000029802322,-0.1990100741386413,0.0582658015191555,0.0186607912182807,96.0,64.0,0.3333333432674408,0.0073094815015792,0,0.0,129,4,5,shapley-20260606T025212Z-c3a6ac22,shapley,baseline
23,11101,4,0.4000000059604645,-0.0999335870146751,0.023451954126358,0.0134652322158217,96.0,64.0,0.3333333432674408,0.0117192799225449,32,0.0,129,4,5,shapley-20260606T025212Z-c3a6ac22,shapley,baseline
24,11,2,0.2000000029802322,-1.345374345779419,2.369667053222656,0.5596349239349365,256.0,192.0,0.4545454680919647,0.0355526246130466,160,0.0,129,4,5,shapley-20260606T025212Z-c3a6ac22,shapley,baseline
25,10011,3,0.2000000029802322,-1.1919232606887815,1.8505818843841555,0.4299007654190063,192.0,160.0,0.1666666716337204,0.0312839671969413,32,0.0,129,4,5,shapley-20260606T025212Z-c3a6ac22,shapley,baseline
26,1011,3,0.2000000029802322,-0.2507510781288147,0.0744197517633438,0.011543646454811,64.0,32.0,0.5,0.0059624961577355,0,0.0,129,4,5,shapley-20260606T025212Z-c3a6ac22,shapley,baseline
27,11011,4,0.4000000059604645,-0.1552545130252838,0.0312392972409725,0.0071353334933519,96.0,64.0,0.3333333432674408,0.0088030761107802,0,0.0,129,4,5,shapley-20260606T025212Z-c3a6ac22,shapley,baseline
28,111,3,0.2000000029802322,-1.000760555267334,1.322594165802002,0.3210724592208862,192.0,128.0,0.3333333432674408,0.0271715950220823,0,0.0,129,4,5,shapley-20260606T025212Z-c3a6ac22,shapley,baseline
29,10111,4,0.4000000059604645,-0.8390849232673645,0.9501935243606568,0.2461299896240234,256.0,256.0,0.1111111119389534,0.046829055994749,32,0.0,129,4,5,shapley-20260606T025212Z-c3a6ac22,shapley,baseline
30,1111,4,0.4000000059604645,-0.0789745002985,0.0100480234250426,0.0038110516034066,32.0,0.0,1.0,0.0067027076147496,0,0.0,129,4,5,shapley-20260606T025212Z-c3a6ac22,shapley,baseline
31,11111,5,1.0,0.0,0.0,0.0,64.0,32.0,0.5,0.0010000000474974,0,0.0,129,4,5,shapley-20260606T025212Z-c3a6ac22,shapley,baseline
0,0,0,1.0,-1.9493954181671145,4.877203941345215,1.077061414718628,256.0,249.22938537597656,0.5360838770866394,0.2249190658330917,288,0.0264477356218057,169,5,6,shapley-20260606T025212Z-c3a6ac22,shapley,baseline
1,10000,1,0.4000000059604645,-1.5720689296722412,3.170728921890259,0.6993281841278076,256.0,249.22938537597656,0.4351478219032287,0.0731724351644516,192,0.0264477356218057,169,5,6,shapley-20260606T025212Z-c3a6ac22,shapley,baseline
2,1000,1,0.4000000059604645,-0.387781947851181,0.1982323825359344,0.0478575378656387,218.9220428466797,186.9220428466797,0.1461707502603531,0.0198801755905151,32,0.0264477356218057,169,5,6,shapley-20260606T025212Z-c3a6ac22,shapley,baseline
3,11000,2,0.2000000029802322,-0.3605259656906128,0.1690709292888641,0.0390919595956802,96.0,64.0,0.3333333432674408,0.0095318760722875,0,0.0264477356218057,169,5,6,shapley-20260606T025212Z-c3a6ac22,shapley,baseline
4,100,1,0.4000000059604645,-1.4172837734222412,2.473987102508545,0.4652938842773437,256.0,249.22938537597656,0.2043230980634689,0.0598700642585754,64,0.0264477356218057,169,5,6,shapley-20260606T025212Z-c3a6ac22,shapley,baseline
5,10100,2,0.2000000029802322,-1.3230654001235962,2.350532531738281,0.6000304222106934,256.0,249.22938537597656,0.1137861162424087,0.0344262346625328,32,0.0264477356218057,169,5,6,shapley-20260606T025212Z-c3a6ac22,shapley,baseline
6,1100,2,0.2000000029802322,-0.2326214909553527,0.0798275247216224,0.0257147662341594,192.0,64.0,0.6666666865348816,0.0079197781160473,0,0.0264477356218057,169,5,6,shapley-20260606T025212Z-c3a6ac22,shapley,baseline
7,11100,3,0.2000000029802322,-0.1930177807807922,0.048424407839775,0.0111685432493686,32.0,0.0,1.0,0.0055603603832423,0,0.0264477356218057,169,5,6,shapley-20260606T025212Z-c3a6ac22,shapley,baseline
8,10,1,0.4000000059604645,-1.590898036956787,3.225524425506592,0.6945679187774658,256.0,249.22938537597656,0.3909787535667419,0.0729263797402381,160,0.0264477356218057,169,5,6,shapley-20260606T025212Z-c3a6ac22,shapley,baseline
9,10010,2,0.2000000029802322,-1.3457491397857666,2.213162899017334,0.4021221399307251,256.0,256.0,0.1111111119389534,0.0283640176057815,0,0.0264477356218057,169,5,6,shapley-20260606T025212Z-c3a6ac22,shapley,baseline
10,1010,2,0.2000000029802322,-0.3090929985046386,0.1231201812624931,0.0275816991925239,64.0,32.0,0.5,0.0081665702164173,0,0.0264477356218057,169,5,6,shapley-20260606T025212Z-c3a6ac22,shapley,baseline
11,11010,3,0.2000000029802322,-0.2387412339448928,0.0747988522052764,0.0178014747798442,64.0,32.0,0.5,0.006757432129234,0,0.0264477356218057,169,5,6,shapley-20260606T025212Z-c3a6ac22,shapley,baseline
12,110,2,0.2000000029802322,-1.1572691202163696,1.643698811531067,0.3044270277023315,218.9220428466797,186.9220428466797,0.1461707502603531,0.0248090699315071,32,0.0264477356218057,169,5,6,shapley-20260606T025212Z-c3a6ac22,shapley,baseline
13,10110,3,0.2000000029802322,-1.0205841064453125,1.364633560180664,0.3230416774749756,256.0,249.22938537597656,0.1137861162424087,0.0255261901766061,32,0.0264477356218057,169,5,6,shapley-20260606T025212Z-c3a6ac22,shapley,baseline
14,1110,3,0.2000000029802322,-0.1335797309875488,0.0342195481061935,0.0163760036230087,32.0,0.0,1.0,0.006522106938064,0,0.0264477356218057,169,5,6,shapley-20260606T025212Z-c3a6ac22,shapley,baseline
15,11110,4,0.4000000059604645,-0.0389720760285854,0.0070426603779196,0.0055238376371562,157.46102905273438,93.46102142333984,0.4064497947692871,0.0074143297970294,64,0.0264477356218057,169,5,6,shapley-20260606T025212Z-c3a6ac22,shapley,baseline
16,1,1,0.4000000059604645,-1.713981866836548,3.889228820800781,0.9514949321746826,256.0,249.22938537597656,0.5360838770866394,0.0851848796010017,288,0.0264477356218057,169,5,6,shapley-20260606T025212Z-c3a6ac22,shapley,baseline
17,10001,2,0.2000000029802322,-1.6520822048187256,3.5904629230499268,0.8610873222351074,256.0,249.22938537597656,0.2043230980634689,0.0410428009927272,64,0.0264477356218057,169,5,6,shapley-20260606T025212Z-c3a6ac22,shapley,baseline
18,1001,2,0.2000000029802322,-0.3791511654853821,0.1819216907024383,0.0381660908460617,128.0,96.0,0.25,0.0094302352517843,0,0.0264477356218057,169,5,6,shapley-20260606T025212Z-c3a6ac22,shapley,baseline
19,11001,3,0.2000000029802322,-0.2421724200248718,0.0747444853186607,0.016097005456686,96.0,64.0,0.3333333432674408,0.0064748646691441,0,0.0264477356218057,169,5,6,shapley-20260606T025212Z-c3a6ac22,shapley,baseline
20,101,2,0.2000000029802322,-1.340492844581604,2.3734591007232666,0.5765380859375,256.0,249.22938537597656,0.1137861162424087,0.0337653532624244,32,0.0264477356218057,169,5,6,shapley-20260606T025212Z-c3a6ac22,shapley,baseline
21,10101,3,0.2000000029802322,-1.054275631904602,1.600670576095581,0.489173412322998,250.07571411132807,218.07571411132807,0.1279612481594085,0.0311809051781892,32,0.0264477356218057,169,5,6,shapley-20260606T025212Z-c3a6ac22,shapley,baseline
22,1101,3,0.2000000029802322,-0.1990100741386413,0.0582658015191555,0.0186607912182807,96.0,64.0,0.3333333432674408,0.0068947565741837,0,0.0264477356218057,169,5,6,shapley-20260606T025212Z-c3a6ac22,shapley,baseline
23,11101,4,0.4000000059604645,-0.0999335870146751,0.023451954126358,0.0134652322158217,96.0,64.0,0.3333333432674408,0.0110146962106227,0,0.0264477356218057,169,5,6,shapley-20260606T025212Z-c3a6ac22,shapley,baseline
24,11,2,0.2000000029802322,-1.395709753036499,2.653741836547852,0.7057361602783203,256.0,249.22938537597656,0.3393160998821258,0.0372511707246303,128,0.0264477356218057,169,5,6,shapley-20260606T025212Z-c3a6ac22,shapley,baseline
25,10011,3,0.2000000029802322,-1.2438292503356934,2.05826735496521,0.5111562013626099,218.9220428466797,186.9220428466797,0.1461707502603531,0.0318515971302986,32,0.0264477356218057,169,5,6,shapley-20260606T025212Z-c3a6ac22,shapley,baseline
26,1011,3,0.2000000029802322,-0.2113069593906402,0.0568789094686508,0.0122282765805721,158.30734252929688,62.30734634399414,0.606415331363678,0.0057718139141798,96,0.0264477356218057,169,5,6,shapley-20260606T025212Z-c3a6ac22,shapley,baseline
27,11011,4,0.4000000059604645,-0.1552545130252838,0.0312392972409725,0.0071353334933519,96.0,64.0,0.3333333432674408,0.0082901762798428,0,0.0264477356218057,169,5,6,shapley-20260606T025212Z-c3a6ac22,shapley,baseline
28,111,3,0.2000000029802322,-1.000760555267334,1.322594165802002,0.3210724592208862,192.0,128.0,0.3333333432674408,0.0254513230174779,0,0.0264477356218057,169,5,6,shapley-20260606T025212Z-c3a6ac22,shapley,baseline
29,10111,4,0.4000000059604645,-0.8390849232673645,0.9501935243606568,0.2461299896240234,256.0,256.0,0.1111111119389534,0.043816689401865,0,0.0264477356218057,169,5,6,shapley-20260606T025212Z-c3a6ac22,shapley,baseline
30,1111,4,0.4000000059604645,-0.0592249631881713,0.0066171358339488,0.0031095396261662,63.15367126464844,31.15367317199707,0.5067005157470703,0.0058125900104641,32,0.0264477356218057,169,5,6,shapley-20260606T025212Z-c3a6ac22,shapley,baseline
31,11111,5,1.0,0.0,0.0,0.0,64.0,32.0,0.5,0.0010000000474974,0,0.0264477356218057,169,5,6,shapley-20260606T025212Z-c3a6ac22,shapley,baseline
0,0,0,1.0,-1.4540557861328125,2.374971389770508,0.2606930732727051,32.0,0.0,1.0,0.1504693031311035,32,0.0,49,0,1,shapley-20260606T025237Z-748fdcf3,shapley,marginal
1,10000,1,0.4000000059604645,-1.6224600076675415,3.0998311042785645,0.4674546718597412,32.0,0.0,1.0,0.0810602679848671,32,0.0,49,0,1,shapley-20260606T025237Z-748fdcf3,shapley,marginal
2,1000,1,0.4000000059604645,-0.8173950910568237,0.8407849073410034,0.1726501584053039,32.0,0.0,1.0,0.0496553629636764,32,0.0,49,0,1,shapley-20260606T025237Z-748fdcf3,shapley,marginal
3,11000,2,0.2000000029802322,-0.6158576011657715,0.4596722722053528,0.0803916752338409,32.0,0.0,1.0,0.0176005624234676,32,0.0,49,0,1,shapley-20260606T025237Z-748fdcf3,shapley,marginal
4,100,1,0.4000000059604645,-1.3787518739700315,2.195995807647705,0.2950390577316284,32.0,0.0,1.0,0.0646043792366981,32,0.0,49,0,1,shapley-20260606T025237Z-748fdcf3,shapley,marginal
5,10100,2,0.2000000029802322,-1.272493600845337,1.8982131481170652,0.2789732217788696,32.0,0.0,1.0,0.0319242030382156,32,0.0,49,0,1,shapley-20260606T025237Z-748fdcf3,shapley,marginal
6,1100,2,0.2000000029802322,-0.5112484693527222,0.4264777898788452,0.1651027798652649,32.0,0.0,1.0,0.0247899983078241,32,0.0,49,0,1,shapley-20260606T025237Z-748fdcf3,shapley,marginal
7,11100,3,0.2000000029802322,-0.2534995079040527,0.0925011038780212,0.0282391011714935,32.0,0.0,1.0,0.0108388122171163,32,0.0,49,0,1,shapley-20260606T025237Z-748fdcf3,shapley,marginal
8,10,1,0.4000000059604645,-1.2678773403167725,1.7932124137878418,0.185699462890625,32.0,0.0,1.0,0.051460612565279,32,0.0,49,0,1,shapley-20260606T025237Z-748fdcf3,shapley,marginal
9,10010,2,0.2000000029802322,-1.2067818641662598,1.586543321609497,0.130220890045166,32.0,0.0,1.0,0.0221279617398977,32,0.0,49,0,1,shapley-20260606T025237Z-748fdcf3,shapley,marginal
10,1010,2,0.2000000029802322,-0.4038478136062622,0.2217389047145843,0.0586458444595336,32.0,0.0,1.0,0.0151786813512444,32,0.0,49,0,1,shapley-20260606T025237Z-748fdcf3,shapley,marginal
11,11010,3,0.2000000029802322,-0.3218841850757599,0.1276827156543731,0.0240732878446578,32.0,0.0,1.0,0.0100841633975505,32,0.0,49,0,1,shapley-20260606T025237Z-748fdcf3,shapley,marginal
12,110,2,0.2000000029802322,-1.0921757221221924,1.3162493705749512,0.1234015226364135,32.0,0.0,1.0,0.0215673092752695,32,0.0,49,0,1,shapley-20260606T025237Z-748fdcf3,shapley,marginal
13,10110,3,0.2000000029802322,-0.9555641412734984,1.0180294513702393,0.1049266457557678,32.0,0.0,1.0,0.0199653171002864,32,0.0,49,0,1,shapley-20260606T025237Z-748fdcf3,shapley,marginal
14,1110,3,0.2000000029802322,-0.22258260846138,0.0767825543880462,0.0272395350039005,32.0,0.0,1.0,0.0106631144881248,32,0.0,49,0,1,shapley-20260606T025237Z-748fdcf3,shapley,marginal
15,11110,4,0.4000000059604645,-0.1101617664098739,0.0292232297360897,0.0170876160264015,32.0,0.0,1.0,0.0163069237023592,32,0.0,49,0,1,shapley-20260606T025237Z-748fdcf3,shapley,marginal
16,1,1,0.4000000059604645,-1.557051658630371,2.8518083095550537,0.4273984432220459,32.0,0.0,1.0,0.0775532573461532,32,0.0,49,0,1,shapley-20260606T025237Z-748fdcf3,shapley,marginal
17,10001,2,0.2000000029802322,-1.39465594291687,2.2024989128112797,0.2574337720870971,32.0,0.0,1.0,0.0307063963264226,32,0.0,49,0,1,shapley-20260606T025237Z-748fdcf3,shapley,marginal
18,1001,2,0.2000000029802322,-0.4522448182106018,0.245378702878952,0.0408533215522766,32.0,0.0,1.0,0.0128339827060699,32,0.0,49,0,1,shapley-20260606T025237Z-748fdcf3,shapley,marginal
19,11001,3,0.2000000029802322,-0.4934770464897156,0.2812521159648895,0.0377325266599655,32.0,0.0,1.0,0.0123730031773447,32,0.0,49,0,1,shapley-20260606T025237Z-748fdcf3,shapley,marginal
20,101,2,0.2000000029802322,-1.3722360134124756,2.22975492477417,0.346723198890686,32.0,0.0,1.0,0.0354753471910953,32,0.0,49,0,1,shapley-20260606T025237Z-748fdcf3,shapley,marginal
21,10101,3,0.2000000029802322,-1.066747784614563,1.3885926008224487,0.2506418228149414,32.0,0.0,1.0,0.0303119029849767,32,0.0,49,0,1,shapley-20260606T025237Z-748fdcf3,shapley,marginal
22,1101,3,0.2000000029802322,-0.2865893542766571,0.1101622134447097,0.0280287563800811,32.0,0.0,1.0,0.0108021013438701,32,0.0,49,0,1,shapley-20260606T025237Z-748fdcf3,shapley,marginal
23,11101,4,0.4000000059604645,-0.1832332760095596,0.0487080849707126,0.0151336528360843,32.0,0.0,1.0,0.0154051939025521,32,0.0,49,0,1,shapley-20260606T025237Z-748fdcf3,shapley,marginal
24,11,2,0.2000000029802322,-1.246005654335022,1.7794442176818848,0.2269141674041748,32.0,0.0,1.0,0.0288899671286344,32,0.0,49,0,1,shapley-20260606T025237Z-748fdcf3,shapley,marginal
25,10011,3,0.2000000029802322,-1.2023279666900637,1.6862289905548096,0.2406364679336547,32.0,0.0,1.0,0.0297208931297063,32,0.0,49,0,1,shapley-20260606T025237Z-748fdcf3,shapley,marginal
26,1011,3,0.2000000029802322,-0.3496167063713074,0.1383274495601654,0.016095608472824,32.0,0.0,1.0,0.0084279831498861,32,0.0,49,0,1,shapley-20260606T025237Z-748fdcf3,shapley,marginal
27,11011,4,0.4000000059604645,-0.2098022997379303,0.0526028573513031,0.0085858516395092,32.0,0.0,1.0,0.0118502294644713,32,0.0,49,0,1,shapley-20260606T025237Z-748fdcf3,shapley,marginal
28,111,3,0.2000000029802322,-1.0904220342636108,1.3343007564544678,0.1452805995941162,32.0,0.0,1.0,0.0233162399381399,32,0.0,49,0,1,shapley-20260606T025237Z-748fdcf3,shapley,marginal
29,10111,4,0.4000000059604645,-0.9017375111579896,1.0706769227981567,0.2575463652610779,32.0,0.0,1.0,0.0604257881641387,32,0.0,49,0,1,shapley-20260606T025237Z-748fdcf3,shapley,marginal
30,1111,4,0.4000000059604645,-0.1179344952106475,0.0237400904297828,0.0098315449431538,32.0,0.0,1.0,0.0126106915995478,32,0.0,49,0,1,shapley-20260606T025237Z-748fdcf3,shapley,marginal
31,11111,5,1.0,0.0,0.0,0.0,32.0,0.0,1.0,0.0010000000474974,32,0.0,49,0,1,shapley-20260606T025237Z-748fdcf3,shapley,marginal
0,0,0,1.0,-1.627718210220337,3.075043201446533,0.4255766868591308,256.0,32.0,0.9166666865348816,0.1722292453050613,352,0.0,69,1,2,shapley-20260606T025237Z-748fdcf3,shapley,marginal
1,10000,1,0.4000000059604645,-1.5713831186294556,2.880452871322632,0.411207914352417,192.0,32.0,0.8333333134651184,0.0683255344629287,160,0.0,69,1,2,shapley-20260606T025237Z-748fdcf3,shapley,marginal
2,1000,1,0.4000000059604645,-0.7933309078216553,0.8312622308731079,0.2018883228302002,64.0,32.0,0.5,0.0481742061674594,32,0.0,69,1,2,shapley-20260606T025237Z-748fdcf3,shapley,marginal
3,11000,2,0.2000000029802322,-0.6158576011657715,0.4596722722053528,0.0803916752338409,32.0,0.0,1.0,0.0158841684460639,0,0.0,69,1,2,shapley-20260606T025237Z-748fdcf3,shapley,marginal
4,100,1,0.4000000059604645,-1.390540361404419,2.2996320724487305,0.3660296201705932,96.0,32.0,0.6666666865348816,0.0645195096731185,64,0.0,69,1,2,shapley-20260606T025237Z-748fdcf3,shapley,marginal
5,10100,2,0.2000000029802322,-1.272493600845337,1.8982131481170652,0.2789732217788696,32.0,0.0,1.0,0.0287268366664648,0,0.0,69,1,2,shapley-20260606T025237Z-748fdcf3,shapley,marginal
6,1100,2,0.2000000029802322,-0.5112484693527222,0.4264777898788452,0.1651027798652649,32.0,0.0,1.0,0.0223302636295557,0,0.0,69,1,2,shapley-20260606T025237Z-748fdcf3,shapley,marginal
7,11100,3,0.2000000029802322,-0.2534995079040527,0.0925011038780212,0.0282391011714935,32.0,0.0,1.0,0.0098215406760573,0,0.0,69,1,2,shapley-20260606T025237Z-748fdcf3,shapley,marginal
8,10,1,0.4000000059604645,-1.4019989967346191,2.4004783630371094,0.4348771572113037,160.0,32.0,0.800000011920929,0.0702360570430755,128,0.0,69,1,2,shapley-20260606T025237Z-748fdcf3,shapley,marginal
9,10010,2,0.2000000029802322,-1.2067818641662598,1.586543321609497,0.130220890045166,32.0,0.0,1.0,0.0199434626847505,0,0.0,69,1,2,shapley-20260606T025237Z-748fdcf3,shapley,marginal
10,1010,2,0.2000000029802322,-0.5168595910072327,0.3659045696258545,0.0987607240676879,64.0,32.0,0.5,0.0174972340464591,32,0.0,69,1,2,shapley-20260606T025237Z-748fdcf3,shapley,marginal
11,11010,3,0.2000000029802322,-0.3218841850757599,0.1276827156543731,0.0240732878446578,32.0,0.0,1.0,0.0091449180617928,0,0.0,69,1,2,shapley-20260606T025237Z-748fdcf3,shapley,marginal
12,110,2,0.2000000029802322,-1.0921757221221924,1.3162493705749512,0.1234015226364135,32.0,0.0,1.0,0.0194407794624567,0,0.0,69,1,2,shapley-20260606T025237Z-748fdcf3,shapley,marginal
13,10110,3,0.2000000029802322,-1.1020963191986084,1.4512920379638672,0.23667573928833,64.0,32.0,0.5,0.0265385303646326,32,0.0,69,1,2,shapley-20260606T025237Z-748fdcf3,shapley,marginal
14,1110,3,0.2000000029802322,-0.22258260846138,0.0767825543880462,0.0272395350039005,32.0,0.0,1.0,0.0096640093252062,0,0.0,69,1,2,shapley-20260606T025237Z-748fdcf3,shapley,marginal
15,11110,4,0.4000000059604645,-0.0994318947196006,0.0258229337632656,0.0159362331032753,64.0,32.0,0.5,0.014253843575716,32,0.0,69,1,2,shapley-20260606T025237Z-748fdcf3,shapley,marginal
16,1,1,0.4000000059604645,-1.57207453250885,2.9772133827209477,0.5057950019836426,160.0,32.0,0.800000011920929,0.0756683051586151,128,0.0,69,1,2,shapley-20260606T025237Z-748fdcf3,shapley,marginal
17,10001,2,0.2000000029802322,-1.3144614696502686,2.073025703430176,0.3452167510986328,128.0,32.0,0.75,0.0318435914814472,96,0.0,69,1,2,shapley-20260606T025237Z-748fdcf3,shapley,marginal
18,1001,2,0.2000000029802322,-0.4967938065528869,0.2970304489135742,0.0502263605594635,64.0,32.0,0.5,0.0127648087218403,32,0.0,69,1,2,shapley-20260606T025237Z-748fdcf3,shapley,marginal
19,11001,3,0.2000000029802322,-0.4934770464897156,0.2812521159648895,0.0377325266599655,32.0,0.0,1.0,0.0111971069127321,0,0.0,69,1,2,shapley-20260606T025237Z-748fdcf3,shapley,marginal
20,101,2,0.2000000029802322,-1.2707056999206543,1.9360076189041135,0.3213146924972534,64.0,32.0,0.5,0.0307566691190004,32,0.0,69,1,2,shapley-20260606T025237Z-748fdcf3,shapley,marginal
21,10101,3,0.2000000029802322,-1.1904128789901731,1.806243658065796,0.3891608715057373,64.0,32.0,0.5,0.0337479077279567,32,0.0,69,1,2,shapley-20260606T025237Z-748fdcf3,shapley,marginal
22,1101,3,0.2000000029802322,-0.341562807559967,0.1614971309900283,0.0448319762945175,128.0,32.0,0.75,0.0121150892227888,96,0.0,69,1,2,shapley-20260606T025237Z-748fdcf3,shapley,marginal
23,11101,4,0.4000000059604645,-0.1840152144432068,0.0529043823480606,0.019042782485485,64.0,32.0,0.5,0.0154881924390792,32,0.0,69,1,2,shapley-20260606T025237Z-748fdcf3,shapley,marginal
24,11,2,0.2000000029802322,-1.265987515449524,1.8768211603164675,0.2740967273712158,128.0,32.0,0.75,0.0284834317862987,96,0.0,69,1,2,shapley-20260606T025237Z-748fdcf3,shapley,marginal
25,10011,3,0.2000000029802322,-1.1590806245803833,1.543160319328308,0.1996923685073852,64.0,32.0,0.5,0.0244584754109382,32,0.0,69,1,2,shapley-20260606T025237Z-748fdcf3,shapley,marginal
26,1011,3,0.2000000029802322,-0.3496167063713074,0.1383274495601654,0.016095608472824,32.0,0.0,1.0,0.0076599773019552,0,0.0,69,1,2,shapley-20260606T025237Z-748fdcf3,shapley,marginal
27,11011,4,0.4000000059604645,-0.2363010048866272,0.0663992166519165,0.0105610527098178,96.0,32.0,0.6666666865348816,0.0117895323783159,64,0.0,69,1,2,shapley-20260606T025237Z-748fdcf3,shapley,marginal
28,111,3,0.2000000029802322,-1.0760622024536133,1.333018183708191,0.1751083135604858,64.0,32.0,0.5,0.0229670833796262,32,0.0,69,1,2,shapley-20260606T025237Z-748fdcf3,shapley,marginal
29,10111,4,0.4000000059604645,-0.9025723934173584,1.0394636392593384,0.224826693534851,96.0,32.0,0.6666666865348816,0.0507820695638656,64,0.0,69,1,2,shapley-20260606T025237Z-748fdcf3,shapley,marginal
30,1111,4,0.4000000059604645,-0.1236296743154525,0.0273816511034965,0.0120973549783229,64.0,32.0,0.5,0.0125476671382784,32,0.0,69,1,2,shapley-20260606T025237Z-748fdcf3,shapley,marginal
31,11111,5,1.0,0.0,0.0,0.0,32.0,0.0,1.0,0.0010000000474974,0,0.0,69,1,2,shapley-20260606T025237Z-748fdcf3,shapley,marginal
0,0,0,1.0,-1.6899640560150146,3.4190948009490967,0.5631163120269775,256.0,256.0,0.3846153914928436,0.1777085810899734,160,0.0,89,2,3,shapley-20260606T025237Z-748fdcf3,shapley,marginal
1,10000,1,0.4000000059604645,-1.597603678703308,2.9796295166015625,0.4272921085357666,256.0,192.0,0.25,0.062571682035923,64,0.0,89,2,3,shapley-20260606T025237Z-748fdcf3,shapley,marginal
2,1000,1,0.4000000059604645,-0.7933309078216553,0.8312622308731079,0.2018883228302002,64.0,32.0,0.5,0.043322779238224,0,0.0,89,2,3,shapley-20260606T025237Z-748fdcf3,shapley,marginal
3,11000,2,0.2000000029802322,-0.6546650528907776,0.5516580939292908,0.1230717599391937,96.0,32.0,0.6666666865348816,0.0175221990793943,64,0.0,89,2,3,shapley-20260606T025237Z-748fdcf3,shapley,marginal
4,100,1,0.4000000059604645,-1.4194209575653076,2.4206271171569824,0.4058711528778076,160.0,96.0,0.4000000059604645,0.0610084906220436,64,0.0,89,2,3,shapley-20260606T025237Z-748fdcf3,shapley,marginal
5,10100,2,0.2000000029802322,-1.3504326343536377,2.2631397247314453,0.4394714832305908,96.0,32.0,0.6666666865348816,0.0322215110063552,64,0.0,89,2,3,shapley-20260606T025237Z-748fdcf3,shapley,marginal
6,1100,2,0.2000000029802322,-0.5052530765533447,0.3706076145172119,0.1153269410133361,96.0,32.0,0.6666666865348816,0.016993885859847,64,0.0,89,2,3,shapley-20260606T025237Z-748fdcf3,shapley,marginal
7,11100,3,0.2000000029802322,-0.2534995079040527,0.0925011038780212,0.0282391011714935,32.0,0.0,1.0,0.0089143281802535,0,0.0,89,2,3,shapley-20260606T025237Z-748fdcf3,shapley,marginal
8,10,1,0.4000000059604645,-1.4989241361618042,2.771059513092041,0.5242860317230225,256.0,160.0,0.5454545617103577,0.0692028850317001,192,0.0,89,2,3,shapley-20260606T025237Z-748fdcf3,shapley,marginal
9,10010,2,0.2000000029802322,-1.2067818641662598,1.586543321609497,0.130220890045166,32.0,0.0,1.0,0.0179953053593635,0,0.0,89,2,3,shapley-20260606T025237Z-748fdcf3,shapley,marginal
10,1010,2,0.2000000029802322,-0.5168595910072327,0.3659045696258545,0.0987607240676879,64.0,32.0,0.5,0.0158006474375724,0,0.0,89,2,3,shapley-20260606T025237Z-748fdcf3,shapley,marginal
11,11010,3,0.2000000029802322,-0.3218841850757599,0.1276827156543731,0.0240732878446578,32.0,0.0,1.0,0.0083072893321514,0,0.0,89,2,3,shapley-20260606T025237Z-748fdcf3,shapley,marginal
12,110,2,0.2000000029802322,-1.1808156967163086,1.773393988609314,0.3790682554244995,128.0,32.0,0.75,0.0299966149032115,96,0.0,89,2,3,shapley-20260606T025237Z-748fdcf3,shapley,marginal
13,10110,3,0.2000000029802322,-1.1031290292739868,1.4933719635009766,0.2764782905578613,96.0,64.0,0.3333333432674408,0.0257639028131961,32,0.0,89,2,3,shapley-20260606T025237Z-748fdcf3,shapley,marginal
14,1110,3,0.2000000029802322,-0.2567284703254699,0.104025013744831,0.0381155088543891,96.0,32.0,0.6666666865348816,0.0101947402581572,64,0.0,89,2,3,shapley-20260606T025237Z-748fdcf3,shapley,marginal
15,11110,4,0.4000000059604645,-0.1003435626626014,0.0262406785041093,0.0161718484014272,96.0,64.0,0.3333333432674408,0.0129783898591995,32,0.0,89,2,3,shapley-20260606T025237Z-748fdcf3,shapley,marginal
16,1,1,0.4000000059604645,-1.585060954093933,3.084792137145996,0.5723738670349121,256.0,160.0,0.375,0.0722620859742164,96,0.0,89,2,3,shapley-20260606T025237Z-748fdcf3,shapley,marginal
17,10001,2,0.2000000029802322,-1.4242925643920898,2.5021655559539795,0.4735562801361084,192.0,128.0,0.3333333432674408,0.0334096550941467,64,0.0,89,2,3,shapley-20260606T025237Z-748fdcf3,shapley,marginal
18,1001,2,0.2000000029802322,-0.6454653143882751,0.5579059720039368,0.1412805020809173,160.0,64.0,0.6000000238418579,0.0187023021280765,96,0.0,89,2,3,shapley-20260606T025237Z-748fdcf3,shapley,marginal
19,11001,3,0.2000000029802322,-0.5415870547294617,0.3914992809295654,0.098182737827301,128.0,32.0,0.75,0.0157572757452726,96,0.0,89,2,3,shapley-20260606T025237Z-748fdcf3,shapley,marginal
20,101,2,0.2000000029802322,-1.4341083765029907,2.656479835510254,0.5998129844665527,128.0,64.0,0.5,0.0374751016497612,64,0.0,89,2,3,shapley-20260606T025237Z-748fdcf3,shapley,marginal
21,10101,3,0.2000000029802322,-1.2565988302230835,2.165812969207764,0.5867723226547241,128.0,64.0,0.5,0.0370764136314392,64,0.0,89,2,3,shapley-20260606T025237Z-748fdcf3,shapley,marginal
22,1101,3,0.2000000029802322,-0.341562807559967,0.1614971309900283,0.0448319762945175,128.0,32.0,0.75,0.0109720062464475,0,0.0,89,2,3,shapley-20260606T025237Z-748fdcf3,shapley,marginal
23,11101,4,0.4000000059604645,-0.1840152144432068,0.0529043823480606,0.019042782485485,64.0,32.0,0.5,0.0139982169494032,0,0.0,89,2,3,shapley-20260606T025237Z-748fdcf3,shapley,marginal
24,11,2,0.2000000029802322,-1.3513237237930298,2.1502273082733154,0.3241515159606933,224.0,128.0,0.4285714328289032,0.0278140623122453,96,0.0,89,2,3,shapley-20260606T025237Z-748fdcf3,shapley,marginal
25,10011,3,0.2000000029802322,-1.1590806245803833,1.543160319328308,0.1996923685073852,64.0,32.0,0.5,0.0220459904521703,0,0.0,89,2,3,shapley-20260606T025237Z-748fdcf3,shapley,marginal
26,1011,3,0.2000000029802322,-0.3496167063713074,0.1383274495601654,0.016095608472824,32.0,0.0,1.0,0.0069750607945024,0,0.0,89,2,3,shapley-20260606T025237Z-748fdcf3,shapley,marginal
27,11011,4,0.4000000059604645,-0.242795780301094,0.0708563476800918,0.0119065567851066,128.0,96.0,0.25,0.0112780733034014,32,0.0,89,2,3,shapley-20260606T025237Z-748fdcf3,shapley,marginal
28,111,3,0.2000000029802322,-1.061659336090088,1.3566772937774658,0.2295567989349365,96.0,64.0,0.3333333432674408,0.0235649142414331,32,0.0,89,2,3,shapley-20260606T025237Z-748fdcf3,shapley,marginal
29,10111,4,0.4000000059604645,-0.9569380283355712,1.1419992446899414,0.2262688279151916,160.0,96.0,0.4000000059604645,0.0458054579794406,64,0.0,89,2,3,shapley-20260606T025237Z-748fdcf3,shapley,marginal
30,1111,4,0.4000000059604645,-0.1236296743154525,0.0273816511034965,0.0120973549783229,64.0,32.0,0.5,0.011360096745193,0,0.0,89,2,3,shapley-20260606T025237Z-748fdcf3,shapley,marginal
31,11111,5,1.0,0.0,0.0,0.0,32.0,0.0,1.0,0.0010000000474974,0,0.0,89,2,3,shapley-20260606T025237Z-748fdcf3,shapley,marginal
0,0,0,1.0,-1.7331396341323853,3.751417636871338,0.7476446628570557,256.0,256.0,0.4285714328289032,0.1812632083892822,192,0.0,109,3,4,shapley-20260606T025237Z-748fdcf3,shapley,marginal
1,10000,1,0.4000000059604645,-1.6761503219604492,3.401742935180664,0.5922629833221436,256.0,256.0,0.3846153914928436,0.0651766136288642,160,0.0,109,3,4,shapley-20260606T025237Z-748fdcf3,shapley,marginal
2,1000,1,0.4000000059604645,-0.8235002756118774,0.9186169505119324,0.2404642701148986,192.0,64.0,0.6666666865348816,0.0418925955891609,128,0.0,109,3,4,shapley-20260606T025237Z-748fdcf3,shapley,marginal
3,11000,2,0.2000000029802322,-0.6554733514785767,0.561371386051178,0.1317260861396789,128.0,96.0,0.25,0.0161330103874206,32,0.0,109,3,4,shapley-20260606T025237Z-748fdcf3,shapley,marginal
4,100,1,0.4000000059604645,-1.4713189601898191,2.6278839111328125,0.4631044864654541,224.0,160.0,0.2857142984867096,0.0577490888535976,64,0.0,109,3,4,shapley-20260606T025237Z-748fdcf3,shapley,marginal
5,10100,2,0.2000000029802322,-1.4421638250350952,2.7066378593444824,0.6268012523651123,192.0,96.0,0.5,0.034010674804449,96,0.0,109,3,4,shapley-20260606T025237Z-748fdcf3,shapley,marginal
6,1100,2,0.2000000029802322,-0.5366501808166504,0.4735152125358581,0.1855217814445495,128.0,96.0,0.25,0.0189591962844133,32,0.0,109,3,4,shapley-20260606T025237Z-748fdcf3,shapley,marginal
7,11100,3,0.2000000029802322,-0.2534995079040527,0.0925011038780212,0.0282391011714935,32.0,0.0,1.0,0.0080067217350006,0,0.0,109,3,4,shapley-20260606T025237Z-748fdcf3,shapley,marginal
8,10,1,0.4000000059604645,-1.5630115270614624,3.1120333671569824,0.6690282821655273,256.0,256.0,0.2727272808551788,0.0692090019583702,96,0.0,109,3,4,shapley-20260606T025237Z-748fdcf3,shapley,marginal
9,10010,2,0.2000000029802322,-1.2067818641662598,1.586543321609497,0.130220890045166,32.0,0.0,1.0,0.0160463023930788,0,0.0,109,3,4,shapley-20260606T025237Z-748fdcf3,shapley,marginal
10,1010,2,0.2000000029802322,-0.6102777719497681,0.5143474340438843,0.1419084668159485,128.0,64.0,0.5,0.0167070142924785,64,0.0,109,3,4,shapley-20260606T025237Z-748fdcf3,shapley,marginal
11,11010,3,0.2000000029802322,-0.4274522066116333,0.2520817518234253,0.0693663656711578,64.0,32.0,0.5,0.011981557123363,32,0.0,109,3,4,shapley-20260606T025237Z-748fdcf3,shapley,marginal
12,110,2,0.2000000029802322,-1.2431111335754397,1.958158016204834,0.4128327369689941,160.0,128.0,0.2000000029802322,0.0277902353554964,32,0.0,109,3,4,shapley-20260606T025237Z-748fdcf3,shapley,marginal
13,10110,3,0.2000000029802322,-1.2426464557647705,2.016149044036865,0.4719787836074829,128.0,96.0,0.25,0.0296451244503259,32,0.0,109,3,4,shapley-20260606T025237Z-748fdcf3,shapley,marginal
14,1110,3,0.2000000029802322,-0.2567284703254699,0.104025013744831,0.0381155088543891,96.0,32.0,0.6666666865348816,0.0091402977705001,0,0.0,109,3,4,shapley-20260606T025237Z-748fdcf3,shapley,marginal
15,11110,4,0.4000000059604645,-0.1055989861488342,0.0281788874417543,0.0170277412980794,128.0,96.0,0.25,0.0118817305192351,32,0.0,109,3,4,shapley-20260606T025237Z-748fdcf3,shapley,marginal
16,1,1,0.4000000059604645,-1.6271828413009644,3.270450592041016,0.6227266788482666,256.0,256.0,0.3333333432674408,0.0668064057826995,128,0.0,109,3,4,shapley-20260606T025237Z-748fdcf3,shapley,marginal
17,10001,2,0.2000000029802322,-1.4722845554351809,2.6867849826812744,0.5191631317138672,224.0,192.0,0.1428571492433548,0.0310428664088249,32,0.0,109,3,4,shapley-20260606T025237Z-748fdcf3,shapley,marginal
18,1001,2,0.2000000029802322,-0.6696889400482178,0.5891438722610474,0.1406605839729309,224.0,160.0,0.2857142984867096,0.0166377983987331,64,0.0,109,3,4,shapley-20260606T025237Z-748fdcf3,shapley,marginal
19,11001,3,0.2000000029802322,-0.5591160655021667,0.4320054650306701,0.1193946897983551,160.0,128.0,0.2000000029802322,0.0154072791337966,32,0.0,109,3,4,shapley-20260606T025237Z-748fdcf3,shapley,marginal
20,101,2,0.2000000029802322,-1.4773824214935305,2.8843331336975098,0.701674222946167,160.0,128.0,0.2000000029802322,0.0359266698360443,32,0.0,109,3,4,shapley-20260606T025237Z-748fdcf3,shapley,marginal
21,10101,3,0.2000000029802322,-1.3105021715164185,2.571298360824585,0.8538824319839478,160.0,128.0,0.2000000029802322,0.0395290628075599,32,0.0,109,3,4,shapley-20260606T025237Z-748fdcf3,shapley,marginal
22,1101,3,0.2000000029802322,-0.341562807559967,0.1614971309900283,0.0448319762945175,128.0,32.0,0.75,0.0098284287378191,0,0.0,109,3,4,shapley-20260606T025237Z-748fdcf3,shapley,marginal
23,11101,4,0.4000000059604645,-0.1840152144432068,0.0529043823480606,0.019042782485485,64.0,32.0,0.5,0.0125075969845056,0,0.0,109,3,4,shapley-20260606T025237Z-748fdcf3,shapley,marginal
24,11,2,0.2000000029802322,-1.3665271997451782,2.2535524368286133,0.3861558437347412,256.0,224.0,0.2222222238779068,0.0269101988524198,64,0.0,109,3,4,shapley-20260606T025237Z-748fdcf3,shapley,marginal
25,10011,3,0.2000000029802322,-1.2585400342941284,1.9347171783447263,0.3507941961288452,96.0,64.0,0.3333333432674408,0.0256953760981559,32,0.0,109,3,4,shapley-20260606T025237Z-748fdcf3,shapley,marginal
26,1011,3,0.2000000029802322,-0.3496167063713074,0.1383274495601654,0.016095608472824,32.0,0.0,1.0,0.0062898476608097,0,0.0,109,3,4,shapley-20260606T025237Z-748fdcf3,shapley,marginal
27,11011,4,0.4000000059604645,-0.2509274482727051,0.075809434056282,0.0128448531031608,160.0,128.0,0.2000000029802322,0.010451135225594,32,0.0,109,3,4,shapley-20260606T025237Z-748fdcf3,shapley,marginal
28,111,3,0.2000000029802322,-1.1494438648223877,1.6009377241134644,0.2797164916992187,128.0,96.0,0.25,0.0230520255863666,32,0.0,109,3,4,shapley-20260606T025237Z-748fdcf3,shapley,marginal
29,10111,4,0.4000000059604645,-1.1045587062835691,1.61114764213562,0.3910976648330688,256.0,160.0,0.4444444477558136,0.0531509295105934,128,0.0,109,3,4,shapley-20260606T025237Z-748fdcf3,shapley,marginal
30,1111,4,0.4000000059604645,-0.1236296743154525,0.0273816511034965,0.0120973549783229,64.0,32.0,0.5,0.0101720131933689,0,0.0,109,3,4,shapley-20260606T025237Z-748fdcf3,shapley,marginal
31,11111,5,1.0,0.0,0.0,0.0,32.0,0.0,1.0,0.0010000000474974,0,0.0,109,3,4,shapley-20260606T025237Z-748fdcf3,shapley,marginal
0,0,0,1.0,-1.7640836238861084,3.980006456375122,0.8680155277252197,256.0,256.0,0.5,0.1737173050642013,256,0.0,129,4,5,shapley-20260606T025237Z-748fdcf3,shapley,marginal
1,10000,1,0.4000000059604645,-1.8339587450027464,4.24501895904541,0.8816142082214355,256.0,256.0,0.5555555820465088,0.0706259980797767,320,0.0,129,4,5,shapley-20260606T025237Z-748fdcf3,shapley,marginal
2,1000,1,0.4000000059604645,-0.8437098860740662,0.965076982975006,0.2532306313514709,224.0,192.0,0.1428571492433548,0.0383155792951583,32,0.0,129,4,5,shapley-20260606T025237Z-748fdcf3,shapley,marginal
3,11000,2,0.2000000029802322,-0.6894294023513794,0.638857901096344,0.16354501247406,160.0,128.0,0.2000000029802322,0.0159941129386425,32,0.0,129,4,5,shapley-20260606T025237Z-748fdcf3,shapley,marginal
4,100,1,0.4000000059604645,-1.5429792404174805,3.027942657470703,0.6471576690673828,256.0,224.0,0.3000000119209289,0.060653667896986,96,0.0,129,4,5,shapley-20260606T025237Z-748fdcf3,shapley,marginal
5,10100,2,0.2000000029802322,-1.529874563217163,3.0533559322357178,0.7128398418426514,256.0,192.0,0.25,0.0323038734495639,64,0.0,129,4,5,shapley-20260606T025237Z-748fdcf3,shapley,marginal
6,1100,2,0.2000000029802322,-0.5366501808166504,0.4735152125358581,0.1855217814445495,128.0,96.0,0.25,0.0169698018580675,0,0.0,129,4,5,shapley-20260606T025237Z-748fdcf3,shapley,marginal
7,11100,3,0.2000000029802322,-0.2534995079040527,0.0925011038780212,0.0282391011714935,32.0,0.0,1.0,0.0072305668145418,0,0.0,129,4,5,shapley-20260606T025237Z-748fdcf3,shapley,marginal
8,10,1,0.4000000059604645,-1.5855305194854736,3.2058019638061523,0.6918950080871582,256.0,256.0,0.1111111119389534,0.0626811161637306,32,0.0,129,4,5,shapley-20260606T025237Z-748fdcf3,shapley,marginal
9,10010,2,0.2000000029802322,-1.3325445652008057,2.63979434967041,0.864119291305542,64.0,32.0,0.5,0.0354658439755439,32,0.0,129,4,5,shapley-20260606T025237Z-748fdcf3,shapley,marginal
10,1010,2,0.2000000029802322,-0.6065067052841187,0.5089602470397949,0.1411098539829254,192.0,128.0,0.3333333432674408,0.0149277430027723,64,0.0,129,4,5,shapley-20260606T025237Z-748fdcf3,shapley,marginal
11,11010,3,0.2000000029802322,-0.4274522066116333,0.2520817518234253,0.0693663656711578,64.0,32.0,0.5,0.0107650971040129,0,0.0,129,4,5,shapley-20260606T025237Z-748fdcf3,shapley,marginal
12,110,2,0.2000000029802322,-1.4575222730636597,2.808859348297119,0.68448805809021,256.0,160.0,0.375,0.0316750332713127,96,0.0,129,4,5,shapley-20260606T025237Z-748fdcf3,shapley,marginal
13,10110,3,0.2000000029802322,-1.3289400339126587,2.4113402366638184,0.6452586650848389,160.0,128.0,0.2000000029802322,0.0307830404490232,32,0.0,129,4,5,shapley-20260606T025237Z-748fdcf3,shapley,marginal
14,1110,3,0.2000000029802322,-0.2567284703254699,0.104025013744831,0.0381155088543891,96.0,32.0,0.6666666865348816,0.0082385735586285,0,0.0,129,4,5,shapley-20260606T025237Z-748fdcf3,shapley,marginal
15,11110,4,0.4000000059604645,-0.1017514616250991,0.0259473547339439,0.0155939944088459,160.0,128.0,0.2000000029802322,0.0102599961683154,32,0.0,129,4,5,shapley-20260606T025237Z-748fdcf3,shapley,marginal
16,1,1,0.4000000059604645,-1.7585216760635376,4.109339714050293,1.0169413089752195,256.0,256.0,0.3333333432674408,0.0757790729403495,128,0.0,129,4,5,shapley-20260606T025237Z-748fdcf3,shapley,marginal
17,10001,2,0.2000000029802322,-1.5730066299438477,3.223813533782959,0.7494635581970215,256.0,224.0,0.2222222238779068,0.0330979563295841,64,0.0,129,4,5,shapley-20260606T025237Z-748fdcf3,shapley,marginal
18,1001,2,0.2000000029802322,-0.6689141988754272,0.586888313293457,0.1394421160221099,256.0,224.0,0.125,0.0148451952263712,32,0.0,129,4,5,shapley-20260606T025237Z-748fdcf3,shapley,marginal
19,11001,3,0.2000000029802322,-0.5591160655021667,0.4320054650306701,0.1193946897983551,160.0,128.0,0.2000000029802322,0.0138113424181938,0,0.0,129,4,5,shapley-20260606T025237Z-748fdcf3,shapley,marginal
20,101,2,0.2000000029802322,-1.4773824214935305,2.8843331336975098,0.701674222946167,160.0,128.0,0.2000000029802322,0.0320577397942543,0,0.0,129,4,5,shapley-20260606T025237Z-748fdcf3,shapley,marginal
21,10101,3,0.2000000029802322,-1.3814105987548828,2.7953271865844727,0.8870319128036499,224.0,160.0,0.2857142984867096,0.0359197966754436,64,0.0,129,4,5,shapley-20260606T025237Z-748fdcf3,shapley,marginal
22,1101,3,0.2000000029802322,-0.341562807559967,0.1614971309900283,0.0448319762945175,128.0,32.0,0.75,0.0088504776358604,0,0.0,129,4,5,shapley-20260606T025237Z-748fdcf3,shapley,marginal
23,11101,4,0.4000000059604645,-0.1901459693908691,0.0555049553513526,0.0193494670093059,128.0,64.0,0.5,0.0113149378448724,64,0.0,129,4,5,shapley-20260606T025237Z-748fdcf3,shapley,marginal
24,11,2,0.2000000029802322,-1.4409977197647097,2.555507183074951,0.4790327548980713,256.0,256.0,0.2000000029802322,0.0266616567969322,64,0.0,129,4,5,shapley-20260606T025237Z-748fdcf3,shapley,marginal
25,10011,3,0.2000000029802322,-1.3992271423339844,2.6406478881835938,0.6828112602233887,160.0,96.0,0.4000000059604645,0.0316374376416206,64,0.0,129,4,5,shapley-20260606T025237Z-748fdcf3,shapley,marginal
26,1011,3,0.2000000029802322,-0.383660078048706,0.1815636307001114,0.0343685746192932,64.0,32.0,0.5,0.0078735779970884,32,0.0,129,4,5,shapley-20260606T025237Z-748fdcf3,shapley,marginal
27,11011,4,0.4000000059604645,-0.2509274482727051,0.075809434056282,0.0128448531031608,160.0,128.0,0.2000000029802322,0.0094042057171463,0,0.0,129,4,5,shapley-20260606T025237Z-748fdcf3,shapley,marginal
28,111,3,0.2000000029802322,-1.1494438648223877,1.6009377241134644,0.2797164916992187,128.0,96.0,0.25,0.0206092577427625,0,0.0,129,4,5,shapley-20260606T025237Z-748fdcf3,shapley,marginal
29,10111,4,0.4000000059604645,-1.1045587062835691,1.61114764213562,0.3910976648330688,256.0,160.0,0.4444444477558136,0.0473740175366401,0,0.0,129,4,5,shapley-20260606T025237Z-748fdcf3,shapley,marginal
30,1111,4,0.4000000059604645,-0.1236296743154525,0.0273816511034965,0.0120973549783229,64.0,32.0,0.5,0.0091560017317533,0,0.0,129,4,5,shapley-20260606T025237Z-748fdcf3,shapley,marginal
31,11111,5,1.0,0.0,0.0,0.0,32.0,0.0,1.0,0.0010000000474974,0,0.0,129,4,5,shapley-20260606T025237Z-748fdcf3,shapley,marginal
0,0,0,1.0,-1.898234248161316,4.748127460479736,1.144834280014038,256.0,247.6250457763672,0.5376895666122437,0.1815053671598434,288,0.0327146559069597,169,5,6,shapley-20260606T025237Z-748fdcf3,shapley,marginal
1,10000,1,0.4000000059604645,-1.8900649547576904,4.645509719848633,1.0731642246246338,256.0,247.6250457763672,0.2053750157356262,0.0709055885672569,64,0.0327146559069597,169,5,6,shapley-20260606T025237Z-748fdcf3,shapley,marginal
2,1000,1,0.4000000059604645,-0.8627825975418091,1.021474838256836,0.2770810127258301,256.0,216.6719207763672,0.3070310950279236,0.0365207493305206,96,0.0327146559069597,169,5,6,shapley-20260606T025237Z-748fdcf3,shapley,marginal
3,11000,2,0.2000000029802322,-0.6894294023513794,0.638857901096344,0.16354501247406,160.0,128.0,0.2000000029802322,0.0146448099985718,0,0.0327146559069597,169,5,6,shapley-20260606T025237Z-748fdcf3,shapley,marginal
4,100,1,0.4000000059604645,-1.5945113897323608,3.241799831390381,0.6993331909179688,256.0,247.6250457763672,0.114438958466053,0.0574314035475254,32,0.0327146559069597,169,5,6,shapley-20260606T025237Z-748fdcf3,shapley,marginal
5,10100,2,0.2000000029802322,-1.6082428693771362,3.4245951175689697,0.8381500244140625,256.0,247.6250457763672,0.2053750157356262,0.0318894162774086,64,0.0327146559069597,169,5,6,shapley-20260606T025237Z-748fdcf3,shapley,marginal
6,1100,2,0.2000000029802322,-0.5366501808166504,0.4735152125358581,0.1855217814445495,128.0,96.0,0.25,0.015532698482275,0,0.0327146559069597,169,5,6,shapley-20260606T025237Z-748fdcf3,shapley,marginal
7,11100,3,0.2000000029802322,-0.2534995079040527,0.0925011038780212,0.0282391011714935,32.0,0.0,1.0,0.0066698854789137,0,0.0327146559069597,169,5,6,shapley-20260606T025237Z-748fdcf3,shapley,marginal
8,10,1,0.4000000059604645,-1.6669665575027466,3.62335467338562,0.8445770740509033,256.0,247.6250457763672,0.2793742716312408,0.0630152449011802,96,0.0327146559069597,169,5,6,shapley-20260606T025237Z-748fdcf3,shapley,marginal
9,10010,2,0.2000000029802322,-1.5835580825805664,3.540894031524658,1.0332379341125488,125.90626525878906,61.9062614440918,0.5083146691322327,0.0352964326739311,64,0.0327146559069597,169,5,6,shapley-20260606T025237Z-748fdcf3,shapley,marginal
10,1010,2,0.2000000029802322,-0.6384657025337219,0.5585444569587708,0.1509059965610504,217.71878051757807,185.71878051757807,0.1469785869121551,0.0141069637611508,32,0.0327146559069597,169,5,6,shapley-20260606T025237Z-748fdcf3,shapley,marginal
11,11010,3,0.2000000029802322,-0.4447174668312073,0.2653233408927917,0.0675497204065322,93.90626525878906,61.9062614440918,0.3407653570175171,0.0097692124545574,32,0.0327146559069597,169,5,6,shapley-20260606T025237Z-748fdcf3,shapley,marginal
12,110,2,0.2000000029802322,-1.5512408018112185,3.335544347763061,0.9291963577270508,256.0,247.6250457763672,0.2053750157356262,0.0335238948464393,64,0.0327146559069597,169,5,6,shapley-20260606T025237Z-748fdcf3,shapley,marginal
13,10110,3,0.2000000029802322,-1.4370661973953247,2.84585189819336,0.7806925773620605,218.76565551757807,154.76565551757812,0.2925505042076111,0.0308118462562561,64,0.0327146559069597,169,5,6,shapley-20260606T025237Z-748fdcf3,shapley,marginal
14,1110,3,0.2000000029802322,-0.2567284703254699,0.104025013744831,0.0381155088543891,96.0,32.0,0.6666666865348816,0.0075871828012168,0,0.0327146559069597,169,5,6,shapley-20260606T025237Z-748fdcf3,shapley,marginal
15,11110,4,0.4000000059604645,-0.1063017547130584,0.0307052806019783,0.0194052178412675,186.76565551757807,154.76565551757812,0.1713377088308334,0.0104002207517623,32,0.0327146559069597,169,5,6,shapley-20260606T025237Z-748fdcf3,shapley,marginal
16,1,1,0.4000000059604645,-1.811308741569519,4.284217834472656,1.0033783912658691,256.0,247.6250457763672,0.3407653570175171,0.0685944780707359,128,0.0327146559069597,169,5,6,shapley-20260606T025237Z-748fdcf3,shapley,marginal
17,10001,2,0.2000000029802322,-1.6226203441619873,3.533727169036865,0.9008302688598632,256.0,247.6250457763672,0.2053750157356262,0.0330236107110977,64,0.0327146559069597,169,5,6,shapley-20260606T025237Z-748fdcf3,shapley,marginal
18,1001,2,0.2000000029802322,-0.731626033782959,0.7469281554222107,0.2116515040397644,256.0,247.6250457763672,0.2793742716312408,0.0165224224328994,96,0.0327146559069597,169,5,6,shapley-20260606T025237Z-748fdcf3,shapley,marginal
19,11001,3,0.2000000029802322,-0.5591160655021667,0.4320054650306701,0.1193946897983551,160.0,128.0,0.2000000029802322,0.0126584647223353,0,0.0327146559069597,169,5,6,shapley-20260606T025237Z-748fdcf3,shapley,marginal
20,101,2,0.2000000029802322,-1.5919146537780762,3.486855983734131,0.9526636600494384,218.76565551757807,154.76565551757812,0.2925505042076111,0.0339320376515388,64,0.0327146559069597,169,5,6,shapley-20260606T025237Z-748fdcf3,shapley,marginal
21,10101,3,0.2000000029802322,-1.4281543493270874,3.015012264251709,0.9753873348236084,248.6719207763672,216.6719207763672,0.1286836117506027,0.0343224853277206,32,0.0327146559069597,169,5,6,shapley-20260606T025237Z-748fdcf3,shapley,marginal
22,1101,3,0.2000000029802322,-0.3552516400814056,0.1809288710355758,0.0547251403331756,155.81253051757812,123.8125228881836,0.2053750157356262,0.0088930027559399,32,0.0327146559069597,169,5,6,shapley-20260606T025237Z-748fdcf3,shapley,marginal
23,11101,4,0.4000000059604645,-0.1901459693908691,0.0555049553513526,0.0193494670093059,128.0,64.0,0.5,0.0103867081925272,0,0.0327146559069597,169,5,6,shapley-20260606T025237Z-748fdcf3,shapley,marginal
24,11,2,0.2000000029802322,-1.4985920190811155,2.8758230209350586,0.6300449371337891,256.0,247.6250457763672,0.2053750157356262,0.0277814827859401,64,0.0327146559069597,169,5,6,shapley-20260606T025237Z-748fdcf3,shapley,marginal
25,10011,3,0.2000000029802322,-1.500408411026001,3.049873352050781,0.7986478805541992,218.76565551757807,154.76565551757812,0.2925505042076111,0.0311527214944362,64,0.0327146559069597,169,5,6,shapley-20260606T025237Z-748fdcf3,shapley,marginal
26,1011,3,0.2000000029802322,-0.4051458239555359,0.209129124879837,0.0449859797954559,93.90626525878906,61.9062614440918,0.3407653570175171,0.0081562818959355,32,0.0327146559069597,169,5,6,shapley-20260606T025237Z-748fdcf3,shapley,marginal
27,11011,4,0.4000000059604645,-0.2509274482727051,0.075809434056282,0.0128448531031608,160.0,128.0,0.2000000029802322,0.008647920563817,0,0.0327146559069597,169,5,6,shapley-20260606T025237Z-748fdcf3,shapley,marginal
28,111,3,0.2000000029802322,-1.1494438648223877,1.6009377241134644,0.2797164916992187,128.0,96.0,0.25,0.0188446436077356,0,0.0327146559069597,169,5,6,shapley-20260606T025237Z-748fdcf3,shapley,marginal
29,10111,4,0.4000000059604645,-1.2480236291885376,2.2723305225372314,0.714767575263977,256.0,247.6250457763672,0.2793742716312408,0.0580507293343544,96,0.0327146559069597,169,5,6,shapley-20260606T025237Z-748fdcf3,shapley,marginal
30,1111,4,0.4000000059604645,-0.1236296743154525,0.0273816511034965,0.0120973549783229,64.0,32.0,0.5,0.0084220524877309,0,0.0327146559069597,169,5,6,shapley-20260606T025237Z-748fdcf3,shapley,marginal
31,11111,5,1.0,0.0,0.0,0.0,32.0,0.0,1.0,0.0010000000474974,0,0.0327146559069597,169,5,6,shapley-20260606T025237Z-748fdcf3,shapley,marginal
0,0,0,1.0,-0.9008901119232178,1.0175937414169312,0.205990731716156,32.0,0.0,1.0,0.1706321388483047,32,0.0,49,0,1,shapley-20260606T025301Z-ab5ccbde,shapley,conditional
1,10000,1,0.4000000059604645,-0.946784734725952,1.06989586353302,0.1734945178031921,32.0,0.0,1.0,0.0632712021470069,32,0.0,49,0,1,shapley-20260606T025301Z-ab5ccbde,shapley,conditional
2,1000,1,0.4000000059604645,-0.3953102231025696,0.1877521276473999,0.0314819514751434,32.0,0.0,1.0,0.0275262054055929,32,0.0,49,0,1,shapley-20260606T025301Z-ab5ccbde,shapley,conditional
3,11000,2,0.2000000029802322,-0.3707841038703918,0.1703483760356903,0.0328675210475921,32.0,0.0,1.0,0.0145518267527222,32,0.0,49,0,1,shapley-20260606T025301Z-ab5ccbde,shapley,conditional
4,100,1,0.4000000059604645,-0.7471476793289185,0.7699567079544067,0.2117270827293396,32.0,0.0,1.0,0.0697911456227302,32,0.0,49,0,1,shapley-20260606T025301Z-ab5ccbde,shapley,conditional
5,10100,2,0.2000000029802322,-0.6645257472991943,0.5821318030357361,0.1405373215675354,32.0,0.0,1.0,0.0290227103978395,32,0.0,49,0,1,shapley-20260606T025301Z-ab5ccbde,shapley,conditional
6,1100,2,0.2000000029802322,-0.2094098031520843,0.077800415456295,0.0339479483664035,32.0,0.0,1.0,0.0147727634757757,32,0.0,49,0,1,shapley-20260606T025301Z-ab5ccbde,shapley,conditional
7,11100,3,0.2000000029802322,-0.1341749727725982,0.0302490517497062,0.0122461281716823,32.0,0.0,1.0,0.0092720603570342,32,0.0,49,0,1,shapley-20260606T025301Z-ab5ccbde,shapley,conditional
8,10,1,0.4000000059604645,-0.8325625658035278,0.8971647024154663,0.2040042877197265,32.0,0.0,1.0,0.0685249045491218,32,0.0,49,0,1,shapley-20260606T025301Z-ab5ccbde,shapley,conditional
9,10010,2,0.2000000029802322,-0.7867313623428345,0.7066079378128052,0.0876616835594177,32.0,0.0,1.0,0.0231319274753332,32,0.0,49,0,1,shapley-20260606T025301Z-ab5ccbde,shapley,conditional
10,1010,2,0.2000000029802322,-0.2429398149251938,0.0747821629047393,0.015762411057949,32.0,0.0,1.0,0.0103848129510879,32,0.0,49,0,1,shapley-20260606T025301Z-ab5ccbde,shapley,conditional
11,11010,3,0.2000000029802322,-0.2448725402355194,0.0810655355453491,0.0211029760539531,32.0,0.0,1.0,0.0118589084595441,32,0.0,49,0,1,shapley-20260606T025301Z-ab5ccbde,shapley,conditional
12,110,2,0.2000000029802322,-0.633867084980011,0.510612964630127,0.1088254749774932,32.0,0.0,1.0,0.0256592370569705,32,0.0,49,0,1,shapley-20260606T025301Z-ab5ccbde,shapley,conditional
13,10110,3,0.2000000029802322,-0.4830133616924286,0.3075049221515655,0.0742030143737793,32.0,0.0,1.0,0.0213622190058231,32,0.0,49,0,1,shapley-20260606T025301Z-ab5ccbde,shapley,conditional
14,1110,3,0.2000000029802322,-0.0684282258152961,0.0100344009697437,0.0053519788198173,32.0,0.0,1.0,0.006468541920185,32,0.0,49,0,1,shapley-20260606T025301Z-ab5ccbde,shapley,conditional
15,11110,4,0.4000000059604645,-0.0095611438155174,0.0006008050986565,0.0005093896179459,32.0,0.0,1.0,0.0043741888366639,32,0.0,49,0,1,shapley-20260606T025301Z-ab5ccbde,shapley,conditional
16,1,1,0.4000000059604645,-1.079790115356445,1.5680562257766724,0.4021095037460327,32.0,0.0,1.0,0.0958017855882644,32,0.0,49,0,1,shapley-20260606T025301Z-ab5ccbde,shapley,conditional
17,10001,2,0.2000000029802322,-0.9934128522872924,1.2440625429153442,0.2571934461593628,32.0,0.0,1.0,0.0389091670513153,32,0.0,49,0,1,shapley-20260606T025301Z-ab5ccbde,shapley,conditional
18,1001,2,0.2000000029802322,-0.3721961975097656,0.1745944023132324,0.0360643863677978,32.0,0.0,1.0,0.0151955960318446,32,0.0,49,0,1,shapley-20260606T025301Z-ab5ccbde,shapley,conditional
19,11001,3,0.2000000029802322,-0.3607879877090454,0.1555290818214416,0.0253611057996749,32.0,0.0,1.0,0.0129041513428092,32,0.0,49,0,1,shapley-20260606T025301Z-ab5ccbde,shapley,conditional
20,101,2,0.2000000029802322,-0.7998639345169067,0.7446139454841614,0.1048316359519958,32.0,0.0,1.0,0.0252025183290243,32,0.0,49,0,1,shapley-20260606T025301Z-ab5ccbde,shapley,conditional
21,10101,3,0.2000000029802322,-0.7685234546661377,0.8027438521385193,0.2121155261993408,32.0,0.0,1.0,0.0354271046817302,32,0.0,49,0,1,shapley-20260606T025301Z-ab5ccbde,shapley,conditional
22,1101,3,0.2000000029802322,-0.1638810038566589,0.0545185543596744,0.0276615712791681,32.0,0.0,1.0,0.0134323369711637,32,0.0,49,0,1,shapley-20260606T025301Z-ab5ccbde,shapley,conditional
23,11101,4,0.4000000059604645,-0.1156024634838104,0.0208099447190761,0.007446015253663,32.0,0.0,1.0,0.0139004932716488,32,0.0,49,0,1,shapley-20260606T025301Z-ab5ccbde,shapley,conditional
24,11,2,0.2000000029802322,-0.838062584400177,0.8409777283668518,0.1386288404464721,32.0,0.0,1.0,0.0288317892700433,32,0.0,49,0,1,shapley-20260606T025301Z-ab5ccbde,shapley,conditional
25,10011,3,0.2000000029802322,-0.8151842355728149,0.7971965074539185,0.1326711773872375,32.0,0.0,1.0,0.0282271765172481,32,0.0,49,0,1,shapley-20260606T025301Z-ab5ccbde,shapley,conditional
26,1011,3,0.2000000029802322,-0.2644897699356079,0.0865303426980972,0.0165755078196525,32.0,0.0,1.0,0.0106238257139921,32,0.0,49,0,1,shapley-20260606T025301Z-ab5ccbde,shapley,conditional
27,11011,4,0.4000000059604645,-0.1900989413261413,0.0441741347312927,0.0080365277826786,32.0,0.0,1.0,0.0144022749736905,32,0.0,49,0,1,shapley-20260606T025301Z-ab5ccbde,shapley,conditional
28,111,3,0.2000000029802322,-0.620674729347229,0.5229171514511108,0.1376800239086151,32.0,0.0,1.0,0.0287363789975643,32,0.0,49,0,1,shapley-20260606T025301Z-ab5ccbde,shapley,conditional
29,10111,4,0.4000000059604645,-0.5063627362251282,0.3959117829799652,0.1395085752010345,32.0,0.0,1.0,0.0568399131298065,32,0.0,49,0,1,shapley-20260606T025301Z-ab5ccbde,shapley,conditional
30,1111,4,0.4000000059604645,-0.0412332937121391,0.0052926503121852,0.0035924657713621,32.0,0.0,1.0,0.0099606728181242,32,0.0,49,0,1,shapley-20260606T025301Z-ab5ccbde,shapley,conditional
31,11111,5,1.0,0.0,0.0,0.0,32.0,0.0,1.0,0.0010000000474974,32,0.0,49,0,1,shapley-20260606T025301Z-ab5ccbde,shapley,conditional
0,0,0,1.0,-0.918932318687439,1.0566407442092896,0.2122041583061218,256.0,32.0,0.8999999761581421,0.1725355982780456,288,0.0,69,1,2,shapley-20260606T025301Z-ab5ccbde,shapley,conditional
1,10000,1,0.4000000059604645,-0.8947473764419556,1.002856969833374,0.2022840976715088,160.0,32.0,0.800000011920929,0.0679912641644477,128,0.0,69,1,2,shapley-20260606T025301Z-ab5ccbde,shapley,conditional
2,1000,1,0.4000000059604645,-0.3832797408103943,0.1969795972108841,0.0500762313604354,128.0,32.0,0.75,0.0343313664197921,96,0.0,69,1,2,shapley-20260606T025301Z-ab5ccbde,shapley,conditional
3,11000,2,0.2000000029802322,-0.3634497225284576,0.1703485548496246,0.0382528603076934,64.0,32.0,0.5,0.0155659643933177,32,0.0,69,1,2,shapley-20260606T025301Z-ab5ccbde,shapley,conditional
4,100,1,0.4000000059604645,-0.7055401802062988,0.6980752944946289,0.2002883553504943,96.0,32.0,0.6666666865348816,0.0676599815487861,64,0.0,69,1,2,shapley-20260606T025301Z-ab5ccbde,shapley,conditional
5,10100,2,0.2000000029802322,-0.6306145191192627,0.5289265513420105,0.1312518715858459,64.0,32.0,0.5,0.027981124818325,32,0.0,69,1,2,shapley-20260606T025301Z-ab5ccbde,shapley,conditional
6,1100,2,0.2000000029802322,-0.2094098031520843,0.077800415456295,0.0339479483664035,32.0,0.0,1.0,0.0147218946367502,0,0.0,69,1,2,shapley-20260606T025301Z-ab5ccbde,shapley,conditional
7,11100,3,0.2000000029802322,-0.1341749727725982,0.0302490517497062,0.0122461281716823,32.0,0.0,1.0,0.0092415083199739,0,0.0,69,1,2,shapley-20260606T025301Z-ab5ccbde,shapley,conditional
8,10,1,0.4000000059604645,-0.8500295877456665,0.996375858783722,0.2738255858421325,64.0,32.0,0.5,0.0789425000548362,32,0.0,69,1,2,shapley-20260606T025301Z-ab5ccbde,shapley,conditional
9,10010,2,0.2000000029802322,-0.7867313623428345,0.7066079378128052,0.0876616835594177,32.0,0.0,1.0,0.0230501852929592,0,0.0,69,1,2,shapley-20260606T025301Z-ab5ccbde,shapley,conditional
10,1010,2,0.2000000029802322,-0.2429398149251938,0.0747821629047393,0.015762411057949,32.0,0.0,1.0,0.0103501509875059,0,0.0,69,1,2,shapley-20260606T025301Z-ab5ccbde,shapley,conditional
11,11010,3,0.2000000029802322,-0.2233493477106094,0.067129373550415,0.0172444432973861,64.0,32.0,0.5,0.0107798427343368,32,0.0,69,1,2,shapley-20260606T025301Z-ab5ccbde,shapley,conditional
12,110,2,0.2000000029802322,-0.633867084980011,0.510612964630127,0.1088254749774932,32.0,0.0,1.0,0.0255681592971086,0,0.0,69,1,2,shapley-20260606T025301Z-ab5ccbde,shapley,conditional
13,10110,3,0.2000000029802322,-0.4830133616924286,0.3075049221515655,0.0742030143737793,32.0,0.0,1.0,0.0212870128452777,0,0.0,69,1,2,shapley-20260606T025301Z-ab5ccbde,shapley,conditional
14,1110,3,0.2000000029802322,-0.0684282258152961,0.0100344009697437,0.0053519788198173,32.0,0.0,1.0,0.0064483438618481,0,0.0,69,1,2,shapley-20260606T025301Z-ab5ccbde,shapley,conditional
15,11110,4,0.4000000059604645,-0.0095611438155174,0.0006008050986565,0.0005093896179459,32.0,0.0,1.0,0.0043617263436317,0,0.0,69,1,2,shapley-20260606T025301Z-ab5ccbde,shapley,conditional
16,1,1,0.4000000059604645,-0.9114160537719728,1.0782618522644043,0.2475826144218444,224.0,32.0,0.8571428656578064,0.0751135051250457,192,0.0,69,1,2,shapley-20260606T025301Z-ab5ccbde,shapley,conditional
17,10001,2,0.2000000029802322,-0.9934128522872924,1.2440625429153442,0.2571934461593628,32.0,0.0,1.0,0.0387691482901573,0,0.0,69,1,2,shapley-20260606T025301Z-ab5ccbde,shapley,conditional
18,1001,2,0.2000000029802322,-0.4124516248703003,0.2178190201520919,0.047702670097351,64.0,32.0,0.5,0.0172659214586019,32,0.0,69,1,2,shapley-20260606T025301Z-ab5ccbde,shapley,conditional
19,11001,3,0.2000000029802322,-0.3254711627960205,0.1355906426906585,0.029659166932106,64.0,32.0,0.5,0.0138258673250675,32,0.0,69,1,2,shapley-20260606T025301Z-ab5ccbde,shapley,conditional
20,101,2,0.2000000029802322,-0.6407084465026855,0.5645458698272705,0.1540385484695434,128.0,32.0,0.75,0.0302295442670583,96,0.0,69,1,2,shapley-20260606T025301Z-ab5ccbde,shapley,conditional
21,10101,3,0.2000000029802322,-0.6806123852729797,0.6225407123565674,0.1593074798583984,128.0,32.0,0.75,0.0307252407073974,96,0.0,69,1,2,shapley-20260606T025301Z-ab5ccbde,shapley,conditional
22,1101,3,0.2000000029802322,-0.1659477353096008,0.0487688854336738,0.0212302338331937,64.0,32.0,0.5,0.0118513731285929,32,0.0,69,1,2,shapley-20260606T025301Z-ab5ccbde,shapley,conditional
23,11101,4,0.4000000059604645,-0.1127182692289352,0.0195479802787303,0.0068425722420215,64.0,32.0,0.5,0.013321029022336,32,0.0,69,1,2,shapley-20260606T025301Z-ab5ccbde,shapley,conditional
24,11,2,0.2000000029802322,-0.8277456760406494,0.8166402578353882,0.1314773559570312,96.0,32.0,0.6666666865348816,0.028004290536046,64,0.0,69,1,2,shapley-20260606T025301Z-ab5ccbde,shapley,conditional
25,10011,3,0.2000000029802322,-0.7630162835121155,0.737342119216919,0.1551482677459716,64.0,32.0,0.5,0.0303346402943134,32,0.0,69,1,2,shapley-20260606T025301Z-ab5ccbde,shapley,conditional
26,1011,3,0.2000000029802322,-0.2372941970825195,0.0691944435238838,0.0128859058022499,64.0,32.0,0.5,0.0094540491700172,32,0.0,69,1,2,shapley-20260606T025301Z-ab5ccbde,shapley,conditional
27,11011,4,0.4000000059604645,-0.1900989413261413,0.0441741347312927,0.0080365277826786,32.0,0.0,1.0,0.0143527742475271,0,0.0,69,1,2,shapley-20260606T025301Z-ab5ccbde,shapley,conditional
28,111,3,0.2000000029802322,-0.5405750274658203,0.4190244078636169,0.1268030405044555,64.0,32.0,0.5,0.0275199171155691,32,0.0,69,1,2,shapley-20260606T025301Z-ab5ccbde,shapley,conditional
29,10111,4,0.4000000059604645,-0.5219377279281616,0.3919079303741455,0.119488924741745,192.0,32.0,0.8333333134651184,0.0524874217808246,160,0.0,69,1,2,shapley-20260606T025301Z-ab5ccbde,shapley,conditional
30,1111,4,0.4000000059604645,-0.0706277191638946,0.0137329334393143,0.0087446589022874,96.0,32.0,0.6666666865348816,0.0149286407977342,64,0.0,69,1,2,shapley-20260606T025301Z-ab5ccbde,shapley,conditional
31,11111,5,1.0,0.0,0.0,0.0,32.0,0.0,1.0,0.0010000000474974,0,0.0,69,1,2,shapley-20260606T025301Z-ab5ccbde,shapley,conditional
0,0,0,1.0,-0.9115796089172364,1.0886225700378418,0.2576451897621155,256.0,256.0,0.4285714328289032,0.1839221715927124,192,0.0,89,2,3,shapley-20260606T025301Z-ab5ccbde,shapley,conditional
1,10000,1,0.4000000059604645,-0.8539613485336304,0.9369168281555176,0.20766681432724,256.0,160.0,0.375,0.066689945757389,96,0.0,89,2,3,shapley-20260606T025301Z-ab5ccbde,shapley,conditional
2,1000,1,0.4000000059604645,-0.3993932902812958,0.2112010419368744,0.0516860485076904,256.0,128.0,0.5,0.0337719246745109,128,0.0,89,2,3,shapley-20260606T025301Z-ab5ccbde,shapley,conditional
3,11000,2,0.2000000029802322,-0.3420749008655548,0.155679777264595,0.0386645421385765,128.0,64.0,0.5,0.0151723474264144,64,0.0,89,2,3,shapley-20260606T025301Z-ab5ccbde,shapley,conditional
4,100,1,0.4000000059604645,-0.7294565439224243,0.7138779163360596,0.1817710399627685,160.0,96.0,0.4000000059604645,0.0624578967690467,64,0.0,89,2,3,shapley-20260606T025301Z-ab5ccbde,shapley,conditional
5,10100,2,0.2000000029802322,-0.6586846113204956,0.6454328894615173,0.2115674614906311,128.0,64.0,0.5,0.0341520011425018,64,0.0,89,2,3,shapley-20260606T025301Z-ab5ccbde,shapley,conditional
6,1100,2,0.2000000029802322,-0.2094098031520843,0.077800415456295,0.0339479483664035,32.0,0.0,1.0,0.0142798172309994,0,0.0,89,2,3,shapley-20260606T025301Z-ab5ccbde,shapley,conditional
7,11100,3,0.2000000029802322,-0.1341749727725982,0.0302490517497062,0.0122461281716823,32.0,0.0,1.0,0.0089759919792413,0,0.0,89,2,3,shapley-20260606T025301Z-ab5ccbde,shapley,conditional
8,10,1,0.4000000059604645,-0.8070510625839233,0.9069953560829164,0.2556639313697815,256.0,64.0,0.7777777910232544,0.0738870054483413,224,0.0,89,2,3,shapley-20260606T025301Z-ab5ccbde,shapley,conditional
9,10010,2,0.2000000029802322,-0.7067351341247559,0.6647437810897827,0.1652692258358001,128.0,32.0,0.75,0.0303009245544672,96,0.0,89,2,3,shapley-20260606T025301Z-ab5ccbde,shapley,conditional
10,1010,2,0.2000000029802322,-0.2487106919288635,0.0747124999761581,0.0128554925322532,64.0,32.0,0.5,0.0091720251366496,32,0.0,89,2,3,shapley-20260606T025301Z-ab5ccbde,shapley,conditional
11,11010,3,0.2000000029802322,-0.2233493477106094,0.067129373550415,0.0172444432973861,64.0,32.0,0.5,0.0104647660627961,0,0.0,89,2,3,shapley-20260606T025301Z-ab5ccbde,shapley,conditional
12,110,2,0.2000000029802322,-0.633867084980011,0.510612964630127,0.1088254749774932,32.0,0.0,1.0,0.0247766487300395,0,0.0,89,2,3,shapley-20260606T025301Z-ab5ccbde,shapley,conditional
13,10110,3,0.2000000029802322,-0.5092694163322449,0.3572299480438232,0.0978746116161346,64.0,32.0,0.5,0.0235486421734094,32,0.0,89,2,3,shapley-20260606T025301Z-ab5ccbde,shapley,conditional
14,1110,3,0.2000000029802322,-0.0709130764007568,0.0114910081028938,0.0064623435027897,64.0,32.0,0.5,0.0067940247245132,32,0.0,89,2,3,shapley-20260606T025301Z-ab5ccbde,shapley,conditional
15,11110,4,0.4000000059604645,-0.0095611438155174,0.0006008050986565,0.0005093896179459,32.0,0.0,1.0,0.0042534219101071,0,0.0,89,2,3,shapley-20260606T025301Z-ab5ccbde,shapley,conditional
16,1,1,0.4000000059604645,-0.8710536956787109,0.9924139976501464,0.2336794734001159,256.0,224.0,0.3636363744735718,0.0706828087568283,128,0.0,89,2,3,shapley-20260606T025301Z-ab5ccbde,shapley,conditional
17,10001,2,0.2000000029802322,-0.8339853882789612,0.930741548538208,0.2352099418640136,96.0,32.0,0.6666666865348816,0.0359553098678588,64,0.0,89,2,3,shapley-20260606T025301Z-ab5ccbde,shapley,conditional
18,1001,2,0.2000000029802322,-0.3948440551757812,0.2013122141361236,0.0454103797674179,96.0,64.0,0.3333333432674408,0.0163589976727962,32,0.0,89,2,3,shapley-20260606T025301Z-ab5ccbde,shapley,conditional
19,11001,3,0.2000000029802322,-0.3214590847492218,0.1347654014825821,0.0314294546842575,96.0,64.0,0.3333333432674408,0.0137777319177985,32,0.0,89,2,3,shapley-20260606T025301Z-ab5ccbde,shapley,conditional
20,101,2,0.2000000029802322,-0.6407084465026855,0.5645458698272705,0.1540385484695434,128.0,32.0,0.75,0.0292878597974777,0,0.0,89,2,3,shapley-20260606T025301Z-ab5ccbde,shapley,conditional
21,10101,3,0.2000000029802322,-0.7049192786216736,0.6819187998771667,0.1850076019763946,160.0,128.0,0.2000000029802322,0.0320013165473938,32,0.0,89,2,3,shapley-20260606T025301Z-ab5ccbde,shapley,conditional
22,1101,3,0.2000000029802322,-0.1659477353096008,0.0487688854336738,0.0212302338331937,64.0,32.0,0.5,0.0115017751231789,0,0.0,89,2,3,shapley-20260606T025301Z-ab5ccbde,shapley,conditional
23,11101,4,0.4000000059604645,-0.1035579442977905,0.0174048691987991,0.0066806217655539,96.0,64.0,0.3333333432674408,0.0127821285277605,32,0.0,89,2,3,shapley-20260606T025301Z-ab5ccbde,shapley,conditional
24,11,2,0.2000000029802322,-0.8277456760406494,0.8166402578353882,0.1314773559570312,96.0,32.0,0.6666666865348816,0.0271342974156141,0,0.0,89,2,3,shapley-20260606T025301Z-ab5ccbde,shapley,conditional
25,10011,3,0.2000000029802322,-0.7358503937721252,0.7445710897445679,0.2030953168869018,96.0,64.0,0.3333333432674408,0.033481441438198,32,0.0,89,2,3,shapley-20260606T025301Z-ab5ccbde,shapley,conditional
26,1011,3,0.2000000029802322,-0.2372941970825195,0.0691944435238838,0.0128859058022499,64.0,32.0,0.5,0.009181685745716,0,0.0,89,2,3,shapley-20260606T025301Z-ab5ccbde,shapley,conditional
27,11011,4,0.4000000059604645,-0.1900989413261413,0.0441741347312927,0.0080365277826786,32.0,0.0,1.0,0.0139225898310542,0,0.0,89,2,3,shapley-20260606T025301Z-ab5ccbde,shapley,conditional
28,111,3,0.2000000029802322,-0.5338790416717529,0.4075878858566284,0.1225610673427581,128.0,64.0,0.5,0.0262325778603553,64,0.0,89,2,3,shapley-20260606T025301Z-ab5ccbde,shapley,conditional
29,10111,4,0.4000000059604645,-0.5159188508987427,0.3798412084579468,0.1136689484119415,256.0,192.0,0.4545454680919647,0.0495999976992607,160,0.0,89,2,3,shapley-20260606T025301Z-ab5ccbde,shapley,conditional
30,1111,4,0.4000000059604645,-0.0706277191638946,0.0137329334393143,0.0087446589022874,96.0,32.0,0.6666666865348816,0.0144799035042524,0,0.0,89,2,3,shapley-20260606T025301Z-ab5ccbde,shapley,conditional
31,11111,5,1.0,0.0,0.0,0.0,32.0,0.0,1.0,0.0010000000474974,0,0.0,89,2,3,shapley-20260606T025301Z-ab5ccbde,shapley,conditional
0,0,0,1.0,-0.8467901945114136,0.9716110229492188,0.2545573711395263,256.0,256.0,0.692307710647583,0.1796215772628784,576,0.0,109,3,4,shapley-20260606T025301Z-ab5ccbde,shapley,conditional
1,10000,1,0.4000000059604645,-0.8102668523788452,0.878949761390686,0.222417414188385,256.0,256.0,0.4285714328289032,0.0677860081195831,192,0.0,109,3,4,shapley-20260606T025301Z-ab5ccbde,shapley,conditional
2,1000,1,0.4000000059604645,-0.3870480954647064,0.2000564485788345,0.0502502173185348,256.0,256.0,0.1111111119389534,0.0327446088194847,32,0.0,109,3,4,shapley-20260606T025301Z-ab5ccbde,shapley,conditional
3,11000,2,0.2000000029802322,-0.3420749008655548,0.155679777264595,0.0386645421385765,128.0,64.0,0.5,0.0149228302761912,0,0.0,109,3,4,shapley-20260606T025301Z-ab5ccbde,shapley,conditional
4,100,1,0.4000000059604645,-0.7249444723129272,0.7139506936073303,0.188406229019165,192.0,160.0,0.1666666716337204,0.0624679438769817,32,0.0,109,3,4,shapley-20260606T025301Z-ab5ccbde,shapley,conditional
5,10100,2,0.2000000029802322,-0.6684290170669556,0.6901049613952637,0.2433076202869415,160.0,128.0,0.2000000029802322,0.0359260030090808,32,0.0,109,3,4,shapley-20260606T025301Z-ab5ccbde,shapley,conditional
6,1100,2,0.2000000029802322,-0.1851304471492767,0.0598660856485366,0.0255928039550781,64.0,32.0,0.5,0.0123273935168981,32,0.0,109,3,4,shapley-20260606T025301Z-ab5ccbde,shapley,conditional
7,11100,3,0.2000000029802322,-0.1418705731630325,0.0418233387172222,0.0216960795223712,64.0,32.0,0.5,0.0114294569939374,32,0.0,109,3,4,shapley-20260606T025301Z-ab5ccbde,shapley,conditional
8,10,1,0.4000000059604645,-0.7982476353645325,0.8828052282333374,0.2456059455871582,256.0,256.0,0.2000000029802322,0.0711811557412147,64,0.0,109,3,4,shapley-20260606T025301Z-ab5ccbde,shapley,conditional
9,10010,2,0.2000000029802322,-0.7067351341247559,0.6647437810897827,0.1652692258358001,128.0,32.0,0.75,0.0297850556671619,0,0.0,109,3,4,shapley-20260606T025301Z-ab5ccbde,shapley,conditional
10,1010,2,0.2000000029802322,-0.2487106919288635,0.0747124999761581,0.0128554925322532,64.0,32.0,0.5,0.0090281497687101,0,0.0,109,3,4,shapley-20260606T025301Z-ab5ccbde,shapley,conditional
11,11010,3,0.2000000029802322,-0.2233493477106094,0.067129373550415,0.0172444432973861,64.0,32.0,0.5,0.0102981301024556,0,0.0,109,3,4,shapley-20260606T025301Z-ab5ccbde,shapley,conditional
12,110,2,0.2000000029802322,-0.633867084980011,0.510612964630127,0.1088254749774932,32.0,0.0,1.0,0.0243580378592014,0,0.0,109,3,4,shapley-20260606T025301Z-ab5ccbde,shapley,conditional
13,10110,3,0.2000000029802322,-0.5312017798423767,0.4015185832977295,0.1193432509899139,128.0,64.0,0.5,0.0254607610404491,64,0.0,109,3,4,shapley-20260606T025301Z-ab5ccbde,shapley,conditional
14,1110,3,0.2000000029802322,-0.0709130764007568,0.0114910081028938,0.0064623435027897,64.0,32.0,0.5,0.0066920155659317,0,0.0,109,3,4,shapley-20260606T025301Z-ab5ccbde,shapley,conditional
15,11110,4,0.4000000059604645,-0.0095611438155174,0.0006008050986565,0.0005093896179459,32.0,0.0,1.0,0.0041961423121392,0,0.0,109,3,4,shapley-20260606T025301Z-ab5ccbde,shapley,conditional
16,1,1,0.4000000059604645,-0.8264156579971313,0.9402844309806824,0.2573215961456299,256.0,256.0,0.3846153914928436,0.0728355124592781,160,0.0,109,3,4,shapley-20260606T025301Z-ab5ccbde,shapley,conditional
17,10001,2,0.2000000029802322,-0.8339853882789612,0.930741548538208,0.2352099418640136,96.0,32.0,0.6666666865348816,0.0353398881852626,0,0.0,109,3,4,shapley-20260606T025301Z-ab5ccbde,shapley,conditional
18,1001,2,0.2000000029802322,-0.3524907827377319,0.1663459539413452,0.0420962050557136,160.0,96.0,0.4000000059604645,0.0155275557190179,64,0.0,109,3,4,shapley-20260606T025301Z-ab5ccbde,shapley,conditional
19,11001,3,0.2000000029802322,-0.3162592649459839,0.1324139088392257,0.0323939844965934,128.0,96.0,0.25,0.0137439258396625,32,0.0,109,3,4,shapley-20260606T025301Z-ab5ccbde,shapley,conditional
20,101,2,0.2000000029802322,-0.6254785656929016,0.5378575921058655,0.1466341614723205,160.0,128.0,0.2000000029802322,0.0281136911362409,32,0.0,109,3,4,shapley-20260606T025301Z-ab5ccbde,shapley,conditional
21,10101,3,0.2000000029802322,-0.7049192786216736,0.6819187998771667,0.1850076019763946,160.0,128.0,0.2000000029802322,0.0314555056393146,0,0.0,109,3,4,shapley-20260606T025301Z-ab5ccbde,shapley,conditional
22,1101,3,0.2000000029802322,-0.1397405564785003,0.0379639789462089,0.0184365566819906,96.0,64.0,0.3333333432674408,0.0106141520664095,32,0.0,109,3,4,shapley-20260606T025301Z-ab5ccbde,shapley,conditional
23,11101,4,0.4000000059604645,-0.1035579442977905,0.0174048691987991,0.0066806217655539,96.0,64.0,0.3333333432674408,0.0125746931880712,0,0.0,109,3,4,shapley-20260606T025301Z-ab5ccbde,shapley,conditional
24,11,2,0.2000000029802322,-0.8323970437049866,0.8450250029563904,0.1521401405334472,128.0,96.0,0.25,0.0286180470138788,32,0.0,109,3,4,shapley-20260606T025301Z-ab5ccbde,shapley,conditional
25,10011,3,0.2000000029802322,-0.7474396228790283,0.769350528717041,0.2106845378875732,128.0,96.0,0.25,0.0335003025829792,32,0.0,109,3,4,shapley-20260606T025301Z-ab5ccbde,shapley,conditional
26,1011,3,0.2000000029802322,-0.2372941970825195,0.0691944435238838,0.0128859058022499,64.0,32.0,0.5,0.0090376399457454,0,0.0,109,3,4,shapley-20260606T025301Z-ab5ccbde,shapley,conditional
27,11011,4,0.4000000059604645,-0.1900989413261413,0.0441741347312927,0.0080365277826786,32.0,0.0,1.0,0.0136950751766562,0,0.0,109,3,4,shapley-20260606T025301Z-ab5ccbde,shapley,conditional
28,111,3,0.2000000029802322,-0.5530956983566284,0.4546486735343933,0.1487338244915008,160.0,128.0,0.2000000029802322,0.0283071212470531,32,0.0,109,3,4,shapley-20260606T025301Z-ab5ccbde,shapley,conditional
29,10111,4,0.4000000059604645,-0.5201717615127563,0.4062924981117248,0.1357138454914093,256.0,256.0,0.3333333432674408,0.0531690753996372,128,0.0,109,3,4,shapley-20260606T025301Z-ab5ccbde,shapley,conditional
30,1111,4,0.4000000059604645,-0.0706277191638946,0.0137329334393143,0.0087446589022874,96.0,32.0,0.6666666865348816,0.0142425764352083,0,0.0,109,3,4,shapley-20260606T025301Z-ab5ccbde,shapley,conditional
31,11111,5,1.0,0.0,0.0,0.0,32.0,0.0,1.0,0.0010000000474974,0,0.0,109,3,4,shapley-20260606T025301Z-ab5ccbde,shapley,conditional
0,0,0,1.0,-0.788091778755188,0.8890930414199829,0.2680044174194336,256.0,256.0,0.6000000238418579,0.1812671422958374,384,0.0,129,4,5,shapley-20260606T025301Z-ab5ccbde,shapley,conditional
1,10000,1,0.4000000059604645,-0.8054323196411133,0.8960081934928894,0.2472869753837585,256.0,256.0,0.2727272808551788,0.0702637806534767,96,0.0,129,4,5,shapley-20260606T025301Z-ab5ccbde,shapley,conditional
2,1000,1,0.4000000059604645,-0.3662473857402801,0.1841558068990707,0.0500186532735824,256.0,256.0,0.2000000029802322,0.0321509689092636,64,0.0,129,4,5,shapley-20260606T025301Z-ab5ccbde,shapley,conditional
3,11000,2,0.2000000029802322,-0.3056468665599823,0.1331379413604736,0.0397179350256919,192.0,128.0,0.3333333432674408,0.0148793421685695,64,0.0,129,4,5,shapley-20260606T025301Z-ab5ccbde,shapley,conditional
4,100,1,0.4000000059604645,-0.6645516157150269,0.6325352191925049,0.1909063756465912,256.0,192.0,0.5,0.061857733875513,192,0.0,129,4,5,shapley-20260606T025301Z-ab5ccbde,shapley,conditional
5,10100,2,0.2000000029802322,-0.6684290170669556,0.6901049613952637,0.2433076202869415,160.0,128.0,0.2000000029802322,0.0353521108627319,0,0.0,129,4,5,shapley-20260606T025301Z-ab5ccbde,shapley,conditional
6,1100,2,0.2000000029802322,-0.1629229038953781,0.0485650300979614,0.0220211576670408,96.0,64.0,0.3333333432674408,0.0113346464931964,32,0.0,129,4,5,shapley-20260606T025301Z-ab5ccbde,shapley,conditional
7,11100,3,0.2000000029802322,-0.1418705731630325,0.0418233387172222,0.0216960795223712,64.0,32.0,0.5,0.0112580833956599,0,0.0,129,4,5,shapley-20260606T025301Z-ab5ccbde,shapley,conditional
8,10,1,0.4000000059604645,-0.7668575048446655,0.842938244342804,0.2548677921295166,256.0,256.0,0.3333333432674408,0.071317434310913,128,0.0,129,4,5,shapley-20260606T025301Z-ab5ccbde,shapley,conditional
9,10010,2,0.2000000029802322,-0.697215735912323,0.664745569229126,0.1786357760429382,160.0,128.0,0.2000000029802322,0.030434712767601,32,0.0,129,4,5,shapley-20260606T025301Z-ab5ccbde,shapley,conditional
10,1010,2,0.2000000029802322,-0.2487106919288635,0.0747124999761581,0.0128554925322532,64.0,32.0,0.5,0.0088962325826287,0,0.0,129,4,5,shapley-20260606T025301Z-ab5ccbde,shapley,conditional
11,11010,3,0.2000000029802322,-0.2233493477106094,0.067129373550415,0.0172444432973861,64.0,32.0,0.5,0.0101453457027673,0,0.0,129,4,5,shapley-20260606T025301Z-ab5ccbde,shapley,conditional
12,110,2,0.2000000029802322,-0.633867084980011,0.510612964630127,0.1088254749774932,32.0,0.0,1.0,0.0239742249250412,0,0.0,129,4,5,shapley-20260606T025301Z-ab5ccbde,shapley,conditional
13,10110,3,0.2000000029802322,-0.5312017798423767,0.4015185832977295,0.1193432509899139,128.0,64.0,0.5,0.0250588301569223,0,0.0,129,4,5,shapley-20260606T025301Z-ab5ccbde,shapley,conditional
14,1110,3,0.2000000029802322,-0.0709130764007568,0.0114910081028938,0.0064623435027897,64.0,32.0,0.5,0.0065984860993921,0,0.0,129,4,5,shapley-20260606T025301Z-ab5ccbde,shapley,conditional
15,11110,4,0.4000000059604645,-0.0081588579341769,0.0004318068968132,0.0003652399173006,64.0,32.0,0.5,0.0036619179882109,32,0.0,129,4,5,shapley-20260606T025301Z-ab5ccbde,shapley,conditional
16,1,1,0.4000000059604645,-0.8324376940727234,0.9800217151641846,0.2870692014694214,256.0,256.0,0.3333333432674408,0.0756274983286857,128,0.0,129,4,5,shapley-20260606T025301Z-ab5ccbde,shapley,conditional
17,10001,2,0.2000000029802322,-0.7783398628234863,0.831220269203186,0.2254073023796081,128.0,96.0,0.25,0.0340643152594566,32,0.0,129,4,5,shapley-20260606T025301Z-ab5ccbde,shapley,conditional
18,1001,2,0.2000000029802322,-0.3524907827377319,0.1663459539413452,0.0420962050557136,160.0,96.0,0.4000000059604645,0.0152888428419828,0,0.0,129,4,5,shapley-20260606T025301Z-ab5ccbde,shapley,conditional
19,11001,3,0.2000000029802322,-0.3162592649459839,0.1324139088392257,0.0323939844965934,128.0,96.0,0.25,0.0135345216840505,0,0.0,129,4,5,shapley-20260606T025301Z-ab5ccbde,shapley,conditional
20,101,2,0.2000000029802322,-0.6254785656929016,0.5378575921058655,0.1466341614723205,160.0,128.0,0.2000000029802322,0.0276681669056415,0,0.0,129,4,5,shapley-20260606T025301Z-ab5ccbde,shapley,conditional
21,10101,3,0.2000000029802322,-0.7067828178405762,0.6932903528213501,0.1937484145164489,192.0,160.0,0.1666666716337204,0.0316545292735099,32,0.0,129,4,5,shapley-20260606T025301Z-ab5ccbde,shapley,conditional
22,1101,3,0.2000000029802322,-0.1397405564785003,0.0379639789462089,0.0184365566819906,96.0,64.0,0.3333333432674408,0.0104561746120452,0,0.0,129,4,5,shapley-20260606T025301Z-ab5ccbde,shapley,conditional
23,11101,4,0.4000000059604645,-0.1019804030656814,0.017304303124547,0.006904300302267,128.0,96.0,0.25,0.012573517858982,32,0.0,129,4,5,shapley-20260606T025301Z-ab5ccbde,shapley,conditional
24,11,2,0.2000000029802322,-0.7943419218063354,0.7909775376319885,0.1599984765052795,160.0,128.0,0.2000000029802322,0.0288569442927837,32,0.0,129,4,5,shapley-20260606T025301Z-ab5ccbde,shapley,conditional
25,10011,3,0.2000000029802322,-0.7192394733428955,0.7293398380279541,0.2120344042778015,192.0,128.0,0.3333333432674408,0.0330685041844844,64,0.0,129,4,5,shapley-20260606T025301Z-ab5ccbde,shapley,conditional
26,1011,3,0.2000000029802322,-0.2372941970825195,0.0691944435238838,0.0128859058022499,64.0,32.0,0.5,0.008905567228794,0,0.0,129,4,5,shapley-20260606T025301Z-ab5ccbde,shapley,conditional
27,11011,4,0.4000000059604645,-0.1900989413261413,0.0441741347312927,0.0080365277826786,32.0,0.0,1.0,0.0134864728897809,0,0.0,129,4,5,shapley-20260606T025301Z-ab5ccbde,shapley,conditional
28,111,3,0.2000000029802322,-0.553495466709137,0.4708375930786133,0.1644803583621978,256.0,160.0,0.375,0.029244415462017,96,0.0,129,4,5,shapley-20260606T025301Z-ab5ccbde,shapley,conditional
29,10111,4,0.4000000059604645,-0.5123964548110962,0.4031108915805816,0.1405607759952545,256.0,256.0,0.3333333432674408,0.0532200932502746,128,0.0,129,4,5,shapley-20260606T025301Z-ab5ccbde,shapley,conditional
30,1111,4,0.4000000059604645,-0.0646369606256485,0.0114765269681811,0.0072985901497304,128.0,96.0,0.25,0.0128993997350335,32,0.0,129,4,5,shapley-20260606T025301Z-ab5ccbde,shapley,conditional
31,11111,5,1.0,0.0,0.0,0.0,32.0,0.0,1.0,0.0010000000474974,0,0.0,129,4,5,shapley-20260606T025301Z-ab5ccbde,shapley,conditional
0,0,0,1.0,-0.8024519681930542,0.9958205223083496,0.3518913388252258,256.0,248.9806365966797,0.5857093930244446,0.1957795470952987,352,0.0274193952712172,169,5,6,shapley-20260606T025301Z-ab5ccbde,shapley,conditional
1,10000,1,0.4000000059604645,-0.7963472008705139,0.8899230360984802,0.2557541728019714,256.0,248.9806365966797,0.2044854909181594,0.0674217715859413,64,0.0274193952712172,169,5,6,shapley-20260606T025301Z-ab5ccbde,shapley,conditional
2,1000,1,0.4000000059604645,-0.3642857074737549,0.1823064386844635,0.0496023595333099,256.0,248.9806365966797,0.1138868480920791,0.0302516408264637,32,0.0274193952712172,169,5,6,shapley-20260606T025301Z-ab5ccbde,shapley,conditional
3,11000,2,0.2000000029802322,-0.3056468665599823,0.1331379413604736,0.0397179350256919,192.0,128.0,0.3333333432674408,0.0140876714140176,0,0.0274193952712172,169,5,6,shapley-20260606T025301Z-ab5ccbde,shapley,conditional
4,100,1,0.4000000059604645,-0.6564584374427795,0.6463242769241333,0.2153865993022918,256.0,248.9806365966797,0.2044854909181594,0.0619548708200454,64,0.0274193952712172,169,5,6,shapley-20260606T025301Z-ab5ccbde,shapley,conditional
5,10100,2,0.2000000029802322,-0.6793896555900574,0.7129753828048706,0.2514050900936126,256.0,155.61289978027344,0.4513193964958191,0.0339272916316986,128,0.0274193952712172,169,5,6,shapley-20260606T025301Z-ab5ccbde,shapley,conditional
6,1100,2,0.2000000029802322,-0.1523129194974899,0.0419192612171173,0.0187200363725423,125.36773681640624,93.36773681640624,0.2552490830421448,0.0099850902333855,32,0.0274193952712172,169,5,6,shapley-20260606T025301Z-ab5ccbde,shapley,conditional
7,11100,3,0.2000000029802322,-0.1418705731630325,0.0418233387172222,0.0216960795223712,64.0,32.0,0.5,0.0106729669496417,0,0.0274193952712172,169,5,6,shapley-20260606T025301Z-ab5ccbde,shapley,conditional
8,10,1,0.4000000059604645,-0.7568941712379456,0.8229982256889343,0.2501094341278076,256.0,248.9806365966797,0.2782764732837677,0.0666846856474876,96,0.0274193952712172,169,5,6,shapley-20260606T025301Z-ab5ccbde,shapley,conditional
9,10010,2,0.2000000029802322,-0.697215735912323,0.664745569229126,0.1786357760429382,160.0,128.0,0.2000000029802322,0.0287557709962129,0,0.0274193952712172,169,5,6,shapley-20260606T025301Z-ab5ccbde,shapley,conditional
10,1010,2,0.2000000029802322,-0.2424351572990417,0.0835646837949752,0.0247898772358894,94.2451629638672,62.24515914916992,0.3395399749279022,0.0113396607339382,32,0.0274193952712172,169,5,6,shapley-20260606T025301Z-ab5ccbde,shapley,conditional
11,11010,3,0.2000000029802322,-0.2233493477106094,0.067129373550415,0.0172444432973861,64.0,32.0,0.5,0.0096237007528543,0,0.0274193952712172,169,5,6,shapley-20260606T025301Z-ab5ccbde,shapley,conditional
12,110,2,0.2000000029802322,-0.6173142194747925,0.5185174345970154,0.1374405920505523,63.1225814819336,31.12257957458496,0.5069501399993896,0.0253459420055151,32,0.0274193952712172,169,5,6,shapley-20260606T025301Z-ab5ccbde,shapley,conditional
13,10110,3,0.2000000029802322,-0.5312017798423767,0.4015185832977295,0.1193432509899139,128.0,64.0,0.5,0.0236865263432264,0,0.0274193952712172,169,5,6,shapley-20260606T025301Z-ab5ccbde,shapley,conditional
14,1110,3,0.2000000029802322,-0.0709130764007568,0.0114910081028938,0.0064623435027897,64.0,32.0,0.5,0.006279150955379,0,0.0274193952712172,169,5,6,shapley-20260606T025301Z-ab5ccbde,shapley,conditional
15,11110,4,0.4000000059604645,-0.0070914812386035,0.0003693695180118,0.000319080427289,94.2451629638672,62.24515914916992,0.3395399749279022,0.0033461144194006,32,0.0274193952712172,169,5,6,shapley-20260606T025301Z-ab5ccbde,shapley,conditional
16,1,1,0.4000000059604645,-0.8211458921432495,0.9837950468063354,0.3095144629478454,256.0,248.9806365966797,0.3912165760993957,0.0740700736641883,160,0.0274193952712172,169,5,6,shapley-20260606T025301Z-ab5ccbde,shapley,conditional
17,10001,2,0.2000000029802322,-0.7938892245292664,0.8810302019119263,0.250770092010498,156.49032592773438,124.49031829833984,0.2044854909181594,0.0338856875896453,32,0.0274193952712172,169,5,6,shapley-20260606T025301Z-ab5ccbde,shapley,conditional
18,1001,2,0.2000000029802322,-0.3524907827377319,0.1663459539413452,0.0420962050557136,160.0,96.0,0.4000000059604645,0.0144738145172595,0,0.0274193952712172,169,5,6,shapley-20260606T025301Z-ab5ccbde,shapley,conditional
19,11001,3,0.2000000029802322,-0.2966523170471191,0.1253332048654556,0.0373306050896644,156.49032592773438,124.49031829833984,0.2044854909181594,0.0136882467195391,32,0.0274193952712172,169,5,6,shapley-20260606T025301Z-ab5ccbde,shapley,conditional
20,101,2,0.2000000029802322,-0.652995228767395,0.6385563611984253,0.2121535837650299,187.61289978027344,155.61289978027344,0.1705639660358429,0.0312478318810462,32,0.0274193952712172,169,5,6,shapley-20260606T025301Z-ab5ccbde,shapley,conditional
21,10101,3,0.2000000029802322,-0.6747132539749146,0.6586025953292847,0.203364610671997,250.7354736328125,186.7354736328125,0.2552490830421448,0.030614661052823,64,0.0274193952712172,169,5,6,shapley-20260606T025301Z-ab5ccbde,shapley,conditional
22,1101,3,0.2000000029802322,-0.1397405564785003,0.0379639789462089,0.0184365566819906,96.0,64.0,0.3333333432674408,0.0099168000742793,0,0.0274193952712172,169,5,6,shapley-20260606T025301Z-ab5ccbde,shapley,conditional
23,11101,4,0.4000000059604645,-0.0964112654328346,0.01555479131639,0.0062596593052148,188.4903259277344,124.49031829833984,0.3395399749279022,0.0113914078101515,64,0.0274193952712172,169,5,6,shapley-20260606T025301Z-ab5ccbde,shapley,conditional
24,11,2,0.2000000029802322,-0.7956048846244812,0.804639458656311,0.1716523170471191,219.61289978027344,155.61289978027344,0.2914218604564667,0.0282078310847282,64,0.0274193952712172,169,5,6,shapley-20260606T025301Z-ab5ccbde,shapley,conditional
25,10011,3,0.2000000029802322,-0.7353533506393433,0.7674992084503174,0.2267546653747558,218.7354736328125,186.7354736328125,0.146295428276062,0.0322713889181613,32,0.0274193952712172,169,5,6,shapley-20260606T025301Z-ab5ccbde,shapley,conditional
26,1011,3,0.2000000029802322,-0.2372941970825195,0.0691944435238838,0.0128859058022499,64.0,32.0,0.5,0.0084546376019716,0,0.0274193952712172,169,5,6,shapley-20260606T025301Z-ab5ccbde,shapley,conditional
27,11011,4,0.4000000059604645,-0.2084589302539825,0.0605986826121807,0.0171435587108135,63.1225814819336,31.12257957458496,0.5069501399993896,0.018196877092123,32,0.0274193952712172,169,5,6,shapley-20260606T025301Z-ab5ccbde,shapley,conditional
28,111,3,0.2000000029802322,-0.5578069686889648,0.4738365113735199,0.1626878976821899,256.0,248.9806365966797,0.1138868480920791,0.0274878498166799,32,0.0274193952712172,169,5,6,shapley-20260606T025301Z-ab5ccbde,shapley,conditional
29,10111,4,0.4000000059604645,-0.5368064045906067,0.4493423104286194,0.1611811816692352,256.0,248.9806365966797,0.4353932738304138,0.053729809820652,192,0.0274193952712172,169,5,6,shapley-20260606T025301Z-ab5ccbde,shapley,conditional
30,1111,4,0.4000000059604645,-0.0646369606256485,0.0114765269681811,0.0072985901497304,128.0,96.0,0.25,0.0122206639498472,0,0.0274193952712172,169,5,6,shapley-20260606T025301Z-ab5ccbde,shapley,conditional
31,11111,5,1.0,0.0,0.0,0.0,32.0,0.0,1.0,0.0010000000474974,0,0.0274193952712172,169,5,6,shapley-20260606T025301Z-ab5ccbde,shapley,conditional
