node_id,mask,coalition_size,c_value,mean,second_moment,variance,effective_count,effective_count_pre,blend_weight,probability,n_new,global_progress,epoch,cycle,sampling_phase,run_id,training_type,shapley_tactic
0,0,0,1.0,-1.4419479370117188,2.308346033096313,0.2291321754455566,32.0,0.0,1.0,0.179356038570404,32,0.0,49,0,1,shapley-20260606T023158Z-e155daa6,shapley,baseline
1,10000,1,0.4000000059604645,-1.3634082078933716,2.008338451385498,0.14945650100708,32.0,0.0,1.0,0.0586185231804847,32,0.0,49,0,1,shapley-20260606T023158Z-e155daa6,shapley,baseline
2,1000,1,0.4000000059604645,-0.4495596289634704,0.2390373647212982,0.0369335114955902,32.0,0.0,1.0,0.0296427700668573,32,0.0,49,0,1,shapley-20260606T023158Z-e155daa6,shapley,baseline
3,11000,2,0.2000000029802322,-0.3774800598621368,0.1685863435268402,0.0260951519012451,32.0,0.0,1.0,0.0130380094051361,32,0.0,49,0,1,shapley-20260606T023158Z-e155daa6,shapley,baseline
4,100,1,0.4000000059604645,-1.192209243774414,1.5816584825515747,0.1602956056594848,32.0,0.0,1.0,0.0606713071465492,32,0.0,49,0,1,shapley-20260606T023158Z-e155daa6,shapley,baseline
5,10100,2,0.2000000029802322,-1.0747230052947998,1.3793606758117676,0.2243311405181884,32.0,0.0,1.0,0.036295510828495,32,0.0,49,0,1,shapley-20260606T023158Z-e155daa6,shapley,baseline
6,1100,2,0.2000000029802322,-0.2289756834506988,0.0747604072093963,0.0223305448889732,32.0,0.0,1.0,0.0121358754113316,32,0.0,49,0,1,shapley-20260606T023158Z-e155daa6,shapley,baseline
7,11100,3,0.2000000029802322,-0.1935986280441284,0.052921961992979,0.015441533178091,32.0,0.0,1.0,0.0102601908147335,32,0.0,49,0,1,shapley-20260606T023158Z-e155daa6,shapley,baseline
8,10,1,0.4000000059604645,-1.277369499206543,1.8263381719589236,0.1946653127670288,32.0,0.0,1.0,0.0667580664157867,32,0.0,49,0,1,shapley-20260606T023158Z-e155daa6,shapley,baseline
9,10010,2,0.2000000029802322,-1.2208770513534546,1.7217698097229004,0.2312290668487548,32.0,0.0,1.0,0.0368340499699115,32,0.0,49,0,1,shapley-20260606T023158Z-e155daa6,shapley,baseline
10,1010,2,0.2000000029802322,-0.2609388828277588,0.0975510403513908,0.0294619426131248,32.0,0.0,1.0,0.0137910274788737,32,0.0,49,0,1,shapley-20260606T023158Z-e155daa6,shapley,baseline
11,11010,3,0.2000000029802322,-0.2369351536035537,0.079347938299179,0.0232096724212169,32.0,0.0,1.0,0.0123529639095067,32,0.0,49,0,1,shapley-20260606T023158Z-e155daa6,shapley,baseline
12,110,2,0.2000000029802322,-1.055936336517334,1.2808113098144531,0.1658097505569458,32.0,0.0,1.0,0.0313444808125495,32,0.0,49,0,1,shapley-20260606T023158Z-e155daa6,shapley,baseline
13,10110,3,0.2000000029802322,-0.9549573659896852,1.057486057281494,0.1455425024032592,32.0,0.0,1.0,0.0294295288622379,32,0.0,49,0,1,shapley-20260606T023158Z-e155daa6,shapley,baseline
14,1110,3,0.2000000029802322,-0.1368620991706848,0.0313344448804855,0.0126032102853059,32.0,0.0,1.0,0.009365951642394,32,0.0,49,0,1,shapley-20260606T023158Z-e155daa6,shapley,baseline
15,11110,4,0.4000000059604645,-0.0670170336961746,0.0164779275655746,0.0119866449385881,32.0,0.0,1.0,0.0173174981027841,32,0.0,49,0,1,shapley-20260606T023158Z-e155daa6,shapley,baseline
16,1,1,0.4000000059604645,-1.2661314010620115,1.8175253868103027,0.214436650276184,32.0,0.0,1.0,0.0700167119503021,32,0.0,49,0,1,shapley-20260606T023158Z-e155daa6,shapley,baseline
17,10001,2,0.2000000029802322,-1.076992750167847,1.3073923587799072,0.1474789381027221,32.0,0.0,1.0,0.0296180285513401,32,0.0,49,0,1,shapley-20260606T023158Z-e155daa6,shapley,baseline
18,1001,2,0.2000000029802322,-0.4369144439697265,0.222786009311676,0.0318917781114578,32.0,0.0,1.0,0.0143080409616231,32,0.0,49,0,1,shapley-20260606T023158Z-e155daa6,shapley,baseline
19,11001,3,0.2000000029802322,-0.3082959949970245,0.110016256570816,0.0149698331952095,32.0,0.0,1.0,0.0101176556199789,32,0.0,49,0,1,shapley-20260606T023158Z-e155daa6,shapley,baseline
20,101,2,0.2000000029802322,-0.9701286554336548,1.0272529125213623,0.0861033201217651,32.0,0.0,1.0,0.0228667724877595,32,0.0,49,0,1,shapley-20260606T023158Z-e155daa6,shapley,baseline
21,10101,3,0.2000000029802322,-0.9414544105529784,1.1045961380004885,0.2182597517967224,32.0,0.0,1.0,0.0358146131038665,32,0.0,49,0,1,shapley-20260606T023158Z-e155daa6,shapley,baseline
22,1101,3,0.2000000029802322,-0.1778624206781387,0.0422385148704052,0.0106034725904464,32.0,0.0,1.0,0.0086735934019088,32,0.0,49,0,1,shapley-20260606T023158Z-e155daa6,shapley,baseline
23,11101,4,0.4000000059604645,-0.1172119379043579,0.0194112416356802,0.0056726029142737,32.0,0.0,1.0,0.0122252469882369,32,0.0,49,0,1,shapley-20260606T023158Z-e155daa6,shapley,baseline
24,11,2,0.2000000029802322,-0.994789183139801,1.1746801137924194,0.1850745677947998,32.0,0.0,1.0,0.0330588594079017,32,0.0,49,0,1,shapley-20260606T023158Z-e155daa6,shapley,baseline
25,10011,3,0.2000000029802322,-1.1322059631347656,1.4826186895370483,0.2007282972335815,32.0,0.0,1.0,0.0343871228396892,32,0.0,49,0,1,shapley-20260606T023158Z-e155daa6,shapley,baseline
26,1011,3,0.2000000029802322,-0.2692035436630249,0.0842168927192688,0.011746346950531,32.0,0.0,1.0,0.0090765552595257,32,0.0,49,0,1,shapley-20260606T023158Z-e155daa6,shapley,baseline
27,11011,4,0.4000000059604645,-0.1752597689628601,0.0392235182225704,0.0085075311362743,32.0,0.0,1.0,0.0147469546645879,32,0.0,49,0,1,shapley-20260606T023158Z-e155daa6,shapley,baseline
28,111,3,0.2000000029802322,-0.8646948337554932,0.8632757663726807,0.1155785918235778,32.0,0.0,1.0,0.026334561407566,32,0.0,49,0,1,shapley-20260606T023158Z-e155daa6,shapley,baseline
29,10111,4,0.4000000059604645,-0.8685076236724854,0.8643900156021118,0.1100845336914062,32.0,0.0,1.0,0.050450176000595,32,0.0,49,0,1,shapley-20260606T023158Z-e155daa6,shapley,baseline
30,1111,4,0.4000000059604645,-0.0678944587707519,0.0083321053534746,0.0037224479019641,32.0,0.0,1.0,0.0100932484492659,32,0.0,49,0,1,shapley-20260606T023158Z-e155daa6,shapley,baseline
31,11111,5,1.0,0.0,0.0,0.0,32.0,0.0,1.0,0.0010000000474974,32,0.0,49,0,1,shapley-20260606T023158Z-e155daa6,shapley,baseline
0,0,0,1.0,-1.3946716785430908,2.222440004348755,0.2773308753967285,256.0,32.0,0.8999999761581421,0.1834120005369186,288,0.0,69,1,2,shapley-20260606T023158Z-e155daa6,shapley,baseline
1,10000,1,0.4000000059604645,-1.340307593345642,2.09345817565918,0.2970337867736816,128.0,32.0,0.75,0.076512224972248,96,0.0,69,1,2,shapley-20260606T023158Z-e155daa6,shapley,baseline
2,1000,1,0.4000000059604645,-0.4316606521606445,0.2263742536306381,0.0400433391332626,160.0,32.0,0.800000011920929,0.0287255048751831,128,0.0,69,1,2,shapley-20260606T023158Z-e155daa6,shapley,baseline
3,11000,2,0.2000000029802322,-0.3774800598621368,0.1685863435268402,0.0260951519012451,32.0,0.0,1.0,0.0121908811852335,0,0.0,69,1,2,shapley-20260606T023158Z-e155daa6,shapley,baseline
4,100,1,0.4000000059604645,-1.243450164794922,1.7502756118774414,0.2041072845458984,96.0,32.0,0.6666666865348816,0.0635955706238746,64,0.0,69,1,2,shapley-20260606T023158Z-e155daa6,shapley,baseline
5,10100,2,0.2000000029802322,-1.0567092895507812,1.3365046977996826,0.2198702096939087,64.0,32.0,0.5,0.0334838517010211,32,0.0,69,1,2,shapley-20260606T023158Z-e155daa6,shapley,baseline
6,1100,2,0.2000000029802322,-0.2740408182144165,0.1004984080791473,0.0254000350832939,64.0,32.0,0.5,0.0120408236980438,32,0.0,69,1,2,shapley-20260606T023158Z-e155daa6,shapley,baseline
7,11100,3,0.2000000029802322,-0.1823776066303253,0.0461310744285583,0.0128694847226142,96.0,32.0,0.6666666865348816,0.0088589582592248,64,0.0,69,1,2,shapley-20260606T023158Z-e155daa6,shapley,baseline
8,10,1,0.4000000059604645,-1.286667823791504,1.8845269680023196,0.2290128469467163,160.0,32.0,0.800000011920929,0.0673046931624412,128,0.0,69,1,2,shapley-20260606T023158Z-e155daa6,shapley,baseline
9,10010,2,0.2000000029802322,-1.2460895776748655,1.766010880470276,0.2132716178894043,160.0,32.0,0.800000011920929,0.0329926945269107,128,0.0,69,1,2,shapley-20260606T023158Z-e155daa6,shapley,baseline
10,1010,2,0.2000000029802322,-0.2907736301422119,0.1120467185974121,0.0274974182248115,64.0,32.0,0.5,0.0124876266345381,32,0.0,69,1,2,shapley-20260606T023158Z-e155daa6,shapley,baseline
11,11010,3,0.2000000029802322,-0.2369351536035537,0.079347938299179,0.0232096724212169,32.0,0.0,1.0,0.0115540428087115,0,0.0,69,1,2,shapley-20260606T023158Z-e155daa6,shapley,baseline
12,110,2,0.2000000029802322,-1.033306121826172,1.2548730373382568,0.187151551246643,64.0,32.0,0.5,0.0309696067124605,32,0.0,69,1,2,shapley-20260606T023158Z-e155daa6,shapley,baseline
13,10110,3,0.2000000029802322,-0.8976367712020874,0.94930100440979,0.1435492038726806,96.0,32.0,0.6666666865348816,0.0272473059594631,64,0.0,69,1,2,shapley-20260606T023158Z-e155daa6,shapley,baseline
14,1110,3,0.2000000029802322,-0.13791523873806,0.0338265411555767,0.0148059278726577,64.0,32.0,0.5,0.0094295069575309,32,0.0,69,1,2,shapley-20260606T023158Z-e155daa6,shapley,baseline
15,11110,4,0.4000000059604645,-0.0500577613711357,0.0104013010859489,0.0078955218195915,64.0,32.0,0.5,0.0133113237097859,32,0.0,69,1,2,shapley-20260606T023158Z-e155daa6,shapley,baseline
16,1,1,0.4000000059604645,-1.2661314010620115,1.8175253868103027,0.214436650276184,32.0,0.0,1.0,0.0651599317789077,0,0.0,69,1,2,shapley-20260606T023158Z-e155daa6,shapley,baseline
17,10001,2,0.2000000029802322,-1.1544814109802246,1.5347615480422974,0.2019342184066772,64.0,32.0,0.5,0.032130729407072,32,0.0,69,1,2,shapley-20260606T023158Z-e155daa6,shapley,baseline
18,1001,2,0.2000000029802322,-0.3940706253051758,0.1838210374116897,0.0285293757915496,64.0,32.0,0.5,0.0127012021839618,32,0.0,69,1,2,shapley-20260606T023158Z-e155daa6,shapley,baseline
19,11001,3,0.2000000029802322,-0.3082959949970245,0.110016256570816,0.0149698331952095,32.0,0.0,1.0,0.0094760358333587,0,0.0,69,1,2,shapley-20260606T023158Z-e155daa6,shapley,baseline
20,101,2,0.2000000029802322,-0.9614938497543336,1.04828941822052,0.1238189935684204,96.0,32.0,0.6666666865348816,0.0253768730908632,64,0.0,69,1,2,shapley-20260606T023158Z-e155daa6,shapley,baseline
21,10101,3,0.2000000029802322,-0.9420915842056274,1.0974938869476318,0.2099573612213134,96.0,32.0,0.6666666865348816,0.0327431410551071,64,0.0,69,1,2,shapley-20260606T023158Z-e155daa6,shapley,baseline
22,1101,3,0.2000000029802322,-0.1778624206781387,0.0422385148704052,0.0106034725904464,32.0,0.0,1.0,0.0081335939466953,0,0.0,69,1,2,shapley-20260606T023158Z-e155daa6,shapley,baseline
23,11101,4,0.4000000059604645,-0.1019733697175979,0.0173503533005714,0.0069517847150564,64.0,32.0,0.5,0.0125521412119269,32,0.0,69,1,2,shapley-20260606T023158Z-e155daa6,shapley,baseline
24,11,2,0.2000000029802322,-1.087409734725952,1.3699262142181396,0.1874662637710571,64.0,32.0,0.5,0.0309947952628135,32,0.0,69,1,2,shapley-20260606T023158Z-e155daa6,shapley,baseline
25,10011,3,0.2000000029802322,-1.0870261192321775,1.4399423599243164,0.2583165168762207,96.0,32.0,0.6666666865348816,0.0362095460295677,64,0.0,69,1,2,shapley-20260606T023158Z-e155daa6,shapley,baseline
26,1011,3,0.2000000029802322,-0.2692035436630249,0.0842168927192688,0.011746346950531,32.0,0.0,1.0,0.0085081988945603,0,0.0,69,1,2,shapley-20260606T023158Z-e155daa6,shapley,baseline
27,11011,4,0.4000000059604645,-0.1861852407455444,0.0427200198173522,0.0080550760030746,128.0,32.0,0.75,0.0134350964799523,96,0.0,69,1,2,shapley-20260606T023158Z-e155daa6,shapley,baseline
28,111,3,0.2000000029802322,-0.8646948337554932,0.8632757663726807,0.1155785918235778,32.0,0.0,1.0,0.0245517399162054,0,0.0,69,1,2,shapley-20260606T023158Z-e155daa6,shapley,baseline
29,10111,4,0.4000000059604645,-0.8799704313278198,0.9176918268203736,0.1433438658714294,64.0,32.0,0.5,0.0534570515155792,32,0.0,69,1,2,shapley-20260606T023158Z-e155daa6,shapley,baseline
30,1111,4,0.4000000059604645,-0.0678944587707519,0.0083321053534746,0.0037224479019641,32.0,0.0,1.0,0.0094533460214734,0,0.0,69,1,2,shapley-20260606T023158Z-e155daa6,shapley,baseline
31,11111,5,1.0,0.0,0.0,0.0,32.0,0.0,1.0,0.0010000000474974,0,0.0,69,1,2,shapley-20260606T023158Z-e155daa6,shapley,baseline
0,0,0,1.0,-1.5159114599227903,2.7624690532684326,0.4644815921783447,256.0,256.0,0.4666666686534881,0.1943342387676239,224,0.0,89,2,3,shapley-20260606T023158Z-e155daa6,shapley,baseline
1,10000,1,0.4000000059604645,-1.3672455549240112,2.243968963623047,0.3746085166931152,192.0,128.0,0.3333333432674408,0.0704501643776893,64,0.0,89,2,3,shapley-20260606T023158Z-e155daa6,shapley,baseline
2,1000,1,0.4000000059604645,-0.4317549765110016,0.2267457544803619,0.0403333902359008,192.0,160.0,0.1666666716337204,0.023788558319211,32,0.0,89,2,3,shapley-20260606T023158Z-e155daa6,shapley,baseline
3,11000,2,0.2000000029802322,-0.3774800598621368,0.1685863435268402,0.0260951519012451,32.0,0.0,1.0,0.0101650413125753,0,0.0,89,2,3,shapley-20260606T023158Z-e155daa6,shapley,baseline
4,100,1,0.4000000059604645,-1.321399450302124,2.151484251022339,0.4053877592086792,224.0,96.0,0.5714285969734192,0.0732470005750656,128,0.0,89,2,3,shapley-20260606T023158Z-e155daa6,shapley,baseline
5,10100,2,0.2000000029802322,-1.103750705718994,1.4940307140350342,0.275765061378479,128.0,64.0,0.5,0.0307936780154705,64,0.0,89,2,3,shapley-20260606T023158Z-e155daa6,shapley,baseline
6,1100,2,0.2000000029802322,-0.2740408182144165,0.1004984080791473,0.0254000350832939,64.0,32.0,0.5,0.0100421477109193,0,0.0,89,2,3,shapley-20260606T023158Z-e155daa6,shapley,baseline
7,11100,3,0.2000000029802322,-0.1823776066303253,0.0461310744285583,0.0128694847226142,96.0,32.0,0.6666666865348816,0.0074362829327583,0,0.0,89,2,3,shapley-20260606T023158Z-e155daa6,shapley,baseline
8,10,1,0.4000000059604645,-1.3127427101135254,2.050581932067871,0.3272885084152221,256.0,160.0,0.375,0.0659157186746597,96,0.0,89,2,3,shapley-20260606T023158Z-e155daa6,shapley,baseline
9,10010,2,0.2000000029802322,-1.2616620063781738,1.86008095741272,0.2682899236679077,224.0,160.0,0.2857142984867096,0.0303870979696512,64,0.0,89,2,3,shapley-20260606T023158Z-e155daa6,shapley,baseline
10,1010,2,0.2000000029802322,-0.2940161228179931,0.1145666688680648,0.0281211882829666,96.0,64.0,0.3333333432674408,0.0105141792446374,32,0.0,89,2,3,shapley-20260606T023158Z-e155daa6,shapley,baseline
11,11010,3,0.2000000029802322,-0.2369351536035537,0.079347938299179,0.0232096724212169,32.0,0.0,1.0,0.009643486700952,0,0.0,89,2,3,shapley-20260606T023158Z-e155daa6,shapley,baseline
12,110,2,0.2000000029802322,-1.060933232307434,1.3602169752120972,0.2346376180648803,96.0,64.0,0.3333333432674408,0.0284823160618543,32,0.0,89,2,3,shapley-20260606T023158Z-e155daa6,shapley,baseline
13,10110,3,0.2000000029802322,-0.9030370712280272,0.9881794452667236,0.1727035045623779,128.0,96.0,0.25,0.024577897042036,32,0.0,89,2,3,shapley-20260606T023158Z-e155daa6,shapley,baseline
14,1110,3,0.2000000029802322,-0.1409496963024139,0.0374415591359138,0.0175747424364089,128.0,64.0,0.5,0.0085214050486683,64,0.0,89,2,3,shapley-20260606T023158Z-e155daa6,shapley,baseline
15,11110,4,0.4000000059604645,-0.0500577613711357,0.0104013010859489,0.0078955218195915,64.0,32.0,0.5,0.0110826548188924,0,0.0,89,2,3,shapley-20260606T023158Z-e155daa6,shapley,baseline
16,1,1,0.4000000059604645,-1.441667079925537,2.648214817047119,0.5698108673095703,192.0,32.0,0.8333333134651184,0.0866544395685195,160,0.0,89,2,3,shapley-20260606T023158Z-e155daa6,shapley,baseline
17,10001,2,0.2000000029802322,-1.292353630065918,2.1313729286193848,0.4611949920654297,128.0,64.0,0.5,0.039529800415039,64,0.0,89,2,3,shapley-20260606T023158Z-e155daa6,shapley,baseline
18,1001,2,0.2000000029802322,-0.3707067370414734,0.1725154221057891,0.0350919365882873,128.0,64.0,0.5,0.0116281621158123,64,0.0,89,2,3,shapley-20260606T023158Z-e155daa6,shapley,baseline
19,11001,3,0.2000000029802322,-0.3082959949970245,0.110016256570816,0.0149698331952095,32.0,0.0,1.0,0.0079416539520025,0,0.0,89,2,3,shapley-20260606T023158Z-e155daa6,shapley,baseline
20,101,2,0.2000000029802322,-1.0653560161590576,1.380678653717041,0.2456952333450317,128.0,96.0,0.25,0.029122432693839,32,0.0,89,2,3,shapley-20260606T023158Z-e155daa6,shapley,baseline
21,10101,3,0.2000000029802322,-1.0229467153549194,1.386246919631958,0.3398269414901733,256.0,96.0,0.625,0.0340737476944923,160,0.0,89,2,3,shapley-20260606T023158Z-e155daa6,shapley,baseline
22,1101,3,0.2000000029802322,-0.1596964597702026,0.0362686440348625,0.0107656847685575,64.0,32.0,0.5,0.0068867467343807,32,0.0,89,2,3,shapley-20260606T023158Z-e155daa6,shapley,baseline
23,11101,4,0.4000000059604645,-0.1019733697175979,0.0173503533005714,0.0069517847150564,64.0,32.0,0.5,0.0104609038680791,0,0.0,89,2,3,shapley-20260606T023158Z-e155daa6,shapley,baseline
24,11,2,0.2000000029802322,-1.1540024280548096,1.577824354171753,0.2461026906967163,96.0,64.0,0.3333333432674408,0.0291457399725914,32,0.0,89,2,3,shapley-20260606T023158Z-e155daa6,shapley,baseline
25,10011,3,0.2000000029802322,-1.1596945524215698,1.7092485427856443,0.3643571138381958,160.0,96.0,0.4000000059604645,0.0352466516196727,64,0.0,89,2,3,shapley-20260606T023158Z-e155daa6,shapley,baseline
26,1011,3,0.2000000029802322,-0.2550636529922485,0.077891394495964,0.0128339305520057,64.0,32.0,0.5,0.0074273855425417,32,0.0,89,2,3,shapley-20260606T023158Z-e155daa6,shapley,baseline
27,11011,4,0.4000000059604645,-0.1861852407455444,0.0427200198173522,0.0080550760030746,128.0,32.0,0.75,0.0111840218305587,0,0.0,89,2,3,shapley-20260606T023158Z-e155daa6,shapley,baseline
28,111,3,0.2000000029802322,-0.8646948337554932,0.8632757663726807,0.1155785918235778,32.0,0.0,1.0,0.0202882662415504,0,0.0,89,2,3,shapley-20260606T023158Z-e155daa6,shapley,baseline
29,10111,4,0.4000000059604645,-0.850172758102417,0.9256370067596436,0.2028433084487915,192.0,64.0,0.6666666865348816,0.0521051697432994,128,0.0,89,2,3,shapley-20260606T023158Z-e155daa6,shapley,baseline
30,1111,4,0.4000000059604645,-0.0678944587707519,0.0083321053534746,0.0037224479019641,32.0,0.0,1.0,0.0079230712726712,0,0.0,89,2,3,shapley-20260606T023158Z-e155daa6,shapley,baseline
31,11111,5,1.0,0.0,0.0,0.0,32.0,0.0,1.0,0.0010000000474974,0,0.0,89,2,3,shapley-20260606T023158Z-e155daa6,shapley,baseline
0,0,0,1.0,-1.6555516719818115,3.5116043090820312,0.7707529067993164,256.0,256.0,0.2727272808551788,0.2035678923130035,96,0.0,109,3,4,shapley-20260606T023158Z-e155daa6,shapley,baseline
1,10000,1,0.4000000059604645,-1.5065889358520508,2.9740331172943115,0.7042229175567627,256.0,192.0,0.5,0.0784511938691139,192,0.0,109,3,4,shapley-20260606T023158Z-e155daa6,shapley,baseline
2,1000,1,0.4000000059604645,-0.4204660952091217,0.2190187275409698,0.0422269850969314,256.0,192.0,0.3333333432674408,0.0199656635522842,96,0.0,109,3,4,shapley-20260606T023158Z-e155daa6,shapley,baseline
3,11000,2,0.2000000029802322,-0.3774800598621368,0.1685863435268402,0.0260951519012451,32.0,0.0,1.0,0.0084545761346817,0,0.0,109,3,4,shapley-20260606T023158Z-e155daa6,shapley,baseline
4,100,1,0.4000000059604645,-1.403482437133789,2.5224504470825195,0.5526875257492065,256.0,224.0,0.3000000119209289,0.0696140155196189,96,0.0,109,3,4,shapley-20260606T023158Z-e155daa6,shapley,baseline
5,10100,2,0.2000000029802322,-1.103750705718994,1.4940307140350342,0.275765061378479,128.0,64.0,0.5,0.0252333041280508,0,0.0,109,3,4,shapley-20260606T023158Z-e155daa6,shapley,baseline
6,1100,2,0.2000000029802322,-0.2740408182144165,0.1004984080791473,0.0254000350832939,64.0,32.0,0.5,0.0083546182140707,0,0.0,109,3,4,shapley-20260606T023158Z-e155daa6,shapley,baseline
7,11100,3,0.2000000029802322,-0.1823776066303253,0.0461310744285583,0.0128694847226142,96.0,32.0,0.6666666865348816,0.0062350835651159,0,0.0,109,3,4,shapley-20260606T023158Z-e155daa6,shapley,baseline
8,10,1,0.4000000059604645,-1.4373902082443235,2.6308751106262207,0.5647845268249512,256.0,256.0,0.3333333432674408,0.070360854268074,128,0.0,109,3,4,shapley-20260606T023158Z-e155daa6,shapley,baseline
9,10010,2,0.2000000029802322,-1.271952986717224,1.9314947128295896,0.3136303424835205,256.0,224.0,0.125,0.0268435422331094,32,0.0,109,3,4,shapley-20260606T023158Z-e155daa6,shapley,baseline
10,1010,2,0.2000000029802322,-0.297452300786972,0.1223673969507217,0.0338895246386528,128.0,96.0,0.25,0.009495242498815,32,0.0,109,3,4,shapley-20260606T023158Z-e155daa6,shapley,baseline
11,11010,3,0.2000000029802322,-0.2369351536035537,0.079347938299179,0.0232096724212169,32.0,0.0,1.0,0.0080303587019443,0,0.0,109,3,4,shapley-20260606T023158Z-e155daa6,shapley,baseline
12,110,2,0.2000000029802322,-1.148421049118042,1.6288747787475586,0.3100038766860962,160.0,96.0,0.4000000059604645,0.0266936942934989,64,0.0,109,3,4,shapley-20260606T023158Z-e155daa6,shapley,baseline
13,10110,3,0.2000000029802322,-0.9030370712280272,0.9881794452667236,0.1727035045623779,128.0,96.0,0.25,0.0201775692403316,0,0.0,109,3,4,shapley-20260606T023158Z-e155daa6,shapley,baseline
14,1110,3,0.2000000029802322,-0.1409496963024139,0.0374415591359138,0.0175747424364089,128.0,64.0,0.5,0.0071176905184984,0,0.0,109,3,4,shapley-20260606T023158Z-e155daa6,shapley,baseline
15,11110,4,0.4000000059604645,-0.0451223030686378,0.0091550163924694,0.0071189943701028,160.0,64.0,0.6000000238418579,0.0087872175499796,96,0.0,109,3,4,shapley-20260606T023158Z-e155daa6,shapley,baseline
16,1,1,0.4000000059604645,-1.6643810272216797,3.694319486618042,0.9241552352905272,256.0,192.0,0.6000000238418579,0.0897248908877372,288,0.0,109,3,4,shapley-20260606T023158Z-e155daa6,shapley,baseline
17,10001,2,0.2000000029802322,-1.3707777261734009,2.7097902297973637,0.8307586908340454,192.0,128.0,0.3333333432674408,0.0430610813200473,64,0.0,109,3,4,shapley-20260606T023158Z-e155daa6,shapley,baseline
18,1001,2,0.2000000029802322,-0.3589252531528473,0.1615758538246154,0.032748520374298,160.0,128.0,0.2000000029802322,0.0093510076403617,32,0.0,109,3,4,shapley-20260606T023158Z-e155daa6,shapley,baseline
19,11001,3,0.2000000029802322,-0.3082959949970245,0.110016256570816,0.0149698331952095,32.0,0.0,1.0,0.0066461381502449,0,0.0,109,3,4,shapley-20260606T023158Z-e155daa6,shapley,baseline
20,101,2,0.2000000029802322,-1.1651737689971924,1.7758145332336426,0.4181846380233764,160.0,128.0,0.2000000029802322,0.030841939151287,32,0.0,109,3,4,shapley-20260606T023158Z-e155daa6,shapley,baseline
21,10101,3,0.2000000029802322,-1.091191291809082,1.679981708526611,0.4892833232879638,256.0,256.0,0.3333333432674408,0.0332792326807975,128,0.0,109,3,4,shapley-20260606T023158Z-e155daa6,shapley,baseline
22,1101,3,0.2000000029802322,-0.1596964597702026,0.0362686440348625,0.0107656847685575,64.0,32.0,0.5,0.0057881074026227,0,0.0,109,3,4,shapley-20260606T023158Z-e155daa6,shapley,baseline
23,11101,4,0.4000000059604645,-0.1019733697175979,0.0173503533005714,0.0069517847150564,64.0,32.0,0.5,0.0086952215060591,0,0.0,109,3,4,shapley-20260606T023158Z-e155daa6,shapley,baseline
24,11,2,0.2000000029802322,-1.254072904586792,1.9561606645584104,0.3834618330001831,128.0,96.0,0.25,0.0295761749148368,32,0.0,109,3,4,shapley-20260606T023158Z-e155daa6,shapley,baseline
25,10011,3,0.2000000029802322,-1.2495827674865725,2.0782859325408936,0.5168288946151733,224.0,160.0,0.2857142984867096,0.0341754183173179,64,0.0,109,3,4,shapley-20260606T023158Z-e155daa6,shapley,baseline
26,1011,3,0.2000000029802322,-0.2550636529922485,0.077891394495964,0.0128339305520057,64.0,32.0,0.5,0.0062278471887111,0,0.0,109,3,4,shapley-20260606T023158Z-e155daa6,shapley,baseline
27,11011,4,0.4000000059604645,-0.1861852407455444,0.0427200198173522,0.0080550760030746,128.0,32.0,0.75,0.0092833843082189,0,0.0,109,3,4,shapley-20260606T023158Z-e155daa6,shapley,baseline
28,111,3,0.2000000029802322,-1.0257459878921509,1.526640772819519,0.4744859933853149,64.0,32.0,0.5,0.032787375152111,32,0.0,109,3,4,shapley-20260606T023158Z-e155daa6,shapley,baseline
29,10111,4,0.4000000059604645,-0.958849847316742,1.2687121629714966,0.3493191599845886,256.0,192.0,0.3333333432674408,0.0555486716330051,96,0.0,109,3,4,shapley-20260606T023158Z-e155daa6,shapley,baseline
30,1111,4,0.4000000059604645,-0.0678944587707519,0.0083321053534746,0.0037224479019641,32.0,0.0,1.0,0.0066310237161815,0,0.0,109,3,4,shapley-20260606T023158Z-e155daa6,shapley,baseline
31,11111,5,1.0,0.0,0.0,0.0,32.0,0.0,1.0,0.0010000000474974,0,0.0,109,3,4,shapley-20260606T023158Z-e155daa6,shapley,baseline
0,0,0,1.0,-1.8035067319869995,4.424304008483887,1.1716675758361816,256.0,256.0,0.5,0.2142593264579773,256,0.0,129,4,5,shapley-20260606T023158Z-e155daa6,shapley,baseline
1,10000,1,0.4000000059604645,-1.6896506547927856,3.79945969581604,0.94454026222229,256.0,256.0,0.3333333432674408,0.0775907039642334,128,0.0,129,4,5,shapley-20260606T023158Z-e155daa6,shapley,baseline
2,1000,1,0.4000000059604645,-0.4096502661705017,0.2147213816642761,0.0469080358743667,256.0,256.0,0.2727272808551788,0.018068267032504,96,0.0,129,4,5,shapley-20260606T023158Z-e155daa6,shapley,baseline
3,11000,2,0.2000000029802322,-0.3774800598621368,0.1685863435268402,0.0260951519012451,32.0,0.0,1.0,0.0073652546852827,0,0.0,129,4,5,shapley-20260606T023158Z-e155daa6,shapley,baseline
4,100,1,0.4000000059604645,-1.515606164932251,3.1868135929107666,0.8897514343261719,256.0,256.0,0.3333333432674408,0.0753361657261848,128,0.0,129,4,5,shapley-20260606T023158Z-e155daa6,shapley,baseline
5,10100,2,0.2000000029802322,-1.3222854137420654,2.472381591796875,0.7239428758621216,192.0,128.0,0.3333333432674408,0.0345264784991741,64,0.0,129,4,5,shapley-20260606T023158Z-e155daa6,shapley,baseline
6,1100,2,0.2000000029802322,-0.2740408182144165,0.1004984080791473,0.0254000350832939,64.0,32.0,0.5,0.007279903627932,0,0.0,129,4,5,shapley-20260606T023158Z-e155daa6,shapley,baseline
7,11100,3,0.2000000029802322,-0.1714305877685547,0.0416641645133495,0.012275718152523,128.0,96.0,0.25,0.0053657544776797,32,0.0,129,4,5,shapley-20260606T023158Z-e155daa6,shapley,baseline
8,10,1,0.4000000059604645,-1.623631238937378,3.5856194496154785,0.9494409561157228,256.0,256.0,0.3846153914928436,0.0777891352772712,160,0.0,129,4,5,shapley-20260606T023158Z-e155daa6,shapley,baseline
9,10010,2,0.2000000029802322,-1.3130098581314087,2.137803792953491,0.4138089418411255,256.0,256.0,0.1111111119389534,0.0263475365936756,32,0.0,129,4,5,shapley-20260606T023158Z-e155daa6,shapley,baseline
10,1010,2,0.2000000029802322,-0.297452300786972,0.1223673969507217,0.0338895246386528,128.0,96.0,0.25,0.0082538500428199,0,0.0,129,4,5,shapley-20260606T023158Z-e155daa6,shapley,baseline
11,11010,3,0.2000000029802322,-0.2369351536035537,0.079347938299179,0.0232096724212169,32.0,0.0,1.0,0.0070030274800956,0,0.0,129,4,5,shapley-20260606T023158Z-e155daa6,shapley,baseline
12,110,2,0.2000000029802322,-1.1816027164459229,1.7818750143051147,0.3856900930404663,192.0,160.0,0.1666666716337204,0.0254711881279945,32,0.0,129,4,5,shapley-20260606T023158Z-e155daa6,shapley,baseline
13,10110,3,0.2000000029802322,-0.9940038919448853,1.2612444162368774,0.2732006907463074,160.0,128.0,0.2000000029802322,0.0215957071632146,32,0.0,129,4,5,shapley-20260606T023158Z-e155daa6,shapley,baseline
14,1110,3,0.2000000029802322,-0.1259600073099136,0.0318939425051212,0.0160280186682939,160.0,128.0,0.2000000029802322,0.0059885666705667,32,0.0,129,4,5,shapley-20260606T023158Z-e155daa6,shapley,baseline
15,11110,4,0.4000000059604645,-0.0420775040984153,0.008245856501162,0.0064753401093184,192.0,160.0,0.1666666716337204,0.0073415748775005,32,0.0,129,4,5,shapley-20260606T023158Z-e155daa6,shapley,baseline
16,1,1,0.4000000059604645,-1.768709659576416,4.407744884490967,1.2794110774993896,256.0,256.0,0.4666666686534881,0.0901396423578262,224,0.0,129,4,5,shapley-20260606T023158Z-e155daa6,shapley,baseline
17,10001,2,0.2000000029802322,-1.4618327617645264,3.1315689086914062,0.9946138858795166,224.0,192.0,0.1428571492433548,0.040297333151102,32,0.0,129,4,5,shapley-20260606T023158Z-e155daa6,shapley,baseline
18,1001,2,0.2000000029802322,-0.3589252531528473,0.1615758538246154,0.032748520374298,160.0,128.0,0.2000000029802322,0.0081306919455528,0,0.0,129,4,5,shapley-20260606T023158Z-e155daa6,shapley,baseline
19,11001,3,0.2000000029802322,-0.3082959949970245,0.110016256570816,0.0149698331952095,32.0,0.0,1.0,0.005821079481393,0,0.0,129,4,5,shapley-20260606T023158Z-e155daa6,shapley,baseline
20,101,2,0.2000000029802322,-1.1651737689971924,1.7758145332336426,0.4181846380233764,160.0,128.0,0.2000000029802322,0.0264811981469392,0,0.0,129,4,5,shapley-20260606T023158Z-e155daa6,shapley,baseline
21,10101,3,0.2000000029802322,-1.221656322479248,2.20164155960083,0.7091974020004272,256.0,256.0,0.2727272808551788,0.0341832861304283,96,0.0,129,4,5,shapley-20260606T023158Z-e155daa6,shapley,baseline
22,1101,3,0.2000000029802322,-0.1480441093444824,0.0325451679527759,0.0106281097978353,96.0,64.0,0.3333333432674408,0.0050622238777577,32,0.0,129,4,5,shapley-20260606T023158Z-e155daa6,shapley,baseline
23,11101,4,0.4000000059604645,-0.1019733697175979,0.0173503533005714,0.0069517847150564,64.0,32.0,0.5,0.0075707356445491,0,0.0,129,4,5,shapley-20260606T023158Z-e155daa6,shapley,baseline
24,11,2,0.2000000029802322,-1.359558343887329,2.470881938934326,0.6224830150604248,192.0,128.0,0.3333333432674408,0.0320884846150875,64,0.0,129,4,5,shapley-20260606T023158Z-e155daa6,shapley,baseline
25,10011,3,0.2000000029802322,-1.3364427089691162,2.464968204498291,0.6788890361785889,256.0,224.0,0.125,0.0334664806723594,32,0.0,129,4,5,shapley-20260606T023158Z-e155daa6,shapley,baseline
26,1011,3,0.2000000029802322,-0.2550636529922485,0.077891394495964,0.0128339305520057,64.0,32.0,0.5,0.0054639126174151,0,0.0,129,4,5,shapley-20260606T023158Z-e155daa6,shapley,baseline
27,11011,4,0.4000000059604645,-0.1861852407455444,0.0427200198173522,0.0080550760030746,128.0,32.0,0.75,0.0080729508772492,0,0.0,129,4,5,shapley-20260606T023158Z-e155daa6,shapley,baseline
28,111,3,0.2000000029802322,-1.0929253101348877,1.708627700805664,0.5141419172286987,160.0,64.0,0.6000000238418579,0.0292538329958915,96,0.0,129,4,5,shapley-20260606T023158Z-e155daa6,shapley,baseline
29,10111,4,0.4000000059604645,-0.958849847316742,1.2687121629714966,0.3493191599845886,256.0,192.0,0.3333333432674408,0.0475775897502899,0,0.0,129,4,5,shapley-20260606T023158Z-e155daa6,shapley,baseline
30,1111,4,0.4000000059604645,-0.0678944587707519,0.0083321053534746,0.0037224479019641,32.0,0.0,1.0,0.0058081736788153,0,0.0,129,4,5,shapley-20260606T023158Z-e155daa6,shapley,baseline
31,11111,5,1.0,0.0,0.0,0.0,32.0,0.0,1.0,0.0010000000474974,0,0.0,129,4,5,shapley-20260606T023158Z-e155daa6,shapley,baseline
0,0,0,1.0,-1.9169416427612305,5.018117904663086,1.3434526920318604,256.0,249.13331604003903,0.5855606198310852,0.2146361619234085,352,0.0268229618049462,169,5,6,shapley-20260606T023158Z-e155daa6,shapley,baseline
1,10000,1,0.4000000059604645,-1.8684327602386477,4.8349714279174805,1.34393048286438,256.0,249.13331604003903,0.473439484834671,0.0864696577191352,224,0.0268229618049462,169,5,6,shapley-20260606T023158Z-e155daa6,shapley,baseline
2,1000,1,0.4000000059604645,-0.4096502661705017,0.2147213816642761,0.0469080358743667,256.0,256.0,0.2727272808551788,0.0169678758829832,0,0.0268229618049462,169,5,6,shapley-20260606T023158Z-e155daa6,shapley,baseline
3,11000,2,0.2000000029802322,-0.314443826675415,0.1236228346824646,0.0247479155659675,63.14166259765625,31.141664505004883,0.5067968964576721,0.0067991311661899,32,0.0268229618049462,169,5,6,shapley-20260606T023158Z-e155daa6,shapley,baseline
4,100,1,0.4000000059604645,-1.5490875244140625,3.28964900970459,0.8899767398834229,256.0,249.13331604003903,0.1138250008225441,0.0705525279045105,32,0.0268229618049462,169,5,6,shapley-20260606T023158Z-e155daa6,shapley,baseline
5,10100,2,0.2000000029802322,-1.3222854137420654,2.472381591796875,0.7239428758621216,192.0,128.0,0.3333333432674408,0.0323650315403938,0,0.0268229618049462,169,5,6,shapley-20260606T023158Z-e155daa6,shapley,baseline
6,1100,2,0.2000000029802322,-0.236423522233963,0.0818153545260429,0.0259192734956741,94.2833251953125,62.283329010009766,0.3394025266170501,0.0069347852841019,32,0.0268229618049462,169,5,6,shapley-20260606T023158Z-e155daa6,shapley,baseline
7,11100,3,0.2000000029802322,-0.1714305877685547,0.0416641645133495,0.012275718152523,128.0,96.0,0.25,0.0050842948257923,0,0.0268229618049462,169,5,6,shapley-20260606T023158Z-e155daa6,shapley,baseline
8,10,1,0.4000000059604645,-1.725978970527649,3.978167533874512,0.99916410446167,256.0,249.13331604003903,0.2781533896923065,0.0746956840157508,96,0.0268229618049462,169,5,6,shapley-20260606T023158Z-e155daa6,shapley,baseline
9,10010,2,0.2000000029802322,-1.3557955026626587,2.37598180770874,0.5378003120422363,256.0,249.13331604003903,0.1138250008225441,0.0280336160212755,32,0.0268229618049462,169,5,6,shapley-20260606T023158Z-e155daa6,shapley,baseline
10,1010,2,0.2000000029802322,-0.2769234478473663,0.1079028248786926,0.0312162265181541,156.566650390625,124.56665802001952,0.2043857872486114,0.0075130406767129,32,0.0268229618049462,169,5,6,shapley-20260606T023158Z-e155daa6,shapley,baseline
11,11010,3,0.2000000029802322,-0.2369351536035537,0.079347938299179,0.0232096724212169,32.0,0.0,1.0,0.0066160126589238,0,0.0268229618049462,169,5,6,shapley-20260606T023158Z-e155daa6,shapley,baseline
12,110,2,0.2000000029802322,-1.1870671510696411,1.8232784271240237,0.4141499996185303,218.84999084472656,186.84999084472656,0.1462188810110092,0.0247231535613536,32,0.0268229618049462,169,5,6,shapley-20260606T023158Z-e155daa6,shapley,baseline
13,10110,3,0.2000000029802322,-1.0617481470108032,1.5149246454238892,0.3876155614852905,219.7083282470703,155.7083282470703,0.2912952899932861,0.0239506065845489,64,0.0268229618049462,169,5,6,shapley-20260606T023158Z-e155daa6,shapley,baseline
14,1110,3,0.2000000029802322,-0.1175182610750198,0.0283893086016178,0.0145787671208381,187.7083282470703,155.7083282470703,0.1704772561788559,0.0054509635083377,32,0.0268229618049462,169,5,6,shapley-20260606T023158Z-e155daa6,shapley,baseline
15,11110,4,0.4000000059604645,-0.0420775040984153,0.008245856501162,0.0064753401093184,192.0,160.0,0.1666666716337204,0.0069327345117926,0,0.0268229618049462,169,5,6,shapley-20260606T023158Z-e155daa6,shapley,baseline
16,1,1,0.4000000059604645,-1.8798149824142456,4.917197227478027,1.383492946624756,256.0,249.13331604003903,0.3910705745220184,0.0877185612916946,160,0.0268229618049462,169,5,6,shapley-20260606T023158Z-e155daa6,shapley,baseline
17,10001,2,0.2000000029802322,-1.566328763961792,3.689229249954224,1.2358434200286863,256.0,217.9916534423828,0.305740624666214,0.0419803149998188,96,0.0268229618049462,169,5,6,shapley-20260606T023158Z-e155daa6,shapley,baseline
18,1001,2,0.2000000029802322,-0.3589252531528473,0.1615758538246154,0.032748520374298,160.0,128.0,0.2000000029802322,0.007670977152884,0,0.0268229618049462,169,5,6,shapley-20260606T023158Z-e155daa6,shapley,baseline
19,11001,3,0.2000000029802322,-0.295241117477417,0.1081358939409256,0.0209685787558555,63.14166259765625,31.141664505004883,0.5067968964576721,0.0063379937782883,32,0.0268229618049462,169,5,6,shapley-20260606T023158Z-e155daa6,shapley,baseline
20,101,2,0.2000000029802322,-1.2095556259155271,1.997551202774048,0.5345263481140137,187.7083282470703,155.7083282470703,0.1704772561788559,0.0279512014240026,32,0.0268229618049462,169,5,6,shapley-20260606T023158Z-e155daa6,shapley,baseline
21,10101,3,0.2000000029802322,-1.2213459014892578,2.1960525512695312,0.7043666839599609,256.0,249.13331604003903,0.1138250008225441,0.0319380536675453,32,0.0268229618049462,169,5,6,shapley-20260606T023158Z-e155daa6,shapley,baseline
22,1101,3,0.2000000029802322,-0.1480441093444824,0.0325451679527759,0.0106281097978353,96.0,64.0,0.3333333432674408,0.0048003327101469,0,0.0268229618049462,169,5,6,shapley-20260606T023158Z-e155daa6,shapley,baseline
23,11101,4,0.4000000059604645,-0.1019733697175979,0.0173503533005714,0.0069517847150564,64.0,32.0,0.5,0.0071471207775175,0,0.0268229618049462,169,5,6,shapley-20260606T023158Z-e155daa6,shapley,baseline
24,11,2,0.2000000029802322,-1.4926650524139404,3.07059907913208,0.8425500392913818,256.0,186.84999084472656,0.3394025266170501,0.0348369665443897,96,0.0268229618049462,169,5,6,shapley-20260606T023158Z-e155daa6,shapley,baseline
25,10011,3,0.2000000029802322,-1.4054100513458252,2.7411160469055176,0.7659386396408081,256.0,249.13331604003903,0.1138250008225441,0.0332619473338127,32,0.0268229618049462,169,5,6,shapley-20260606T023158Z-e155daa6,shapley,baseline
26,1011,3,0.2000000029802322,-0.2550636529922485,0.077891394495964,0.0128339305520057,64.0,32.0,0.5,0.0051761246286332,0,0.0268229618049462,169,5,6,shapley-20260606T023158Z-e155daa6,shapley,baseline
27,11011,4,0.4000000059604645,-0.1799023449420929,0.0400110967457294,0.0076462440192699,156.566650390625,124.56665802001952,0.2043857872486114,0.007446851581335,32,0.0268229618049462,169,5,6,shapley-20260606T023158Z-e155daa6,shapley,baseline
28,111,3,0.2000000029802322,-1.1189416646957395,1.7558857202529907,0.5038552284240723,187.7083282470703,155.7083282470703,0.1704772561788559,0.027166549116373,32,0.0268229618049462,169,5,6,shapley-20260606T023158Z-e155daa6,shapley,baseline
29,10111,4,0.4000000059604645,-1.097315549850464,1.6890815496444702,0.4849801063537597,256.0,249.13331604003903,0.2781533896923065,0.0523435026407241,96,0.0268229618049462,169,5,6,shapley-20260606T023158Z-e155daa6,shapley,baseline
30,1111,4,0.4000000059604645,-0.0678944587707519,0.0083321053534746,0.0037224479019641,32.0,0.0,1.0,0.0054981913417577,0,0.0268229618049462,169,5,6,shapley-20260606T023158Z-e155daa6,shapley,baseline
31,11111,5,1.0,0.0,0.0,0.0,32.0,0.0,1.0,0.0010000000474974,0,0.0268229618049462,169,5,6,shapley-20260606T023158Z-e155daa6,shapley,baseline
0,0,0,1.0,-1.4166686534881592,2.389320373535156,0.3823702335357666,32.0,0.0,1.0,0.183816909790039,32,0.0,49,0,1,shapley-20260606T023222Z-3b22ea00,shapley,marginal
1,10000,1,0.4000000059604645,-1.328484058380127,2.0579755306243896,0.2931056022644043,32.0,0.0,1.0,0.0650245249271392,32,0.0,49,0,1,shapley-20260606T023222Z-3b22ea00,shapley,marginal
2,1000,1,0.4000000059604645,-0.6252038478851318,0.4790873229503631,0.0882074832916259,32.0,0.0,1.0,0.0361226312816143,32,0.0,49,0,1,shapley-20260606T023222Z-3b22ea00,shapley,marginal
3,11000,2,0.2000000029802322,-0.539681077003479,0.3384378850460052,0.0471822321414947,32.0,0.0,1.0,0.0138438018038868,32,0.0,49,0,1,shapley-20260606T023222Z-3b22ea00,shapley,marginal
4,100,1,0.4000000059604645,-1.1554275751113892,1.585938572883606,0.2509256601333618,32.0,0.0,1.0,0.0602388866245746,32,0.0,49,0,1,shapley-20260606T023222Z-3b22ea00,shapley,marginal
5,10100,2,0.2000000029802322,-1.3012278079986572,1.830283641815185,0.1370898485183715,32.0,0.0,1.0,0.0228930860757827,32,0.0,49,0,1,shapley-20260606T023222Z-3b22ea00,shapley,marginal
6,1100,2,0.2000000029802322,-0.4898812472820282,0.3604256510734558,0.1204420179128646,32.0,0.0,1.0,0.0215207543224096,32,0.0,49,0,1,shapley-20260606T023222Z-3b22ea00,shapley,marginal
7,11100,3,0.2000000029802322,-0.3195455074310303,0.1324807852506637,0.0303714573383331,32.0,0.0,1.0,0.0113047426566481,32,0.0,49,0,1,shapley-20260606T023222Z-3b22ea00,shapley,marginal
8,10,1,0.4000000059604645,-1.5754809379577637,2.8114898204803467,0.3293495178222656,32.0,0.0,1.0,0.0688676610589027,32,0.0,49,0,1,shapley-20260606T023222Z-3b22ea00,shapley,marginal
9,10010,2,0.2000000029802322,-1.3330100774765017,2.0533976554870605,0.2764817476272583,32.0,0.0,1.0,0.0320912040770053,32,0.0,49,0,1,shapley-20260606T023222Z-3b22ea00,shapley,marginal
10,1010,2,0.2000000029802322,-0.4132166504859924,0.210138589143753,0.0393905937671661,32.0,0.0,1.0,0.0127354720607399,32,0.0,49,0,1,shapley-20260606T023222Z-3b22ea00,shapley,marginal
11,11010,3,0.2000000029802322,-0.3275972008705139,0.1301717013120651,0.0228517726063728,32.0,0.0,1.0,0.0099384933710098,32,0.0,49,0,1,shapley-20260606T023222Z-3b22ea00,shapley,marginal
12,110,2,0.2000000029802322,-1.0595526695251465,1.2913087606430054,0.1686569452285766,32.0,0.0,1.0,0.0252832304686307,32,0.0,49,0,1,shapley-20260606T023222Z-3b22ea00,shapley,marginal
13,10110,3,0.2000000029802322,-0.9707235097885132,1.1603658199310305,0.2180616855621338,32.0,0.0,1.0,0.0286117549985647,32,0.0,49,0,1,shapley-20260606T023222Z-3b22ea00,shapley,marginal
14,1110,3,0.2000000029802322,-0.2089584767818451,0.0757951363921165,0.0321314930915832,32.0,0.0,1.0,0.0115991197526454,32,0.0,49,0,1,shapley-20260606T023222Z-3b22ea00,shapley,marginal
15,11110,4,0.4000000059604645,-0.0832042843103408,0.0158188212662935,0.008895868435502,32.0,0.0,1.0,0.0121539458632469,32,0.0,49,0,1,shapley-20260606T023222Z-3b22ea00,shapley,marginal
16,1,1,0.4000000059604645,-1.5056915283203125,2.585853576660156,0.3187465667724609,32.0,0.0,1.0,0.0677662640810012,32,0.0,49,0,1,shapley-20260606T023222Z-3b22ea00,shapley,marginal
17,10001,2,0.2000000029802322,-1.3277539014816284,2.028689384460449,0.2657589912414551,32.0,0.0,1.0,0.0314823389053344,32,0.0,49,0,1,shapley-20260606T023222Z-3b22ea00,shapley,marginal
18,1001,2,0.2000000029802322,-0.5149655342102051,0.3035226464271545,0.0383331477642059,32.0,0.0,1.0,0.0125768817961215,32,0.0,49,0,1,shapley-20260606T023222Z-3b22ea00,shapley,marginal
19,11001,3,0.2000000029802322,-0.4101073741912842,0.2259732335805893,0.0577851682901382,32.0,0.0,1.0,0.0152138760313391,32,0.0,49,0,1,shapley-20260606T023222Z-3b22ea00,shapley,marginal
20,101,2,0.2000000029802322,-1.4512674808502195,2.340417861938477,0.2342405319213867,32.0,0.0,1.0,0.0296177417039871,32,0.0,49,0,1,shapley-20260606T023222Z-3b22ea00,shapley,marginal
21,10101,3,0.2000000029802322,-1.0769264698028564,1.3419699668884275,0.1821993589401245,32.0,0.0,1.0,0.026239326223731,32,0.0,49,0,1,shapley-20260606T023222Z-3b22ea00,shapley,marginal
22,1101,3,0.2000000029802322,-0.2831707596778869,0.105254054069519,0.0250683724880218,32.0,0.0,1.0,0.0103619741275906,32,0.0,49,0,1,shapley-20260606T023222Z-3b22ea00,shapley,marginal
23,11101,4,0.4000000059604645,-0.1985965073108673,0.053915649652481,0.0144750773906707,32.0,0.0,1.0,0.0152280302718281,32,0.0,49,0,1,shapley-20260606T023222Z-3b22ea00,shapley,marginal
24,11,2,0.2000000029802322,-1.2172157764434814,1.7330766916275024,0.251462459564209,32.0,0.0,1.0,0.0306511055678129,32,0.0,49,0,1,shapley-20260606T023222Z-3b22ea00,shapley,marginal
25,10011,3,0.2000000029802322,-1.1240630149841309,1.4372971057891846,0.1737794876098632,32.0,0.0,1.0,0.0256492421030998,32,0.0,49,0,1,shapley-20260606T023222Z-3b22ea00,shapley,marginal
26,1011,3,0.2000000029802322,-0.3461760878562927,0.1359236687421798,0.0160857886075973,32.0,0.0,1.0,0.0084993820637464,32,0.0,49,0,1,shapley-20260606T023222Z-3b22ea00,shapley,marginal
27,11011,4,0.4000000059604645,-0.2212343513965606,0.0593446046113967,0.010399967432022,32.0,0.0,1.0,0.0130600836127996,32,0.0,49,0,1,shapley-20260606T023222Z-3b22ea00,shapley,marginal
28,111,3,0.2000000029802322,-1.0718600749969482,1.3655346632003784,0.2166506052017212,32.0,0.0,1.0,0.0285222716629505,32,0.0,49,0,1,shapley-20260606T023222Z-3b22ea00,shapley,marginal
29,10111,4,0.4000000059604645,-0.9581106901168824,1.1135843992233276,0.1956083178520202,32.0,0.0,1.0,0.0533031672239303,32,0.0,49,0,1,shapley-20260606T023222Z-3b22ea00,shapley,marginal
30,1111,4,0.4000000059604645,-0.1124200001358985,0.026220217347145,0.0135819604620337,32.0,0.0,1.0,0.0147821055725216,32,0.0,49,0,1,shapley-20260606T023222Z-3b22ea00,shapley,marginal
31,11111,5,1.0,0.0,0.0,0.0,32.0,0.0,1.0,0.0010000000474974,32,0.0,49,0,1,shapley-20260606T023222Z-3b22ea00,shapley,marginal
0,0,0,1.0,-1.6694661378860474,3.204396724700928,0.4172794818878174,256.0,31.947673797607425,0.8890504240989685,0.1768079251050949,256,0.0016351824570793,69,1,2,shapley-20260606T023222Z-3b22ea00,shapley,marginal
1,10000,1,0.4000000059604645,-1.387266755104065,2.260280132293701,0.3357710838317871,95.94767761230467,31.947673797607425,0.6670302152633667,0.0640821680426597,64,0.0016351824570793,69,1,2,shapley-20260606T023222Z-3b22ea00,shapley,marginal
2,1000,1,0.4000000059604645,-0.6633321046829224,0.5521667003631592,0.1121572256088256,63.94767379760742,31.947673797607425,0.5004091262817383,0.0374584794044494,32,0.0016351824570793,69,1,2,shapley-20260606T023222Z-3b22ea00,shapley,marginal
3,11000,2,0.2000000029802322,-0.539681077003479,0.3384378850460052,0.0471822321414947,32.0,0.0,1.0,0.0128234503790736,0,0.0016351824570793,69,1,2,shapley-20260606T023222Z-3b22ea00,shapley,marginal
4,100,1,0.4000000059604645,-1.329373121261597,2.049916505813598,0.2826836109161377,159.9476776123047,31.947673797607425,0.8002617359161377,0.0588808953762054,128,0.0016351824570793,69,1,2,shapley-20260606T023222Z-3b22ea00,shapley,marginal
5,10100,2,0.2000000029802322,-1.297492742538452,1.9254721403121948,0.2419847249984741,127.94767761230467,31.947673797607425,0.7503067255020142,0.0277761984616518,96,0.0016351824570793,69,1,2,shapley-20260606T023222Z-3b22ea00,shapley,marginal
6,1100,2,0.2000000029802322,-0.5044232606887817,0.3534654378890991,0.0990225970745086,63.94767379760742,31.947673797607425,0.5004091262817383,0.0181286092847585,32,0.0016351824570793,69,1,2,shapley-20260606T023222Z-3b22ea00,shapley,marginal
7,11100,3,0.2000000029802322,-0.3237627744674682,0.1470991373062133,0.0422767996788024,63.94767379760742,31.947673797607425,0.5004091262817383,0.0121919559314847,32,0.0016351824570793,69,1,2,shapley-20260606T023222Z-3b22ea00,shapley,marginal
8,10,1,0.4000000059604645,-1.5198636054992676,2.694894552230835,0.3849091529846191,191.9476776123047,31.947673797607425,0.8335605263710022,0.0685404613614082,160,0.0016351824570793,69,1,2,shapley-20260606T023222Z-3b22ea00,shapley,marginal
9,10010,2,0.2000000029802322,-1.3356328010559082,2.1324782371521,0.3485633134841919,127.94767761230467,31.947673797607425,0.7503067255020142,0.0331362932920455,96,0.0016351824570793,69,1,2,shapley-20260606T023222Z-3b22ea00,shapley,marginal
10,1010,2,0.2000000029802322,-0.4132166504859924,0.210138589143753,0.0393905937671661,32.0,0.0,1.0,0.011803169734776,0,0.0016351824570793,69,1,2,shapley-20260606T023222Z-3b22ea00,shapley,marginal
11,11010,3,0.2000000029802322,-0.3559595048427582,0.1636144518852234,0.036907285451889,63.94767379760742,31.947673797607425,0.5004091262817383,0.0114570930600166,32,0.0016351824570793,69,1,2,shapley-20260606T023222Z-3b22ea00,shapley,marginal
12,110,2,0.2000000029802322,-1.2004433870315552,1.688875675201416,0.2478113174438476,63.94767379760742,31.947673797607425,0.5004091262817383,0.0280966442078351,32,0.0016351824570793,69,1,2,shapley-20260606T023222Z-3b22ea00,shapley,marginal
13,10110,3,0.2000000029802322,-1.0644370317459106,1.4191529750823977,0.2861267328262329,63.94767379760742,31.947673797607425,0.5004091262817383,0.0301161650568246,32,0.0016351824570793,69,1,2,shapley-20260606T023222Z-3b22ea00,shapley,marginal
14,1110,3,0.2000000029802322,-0.2574183940887451,0.1317044496536255,0.065440222620964,63.94767379760742,31.947673797607425,0.5004091262817383,0.0149244265630841,32,0.0016351824570793,69,1,2,shapley-20260606T023222Z-3b22ea00,shapley,marginal
15,11110,4,0.4000000059604645,-0.0832042843103408,0.0158188212662935,0.008895868435502,32.0,0.0,1.0,0.0112678408622741,0,0.0016351824570793,69,1,2,shapley-20260606T023222Z-3b22ea00,shapley,marginal
16,1,1,0.4000000059604645,-1.5496389865875244,2.9175307750701904,0.5161497592926025,95.94767761230467,31.947673797607425,0.6670302152633667,0.0792118981480598,64,0.0016351824570793,69,1,2,shapley-20260606T023222Z-3b22ea00,shapley,marginal
17,10001,2,0.2000000029802322,-1.3769099712371826,2.151906013488769,0.256024956703186,95.94767761230467,31.947673797607425,0.6670302152633667,0.0285420380532741,64,0.0016351824570793,69,1,2,shapley-20260606T023222Z-3b22ea00,shapley,marginal
18,1001,2,0.2000000029802322,-0.5149655342102051,0.3035226464271545,0.0383331477642059,32.0,0.0,1.0,0.0116571774706244,0,0.0016351824570793,69,1,2,shapley-20260606T023222Z-3b22ea00,shapley,marginal
19,11001,3,0.2000000029802322,-0.4778312444686889,0.283316820859909,0.0549941211938858,95.94767761230467,31.947673797607425,0.6670302152633667,0.0137647734954953,64,0.0016351824570793,69,1,2,shapley-20260606T023222Z-3b22ea00,shapley,marginal
20,101,2,0.2000000029802322,-1.4512674808502195,2.340417861938477,0.2342405319213867,32.0,0.0,1.0,0.0273442566394805,0,0.0016351824570793,69,1,2,shapley-20260606T023222Z-3b22ea00,shapley,marginal
21,10101,3,0.2000000029802322,-1.143150806427002,1.4916611909866333,0.1848673820495605,63.94767379760742,31.947673797607425,0.5004091262817383,0.0244037322700023,32,0.0016351824570793,69,1,2,shapley-20260606T023222Z-3b22ea00,shapley,marginal
22,1101,3,0.2000000029802322,-0.3043115437030792,0.1258727014064788,0.0332671850919723,63.94767379760742,31.947673797607425,0.5004091262817383,0.0109280282631516,32,0.0016351824570793,69,1,2,shapley-20260606T023222Z-3b22ea00,shapley,marginal
23,11101,4,0.4000000059604645,-0.2307124733924865,0.0802474915981292,0.0270192474126815,95.94767761230467,31.947673797607425,0.6670302152633667,0.0188945829868316,64,0.0016351824570793,69,1,2,shapley-20260606T023222Z-3b22ea00,shapley,marginal
24,11,2,0.2000000029802322,-1.3174598217010498,2.0243980884552,0.2886977195739746,95.94767761230467,31.947673797607425,0.6670302152633667,0.0302466861903667,64,0.0016351824570793,69,1,2,shapley-20260606T023222Z-3b22ea00,shapley,marginal
25,10011,3,0.2000000029802322,-1.1037167310714722,1.3873887062072754,0.1691980361938476,63.94767379760742,31.947673797607425,0.5004091262817383,0.0233899243175983,32,0.0016351824570793,69,1,2,shapley-20260606T023222Z-3b22ea00,shapley,marginal
26,1011,3,0.2000000029802322,-0.3364654183387756,0.1289702653884887,0.0157612860202789,63.94767379760742,31.947673797607425,0.5004091262817383,0.0078336196020245,32,0.0016351824570793,69,1,2,shapley-20260606T023222Z-3b22ea00,shapley,marginal
27,11011,4,0.4000000059604645,-0.2212343513965606,0.0593446046113967,0.010399967432022,32.0,0.0,1.0,0.0121019929647445,0,0.0016351824570793,69,1,2,shapley-20260606T023222Z-3b22ea00,shapley,marginal
28,111,3,0.2000000029802322,-1.0718600749969482,1.3655346632003784,0.2166506052017212,32.0,0.0,1.0,0.0263358149677515,0,0.0016351824570793,69,1,2,shapley-20260606T023222Z-3b22ea00,shapley,marginal
29,10111,4,0.4000000059604645,-0.9913408160209656,1.2089834213256836,0.226226806640625,127.94767761230467,31.947673797607425,0.7503067255020142,0.0527793951332569,96,0.0016351824570793,69,1,2,shapley-20260606T023222Z-3b22ea00,shapley,marginal
30,1111,4,0.4000000059604645,-0.1370274722576141,0.0331998243927955,0.0144232958555221,63.94767379760742,31.947673797607425,0.5004091262817383,0.0140742622315883,32,0.0016351824570793,69,1,2,shapley-20260606T023222Z-3b22ea00,shapley,marginal
31,11111,5,1.0,0.0,0.0,0.0,32.0,0.0,1.0,0.0010000000474974,0,0.0016351824570793,69,1,2,shapley-20260606T023222Z-3b22ea00,shapley,marginal
0,0,0,1.0,-1.6526236534118652,3.178898811340332,0.4477338790893554,256.0,256.0,0.4285714328289032,0.1716124266386032,192,0.0,89,2,3,shapley-20260606T023222Z-3b22ea00,shapley,marginal
1,10000,1,0.4000000059604645,-1.518585205078125,2.7210893630981445,0.4149882793426513,191.9476776123047,95.94767761230467,0.5001363158226013,0.0667020007967948,96,0.0,89,2,3,shapley-20260606T023222Z-3b22ea00,shapley,marginal
2,1000,1,0.4000000059604645,-0.7597507834434509,0.7651290893554688,0.1879078149795532,191.9476776123047,63.94767379760742,0.6668484210968018,0.0452112779021263,128,0.0,89,2,3,shapley-20260606T023222Z-3b22ea00,shapley,marginal
3,11000,2,0.2000000029802322,-0.539681077003479,0.3384378850460052,0.0471822321414947,32.0,0.0,1.0,0.0120769431814551,0,0.0,89,2,3,shapley-20260606T023222Z-3b22ea00,shapley,marginal
4,100,1,0.4000000059604645,-1.329373121261597,2.049916505813598,0.2826836109161377,159.9476776123047,31.947673797607425,0.8002617359161377,0.0552264228463172,0,0.0,89,2,3,shapley-20260606T023222Z-3b22ea00,shapley,marginal
5,10100,2,0.2000000029802322,-1.3278595209121704,2.0798499584198,0.3166390657424927,191.9476776123047,127.94767761230467,0.3334241807460785,0.0296954400837421,64,0.0,89,2,3,shapley-20260606T023222Z-3b22ea00,shapley,marginal
6,1100,2,0.2000000029802322,-0.5373930931091309,0.4260677695274353,0.1372764408588409,223.9476776123047,63.94767379760742,0.7144526243209839,0.0198942068964242,160,0.0,89,2,3,shapley-20260606T023222Z-3b22ea00,shapley,marginal
7,11100,3,0.2000000029802322,-0.3237627744674682,0.1470991373062133,0.0422767996788024,63.94767379760742,31.947673797607425,0.5004091262817383,0.0114853205159306,0,0.0,89,2,3,shapley-20260606T023222Z-3b22ea00,shapley,marginal
8,10,1,0.4000000059604645,-1.5013781785964966,2.627894163131714,0.3737578392028808,255.9476776123047,191.9476776123047,0.2500511109828949,0.0633527785539627,64,0.0,89,2,3,shapley-20260606T023222Z-3b22ea00,shapley,marginal
9,10010,2,0.2000000029802322,-1.3356328010559082,2.1324782371521,0.3485633134841919,127.94767761230467,31.947673797607425,0.7503067255020142,0.0311072785407304,0,0.0,89,2,3,shapley-20260606T023222Z-3b22ea00,shapley,marginal
10,1010,2,0.2000000029802322,-0.4132166504859924,0.210138589143753,0.0393905937671661,32.0,0.0,1.0,0.0111210811883211,0,0.0,89,2,3,shapley-20260606T023222Z-3b22ea00,shapley,marginal
11,11010,3,0.2000000029802322,-0.3689256310462951,0.1858205199241638,0.0497144013643264,159.9476776123047,63.94767379760742,0.6001963019371033,0.0123702958226203,96,0.0,89,2,3,shapley-20260606T023222Z-3b22ea00,shapley,marginal
12,110,2,0.2000000029802322,-1.2498395442962646,1.8653069734573364,0.3032081127166748,95.94767761230467,63.94767379760742,0.3335151076316833,0.029080256819725,32,0.0,89,2,3,shapley-20260606T023222Z-3b22ea00,shapley,marginal
13,10110,3,0.2000000029802322,-1.163835525512695,1.7178311347961426,0.3633179664611816,127.94767761230467,63.94767379760742,0.5002045035362244,0.0317378900945186,64,0.0,89,2,3,shapley-20260606T023222Z-3b22ea00,shapley,marginal
14,1110,3,0.2000000029802322,-0.2574183940887451,0.1317044496536255,0.065440222620964,63.94767379760742,31.947673797607425,0.5004091262817383,0.0140452682971954,0,0.0,89,2,3,shapley-20260606T023222Z-3b22ea00,shapley,marginal
15,11110,4,0.4000000059604645,-0.1169765517115593,0.0308392234146595,0.0171557106077671,64.0,32.0,0.5,0.0143587244674563,32,0.0,89,2,3,shapley-20260606T023222Z-3b22ea00,shapley,marginal
16,1,1,0.4000000059604645,-1.5496444702148438,2.8129959106445312,0.4115979671478271,256.0,95.94767761230467,0.7001144886016846,0.0664330646395683,224,0.0,89,2,3,shapley-20260606T023222Z-3b22ea00,shapley,marginal
17,10001,2,0.2000000029802322,-1.3997176885604858,2.2516636848449707,0.2924541234970093,127.94767761230467,95.94767761230467,0.2501022219657898,0.0285777933895587,32,0.0,89,2,3,shapley-20260606T023222Z-3b22ea00,shapley,marginal
18,1001,2,0.2000000029802322,-0.5149655342102051,0.3035226464271545,0.0383331477642059,32.0,0.0,1.0,0.010984307155013,0,0.0,89,2,3,shapley-20260606T023222Z-3b22ea00,shapley,marginal
19,11001,3,0.2000000029802322,-0.4778312444686889,0.283316820859909,0.0549941211938858,95.94767761230467,31.947673797607425,0.6670302152633667,0.0129588339477777,0,0.0,89,2,3,shapley-20260606T023222Z-3b22ea00,shapley,marginal
20,101,2,0.2000000029802322,-1.2638064622879028,1.9206178188323972,0.3234109878540039,64.0,32.0,0.5,0.0300006698817014,32,0.0,89,2,3,shapley-20260606T023222Z-3b22ea00,shapley,marginal
21,10101,3,0.2000000029802322,-1.192110300064087,1.6873531341552734,0.2662261724472046,127.94767761230467,63.94767379760742,0.5002045035362244,0.0273121334612369,64,0.0,89,2,3,shapley-20260606T023222Z-3b22ea00,shapley,marginal
22,1101,3,0.2000000029802322,-0.3436623215675354,0.1685524582862854,0.0504486635327339,95.94767761230467,63.94767379760742,0.3335151076316833,0.0124539546668529,32,0.0,89,2,3,shapley-20260606T023222Z-3b22ea00,shapley,marginal
23,11101,4,0.4000000059604645,-0.2307124733924865,0.0802474915981292,0.0270192474126815,95.94767761230467,31.947673797607425,0.6670302152633667,0.0177647564560174,0,0.0,89,2,3,shapley-20260606T023222Z-3b22ea00,shapley,marginal
24,11,2,0.2000000029802322,-1.3915901184082031,2.2267096042633057,0.2901865243911743,127.94767761230467,95.94767761230467,0.2501022219657898,0.0284706689417362,32,0.0,89,2,3,shapley-20260606T023222Z-3b22ea00,shapley,marginal
25,10011,3,0.2000000029802322,-1.1955432891845703,1.715759038925171,0.2864352464675903,127.94767761230467,63.94767379760742,0.5002045035362244,0.0282925348728895,64,0.0,89,2,3,shapley-20260606T023222Z-3b22ea00,shapley,marginal
26,1011,3,0.2000000029802322,-0.3799525499343872,0.1746163368225097,0.0302523970603942,127.94767761230467,63.94767379760742,0.5002045035362244,0.0098697328940033,64,0.0,89,2,3,shapley-20260606T023222Z-3b22ea00,shapley,marginal
27,11011,4,0.4000000059604645,-0.2504423558712005,0.0752509087324142,0.0125295370817184,96.0,32.0,0.6666666865348816,0.012416373938322,64,0.0,89,2,3,shapley-20260606T023222Z-3b22ea00,shapley,marginal
28,111,3,0.2000000029802322,-1.1278421878814695,1.4962120056152344,0.2241840362548828,64.0,32.0,0.5,0.025145323947072,32,0.0,89,2,3,shapley-20260606T023222Z-3b22ea00,shapley,marginal
29,10111,4,0.4000000059604645,-1.0523700714111328,1.3982203006744385,0.290737509727478,159.9476776123047,127.94767761230467,0.2000654190778732,0.0559934712946414,32,0.0,89,2,3,shapley-20260606T023222Z-3b22ea00,shapley,marginal
30,1111,4,0.4000000059604645,-0.1370274722576141,0.0331998243927955,0.0144232958555221,63.94767379760742,31.947673797607425,0.5004091262817383,0.0132487816736102,0,0.0,89,2,3,shapley-20260606T023222Z-3b22ea00,shapley,marginal
31,11111,5,1.0,0.0,0.0,0.0,32.0,0.0,1.0,0.0010000000474974,0,0.0,89,2,3,shapley-20260606T023222Z-3b22ea00,shapley,marginal
0,0,0,1.0,-1.7343814373016355,3.661571264266968,0.6534922122955322,256.0,256.0,0.6000000238418579,0.1790666729211807,384,0.0,109,3,4,shapley-20260606T023222Z-3b22ea00,shapley,marginal
1,10000,1,0.4000000059604645,-1.5649073123931885,2.919928789138794,0.4709939956665039,255.9476776123047,191.9476776123047,0.2500511109828949,0.0614686235785484,64,0.0,109,3,4,shapley-20260606T023222Z-3b22ea00,shapley,marginal
2,1000,1,0.4000000059604645,-0.820767879486084,0.9130972623825072,0.2394373416900634,256.0,191.9476776123047,0.3333939015865326,0.0441140048205852,96,0.0,109,3,4,shapley-20260606T023222Z-3b22ea00,shapley,marginal
3,11000,2,0.2000000029802322,-0.539681077003479,0.3384378850460052,0.0471822321414947,32.0,0.0,1.0,0.0105693340301513,0,0.0,109,3,4,shapley-20260606T023222Z-3b22ea00,shapley,marginal
4,100,1,0.4000000059604645,-1.4448227882385254,2.551339626312256,0.4638266563415527,223.9476776123047,159.9476776123047,0.2857810258865356,0.0610067769885063,64,0.0,109,3,4,shapley-20260606T023222Z-3b22ea00,shapley,marginal
5,10100,2,0.2000000029802322,-1.4337899684906006,2.541682243347168,0.4859285354614258,256.0,191.9476776123047,0.4546130299568176,0.0317099168896675,160,0.0,109,3,4,shapley-20260606T023222Z-3b22ea00,shapley,marginal
6,1100,2,0.2000000029802322,-0.5373930931091309,0.4260677695274353,0.1372764408588409,223.9476776123047,63.94767379760742,0.7144526243209839,0.0173226408660411,0,0.0,109,3,4,shapley-20260606T023222Z-3b22ea00,shapley,marginal
7,11100,3,0.2000000029802322,-0.3237627744674682,0.1470991373062133,0.0422767996788024,63.94767379760742,31.947673797607425,0.5004091262817383,0.0100582325831055,0,0.0,109,3,4,shapley-20260606T023222Z-3b22ea00,shapley,marginal
8,10,1,0.4000000059604645,-1.5383211374282837,2.785214900970459,0.4187829494476318,256.0,255.9476776123047,0.2727678120136261,0.0580186434090137,96,0.0,109,3,4,shapley-20260606T023222Z-3b22ea00,shapley,marginal
9,10010,2,0.2000000029802322,-1.3952908515930176,2.4012198448181152,0.4543832540512085,159.9476776123047,127.94767761230467,0.2000654190778732,0.0306963846087455,32,0.0,109,3,4,shapley-20260606T023222Z-3b22ea00,shapley,marginal
10,1010,2,0.2000000029802322,-0.4879301786422729,0.3083459436893463,0.0702700912952423,64.0,32.0,0.5,0.0126782488077878,32,0.0,109,3,4,shapley-20260606T023222Z-3b22ea00,shapley,marginal
11,11010,3,0.2000000029802322,-0.3689256310462951,0.1858205199241638,0.0497144013643264,159.9476776123047,63.94767379760742,0.6001963019371033,0.0108227599412202,0,0.0,109,3,4,shapley-20260606T023222Z-3b22ea00,shapley,marginal
12,110,2,0.2000000029802322,-1.2498395442962646,1.8653069734573364,0.3032081127166748,95.94767761230467,63.94767379760742,0.3335151076316833,0.0252584386616945,0,0.0,109,3,4,shapley-20260606T023222Z-3b22ea00,shapley,marginal
13,10110,3,0.2000000029802322,-1.3172292709350586,2.2634716033935547,0.5283786058425903,223.9476776123047,127.94767761230467,0.4286715686321258,0.0330232232809066,96,0.0,109,3,4,shapley-20260606T023222Z-3b22ea00,shapley,marginal
14,1110,3,0.2000000029802322,-0.2738201022148132,0.1485196948051452,0.0735422447323799,127.94767761230467,63.94767379760742,0.5002045035362244,0.012947054579854,64,0.0,109,3,4,shapley-20260606T023222Z-3b22ea00,shapley,marginal
15,11110,4,0.4000000059604645,-0.1298976838588714,0.0351781398057937,0.0183047316968441,96.0,64.0,0.3333333432674408,0.0129207633435726,32,0.0,109,3,4,shapley-20260606T023222Z-3b22ea00,shapley,marginal
16,1,1,0.4000000059604645,-1.631572723388672,3.278501510620117,0.6164720058441162,256.0,256.0,0.2000000029802322,0.0701797679066658,64,0.0,109,3,4,shapley-20260606T023222Z-3b22ea00,shapley,marginal
17,10001,2,0.2000000029802322,-1.3997176885604858,2.2516636848449707,0.2924541234970093,127.94767761230467,95.94767761230467,0.2501022219657898,0.0248243622481822,0,0.0,109,3,4,shapley-20260606T023222Z-3b22ea00,shapley,marginal
18,1001,2,0.2000000029802322,-0.6494243144989014,0.5451884865760803,0.1234365403652191,96.0,32.0,0.6666666865348816,0.0164779815822839,64,0.0,109,3,4,shapley-20260606T023222Z-3b22ea00,shapley,marginal
19,11001,3,0.2000000029802322,-0.4778312444686889,0.283316820859909,0.0549941211938858,95.94767761230467,31.947673797607425,0.6670302152633667,0.0113311959430575,0,0.0,109,3,4,shapley-20260606T023222Z-3b22ea00,shapley,marginal
20,101,2,0.2000000029802322,-1.2638064622879028,1.9206178188323972,0.3234109878540039,64.0,32.0,0.5,0.0260535813868045,0,0.0,109,3,4,shapley-20260606T023222Z-3b22ea00,shapley,marginal
21,10101,3,0.2000000029802322,-1.271127223968506,2.046034336090088,0.4302699565887451,159.9476776123047,127.94767761230467,0.2000654190778732,0.0298976767808198,32,0.0,109,3,4,shapley-20260606T023222Z-3b22ea00,shapley,marginal
22,1101,3,0.2000000029802322,-0.3436623215675354,0.1685524582862854,0.0504486635327339,95.94767761230467,63.94767379760742,0.3335151076316833,0.0108950333669781,0,0.0,109,3,4,shapley-20260606T023222Z-3b22ea00,shapley,marginal
23,11101,4,0.4000000059604645,-0.2402307242155075,0.0853568539023399,0.0276460535824298,159.9476776123047,95.94767761230467,0.4001308381557464,0.0156500469893217,64,0.0,109,3,4,shapley-20260606T023222Z-3b22ea00,shapley,marginal
24,11,2,0.2000000029802322,-1.5096123218536377,2.7661194801330566,0.4871900081634521,256.0,127.94767761230467,0.5556564927101135,0.0317497514188289,160,0.0,109,3,4,shapley-20260606T023222Z-3b22ea00,shapley,marginal
25,10011,3,0.2000000029802322,-1.1955432891845703,1.715759038925171,0.2864352464675903,127.94767761230467,63.94767379760742,0.5002045035362244,0.0245779305696487,0,0.0,109,3,4,shapley-20260606T023222Z-3b22ea00,shapley,marginal
26,1011,3,0.2000000029802322,-0.3799525499343872,0.1746163368225097,0.0302523970603942,127.94767761230467,63.94767379760742,0.5002045035362244,0.0086625330150127,0,0.0,109,3,4,shapley-20260606T023222Z-3b22ea00,shapley,marginal
27,11011,4,0.4000000059604645,-0.2504423558712005,0.0752509087324142,0.0125295370817184,96.0,32.0,0.6666666865348816,0.0108625665307044,0,0.0,109,3,4,shapley-20260606T023222Z-3b22ea00,shapley,marginal
28,111,3,0.2000000029802322,-1.2149769067764282,1.84341299533844,0.3672441244125366,96.0,64.0,0.3333333432674408,0.0276974532753229,32,0.0,109,3,4,shapley-20260606T023222Z-3b22ea00,shapley,marginal
29,10111,4,0.4000000059604645,-1.1826156377792358,1.957589864730835,0.5590101480484009,223.9476776123047,159.9476776123047,0.2857810258865356,0.0668767690658569,64,0.0,109,3,4,shapley-20260606T023222Z-3b22ea00,shapley,marginal
30,1111,4,0.4000000059604645,-0.1370274722576141,0.0331998243927955,0.0144232958555221,63.94767379760742,31.947673797607425,0.5004091262817383,0.0115816816687583,0,0.0,109,3,4,shapley-20260606T023222Z-3b22ea00,shapley,marginal
31,11111,5,1.0,0.0,0.0,0.0,32.0,0.0,1.0,0.0010000000474974,0,0.0,109,3,4,shapley-20260606T023222Z-3b22ea00,shapley,marginal
0,0,0,1.0,-1.8239281177520752,4.353405475616455,1.0266916751861572,256.0,256.0,0.529411792755127,0.1889974027872085,288,0.0,129,4,5,shapley-20260606T023222Z-3b22ea00,shapley,marginal
1,10000,1,0.4000000059604645,-1.758952498435974,3.885948181152344,0.792034387588501,256.0,255.9476776123047,0.3846637606620788,0.0670486316084861,160,0.0,129,4,5,shapley-20260606T023222Z-3b22ea00,shapley,marginal
2,1000,1,0.4000000059604645,-0.8816676139831543,1.1446775197982788,0.3673397302627563,256.0,256.0,0.2000000029802322,0.045980654656887,64,0.0,129,4,5,shapley-20260606T023222Z-3b22ea00,shapley,marginal
3,11000,2,0.2000000029802322,-0.539681077003479,0.3384378850460052,0.0471822321414947,32.0,0.0,1.0,0.0090602980926632,0,0.0,129,4,5,shapley-20260606T023222Z-3b22ea00,shapley,marginal
4,100,1,0.4000000059604645,-1.5415434837341309,3.014469146728516,0.6381127834320068,256.0,223.9476776123047,0.2222626060247421,0.0602844096720218,64,0.0,129,4,5,shapley-20260606T023222Z-3b22ea00,shapley,marginal
5,10100,2,0.2000000029802322,-1.495116114616394,2.822494983673096,0.5871226787567139,256.0,256.0,0.2000000029802322,0.0294332336634397,64,0.0,129,4,5,shapley-20260606T023222Z-3b22ea00,shapley,marginal
6,1100,2,0.2000000029802322,-0.5462188124656677,0.4406007528305053,0.1422457695007324,255.9476776123047,223.9476776123047,0.1250255554914474,0.0149952769279479,32,0.0,129,4,5,shapley-20260606T023222Z-3b22ea00,shapley,marginal
7,11100,3,0.2000000029802322,-0.329624742269516,0.1531847715377807,0.044532299041748,95.94767761230467,63.94767379760742,0.3335151076316833,0.0088306777179241,32,0.0,129,4,5,shapley-20260606T023222Z-3b22ea00,shapley,marginal
8,10,1,0.4000000059604645,-1.5879931449890137,3.1197597980499268,0.5980374813079834,256.0,256.0,0.2727272808551788,0.0583926141262054,96,0.0,129,4,5,shapley-20260606T023222Z-3b22ea00,shapley,marginal
9,10010,2,0.2000000029802322,-1.3987263441085815,2.464597702026367,0.508162260055542,191.9476776123047,159.9476776123047,0.1667120903730392,0.0274522732943296,32,0.0,129,4,5,shapley-20260606T023222Z-3b22ea00,shapley,marginal
10,1010,2,0.2000000029802322,-0.4879301786422729,0.3083459436893463,0.0702700912952423,64.0,32.0,0.5,0.0108366468921303,0,0.0,129,4,5,shapley-20260606T023222Z-3b22ea00,shapley,marginal
11,11010,3,0.2000000029802322,-0.3689256310462951,0.1858205199241638,0.0497144013643264,159.9476776123047,63.94767379760742,0.6001963019371033,0.0092737600207328,0,0.0,129,4,5,shapley-20260606T023222Z-3b22ea00,shapley,marginal
12,110,2,0.2000000029802322,-1.374745488166809,2.5449447631835938,0.6550196409225464,127.94767761230467,95.94767761230467,0.2501022219657898,0.0310323275625705,32,0.0,129,4,5,shapley-20260606T023222Z-3b22ea00,shapley,marginal
13,10110,3,0.2000000029802322,-1.3678584098815918,2.5170600414276123,0.6460233926773071,256.0,223.9476776123047,0.2222626060247421,0.0308253765106201,64,0.0,129,4,5,shapley-20260606T023222Z-3b22ea00,shapley,marginal
14,1110,3,0.2000000029802322,-0.2738201022148132,0.1485196948051452,0.0735422447323799,127.94767761230467,63.94767379760742,0.5002045035362244,0.0110630644485354,0,0.0,129,4,5,shapley-20260606T023222Z-3b22ea00,shapley,marginal
15,11110,4,0.4000000059604645,-0.1298976838588714,0.0351781398057937,0.0183047316968441,96.0,64.0,0.3333333432674408,0.0110409194603562,0,0.0,129,4,5,shapley-20260606T023222Z-3b22ea00,shapley,marginal
16,1,1,0.4000000059604645,-1.741716742515564,3.7748219966888423,0.7412447929382324,256.0,256.0,0.3333333432674408,0.0648958459496498,128,0.0,129,4,5,shapley-20260606T023222Z-3b22ea00,shapley,marginal
17,10001,2,0.2000000029802322,-1.5743595361709597,3.099665641784668,0.6210577487945557,191.9476776123047,127.94767761230467,0.3334241807460785,0.0302433967590332,64,0.0,129,4,5,shapley-20260606T023222Z-3b22ea00,shapley,marginal
18,1001,2,0.2000000029802322,-0.6494243144989014,0.5451884865760803,0.1234365403652191,96.0,32.0,0.6666666865348816,0.0140371806919574,0,0.0,129,4,5,shapley-20260606T023222Z-3b22ea00,shapley,marginal
19,11001,3,0.2000000029802322,-0.4778312444686889,0.283316820859909,0.0549941211938858,95.94767761230467,31.947673797607425,0.6670302152633667,0.0097020184621214,0,0.0,129,4,5,shapley-20260606T023222Z-3b22ea00,shapley,marginal
20,101,2,0.2000000029802322,-1.3438091278076172,2.258772850036621,0.4529498815536499,96.0,64.0,0.3333333432674408,0.0259739328175783,32,0.0,129,4,5,shapley-20260606T023222Z-3b22ea00,shapley,marginal
21,10101,3,0.2000000029802322,-1.353545308113098,2.3843367099761963,0.5522518157958984,191.9476776123047,159.9476776123047,0.1667120903730392,0.0285759456455707,32,0.0,129,4,5,shapley-20260606T023222Z-3b22ea00,shapley,marginal
22,1101,3,0.2000000029802322,-0.3436623215675354,0.1685524582862854,0.0504486635327339,95.94767761230467,63.94767379760742,0.3335151076316833,0.0093346359208226,0,0.0,129,4,5,shapley-20260606T023222Z-3b22ea00,shapley,marginal
23,11101,4,0.4000000059604645,-0.242691159248352,0.0879978537559509,0.0290988534688949,191.9476776123047,159.9476776123047,0.1667120903730392,0.0136598842218518,32,0.0,129,4,5,shapley-20260606T023222Z-3b22ea00,shapley,marginal
24,11,2,0.2000000029802322,-1.5466350317001345,3.005892753601074,0.6138129234313965,256.0,256.0,0.1111111119389534,0.0300723295658826,32,0.0,129,4,5,shapley-20260606T023222Z-3b22ea00,shapley,marginal
25,10011,3,0.2000000029802322,-1.581860065460205,3.3731729984283447,0.870891809463501,256.0,127.94767761230467,0.5556564927101135,0.0356293134391307,160,0.0,129,4,5,shapley-20260606T023222Z-3b22ea00,shapley,marginal
26,1011,3,0.2000000029802322,-0.3799525499343872,0.1746163368225097,0.0302523970603942,127.94767761230467,63.94767379760742,0.5002045035362244,0.0074541894719004,0,0.0,129,4,5,shapley-20260606T023222Z-3b22ea00,shapley,marginal
27,11011,4,0.4000000059604645,-0.2824455499649048,0.1048527508974075,0.0250772610306739,160.0,96.0,0.4000000059604645,0.0127525441348552,64,0.0,129,4,5,shapley-20260606T023222Z-3b22ea00,shapley,marginal
28,111,3,0.2000000029802322,-1.3287842273712158,2.295693635940552,0.5300260782241821,128.0,96.0,0.25,0.0280153416097164,32,0.0,129,4,5,shapley-20260606T023222Z-3b22ea00,shapley,marginal
29,10111,4,0.4000000059604645,-1.3168216943740845,2.4590439796447754,0.7250245809555054,256.0,223.9476776123047,0.3000490665435791,0.06419288367033,96,0.0,129,4,5,shapley-20260606T023222Z-3b22ea00,shapley,marginal
30,1111,4,0.4000000059604645,-0.1370274722576141,0.0331998243927955,0.0144232958555221,63.94767379760742,31.947673797607425,0.5004091262817383,0.0099130040034651,0,0.0,129,4,5,shapley-20260606T023222Z-3b22ea00,shapley,marginal
31,11111,5,1.0,0.0,0.0,0.0,32.0,0.0,1.0,0.0010000000474974,0,0.0,129,4,5,shapley-20260606T023222Z-3b22ea00,shapley,marginal
0,0,0,1.0,-1.8535394668579104,4.51094913482666,1.0753405094146729,256.0,248.77908325195312,0.4737942218780517,0.1778313666582107,224,0.0282066925711342,169,5,6,shapley-20260606T023222Z-3b22ea00,shapley,marginal
1,10000,1,0.4000000059604645,-1.7741777896881104,4.0246262550354,0.8769195079803467,256.0,248.77908325195312,0.1139686033129692,0.0648743063211441,32,0.0282066925711342,169,5,6,shapley-20260606T023222Z-3b22ea00,shapley,marginal
2,1000,1,0.4000000059604645,-0.8807814717292786,1.162335753440857,0.3865597248077392,256.0,248.77908325195312,0.1139686033129692,0.043408665806055,32,0.0282066925711342,169,5,6,shapley-20260606T023222Z-3b22ea00,shapley,marginal
3,11000,2,0.2000000029802322,-0.7396713495254517,0.7558209896087646,0.2087072730064392,63.09738540649414,31.09738540649414,0.5071525573730469,0.0165806338191032,32,0.0282066925711342,169,5,6,shapley-20260606T023222Z-3b22ea00,shapley,marginal
4,100,1,0.4000000059604645,-1.5415434837341309,3.014469146728516,0.6381127834320068,256.0,223.9476776123047,0.2222626060247421,0.055487260222435,0,0.0282066925711342,169,5,6,shapley-20260606T023222Z-3b22ea00,shapley,marginal
5,10100,2,0.2000000029802322,-1.6000025272369385,3.394714593887329,0.8347065448760986,256.0,248.77908325195312,0.2046172618865966,0.0321589782834053,64,0.0282066925711342,169,5,6,shapley-20260606T023222Z-3b22ea00,shapley,marginal
6,1100,2,0.2000000029802322,-0.5462188124656677,0.4406007528305053,0.1422457695007324,255.9476776123047,223.9476776123047,0.1250255554914474,0.013862813822925,0,0.0282066925711342,169,5,6,shapley-20260606T023222Z-3b22ea00,shapley,marginal
7,11100,3,0.2000000029802322,-0.329624742269516,0.1531847715377807,0.044532299041748,95.94767761230467,63.94767379760742,0.3335151076316833,0.0081970393657684,0,0.0282066925711342,169,5,6,shapley-20260606T023222Z-3b22ea00,shapley,marginal
8,10,1,0.4000000059604645,-1.6930012702941897,3.796732187271118,0.930478811264038,256.0,248.77908325195312,0.4737942218780517,0.0667960047721862,224,0.0282066925711342,169,5,6,shapley-20260606T023222Z-3b22ea00,shapley,marginal
9,10010,2,0.2000000029802322,-1.4338096380233765,2.5952792167663574,0.5394692420959473,218.5334625244141,186.5334625244141,0.1464306712150573,0.0260495338588953,32,0.0282066925711342,169,5,6,shapley-20260606T023222Z-3b22ea00,shapley,marginal
10,1010,2,0.2000000029802322,-0.6255120038986206,0.5442409515380859,0.1529756784439087,158.19476318359375,62.19477081298828,0.6068468689918518,0.014339130371809,96,0.0282066925711342,169,5,6,shapley-20260606T023222Z-3b22ea00,shapley,marginal
11,11010,3,0.2000000029802322,-0.3962930142879486,0.2180264890193939,0.0609783381223678,187.4360809326172,155.4360809326172,0.170724868774414,0.0094217844307422,32,0.0282066925711342,169,5,6,shapley-20260606T023222Z-3b22ea00,shapley,marginal
12,110,2,0.2000000029802322,-1.374745488166809,2.5449447631835938,0.6550196409225464,127.94767761230467,95.94767761230467,0.2501022219657898,0.0286021865904331,0,0.0282066925711342,169,5,6,shapley-20260606T023222Z-3b22ea00,shapley,marginal
13,10110,3,0.2000000029802322,-1.4295989274978638,2.814941644668579,0.771188497543335,256.0,248.77908325195312,0.1139686033129692,0.0309499837458133,32,0.0282066925711342,169,5,6,shapley-20260606T023222Z-3b22ea00,shapley,marginal
14,1110,3,0.2000000029802322,-0.2738201022148132,0.1485196948051452,0.0735422447323799,127.94767761230467,63.94767379760742,0.5002045035362244,0.0102487867698073,0,0.0282066925711342,169,5,6,shapley-20260606T023222Z-3b22ea00,shapley,marginal
15,11110,4,0.4000000059604645,-0.1298976838588714,0.0351781398057937,0.0183047316968441,96.0,64.0,0.3333333432674408,0.0102284327149391,0,0.0282066925711342,169,5,6,shapley-20260606T023222Z-3b22ea00,shapley,marginal
16,1,1,0.4000000059604645,-1.816248178482056,4.182870388031006,0.8841128349304199,256.0,248.77908325195312,0.2784391641616821,0.0651357471942901,96,0.0282066925711342,169,5,6,shapley-20260606T023222Z-3b22ea00,shapley,marginal
17,10001,2,0.2000000029802322,-1.6083829402923584,3.3547286987304688,0.7678329944610596,218.5334625244141,186.5334625244141,0.1464306712150573,0.0308847539126873,32,0.0282066925711342,169,5,6,shapley-20260606T023222Z-3b22ea00,shapley,marginal
18,1001,2,0.2000000029802322,-0.6494243144989014,0.5451884865760803,0.1234365403652191,96.0,32.0,0.6666666865348816,0.0129822446033358,0,0.0282066925711342,169,5,6,shapley-20260606T023222Z-3b22ea00,shapley,marginal
19,11001,3,0.2000000029802322,-0.5249695777893066,0.3687343597412109,0.0931412875652313,125.2413101196289,93.2413101196289,0.2555067539215088,0.0114084826782345,32,0.0282066925711342,169,5,6,shapley-20260606T023222Z-3b22ea00,shapley,marginal
20,101,2,0.2000000029802322,-1.5378174781799316,3.1226437091827397,0.7577610015869141,189.2921600341797,93.29216003417967,0.5071525573730469,0.0306880995631217,96,0.0282066925711342,169,5,6,shapley-20260606T023222Z-3b22ea00,shapley,marginal
21,10101,3,0.2000000029802322,-1.3925782442092896,2.5170154571533203,0.577741265296936,218.5334625244141,186.5334625244141,0.1464306712150573,0.0269228648394346,32,0.0282066925711342,169,5,6,shapley-20260606T023222Z-3b22ea00,shapley,marginal
22,1101,3,0.2000000029802322,-0.3754675090312958,0.2063275575637817,0.0653517097234726,125.2413101196289,93.2413101196289,0.2555067539215088,0.0097185596823692,32,0.0282066925711342,169,5,6,shapley-20260606T023222Z-3b22ea00,shapley,marginal
23,11101,4,0.4000000059604645,-0.2345859110355377,0.0848664939403534,0.0298359431326389,256.0,186.5334625244141,0.3397827744483948,0.0127819227054715,96,0.0282066925711342,169,5,6,shapley-20260606T023222Z-3b22ea00,shapley,marginal
24,11,2,0.2000000029802322,-1.5686750411987305,3.094410896301269,0.6336696147918701,256.0,248.77908325195312,0.2046172618865966,0.0281486194580793,64,0.0282066925711342,169,5,6,shapley-20260606T023222Z-3b22ea00,shapley,marginal
25,10011,3,0.2000000029802322,-1.625868797302246,3.7860183715820312,1.142569065093994,256.0,248.77908325195312,0.3397216200828552,0.0374550372362136,128,0.0282066925711342,169,5,6,shapley-20260606T023222Z-3b22ea00,shapley,marginal
26,1011,3,0.2000000029802322,-0.3799525499343872,0.1746163368225097,0.0302523970603942,127.94767761230467,63.94767379760742,0.5002045035362244,0.0069319326430559,0,0.0282066925711342,169,5,6,shapley-20260606T023222Z-3b22ea00,shapley,marginal
27,11011,4,0.4000000059604645,-0.2970485985279083,0.1177095770835876,0.0294717103242874,219.48692321777344,155.48692321777344,0.2915891110897064,0.0127097871154546,64,0.0282066925711342,169,5,6,shapley-20260606T023222Z-3b22ea00,shapley,marginal
28,111,3,0.2000000029802322,-1.4337341785430908,2.748706102371216,0.6931123733520508,156.38954162597656,124.38954162597656,0.2046172618865966,0.0293934494256973,32,0.0282066925711342,169,5,6,shapley-20260606T023222Z-3b22ea00,shapley,marginal
29,10111,4,0.4000000059604645,-1.3886642456054688,2.825620174407959,0.8972318172454834,256.0,248.77908325195312,0.2784391641616821,0.065609835088253,96,0.0282066925711342,169,5,6,shapley-20260606T023222Z-3b22ea00,shapley,marginal
30,1111,4,0.4000000059604645,-0.1370274722576141,0.0331998243927955,0.0144232958555221,63.94767379760742,31.947673797607425,0.5004091262817383,0.0091917850077152,0,0.0282066925711342,169,5,6,shapley-20260606T023222Z-3b22ea00,shapley,marginal
31,11111,5,1.0,0.0,0.0,0.0,32.0,0.0,1.0,0.0010000000474974,0,0.0282066925711342,169,5,6,shapley-20260606T023222Z-3b22ea00,shapley,marginal
0,0,0,1.0,-1.212780237197876,1.8270435333251955,0.3562076091766357,32.0,0.0,1.0,0.1956762075424194,32,0.0,49,0,1,shapley-20260606T023247Z-0c599270,shapley,conditional
1,10000,1,0.4000000059604645,-0.9911927580833436,1.347691535949707,0.3652284741401672,32.0,0.0,1.0,0.0798503383994102,32,0.0,49,0,1,shapley-20260606T023247Z-0c599270,shapley,conditional
2,1000,1,0.4000000059604645,-0.448558360338211,0.3158500790596008,0.1146454811096191,32.0,0.0,1.0,0.0451773554086685,32,0.0,49,0,1,shapley-20260606T023247Z-0c599270,shapley,conditional
3,11000,2,0.2000000029802322,-0.3738133013248443,0.170601412653923,0.0308650285005569,32.0,0.0,1.0,0.0124610541388392,32,0.0,49,0,1,shapley-20260606T023247Z-0c599270,shapley,conditional
4,100,1,0.4000000059604645,-0.7921741008758545,0.7879180908203125,0.1603782773017883,32.0,0.0,1.0,0.053250927478075,32,0.0,49,0,1,shapley-20260606T023247Z-0c599270,shapley,conditional
5,10100,2,0.2000000029802322,-0.7750052809715271,0.7468726634979248,0.1462394595146179,32.0,0.0,1.0,0.0259472988545894,32,0.0,49,0,1,shapley-20260606T023247Z-0c599270,shapley,conditional
6,1100,2,0.2000000029802322,-0.1841661632061004,0.0726338177919387,0.0387166403234005,32.0,0.0,1.0,0.0138363065198063,32,0.0,49,0,1,shapley-20260606T023247Z-0c599270,shapley,conditional
7,11100,3,0.2000000029802322,-0.1211035549640655,0.024026995524764,0.0093609243631362,32.0,0.0,1.0,0.0073117618449032,32,0.0,49,0,1,shapley-20260606T023247Z-0c599270,shapley,conditional
8,10,1,0.4000000059604645,-0.7437677383422852,0.7493028044700623,0.1961123347282409,32.0,0.0,1.0,0.0587794929742813,32,0.0,49,0,1,shapley-20260606T023247Z-0c599270,shapley,conditional
9,10010,2,0.2000000029802322,-0.6229907274246216,0.510951578617096,0.1228341460227966,32.0,0.0,1.0,0.0238639302551746,32,0.0,49,0,1,shapley-20260606T023247Z-0c599270,shapley,conditional
10,1010,2,0.2000000029802322,-0.2878267467021942,0.100735068321228,0.0178908333182334,32.0,0.0,1.0,0.0097258267924189,32,0.0,49,0,1,shapley-20260606T023247Z-0c599270,shapley,conditional
11,11010,3,0.2000000029802322,-0.2051672339439392,0.0507767722010612,0.0086831785738468,32.0,0.0,1.0,0.0070789791643619,32,0.0,49,0,1,shapley-20260606T023247Z-0c599270,shapley,conditional
12,110,2,0.2000000029802322,-0.596935510635376,0.5094200372695923,0.1530880331993103,32.0,0.0,1.0,0.0265247728675603,32,0.0,49,0,1,shapley-20260606T023247Z-0c599270,shapley,conditional
13,10110,3,0.2000000029802322,-0.6148093938827515,0.4852884709835052,0.1072978675365448,32.0,0.0,1.0,0.0223691295832395,32,0.0,49,0,1,shapley-20260606T023247Z-0c599270,shapley,conditional
14,1110,3,0.2000000029802322,-0.0754646807909011,0.0163380280137062,0.0106431096792221,32.0,0.0,1.0,0.0077301627025008,32,0.0,49,0,1,shapley-20260606T023247Z-0c599270,shapley,conditional
15,11110,4,0.4000000059604645,-0.0078687062487006,0.0005953384679742,0.0005334219313226,32.0,0.0,1.0,0.0040133991278707,32,0.0,49,0,1,shapley-20260606T023247Z-0c599270,shapley,conditional
16,1,1,0.4000000059604645,-1.087662935256958,1.621504783630371,0.4384940862655639,32.0,0.0,1.0,0.0873978957533836,32,0.0,49,0,1,shapley-20260606T023247Z-0c599270,shapley,conditional
17,10001,2,0.2000000029802322,-0.9587001800537108,1.2176752090454102,0.2985692024230957,32.0,0.0,1.0,0.0366462394595146,32,0.0,49,0,1,shapley-20260606T023247Z-0c599270,shapley,conditional
18,1001,2,0.2000000029802322,-0.382817268371582,0.1745362430810928,0.0279871821403503,32.0,0.0,1.0,0.0119136711582541,32,0.0,49,0,1,shapley-20260606T023247Z-0c599270,shapley,conditional
19,11001,3,0.2000000029802322,-0.3264870047569275,0.1421308368444442,0.0355370715260505,32.0,0.0,1.0,0.0132979312911629,32,0.0,49,0,1,shapley-20260606T023247Z-0c599270,shapley,conditional
20,101,2,0.2000000029802322,-0.7288274765014648,0.7953468561172485,0.2641573548316955,32.0,0.0,1.0,0.0345291532576084,32,0.0,49,0,1,shapley-20260606T023247Z-0c599270,shapley,conditional
21,10101,3,0.2000000029802322,-0.694483757019043,0.6224274635314941,0.1401197612285614,32.0,0.0,1.0,0.0254197362810373,32,0.0,49,0,1,shapley-20260606T023247Z-0c599270,shapley,conditional
22,1101,3,0.2000000029802322,-0.2318260371685028,0.0817608535289764,0.0280175432562828,32.0,0.0,1.0,0.0119195897132158,32,0.0,49,0,1,shapley-20260606T023247Z-0c599270,shapley,conditional
23,11101,4,0.4000000059604645,-0.1233637556433677,0.0259578898549079,0.010739273391664,32.0,0.0,1.0,0.0145209971815347,32,0.0,49,0,1,shapley-20260606T023247Z-0c599270,shapley,conditional
24,11,2,0.2000000029802322,-0.8549470901489258,1.0729990005493164,0.3420644998550415,32.0,0.0,1.0,0.0391544550657272,32,0.0,49,0,1,shapley-20260606T023247Z-0c599270,shapley,conditional
25,10011,3,0.2000000029802322,-0.7828904390335083,0.8135278224945068,0.2006103992462158,32.0,0.0,1.0,0.0302191767841577,32,0.0,49,0,1,shapley-20260606T023247Z-0c599270,shapley,conditional
26,1011,3,0.2000000029802322,-0.2656722366809845,0.0847163498401641,0.0141346156597137,32.0,0.0,1.0,0.0087559195235371,32,0.0,49,0,1,shapley-20260606T023247Z-0c599270,shapley,conditional
27,11011,4,0.4000000059604645,-0.2003023326396942,0.0478976517915725,0.0077766291797161,32.0,0.0,1.0,0.0125058041885495,32,0.0,49,0,1,shapley-20260606T023247Z-0c599270,shapley,conditional
28,111,3,0.2000000029802322,-0.4937486350536346,0.3380230069160461,0.0942352861166,32.0,0.0,1.0,0.02102617546916,32,0.0,49,0,1,shapley-20260606T023247Z-0c599270,shapley,conditional
29,10111,4,0.4000000059604645,-0.625312328338623,0.5368481874465942,0.1458326876163482,32.0,0.0,1.0,0.0508251562714576,32,0.0,49,0,1,shapley-20260606T023247Z-0c599270,shapley,conditional
30,1111,4,0.4000000059604645,-0.049958623945713,0.0048060766421258,0.0023102124687284,32.0,0.0,1.0,0.0072711505927145,32,0.0,49,0,1,shapley-20260606T023247Z-0c599270,shapley,conditional
31,11111,5,1.0,0.0,0.0,0.0,32.0,0.0,1.0,0.0010000000474974,32,0.0,49,0,1,shapley-20260606T023247Z-0c599270,shapley,conditional
0,0,0,1.0,-0.981680393218994,1.250871658325195,0.2871752381324768,256.0,32.0,0.875,0.1832770854234695,224,0.0,69,1,2,shapley-20260606T023247Z-0c599270,shapley,conditional
1,10000,1,0.4000000059604645,-0.8863552212715149,1.014831781387329,0.2292062044143676,160.0,32.0,0.800000011920929,0.0661376044154167,128,0.0,69,1,2,shapley-20260606T023247Z-0c599270,shapley,conditional
2,1000,1,0.4000000059604645,-0.448558360338211,0.3158500790596008,0.1146454811096191,32.0,0.0,1.0,0.0470677465200424,0,0.0,69,1,2,shapley-20260606T023247Z-0c599270,shapley,conditional
3,11000,2,0.2000000029802322,-0.4009141325950622,0.20994633436203,0.0492141991853714,64.0,32.0,0.5,0.0160915460437536,32,0.0,69,1,2,shapley-20260606T023247Z-0c599270,shapley,conditional
4,100,1,0.4000000059604645,-0.7741328477859497,0.800560474395752,0.201278805732727,96.0,32.0,0.6666666865348816,0.0620404258370399,64,0.0,69,1,2,shapley-20260606T023247Z-0c599270,shapley,conditional
5,10100,2,0.2000000029802322,-0.7502046823501587,0.8213267922401428,0.25851970911026,128.0,32.0,0.75,0.0355887897312641,96,0.0,69,1,2,shapley-20260606T023247Z-0c599270,shapley,conditional
6,1100,2,0.2000000029802322,-0.189312532544136,0.0612096637487411,0.025370430201292,96.0,32.0,0.6666666865348816,0.0118355881422758,64,0.0,69,1,2,shapley-20260606T023247Z-0c599270,shapley,conditional
7,11100,3,0.2000000029802322,-0.1195960342884063,0.024087730795145,0.0097845196723937,64.0,32.0,0.5,0.0077291205525398,32,0.0,69,1,2,shapley-20260606T023247Z-0c599270,shapley,conditional
8,10,1,0.4000000059604645,-0.7506594657897949,0.7608543038368225,0.1973646879196167,96.0,32.0,0.6666666865348816,0.0614440105855464,64,0.0,69,1,2,shapley-20260606T023247Z-0c599270,shapley,conditional
9,10010,2,0.2000000029802322,-0.7131058573722839,0.6743425130844116,0.1658225655555725,64.0,32.0,0.5,0.0287019535899162,32,0.0,69,1,2,shapley-20260606T023247Z-0c599270,shapley,conditional
10,1010,2,0.2000000029802322,-0.269178032875061,0.0898656770586967,0.017408862709999,64.0,32.0,0.5,0.0099758114665746,32,0.0,69,1,2,shapley-20260606T023247Z-0c599270,shapley,conditional
11,11010,3,0.2000000029802322,-0.2146907448768615,0.0587788186967372,0.0126867033541202,64.0,32.0,0.5,0.0086623663082718,32,0.0,69,1,2,shapley-20260606T023247Z-0c599270,shapley,conditional
12,110,2,0.2000000029802322,-0.596935510635376,0.5094200372695923,0.1530880331993103,32.0,0.0,1.0,0.0276170056313276,0,0.0,69,1,2,shapley-20260606T023247Z-0c599270,shapley,conditional
13,10110,3,0.2000000029802322,-0.5557663440704346,0.4258729219436645,0.1169967055320739,128.0,32.0,0.75,0.0242688748985528,96,0.0,69,1,2,shapley-20260606T023247Z-0c599270,shapley,conditional
14,1110,3,0.2000000029802322,-0.0754646807909011,0.0163380280137062,0.0106431096792221,32.0,0.0,1.0,0.0080181527882814,0,0.0,69,1,2,shapley-20260606T023247Z-0c599270,shapley,conditional
15,11110,4,0.4000000059604645,-0.008829541504383,0.0012258326169103,0.0011478718370199,64.0,32.0,0.5,0.0056096208281815,32,0.0,69,1,2,shapley-20260606T023247Z-0c599270,shapley,conditional
16,1,1,0.4000000059604645,-0.9619243144989014,1.1864652633666992,0.2611668705940246,192.0,32.0,0.8333333134651184,0.070530854165554,160,0.0,69,1,2,shapley-20260606T023247Z-0c599270,shapley,conditional
17,10001,2,0.2000000029802322,-0.9587001800537108,1.2176752090454102,0.2985692024230957,32.0,0.0,1.0,0.0381715781986713,0,0.0,69,1,2,shapley-20260606T023247Z-0c599270,shapley,conditional
18,1001,2,0.2000000029802322,-0.3665965795516968,0.1747361123561859,0.0403430610895156,96.0,32.0,0.6666666865348816,0.0146638471633195,64,0.0,69,1,2,shapley-20260606T023247Z-0c599270,shapley,conditional
19,11001,3,0.2000000029802322,-0.3283318281173706,0.1416018307209015,0.0338000431656837,64.0,32.0,0.5,0.0135068288072943,32,0.0,69,1,2,shapley-20260606T023247Z-0c599270,shapley,conditional
20,101,2,0.2000000029802322,-0.7512551546096802,0.7802045941352844,0.2158203125,160.0,32.0,0.800000011920929,0.0326034650206565,128,0.0,69,1,2,shapley-20260606T023247Z-0c599270,shapley,conditional
21,10101,3,0.2000000029802322,-0.7142300009727478,0.6558786034584045,0.1457540988922119,64.0,32.0,0.5,0.0269716139882802,32,0.0,69,1,2,shapley-20260606T023247Z-0c599270,shapley,conditional
22,1101,3,0.2000000029802322,-0.2318260371685028,0.0817608535289764,0.0280175432562828,32.0,0.0,1.0,0.0123868500813841,0,0.0,69,1,2,shapley-20260606T023247Z-0c599270,shapley,conditional
23,11101,4,0.4000000059604645,-0.1276756525039672,0.0267534349113702,0.0104523617774248,128.0,32.0,0.75,0.0149099566042423,96,0.0,69,1,2,shapley-20260606T023247Z-0c599270,shapley,conditional
24,11,2,0.2000000029802322,-0.8266657590866089,0.9620537757873536,0.2786775231361389,64.0,32.0,0.5,0.0369119942188262,32,0.0,69,1,2,shapley-20260606T023247Z-0c599270,shapley,conditional
25,10011,3,0.2000000029802322,-0.6896185874938965,0.6255584955215454,0.1499846875667572,96.0,32.0,0.6666666865348816,0.0273458380252122,64,0.0,69,1,2,shapley-20260606T023247Z-0c599270,shapley,conditional
26,1011,3,0.2000000029802322,-0.2656722366809845,0.0847163498401641,0.0141346156597137,32.0,0.0,1.0,0.0090878037735819,0,0.0,69,1,2,shapley-20260606T023247Z-0c599270,shapley,conditional
27,11011,4,0.4000000059604645,-0.2003023326396942,0.0478976517915725,0.0077766291797161,32.0,0.0,1.0,0.0129981487989425,0,0.0,69,1,2,shapley-20260606T023247Z-0c599270,shapley,conditional
28,111,3,0.2000000029802322,-0.5403938889503479,0.3978454768657684,0.1058199107646942,64.0,32.0,0.5,0.0231295321136713,32,0.0,69,1,2,shapley-20260606T023247Z-0c599270,shapley,conditional
29,10111,4,0.4000000059604645,-0.5981109142303467,0.5104939341545105,0.1527572572231292,64.0,32.0,0.5,0.0541764646768569,32,0.0,69,1,2,shapley-20260606T023247Z-0c599270,shapley,conditional
30,1111,4,0.4000000059604645,-0.049958623945713,0.0048060766421258,0.0023102124687284,32.0,0.0,1.0,0.0075395000167191,0,0.0,69,1,2,shapley-20260606T023247Z-0c599270,shapley,conditional
31,11111,5,1.0,0.0,0.0,0.0,32.0,0.0,1.0,0.0010000000474974,0,0.0,69,1,2,shapley-20260606T023247Z-0c599270,shapley,conditional
0,0,0,1.0,-0.926477074623108,1.1623380184173584,0.3039782643318176,256.0,256.0,0.4666666686534881,0.1879381388425827,224,0.0,89,2,3,shapley-20260606T023247Z-0c599270,shapley,conditional
1,10000,1,0.4000000059604645,-0.8324125409126282,0.9460047483444214,0.2530941367149353,256.0,160.0,0.5454545617103577,0.0692303627729415,192,0.0,89,2,3,shapley-20260606T023247Z-0c599270,shapley,conditional
2,1000,1,0.4000000059604645,-0.4198281168937683,0.260587215423584,0.0843315720558166,96.0,32.0,0.6666666865348816,0.040385078638792,64,0.0,89,2,3,shapley-20260606T023247Z-0c599270,shapley,conditional
3,11000,2,0.2000000029802322,-0.3609244227409363,0.1789520978927612,0.0486856549978256,192.0,64.0,0.6666666865348816,0.0159626007080078,128,0.0,89,2,3,shapley-20260606T023247Z-0c599270,shapley,conditional
4,100,1,0.4000000059604645,-0.7059433460235596,0.7326129078865051,0.2342568933963775,192.0,96.0,0.5,0.0666421577334404,96,0.0,89,2,3,shapley-20260606T023247Z-0c599270,shapley,conditional
5,10100,2,0.2000000029802322,-0.6986953020095825,0.7258965373039246,0.2377214133739471,192.0,128.0,0.3333333432674408,0.0340628884732723,64,0.0,89,2,3,shapley-20260606T023247Z-0c599270,shapley,conditional
6,1100,2,0.2000000029802322,-0.189312532544136,0.0612096637487411,0.025370430201292,96.0,32.0,0.6666666865348816,0.0118011645972728,0,0.0,89,2,3,shapley-20260606T023247Z-0c599270,shapley,conditional
7,11100,3,0.2000000029802322,-0.1289699524641037,0.0289815086871385,0.0123482607305049,96.0,64.0,0.3333333432674408,0.0085354559123516,32,0.0,89,2,3,shapley-20260606T023247Z-0c599270,shapley,conditional
8,10,1,0.4000000059604645,-0.7294020056724548,0.7166435718536377,0.1846162676811218,192.0,96.0,0.5,0.0592735670506954,96,0.0,89,2,3,shapley-20260606T023247Z-0c599270,shapley,conditional
9,10010,2,0.2000000029802322,-0.7396522760391235,0.7232081890106201,0.1761227250099182,128.0,64.0,0.5,0.0294586513191461,64,0.0,89,2,3,shapley-20260606T023247Z-0c599270,shapley,conditional
10,1010,2,0.2000000029802322,-0.269178032875061,0.0898656770586967,0.017408862709999,64.0,32.0,0.5,0.009947296231985,0,0.0,89,2,3,shapley-20260606T023247Z-0c599270,shapley,conditional
11,11010,3,0.2000000029802322,-0.2146907448768615,0.0587788186967372,0.0126867033541202,64.0,32.0,0.5,0.0086380233988165,0,0.0,89,2,3,shapley-20260606T023247Z-0c599270,shapley,conditional
12,110,2,0.2000000029802322,-0.596935510635376,0.5094200372695923,0.1530880331993103,32.0,0.0,1.0,0.0275324434041976,0,0.0,89,2,3,shapley-20260606T023247Z-0c599270,shapley,conditional
13,10110,3,0.2000000029802322,-0.5557663440704346,0.4258729219436645,0.1169967055320739,128.0,32.0,0.75,0.0241949521005153,0,0.0,89,2,3,shapley-20260606T023247Z-0c599270,shapley,conditional
14,1110,3,0.2000000029802322,-0.0656343102455139,0.0131594147533178,0.0088515523821115,64.0,32.0,0.5,0.0073799369856715,32,0.0,89,2,3,shapley-20260606T023247Z-0c599270,shapley,conditional
15,11110,4,0.4000000059604645,-0.008829541504383,0.0012258326169103,0.0011478718370199,64.0,32.0,0.5,0.0055949767120182,0,0.0,89,2,3,shapley-20260606T023247Z-0c599270,shapley,conditional
16,1,1,0.4000000059604645,-0.9297739267349244,1.1398472785949707,0.2753677368164062,256.0,192.0,0.4545454680919647,0.0721693783998489,160,0.0,89,2,3,shapley-20260606T023247Z-0c599270,shapley,conditional
17,10001,2,0.2000000029802322,-0.8356426954269409,0.9296796321868896,0.2313809394836425,96.0,32.0,0.6666666865348816,0.0336189791560173,64,0.0,89,2,3,shapley-20260606T023247Z-0c599270,shapley,conditional
18,1001,2,0.2000000029802322,-0.3656530380249023,0.1814517527818679,0.0477496087551116,160.0,96.0,0.4000000059604645,0.015818066895008,64,0.0,89,2,3,shapley-20260606T023247Z-0c599270,shapley,conditional
19,11001,3,0.2000000029802322,-0.3283318281173706,0.1416018307209015,0.0338000431656837,64.0,32.0,0.5,0.0134670948609709,0,0.0,89,2,3,shapley-20260606T023247Z-0c599270,shapley,conditional
20,101,2,0.2000000029802322,-0.7429519295692444,0.8088375329971313,0.2568599581718445,224.0,160.0,0.2857142984867096,0.0353680439293384,64,0.0,89,2,3,shapley-20260606T023247Z-0c599270,shapley,conditional
21,10101,3,0.2000000029802322,-0.7142300009727478,0.6558786034584045,0.1457540988922119,64.0,32.0,0.5,0.0268891025334596,0,0.0,89,2,3,shapley-20260606T023247Z-0c599270,shapley,conditional
22,1101,3,0.2000000029802322,-0.2318260371685028,0.0817608535289764,0.0280175432562828,32.0,0.0,1.0,0.0123506747186183,0,0.0,89,2,3,shapley-20260606T023247Z-0c599270,shapley,conditional
23,11101,4,0.4000000059604645,-0.1294619143009185,0.0278899818658828,0.0111295953392982,160.0,128.0,0.2000000029802322,0.0153079135343432,32,0.0,89,2,3,shapley-20260606T023247Z-0c599270,shapley,conditional
24,11,2,0.2000000029802322,-0.7987298965454102,0.8697179555892944,0.2317485213279724,96.0,64.0,0.3333333432674408,0.0336448848247528,32,0.0,89,2,3,shapley-20260606T023247Z-0c599270,shapley,conditional
25,10011,3,0.2000000029802322,-0.7035261988639832,0.6873481869697571,0.1923990845680236,128.0,96.0,0.25,0.0307446029037237,32,0.0,89,2,3,shapley-20260606T023247Z-0c599270,shapley,conditional
26,1011,3,0.2000000029802322,-0.2656722366809845,0.0847163498401641,0.0141346156597137,32.0,0.0,1.0,0.0090621095150709,0,0.0,89,2,3,shapley-20260606T023247Z-0c599270,shapley,conditional
27,11011,4,0.4000000059604645,-0.1809983104467392,0.0413579083979129,0.0085975192487239,64.0,32.0,0.5,0.0135754412040114,32,0.0,89,2,3,shapley-20260606T023247Z-0c599270,shapley,conditional
28,111,3,0.2000000029802322,-0.5230113863945007,0.3776614367961883,0.104120522737503,96.0,64.0,0.3333333432674408,0.0228813868016004,32,0.0,89,2,3,shapley-20260606T023247Z-0c599270,shapley,conditional
29,10111,4,0.4000000059604645,-0.50653475522995,0.3871411383152008,0.1305636763572693,160.0,64.0,0.6000000238418579,0.0500058382749557,96,0.0,89,2,3,shapley-20260606T023247Z-0c599270,shapley,conditional
30,1111,4,0.4000000059604645,-0.049958623945713,0.0048060766421258,0.0023102124687284,32.0,0.0,1.0,0.0075187245383858,0,0.0,89,2,3,shapley-20260606T023247Z-0c599270,shapley,conditional
31,11111,5,1.0,0.0,0.0,0.0,32.0,0.0,1.0,0.0010000000474974,0,0.0,89,2,3,shapley-20260606T023247Z-0c599270,shapley,conditional
0,0,0,1.0,-0.8728177547454834,1.0382505655288696,0.2764397263526916,256.0,256.0,0.5789473652839661,0.1755501478910446,352,0.0,109,3,4,shapley-20260606T023247Z-0c599270,shapley,conditional
1,10000,1,0.4000000059604645,-0.7811780571937561,0.8482435941696167,0.238004446029663,256.0,256.0,0.3846153914928436,0.0657847002148628,160,0.0,109,3,4,shapley-20260606T023247Z-0c599270,shapley,conditional
2,1000,1,0.4000000059604645,-0.3622874617576599,0.2054790258407592,0.074226826429367,192.0,96.0,0.5,0.0371793173253536,96,0.0,109,3,4,shapley-20260606T023247Z-0c599270,shapley,conditional
3,11000,2,0.2000000029802322,-0.3609244227409363,0.1789520978927612,0.0486856549978256,192.0,64.0,0.6666666865348816,0.0156504325568676,0,0.0,109,3,4,shapley-20260606T023247Z-0c599270,shapley,conditional
4,100,1,0.4000000059604645,-0.6865487098693848,0.7139655351638794,0.2426164150238037,256.0,192.0,0.3333333432674408,0.0664093866944313,96,0.0,109,3,4,shapley-20260606T023247Z-0c599270,shapley,conditional
5,10100,2,0.2000000029802322,-0.6677159667015076,0.6691780090332031,0.2233333885669708,256.0,192.0,0.3333333432674408,0.0323781110346317,96,0.0,109,3,4,shapley-20260606T023247Z-0c599270,shapley,conditional
6,1100,2,0.2000000029802322,-0.189312532544136,0.0612096637487411,0.025370430201292,96.0,32.0,0.6666666865348816,0.0115758161991834,0,0.0,109,3,4,shapley-20260606T023247Z-0c599270,shapley,conditional
7,11100,3,0.2000000029802322,-0.1289699524641037,0.0289815086871385,0.0123482607305049,96.0,64.0,0.3333333432674408,0.0083782412111759,0,0.0,109,3,4,shapley-20260606T023247Z-0c599270,shapley,conditional
8,10,1,0.4000000059604645,-0.7572690844535828,0.7731147408485413,0.1996582746505737,224.0,192.0,0.1428571492433548,0.0603367313742637,32,0.0,109,3,4,shapley-20260606T023247Z-0c599270,shapley,conditional
9,10010,2,0.2000000029802322,-0.7144417762756348,0.6944344639778137,0.1840074062347412,160.0,128.0,0.2000000029802322,0.0294818095862865,32,0.0,109,3,4,shapley-20260606T023247Z-0c599270,shapley,conditional
10,1010,2,0.2000000029802322,-0.2453376799821853,0.0816670879721641,0.0214765109121799,96.0,64.0,0.3333333432674408,0.0107304258272051,32,0.0,109,3,4,shapley-20260606T023247Z-0c599270,shapley,conditional
11,11010,3,0.2000000029802322,-0.2146907448768615,0.0587788186967372,0.0126867033541202,64.0,32.0,0.5,0.008478669449687,0,0.0,109,3,4,shapley-20260606T023247Z-0c599270,shapley,conditional
12,110,2,0.2000000029802322,-0.5811450481414795,0.5442633032798767,0.2065337300300598,96.0,32.0,0.6666666865348816,0.0311748720705509,64,0.0,109,3,4,shapley-20260606T023247Z-0c599270,shapley,conditional
13,10110,3,0.2000000029802322,-0.5557663440704346,0.4258729219436645,0.1169967055320739,128.0,32.0,0.75,0.0237110257148742,0,0.0,109,3,4,shapley-20260606T023247Z-0c599270,shapley,conditional
14,1110,3,0.2000000029802322,-0.0656343102455139,0.0131594147533178,0.0088515523821115,64.0,32.0,0.5,0.007246830035001,0,0.0,109,3,4,shapley-20260606T023247Z-0c599270,shapley,conditional
15,11110,4,0.4000000059604645,-0.008829541504383,0.0012258326169103,0.0011478718370199,64.0,32.0,0.5,0.0054991105571389,0,0.0,109,3,4,shapley-20260606T023247Z-0c599270,shapley,conditional
16,1,1,0.4000000059604645,-0.9065511226654052,1.1221283674240112,0.3002934455871582,256.0,256.0,0.3846153914928436,0.0737700909376144,160,0.0,109,3,4,shapley-20260606T023247Z-0c599270,shapley,conditional
17,10001,2,0.2000000029802322,-0.8594763875007629,0.9812429547309875,0.2425432801246643,128.0,96.0,0.25,0.0336997620761394,32,0.0,109,3,4,shapley-20260606T023247Z-0c599270,shapley,conditional
18,1001,2,0.2000000029802322,-0.3603907823562622,0.1760686635971069,0.0461871474981308,192.0,160.0,0.1666666716337204,0.0152695579454302,32,0.0,109,3,4,shapley-20260606T023247Z-0c599270,shapley,conditional
19,11001,3,0.2000000029802322,-0.3283318281173706,0.1416018307209015,0.0338000431656837,64.0,32.0,0.5,0.0132069904357194,0,0.0,109,3,4,shapley-20260606T023247Z-0c599270,shapley,conditional
20,101,2,0.2000000029802322,-0.7422654628753662,0.8235177993774414,0.2725597620010376,256.0,224.0,0.2222222238779068,0.0356641709804534,64,0.0,109,3,4,shapley-20260606T023247Z-0c599270,shapley,conditional
21,10101,3,0.2000000029802322,-0.6350058317184448,0.5510711073875427,0.1478387117385864,128.0,64.0,0.5,0.0265296027064323,64,0.0,109,3,4,shapley-20260606T023247Z-0c599270,shapley,conditional
22,1101,3,0.2000000029802322,-0.2318260371685028,0.0817608535289764,0.0280175432562828,32.0,0.0,1.0,0.012113862670958,0,0.0,109,3,4,shapley-20260606T023247Z-0c599270,shapley,conditional
23,11101,4,0.4000000059604645,-0.121995098888874,0.0256324894726276,0.0107496855780482,192.0,160.0,0.1666666716337204,0.0147682223469018,32,0.0,109,3,4,shapley-20260606T023247Z-0c599270,shapley,conditional
24,11,2,0.2000000029802322,-0.7621480226516724,0.7904418110847473,0.2095721960067749,128.0,96.0,0.25,0.0313960239291191,32,0.0,109,3,4,shapley-20260606T023247Z-0c599270,shapley,conditional
25,10011,3,0.2000000029802322,-0.7264171838760376,0.7543134689331055,0.2266315221786499,160.0,128.0,0.2000000029802322,0.0326089486479759,32,0.0,109,3,4,shapley-20260606T023247Z-0c599270,shapley,conditional
26,1011,3,0.2000000029802322,-0.2264720499515533,0.0694852769374847,0.0181956887245178,64.0,32.0,0.5,0.0099564148113131,32,0.0,109,3,4,shapley-20260606T023247Z-0c599270,shapley,conditional
27,11011,4,0.4000000059604645,-0.1712045520544052,0.0399853289127349,0.0106743294745683,96.0,64.0,0.3333333432674408,0.0147198792546987,32,0.0,109,3,4,shapley-20260606T023247Z-0c599270,shapley,conditional
28,111,3,0.2000000029802322,-0.5646234750747681,0.4832081794738769,0.1644085049629211,128.0,96.0,0.25,0.0279222950339317,32,0.0,109,3,4,shapley-20260606T023247Z-0c599270,shapley,conditional
29,10111,4,0.4000000059604645,-0.5393866300582886,0.4911960363388061,0.2002581059932708,256.0,160.0,0.375,0.0604257956147193,96,0.0,109,3,4,shapley-20260606T023247Z-0c599270,shapley,conditional
30,1111,4,0.4000000059604645,-0.049958623945713,0.0048060766421258,0.0023102124687284,32.0,0.0,1.0,0.0073827225714921,0,0.0,109,3,4,shapley-20260606T023247Z-0c599270,shapley,conditional
31,11111,5,1.0,0.0,0.0,0.0,32.0,0.0,1.0,0.0010000000474974,0,0.0,109,3,4,shapley-20260606T023247Z-0c599270,shapley,conditional
0,0,0,1.0,-0.8079341053962708,0.9204308390617372,0.2676733136177063,256.0,256.0,0.4285714328289032,0.1702347695827484,192,0.0,129,4,5,shapley-20260606T023247Z-0c599270,shapley,conditional
1,10000,1,0.4000000059604645,-0.7729392647743225,0.8338209390640259,0.2363858222961425,256.0,256.0,0.1111111119389534,0.0646147429943084,32,0.0,129,4,5,shapley-20260606T023247Z-0c599270,shapley,conditional
2,1000,1,0.4000000059604645,-0.3539147675037384,0.1956305056810379,0.070374846458435,224.0,192.0,0.1428571492433548,0.0357100926339626,32,0.0,129,4,5,shapley-20260606T023247Z-0c599270,shapley,conditional
3,11000,2,0.2000000029802322,-0.3439937829971313,0.1684282422065735,0.0500965192914009,224.0,192.0,0.1428571492433548,0.015642687678337,32,0.0,129,4,5,shapley-20260606T023247Z-0c599270,shapley,conditional
4,100,1,0.4000000059604645,-0.669021487236023,0.6864619851112366,0.238872230052948,256.0,256.0,0.3333333432674408,0.0649484321475029,128,0.0,129,4,5,shapley-20260606T023247Z-0c599270,shapley,conditional
5,10100,2,0.2000000029802322,-0.6677159667015076,0.6691780090332031,0.2233333885669708,256.0,192.0,0.3333333432674408,0.0319167524576187,0,0.0,129,4,5,shapley-20260606T023247Z-0c599270,shapley,conditional
6,1100,2,0.2000000029802322,-0.1793930232524871,0.0547433197498321,0.0225614644587039,128.0,96.0,0.25,0.0108265420421957,32,0.0,129,4,5,shapley-20260606T023247Z-0c599270,shapley,conditional
7,11100,3,0.2000000029802322,-0.1307781785726547,0.0297318659722805,0.0126289334148168,160.0,96.0,0.4000000059604645,0.0083519136533141,64,0.0,129,4,5,shapley-20260606T023247Z-0c599270,shapley,conditional
8,10,1,0.4000000059604645,-0.7457868456840515,0.7758644819259644,0.2196664810180664,256.0,224.0,0.3636363744735718,0.0623237788677215,128,0.0,129,4,5,shapley-20260606T023247Z-0c599270,shapley,conditional
9,10010,2,0.2000000029802322,-0.6979233026504517,0.696732759475708,0.2096358239650726,224.0,160.0,0.2857142984867096,0.0309536531567573,64,0.0,129,4,5,shapley-20260606T023247Z-0c599270,shapley,conditional
10,1010,2,0.2000000029802322,-0.2453376799821853,0.0816670879721641,0.0214765109121799,96.0,64.0,0.3333333432674408,0.0105873579159379,0,0.0,129,4,5,shapley-20260606T023247Z-0c599270,shapley,conditional
11,11010,3,0.2000000029802322,-0.1950572580099105,0.0513477697968483,0.0133004374802112,96.0,64.0,0.3333333432674408,0.0085448399186134,32,0.0,129,4,5,shapley-20260606T023247Z-0c599270,shapley,conditional
12,110,2,0.2000000029802322,-0.6081221699714661,0.6071784496307373,0.2373658716678619,128.0,96.0,0.25,0.03287323564291,32,0.0,129,4,5,shapley-20260606T023247Z-0c599270,shapley,conditional
13,10110,3,0.2000000029802322,-0.5358787178993225,0.4249613881111145,0.1377953886985778,192.0,128.0,0.3333333432674408,0.0252847913652658,64,0.0,129,4,5,shapley-20260606T023247Z-0c599270,shapley,conditional
14,1110,3,0.2000000029802322,-0.0656343102455139,0.0131594147533178,0.0088515523821115,64.0,32.0,0.5,0.0071549820713698,0,0.0,129,4,5,shapley-20260606T023247Z-0c599270,shapley,conditional
15,11110,4,0.4000000059604645,-0.008829541504383,0.0012258326169103,0.0011478718370199,64.0,32.0,0.5,0.0054329591803252,0,0.0,129,4,5,shapley-20260606T023247Z-0c599270,shapley,conditional
16,1,1,0.4000000059604645,-0.8641260266304016,1.0572736263275146,0.3105598092079162,256.0,256.0,0.3846153914928436,0.0739154741168022,160,0.0,129,4,5,shapley-20260606T023247Z-0c599270,shapley,conditional
17,10001,2,0.2000000029802322,-0.8129253387451172,0.901335060596466,0.2404874563217163,160.0,128.0,0.2000000029802322,0.0330821350216865,32,0.0,129,4,5,shapley-20260606T023247Z-0c599270,shapley,conditional
18,1001,2,0.2000000029802322,-0.3503742218017578,0.1695243269205093,0.0467622280120849,224.0,192.0,0.1428571492433548,0.0151470098644495,32,0.0,129,4,5,shapley-20260606T023247Z-0c599270,shapley,conditional
19,11001,3,0.2000000029802322,-0.2961790561676025,0.122321605682373,0.0345995724201202,96.0,64.0,0.3333333432674408,0.0131689310073852,32,0.0,129,4,5,shapley-20260606T023247Z-0c599270,shapley,conditional
20,101,2,0.2000000029802322,-0.7336785793304443,0.8124805092811584,0.2741962671279907,256.0,256.0,0.2727272808551788,0.0352568812668323,96,0.0,129,4,5,shapley-20260606T023247Z-0c599270,shapley,conditional
21,10101,3,0.2000000029802322,-0.6445246934890747,0.6045089960098267,0.1890969276428222,224.0,128.0,0.4285714328289032,0.0294484980404377,96,0.0,129,4,5,shapley-20260606T023247Z-0c599270,shapley,conditional
22,1101,3,0.2000000029802322,-0.1869926452636718,0.0596102215349674,0.0246439725160598,64.0,32.0,0.5,0.0112700471654534,32,0.0,129,4,5,shapley-20260606T023247Z-0c599270,shapley,conditional
23,11101,4,0.4000000059604645,-0.121995098888874,0.0256324894726276,0.0107496855780482,192.0,160.0,0.1666666716337204,0.0145657854154706,0,0.0,129,4,5,shapley-20260606T023247Z-0c599270,shapley,conditional
24,11,2,0.2000000029802322,-0.7207594513893127,0.7402022480964661,0.2207080721855163,192.0,128.0,0.3333333432674408,0.0317344963550567,64,0.0,129,4,5,shapley-20260606T023247Z-0c599270,shapley,conditional
25,10011,3,0.2000000029802322,-0.7282931208610535,0.7651373147964478,0.2347264289855957,192.0,160.0,0.1666666716337204,0.0326955318450927,32,0.0,129,4,5,shapley-20260606T023247Z-0c599270,shapley,conditional
26,1011,3,0.2000000029802322,-0.2264720499515533,0.0694852769374847,0.0181956887245178,64.0,32.0,0.5,0.0098247276619076,0,0.0,129,4,5,shapley-20260606T023247Z-0c599270,shapley,conditional
27,11011,4,0.4000000059604645,-0.1709154397249221,0.0421482175588607,0.0129361301660537,128.0,96.0,0.25,0.0158815868198871,32,0.0,129,4,5,shapley-20260606T023247Z-0c599270,shapley,conditional
28,111,3,0.2000000029802322,-0.5747874975204468,0.5176081657409668,0.1872274875640869,256.0,128.0,0.5,0.0293075237423181,128,0.0,129,4,5,shapley-20260606T023247Z-0c599270,shapley,conditional
29,10111,4,0.4000000059604645,-0.5393866300582886,0.4911960363388061,0.2002581059932708,256.0,160.0,0.375,0.0595520511269569,0,0.0,129,4,5,shapley-20260606T023247Z-0c599270,shapley,conditional
30,1111,4,0.4000000059604645,-0.0476987138390541,0.0057815359905362,0.0035063687246292,64.0,32.0,0.5,0.0087477546185255,32,0.0,129,4,5,shapley-20260606T023247Z-0c599270,shapley,conditional
31,11111,5,1.0,0.0,0.0,0.0,32.0,0.0,1.0,0.0010000000474974,0,0.0,129,4,5,shapley-20260606T023247Z-0c599270,shapley,conditional
0,0,0,1.0,-0.8237792253494263,1.0255025625228882,0.3468903303146362,256.0,252.1779327392578,0.5331576466560364,0.186604306101799,288,0.0149299657639406,169,5,6,shapley-20260606T023247Z-0c599270,shapley,conditional
1,10000,1,0.4000000059604645,-0.787765383720398,0.8787409067153931,0.2581666111946106,256.0,252.1779327392578,0.2024176716804504,0.0650474801659584,64,0.0149299657639406,169,5,6,shapley-20260606T023247Z-0c599270,shapley,conditional
2,1000,1,0.4000000059604645,-0.331988126039505,0.17403344810009,0.0638173297047615,256.0,220.6556854248047,0.2248330265283584,0.0328435376286506,64,0.0149299657639406,169,5,6,shapley-20260606T023247Z-0c599270,shapley,conditional
3,11000,2,0.2000000029802322,-0.3439937829971313,0.1684282422065735,0.0500965192914009,224.0,192.0,0.1428571492433548,0.0151067115366458,0,0.0149299657639406,169,5,6,shapley-20260606T023247Z-0c599270,shapley,conditional
4,100,1,0.4000000059604645,-0.6686662435531616,0.6787557601928711,0.2316412031650543,256.0,252.1779327392578,0.2757211029529571,0.0616680271923542,96,0.0149299657639406,169,5,6,shapley-20260606T023247Z-0c599270,shapley,conditional
5,10100,2,0.2000000029802322,-0.645744264125824,0.640921413898468,0.2239357531070709,256.0,252.1779327392578,0.2024176716804504,0.030825225636363,64,0.0149299657639406,169,5,6,shapley-20260606T023247Z-0c599270,shapley,conditional
6,1100,2,0.2000000029802322,-0.1793930232524871,0.0547433197498321,0.0225614644587039,128.0,96.0,0.25,0.0104668531566858,0,0.0149299657639406,169,5,6,shapley-20260606T023247Z-0c599270,shapley,conditional
7,11100,3,0.2000000029802322,-0.1307781785726547,0.0297318659722805,0.0126289334148168,160.0,96.0,0.4000000059604645,0.0080828061327338,0,0.0149299657639406,169,5,6,shapley-20260606T023247Z-0c599270,shapley,conditional
8,10,1,0.4000000059604645,-0.7396413087844849,0.8052683472633362,0.2581990957260132,256.0,252.1779327392578,0.432259202003479,0.0650515109300613,192,0.0149299657639406,169,5,6,shapley-20260606T023247Z-0c599270,shapley,conditional
9,10010,2,0.2000000029802322,-0.6979233026504517,0.696732759475708,0.2096358239650726,224.0,160.0,0.2857142984867096,0.0298572368919849,0,0.0149299657639406,169,5,6,shapley-20260606T023247Z-0c599270,shapley,conditional
10,1010,2,0.2000000029802322,-0.2453376799821853,0.0816670879721641,0.0214765109121799,96.0,64.0,0.3333333432674408,0.0102364243939518,0,0.0149299657639406,169,5,6,shapley-20260606T023247Z-0c599270,shapley,conditional
11,11010,3,0.2000000029802322,-0.1950572580099105,0.0513477697968483,0.0133004374802112,96.0,64.0,0.3333333432674408,0.0082686701789498,0,0.0149299657639406,169,5,6,shapley-20260606T023247Z-0c599270,shapley,conditional
12,110,2,0.2000000029802322,-0.5963218212127686,0.5848739743232727,0.2292742729187011,222.0889587402344,126.0889663696289,0.432259202003479,0.0311786383390426,96,0.0149299657639406,169,5,6,shapley-20260606T023247Z-0c599270,shapley,conditional
13,10110,3,0.2000000029802322,-0.5358787178993225,0.4249613881111145,0.1377953886985778,192.0,128.0,0.3333333432674408,0.024395877495408,0,0.0149299657639406,169,5,6,shapley-20260606T023247Z-0c599270,shapley,conditional
14,1110,3,0.2000000029802322,-0.0656343102455139,0.0131594147533178,0.0088515523821115,64.0,32.0,0.5,0.0069296862930059,0,0.0149299657639406,169,5,6,shapley-20260606T023247Z-0c599270,shapley,conditional
15,11110,4,0.4000000059604645,-0.008829541504383,0.0012258326169103,0.0011478718370199,64.0,32.0,0.5,0.0052706962451338,0,0.0149299657639406,169,5,6,shapley-20260606T023247Z-0c599270,shapley,conditional
16,1,1,0.4000000059604645,-0.8570095896720886,1.0420331954956057,0.3075677752494812,256.0,252.1779327392578,0.3366844654083252,0.070907287299633,128,0.0149299657639406,169,5,6,shapley-20260606T023247Z-0c599270,shapley,conditional
17,10001,2,0.2000000029802322,-0.7902426719665527,0.8691260814666748,0.2446426153182983,253.6112060546875,157.6112060546875,0.3785321712493896,0.032173678278923,96,0.0149299657639406,169,5,6,shapley-20260606T023247Z-0c599270,shapley,conditional
18,1001,2,0.2000000029802322,-0.3468948602676391,0.1737854033708572,0.0534493625164032,256.0,220.6556854248047,0.2248330265283584,0.0155711323022842,64,0.0149299657639406,169,5,6,shapley-20260606T023247Z-0c599270,shapley,conditional
19,11001,3,0.2000000029802322,-0.2961790561676025,0.122321605682373,0.0345995724201202,96.0,64.0,0.3333333432674408,0.012723502703011,0,0.0149299657639406,169,5,6,shapley-20260606T023247Z-0c599270,shapley,conditional
20,101,2,0.2000000029802322,-0.7336785793304443,0.8124805092811584,0.2741962671279907,256.0,256.0,0.2727272808551788,0.03400294855237,0,0.0149299657639406,169,5,6,shapley-20260606T023247Z-0c599270,shapley,conditional
21,10101,3,0.2000000029802322,-0.6490944027900696,0.6120172142982483,0.1906936764717102,252.6556854248047,220.6556854248047,0.1266545802354812,0.0285226460546255,32,0.0149299657639406,169,5,6,shapley-20260606T023247Z-0c599270,shapley,conditional
22,1101,3,0.2000000029802322,-0.1869926452636718,0.0596102215349674,0.0246439725160598,64.0,32.0,0.5,0.0108941243961453,0,0.0149299657639406,169,5,6,shapley-20260606T023247Z-0c599270,shapley,conditional
23,11101,4,0.4000000059604645,-0.1148387044668197,0.0245266053825616,0.0113386772572994,253.13345336914065,189.13345336914065,0.2528310716152191,0.0144224930554628,64,0.0149299657639406,169,5,6,shapley-20260606T023247Z-0c599270,shapley,conditional
24,11,2,0.2000000029802322,-0.6716270446777344,0.6892920732498169,0.2382091879844665,256.0,189.13345336914065,0.3366844356060028,0.0317610576748847,96,0.0149299657639406,169,5,6,shapley-20260606T023247Z-0c599270,shapley,conditional
25,10011,3,0.2000000029802322,-0.739477276802063,0.7948960065841675,0.2480693459510803,253.13345336914065,189.13345336914065,0.2528310716152191,0.0323912426829338,64,0.0149299657639406,169,5,6,shapley-20260606T023247Z-0c599270,shapley,conditional
26,1011,3,0.2000000029802322,-0.2264720499515533,0.0694852769374847,0.0181956887245178,64.0,32.0,0.5,0.0095017096027731,0,0.0149299657639406,169,5,6,shapley-20260606T023247Z-0c599270,shapley,conditional
27,11011,4,0.4000000059604645,-0.1659889966249466,0.040027480572462,0.0124751329421997,158.08895874023438,126.0889663696289,0.2024176716804504,0.0150790903717279,32,0.0149299657639406,169,5,6,shapley-20260606T023247Z-0c599270,shapley,conditional
28,111,3,0.2000000029802322,-0.5930303335189819,0.555985689163208,0.2043007016181945,256.0,252.1779327392578,0.2024176716804504,0.029487669467926,64,0.0149299657639406,169,5,6,shapley-20260606T023247Z-0c599270,shapley,conditional
29,10111,4,0.4000000059604645,-0.5771851539611816,0.5617059469223022,0.2285632491111755,256.0,252.1779327392578,0.2757211029529571,0.0612636171281337,96,0.0149299657639406,169,5,6,shapley-20260606T023247Z-0c599270,shapley,conditional
30,1111,4,0.4000000059604645,-0.0476987138390541,0.0057815359905362,0.0035063687246292,64.0,32.0,0.5,0.0084641575813293,0,0.0149299657639406,169,5,6,shapley-20260606T023247Z-0c599270,shapley,conditional
31,11111,5,1.0,0.0,0.0,0.0,32.0,0.0,1.0,0.0010000000474974,0,0.0149299657639406,169,5,6,shapley-20260606T023247Z-0c599270,shapley,conditional
