node_id,mask,coalition_size,c_value,mean,second_moment,variance,effective_count,effective_count_pre,blend_weight,probability,n_new,global_progress,epoch,cycle,sampling_phase,run_id,training_type,shapley_tactic
0,0,0,1.0,-1.30536687374115,2.0150609016418457,0.3110781908035278,32.0,0.0,1.0,0.2071070373058319,32,0.0,49,0,1,shapley-20260606T022253Z-96f1abeb,shapley,baseline
1,10000,1,0.4000000059604645,-1.3103927373886108,1.9598863124847408,0.2427572011947631,32.0,0.0,1.0,0.0738289654254913,32,0.0,49,0,1,shapley-20260606T022253Z-96f1abeb,shapley,baseline
2,1000,1,0.4000000059604645,-0.468277633190155,0.2634420990943908,0.0441581606864929,32.0,0.0,1.0,0.0320615768432617,32,0.0,49,0,1,shapley-20260606T022253Z-96f1abeb,shapley,baseline
3,11000,2,0.2000000029802322,-0.360706478357315,0.1566036492586136,0.026494488120079,32.0,0.0,1.0,0.0130300046876072,32,0.0,49,0,1,shapley-20260606T022253Z-96f1abeb,shapley,baseline
4,100,1,0.4000000059604645,-1.0678443908691406,1.2642734050750732,0.1239817142486572,32.0,0.0,1.0,0.0530471354722976,32,0.0,49,0,1,shapley-20260606T022253Z-96f1abeb,shapley,baseline
5,10100,2,0.2000000029802322,-1.0274882316589355,1.1739243268966677,0.1181923151016235,32.0,0.0,1.0,0.0264087114483118,32,0.0,49,0,1,shapley-20260606T022253Z-96f1abeb,shapley,baseline
6,1100,2,0.2000000029802322,-0.2129515409469604,0.0663911551237106,0.0210427977144718,32.0,0.0,1.0,0.0117211109027266,32,0.0,49,0,1,shapley-20260606T022253Z-96f1abeb,shapley,baseline
7,11100,3,0.2000000029802322,-0.1538037657737732,0.0400306917726993,0.0163750927895307,32.0,0.0,1.0,0.0104575781151652,32,0.0,49,0,1,shapley-20260606T022253Z-96f1abeb,shapley,baseline
8,10,1,0.4000000059604645,-1.190956950187683,1.681353211402893,0.262974739074707,32.0,0.0,1.0,0.076801024377346,32,0.0,49,0,1,shapley-20260606T022253Z-96f1abeb,shapley,baseline
9,10010,2,0.2000000029802322,-1.1634368896484375,1.4803581237792969,0.1267727613449096,32.0,0.0,1.0,0.0273148566484451,32,0.0,49,0,1,shapley-20260606T022253Z-96f1abeb,shapley,baseline
10,1010,2,0.2000000029802322,-0.3644556403160095,0.1553376317024231,0.0225097239017486,32.0,0.0,1.0,0.0120885092765092,32,0.0,49,0,1,shapley-20260606T022253Z-96f1abeb,shapley,baseline
11,11010,3,0.2000000029802322,-0.2581306397914886,0.0770209282636642,0.0103894993662834,32.0,0.0,1.0,0.0085333017632365,32,0.0,49,0,1,shapley-20260606T022253Z-96f1abeb,shapley,baseline
12,110,2,0.2000000029802322,-0.9674052000045776,1.0103380680084229,0.074465274810791,32.0,0.0,1.0,0.0211680978536605,32,0.0,49,0,1,shapley-20260606T022253Z-96f1abeb,shapley,baseline
13,10110,3,0.2000000029802322,-0.8592065572738647,0.833703339099884,0.0954674482345581,32.0,0.0,1.0,0.0238357726484537,32,0.0,49,0,1,shapley-20260606T022253Z-96f1abeb,shapley,baseline
14,1110,3,0.2000000029802322,-0.106766827404499,0.021587586030364,0.0101884305477142,32.0,0.0,1.0,0.0084600485861301,32,0.0,49,0,1,shapley-20260606T022253Z-96f1abeb,shapley,baseline
15,11110,4,0.4000000059604645,-0.0365525856614112,0.0058733327314257,0.0045372410677373,32.0,0.0,1.0,0.010956666432321,32,0.0,49,0,1,shapley-20260606T022253Z-96f1abeb,shapley,baseline
16,1,1,0.4000000059604645,-1.2706165313720703,1.8122590780258176,0.197792649269104,32.0,0.0,1.0,0.0667390003800392,32,0.0,49,0,1,shapley-20260606T022253Z-96f1abeb,shapley,baseline
17,10001,2,0.2000000029802322,-1.2069754600524902,1.6526551246643066,0.1958653926849365,32.0,0.0,1.0,0.0337089709937572,32,0.0,49,0,1,shapley-20260606T022253Z-96f1abeb,shapley,baseline
18,1001,2,0.2000000029802322,-0.3909445703029632,0.1807082295417785,0.0278705656528472,32.0,0.0,1.0,0.0133384596556425,32,0.0,49,0,1,shapley-20260606T022253Z-96f1abeb,shapley,baseline
19,11001,3,0.2000000029802322,-0.2578012347221374,0.0757799372076988,0.0093184635043144,32.0,0.0,1.0,0.0081344451755285,32,0.0,49,0,1,shapley-20260606T022253Z-96f1abeb,shapley,baseline
20,101,2,0.2000000029802322,-1.0736889839172363,1.3707711696624756,0.2179630994796753,32.0,0.0,1.0,0.0355047993361949,32,0.0,49,0,1,shapley-20260606T022253Z-96f1abeb,shapley,baseline
21,10101,3,0.2000000029802322,-0.9202309846878052,1.0106863975524902,0.163861334323883,32.0,0.0,1.0,0.0309175681322813,32,0.0,49,0,1,shapley-20260606T022253Z-96f1abeb,shapley,baseline
22,1101,3,0.2000000029802322,-0.1456165164709091,0.0321484543383121,0.0109442844986915,32.0,0.0,1.0,0.0087318196892738,32,0.0,49,0,1,shapley-20260606T022253Z-96f1abeb,shapley,baseline
23,11101,4,0.4000000059604645,-0.0859523937106132,0.0186866521835327,0.011298838071525,32.0,0.0,1.0,0.016712125390768,32,0.0,49,0,1,shapley-20260606T022253Z-96f1abeb,shapley,baseline
24,11,2,0.2000000029802322,-1.143924355506897,1.4871397018432615,0.1785768270492553,32.0,0.0,1.0,0.0322320573031902,32,0.0,49,0,1,shapley-20260606T022253Z-96f1abeb,shapley,baseline
25,10011,3,0.2000000029802322,-1.2320332527160645,1.7675389051437378,0.2496329545974731,32.0,0.0,1.0,0.0379265658557415,32,0.0,49,0,1,shapley-20260606T022253Z-96f1abeb,shapley,baseline
26,1011,3,0.2000000029802322,-0.2467477023601532,0.0713247656822204,0.0104403384029865,32.0,0.0,1.0,0.0085517102852463,32,0.0,49,0,1,shapley-20260606T022253Z-96f1abeb,shapley,baseline
27,11011,4,0.4000000059604645,-0.1734477281570434,0.0369349755346775,0.0068508610129356,32.0,0.0,1.0,0.0132346246391534,32,0.0,49,0,1,shapley-20260606T022253Z-96f1abeb,shapley,baseline
28,111,3,0.2000000029802322,-0.9842020273208618,1.0821874141693115,0.1135337948799133,32.0,0.0,1.0,0.0259029418230056,32,0.0,49,0,1,shapley-20260606T022253Z-96f1abeb,shapley,baseline
29,10111,4,0.4000000059604645,-0.6483751535415649,0.4985746145248413,0.0781842768192291,32.0,0.0,1.0,0.0423311702907085,32,0.0,49,0,1,shapley-20260606T022253Z-96f1abeb,shapley,baseline
30,1111,4,0.4000000059604645,-0.0696298032999038,0.0072297025471925,0.0023813932202756,32.0,0.0,1.0,0.0082132937386631,32,0.0,49,0,1,shapley-20260606T022253Z-96f1abeb,shapley,baseline
31,11111,5,1.0,0.0,0.0,0.0,32.0,0.0,1.0,0.0010000000474974,32,0.0,49,0,1,shapley-20260606T022253Z-96f1abeb,shapley,baseline
0,0,0,1.0,-1.4399771690368652,2.3644864559173584,0.290952205657959,256.0,32.0,0.9090909361839294,0.1891695111989975,320,0.0,69,1,2,shapley-20260606T022253Z-96f1abeb,shapley,baseline
1,10000,1,0.4000000059604645,-1.352102756500244,2.082144498825073,0.2539626359939575,256.0,32.0,0.875,0.0713207274675369,224,0.0,69,1,2,shapley-20260606T022253Z-96f1abeb,shapley,baseline
2,1000,1,0.4000000059604645,-0.4811393618583679,0.2753444612026214,0.043849378824234,64.0,32.0,0.5,0.0302199907600879,32,0.0,69,1,2,shapley-20260606T022253Z-96f1abeb,shapley,baseline
3,11000,2,0.2000000029802322,-0.3507809638977051,0.1511880755424499,0.0281407907605171,64.0,32.0,0.5,0.0127040613442659,32,0.0,69,1,2,shapley-20260606T022253Z-96f1abeb,shapley,baseline
4,100,1,0.4000000059604645,-1.1622920036315918,1.5781943798065186,0.2272716760635376,64.0,32.0,0.5,0.0675228834152221,32,0.0,69,1,2,shapley-20260606T022253Z-96f1abeb,shapley,baseline
5,10100,2,0.2000000029802322,-1.0274882316589355,1.1739243268966677,0.1181923151016235,32.0,0.0,1.0,0.0249862857162952,0,0.0,69,1,2,shapley-20260606T022253Z-96f1abeb,shapley,baseline
6,1100,2,0.2000000029802322,-0.2297774851322174,0.0699972808361053,0.0171995870769023,64.0,32.0,0.5,0.0101501336321234,32,0.0,69,1,2,shapley-20260606T022253Z-96f1abeb,shapley,baseline
7,11100,3,0.2000000029802322,-0.1538037657737732,0.0400306917726993,0.0163750927895307,32.0,0.0,1.0,0.0099281258881092,0,0.0,69,1,2,shapley-20260606T022253Z-96f1abeb,shapley,baseline
8,10,1,0.4000000059604645,-1.268986463546753,1.830881118774414,0.2205544710159301,192.0,32.0,0.8333333134651184,0.0665324404835701,160,0.0,69,1,2,shapley-20260606T022253Z-96f1abeb,shapley,baseline
9,10010,2,0.2000000029802322,-1.1659207344055176,1.5255639553070068,0.1661927700042724,128.0,32.0,0.75,0.0294429399073123,96,0.0,69,1,2,shapley-20260606T022253Z-96f1abeb,shapley,baseline
10,1010,2,0.2000000029802322,-0.3644556403160095,0.1553376317024231,0.0225097239017486,32.0,0.0,1.0,0.0114677539095282,0,0.0,69,1,2,shapley-20260606T022253Z-96f1abeb,shapley,baseline
11,11010,3,0.2000000029802322,-0.237513780593872,0.0736717283725738,0.0172589309513568,64.0,32.0,0.5,0.0101659055799245,32,0.0,69,1,2,shapley-20260606T022253Z-96f1abeb,shapley,baseline
12,110,2,0.2000000029802322,-1.002314567565918,1.1386325359344482,0.1339980363845825,96.0,32.0,0.6666666865348816,0.0265398081392049,64,0.0,69,1,2,shapley-20260606T022253Z-96f1abeb,shapley,baseline
13,10110,3,0.2000000029802322,-0.890558123588562,0.921707034111023,0.1286132335662841,64.0,32.0,0.5,0.0260213799774646,32,0.0,69,1,2,shapley-20260606T022253Z-96f1abeb,shapley,baseline
14,1110,3,0.2000000029802322,-0.1293972581624984,0.0305709391832351,0.0138272885233163,64.0,32.0,0.5,0.0092042125761508,32,0.0,69,1,2,shapley-20260606T022253Z-96f1abeb,shapley,baseline
15,11110,4,0.4000000059604645,-0.0438903756439685,0.0078966300934553,0.0059702647849917,64.0,32.0,0.5,0.0117818973958492,32,0.0,69,1,2,shapley-20260606T022253Z-96f1abeb,shapley,baseline
16,1,1,0.4000000059604645,-1.3373411893844604,2.003429412841797,0.2149479389190673,64.0,32.0,0.5,0.0656941533088684,32,0.0,69,1,2,shapley-20260606T022253Z-96f1abeb,shapley,baseline
17,10001,2,0.2000000029802322,-1.3299965858459473,2.0108156204223637,0.2419246435165405,64.0,32.0,0.5,0.0353169329464435,32,0.0,69,1,2,shapley-20260606T022253Z-96f1abeb,shapley,baseline
18,1001,2,0.2000000029802322,-0.3720362186431885,0.1613084822893142,0.0228975415229797,64.0,32.0,0.5,0.0115575436502695,32,0.0,69,1,2,shapley-20260606T022253Z-96f1abeb,shapley,baseline
19,11001,3,0.2000000029802322,-0.2578012347221374,0.0757799372076988,0.0093184635043144,32.0,0.0,1.0,0.0077350460924208,0,0.0,69,1,2,shapley-20260606T022253Z-96f1abeb,shapley,baseline
20,101,2,0.2000000029802322,-1.155820369720459,1.5502334833145142,0.2143127918243408,64.0,32.0,0.5,0.0332992486655712,32,0.0,69,1,2,shapley-20260606T022253Z-96f1abeb,shapley,baseline
21,10101,3,0.2000000029802322,-0.9309390187263488,1.0408356189727783,0.1741881370544433,64.0,32.0,0.5,0.0301190819591283,32,0.0,69,1,2,shapley-20260606T022253Z-96f1abeb,shapley,baseline
22,1101,3,0.2000000029802322,-0.1456165164709091,0.0321484543383121,0.0109442844986915,32.0,0.0,1.0,0.0082989782094955,0,0.0,69,1,2,shapley-20260606T022253Z-96f1abeb,shapley,baseline
23,11101,4,0.4000000059604645,-0.0917184054851532,0.0175701305270195,0.0091578643769025,64.0,32.0,0.5,0.0143535127863287,32,0.0,69,1,2,shapley-20260606T022253Z-96f1abeb,shapley,baseline
24,11,2,0.2000000029802322,-1.1701858043670654,1.5650092363357544,0.1956744194030761,64.0,32.0,0.5,0.0318628065288066,32,0.0,69,1,2,shapley-20260606T022253Z-96f1abeb,shapley,baseline
25,10011,3,0.2000000029802322,-1.2320332527160645,1.7675389051437378,0.2496329545974731,32.0,0.0,1.0,0.0358593538403511,0,0.0,69,1,2,shapley-20260606T022253Z-96f1abeb,shapley,baseline
26,1011,3,0.2000000029802322,-0.2467477023601532,0.0713247656822204,0.0104403384029865,32.0,0.0,1.0,0.0081289522349834,0,0.0,69,1,2,shapley-20260606T022253Z-96f1abeb,shapley,baseline
27,11011,4,0.4000000059604645,-0.1734477281570434,0.0369349755346775,0.0068508610129356,32.0,0.0,1.0,0.0125497076660394,0,0.0,69,1,2,shapley-20260606T022253Z-96f1abeb,shapley,baseline
28,111,3,0.2000000029802322,-0.952100396156311,1.056683897972107,0.1501887440681457,160.0,32.0,0.800000011920929,0.0280387792736291,128,0.0,69,1,2,shapley-20260606T022253Z-96f1abeb,shapley,baseline
29,10111,4,0.4000000059604645,-0.7629005908966064,0.76250159740448,0.1804842948913574,128.0,32.0,0.75,0.0602813512086868,96,0.0,69,1,2,shapley-20260606T022253Z-96f1abeb,shapley,baseline
30,1111,4,0.4000000059604645,-0.0772676914930343,0.0090521369129419,0.0030818409286439,64.0,32.0,0.5,0.008746463805437,32,0.0,69,1,2,shapley-20260606T022253Z-96f1abeb,shapley,baseline
31,11111,5,1.0,0.0,0.0,0.0,32.0,0.0,1.0,0.0010000000474974,0,0.0,69,1,2,shapley-20260606T022253Z-96f1abeb,shapley,baseline
0,0,0,1.0,-1.570772409439087,2.889547824859619,0.4222218990325928,256.0,256.0,0.6363636255264282,0.2026104927062988,448,0.0,89,2,3,shapley-20260606T022253Z-96f1abeb,shapley,baseline
1,10000,1,0.4000000059604645,-1.464782476425171,2.5187666416168213,0.3731789588928222,256.0,256.0,0.3846153914928436,0.076816089451313,160,0.0,89,2,3,shapley-20260606T022253Z-96f1abeb,shapley,baseline
2,1000,1,0.4000000059604645,-0.479207843542099,0.2748312950134277,0.0451911389827728,128.0,64.0,0.5,0.0273833181709051,64,0.0,89,2,3,shapley-20260606T022253Z-96f1abeb,shapley,baseline
3,11000,2,0.2000000029802322,-0.3589335083961487,0.1591480523347854,0.0303147882223129,96.0,64.0,0.3333333432674408,0.0118043841794133,32,0.0,89,2,3,shapley-20260606T022253Z-96f1abeb,shapley,baseline
4,100,1,0.4000000059604645,-1.3113291263580322,2.042799234390259,0.323215126991272,224.0,64.0,0.7142857313156128,0.071558378636837,160,0.0,89,2,3,shapley-20260606T022253Z-96f1abeb,shapley,baseline
5,10100,2,0.2000000029802322,-1.0866742134094238,1.3153860569000244,0.134525179862976,64.0,32.0,0.5,0.0237601194530725,32,0.0,89,2,3,shapley-20260606T022253Z-96f1abeb,shapley,baseline
6,1100,2,0.2000000029802322,-0.2297774851322174,0.0699972808361053,0.0171995870769023,64.0,32.0,0.5,0.0091382637619972,0,0.0,89,2,3,shapley-20260606T022253Z-96f1abeb,shapley,baseline
7,11100,3,0.2000000029802322,-0.1425258815288543,0.0330885760486125,0.0127749498933553,64.0,32.0,0.5,0.0080137830227613,32,0.0,89,2,3,shapley-20260606T022253Z-96f1abeb,shapley,baseline
8,10,1,0.4000000059604645,-1.318287014961243,2.0162315368652344,0.278350830078125,256.0,192.0,0.3333333432674408,0.0664785429835319,96,0.0,89,2,3,shapley-20260606T022253Z-96f1abeb,shapley,baseline
9,10010,2,0.2000000029802322,-1.1659207344055176,1.5255639553070068,0.1661927700042724,128.0,32.0,0.75,0.0262975711375474,0,0.0,89,2,3,shapley-20260606T022253Z-96f1abeb,shapley,baseline
10,1010,2,0.2000000029802322,-0.3644556403160095,0.1553376317024231,0.0225097239017486,32.0,0.0,1.0,0.0103101758286356,0,0.0,89,2,3,shapley-20260606T022253Z-96f1abeb,shapley,baseline
11,11010,3,0.2000000029802322,-0.237513780593872,0.0736717283725738,0.0172589309513568,64.0,32.0,0.5,0.009152291342616,0,0.0,89,2,3,shapley-20260606T022253Z-96f1abeb,shapley,baseline
12,110,2,0.2000000029802322,-1.002314567565918,1.1386325359344482,0.1339980363845825,96.0,32.0,0.6666666865348816,0.0237154811620712,0,0.0,89,2,3,shapley-20260606T022253Z-96f1abeb,shapley,baseline
13,10110,3,0.2000000029802322,-0.9564981460571288,1.0599603652954102,0.1450716853141784,96.0,64.0,0.3333333432674408,0.024635462090373,32,0.0,89,2,3,shapley-20260606T022253Z-96f1abeb,shapley,baseline
14,1110,3,0.2000000029802322,-0.1058421581983566,0.0209955014288425,0.0097929388284683,160.0,64.0,0.6000000238418579,0.0071408613584935,96,0.0,89,2,3,shapley-20260606T022253Z-96f1abeb,shapley,baseline
15,11110,4,0.4000000059604645,-0.0447980053722858,0.0071620810776948,0.0051552196964621,96.0,64.0,0.3333333432674408,0.009910998865962,32,0.0,89,2,3,shapley-20260606T022253Z-96f1abeb,shapley,baseline
16,1,1,0.4000000059604645,-1.4036788940429688,2.3647220134735107,0.3944076299667358,128.0,64.0,0.5,0.0789426937699318,64,0.0,89,2,3,shapley-20260606T022253Z-96f1abeb,shapley,baseline
17,10001,2,0.2000000029802322,-1.376586675643921,2.247490644454956,0.3524997234344482,96.0,64.0,0.3333333432674408,0.037842757999897,32,0.0,89,2,3,shapley-20260606T022253Z-96f1abeb,shapley,baseline
18,1001,2,0.2000000029802322,-0.3720362186431885,0.1613084822893142,0.0228975415229797,64.0,32.0,0.5,0.0103900348767638,0,0.0,89,2,3,shapley-20260606T022253Z-96f1abeb,shapley,baseline
19,11001,3,0.2000000029802322,-0.2578012347221374,0.0757799372076988,0.0093184635043144,32.0,0.0,1.0,0.0069902497343719,0,0.0,89,2,3,shapley-20260606T022253Z-96f1abeb,shapley,baseline
20,101,2,0.2000000029802322,-1.155820369720459,1.5502334833145142,0.2143127918243408,64.0,32.0,0.5,0.0297274310141801,0,0.0,89,2,3,shapley-20260606T022253Z-96f1abeb,shapley,baseline
21,10101,3,0.2000000029802322,-1.0162386894226074,1.3056451082229614,0.2729040384292602,192.0,64.0,0.6666666865348816,0.0334173664450645,128,0.0,89,2,3,shapley-20260606T022253Z-96f1abeb,shapley,baseline
22,1101,3,0.2000000029802322,-0.1456165164709091,0.0321484543383121,0.0109442844986915,32.0,0.0,1.0,0.0074918195605278,0,0.0,89,2,3,shapley-20260606T022253Z-96f1abeb,shapley,baseline
23,11101,4,0.4000000059604645,-0.0989691242575645,0.021421430632472,0.0116265434771776,128.0,64.0,0.5,0.0143822161480784,64,0.0,89,2,3,shapley-20260606T022253Z-96f1abeb,shapley,baseline
24,11,2,0.2000000029802322,-1.2638893127441406,1.8982439041137693,0.3008277416229248,96.0,64.0,0.3333333432674408,0.0350354649126529,32,0.0,89,2,3,shapley-20260606T022253Z-96f1abeb,shapley,baseline
25,10011,3,0.2000000029802322,-1.2320332527160645,1.7675389051437378,0.2496329545974731,32.0,0.0,1.0,0.0320044234395027,0,0.0,89,2,3,shapley-20260606T022253Z-96f1abeb,shapley,baseline
26,1011,3,0.2000000029802322,-0.2467477023601532,0.0713247656822204,0.0104403384029865,32.0,0.0,1.0,0.0073405955918133,0,0.0,89,2,3,shapley-20260606T022253Z-96f1abeb,shapley,baseline
27,11011,4,0.4000000059604645,-0.167995885014534,0.0335627198219299,0.005340103060007,96.0,32.0,0.6666666865348816,0.0100693795830011,64,0.0,89,2,3,shapley-20260606T022253Z-96f1abeb,shapley,baseline
28,111,3,0.2000000029802322,-0.952100396156311,1.056683897972107,0.1501887440681457,160.0,32.0,0.800000011920929,0.0250486899167299,0,0.0,89,2,3,shapley-20260606T022253Z-96f1abeb,shapley,baseline
29,10111,4,0.4000000059604645,-0.7629005908966064,0.76250159740448,0.1804842948913574,128.0,32.0,0.75,0.0537257120013237,0,0.0,89,2,3,shapley-20260606T022253Z-96f1abeb,shapley,baseline
30,1111,4,0.4000000059604645,-0.0686473995447158,0.0077720968984067,0.0030596312135457,96.0,64.0,0.3333333432674408,0.007864948362112,32,0.0,89,2,3,shapley-20260606T022253Z-96f1abeb,shapley,baseline
31,11111,5,1.0,0.0,0.0,0.0,32.0,0.0,1.0,0.0010000000474974,0,0.0,89,2,3,shapley-20260606T022253Z-96f1abeb,shapley,baseline
0,0,0,1.0,-1.7336359024047852,3.603036403656006,0.5975430011749268,256.0,256.0,0.529411792755127,0.1995504051446914,288,0.0,109,3,4,shapley-20260606T022253Z-96f1abeb,shapley,baseline
1,10000,1,0.4000000059604645,-1.6068079471588137,3.1616287231445312,0.5797970294952393,256.0,256.0,0.3846153914928436,0.0792319551110267,160,0.0,109,3,4,shapley-20260606T022253Z-96f1abeb,shapley,baseline
2,1000,1,0.4000000059604645,-0.479207843542099,0.2748312950134277,0.0451911389827728,128.0,64.0,0.5,0.0228410176932811,0,0.0,109,3,4,shapley-20260606T022253Z-96f1abeb,shapley,baseline
3,11000,2,0.2000000029802322,-0.3589335083961487,0.1591480523347854,0.0303147882223129,96.0,64.0,0.3333333432674408,0.0099442405626177,0,0.0,109,3,4,shapley-20260606T022253Z-96f1abeb,shapley,baseline
4,100,1,0.4000000059604645,-1.462301254272461,2.59473180770874,0.456406831741333,256.0,224.0,0.3636363744735718,0.0704100430011749,128,0.0,109,3,4,shapley-20260606T022253Z-96f1abeb,shapley,baseline
5,10100,2,0.2000000029802322,-1.2754915952682495,2.0037484169006348,0.3768695592880249,128.0,64.0,0.5,0.0325363688170909,64,0.0,109,3,4,shapley-20260606T022253Z-96f1abeb,shapley,baseline
6,1100,2,0.2000000029802322,-0.2297774851322174,0.0699972808361053,0.0171995870769023,64.0,32.0,0.5,0.0077371345832943,0,0.0,109,3,4,shapley-20260606T022253Z-96f1abeb,shapley,baseline
7,11100,3,0.2000000029802322,-0.1358343064785003,0.0297885537147521,0.0113375950604677,96.0,64.0,0.3333333432674408,0.0064698662608861,32,0.0,109,3,4,shapley-20260606T022253Z-96f1abeb,shapley,baseline
8,10,1,0.4000000059604645,-1.475559949874878,2.648707389831543,0.4714303016662597,256.0,256.0,0.3846153914928436,0.071543164551258,160,0.0,109,3,4,shapley-20260606T022253Z-96f1abeb,shapley,baseline
9,10010,2,0.2000000029802322,-1.1659207344055176,1.5255639553070068,0.1661927700042724,128.0,32.0,0.75,0.0219421982765197,0,0.0,109,3,4,shapley-20260606T022253Z-96f1abeb,shapley,baseline
10,1010,2,0.2000000029802322,-0.3644556403160095,0.1553376317024231,0.0225097239017486,32.0,0.0,1.0,0.0087072821334004,0,0.0,109,3,4,shapley-20260606T022253Z-96f1abeb,shapley,baseline
11,11010,3,0.2000000029802322,-0.237513780593872,0.0736717283725738,0.0172589309513568,64.0,32.0,0.5,0.0077487472444772,0,0.0,109,3,4,shapley-20260606T022253Z-96f1abeb,shapley,baseline
12,110,2,0.2000000029802322,-1.082889199256897,1.4129050970077517,0.2402560710906982,128.0,96.0,0.25,0.0261798650026321,32,0.0,109,3,4,shapley-20260606T022253Z-96f1abeb,shapley,baseline
13,10110,3,0.2000000029802322,-1.0255439281463623,1.2797871828079224,0.2280467748641967,160.0,96.0,0.4000000059604645,0.0255317296832799,64,0.0,109,3,4,shapley-20260606T022253Z-96f1abeb,shapley,baseline
14,1110,3,0.2000000029802322,-0.1058421581983566,0.0209955014288425,0.0097929388284683,160.0,64.0,0.6000000238418579,0.0060836160555481,0,0.0,109,3,4,shapley-20260606T022253Z-96f1abeb,shapley,baseline
15,11110,4,0.4000000059604645,-0.0447980053722858,0.0071620810776948,0.0051552196964621,96.0,64.0,0.3333333432674408,0.0083768302574753,0,0.0,109,3,4,shapley-20260606T022253Z-96f1abeb,shapley,baseline
16,1,1,0.4000000059604645,-1.4679479598999023,2.6437768936157227,0.488905668258667,160.0,128.0,0.2000000029802322,0.0728387460112571,32,0.0,109,3,4,shapley-20260606T022253Z-96f1abeb,shapley,baseline
17,10001,2,0.2000000029802322,-1.4690372943878174,2.630280017852783,0.4722094535827636,128.0,96.0,0.25,0.0363007187843322,32,0.0,109,3,4,shapley-20260606T022253Z-96f1abeb,shapley,baseline
18,1001,2,0.2000000029802322,-0.3720362186431885,0.1613084822893142,0.0228975415229797,64.0,32.0,0.5,0.008773392997682,0,0.0,109,3,4,shapley-20260606T022253Z-96f1abeb,shapley,baseline
19,11001,3,0.2000000029802322,-0.265699177980423,0.0854159817099571,0.0148199275135993,64.0,32.0,0.5,0.0072537316009402,32,0.0,109,3,4,shapley-20260606T022253Z-96f1abeb,shapley,baseline
20,101,2,0.2000000029802322,-1.2685627937316897,1.9350959062576292,0.3258442878723144,96.0,64.0,0.3333333432674408,0.0303238667547702,32,0.0,109,3,4,shapley-20260606T022253Z-96f1abeb,shapley,baseline
21,10101,3,0.2000000029802322,-1.108557939529419,1.6192272901535034,0.3903266191482544,256.0,192.0,0.4545454680919647,0.033094473183155,160,0.0,109,3,4,shapley-20260606T022253Z-96f1abeb,shapley,baseline
22,1101,3,0.2000000029802322,-0.1456165164709091,0.0321484543383121,0.0109442844986915,32.0,0.0,1.0,0.0063741514459252,0,0.0,109,3,4,shapley-20260606T022253Z-96f1abeb,shapley,baseline
23,11101,4,0.4000000059604645,-0.0989691242575645,0.021421430632472,0.0116265434771776,128.0,64.0,0.5,0.012078259140253,0,0.0,109,3,4,shapley-20260606T022253Z-96f1abeb,shapley,baseline
24,11,2,0.2000000029802322,-1.4972225427627563,2.795843601226806,0.5541682243347168,160.0,96.0,0.4000000059604645,0.0392416790127754,64,0.0,109,3,4,shapley-20260606T022253Z-96f1abeb,shapley,baseline
25,10011,3,0.2000000029802322,-1.4415764808654783,2.736180543899536,0.6580379009246826,192.0,32.0,0.8333333134651184,0.0426717400550842,160,0.0,109,3,4,shapley-20260606T022253Z-96f1abeb,shapley,baseline
26,1011,3,0.2000000029802322,-0.2467477023601532,0.0713247656822204,0.0104403384029865,32.0,0.0,1.0,0.0062489630654454,0,0.0,109,3,4,shapley-20260606T022253Z-96f1abeb,shapley,baseline
27,11011,4,0.4000000059604645,-0.167995885014534,0.0335627198219299,0.005340103060007,96.0,32.0,0.6666666865348816,0.0085079437121748,0,0.0,109,3,4,shapley-20260606T022253Z-96f1abeb,shapley,baseline
28,111,3,0.2000000029802322,-1.0113476514816284,1.2220152616500854,0.1991912126541137,224.0,160.0,0.2857142984867096,0.0239272136241197,64,0.0,109,3,4,shapley-20260606T022253Z-96f1abeb,shapley,baseline
29,10111,4,0.4000000059604645,-0.8869744539260864,1.1147927045822144,0.3280690312385559,224.0,128.0,0.4285714328289032,0.059847604483366,96,0.0,109,3,4,shapley-20260606T022253Z-96f1abeb,shapley,baseline
30,1111,4,0.4000000059604645,-0.0686473995447158,0.0077720968984067,0.0030596312135457,96.0,64.0,0.3333333432674408,0.0066830404102802,0,0.0,109,3,4,shapley-20260606T022253Z-96f1abeb,shapley,baseline
31,11111,5,1.0,0.0,0.0,0.0,32.0,0.0,1.0,0.0010000000474974,0,0.0,109,3,4,shapley-20260606T022253Z-96f1abeb,shapley,baseline
0,0,0,1.0,-1.8105953931808472,4.026381015777588,0.7481253147125244,256.0,256.0,0.6521739363670349,0.2101216912269592,480,0.0,129,4,5,shapley-20260606T022253Z-96f1abeb,shapley,baseline
1,10000,1,0.4000000059604645,-1.6068079471588137,3.1616287231445312,0.5797970294952393,256.0,256.0,0.3846153914928436,0.0746393427252769,0,0.0,129,4,5,shapley-20260606T022253Z-96f1abeb,shapley,baseline
2,1000,1,0.4000000059604645,-0.479207843542099,0.2748312950134277,0.0451911389827728,128.0,64.0,0.5,0.0215588379651308,0,0.0,129,4,5,shapley-20260606T022253Z-96f1abeb,shapley,baseline
3,11000,2,0.2000000029802322,-0.3589335083961487,0.1591480523347854,0.0303147882223129,96.0,64.0,0.3333333432674408,0.0094191683456301,0,0.0,129,4,5,shapley-20260606T022253Z-96f1abeb,shapley,baseline
4,100,1,0.4000000059604645,-1.462301254272461,2.59473180770874,0.456406831741333,256.0,224.0,0.3636363744735718,0.0663353130221366,0,0.0,129,4,5,shapley-20260606T022253Z-96f1abeb,shapley,baseline
5,10100,2,0.2000000029802322,-1.284740686416626,2.020082473754883,0.3695238828659057,160.0,128.0,0.2000000029802322,0.0303943026810884,32,0.0,129,4,5,shapley-20260606T022253Z-96f1abeb,shapley,baseline
6,1100,2,0.2000000029802322,-0.2053949832916259,0.0588758401572704,0.0166887417435646,96.0,64.0,0.3333333432674408,0.0072467438876628,32,0.0,129,4,5,shapley-20260606T022253Z-96f1abeb,shapley,baseline
7,11100,3,0.2000000029802322,-0.1358343064785003,0.0297885537147521,0.0113375950604677,96.0,64.0,0.3333333432674408,0.0061487569473683,0,0.0,129,4,5,shapley-20260606T022253Z-96f1abeb,shapley,baseline
8,10,1,0.4000000059604645,-1.5686860084533691,3.028592824935913,0.567816972732544,256.0,256.0,0.3333333432674408,0.0738745778799057,128,0.0,129,4,5,shapley-20260606T022253Z-96f1abeb,shapley,baseline
9,10010,2,0.2000000029802322,-1.1659207344055176,1.5255639553070068,0.1661927700042724,128.0,32.0,0.75,0.0207127835601568,0,0.0,129,4,5,shapley-20260606T022253Z-96f1abeb,shapley,baseline
10,1010,2,0.2000000029802322,-0.3644556403160095,0.1553376317024231,0.0225097239017486,32.0,0.0,1.0,0.0082548251375556,0,0.0,129,4,5,shapley-20260606T022253Z-96f1abeb,shapley,baseline
11,11010,3,0.2000000029802322,-0.237513780593872,0.0736717283725738,0.0172589309513568,64.0,32.0,0.5,0.0073525612242519,0,0.0,129,4,5,shapley-20260606T022253Z-96f1abeb,shapley,baseline
12,110,2,0.2000000029802322,-1.145018219947815,1.597494125366211,0.28642737865448,160.0,128.0,0.2000000029802322,0.0268790982663631,32,0.0,129,4,5,shapley-20260606T022253Z-96f1abeb,shapley,baseline
13,10110,3,0.2000000029802322,-1.052060604095459,1.3664238452911377,0.2595922946929931,192.0,160.0,0.1666666716337204,0.0256369970738887,32,0.0,129,4,5,shapley-20260606T022253Z-96f1abeb,shapley,baseline
14,1110,3,0.2000000029802322,-0.1058421581983566,0.0209955014288425,0.0097929388284683,160.0,64.0,0.6000000238418579,0.0057851816527545,0,0.0,129,4,5,shapley-20260606T022253Z-96f1abeb,shapley,baseline
15,11110,4,0.4000000059604645,-0.0397660955786705,0.0058557344600558,0.0042743920348584,128.0,96.0,0.25,0.0073227947577834,32,0.0,129,4,5,shapley-20260606T022253Z-96f1abeb,shapley,baseline
16,1,1,0.4000000059604645,-1.5723615884780884,3.091911792755127,0.6195907592773438,256.0,160.0,0.375,0.0771244838833808,96,0.0,129,4,5,shapley-20260606T022253Z-96f1abeb,shapley,baseline
17,10001,2,0.2000000029802322,-1.5625741481781006,3.123673439025879,0.6820354461669922,256.0,128.0,0.6000000238418579,0.0409342348575592,192,0.0,129,4,5,shapley-20260606T022253Z-96f1abeb,shapley,baseline
18,1001,2,0.2000000029802322,-0.3360972702503204,0.1386196315288543,0.0256582573056221,96.0,64.0,0.3333333432674408,0.0087456069886684,32,0.0,129,4,5,shapley-20260606T022253Z-96f1abeb,shapley,baseline
19,11001,3,0.2000000029802322,-0.2629141211509704,0.0886617004871368,0.01953786611557,96.0,64.0,0.3333333432674408,0.0077589689753949,32,0.0,129,4,5,shapley-20260606T022253Z-96f1abeb,shapley,baseline
20,101,2,0.2000000029802322,-1.2692049741744995,1.9229768514633176,0.3120956420898437,128.0,96.0,0.25,0.0280138030648231,32,0.0,129,4,5,shapley-20260606T022253Z-96f1abeb,shapley,baseline
21,10101,3,0.2000000029802322,-1.153662919998169,1.7702291011810305,0.4392910003662109,256.0,256.0,0.2727272808551788,0.0330492593348026,96,0.0,129,4,5,shapley-20260606T022253Z-96f1abeb,shapley,baseline
22,1101,3,0.2000000029802322,-0.1456165164709091,0.0321484543383121,0.0109442844986915,32.0,0.0,1.0,0.0060586612671613,0,0.0,129,4,5,shapley-20260606T022253Z-96f1abeb,shapley,baseline
23,11101,4,0.4000000059604645,-0.0989691242575645,0.021421430632472,0.0116265434771776,128.0,64.0,0.5,0.0114279082044959,0,0.0,129,4,5,shapley-20260606T022253Z-96f1abeb,shapley,baseline
24,11,2,0.2000000029802322,-1.5102084875106812,2.880279779434204,0.5995500087738037,192.0,160.0,0.1666666716337204,0.0384416133165359,32,0.0,129,4,5,shapley-20260606T022253Z-96f1abeb,shapley,baseline
25,10011,3,0.2000000029802322,-1.4134668111801147,2.6480841636657715,0.6501957178115845,256.0,192.0,0.25,0.0399909578263759,64,0.0,129,4,5,shapley-20260606T022253Z-96f1abeb,shapley,baseline
26,1011,3,0.2000000029802322,-0.2218439877033233,0.0600474998354911,0.0108327455818653,96.0,32.0,0.6666666865348816,0.0060328170657157,64,0.0,129,4,5,shapley-20260606T022253Z-96f1abeb,shapley,baseline
27,11011,4,0.4000000059604645,-0.167995885014534,0.0335627198219299,0.005340103060007,96.0,32.0,0.6666666865348816,0.00806718878448,0,0.0,129,4,5,shapley-20260606T022253Z-96f1abeb,shapley,baseline
28,111,3,0.2000000029802322,-1.050755739212036,1.3883060216903689,0.284218430519104,256.0,224.0,0.2222222238779068,0.0267791152000427,64,0.0,129,4,5,shapley-20260606T022253Z-96f1abeb,shapley,baseline
29,10111,4,0.4000000059604645,-0.9302300810813904,1.219359040260315,0.3540310263633728,256.0,224.0,0.3636363744735718,0.058543000370264,128,0.0,129,4,5,shapley-20260606T022253Z-96f1abeb,shapley,baseline
30,1111,4,0.4000000059604645,-0.0686473995447158,0.0077720968984067,0.0030596312135457,96.0,64.0,0.3333333432674408,0.006349416449666,0,0.0,129,4,5,shapley-20260606T022253Z-96f1abeb,shapley,baseline
31,11111,5,1.0,0.0,0.0,0.0,32.0,0.0,1.0,0.0010000000474974,0,0.0,129,4,5,shapley-20260606T022253Z-96f1abeb,shapley,baseline
0,0,0,1.0,-2.0392956733703613,5.21672248840332,1.0579957962036133,256.0,246.04397583007807,0.6754225492477417,0.2201717495918274,512,0.0388907199128577,169,5,6,shapley-20260606T022253Z-96f1abeb,shapley,baseline
1,10000,1,0.4000000059604645,-1.708319067955017,3.6408941745758057,0.7225401401519775,256.0,246.04397583007807,0.3940459787845611,0.0734492018818855,160,0.0388907199128577,169,5,6,shapley-20260606T022253Z-96f1abeb,shapley,baseline
2,1000,1,0.4000000059604645,-0.479207843542099,0.2748312950134277,0.0451911389827728,128.0,64.0,0.5,0.0191187914460897,0,0.0388907199128577,169,5,6,shapley-20260606T022253Z-96f1abeb,shapley,baseline
3,11000,2,0.2000000029802322,-0.3589335083961487,0.1591480523347854,0.0303147882223129,96.0,64.0,0.3333333432674408,0.008419930934906,0,0.0388907199128577,169,5,6,shapley-20260606T022253Z-96f1abeb,shapley,baseline
4,100,1,0.4000000059604645,-1.5672078132629397,3.0460071563720703,0.5898668766021729,256.0,246.04397583007807,0.2806656658649444,0.0664605423808097,96,0.0388907199128577,169,5,6,shapley-20260606T022253Z-96f1abeb,shapley,baseline
5,10100,2,0.2000000029802322,-1.284740686416626,2.020082473754883,0.3695238828659057,160.0,128.0,0.2000000029802322,0.0269056111574172,0,0.0388907199128577,169,5,6,shapley-20260606T022253Z-96f1abeb,shapley,baseline
6,1100,2,0.2000000029802322,-0.2053949832916259,0.0588758401572704,0.0166887417435646,96.0,64.0,0.3333333432674408,0.006505343131721,0,0.0388907199128577,169,5,6,shapley-20260606T022253Z-96f1abeb,shapley,baseline
7,11100,3,0.2000000029802322,-0.1358343064785003,0.0297885537147521,0.0113375950604677,96.0,64.0,0.3333333432674408,0.0055376715026795,0,0.0388907199128577,169,5,6,shapley-20260606T022253Z-96f1abeb,shapley,baseline
8,10,1,0.4000000059604645,-1.6806364059448242,3.5761590003967285,0.7516202926635742,256.0,246.04397583007807,0.2064223289489746,0.0748927518725395,64,0.0388907199128577,169,5,6,shapley-20260606T022253Z-96f1abeb,shapley,baseline
9,10010,2,0.2000000029802322,-1.4336122274398804,2.7634549140930176,0.7082109451293945,187.02198791503903,123.02198791503906,0.3422057628631592,0.0368635989725589,64,0.0388907199128577,169,5,6,shapley-20260606T022253Z-96f1abeb,shapley,baseline
10,1010,2,0.2000000029802322,-0.3644556403160095,0.1553376317024231,0.0225097239017486,32.0,0.0,1.0,0.0073937801644206,0,0.0388907199128577,169,5,6,shapley-20260606T022253Z-96f1abeb,shapley,baseline
11,11010,3,0.2000000029802322,-0.237513780593872,0.0736717283725738,0.0172589309513568,64.0,32.0,0.5,0.0065986015833914,0,0.0388907199128577,169,5,6,shapley-20260606T022253Z-96f1abeb,shapley,baseline
12,110,2,0.2000000029802322,-1.233521819114685,1.925875425338745,0.4042993783950805,217.7774810791016,153.77748107910156,0.2938779592514038,0.0280971825122833,64,0.0388907199128577,169,5,6,shapley-20260606T022253Z-96f1abeb,shapley,baseline
13,10110,3,0.2000000029802322,-1.1074635982513428,1.5561169385910034,0.3296413421630859,216.53298950195312,184.53298950195312,0.147783488035202,0.0254677161574363,32,0.0388907199128577,169,5,6,shapley-20260606T022253Z-96f1abeb,shapley,baseline
14,1110,3,0.2000000029802322,-0.1001490950584411,0.0192795377224683,0.0092496965080499,185.7774810791016,153.77748107910156,0.1722490787506103,0.0050986078567802,32,0.0388907199128577,169,5,6,shapley-20260606T022253Z-96f1abeb,shapley,baseline
15,11110,4,0.4000000059604645,-0.0397660955786705,0.0058557344600558,0.0042743920348584,128.0,96.0,0.25,0.0065723680891096,0,0.0388907199128577,169,5,6,shapley-20260606T022253Z-96f1abeb,shapley,baseline
16,1,1,0.4000000059604645,-1.757165789604187,3.963244199752808,0.8756124973297119,256.0,246.04397583007807,0.4765511453151703,0.0807551220059394,224,0.0388907199128577,169,5,6,shapley-20260606T022253Z-96f1abeb,shapley,baseline
17,10001,2,0.2000000029802322,-1.5625741481781006,3.123673439025879,0.6820354461669922,256.0,128.0,0.6000000238418579,0.0361946001648902,0,0.0388907199128577,169,5,6,shapley-20260606T022253Z-96f1abeb,shapley,baseline
18,1001,2,0.2000000029802322,-0.3373859226703644,0.1422774791717529,0.0284482166171073,124.26649475097656,92.26649475097656,0.2575110793113708,0.0081878686323761,32,0.0388907199128577,169,5,6,shapley-20260606T022253Z-96f1abeb,shapley,baseline
19,11001,3,0.2000000029802322,-0.2629141211509704,0.0886617004871368,0.01953786611557,96.0,64.0,0.3333333432674408,0.0069567738100886,0,0.0388907199128577,169,5,6,shapley-20260606T022253Z-96f1abeb,shapley,baseline
20,101,2,0.2000000029802322,-1.398669958114624,2.459293365478516,0.5030157566070557,219.02198791503903,123.02198791503906,0.4383121430873871,0.0312247946858406,96,0.0388907199128577,169,5,6,shapley-20260606T022253Z-96f1abeb,shapley,baseline
21,10101,3,0.2000000029802322,-1.2055439949035645,1.9412193298339844,0.4878829717636108,256.0,246.04397583007807,0.2064223289489746,0.0307666808366775,64,0.0388907199128577,169,5,6,shapley-20260606T022253Z-96f1abeb,shapley,baseline
22,1101,3,0.2000000029802322,-0.1456165164709091,0.0321484543383121,0.0109442844986915,32.0,0.0,1.0,0.005458268802613,0,0.0388907199128577,169,5,6,shapley-20260606T022253Z-96f1abeb,shapley,baseline
23,11101,4,0.4000000059604645,-0.0989691242575645,0.021421430632472,0.0116265434771776,128.0,64.0,0.5,0.0101902615278959,0,0.0388907199128577,169,5,6,shapley-20260606T022253Z-96f1abeb,shapley,baseline
24,11,2,0.2000000029802322,-1.5470645427703855,2.972428321838379,0.5790195465087891,248.53298950195312,184.53298950195312,0.2575110793113708,0.0334279276430606,64,0.0388907199128577,169,5,6,shapley-20260606T022253Z-96f1abeb,shapley,baseline
25,10011,3,0.2000000029802322,-1.4134668111801147,2.6480841636657715,0.6501957178115845,256.0,192.0,0.25,0.0353632792830467,0,0.0388907199128577,169,5,6,shapley-20260606T022253Z-96f1abeb,shapley,baseline
26,1011,3,0.2000000029802322,-0.2218439877033233,0.0600474998354911,0.0108327455818653,96.0,32.0,0.6666666865348816,0.0054354923777282,0,0.0388907199128577,169,5,6,shapley-20260606T022253Z-96f1abeb,shapley,baseline
27,11011,4,0.4000000059604645,-0.167995885014534,0.0335627198219299,0.005340103060007,96.0,32.0,0.6666666865348816,0.007228413131088,0,0.0388907199128577,169,5,6,shapley-20260606T022253Z-96f1abeb,shapley,baseline
28,111,3,0.2000000029802322,-1.050755739212036,1.3883060216903689,0.284218430519104,256.0,224.0,0.2222222238779068,0.0237194970250129,0,0.0388907199128577,169,5,6,shapley-20260606T022253Z-96f1abeb,shapley,baseline
29,10111,4,0.4000000059604645,-1.017932653427124,1.5288296937942505,0.4926427602767944,256.0,246.04397583007807,0.2806656658649444,0.060823056846857,96,0.0388907199128577,169,5,6,shapley-20260606T022253Z-96f1abeb,shapley,baseline
30,1111,4,0.4000000059604645,-0.0686473995447158,0.0077720968984067,0.0030596312135457,96.0,64.0,0.3333333432674408,0.0057145161554217,0,0.0388907199128577,169,5,6,shapley-20260606T022253Z-96f1abeb,shapley,baseline
31,11111,5,1.0,0.0,0.0,0.0,32.0,0.0,1.0,0.0010000000474974,0,0.0388907199128577,169,5,6,shapley-20260606T022253Z-96f1abeb,shapley,baseline
0,0,0,1.0,-1.5819865465164185,2.647641658782959,0.1449601650238037,32.0,0.0,1.0,0.1272493153810501,32,0.0,49,0,1,shapley-20260606T022318Z-96361266,shapley,marginal
1,10000,1,0.4000000059604645,-1.3635571002960205,2.0602517127990723,0.2009637355804443,32.0,0.0,1.0,0.0604598112404346,32,0.0,49,0,1,shapley-20260606T022318Z-96361266,shapley,marginal
2,1000,1,0.4000000059604645,-0.7272273898124695,0.6126827597618103,0.0838230848312377,32.0,0.0,1.0,0.0394013486802578,32,0.0,49,0,1,shapley-20260606T022318Z-96361266,shapley,marginal
3,11000,2,0.2000000029802322,-0.5085811018943787,0.3291055858135223,0.0704508423805236,32.0,0.0,1.0,0.0186026394367218,32,0.0,49,0,1,shapley-20260606T022318Z-96361266,shapley,marginal
4,100,1,0.4000000059604645,-1.310791015625,1.9268839359283447,0.2087109088897705,32.0,0.0,1.0,0.0615950599312782,32,0.0,49,0,1,shapley-20260606T022318Z-96361266,shapley,marginal
5,10100,2,0.2000000029802322,-1.2681418657302856,1.9570666551589968,0.3488829135894775,32.0,0.0,1.0,0.0401718914508819,32,0.0,49,0,1,shapley-20260606T022318Z-96361266,shapley,marginal
6,1100,2,0.2000000029802322,-0.4365829527378082,0.2363443076610565,0.0457396358251571,32.0,0.0,1.0,0.0151834227144718,32,0.0,49,0,1,shapley-20260606T022318Z-96361266,shapley,marginal
7,11100,3,0.2000000029802322,-0.3375418782234192,0.188856229186058,0.0749217122793197,32.0,0.0,1.0,0.0191525854170322,32,0.0,49,0,1,shapley-20260606T022318Z-96361266,shapley,marginal
8,10,1,0.4000000059604645,-1.3304903507232666,1.9819273948669436,0.2117228507995605,32.0,0.0,1.0,0.0620307251811027,32,0.0,49,0,1,shapley-20260606T022318Z-96361266,shapley,marginal
9,10010,2,0.2000000029802322,-1.2535823583602903,1.7475411891937256,0.1760724782943725,32.0,0.0,1.0,0.0288279000669717,32,0.0,49,0,1,shapley-20260606T022318Z-96361266,shapley,marginal
10,1010,2,0.2000000029802322,-0.4548234939575195,0.2489869594573974,0.0421225428581237,32.0,0.0,1.0,0.0146110616624355,32,0.0,49,0,1,shapley-20260606T022318Z-96361266,shapley,marginal
11,11010,3,0.2000000029802322,-0.300814688205719,0.1212217733263969,0.0307322964072227,32.0,0.0,1.0,0.0126260500401258,32,0.0,49,0,1,shapley-20260606T022318Z-96361266,shapley,marginal
12,110,2,0.2000000029802322,-1.155806064605713,1.5705386400222778,0.23465096950531,32.0,0.0,1.0,0.0331251993775367,32,0.0,49,0,1,shapley-20260606T022318Z-96361266,shapley,marginal
13,10110,3,0.2000000029802322,-0.9335256814956664,1.0341219902038574,0.162651777267456,32.0,0.0,1.0,0.0277463234961032,32,0.0,49,0,1,shapley-20260606T022318Z-96361266,shapley,marginal
14,1110,3,0.2000000029802322,-0.2162156999111175,0.0943419486284256,0.0475927181541919,32.0,0.0,1.0,0.0154678830876946,32,0.0,49,0,1,shapley-20260606T022318Z-96361266,shapley,marginal
15,11110,4,0.4000000059604645,-0.0827714651823043,0.0164419058710336,0.0095907906070351,32.0,0.0,1.0,0.0139894839376211,32,0.0,49,0,1,shapley-20260606T022318Z-96361266,shapley,marginal
16,1,1,0.4000000059604645,-1.4197207689285278,2.2734124660491943,0.2578053474426269,32.0,0.0,1.0,0.0683458298444747,32,0.0,49,0,1,shapley-20260606T022318Z-96361266,shapley,marginal
17,10001,2,0.2000000029802322,-1.4021302461624146,2.289473295211792,0.323504090309143,32.0,0.0,1.0,0.0387202501296997,32,0.0,49,0,1,shapley-20260606T022318Z-96361266,shapley,marginal
18,1001,2,0.2000000029802322,-0.5857191681861877,0.4196407794952392,0.0765738487243652,32.0,0.0,1.0,0.0193516444414854,32,0.0,49,0,1,shapley-20260606T022318Z-96361266,shapley,marginal
19,11001,3,0.2000000029802322,-0.4404424428939819,0.2332353293895721,0.0392457842826843,32.0,0.0,1.0,0.014138058759272,32,0.0,49,0,1,shapley-20260606T022318Z-96361266,shapley,marginal
20,101,2,0.2000000029802322,-1.35662579536438,2.029059410095215,0.1886258125305175,32.0,0.0,1.0,0.0298028364777565,32,0.0,49,0,1,shapley-20260606T022318Z-96361266,shapley,marginal
21,10101,3,0.2000000029802322,-1.0431525707244873,1.2533015012741089,0.1651341915130615,32.0,0.0,1.0,0.0279496554285287,32,0.0,49,0,1,shapley-20260606T022318Z-96361266,shapley,marginal
22,1101,3,0.2000000029802322,-0.347992479801178,0.1775023937225341,0.0564036294817924,32.0,0.0,1.0,0.0167502779513597,32,0.0,49,0,1,shapley-20260606T022318Z-96361266,shapley,marginal
23,11101,4,0.4000000059604645,-0.1850344836711883,0.0591280199587345,0.0248902589082717,32.0,0.0,1.0,0.0219256710261106,32,0.0,49,0,1,shapley-20260606T022318Z-96361266,shapley,marginal
24,11,2,0.2000000029802322,-1.1991006135940552,1.5852274894714355,0.1473852396011352,32.0,0.0,1.0,0.0264601949602365,32,0.0,49,0,1,shapley-20260606T022318Z-96361266,shapley,marginal
25,10011,3,0.2000000029802322,-1.183574676513672,1.5548574924468994,0.1540085077285766,32.0,0.0,1.0,0.0270259771496057,32,0.0,49,0,1,shapley-20260606T022318Z-96361266,shapley,marginal
26,1011,3,0.2000000029802322,-0.3490557670593261,0.1538107842206955,0.0319708585739135,32.0,0.0,1.0,0.0128580117598176,32,0.0,49,0,1,shapley-20260606T022318Z-96361266,shapley,marginal
27,11011,4,0.4000000059604645,-0.2089863419532776,0.0514708645641803,0.0077955722808837,32.0,0.0,1.0,0.0127108572050929,32,0.0,49,0,1,shapley-20260606T022318Z-96361266,shapley,marginal
28,111,3,0.2000000029802322,-1.1077940464019775,1.3841209411621094,0.1569132804870605,32.0,0.0,1.0,0.0272702705115079,32,0.0,49,0,1,shapley-20260606T022318Z-96361266,shapley,marginal
29,10111,4,0.4000000059604645,-0.8707122802734375,0.8921411633491516,0.1340013146400451,32.0,0.0,1.0,0.0495533496141433,32,0.0,49,0,1,shapley-20260606T022318Z-96361266,shapley,marginal
30,1111,4,0.4000000059604645,-0.1215801760554313,0.0273950099945068,0.0126132704317569,32.0,0.0,1.0,0.0158963035792112,32,0.0,49,0,1,shapley-20260606T022318Z-96361266,shapley,marginal
31,11111,5,1.0,0.0,0.0,0.0,32.0,0.0,1.0,0.0010000000474974,32,0.0,49,0,1,shapley-20260606T022318Z-96361266,shapley,marginal
0,0,0,1.0,-1.745137095451355,3.49991774559021,0.4544143676757812,256.0,31.78609848022461,0.8895495533943176,0.1741939485073089,256,0.0066844486438551,69,1,2,shapley-20260606T022318Z-96361266,shapley,marginal
1,10000,1,0.4000000059604645,-1.5097568035125732,2.591160535812378,0.3117949962615967,63.78609848022461,31.78609848022461,0.5016767382621765,0.0583853758871555,32,0.0066844486438551,69,1,2,shapley-20260606T022318Z-96361266,shapley,marginal
2,1000,1,0.4000000059604645,-0.7190300226211548,0.6564145684242249,0.1394103765487671,63.78609848022461,31.78609848022461,0.5016767382621765,0.0393719784915447,32,0.0066844486438551,69,1,2,shapley-20260606T022318Z-96361266,shapley,marginal
3,11000,2,0.2000000029802322,-0.5085811018943787,0.3291055858135223,0.0704508423805236,32.0,0.0,1.0,0.0146389128640294,0,0.0066844486438551,69,1,2,shapley-20260606T022318Z-96361266,shapley,marginal
4,100,1,0.4000000059604645,-1.5186481475830078,2.7280941009521484,0.4218018054962158,159.78610229492188,31.78609848022461,0.8010709285736084,0.0677453204989433,128,0.0066844486438551,69,1,2,shapley-20260606T022318Z-96361266,shapley,marginal
5,10100,2,0.2000000029802322,-1.315245509147644,2.047348022460937,0.3174772262573242,95.78610229492188,31.78609848022461,0.6681554317474365,0.0299529563635587,64,0.0066844486438551,69,1,2,shapley-20260606T022318Z-96361266,shapley,marginal
6,1100,2,0.2000000029802322,-0.5241494178771973,0.3755780756473541,0.100845456123352,63.78609848022461,31.78609848022461,0.5016767382621765,0.017317920923233,32,0.0066844486438551,69,1,2,shapley-20260606T022318Z-96361266,shapley,marginal
7,11100,3,0.2000000029802322,-0.3486889600753784,0.1768726110458374,0.0552886202931404,95.78610229492188,31.78609848022461,0.6681554317474365,0.0130824362859129,64,0.0066844486438551,69,1,2,shapley-20260606T022318Z-96361266,shapley,marginal
8,10,1,0.4000000059604645,-1.53596830368042,2.7345492839813232,0.3753507137298584,127.78610229492188,31.78609848022461,0.751255452632904,0.0639629736542701,96,0.0066844486438551,69,1,2,shapley-20260606T022318Z-96361266,shapley,marginal
9,10010,2,0.2000000029802322,-1.3550145626068115,2.0611021518707275,0.2250376939773559,63.78609848022461,31.78609848022461,0.5016767382621765,0.0253761038184165,32,0.0066844486438551,69,1,2,shapley-20260606T022318Z-96361266,shapley,marginal
10,1010,2,0.2000000029802322,-0.4898465275764465,0.2983006238937378,0.0583510100841522,63.78609848022461,31.78609848022461,0.5016767382621765,0.013412544503808,32,0.0066844486438551,69,1,2,shapley-20260606T022318Z-96361266,shapley,marginal
11,11010,3,0.2000000029802322,-0.300814688205719,0.1212217733263969,0.0307322964072227,32.0,0.0,1.0,0.010008119046688,0,0.0066844486438551,69,1,2,shapley-20260606T022318Z-96361266,shapley,marginal
12,110,2,0.2000000029802322,-1.2977819442749023,2.008566379547119,0.3243284225463867,95.78610229492188,31.78609848022461,0.6681554317474365,0.0302636958658695,64,0.0066844486438551,69,1,2,shapley-20260606T022318Z-96361266,shapley,marginal
13,10110,3,0.2000000029802322,-1.0210082530975342,1.290557622909546,0.2480998039245605,63.78609848022461,31.78609848022461,0.5016767382621765,0.0265946872532367,32,0.0066844486438551,69,1,2,shapley-20260606T022318Z-96361266,shapley,marginal
14,1110,3,0.2000000029802322,-0.3091170489788055,0.213072121143341,0.1175187677145004,63.78609848022461,31.78609848022461,0.5016767382621765,0.0186153091490268,32,0.0066844486438551,69,1,2,shapley-20260606T022318Z-96361266,shapley,marginal
15,11110,4,0.4000000059604645,-0.1416555941104889,0.0654356330633163,0.0453693270683288,63.78609848022461,31.78609848022461,0.5016767382621765,0.0228901039808988,32,0.0066844486438551,69,1,2,shapley-20260606T022318Z-96361266,shapley,marginal
16,1,1,0.4000000059604645,-1.619458556175232,3.116219282150269,0.4935731887817383,191.78610229492188,31.78609848022461,0.8342627882957458,0.0732008665800094,160,0.0066844486438551,69,1,2,shapley-20260606T022318Z-96361266,shapley,marginal
17,10001,2,0.2000000029802322,-1.4021302461624146,2.289473295211792,0.323504090309143,32.0,0.0,1.0,0.030226482078433,0,0.0066844486438551,69,1,2,shapley-20260606T022318Z-96361266,shapley,marginal
18,1001,2,0.2000000029802322,-0.6368257403373718,0.5054406523704529,0.0998936295509338,95.78610229492188,31.78609848022461,0.6681554317474365,0.0172407310456037,64,0.0066844486438551,69,1,2,shapley-20260606T022318Z-96361266,shapley,marginal
19,11001,3,0.2000000029802322,-0.478116363286972,0.2873320579528808,0.0587368011474609,63.78609848022461,31.78609848022461,0.5016767382621765,0.0134535105898976,32,0.0066844486438551,69,1,2,shapley-20260606T022318Z-96361266,shapley,marginal
20,101,2,0.2000000029802322,-1.35662579536438,2.029059410095215,0.1886258125305175,32.0,0.0,1.0,0.0233170706778764,0,0.0066844486438551,69,1,2,shapley-20260606T022318Z-96361266,shapley,marginal
21,10101,3,0.2000000029802322,-1.1446152925491333,1.5513951778411863,0.241250991821289,95.78610229492188,31.78609848022461,0.6681554317474365,0.0262389443814754,64,0.0066844486438551,69,1,2,shapley-20260606T022318Z-96361266,shapley,marginal
22,1101,3,0.2000000029802322,-0.3688768744468689,0.1975204348564148,0.0614502876996994,63.78609848022461,31.78609848022461,0.5016767382621765,0.013737921603024,32,0.0066844486438551,69,1,2,shapley-20260606T022318Z-96361266,shapley,marginal
23,11101,4,0.4000000059604645,-0.188278317451477,0.0565742030739784,0.0211254768073558,63.78609848022461,31.78609848022461,0.5016767382621765,0.0159372240304946,32,0.0066844486438551,69,1,2,shapley-20260606T022318Z-96361266,shapley,marginal
24,11,2,0.2000000029802322,-1.3475730419158936,2.1174893379211426,0.3015362024307251,63.78609848022461,31.78609848022461,0.5016767382621765,0.0292167067527771,32,0.0066844486438551,69,1,2,shapley-20260606T022318Z-96361266,shapley,marginal
25,10011,3,0.2000000029802322,-1.183574676513672,1.5548574924468994,0.1540085077285766,32.0,0.0,1.0,0.0211654994636774,0,0.0066844486438551,69,1,2,shapley-20260606T022318Z-96361266,shapley,marginal
26,1011,3,0.2000000029802322,-0.3490557670593261,0.1538107842206955,0.0319708585739135,32.0,0.0,1.0,0.0101878475397825,0,0.0066844486438551,69,1,2,shapley-20260606T022318Z-96361266,shapley,marginal
27,11011,4,0.4000000059604645,-0.2246731072664261,0.0619323477149009,0.0114543437957763,63.78609848022461,31.78609848022461,0.5016767382621765,0.0119989635422825,32,0.0066844486438551,69,1,2,shapley-20260606T022318Z-96361266,shapley,marginal
28,111,3,0.2000000029802322,-1.147528886795044,1.5334711074829102,0.2166485786437988,127.78610229492188,31.78609848022461,0.751255452632904,0.0249174311757087,96,0.0066844486438551,69,1,2,shapley-20260606T022318Z-96361266,shapley,marginal
29,10111,4,0.4000000059604645,-0.9947840571403505,1.2151341438293457,0.2255388498306274,159.78610229492188,31.78609848022461,0.8010709285736084,0.0498064570128917,128,0.0066844486438551,69,1,2,shapley-20260606T022318Z-96361266,shapley,marginal
30,1111,4,0.4000000059604645,-0.1215801760554313,0.0273950099945068,0.0126132704317569,32.0,0.0,1.0,0.0125419832766056,0,0.0066844486438551,69,1,2,shapley-20260606T022318Z-96361266,shapley,marginal
31,11111,5,1.0,0.0,0.0,0.0,32.0,0.0,1.0,0.0010000000474974,0,0.0066844486438551,69,1,2,shapley-20260606T022318Z-96361266,shapley,marginal
0,0,0,1.0,-1.722139835357666,3.4906177520751958,0.5248520374298096,256.0,256.0,0.4285714328289032,0.1721727102994918,192,0.0,89,2,3,shapley-20260606T022318Z-96361266,shapley,marginal
1,10000,1,0.4000000059604645,-1.5124397277832031,2.687974452972412,0.4005005359649658,95.78610229492188,63.78609848022461,0.3340777158737182,0.0608105212450027,32,0.0,89,2,3,shapley-20260606T022318Z-96361266,shapley,marginal
2,1000,1,0.4000000059604645,-0.8270702362060547,0.8878992199897766,0.2038540244102478,159.78610229492188,63.78609848022461,0.6008031964302063,0.0436712801456451,96,0.0,89,2,3,shapley-20260606T022318Z-96361266,shapley,marginal
3,11000,2,0.2000000029802322,-0.5734041929244995,0.4457848668098449,0.1169925034046173,96.0,32.0,0.6666666865348816,0.0171631146222352,64,0.0,89,2,3,shapley-20260606T022318Z-96361266,shapley,marginal
4,100,1,0.4000000059604645,-1.5155373811721802,2.7512216567993164,0.4543681144714355,223.78610229492188,159.78610229492188,0.285987377166748,0.0647059455513954,64,0.0,89,2,3,shapley-20260606T022318Z-96361266,shapley,marginal
5,10100,2,0.2000000029802322,-1.315245509147644,2.047348022460937,0.3174772262573242,95.78610229492188,31.78609848022461,0.6681554317474365,0.0276257786899805,0,0.0,89,2,3,shapley-20260606T022318Z-96361266,shapley,marginal
6,1100,2,0.2000000029802322,-0.5191540718078613,0.3632704615592956,0.0937495231628418,95.78610229492188,63.78609848022461,0.3340777158737182,0.0154687352478504,32,0.0,89,2,3,shapley-20260606T022318Z-96361266,shapley,marginal
7,11100,3,0.2000000029802322,-0.3759271502494812,0.207491397857666,0.0661701709032058,159.78610229492188,95.78610229492188,0.4005354642868042,0.0131556233391165,64,0.0,89,2,3,shapley-20260606T022318Z-96361266,shapley,marginal
8,10,1,0.4000000059604645,-1.5500863790512085,2.820245742797852,0.4174778461456299,256.0,127.78610229492188,0.5559684634208679,0.0620650574564933,160,0.0,89,2,3,shapley-20260606T022318Z-96361266,shapley,marginal
9,10010,2,0.2000000029802322,-1.3550145626068115,2.0611021518707275,0.2250376939773559,63.78609848022461,31.78609848022461,0.5016767382621765,0.0234168041497468,0,0.0,89,2,3,shapley-20260606T022318Z-96361266,shapley,marginal
10,1010,2,0.2000000029802322,-0.5129658579826355,0.3452639579772949,0.0821299850940704,95.78610229492188,63.78609848022461,0.3340777158737182,0.0145424408838152,32,0.0,89,2,3,shapley-20260606T022318Z-96361266,shapley,marginal
11,11010,3,0.2000000029802322,-0.300814688205719,0.1212217733263969,0.0307322964072227,32.0,0.0,1.0,0.0092840660363435,0,0.0,89,2,3,shapley-20260606T022318Z-96361266,shapley,marginal
12,110,2,0.2000000029802322,-1.3237568140029907,2.1183528900146484,0.3660207986831665,127.78610229492188,95.78610229492188,0.2504184544086456,0.029588995501399,32,0.0,89,2,3,shapley-20260606T022318Z-96361266,shapley,marginal
13,10110,3,0.2000000029802322,-1.129421949386597,1.5961333513259888,0.3205393552780151,95.78610229492188,63.78609848022461,0.3340777158737182,0.0277538765221834,32,0.0,89,2,3,shapley-20260606T022318Z-96361266,shapley,marginal
14,1110,3,0.2000000029802322,-0.3091170489788055,0.213072121143341,0.1175187677145004,63.78609848022461,31.78609848022461,0.5016767382621765,0.0171994287520647,0,0.0,89,2,3,shapley-20260606T022318Z-96361266,shapley,marginal
15,11110,4,0.4000000059604645,-0.1494242548942566,0.057321049273014,0.034993439912796,159.78610229492188,63.78609848022461,0.6008031964302063,0.0186794754117727,96,0.0,89,2,3,shapley-20260606T022318Z-96361266,shapley,marginal
16,1,1,0.4000000059604645,-1.6390860080718994,3.205440044403076,0.5188372135162354,255.78610229492188,191.78610229492188,0.2502090632915497,0.069075621664524,64,0.0,89,2,3,shapley-20260606T022318Z-96361266,shapley,marginal
17,10001,2,0.2000000029802322,-1.4021302461624146,2.289473295211792,0.323504090309143,32.0,0.0,1.0,0.0278773196041584,0,0.0,89,2,3,shapley-20260606T022318Z-96361266,shapley,marginal
18,1001,2,0.2000000029802322,-0.6804797649383545,0.5939122438430786,0.1308595240116119,223.78610229492188,95.78610229492188,0.5719747543334961,0.0180941987782716,128,0.0,89,2,3,shapley-20260606T022318Z-96361266,shapley,marginal
19,11001,3,0.2000000029802322,-0.5014662742614746,0.3160329461097717,0.0645645260810852,127.78610229492188,63.78609848022461,0.500836968421936,0.0130072347819805,64,0.0,89,2,3,shapley-20260606T022318Z-96361266,shapley,marginal
20,101,2,0.2000000029802322,-1.350902795791626,2.10204553604126,0.2771071195602417,64.0,32.0,0.5,0.0258753895759582,32,0.0,89,2,3,shapley-20260606T022318Z-96361266,shapley,marginal
21,10101,3,0.2000000029802322,-1.1473870277404783,1.640816330909729,0.3243193626403808,159.78610229492188,95.78610229492188,0.4005354642868042,0.027911165729165,64,0.0,89,2,3,shapley-20260606T022318Z-96361266,shapley,marginal
22,1101,3,0.2000000029802322,-0.3688768744468689,0.1975204348564148,0.0614502876996994,63.78609848022461,31.78609848022461,0.5016767382621765,0.0127140749245882,0,0.0,89,2,3,shapley-20260606T022318Z-96361266,shapley,marginal
23,11101,4,0.4000000059604645,-0.2164712101221084,0.0808709859848022,0.0340112000703811,95.78610229492188,63.78609848022461,0.3340777158737182,0.018429584801197,32,0.0,89,2,3,shapley-20260606T022318Z-96361266,shapley,marginal
24,11,2,0.2000000029802322,-1.3475730419158936,2.1174893379211426,0.3015362024307251,63.78609848022461,31.78609848022461,0.5016767382621765,0.0269487090408802,0,0.0,89,2,3,shapley-20260606T022318Z-96361266,shapley,marginal
25,10011,3,0.2000000029802322,-1.3113138675689695,2.005784749984741,0.2862406969070434,64.0,32.0,0.5,0.0262820199131965,32,0.0,89,2,3,shapley-20260606T022318Z-96361266,shapley,marginal
26,1011,3,0.2000000029802322,-0.441723108291626,0.2543594539165497,0.0592401474714279,96.0,32.0,0.6666666865348816,0.0125014912337064,64,0.0,89,2,3,shapley-20260606T022318Z-96361266,shapley,marginal
27,11011,4,0.4000000059604645,-0.247096762061119,0.0745042860507965,0.0134474746882915,127.78610229492188,63.78609848022461,0.500836968421936,0.0119596431031823,64,0.0,89,2,3,shapley-20260606T022318Z-96361266,shapley,marginal
28,111,3,0.2000000029802322,-1.1929035186767578,1.6825826168060305,0.2595638036727905,191.78610229492188,127.78610229492188,0.3337050974369049,0.025075102224946,64,0.0,89,2,3,shapley-20260606T022318Z-96361266,shapley,marginal
29,10111,4,0.4000000059604645,-1.0446919202804563,1.3660838603973389,0.2747026681900024,223.78610229492188,159.78610229492188,0.285987377166748,0.0505344681441783,64,0.0,89,2,3,shapley-20260606T022318Z-96361266,shapley,marginal
30,1111,4,0.4000000059604645,-0.1456527709960937,0.0444626584649086,0.023247929289937,64.0,32.0,0.5,0.0154101401567459,32,0.0,89,2,3,shapley-20260606T022318Z-96361266,shapley,marginal
31,11111,5,1.0,0.0,0.0,0.0,32.0,0.0,1.0,0.0010000000474974,0,0.0,89,2,3,shapley-20260606T022318Z-96361266,shapley,marginal
0,0,0,1.0,-1.7640166282653809,3.8737056255340576,0.7619509696960449,256.0,256.0,0.5,0.189519852399826,256,0.0,109,3,4,shapley-20260606T022318Z-96361266,shapley,marginal
1,10000,1,0.4000000059604645,-1.5124397277832031,2.687974452972412,0.4005005359649658,95.78610229492188,63.78609848022461,0.3340777158737182,0.0556707605719566,0,0.0,109,3,4,shapley-20260606T022318Z-96361266,shapley,marginal
2,1000,1,0.4000000059604645,-0.8270702362060547,0.8878992199897766,0.2038540244102478,159.78610229492188,63.78609848022461,0.6008031964302063,0.0400043651461601,0,0.0,109,3,4,shapley-20260606T022318Z-96361266,shapley,marginal
3,11000,2,0.2000000029802322,-0.5762280225753784,0.4476576447486877,0.1156189143657684,128.0,96.0,0.25,0.0156871657818555,32,0.0,109,3,4,shapley-20260606T022318Z-96361266,shapley,marginal
4,100,1,0.4000000059604645,-1.5272613763809204,2.8679351806640625,0.5354077816009521,256.0,223.78610229492188,0.3638574779033661,0.0642114728689193,128,0.0,109,3,4,shapley-20260606T022318Z-96361266,shapley,marginal
5,10100,2,0.2000000029802322,-1.35760498046875,2.1853127479553223,0.3422214984893799,127.78610229492188,95.78610229492188,0.2504184544086456,0.026268370449543,32,0.0,109,3,4,shapley-20260606T022318Z-96361266,shapley,marginal
6,1100,2,0.2000000029802322,-0.5191540718078613,0.3632704615592956,0.0937495231628418,95.78610229492188,63.78609848022461,0.3340777158737182,0.0142253777012228,0,0.0,109,3,4,shapley-20260606T022318Z-96361266,shapley,marginal
7,11100,3,0.2000000029802322,-0.3778477907180786,0.2159415781497955,0.0731726288795471,256.0,159.78610229492188,0.4447747766971588,0.0126841710880398,128,0.0,109,3,4,shapley-20260606T022318Z-96361266,shapley,marginal
8,10,1,0.4000000059604645,-1.5133846998214722,2.7513911724090576,0.4610579013824463,256.0,256.0,0.2000000029802322,0.0596585497260093,64,0.0,109,3,4,shapley-20260606T022318Z-96361266,shapley,marginal
9,10010,2,0.2000000029802322,-1.4578980207443235,2.56062650680542,0.4351599216461181,159.78610229492188,63.78609848022461,0.6008031964302063,0.029493648558855,96,0.0,109,3,4,shapley-20260606T022318Z-96361266,shapley,marginal
10,1010,2,0.2000000029802322,-0.533324658870697,0.3855931460857391,0.1011579632759094,191.78610229492188,95.78610229492188,0.5005576610565186,0.0147380037233233,96,0.0,109,3,4,shapley-20260606T022318Z-96361266,shapley,marginal
11,11010,3,0.2000000029802322,-0.300814688205719,0.1212217733263969,0.0307322964072227,32.0,0.0,1.0,0.0085721826180815,0,0.0,109,3,4,shapley-20260606T022318Z-96361266,shapley,marginal
12,110,2,0.2000000029802322,-1.3386350870132446,2.1981987953186035,0.4062548875808716,159.78610229492188,127.78610229492188,0.2002677321434021,0.0285310577601194,32,0.0,109,3,4,shapley-20260606T022318Z-96361266,shapley,marginal
13,10110,3,0.2000000029802322,-1.129421949386597,1.5961333513259888,0.3205393552780151,95.78610229492188,63.78609848022461,0.3340777158737182,0.0254548080265522,0,0.0,109,3,4,shapley-20260606T022318Z-96361266,shapley,marginal
14,1110,3,0.2000000029802322,-0.279092013835907,0.1633400917053222,0.0854477360844612,127.78610229492188,63.78609848022461,0.500836968421936,0.0136262346059083,64,0.0,109,3,4,shapley-20260606T022318Z-96361266,shapley,marginal
15,11110,4,0.4000000059604645,-0.139333575963974,0.0488348603248596,0.0294210147112607,223.78610229492188,159.78610229492188,0.285987377166748,0.015817753970623,64,0.0,109,3,4,shapley-20260606T022318Z-96361266,shapley,marginal
16,1,1,0.4000000059604645,-1.6808738708496094,3.466374397277832,0.6410374641418457,256.0,255.78610229492188,0.2728931009769439,0.0701664239168167,96,0.0,109,3,4,shapley-20260606T022318Z-96361266,shapley,marginal
17,10001,2,0.2000000029802322,-1.4949378967285156,2.7158565521240234,0.4810173511505127,96.0,32.0,0.6666666865348816,0.0309573914855718,64,0.0,109,3,4,shapley-20260606T022318Z-96361266,shapley,marginal
18,1001,2,0.2000000029802322,-0.6804797649383545,0.5939122438430786,0.1308595240116119,223.78610229492188,95.78610229492188,0.5719747543334961,0.0166252255439758,0,0.0,109,3,4,shapley-20260606T022318Z-96361266,shapley,marginal
19,11001,3,0.2000000029802322,-0.5123876333236694,0.3514415323734283,0.0889004468917846,159.78610229492188,127.78610229492188,0.2002677321434021,0.0138788046315312,32,0.0,109,3,4,shapley-20260606T022318Z-96361266,shapley,marginal
20,101,2,0.2000000029802322,-1.4169042110443115,2.3772263526916504,0.3696088790893554,96.0,64.0,0.3333333432674408,0.0272600036114454,32,0.0,109,3,4,shapley-20260606T022318Z-96361266,shapley,marginal
21,10101,3,0.2000000029802322,-1.1545767784118652,1.684361696243286,0.3513141870498657,191.78610229492188,159.78610229492188,0.1668525487184524,0.026601854711771,32,0.0,109,3,4,shapley-20260606T022318Z-96361266,shapley,marginal
22,1101,3,0.2000000029802322,-0.4271008968353271,0.2889548540115356,0.1065396815538406,127.78610229492188,63.78609848022461,0.500836968421936,0.015098706819117,64,0.0,109,3,4,shapley-20260606T022318Z-96361266,shapley,marginal
23,11101,4,0.4000000059604645,-0.2164712101221084,0.0808709859848022,0.0340112000703811,95.78610229492188,63.78609848022461,0.3340777158737182,0.0169317908585071,0,0.0,109,3,4,shapley-20260606T022318Z-96361266,shapley,marginal
24,11,2,0.2000000029802322,-1.3475730419158936,2.1174893379211426,0.3015362024307251,63.78609848022461,31.78609848022461,0.5016767382621765,0.0247188322246074,0,0.0,109,3,4,shapley-20260606T022318Z-96361266,shapley,marginal
25,10011,3,0.2000000029802322,-1.392744064331055,2.423072576522827,0.4833365678787231,160.0,64.0,0.6000000238418579,0.0310295205563306,96,0.0,109,3,4,shapley-20260606T022318Z-96361266,shapley,marginal
26,1011,3,0.2000000029802322,-0.4399273991584778,0.2499761581420898,0.0564400404691696,160.0,96.0,0.4000000059604645,0.0112616512924432,64,0.0,109,3,4,shapley-20260606T022318Z-96361266,shapley,marginal
27,11011,4,0.4000000059604645,-0.2555673122406006,0.0821533426642417,0.0168386921286582,191.78610229492188,127.78610229492188,0.3337050974369049,0.0122100561857223,64,0.0,109,3,4,shapley-20260606T022318Z-96361266,shapley,marginal
28,111,3,0.2000000029802322,-1.2057431936264038,1.7809057235717771,0.3270890712738037,223.78610229492188,191.78610229492188,0.142993688583374,0.0257033910602331,32,0.0,109,3,4,shapley-20260606T022318Z-96361266,shapley,marginal
29,10111,4,0.4000000059604645,-1.0513149499893188,1.4040485620498655,0.2987854480743408,255.78610229492188,223.78610229492188,0.1251045316457748,0.0482207909226417,32,0.0,109,3,4,shapley-20260606T022318Z-96361266,shapley,marginal
30,1111,4,0.4000000059604645,-0.1456527709960937,0.0444626584649086,0.023247929289937,64.0,32.0,0.5,0.0141718182712793,0,0.0,109,3,4,shapley-20260606T022318Z-96361266,shapley,marginal
31,11111,5,1.0,0.0,0.0,0.0,32.0,0.0,1.0,0.0010000000474974,0,0.0,109,3,4,shapley-20260606T022318Z-96361266,shapley,marginal
0,0,0,1.0,-1.794367432594299,4.043837547302246,0.8240830898284912,256.0,256.0,0.5,0.1815931349992752,256,0.0,129,4,5,shapley-20260606T022318Z-96361266,shapley,marginal
1,10000,1,0.4000000059604645,-1.5124397277832031,2.687974452972412,0.4005005359649658,95.78610229492188,63.78609848022461,0.3340777158737182,0.0513590164482593,0,0.0,129,4,5,shapley-20260606T022318Z-96361266,shapley,marginal
2,1000,1,0.4000000059604645,-0.8491349220275879,0.961650013923645,0.2406198978424072,223.78610229492188,159.78610229492188,0.285987377166748,0.0400338545441627,64,0.0,129,4,5,shapley-20260606T022318Z-96361266,shapley,marginal
3,11000,2,0.2000000029802322,-0.6199114322662354,0.5299275517463684,0.1456373631954193,192.0,128.0,0.3333333432674408,0.0161838587373495,64,0.0,129,4,5,shapley-20260606T022318Z-96361266,shapley,marginal
4,100,1,0.4000000059604645,-1.6463127136230469,3.483480930328369,0.7731354236602783,256.0,256.0,0.3846153914928436,0.0709686577320098,160,0.0,129,4,5,shapley-20260606T022318Z-96361266,shapley,marginal
5,10100,2,0.2000000029802322,-1.3467609882354736,2.2069180011749268,0.3931528329849243,159.78610229492188,127.78610229492188,0.2002677321434021,0.0259474646300077,32,0.0,129,4,5,shapley-20260606T022318Z-96361266,shapley,marginal
6,1100,2,0.2000000029802322,-0.5262175798416138,0.3950761258602142,0.1181711852550506,127.78610229492188,95.78610229492188,0.2504184544086456,0.0146773355081677,32,0.0,129,4,5,shapley-20260606T022318Z-96361266,shapley,marginal
7,11100,3,0.2000000029802322,-0.3776014745235443,0.216361865401268,0.0737789869308471,256.0,256.0,0.2000000029802322,0.0118071716278791,64,0.0,129,4,5,shapley-20260606T022318Z-96361266,shapley,marginal
8,10,1,0.4000000059604645,-1.5960259437561035,3.174159288406372,0.6268603801727295,256.0,256.0,0.2727272808551788,0.0640029832720756,96,0.0,129,4,5,shapley-20260606T022318Z-96361266,shapley,marginal
9,10010,2,0.2000000029802322,-1.4706265926361084,2.6100594997406006,0.4473168849945068,191.78610229492188,159.78610229492188,0.1668525487184524,0.027610519900918,32,0.0,129,4,5,shapley-20260606T022318Z-96361266,shapley,marginal
10,1010,2,0.2000000029802322,-0.5387106537818909,0.4017391800880432,0.1115300059318542,223.78610229492188,191.78610229492188,0.142993688583374,0.0142874466255307,32,0.0,129,4,5,shapley-20260606T022318Z-96361266,shapley,marginal
11,11010,3,0.2000000029802322,-0.300814688205719,0.1212217733263969,0.0307322964072227,32.0,0.0,1.0,0.0079749831929802,0,0.0,129,4,5,shapley-20260606T022318Z-96361266,shapley,marginal
12,110,2,0.2000000029802322,-1.3691058158874512,2.345773220062256,0.4713225364685058,223.78610229492188,159.78610229492188,0.285987377166748,0.0283152274787426,64,0.0,129,4,5,shapley-20260606T022318Z-96361266,shapley,marginal
13,10110,3,0.2000000029802322,-1.3633806705474854,2.49875545501709,0.6399486064910889,159.78610229492188,95.78610229492188,0.4005354642868042,0.032828651368618,64,0.0,129,4,5,shapley-20260606T022318Z-96361266,shapley,marginal
14,1110,3,0.2000000029802322,-0.2886072099208832,0.1740259677171707,0.0907318443059921,159.78610229492188,127.78610229492188,0.2002677321434021,0.0129846557974815,32,0.0,129,4,5,shapley-20260606T022318Z-96361266,shapley,marginal
15,11110,4,0.4000000059604645,-0.131223440170288,0.0427519641816616,0.0255323722958564,256.0,223.78610229492188,0.3638574779033661,0.013715143315494,128,0.0,129,4,5,shapley-20260606T022318Z-96361266,shapley,marginal
16,1,1,0.4000000059604645,-1.7205817699432373,3.694779872894287,0.7343783378601074,256.0,256.0,0.3846153914928436,0.069192349910736,160,0.0,129,4,5,shapley-20260606T022318Z-96361266,shapley,marginal
17,10001,2,0.2000000029802322,-1.4949378967285156,2.7158565521240234,0.4810173511505127,96.0,32.0,0.6666666865348816,0.0285947266966104,0,0.0,129,4,5,shapley-20260606T022318Z-96361266,shapley,marginal
18,1001,2,0.2000000029802322,-0.6905159950256348,0.6218118667602539,0.1449995338916778,255.78610229492188,223.78610229492188,0.1251045316457748,0.0161505714058876,32,0.0,129,4,5,shapley-20260606T022318Z-96361266,shapley,marginal
19,11001,3,0.2000000029802322,-0.5189434885978699,0.3729563653469085,0.1036540269851684,223.78610229492188,159.78610229492188,0.285987377166748,0.0138096949085593,64,0.0,129,4,5,shapley-20260606T022318Z-96361266,shapley,marginal
20,101,2,0.2000000029802322,-1.5024621486663818,2.87084436416626,0.6134519577026367,128.0,96.0,0.25,0.0321627669036388,32,0.0,129,4,5,shapley-20260606T022318Z-96361266,shapley,marginal
21,10101,3,0.2000000029802322,-1.1714776754379272,1.758167028427124,0.3858070373535156,223.78610229492188,191.78610229492188,0.142993688583374,0.0257133021950721,32,0.0,129,4,5,shapley-20260606T022318Z-96361266,shapley,marginal
22,1101,3,0.2000000029802322,-0.4271008968353271,0.2889548540115356,0.1065396815538406,127.78610229492188,63.78609848022461,0.500836968421936,0.0139867775142192,0,0.0,129,4,5,shapley-20260606T022318Z-96361266,shapley,marginal
23,11101,4,0.4000000059604645,-0.2164712101221084,0.0808709859848022,0.0340112000703811,95.78610229492188,63.78609848022461,0.3340777158737182,0.015675289556384,0,0.0,129,4,5,shapley-20260606T022318Z-96361266,shapley,marginal
24,11,2,0.2000000029802322,-1.557511568069458,3.144380569458008,0.7185382843017578,127.78610229492188,63.78609848022461,0.500836968421936,0.0347264520823955,64,0.0,129,4,5,shapley-20260606T022318Z-96361266,shapley,marginal
25,10011,3,0.2000000029802322,-1.392744064331055,2.423072576522827,0.4833365678787231,160.0,64.0,0.6000000238418579,0.0286611691117286,0,0.0,129,4,5,shapley-20260606T022318Z-96361266,shapley,marginal
26,1011,3,0.2000000029802322,-0.4399273991584778,0.2499761581420898,0.0564400404691696,160.0,96.0,0.4000000059604645,0.0104523403570055,0,0.0,129,4,5,shapley-20260606T022318Z-96361266,shapley,marginal
27,11011,4,0.4000000059604645,-0.2555673122406006,0.0821533426642417,0.0168386921286582,191.78610229492188,127.78610229492188,0.3337050974369049,0.011325947009027,0,0.0,129,4,5,shapley-20260606T022318Z-96361266,shapley,marginal
28,111,3,0.2000000029802322,-1.2117908000946045,1.7913904190063477,0.322953462600708,255.78610229492188,223.78610229492188,0.1251045316457748,0.0236107856035232,32,0.0,129,4,5,shapley-20260606T022318Z-96361266,shapley,marginal
29,10111,4,0.4000000059604645,-1.0965124368667605,1.5440285205841064,0.3416889905929565,256.0,255.78610229492188,0.2001337707042694,0.0475147999823093,64,0.0,129,4,5,shapley-20260606T022318Z-96361266,shapley,marginal
30,1111,4,0.4000000059604645,-0.1456527709960937,0.0444626584649086,0.023247929289937,64.0,32.0,0.5,0.0131329903379082,0,0.0,129,4,5,shapley-20260606T022318Z-96361266,shapley,marginal
31,11111,5,1.0,0.0,0.0,0.0,32.0,0.0,1.0,0.0010000000474974,0,0.0,129,4,5,shapley-20260606T022318Z-96361266,shapley,marginal
0,0,0,1.0,-1.8015482425689695,4.213250160217285,0.9676740169525146,256.0,251.92906188964844,0.5334033966064453,0.1748330742120742,288,0.0159021244567835,169,5,6,shapley-20260606T022318Z-96361266,shapley,marginal
1,10000,1,0.4000000059604645,-1.7307796478271484,3.698504447937012,0.7029063701629639,254.26290893554688,94.26290130615234,0.6292699575424194,0.0602620430290699,160,0.0159021244567835,169,5,6,shapley-20260606T022318Z-96361266,shapley,marginal
2,1000,1,0.4000000059604645,-0.8677480816841125,1.0196181535720823,0.2666314244270324,252.22743225097656,220.22743225097656,0.1268696188926696,0.0374992154538631,32,0.0159021244567835,169,5,6,shapley-20260606T022318Z-96361266,shapley,marginal
3,11000,2,0.2000000029802322,-0.6506488919258118,0.5772453546524048,0.1539013683795929,220.94679260253903,188.94679260253903,0.1448312550783157,0.0148649765178561,32,0.0159021244567835,169,5,6,shapley-20260606T022318Z-96361266,shapley,marginal
4,100,1,0.4000000059604645,-1.730403184890747,4.088801860809326,1.0945067405700684,256.0,251.92906188964844,0.2759183049201965,0.0749498158693313,96,0.0159021244567835,169,5,6,shapley-20260606T022318Z-96361266,shapley,marginal
5,10100,2,0.2000000029802322,-1.3726320266723633,2.3811440467834477,0.4970253705978393,221.2451629638672,157.2451629638672,0.2892718613147735,0.0259165074676275,64,0.0159021244567835,169,5,6,shapley-20260606T022318Z-96361266,shapley,marginal
6,1100,2,0.2000000029802322,-0.5262175798416138,0.3950761258602142,0.1181711852550506,127.78610229492188,95.78610229492188,0.2504184544086456,0.0131493676453828,0,0.0159021244567835,169,5,6,shapley-20260606T022318Z-96361266,shapley,marginal
7,11100,3,0.2000000029802322,-0.3711941540241241,0.2124906182289123,0.0747055113315582,256.0,251.92906188964844,0.2025771290063858,0.0106599349528551,64,0.0159021244567835,169,5,6,shapley-20260606T022318Z-96361266,shapley,marginal
8,10,1,0.4000000059604645,-1.6704577207565308,3.5510029792785645,0.7605738639831543,256.0,251.92906188964844,0.2025771290063858,0.062645100057125,64,0.0159021244567835,169,5,6,shapley-20260606T022318Z-96361266,shapley,marginal
9,10010,2,0.2000000029802322,-1.5243568420410156,2.858837604522705,0.5351738929748535,252.73629760742188,188.73629760742188,0.2532283663749695,0.0268550477921962,64,0.0159021244567835,169,5,6,shapley-20260606T022318Z-96361266,shapley,marginal
10,1010,2,0.2000000029802322,-0.5387106537818909,0.4017391800880432,0.1115300059318542,223.78610229492188,191.78610229492188,0.142993688583374,0.0128030348569154,0,0.0159021244567835,169,5,6,shapley-20260606T022318Z-96361266,shapley,marginal
11,11010,3,0.2000000029802322,-0.300814688205719,0.1212217733263969,0.0307322964072227,32.0,0.0,1.0,0.0071957716718316,0,0.0159021244567835,169,5,6,shapley-20260606T022318Z-96361266,shapley,marginal
12,110,2,0.2000000029802322,-1.4328572750091553,2.637412548065185,0.5843324661254883,256.0,220.22743225097656,0.3035789728164673,0.0280164238065481,96,0.0159021244567835,169,5,6,shapley-20260606T022318Z-96361266,shapley,marginal
13,10110,3,0.2000000029802322,-1.3781462907791138,2.572153091430664,0.6728658676147461,189.2451629638672,157.2451629638672,0.1690928339958191,0.0299909282475709,32,0.0159021244567835,169,5,6,shapley-20260606T022318Z-96361266,shapley,marginal
14,1110,3,0.2000000029802322,-0.2886072099208832,0.1740259677171707,0.0907318443059921,159.78610229492188,127.78610229492188,0.2002677321434021,0.0116457855328917,0,0.0159021244567835,169,5,6,shapley-20260606T022318Z-96361266,shapley,marginal
15,11110,4,0.4000000059604645,-0.131223440170288,0.0427519641816616,0.0255323722958564,256.0,223.78610229492188,0.3638574779033661,0.0122946677729487,0,0.0159021244567835,169,5,6,shapley-20260606T022318Z-96361266,shapley,marginal
16,1,1,0.4000000059604645,-1.7750873565673828,4.05722713470459,0.906291961669922,256.0,251.92906188964844,0.2759183049201965,0.0682917684316635,96,0.0159021244567835,169,5,6,shapley-20260606T022318Z-96361266,shapley,marginal
17,10001,2,0.2000000029802322,-1.6349103450775146,3.518274068832397,0.8453421592712402,126.47339630126952,94.47339630126952,0.2530176341533661,0.0334948152303695,32,0.0159021244567835,169,5,6,shapley-20260606T022318Z-96361266,shapley,marginal
18,1001,2,0.2000000029802322,-0.6905159950256348,0.6218118667602539,0.1449995338916778,255.78610229492188,223.78610229492188,0.1251045316457748,0.0144580211490392,0,0.0159021244567835,169,5,6,shapley-20260606T022318Z-96361266,shapley,marginal
19,11001,3,0.2000000029802322,-0.5189434885978699,0.3729563653469085,0.1036540269851684,223.78610229492188,159.78610229492188,0.285987377166748,0.0123786553740501,0,0.0159021244567835,169,5,6,shapley-20260606T022318Z-96361266,shapley,marginal
20,101,2,0.2000000029802322,-1.591233491897583,3.264389991760254,0.7323660850524902,157.96453857421875,125.96453094482422,0.2025771290063858,0.0312455836683511,32,0.0159021244567835,169,5,6,shapley-20260606T022318Z-96361266,shapley,marginal
21,10101,3,0.2000000029802322,-1.2900737524032593,2.33800745010376,0.6737171411514282,252.22743225097656,220.22743225097656,0.1268696188926696,0.0300092604011297,32,0.0159021244567835,169,5,6,shapley-20260606T022318Z-96361266,shapley,marginal
22,1101,3,0.2000000029802322,-0.4258858561515808,0.2891048789024353,0.1077261120080947,157.7540283203125,125.75403594970705,0.202847421169281,0.0126000102609395,32,0.0159021244567835,169,5,6,shapley-20260606T022318Z-96361266,shapley,marginal
23,11101,4,0.4000000059604645,-0.2396477460861206,0.1057889759540557,0.0483579337596893,126.26290130615234,94.26290130615234,0.2534394562244415,0.0165439639240503,32,0.0159021244567835,169,5,6,shapley-20260606T022318Z-96361266,shapley,marginal
24,11,2,0.2000000029802322,-1.6795729398727417,4.1338653564453125,1.3129000663757324,221.7540283203125,125.75403594970705,0.4329120814800262,0.041496142745018,96,0.0159021244567835,169,5,6,shapley-20260606T022318Z-96361266,shapley,marginal
25,10011,3,0.2000000029802322,-1.419190526008606,2.501051187515259,0.4869494438171386,189.4556579589844,157.45565795898438,0.168904960155487,0.0256626550108194,32,0.0159021244567835,169,5,6,shapley-20260606T022318Z-96361266,shapley,marginal
26,1011,3,0.2000000029802322,-0.4444246590137481,0.2587046027183532,0.0611913204193115,189.4556579589844,157.45565795898438,0.168904960155487,0.0097426446154713,32,0.0159021244567835,169,5,6,shapley-20260606T022318Z-96361266,shapley,marginal
27,11011,4,0.4000000059604645,-0.257904052734375,0.086206741631031,0.0196922421455383,220.73629760742188,188.73629760742188,0.1449693590402603,0.0109191723167896,32,0.0159021244567835,169,5,6,shapley-20260606T022318Z-96361266,shapley,marginal
28,111,3,0.2000000029802322,-1.273691177368164,2.124708890914917,0.5024197101593018,256.0,251.71856689453125,0.1127878278493881,0.0260513536632061,32,0.0159021244567835,169,5,6,shapley-20260606T022318Z-96361266,shapley,marginal
29,10111,4,0.4000000059604645,-1.209524631500244,1.958254337310791,0.4953044652938843,256.0,251.92906188964844,0.3369050025939941,0.050746664404869,128,0.0159021244567835,169,5,6,shapley-20260606T022318Z-96361266,shapley,marginal
30,1111,4,0.4000000059604645,-0.1456527709960937,0.0444626584649086,0.023247929289937,64.0,32.0,0.5,0.0117775490507483,0,0.0159021244567835,169,5,6,shapley-20260606T022318Z-96361266,shapley,marginal
31,11111,5,1.0,0.0,0.0,0.0,32.0,0.0,1.0,0.0010000000474974,0,0.0159021244567835,169,5,6,shapley-20260606T022318Z-96361266,shapley,marginal
0,0,0,1.0,-0.8558708429336548,0.9479122757911682,0.2153973579406738,32.0,0.0,1.0,0.1770822554826736,32,0.0,49,0,1,shapley-20260606T022342Z-cf9f7402,shapley,conditional
1,10000,1,0.4000000059604645,-0.9335434436798096,0.988728404045105,0.1172250509262085,32.0,0.0,1.0,0.0529595762491226,32,0.0,49,0,1,shapley-20260606T022342Z-cf9f7402,shapley,conditional
2,1000,1,0.4000000059604645,-0.4303689897060394,0.2232327759265899,0.0380153059959411,32.0,0.0,1.0,0.0305892955511808,32,0.0,49,0,1,shapley-20260606T022342Z-cf9f7402,shapley,conditional
3,11000,2,0.2000000029802322,-0.287729412317276,0.132329910993576,0.0495416969060897,32.0,0.0,1.0,0.0178892686963081,32,0.0,49,0,1,shapley-20260606T022342Z-cf9f7402,shapley,conditional
4,100,1,0.4000000059604645,-0.8209518194198608,0.8691927790641785,0.1952309012413025,32.0,0.0,1.0,0.0680547654628753,32,0.0,49,0,1,shapley-20260606T022342Z-cf9f7402,shapley,conditional
5,10100,2,0.2000000029802322,-0.7426260113716125,0.7091754078865051,0.1576820015907287,32.0,0.0,1.0,0.031131200492382,32,0.0,49,0,1,shapley-20260606T022342Z-cf9f7402,shapley,conditional
6,1100,2,0.2000000029802322,-0.1770960688591003,0.0508070141077041,0.0194439962506294,32.0,0.0,1.0,0.011580791324377,32,0.0,49,0,1,shapley-20260606T022342Z-cf9f7402,shapley,conditional
7,11100,3,0.2000000029802322,-0.159168541431427,0.0394823998212814,0.014147775247693,32.0,0.0,1.0,0.0100254630669951,32,0.0,49,0,1,shapley-20260606T022342Z-cf9f7402,shapley,conditional
8,10,1,0.4000000059604645,-0.8250607848167419,0.8620587587356567,0.1813334822654724,32.0,0.0,1.0,0.0656240805983543,32,0.0,49,0,1,shapley-20260606T022342Z-cf9f7402,shapley,conditional
9,10010,2,0.2000000029802322,-0.7641255259513855,0.7455528974533081,0.1616650819778442,32.0,0.0,1.0,0.0315093882381916,32,0.0,49,0,1,shapley-20260606T022342Z-cf9f7402,shapley,conditional
10,1010,2,0.2000000029802322,-0.2585805356502533,0.0878949761390686,0.0210310816764831,32.0,0.0,1.0,0.01200414262712,32,0.0,49,0,1,shapley-20260606T022342Z-cf9f7402,shapley,conditional
11,11010,3,0.2000000029802322,-0.194576233625412,0.0502040348947048,0.0123441256582736,32.0,0.0,1.0,0.009430544450879,32,0.0,49,0,1,shapley-20260606T022342Z-cf9f7402,shapley,conditional
12,110,2,0.2000000029802322,-0.6187046766281128,0.593712568283081,0.2109170854091644,32.0,0.0,1.0,0.0358482711017131,32,0.0,49,0,1,shapley-20260606T022342Z-cf9f7402,shapley,conditional
13,10110,3,0.2000000029802322,-0.500857949256897,0.3836463987827301,0.1327877044677734,32.0,0.0,1.0,0.0286505855619907,32,0.0,49,0,1,shapley-20260606T022342Z-cf9f7402,shapley,conditional
14,1110,3,0.2000000029802322,-0.0865735560655593,0.0125959739089012,0.0051009934395551,32.0,0.0,1.0,0.0064194197766482,32,0.0,49,0,1,shapley-20260606T022342Z-cf9f7402,shapley,conditional
15,11110,4,0.4000000059604645,0.0007471442222595,0.0028392137028276,0.0028386553749442,32.0,0.0,1.0,0.0090855909511446,32,0.0,49,0,1,shapley-20260606T022342Z-cf9f7402,shapley,conditional
16,1,1,0.4000000059604645,-0.8291606307029724,0.9464406967163086,0.2589333653450012,32.0,0.0,1.0,0.0782234817743301,32,0.0,49,0,1,shapley-20260606T022342Z-cf9f7402,shapley,conditional
17,10001,2,0.2000000029802322,-0.8758659362792969,0.9613547325134276,0.1942135691642761,32.0,0.0,1.0,0.0344399139285087,32,0.0,49,0,1,shapley-20260606T022342Z-cf9f7402,shapley,conditional
18,1001,2,0.2000000029802322,-0.3397176861763,0.1424023658037185,0.0269942581653594,32.0,0.0,1.0,0.0134669747203588,32,0.0,49,0,1,shapley-20260606T022342Z-cf9f7402,shapley,conditional
19,11001,3,0.2000000029802322,-0.3011726438999176,0.1181128993630409,0.0274079367518425,32.0,0.0,1.0,0.0135621381923556,32,0.0,49,0,1,shapley-20260606T022342Z-cf9f7402,shapley,conditional
20,101,2,0.2000000029802322,-0.6083602905273438,0.5015971660614014,0.1314949095249176,32.0,0.0,1.0,0.0285156555473804,32,0.0,49,0,1,shapley-20260606T022342Z-cf9f7402,shapley,conditional
21,10101,3,0.2000000029802322,-0.5709800720214844,0.4453715980052948,0.1193533539772033,32.0,0.0,1.0,0.0272145681083202,32,0.0,49,0,1,shapley-20260606T022342Z-cf9f7402,shapley,conditional
22,1101,3,0.2000000029802322,-0.1638205051422119,0.0442676842212677,0.0174305271357297,32.0,0.0,1.0,0.0110179912298917,32,0.0,49,0,1,shapley-20260606T022342Z-cf9f7402,shapley,conditional
23,11101,4,0.4000000059604645,-0.0973727479577064,0.0195948667824268,0.0101134143769741,32.0,0.0,1.0,0.0162617471069097,32,0.0,49,0,1,shapley-20260606T022342Z-cf9f7402,shapley,conditional
24,11,2,0.2000000029802322,-0.8425426483154297,0.9417179822921752,0.231839895248413,32.0,0.0,1.0,0.0375358685851097,32,0.0,49,0,1,shapley-20260606T022342Z-cf9f7402,shapley,conditional
25,10011,3,0.2000000029802322,-0.7826145887374878,0.7641615271568298,0.1516759395599365,32.0,0.0,1.0,0.0305517874658107,32,0.0,49,0,1,shapley-20260606T022342Z-cf9f7402,shapley,conditional
26,1011,3,0.2000000029802322,-0.2259096205234527,0.0628449022769928,0.0118097439408302,32.0,0.0,1.0,0.0092460447922348,32,0.0,49,0,1,shapley-20260606T022342Z-cf9f7402,shapley,conditional
27,11011,4,0.4000000059604645,-0.1953749358654022,0.0522895976901054,0.0141182318329811,32.0,0.0,1.0,0.0190320685505867,32,0.0,49,0,1,shapley-20260606T022342Z-cf9f7402,shapley,conditional
28,111,3,0.2000000029802322,-0.6680944561958313,0.6073004007339478,0.1609501838684082,32.0,0.0,1.0,0.031441856175661,32,0.0,49,0,1,shapley-20260606T022342Z-cf9f7402,shapley,conditional
29,10111,4,0.4000000059604645,-0.5052230954170227,0.3280776739120483,0.0728273093700409,32.0,0.0,1.0,0.0419545844197273,32,0.0,49,0,1,shapley-20260606T022342Z-cf9f7402,shapley,conditional
30,1111,4,0.4000000059604645,-0.0304306931793689,0.0034674862399697,0.0025414591655135,32.0,0.0,1.0,0.0086506251245737,32,0.0,49,0,1,shapley-20260606T022342Z-cf9f7402,shapley,conditional
31,11111,5,1.0,0.0,0.0,0.0,32.0,0.0,1.0,0.0010000000474974,32,0.0,49,0,1,shapley-20260606T022342Z-cf9f7402,shapley,conditional
0,0,0,1.0,-0.9132580757141112,1.0988588333129885,0.2648185491561889,224.0,32.0,0.8571428656578064,0.1895182430744171,192,0.0,69,1,2,shapley-20260606T022342Z-cf9f7402,shapley,conditional
1,10000,1,0.4000000059604645,-0.8893069624900818,0.9680459499359132,0.1771790981292724,128.0,32.0,0.75,0.062680147588253,96,0.0,69,1,2,shapley-20260606T022342Z-cf9f7402,shapley,conditional
2,1000,1,0.4000000059604645,-0.4249798059463501,0.2163347154855728,0.0357268750667572,64.0,32.0,0.5,0.0286972541362047,32,0.0,69,1,2,shapley-20260606T022342Z-cf9f7402,shapley,conditional
3,11000,2,0.2000000029802322,-0.287729412317276,0.132329910993576,0.0495416969060897,32.0,0.0,1.0,0.01730777323246,0,0.0,69,1,2,shapley-20260606T022342Z-cf9f7402,shapley,conditional
4,100,1,0.4000000059604645,-0.761648416519165,0.7572718858718872,0.1771636009216308,96.0,32.0,0.6666666865348816,0.0626774504780769,64,0.0,69,1,2,shapley-20260606T022342Z-cf9f7402,shapley,conditional
5,10100,2,0.2000000029802322,-0.664243757724762,0.6059974431991577,0.1647776663303375,160.0,32.0,0.800000011920929,0.0307411905378103,128,0.0,69,1,2,shapley-20260606T022342Z-cf9f7402,shapley,conditional
6,1100,2,0.2000000029802322,-0.2043934166431427,0.0671848282217979,0.0254081599414348,96.0,32.0,0.6666666865348816,0.0126787349581718,64,0.0,69,1,2,shapley-20260606T022342Z-cf9f7402,shapley,conditional
7,11100,3,0.2000000029802322,-0.159168541431427,0.0394823998212814,0.014147775247693,32.0,0.0,1.0,0.0097147161141037,0,0.0,69,1,2,shapley-20260606T022342Z-cf9f7402,shapley,conditional
8,10,1,0.4000000059604645,-0.7982969284057617,0.814864456653595,0.1775864958763122,160.0,32.0,0.800000011920929,0.0627510249614715,128,0.0,69,1,2,shapley-20260606T022342Z-cf9f7402,shapley,conditional
9,10010,2,0.2000000029802322,-0.7080080509185791,0.6428170204162598,0.1415416002273559,64.0,32.0,0.5,0.0285645704716444,32,0.0,69,1,2,shapley-20260606T022342Z-cf9f7402,shapley,conditional
10,1010,2,0.2000000029802322,-0.2585805356502533,0.0878949761390686,0.0210310816764831,32.0,0.0,1.0,0.0116252712905406,0,0.0,69,1,2,shapley-20260606T022342Z-cf9f7402,shapley,conditional
11,11010,3,0.2000000029802322,-0.1962152868509292,0.0499096363782882,0.0114091970026493,64.0,32.0,0.5,0.0088259438052773,32,0.0,69,1,2,shapley-20260606T022342Z-cf9f7402,shapley,conditional
12,110,2,0.2000000029802322,-0.5823389291763306,0.4856422543525696,0.1465236246585846,128.0,32.0,0.75,0.0290454886853694,96,0.0,69,1,2,shapley-20260606T022342Z-cf9f7402,shapley,conditional
13,10110,3,0.2000000029802322,-0.500857949256897,0.3836463987827301,0.1327877044677734,32.0,0.0,1.0,0.027698578312993,0,0.0,69,1,2,shapley-20260606T022342Z-cf9f7402,shapley,conditional
14,1110,3,0.2000000029802322,-0.0776944980025291,0.0118720224127173,0.0058355876244604,64.0,32.0,0.5,0.0065969512797892,32,0.0,69,1,2,shapley-20260606T022342Z-cf9f7402,shapley,conditional
15,11110,4,0.4000000059604645,0.0007471442222595,0.0028392137028276,0.0028386553749442,32.0,0.0,1.0,0.0088072037324309,0,0.0,69,1,2,shapley-20260606T022342Z-cf9f7402,shapley,conditional
16,1,1,0.4000000059604645,-0.908379852771759,1.0655784606933594,0.2404245138168335,128.0,32.0,0.75,0.0728502944111824,96,0.0,69,1,2,shapley-20260606T022342Z-cf9f7402,shapley,conditional
17,10001,2,0.2000000029802322,-0.8493491411209106,0.920037031173706,0.1986430883407592,64.0,32.0,0.5,0.0336547121405601,32,0.0,69,1,2,shapley-20260606T022342Z-cf9f7402,shapley,conditional
18,1001,2,0.2000000029802322,-0.3397176861763,0.1424023658037185,0.0269942581653594,32.0,0.0,1.0,0.0130377374589443,0,0.0,69,1,2,shapley-20260606T022342Z-cf9f7402,shapley,conditional
19,11001,3,0.2000000029802322,-0.2939117550849914,0.1105473488569259,0.0241632312536239,64.0,32.0,0.5,0.0123890284448862,32,0.0,69,1,2,shapley-20260606T022342Z-cf9f7402,shapley,conditional
20,101,2,0.2000000029802322,-0.7339777946472168,0.7416819334030151,0.2029585242271423,64.0,32.0,0.5,0.0340075157582759,32,0.0,69,1,2,shapley-20260606T022342Z-cf9f7402,shapley,conditional
21,10101,3,0.2000000029802322,-0.6016701459884644,0.4866684675216675,0.1246615052223205,64.0,32.0,0.5,0.0268687456846237,32,0.0,69,1,2,shapley-20260606T022342Z-cf9f7402,shapley,conditional
22,1101,3,0.2000000029802322,-0.1638205051422119,0.0442676842212677,0.0174305271357297,32.0,0.0,1.0,0.0106730721890926,0,0.0,69,1,2,shapley-20260606T022342Z-cf9f7402,shapley,conditional
23,11101,4,0.4000000059604645,-0.0973727479577064,0.0195948667824268,0.0101134143769741,32.0,0.0,1.0,0.0157362855970859,0,0.0,69,1,2,shapley-20260606T022342Z-cf9f7402,shapley,conditional
24,11,2,0.2000000029802322,-0.7599079012870789,0.7692639827728271,0.1918039917945861,160.0,32.0,0.800000011920929,0.0330876521766185,128,0.0,69,1,2,shapley-20260606T022342Z-cf9f7402,shapley,conditional
25,10011,3,0.2000000029802322,-0.7422505617141724,0.723828911781311,0.1728929877281189,128.0,32.0,0.75,0.0314647704362869,96,0.0,69,1,2,shapley-20260606T022342Z-cf9f7402,shapley,conditional
26,1011,3,0.2000000029802322,-0.2259096205234527,0.0628449022769928,0.0118097439408302,32.0,0.0,1.0,0.0089621329680085,0,0.0,69,1,2,shapley-20260606T022342Z-cf9f7402,shapley,conditional
27,11011,4,0.4000000059604645,-0.2009315341711044,0.0539787411689758,0.0136052593588829,96.0,32.0,0.6666666865348816,0.0180919896811246,64,0.0,69,1,2,shapley-20260606T022342Z-cf9f7402,shapley,conditional
28,111,3,0.2000000029802322,-0.5894094705581665,0.4788543283939361,0.1314508020877838,64.0,32.0,0.5,0.0275638364255428,32,0.0,69,1,2,shapley-20260606T022342Z-cf9f7402,shapley,conditional
29,10111,4,0.4000000059604645,-0.5434409976005554,0.4250211417675018,0.1296930313110351,160.0,32.0,0.800000011920929,0.0537712611258029,128,0.0,69,1,2,shapley-20260606T022342Z-cf9f7402,shapley,conditional
30,1111,4,0.4000000059604645,-0.0412299335002899,0.0046140979975461,0.002914190525189,64.0,32.0,0.5,0.0089103952050209,32,0.0,69,1,2,shapley-20260606T022342Z-cf9f7402,shapley,conditional
31,11111,5,1.0,0.0,0.0,0.0,32.0,0.0,1.0,0.0010000000474974,0,0.0,69,1,2,shapley-20260606T022342Z-cf9f7402,shapley,conditional
0,0,0,1.0,-0.8529598116874695,0.974986970424652,0.2474465370178222,256.0,224.0,0.5,0.1832162588834762,224,0.0,89,2,3,shapley-20260606T022342Z-cf9f7402,shapley,conditional
1,10000,1,0.4000000059604645,-0.826008677482605,0.852342963218689,0.1700526475906372,192.0,128.0,0.3333333432674408,0.0614224150776863,64,0.0,89,2,3,shapley-20260606T022342Z-cf9f7402,shapley,conditional
2,1000,1,0.4000000059604645,-0.3982325196266174,0.2042965292930603,0.0457073897123336,128.0,64.0,0.5,0.0323256142437458,64,0.0,89,2,3,shapley-20260606T022342Z-cf9f7402,shapley,conditional
3,11000,2,0.2000000029802322,-0.3124831020832062,0.1380242854356765,0.0403785929083824,96.0,32.0,0.6666666865348816,0.0157214980572462,64,0.0,89,2,3,shapley-20260606T022342Z-cf9f7402,shapley,conditional
4,100,1,0.4000000059604645,-0.7158001661300659,0.6820164918899536,0.1696466207504272,160.0,96.0,0.4000000059604645,0.0613502413034439,64,0.0,89,2,3,shapley-20260606T022342Z-cf9f7402,shapley,conditional
5,10100,2,0.2000000029802322,-0.651853084564209,0.5800861120223999,0.155173659324646,192.0,160.0,0.1666666716337204,0.0298592746257781,32,0.0,89,2,3,shapley-20260606T022342Z-cf9f7402,shapley,conditional
6,1100,2,0.2000000029802322,-0.2043324410915374,0.0667833611369133,0.0250316150486469,128.0,96.0,0.25,0.0125909987837076,32,0.0,89,2,3,shapley-20260606T022342Z-cf9f7402,shapley,conditional
7,11100,3,0.2000000029802322,-0.1435507237911224,0.0335657522082328,0.0129589419811964,96.0,32.0,0.6666666865348816,0.0093399062752723,64,0.0,89,2,3,shapley-20260606T022342Z-cf9f7402,shapley,conditional
8,10,1,0.4000000059604645,-0.7450282573699951,0.7688257694244385,0.213758647441864,256.0,160.0,0.5454545617103577,0.0687436014413833,192,0.0,89,2,3,shapley-20260606T022342Z-cf9f7402,shapley,conditional
9,10010,2,0.2000000029802322,-0.7291803359985352,0.6996873617172241,0.1679834127426147,96.0,64.0,0.3333333432674408,0.031026842072606,32,0.0,89,2,3,shapley-20260606T022342Z-cf9f7402,shapley,conditional
10,1010,2,0.2000000029802322,-0.257811963558197,0.0900449752807617,0.0235779657959938,64.0,32.0,0.5,0.0122494054958224,32,0.0,89,2,3,shapley-20260606T022342Z-cf9f7402,shapley,conditional
11,11010,3,0.2000000029802322,-0.1962152868509292,0.0499096363782882,0.0114091970026493,64.0,32.0,0.5,0.008825353346765,0,0.0,89,2,3,shapley-20260606T022342Z-cf9f7402,shapley,conditional
12,110,2,0.2000000029802322,-0.5663657188415527,0.4587521851062774,0.1379820704460144,160.0,128.0,0.2000000029802322,0.0282137095928192,32,0.0,89,2,3,shapley-20260606T022342Z-cf9f7402,shapley,conditional
13,10110,3,0.2000000029802322,-0.500857949256897,0.3836463987827301,0.1327877044677734,32.0,0.0,1.0,0.0276965647935867,0,0.0,89,2,3,shapley-20260606T022342Z-cf9f7402,shapley,conditional
14,1110,3,0.2000000029802322,-0.063156247138977,0.0091388393193483,0.0051501276902854,128.0,64.0,0.5,0.0062575740739703,64,0.0,89,2,3,shapley-20260606T022342Z-cf9f7402,shapley,conditional
15,11110,4,0.4000000059604645,0.0007471442222595,0.0028392137028276,0.0028386553749442,32.0,0.0,1.0,0.0088066151365637,0,0.0,89,2,3,shapley-20260606T022342Z-cf9f7402,shapley,conditional
16,1,1,0.4000000059604645,-0.8442010879516602,0.9367507100105286,0.2240752577781677,256.0,128.0,0.5,0.0703590884804725,128,0.0,89,2,3,shapley-20260606T022342Z-cf9f7402,shapley,conditional
17,10001,2,0.2000000029802322,-0.7686103582382202,0.8283133506774902,0.2375514507293701,128.0,64.0,0.5,0.036707155406475,64,0.0,89,2,3,shapley-20260606T022342Z-cf9f7402,shapley,conditional
18,1001,2,0.2000000029802322,-0.3531044423580169,0.1500522941350937,0.0253695473074913,64.0,32.0,0.5,0.0126689774915575,32,0.0,89,2,3,shapley-20260606T022342Z-cf9f7402,shapley,conditional
19,11001,3,0.2000000029802322,-0.2939117550849914,0.1105473488569259,0.0241632312536239,64.0,32.0,0.5,0.0123881688341498,0,0.0,89,2,3,shapley-20260606T022342Z-cf9f7402,shapley,conditional
20,101,2,0.2000000029802322,-0.7307714223861694,0.740493893623352,0.2064670324325561,96.0,64.0,0.3333333432674408,0.034289076924324,32,0.0,89,2,3,shapley-20260606T022342Z-cf9f7402,shapley,conditional
21,10101,3,0.2000000029802322,-0.624404788017273,0.5516924262046814,0.1618110835552215,96.0,64.0,0.3333333432674408,0.0304700285196304,32,0.0,89,2,3,shapley-20260606T022342Z-cf9f7402,shapley,conditional
22,1101,3,0.2000000029802322,-0.1638205051422119,0.0442676842212677,0.0174305271357297,32.0,0.0,1.0,0.0106723429635167,0,0.0,89,2,3,shapley-20260606T022342Z-cf9f7402,shapley,conditional
23,11101,4,0.4000000059604645,-0.0973727479577064,0.0195948667824268,0.0101134143769741,32.0,0.0,1.0,0.015735175460577,0,0.0,89,2,3,shapley-20260606T022342Z-cf9f7402,shapley,conditional
24,11,2,0.2000000029802322,-0.7333739995956421,0.7223577499389648,0.1845203042030334,256.0,160.0,0.4444444477558136,0.0324701257050037,128,0.0,89,2,3,shapley-20260606T022342Z-cf9f7402,shapley,conditional
25,10011,3,0.2000000029802322,-0.713641345500946,0.6825637817382812,0.1732798218727111,224.0,128.0,0.4285714328289032,0.0314965285360813,96,0.0,89,2,3,shapley-20260606T022342Z-cf9f7402,shapley,conditional
26,1011,3,0.2000000029802322,-0.2259096205234527,0.0628449022769928,0.0118097439408302,32.0,0.0,1.0,0.0089615331962704,0,0.0,89,2,3,shapley-20260606T022342Z-cf9f7402,shapley,conditional
27,11011,4,0.4000000059604645,-0.2009315341711044,0.0539787411689758,0.0136052593588829,96.0,32.0,0.6666666865348816,0.0180907007306814,0,0.0,89,2,3,shapley-20260606T022342Z-cf9f7402,shapley,conditional
28,111,3,0.2000000029802322,-0.5894094705581665,0.4788543283939361,0.1314508020877838,64.0,32.0,0.5,0.0275618340820074,0,0.0,89,2,3,shapley-20260606T022342Z-cf9f7402,shapley,conditional
29,10111,4,0.4000000059604645,-0.5212484002113342,0.3861690759658813,0.1144691705703735,256.0,160.0,0.4444444477558136,0.0505736246705055,128,0.0,89,2,3,shapley-20260606T022342Z-cf9f7402,shapley,conditional
30,1111,4,0.4000000059604645,-0.0412299335002899,0.0046140979975461,0.002914190525189,64.0,32.0,0.5,0.0089097982272505,0,0.0,89,2,3,shapley-20260606T022342Z-cf9f7402,shapley,conditional
31,11111,5,1.0,0.0,0.0,0.0,32.0,0.0,1.0,0.0010000000474974,0,0.0,89,2,3,shapley-20260606T022342Z-cf9f7402,shapley,conditional
0,0,0,1.0,-0.8142402768135071,0.898987889289856,0.236000657081604,256.0,256.0,0.3846153914928436,0.1740822494029998,160,0.0,109,3,4,shapley-20260606T022342Z-cf9f7402,shapley,conditional
1,10000,1,0.4000000059604645,-0.8089615106582642,0.8861359357833862,0.2317172288894653,256.0,192.0,0.5,0.0696017369627952,192,0.0,109,3,4,shapley-20260606T022342Z-cf9f7402,shapley,conditional
2,1000,1,0.4000000059604645,-0.3920035362243652,0.1990182250738144,0.0453514456748962,192.0,128.0,0.3333333432674408,0.0313494950532913,64,0.0,109,3,4,shapley-20260606T022342Z-cf9f7402,shapley,conditional
3,11000,2,0.2000000029802322,-0.3017984330654144,0.1264118999242782,0.0353296026587486,128.0,96.0,0.25,0.014393538236618,32,0.0,109,3,4,shapley-20260606T022342Z-cf9f7402,shapley,conditional
4,100,1,0.4000000059604645,-0.6959704160690308,0.6768437623977661,0.1924689412117004,224.0,160.0,0.2857142984867096,0.06352249532938,64,0.0,109,3,4,shapley-20260606T022342Z-cf9f7402,shapley,conditional
5,10100,2,0.2000000029802322,-0.6643760204315186,0.6252434253692627,0.1838479340076446,256.0,192.0,0.25,0.0315531007945537,64,0.0,109,3,4,shapley-20260606T022342Z-cf9f7402,shapley,conditional
6,1100,2,0.2000000029802322,-0.2044872790575027,0.0674127489328384,0.0255977027118206,160.0,128.0,0.2000000029802322,0.0124005656689405,32,0.0,109,3,4,shapley-20260606T022342Z-cf9f7402,shapley,conditional
7,11100,3,0.2000000029802322,-0.1435507237911224,0.0335657522082328,0.0129589419811964,96.0,32.0,0.6666666865348816,0.0091116782277822,0,0.0,109,3,4,shapley-20260606T022342Z-cf9f7402,shapley,conditional
8,10,1,0.4000000059604645,-0.731203019618988,0.7331293821334839,0.1984715461730957,256.0,256.0,0.2727272808551788,0.0644899606704711,96,0.0,109,3,4,shapley-20260606T022342Z-cf9f7402,shapley,conditional
9,10010,2,0.2000000029802322,-0.7534905076026917,0.7962745428085327,0.2285265922546386,192.0,96.0,0.5,0.0350638926029205,96,0.0,109,3,4,shapley-20260606T022342Z-cf9f7402,shapley,conditional
10,1010,2,0.2000000029802322,-0.257811963558197,0.0900449752807617,0.0235779657959938,64.0,32.0,0.5,0.0119415558874607,0,0.0,109,3,4,shapley-20260606T022342Z-cf9f7402,shapley,conditional
11,11010,3,0.2000000029802322,-0.1912629157304763,0.0485049188137054,0.0119234174489974,96.0,64.0,0.3333333432674408,0.0087808370590209,32,0.0,109,3,4,shapley-20260606T022342Z-cf9f7402,shapley,conditional
12,110,2,0.2000000029802322,-0.5750551223754883,0.4744138121604919,0.1437254250049591,192.0,160.0,0.1666666716337204,0.028014238923788,32,0.0,109,3,4,shapley-20260606T022342Z-cf9f7402,shapley,conditional
13,10110,3,0.2000000029802322,-0.5401887893676758,0.4557449519634247,0.1639410257339477,96.0,32.0,0.6666666865348816,0.0298515912145376,64,0.0,109,3,4,shapley-20260606T022342Z-cf9f7402,shapley,conditional
14,1110,3,0.2000000029802322,-0.063156247138977,0.0091388393193483,0.0051501276902854,128.0,64.0,0.5,0.0061136963777244,0,0.0,109,3,4,shapley-20260606T022342Z-cf9f7402,shapley,conditional
15,11110,4,0.4000000059604645,0.0007471442222595,0.0028392137028276,0.0028386553749442,32.0,0.0,1.0,0.0085929799824953,0,0.0,109,3,4,shapley-20260606T022342Z-cf9f7402,shapley,conditional
16,1,1,0.4000000059604645,-0.8331576585769653,0.90503191947937,0.2108802199363708,256.0,256.0,0.3333333432674408,0.0664446055889129,128,0.0,109,3,4,shapley-20260606T022342Z-cf9f7402,shapley,conditional
17,10001,2,0.2000000029802322,-0.8116464614868164,0.9668251276016236,0.3080551624298095,224.0,128.0,0.4285714328289032,0.0405494235455989,96,0.0,109,3,4,shapley-20260606T022342Z-cf9f7402,shapley,conditional
18,1001,2,0.2000000029802322,-0.3296168744564056,0.1415609121322631,0.0329136252403259,96.0,64.0,0.3333333432674408,0.0139274774119257,32,0.0,109,3,4,shapley-20260606T022342Z-cf9f7402,shapley,conditional
19,11001,3,0.2000000029802322,-0.2939117550849914,0.1105473488569259,0.0241632312536239,64.0,32.0,0.5,0.0120765222236514,0,0.0,109,3,4,shapley-20260606T022342Z-cf9f7402,shapley,conditional
20,101,2,0.2000000029802322,-0.7307714223861694,0.740493893623352,0.2064670324325561,96.0,64.0,0.3333333432674408,0.0333780907094478,0,0.0,109,3,4,shapley-20260606T022342Z-cf9f7402,shapley,conditional
21,10101,3,0.2000000029802322,-0.6108874678611755,0.5458634495735168,0.1726799607276916,160.0,96.0,0.4000000059604645,0.0306105781346559,64,0.0,109,3,4,shapley-20260606T022342Z-cf9f7402,shapley,conditional
22,1101,3,0.2000000029802322,-0.1854207068681717,0.05891565233469,0.0245348140597343,64.0,32.0,0.5,0.0121613647788763,32,0.0,109,3,4,shapley-20260606T022342Z-cf9f7402,shapley,conditional
23,11101,4,0.4000000059604645,-0.1013736426830291,0.0187158305197954,0.0084392149001359,96.0,32.0,0.6666666865348816,0.0140920290723443,64,0.0,109,3,4,shapley-20260606T022342Z-cf9f7402,shapley,conditional
24,11,2,0.2000000029802322,-0.7422894239425659,0.7334542870521545,0.1824607253074646,256.0,256.0,0.1111111119389534,0.0314376167953014,32,0.0,109,3,4,shapley-20260606T022342Z-cf9f7402,shapley,conditional
25,10011,3,0.2000000029802322,-0.6774354577064514,0.6324600577354431,0.173541247844696,256.0,224.0,0.2222222238779068,0.0306843314319849,64,0.0,109,3,4,shapley-20260606T022342Z-cf9f7402,shapley,conditional
26,1011,3,0.2000000029802322,-0.2259096205234527,0.0628449022769928,0.0118097439408302,32.0,0.0,1.0,0.0087436586618423,0,0.0,109,3,4,shapley-20260606T022342Z-cf9f7402,shapley,conditional
27,11011,4,0.4000000059604645,-0.2009315341711044,0.0539787411689758,0.0136052593588829,96.0,32.0,0.6666666865348816,0.0176229961216449,0,0.0,109,3,4,shapley-20260606T022342Z-cf9f7402,shapley,conditional
28,111,3,0.2000000029802322,-0.5691946148872375,0.4555686712265014,0.1315861642360687,160.0,64.0,0.6000000238418579,0.0268482435494661,96,0.0,109,3,4,shapley-20260606T022342Z-cf9f7402,shapley,conditional
29,10111,4,0.4000000059604645,-0.5292084217071533,0.4125127792358398,0.1324512362480163,256.0,256.0,0.2000000029802322,0.0528661385178566,64,0.0,109,3,4,shapley-20260606T022342Z-cf9f7402,shapley,conditional
30,1111,4,0.4000000059604645,-0.0412299335002899,0.0046140979975461,0.002914190525189,64.0,32.0,0.5,0.0086933393031358,0,0.0,109,3,4,shapley-20260606T022342Z-cf9f7402,shapley,conditional
31,11111,5,1.0,0.0,0.0,0.0,32.0,0.0,1.0,0.0010000000474974,0,0.0,109,3,4,shapley-20260606T022342Z-cf9f7402,shapley,conditional
0,0,0,1.0,-0.824288010597229,0.9985581040382384,0.3191073536872864,256.0,256.0,0.4666666686534881,0.1937980502843856,224,0.0,129,4,5,shapley-20260606T022342Z-cf9f7402,shapley,conditional
1,10000,1,0.4000000059604645,-0.7820765972137451,0.8759268522262573,0.2642830610275268,256.0,256.0,0.3846153914928436,0.0711825117468833,160,0.0,129,4,5,shapley-20260606T022342Z-cf9f7402,shapley,conditional
2,1000,1,0.4000000059604645,-0.3920035362243652,0.1990182250738144,0.0453514456748962,192.0,128.0,0.3333333432674408,0.0300729963928461,0,0.0,129,4,5,shapley-20260606T022342Z-cf9f7402,shapley,conditional
3,11000,2,0.2000000029802322,-0.2914802730083465,0.1220041066408157,0.0370433554053306,160.0,128.0,0.2000000029802322,0.0141377011314034,32,0.0,129,4,5,shapley-20260606T022342Z-cf9f7402,shapley,conditional
4,100,1,0.4000000059604645,-0.6598005890846252,0.6230708956718445,0.1877340674400329,256.0,224.0,0.4166666567325592,0.060151495039463,160,0.0,129,4,5,shapley-20260606T022342Z-cf9f7402,shapley,conditional
5,10100,2,0.2000000029802322,-0.6643760204315186,0.6252434253692627,0.1838479340076446,256.0,192.0,0.25,0.0302680376917123,0,0.0,129,4,5,shapley-20260606T022342Z-cf9f7402,shapley,conditional
6,1100,2,0.2000000029802322,-0.2044872790575027,0.0674127489328384,0.0255977027118206,160.0,128.0,0.2000000029802322,0.0119210574775934,0,0.0,129,4,5,shapley-20260606T022342Z-cf9f7402,shapley,conditional
7,11100,3,0.2000000029802322,-0.1231929212808609,0.0287611130625009,0.0135846175253391,192.0,96.0,0.5,0.0089558744803071,96,0.0,129,4,5,shapley-20260606T022342Z-cf9f7402,shapley,conditional
8,10,1,0.4000000059604645,-0.6864691972732544,0.6865594983100891,0.2153195440769195,256.0,256.0,0.4666666686534881,0.0643484517931938,224,0.0,129,4,5,shapley-20260606T022342Z-cf9f7402,shapley,conditional
9,10010,2,0.2000000029802322,-0.7534905076026917,0.7962745428085327,0.2285265922546386,192.0,96.0,0.5,0.0336311645805835,0,0.0,129,4,5,shapley-20260606T022342Z-cf9f7402,shapley,conditional
10,1010,2,0.2000000029802322,-0.257811963558197,0.0900449752807617,0.0235779657959938,64.0,32.0,0.5,0.0114813540130853,0,0.0,129,4,5,shapley-20260606T022342Z-cf9f7402,shapley,conditional
11,11010,3,0.2000000029802322,-0.1840447932481765,0.046212151646614,0.0123396664857864,128.0,96.0,0.25,0.008582561276853,32,0.0,129,4,5,shapley-20260606T022342Z-cf9f7402,shapley,conditional
12,110,2,0.2000000029802322,-0.5750551223754883,0.4744138121604919,0.1437254250049591,192.0,160.0,0.1666666716337204,0.0268780179321765,0,0.0,129,4,5,shapley-20260606T022342Z-cf9f7402,shapley,conditional
13,10110,3,0.2000000029802322,-0.5322324633598328,0.4531562924385071,0.1698848903179168,160.0,96.0,0.4000000059604645,0.0291346572339534,64,0.0,129,4,5,shapley-20260606T022342Z-cf9f7402,shapley,conditional
14,1110,3,0.2000000029802322,-0.053009770810604,0.0073295421898365,0.0045195063576102,224.0,128.0,0.4285714328289032,0.0055889124050736,96,0.0,129,4,5,shapley-20260606T022342Z-cf9f7402,shapley,conditional
15,11110,4,0.4000000059604645,-0.0035419245250523,0.0011331819696351,0.0011206367053091,96.0,32.0,0.6666666865348816,0.0055701099336147,64,0.0,129,4,5,shapley-20260606T022342Z-cf9f7402,shapley,conditional
16,1,1,0.4000000059604645,-0.832145094871521,0.9401620626449584,0.247696578502655,256.0,256.0,0.2000000029802322,0.0689444914460182,64,0.0,129,4,5,shapley-20260606T022342Z-cf9f7402,shapley,conditional
17,10001,2,0.2000000029802322,-0.7991113662719727,0.9320706129074096,0.2934916615486145,256.0,224.0,0.125,0.0379795916378498,32,0.0,129,4,5,shapley-20260606T022342Z-cf9f7402,shapley,conditional
18,1001,2,0.2000000029802322,-0.3296168744564056,0.1415609121322631,0.0329136252403259,96.0,64.0,0.3333333432674408,0.0133837480098009,0,0.0,129,4,5,shapley-20260606T022342Z-cf9f7402,shapley,conditional
19,11001,3,0.2000000029802322,-0.2939117550849914,0.1105473488569259,0.0241632312536239,64.0,32.0,0.5,0.0116106439381837,0,0.0,129,4,5,shapley-20260606T022342Z-cf9f7402,shapley,conditional
20,101,2,0.2000000029802322,-0.6661943197250366,0.6637545824050903,0.2199397087097168,160.0,96.0,0.4000000059604645,0.0330122411251068,64,0.0,129,4,5,shapley-20260606T022342Z-cf9f7402,shapley,conditional
21,10101,3,0.2000000029802322,-0.6198493838310242,0.568499743938446,0.1842864751815796,192.0,160.0,0.1666666716337204,0.0303029250353574,32,0.0,129,4,5,shapley-20260606T022342Z-cf9f7402,shapley,conditional
22,1101,3,0.2000000029802322,-0.1854207068681717,0.05891565233469,0.0245348140597343,64.0,32.0,0.5,0.0116919176653027,0,0.0,129,4,5,shapley-20260606T022342Z-cf9f7402,shapley,conditional
23,11101,4,0.4000000059604645,-0.1013736426830291,0.0187158305197954,0.0084392149001359,96.0,32.0,0.6666666865348816,0.0135413780808448,0,0.0,129,4,5,shapley-20260606T022342Z-cf9f7402,shapley,conditional
24,11,2,0.2000000029802322,-0.7195684909820557,0.728843629360199,0.2110648155212402,256.0,256.0,0.3333333432674408,0.0323597155511379,128,0.0,129,4,5,shapley-20260606T022342Z-cf9f7402,shapley,conditional
25,10011,3,0.2000000029802322,-0.6774354577064514,0.6324600577354431,0.173541247844696,256.0,224.0,0.2222222238779068,0.0294358097016811,0,0.0,129,4,5,shapley-20260606T022342Z-cf9f7402,shapley,conditional
26,1011,3,0.2000000029802322,-0.2259096205234527,0.0628449022769928,0.0118097439408302,32.0,0.0,1.0,0.0084179602563381,0,0.0,129,4,5,shapley-20260606T022342Z-cf9f7402,shapley,conditional
27,11011,4,0.4000000059604645,-0.1779317855834961,0.0434167683124542,0.0117570497095584,160.0,96.0,0.4000000059604645,0.0158027838915586,64,0.0,129,4,5,shapley-20260606T022342Z-cf9f7402,shapley,conditional
28,111,3,0.2000000029802322,-0.5602021813392639,0.4590655863285064,0.1452391147613525,192.0,160.0,0.1666666716337204,0.0270139351487159,32,0.0,129,4,5,shapley-20260606T022342Z-cf9f7402,shapley,conditional
29,10111,4,0.4000000059604645,-0.5246139168739319,0.4116756319999695,0.1364558637142181,256.0,256.0,0.1111111119389534,0.051430158317089,32,0.0,129,4,5,shapley-20260606T022342Z-cf9f7402,shapley,conditional
30,1111,4,0.4000000059604645,-0.0412299335002899,0.0046140979975461,0.002914190525189,64.0,32.0,0.5,0.0083697568625211,0,0.0,129,4,5,shapley-20260606T022342Z-cf9f7402,shapley,conditional
31,11111,5,1.0,0.0,0.0,0.0,32.0,0.0,1.0,0.0010000000474974,0,0.0,129,4,5,shapley-20260606T022342Z-cf9f7402,shapley,conditional
0,0,0,1.0,-0.7665085792541504,0.9058570861816406,0.3183217048645019,256.0,247.0489044189453,0.5875980854034424,0.1868700236082077,352,0.0349652118382642,169,5,6,shapley-20260606T022342Z-cf9f7402,shapley,conditional
1,10000,1,0.4000000059604645,-0.7902597188949585,0.9437152147293092,0.3192048072814941,256.0,247.0489044189453,0.4373089075088501,0.0754510685801506,192,0.0349652118382642,169,5,6,shapley-20260606T022342Z-cf9f7402,shapley,conditional
2,1000,1,0.4000000059604645,-0.378781110048294,0.1900698393583297,0.0465947091579437,217.28668212890625,185.28668212890625,0.1472708731889724,0.0294449068605899,32,0.0349652118382642,169,5,6,shapley-20260606T022342Z-cf9f7402,shapley,conditional
3,11000,2,0.2000000029802322,-0.2778443396091461,0.1122704073786735,0.0350729301571846,186.4055633544922,154.4055633544922,0.1716686934232711,0.0133393490687012,32,0.0349652118382642,169,5,6,shapley-20260606T022342Z-cf9f7402,shapley,conditional
4,100,1,0.4000000059604645,-0.6809016466140747,0.6585551500320435,0.1949281096458435,256.0,247.0489044189453,0.2798434793949127,0.0591799616813659,96,0.0349652118382642,169,5,6,shapley-20260606T022342Z-cf9f7402,shapley,conditional
5,10100,2,0.2000000029802322,-0.6531165838241577,0.6584053039550781,0.2318440377712249,256.0,247.0489044189453,0.2057554274797439,0.0327251851558685,64,0.0349652118382642,169,5,6,shapley-20260606T022342Z-cf9f7402,shapley,conditional
6,1100,2,0.2000000029802322,-0.1976430863142013,0.0627390146255493,0.023676224052906,186.4055633544922,154.4055633544922,0.1716686934232711,0.0111382380127906,32,0.0349652118382642,169,5,6,shapley-20260606T022342Z-cf9f7402,shapley,conditional
7,11100,3,0.2000000029802322,-0.1231929212808609,0.0287611130625009,0.0135846175253391,192.0,96.0,0.5,0.0086794467642903,0,0.0349652118382642,169,5,6,shapley-20260606T022342Z-cf9f7402,shapley,conditional
8,10,1,0.4000000059604645,-0.715785026550293,0.7696589231491089,0.2573107481002807,256.0,247.0489044189453,0.2798434793949127,0.0678444281220436,96,0.0349652118382642,169,5,6,shapley-20260606T022342Z-cf9f7402,shapley,conditional
9,10010,2,0.2000000029802322,-0.7278103828430176,0.7683164477348328,0.2386084794998169,217.28668212890625,185.28668212890625,0.1472708731889724,0.033184677362442,32,0.0349652118382642,169,5,6,shapley-20260606T022342Z-cf9f7402,shapley,conditional
10,1010,2,0.2000000029802322,-0.2406147420406341,0.0797327607870101,0.0218373052775859,93.76222229003906,61.76222610473633,0.3412888348102569,0.010736565105617,32,0.0349652118382642,169,5,6,shapley-20260606T022342Z-cf9f7402,shapley,conditional
11,11010,3,0.2000000029802322,-0.1734523028135299,0.0416392534971237,0.0115535520017147,187.52444458007807,123.52445220947266,0.3412888348102569,0.0080821318551898,64,0.0349652118382642,169,5,6,shapley-20260606T022342Z-cf9f7402,shapley,conditional
12,110,2,0.2000000029802322,-0.5632932782173157,0.4675096273422241,0.1502103209495544,249.28668212890625,185.28668212890625,0.2567325234413147,0.0265361927449703,64,0.0349652118382642,169,5,6,shapley-20260606T022342Z-cf9f7402,shapley,conditional
13,10110,3,0.2000000029802322,-0.5538442730903625,0.4997487664222717,0.1930052936077118,186.4055633544922,154.4055633544922,0.1716686934232711,0.0299461521208286,32,0.0349652118382642,169,5,6,shapley-20260606T022342Z-cf9f7402,shapley,conditional
14,1110,3,0.2000000029802322,-0.053009770810604,0.0073295421898365,0.0045195063576102,224.0,128.0,0.4285714328289032,0.0054294699802994,0,0.0349652118382642,169,5,6,shapley-20260606T022342Z-cf9f7402,shapley,conditional
15,11110,4,0.4000000059604645,-0.0035419245250523,0.0011331819696351,0.0011206367053091,96.0,32.0,0.6666666865348816,0.0054113212972879,0,0.0349652118382642,169,5,6,shapley-20260606T022342Z-cf9f7402,shapley,conditional
16,1,1,0.4000000059604645,-0.8412668108940125,1.008251667022705,0.3005217909812927,256.0,247.0489044189453,0.2057554274797439,0.0732394158840179,64,0.0349652118382642,169,5,6,shapley-20260606T022342Z-cf9f7402,shapley,conditional
17,10001,2,0.2000000029802322,-0.808326244354248,1.0152435302734375,0.36185222864151,256.0,247.0489044189453,0.2057554274797439,0.0406343601644039,64,0.0349652118382642,169,5,6,shapley-20260606T022342Z-cf9f7402,shapley,conditional
18,1001,2,0.2000000029802322,-0.3296168744564056,0.1415609121322631,0.0329136252403259,96.0,64.0,0.3333333432674408,0.0129534732550382,0,0.0349652118382642,169,5,6,shapley-20260606T022342Z-cf9f7402,shapley,conditional
19,11001,3,0.2000000029802322,-0.2939117550849914,0.1105473488569259,0.0241632312536239,64.0,32.0,0.5,0.0112419752404093,0,0.0349652118382642,169,5,6,shapley-20260606T022342Z-cf9f7402,shapley,conditional
20,101,2,0.2000000029802322,-0.6754823923110962,0.7075791358947754,0.2513026595115661,218.4055633544922,154.4055633544922,0.2930328249931335,0.0340297110378742,64,0.0349652118382642,169,5,6,shapley-20260606T022342Z-cf9f7402,shapley,conditional
21,10101,3,0.2000000029802322,-0.6198493838310242,0.568499743938446,0.1842864751815796,192.0,160.0,0.1666666716337204,0.0292847920209169,0,0.0349652118382642,169,5,6,shapley-20260606T022342Z-cf9f7402,shapley,conditional
22,1101,3,0.2000000029802322,-0.1854207068681717,0.05891565233469,0.0245348140597343,64.0,32.0,0.5,0.0113204251974821,0,0.0349652118382642,169,5,6,shapley-20260606T022342Z-cf9f7402,shapley,conditional
23,11101,4,0.4000000059604645,-0.0977457463741302,0.0196193568408489,0.0100651262328028,220.64334106445312,92.64334106445312,0.5801217555999756,0.0142204388976097,128,0.0349652118382642,169,5,6,shapley-20260606T022342Z-cf9f7402,shapley,conditional
24,11,2,0.2000000029802322,-0.7052496671676636,0.7075185179710388,0.2101414203643798,256.0,247.0489044189453,0.1146752387285232,0.0312038324773311,32,0.0349652118382642,169,5,6,shapley-20260606T022342Z-cf9f7402,shapley,conditional
25,10011,3,0.2000000029802322,-0.6693093180656433,0.6161817312240601,0.1682067811489105,256.0,247.0489044189453,0.1146752387285232,0.0280226524919271,32,0.0349652118382642,169,5,6,shapley-20260606T022342Z-cf9f7402,shapley,conditional
26,1011,3,0.2000000029802322,-0.2259096205234527,0.0628449022769928,0.0118097439408302,32.0,0.0,1.0,0.0081602223217487,0,0.0349652118382642,169,5,6,shapley-20260606T022342Z-cf9f7402,shapley,conditional
27,11011,4,0.4000000059604645,-0.1732635498046875,0.0413394421339035,0.0113191846758127,186.4055633544922,154.4055633544922,0.1716686934232711,0.0150198638439178,32,0.0349652118382642,169,5,6,shapley-20260606T022342Z-cf9f7402,shapley,conditional
28,111,3,0.2000000029802322,-0.5677059292793274,0.4686418771743774,0.1463518440723419,217.28668212890625,185.28668212890625,0.1472708731889724,0.0262060817331075,32,0.0349652118382642,169,5,6,shapley-20260606T022342Z-cf9f7402,shapley,conditional
29,10111,4,0.4000000059604645,-0.5377606153488159,0.4351777136325836,0.1459912359714508,256.0,247.0489044189453,0.1146752387285232,0.0513500198721885,32,0.0349652118382642,169,5,6,shapley-20260606T022342Z-cf9f7402,shapley,conditional
30,1111,4,0.4000000059604645,-0.0412299335002899,0.0046140979975461,0.002914190525189,64.0,32.0,0.5,0.0081136943772435,0,0.0349652118382642,169,5,6,shapley-20260606T022342Z-cf9f7402,shapley,conditional
31,11111,5,1.0,0.0,0.0,0.0,32.0,0.0,1.0,0.0010000000474974,0,0.0349652118382642,169,5,6,shapley-20260606T022342Z-cf9f7402,shapley,conditional
