node_id,mask,coalition_size,c_value,mean,second_moment,variance,effective_count,effective_count_pre,blend_weight,probability,n_new,global_progress,epoch,cycle,sampling_phase,run_id,training_type,shapley_tactic
0,0,0,1.0,-1.452397346496582,2.3864622116088867,0.2770042419433594,32.0,0.0,1.0,0.1957251727581024,32,0.0,49,0,1,shapley-20260606T022726Z-9cad32bb,shapley,baseline
1,10000,1,0.4000000059604645,-1.282149314880371,1.7706483602523804,0.1267415285110473,32.0,0.0,1.0,0.0536863766610622,32,0.0,49,0,1,shapley-20260606T022726Z-9cad32bb,shapley,baseline
2,1000,1,0.4000000059604645,-0.5174779891967773,0.3157709836959839,0.0479875206947326,32.0,0.0,1.0,0.0334192551672458,32,0.0,49,0,1,shapley-20260606T022726Z-9cad32bb,shapley,baseline
3,11000,2,0.2000000029802322,-0.3763250410556793,0.1675473898649215,0.0259268581867218,32.0,0.0,1.0,0.0129147209227085,32,0.0,49,0,1,shapley-20260606T022726Z-9cad32bb,shapley,baseline
4,100,1,0.4000000059604645,-1.1491237878799438,1.442314624786377,0.1218291521072387,32.0,0.0,1.0,0.0526552498340606,32,0.0,49,0,1,shapley-20260606T022726Z-9cad32bb,shapley,baseline
5,10100,2,0.2000000029802322,-1.0391440391540527,1.2931349277496338,0.2133146524429321,32.0,0.0,1.0,0.0351758413016796,32,0.0,49,0,1,shapley-20260606T022726Z-9cad32bb,shapley,baseline
6,1100,2,0.2000000029802322,-0.2272783517837524,0.0694526806473732,0.0177972316741943,32.0,0.0,1.0,0.0108715454116463,32,0.0,49,0,1,shapley-20260606T022726Z-9cad32bb,shapley,baseline
7,11100,3,0.2000000029802322,-0.1824419498443603,0.0500156283378601,0.0167305618524551,32.0,0.0,1.0,0.0105711501091718,32,0.0,49,0,1,shapley-20260606T022726Z-9cad32bb,shapley,baseline
8,10,1,0.4000000059604645,-1.1044824123382568,1.3944119215011597,0.1745305061340332,32.0,0.0,1.0,0.0628264844417572,32,0.0,49,0,1,shapley-20260606T022726Z-9cad32bb,shapley,baseline
9,10010,2,0.2000000029802322,-1.1823688745498655,1.5569885969161987,0.1589924097061157,32.0,0.0,1.0,0.0305051002651453,32,0.0,49,0,1,shapley-20260606T022726Z-9cad32bb,shapley,baseline
10,1010,2,0.2000000029802322,-0.2791674137115478,0.0937338843941688,0.0157994404435157,32.0,0.0,1.0,0.0103010023012757,32,0.0,49,0,1,shapley-20260606T022726Z-9cad32bb,shapley,baseline
11,11010,3,0.2000000029802322,-0.241980642080307,0.0734894275665283,0.0149347968399524,32.0,0.0,1.0,0.010042916983366,32,0.0,49,0,1,shapley-20260606T022726Z-9cad32bb,shapley,baseline
12,110,2,0.2000000029802322,-1.1035202741622925,1.2895228862762451,0.0717658996582031,32.0,0.0,1.0,0.0208229348063468,32,0.0,49,0,1,shapley-20260606T022726Z-9cad32bb,shapley,baseline
13,10110,3,0.2000000029802322,-0.7790526747703552,0.715741753578186,0.1088187098503112,32.0,0.0,1.0,0.0254095997661352,32,0.0,49,0,1,shapley-20260606T022726Z-9cad32bb,shapley,baseline
14,1110,3,0.2000000029802322,-0.1403112113475799,0.0327584110200405,0.0130711756646633,32.0,0.0,1.0,0.009459919296205,32,0.0,49,0,1,shapley-20260606T022726Z-9cad32bb,shapley,baseline
15,11110,4,0.4000000059604645,-0.0401065610349178,0.005807960871607,0.0041994247585535,32.0,0.0,1.0,0.0105903344228863,32,0.0,49,0,1,shapley-20260606T022726Z-9cad32bb,shapley,baseline
16,1,1,0.4000000059604645,-1.2691761255264282,1.870943069458008,0.2601350545883178,32.0,0.0,1.0,0.0764811187982559,32,0.0,49,0,1,shapley-20260606T022726Z-9cad32bb,shapley,baseline
17,10001,2,0.2000000029802322,-1.1237183809280396,1.4011290073394775,0.1383860111236572,32.0,0.0,1.0,0.0285267513245344,32,0.0,49,0,1,shapley-20260606T022726Z-9cad32bb,shapley,baseline
18,1001,2,0.2000000029802322,-0.3952223360538482,0.1874428987503051,0.0312422066926956,32.0,0.0,1.0,0.0140791563317179,32,0.0,49,0,1,shapley-20260606T022726Z-9cad32bb,shapley,baseline
19,11001,3,0.2000000029802322,-0.3006165027618408,0.1064481288194656,0.016077846288681,32.0,0.0,1.0,0.0103825917467474,32,0.0,49,0,1,shapley-20260606T022726Z-9cad32bb,shapley,baseline
20,101,2,0.2000000029802322,-0.9448317289352416,1.0361804962158203,0.1434735059738159,32.0,0.0,1.0,0.029028171673417,32,0.0,49,0,1,shapley-20260606T022726Z-9cad32bb,shapley,baseline
21,10101,3,0.2000000029802322,-0.9486582279205322,1.1435165405273438,0.2435641288757324,32.0,0.0,1.0,0.0375187173485755,32,0.0,49,0,1,shapley-20260606T022726Z-9cad32bb,shapley,baseline
22,1101,3,0.2000000029802322,-0.1816002428531646,0.0445355400443077,0.0115568935871124,32.0,0.0,1.0,0.0089548034593462,32,0.0,49,0,1,shapley-20260606T022726Z-9cad32bb,shapley,baseline
23,11101,4,0.4000000059604645,-0.1318534016609192,0.0296220779418945,0.0122367590665817,32.0,0.0,1.0,0.0173708833754062,32,0.0,49,0,1,shapley-20260606T022726Z-9cad32bb,shapley,baseline
24,11,2,0.2000000029802322,-0.997045397758484,1.0860934257507324,0.0919939279556274,32.0,0.0,1.0,0.0234433896839618,32,0.0,49,0,1,shapley-20260606T022726Z-9cad32bb,shapley,baseline
25,10011,3,0.2000000029802322,-1.1864802837371826,1.6231746673583984,0.2154392004013061,32.0,0.0,1.0,0.0353456102311611,32,0.0,49,0,1,shapley-20260606T022726Z-9cad32bb,shapley,baseline
26,1011,3,0.2000000029802322,-0.231296956539154,0.0631725341081619,0.0096742510795593,32.0,0.0,1.0,0.0082780923694372,32,0.0,49,0,1,shapley-20260606T022726Z-9cad32bb,shapley,baseline
27,11011,4,0.4000000059604645,-0.1805319190025329,0.0400821715593338,0.0074903964996337,32.0,0.0,1.0,0.0138082951307296,32,0.0,49,0,1,shapley-20260606T022726Z-9cad32bb,shapley,baseline
28,111,3,0.2000000029802322,-1.0082004070281982,1.255544900894165,0.2390768527984619,32.0,0.0,1.0,0.0371807590126991,32,0.0,49,0,1,shapley-20260606T022726Z-9cad32bb,shapley,baseline
29,10111,4,0.4000000059604645,-0.8527413606643677,0.9116314649581908,0.184463620185852,32.0,0.0,1.0,0.0645615234971046,32,0.0,49,0,1,shapley-20260606T022726Z-9cad32bb,shapley,baseline
30,1111,4,0.4000000059604645,-0.0788105949759483,0.0091791003942489,0.0029679904691874,32.0,0.0,1.0,0.0090625081211328,32,0.0,49,0,1,shapley-20260606T022726Z-9cad32bb,shapley,baseline
31,11111,5,1.0,0.0,0.0,0.0,32.0,0.0,1.0,0.0010000000474974,32,0.0,49,0,1,shapley-20260606T022726Z-9cad32bb,shapley,baseline
0,0,0,1.0,-1.4684737920761108,2.614662170410156,0.4582469463348388,256.0,32.0,0.8888888955116272,0.2057976126670837,256,0.0,69,1,2,shapley-20260606T022726Z-9cad32bb,shapley,baseline
1,10000,1,0.4000000059604645,-1.3087332248687744,1.9412579536437988,0.2284753322601318,128.0,32.0,0.75,0.0588435195386409,96,0.0,69,1,2,shapley-20260606T022726Z-9cad32bb,shapley,baseline
2,1000,1,0.4000000059604645,-0.5152468681335449,0.311121791601181,0.045642465353012,64.0,32.0,0.5,0.0268535204231739,32,0.0,69,1,2,shapley-20260606T022726Z-9cad32bb,shapley,baseline
3,11000,2,0.2000000029802322,-0.3763250410556793,0.1675473898649215,0.0259268581867218,32.0,0.0,1.0,0.0107427164912223,0,0.0,69,1,2,shapley-20260606T022726Z-9cad32bb,shapley,baseline
4,100,1,0.4000000059604645,-1.2473286390304563,1.838973879814148,0.2831451892852783,192.0,32.0,0.8333333134651184,0.0653931573033332,160,0.0,69,1,2,shapley-20260606T022726Z-9cad32bb,shapley,baseline
5,10100,2,0.2000000029802322,-1.1209591627120972,1.5404844284057615,0.2839349508285522,256.0,32.0,0.875,0.0332414470613002,224,0.0,69,1,2,shapley-20260606T022726Z-9cad32bb,shapley,baseline
6,1100,2,0.2000000029802322,-0.2558146119117737,0.0973371565341949,0.0318960398435592,64.0,32.0,0.5,0.0118062123656272,32,0.0,69,1,2,shapley-20260606T022726Z-9cad32bb,shapley,baseline
7,11100,3,0.2000000029802322,-0.1726725250482559,0.0440497137606143,0.0142339132726192,64.0,32.0,0.5,0.0082188379019498,32,0.0,69,1,2,shapley-20260606T022726Z-9cad32bb,shapley,baseline
8,10,1,0.4000000059604645,-1.1950290203094482,1.6045582294464111,0.1764638423919677,96.0,32.0,0.6666666865348816,0.051835011690855,64,0.0,69,1,2,shapley-20260606T022726Z-9cad32bb,shapley,baseline
9,10010,2,0.2000000029802322,-1.2054593563079834,1.6921288967132568,0.2389966249465942,96.0,32.0,0.6666666865348816,0.0305801909416914,64,0.0,69,1,2,shapley-20260606T022726Z-9cad32bb,shapley,baseline
10,1010,2,0.2000000029802322,-0.2791674137115478,0.0937338843941688,0.0157994404435157,32.0,0.0,1.0,0.0086054680868983,0,0.0,69,1,2,shapley-20260606T022726Z-9cad32bb,shapley,baseline
11,11010,3,0.2000000029802322,-0.241980642080307,0.0734894275665283,0.0149347968399524,32.0,0.0,1.0,0.008394431322813,0,0.0,69,1,2,shapley-20260606T022726Z-9cad32bb,shapley,baseline
12,110,2,0.2000000029802322,-1.0985851287841797,1.331594944000244,0.1247056722640991,64.0,32.0,0.5,0.0223672315478324,32,0.0,69,1,2,shapley-20260606T022726Z-9cad32bb,shapley,baseline
13,10110,3,0.2000000029802322,-0.7790526747703552,0.715741753578186,0.1088187098503112,32.0,0.0,1.0,0.0209598317742347,0,0.0,69,1,2,shapley-20260606T022726Z-9cad32bb,shapley,baseline
14,1110,3,0.2000000029802322,-0.1261456161737442,0.0276492312550544,0.0117365140467882,64.0,32.0,0.5,0.0075550302863121,32,0.0,69,1,2,shapley-20260606T022726Z-9cad32bb,shapley,baseline
15,11110,4,0.4000000059604645,-0.0383341871201992,0.0062906518578529,0.0048211421817541,96.0,32.0,0.6666666865348816,0.009402529336512,64,0.0,69,1,2,shapley-20260606T022726Z-9cad32bb,shapley,baseline
16,1,1,0.4000000059604645,-1.469349026679993,2.7105274200439453,0.5515408515930176,128.0,32.0,0.75,0.0908719152212143,96,0.0,69,1,2,shapley-20260606T022726Z-9cad32bb,shapley,baseline
17,10001,2,0.2000000029802322,-1.2773373126983645,2.090606689453125,0.4590160846710205,64.0,32.0,0.5,0.0419938825070858,32,0.0,69,1,2,shapley-20260606T022726Z-9cad32bb,shapley,baseline
18,1001,2,0.2000000029802322,-0.3906607031822204,0.1894180476665496,0.0368022620677948,96.0,32.0,0.6666666865348816,0.0126075986772775,64,0.0,69,1,2,shapley-20260606T022726Z-9cad32bb,shapley,baseline
19,11001,3,0.2000000029802322,-0.3006165027618408,0.1064481288194656,0.016077846288681,32.0,0.0,1.0,0.0086721843108534,0,0.0,69,1,2,shapley-20260606T022726Z-9cad32bb,shapley,baseline
20,101,2,0.2000000029802322,-1.0175366401672363,1.2196896076202393,0.1843087673187255,64.0,32.0,0.5,0.0269763469696044,32,0.0,69,1,2,shapley-20260606T022726Z-9cad32bb,shapley,baseline
21,10101,3,0.2000000029802322,-0.9750133752822876,1.3614749908447266,0.4108238816261291,64.0,32.0,0.5,0.0397822447121143,32,0.0,69,1,2,shapley-20260606T022726Z-9cad32bb,shapley,baseline
22,1101,3,0.2000000029802322,-0.1816002428531646,0.0445355400443077,0.0115568935871124,32.0,0.0,1.0,0.0075046764686703,0,0.0,69,1,2,shapley-20260606T022726Z-9cad32bb,shapley,baseline
23,11101,4,0.4000000059604645,-0.1034693270921707,0.0194046720862388,0.008698770776391,64.0,32.0,0.5,0.0122866239398717,32,0.0,69,1,2,shapley-20260606T022726Z-9cad32bb,shapley,baseline
24,11,2,0.2000000029802322,-1.1718071699142456,1.703597068786621,0.3304650783538818,64.0,32.0,0.5,0.0357830673456192,32,0.0,69,1,2,shapley-20260606T022726Z-9cad32bb,shapley,baseline
25,10011,3,0.2000000029802322,-1.1575878858566284,1.6049741506576538,0.2649644613265991,128.0,32.0,0.75,0.032145757228136,96,0.0,69,1,2,shapley-20260606T022726Z-9cad32bb,shapley,baseline
26,1011,3,0.2000000029802322,-0.231296956539154,0.0631725341081619,0.0096742510795593,32.0,0.0,1.0,0.0069513269700109,0,0.0,69,1,2,shapley-20260606T022726Z-9cad32bb,shapley,baseline
27,11011,4,0.4000000059604645,-0.1805319190025329,0.0400821715593338,0.0074903964996337,32.0,0.0,1.0,0.0114733958616852,0,0.0,69,1,2,shapley-20260606T022726Z-9cad32bb,shapley,baseline
28,111,3,0.2000000029802322,-1.0082004070281982,1.255544900894165,0.2390768527984619,32.0,0.0,1.0,0.0305851586163043,0,0.0,69,1,2,shapley-20260606T022726Z-9cad32bb,shapley,baseline
29,10111,4,0.4000000059604645,-0.8440078496932983,0.8985663652420044,0.1862171292304992,96.0,32.0,0.6666666865348816,0.0532209649682045,64,0.0,69,1,2,shapley-20260606T022726Z-9cad32bb,shapley,baseline
30,1111,4,0.4000000059604645,-0.0702302753925323,0.0078601874411106,0.0029278956353664,64.0,32.0,0.5,0.0075480639934539,32,0.0,69,1,2,shapley-20260606T022726Z-9cad32bb,shapley,baseline
31,11111,5,1.0,0.0,0.0,0.0,32.0,0.0,1.0,0.0010000000474974,0,0.0,69,1,2,shapley-20260606T022726Z-9cad32bb,shapley,baseline
0,0,0,1.0,-1.572220802307129,3.016690492630005,0.5448122024536133,256.0,256.0,0.6190476417541504,0.2109762579202652,416,0.0,89,2,3,shapley-20260606T022726Z-9cad32bb,shapley,baseline
1,10000,1,0.4000000059604645,-1.3268548250198364,2.083994150161743,0.3234504461288452,192.0,128.0,0.3333333432674408,0.0657158493995666,64,0.0,89,2,3,shapley-20260606T022726Z-9cad32bb,shapley,baseline
2,1000,1,0.4000000059604645,-0.491100549697876,0.3048030436038971,0.0636232942342758,96.0,64.0,0.3333333432674408,0.0297021754086017,32,0.0,89,2,3,shapley-20260606T022726Z-9cad32bb,shapley,baseline
3,11000,2,0.2000000029802322,-0.3515689969062805,0.1578856110572815,0.0342848524451255,64.0,32.0,0.5,0.0115348398685455,32,0.0,89,2,3,shapley-20260606T022726Z-9cad32bb,shapley,baseline
4,100,1,0.4000000059604645,-1.237453579902649,1.8204996585845947,0.2892082929611206,224.0,192.0,0.1428571492433548,0.062194462865591,32,0.0,89,2,3,shapley-20260606T022726Z-9cad32bb,shapley,baseline
5,10100,2,0.2000000029802322,-1.138482928276062,1.6359748840332031,0.3398314714431762,256.0,256.0,0.2000000029802322,0.034167181700468,64,0.0,89,2,3,shapley-20260606T022726Z-9cad32bb,shapley,baseline
6,1100,2,0.2000000029802322,-0.250102162361145,0.089919738471508,0.0273686498403549,96.0,64.0,0.3333333432674408,0.0104124676436185,32,0.0,89,2,3,shapley-20260606T022726Z-9cad32bb,shapley,baseline
7,11100,3,0.2000000029802322,-0.1726725250482559,0.0440497137606143,0.0142339132726192,64.0,32.0,0.5,0.007787954993546,0,0.0,89,2,3,shapley-20260606T022726Z-9cad32bb,shapley,baseline
8,10,1,0.4000000059604645,-1.3013978004455566,2.000770092010498,0.3071339130401611,192.0,96.0,0.5,0.0640624240040779,96,0.0,89,2,3,shapley-20260606T022726Z-9cad32bb,shapley,baseline
9,10010,2,0.2000000029802322,-1.1824404001235962,1.6649022102355957,0.2667368650436401,160.0,96.0,0.4000000059604645,0.0303844977170228,64,0.0,89,2,3,shapley-20260606T022726Z-9cad32bb,shapley,baseline
10,1010,2,0.2000000029802322,-0.2858087420463562,0.1041228622198104,0.02243622392416,64.0,32.0,0.5,0.0095221986994147,32,0.0,89,2,3,shapley-20260606T022726Z-9cad32bb,shapley,baseline
11,11010,3,0.2000000029802322,-0.2263320237398147,0.0638210475444793,0.0125948637723922,64.0,32.0,0.5,0.007385185919702,32,0.0,89,2,3,shapley-20260606T022726Z-9cad32bb,shapley,baseline
12,110,2,0.2000000029802322,-1.0985851287841797,1.331594944000244,0.1247056722640991,64.0,32.0,0.5,0.0210918486118316,0,0.0,89,2,3,shapley-20260606T022726Z-9cad32bb,shapley,baseline
13,10110,3,0.2000000029802322,-0.9036650657653807,0.9795861840248108,0.1629756093025207,96.0,32.0,0.6666666865348816,0.0239687878638505,64,0.0,89,2,3,shapley-20260606T022726Z-9cad32bb,shapley,baseline
14,1110,3,0.2000000029802322,-0.1261456161737442,0.0276492312550544,0.0117365140467882,64.0,32.0,0.5,0.0071637690998613,0,0.0,89,2,3,shapley-20260606T022726Z-9cad32bb,shapley,baseline
15,11110,4,0.4000000059604645,-0.036089714616537,0.0054941601119935,0.0041916924528777,128.0,96.0,0.25,0.0083671836182475,32,0.0,89,2,3,shapley-20260606T022726Z-9cad32bb,shapley,baseline
16,1,1,0.4000000059604645,-1.5125792026519775,2.839874744415283,0.5519788265228271,256.0,128.0,0.5,0.0855411142110824,128,0.0,89,2,3,shapley-20260606T022726Z-9cad32bb,shapley,baseline
17,10001,2,0.2000000029802322,-1.3409335613250732,2.314296007156372,0.516193151473999,160.0,64.0,0.6000000238418579,0.0418773591518402,96,0.0,89,2,3,shapley-20260606T022726Z-9cad32bb,shapley,baseline
18,1001,2,0.2000000029802322,-0.3929623663425445,0.1903927028179168,0.0359732806682586,128.0,96.0,0.25,0.0117911268025636,32,0.0,89,2,3,shapley-20260606T022726Z-9cad32bb,shapley,baseline
19,11001,3,0.2000000029802322,-0.3006165027618408,0.1064481288194656,0.016077846288681,32.0,0.0,1.0,0.0082142418250441,0,0.0,89,2,3,shapley-20260606T022726Z-9cad32bb,shapley,baseline
20,101,2,0.2000000029802322,-1.0175366401672363,1.2196896076202393,0.1843087673187255,64.0,32.0,0.5,0.0254258532077074,0,0.0,89,2,3,shapley-20260606T022726Z-9cad32bb,shapley,baseline
21,10101,3,0.2000000029802322,-1.041095733642578,1.4856247901916504,0.4017444849014282,192.0,64.0,0.6666666865348816,0.0370621569454669,128,0.0,89,2,3,shapley-20260606T022726Z-9cad32bb,shapley,baseline
22,1101,3,0.2000000029802322,-0.1816002428531646,0.0445355400443077,0.0115568935871124,32.0,0.0,1.0,0.0071164211258292,0,0.0,89,2,3,shapley-20260606T022726Z-9cad32bb,shapley,baseline
23,11101,4,0.4000000059604645,-0.1034693270921707,0.0194046720862388,0.008698770776391,64.0,32.0,0.5,0.0116129405796527,0,0.0,89,2,3,shapley-20260606T022726Z-9cad32bb,shapley,baseline
24,11,2,0.2000000029802322,-1.2243421077728271,1.843400001525879,0.3443864583969116,96.0,64.0,0.3333333432674408,0.0343887209892272,32,0.0,89,2,3,shapley-20260606T022726Z-9cad32bb,shapley,baseline
25,10011,3,0.2000000029802322,-1.1526367664337158,1.6172505617141724,0.2886790037155151,160.0,128.0,0.2000000029802322,0.0315692201256752,32,0.0,89,2,3,shapley-20260606T022726Z-9cad32bb,shapley,baseline
26,1011,3,0.2000000029802322,-0.231296956539154,0.0631725341081619,0.0096742510795593,32.0,0.0,1.0,0.006596100050956,0,0.0,89,2,3,shapley-20260606T022726Z-9cad32bb,shapley,baseline
27,11011,4,0.4000000059604645,-0.1669069677591323,0.0337577909231185,0.0058998558670282,64.0,32.0,0.5,0.0097403228282928,32,0.0,89,2,3,shapley-20260606T022726Z-9cad32bb,shapley,baseline
28,111,3,0.2000000029802322,-0.9681753516197203,1.160396933555603,0.2230334281921386,96.0,32.0,0.6666666865348816,0.0278696324676275,64,0.0,89,2,3,shapley-20260606T022726Z-9cad32bb,shapley,baseline
29,10111,4,0.4000000059604645,-0.7887400984764099,0.7965194582939148,0.1744084954261779,128.0,96.0,0.25,0.0485215447843074,32,0.0,89,2,3,shapley-20260606T022726Z-9cad32bb,shapley,baseline
30,1111,4,0.4000000059604645,-0.0666522681713104,0.0074459756724536,0.0030034510418772,96.0,64.0,0.3333333432674408,0.0072361575439572,32,0.0,89,2,3,shapley-20260606T022726Z-9cad32bb,shapley,baseline
31,11111,5,1.0,0.0,0.0,0.0,32.0,0.0,1.0,0.0010000000474974,0,0.0,89,2,3,shapley-20260606T022726Z-9cad32bb,shapley,baseline
0,0,0,1.0,-1.7021629810333252,3.621899127960205,0.7245402336120605,256.0,256.0,0.6521739363670349,0.2193449735641479,480,0.0,109,3,4,shapley-20260606T022726Z-9cad32bb,shapley,baseline
1,10000,1,0.4000000059604645,-1.4436304569244385,2.634687900543213,0.5506188869476318,256.0,192.0,0.4000000059604645,0.0771373137831687,128,0.0,109,3,4,shapley-20260606T022726Z-9cad32bb,shapley,baseline
2,1000,1,0.4000000059604645,-0.491100549697876,0.3048030436038971,0.0636232942342758,96.0,64.0,0.3333333432674408,0.0268809385597705,0,0.0,109,3,4,shapley-20260606T022726Z-9cad32bb,shapley,baseline
3,11000,2,0.2000000029802322,-0.3515689969062805,0.1578856110572815,0.0342848524451255,64.0,32.0,0.5,0.0104993330314755,0,0.0,109,3,4,shapley-20260606T022726Z-9cad32bb,shapley,baseline
4,100,1,0.4000000059604645,-1.2657474279403689,1.9571292400360107,0.3550126552581787,256.0,224.0,0.2222222238779068,0.0621355548501014,64,0.0,109,3,4,shapley-20260606T022726Z-9cad32bb,shapley,baseline
5,10100,2,0.2000000029802322,-1.138482928276062,1.6359748840332031,0.3398314714431762,256.0,256.0,0.2000000029802322,0.0309070628136396,0,0.0,109,3,4,shapley-20260606T022726Z-9cad32bb,shapley,baseline
6,1100,2,0.2000000029802322,-0.2308265119791031,0.0779318735003471,0.0246509946882724,128.0,96.0,0.25,0.0090548824518918,32,0.0,109,3,4,shapley-20260606T022726Z-9cad32bb,shapley,baseline
7,11100,3,0.2000000029802322,-0.1482111513614654,0.0350148379802703,0.013048293069005,96.0,64.0,0.3333333432674408,0.0068602859973907,32,0.0,109,3,4,shapley-20260606T022726Z-9cad32bb,shapley,baseline
8,10,1,0.4000000059604645,-1.3269935846328735,2.1381332874298096,0.3772213459014892,256.0,192.0,0.3333333432674408,0.0640188008546829,96,0.0,109,3,4,shapley-20260606T022726Z-9cad32bb,shapley,baseline
9,10010,2,0.2000000029802322,-1.2414109706878662,1.9397687911987305,0.398667573928833,256.0,160.0,0.375,0.0333927199244499,96,0.0,109,3,4,shapley-20260606T022726Z-9cad32bb,shapley,baseline
10,1010,2,0.2000000029802322,-0.2858087420463562,0.1041228622198104,0.02243622392416,64.0,32.0,0.5,0.0086845215409994,0,0.0,109,3,4,shapley-20260606T022726Z-9cad32bb,shapley,baseline
11,11010,3,0.2000000029802322,-0.2263320237398147,0.0638210475444793,0.0125948637723922,64.0,32.0,0.5,0.006757563445717,0,0.0,109,3,4,shapley-20260606T022726Z-9cad32bb,shapley,baseline
12,110,2,0.2000000029802322,-1.0998510122299194,1.431403398513794,0.2217311859130859,128.0,64.0,0.5,0.0251576863229274,64,0.0,109,3,4,shapley-20260606T022726Z-9cad32bb,shapley,baseline
13,10110,3,0.2000000029802322,-0.935739040374756,1.0651297569274902,0.1895222067832946,128.0,96.0,0.25,0.0233342833817005,32,0.0,109,3,4,shapley-20260606T022726Z-9cad32bb,shapley,baseline
14,1110,3,0.2000000029802322,-0.1261456161737442,0.0276492312550544,0.0117365140467882,64.0,32.0,0.5,0.0065579102374613,0,0.0,109,3,4,shapley-20260606T022726Z-9cad32bb,shapley,baseline
15,11110,4,0.4000000059604645,-0.0310685206204652,0.0042948955669999,0.0033296425826847,192.0,128.0,0.3333333432674408,0.0069206692278385,64,0.0,109,3,4,shapley-20260606T022726Z-9cad32bb,shapley,baseline
16,1,1,0.4000000059604645,-1.516418695449829,2.9304416179656982,0.6309158802032471,256.0,256.0,0.5,0.082500010728836,256,0.0,109,3,4,shapley-20260606T022726Z-9cad32bb,shapley,baseline
17,10001,2,0.2000000029802322,-1.4579088687896729,2.757568836212158,0.6320705413818359,224.0,160.0,0.2857142984867096,0.0417872779071331,64,0.0,109,3,4,shapley-20260606T022726Z-9cad32bb,shapley,baseline
18,1001,2,0.2000000029802322,-0.3929623663425445,0.1903927028179168,0.0359732806682586,128.0,96.0,0.25,0.0107304295524954,0,0.0,109,3,4,shapley-20260606T022726Z-9cad32bb,shapley,baseline
19,11001,3,0.2000000029802322,-0.2799789905548095,0.0978167876601219,0.019428551197052,64.0,32.0,0.5,0.0081509239971637,32,0.0,109,3,4,shapley-20260606T022726Z-9cad32bb,shapley,baseline
20,101,2,0.2000000029802322,-1.114617109298706,1.6095445156097412,0.3671731948852539,96.0,64.0,0.3333333432674408,0.0320868976414203,32,0.0,109,3,4,shapley-20260606T022726Z-9cad32bb,shapley,baseline
21,10101,3,0.2000000029802322,-1.041095733642578,1.4856247901916504,0.4017444849014282,192.0,64.0,0.6666666865348816,0.0335174798965454,0,0.0,109,3,4,shapley-20260606T022726Z-9cad32bb,shapley,baseline
22,1101,3,0.2000000029802322,-0.1816002428531646,0.0445355400443077,0.0115568935871124,32.0,0.0,1.0,0.0065152165479958,0,0.0,109,3,4,shapley-20260606T022726Z-9cad32bb,shapley,baseline
23,11101,4,0.4000000059604645,-0.1034693270921707,0.0194046720862388,0.008698770776391,64.0,32.0,0.5,0.0105697577819228,0,0.0,109,3,4,shapley-20260606T022726Z-9cad32bb,shapley,baseline
24,11,2,0.2000000029802322,-1.217199683189392,1.822039604187012,0.3404645919799804,128.0,96.0,0.25,0.0309349074959754,32,0.0,109,3,4,shapley-20260606T022726Z-9cad32bb,shapley,baseline
25,10011,3,0.2000000029802322,-1.182203769683838,1.7278811931610107,0.3302754163742065,192.0,160.0,0.1666666716337204,0.0304835718125104,32,0.0,109,3,4,shapley-20260606T022726Z-9cad32bb,shapley,baseline
26,1011,3,0.2000000029802322,-0.231296956539154,0.0631725341081619,0.0096742510795593,32.0,0.0,1.0,0.0060460399836301,0,0.0,109,3,4,shapley-20260606T022726Z-9cad32bb,shapley,baseline
27,11011,4,0.4000000059604645,-0.1669069677591323,0.0337577909231185,0.0058998558670282,64.0,32.0,0.5,0.0088812056928873,0,0.0,109,3,4,shapley-20260606T022726Z-9cad32bb,shapley,baseline
28,111,3,0.2000000029802322,-0.9681753516197203,1.160396933555603,0.2230334281921386,96.0,32.0,0.6666666865348816,0.0252285227179527,0,0.0,109,3,4,shapley-20260606T022726Z-9cad32bb,shapley,baseline
29,10111,4,0.4000000059604645,-0.8234834671020508,0.885186493396759,0.2070614695549011,160.0,128.0,0.2000000029802322,0.0476897545158863,32,0.0,109,3,4,shapley-20260606T022726Z-9cad32bb,shapley,baseline
30,1111,4,0.4000000059604645,-0.0602766461670398,0.0062348917126655,0.0026016177143901,128.0,96.0,0.25,0.0062335175462067,32,0.0,109,3,4,shapley-20260606T022726Z-9cad32bb,shapley,baseline
31,11111,5,1.0,0.0,0.0,0.0,32.0,0.0,1.0,0.0010000000474974,0,0.0,109,3,4,shapley-20260606T022726Z-9cad32bb,shapley,baseline
0,0,0,1.0,-1.791189432144165,4.095487594604492,0.8871281147003174,256.0,256.0,0.5,0.2183645516633987,256,0.0,129,4,5,shapley-20260606T022726Z-9cad32bb,shapley,baseline
1,10000,1,0.4000000059604645,-1.5790400505065918,3.371598720550537,0.8782312870025635,256.0,256.0,0.4285714328289032,0.087508738040924,192,0.0,129,4,5,shapley-20260606T022726Z-9cad32bb,shapley,baseline
2,1000,1,0.4000000059604645,-0.4614998698234558,0.2747570872306824,0.0617749541997909,128.0,96.0,0.25,0.0239436104893684,32,0.0,129,4,5,shapley-20260606T022726Z-9cad32bb,shapley,baseline
3,11000,2,0.2000000029802322,-0.3515689969062805,0.1578856110572815,0.0342848524451255,64.0,32.0,0.5,0.0095462724566459,0,0.0,129,4,5,shapley-20260606T022726Z-9cad32bb,shapley,baseline
4,100,1,0.4000000059604645,-1.304279327392578,2.164791822433472,0.4636472463607788,256.0,256.0,0.2000000029802322,0.0638563856482505,64,0.0,129,4,5,shapley-20260606T022726Z-9cad32bb,shapley,baseline
5,10100,2,0.2000000029802322,-1.1314702033996582,1.6223188638687134,0.3420940637588501,256.0,256.0,0.1111111119389534,0.0279959347099065,32,0.0,129,4,5,shapley-20260606T022726Z-9cad32bb,shapley,baseline
6,1100,2,0.2000000029802322,-0.2308265119791031,0.0779318735003471,0.0246509946882724,128.0,96.0,0.25,0.0082467421889305,0,0.0,129,4,5,shapley-20260606T022726Z-9cad32bb,shapley,baseline
7,11100,3,0.2000000029802322,-0.1378284841775894,0.0308724287897348,0.0118757374584674,128.0,96.0,0.25,0.00602985965088,32,0.0,129,4,5,shapley-20260606T022726Z-9cad32bb,shapley,baseline
8,10,1,0.4000000059604645,-1.4387139081954956,2.692766666412353,0.6228690147399902,256.0,256.0,0.4666666686534881,0.0738540887832641,224,0.0,129,4,5,shapley-20260606T022726Z-9cad32bb,shapley,baseline
9,10010,2,0.2000000029802322,-1.2729015350341797,2.100618362426758,0.4803400039672851,256.0,256.0,0.2000000029802322,0.0329889431595802,64,0.0,129,4,5,shapley-20260606T022726Z-9cad32bb,shapley,baseline
10,1010,2,0.2000000029802322,-0.2858087420463562,0.1041228622198104,0.02243622392416,64.0,32.0,0.5,0.00791353918612,0,0.0,129,4,5,shapley-20260606T022726Z-9cad32bb,shapley,baseline
11,11010,3,0.2000000029802322,-0.2263320237398147,0.0638210475444793,0.0125948637723922,64.0,32.0,0.5,0.0061799115501344,0,0.0,129,4,5,shapley-20260606T022726Z-9cad32bb,shapley,baseline
12,110,2,0.2000000029802322,-1.0998510122299194,1.431403398513794,0.2217311859130859,128.0,64.0,0.5,0.0227339640259742,0,0.0,129,4,5,shapley-20260606T022726Z-9cad32bb,shapley,baseline
13,10110,3,0.2000000029802322,-0.9436219930648804,1.1091293096542358,0.2187068462371826,224.0,128.0,0.4285714328289032,0.0225852336734533,96,0.0,129,4,5,shapley-20260606T022726Z-9cad32bb,shapley,baseline
14,1110,3,0.2000000029802322,-0.1261456161737442,0.0276492312550544,0.0117365140467882,64.0,32.0,0.5,0.0060002892278134,0,0.0,129,4,5,shapley-20260606T022726Z-9cad32bb,shapley,baseline
15,11110,4,0.4000000059604645,-0.0310685206204652,0.0042948955669999,0.0033296425826847,192.0,128.0,0.3333333432674408,0.0063266525976359,0,0.0,129,4,5,shapley-20260606T022726Z-9cad32bb,shapley,baseline
16,1,1,0.4000000059604645,-1.525661587715149,3.11637806892395,0.7887346744537354,256.0,256.0,0.2000000029802322,0.0829824730753898,64,0.0,129,4,5,shapley-20260606T022726Z-9cad32bb,shapley,baseline
17,10001,2,0.2000000029802322,-1.5001871585845947,2.9600086212158203,0.7094471454620361,256.0,224.0,0.125,0.0398763567209243,32,0.0,129,4,5,shapley-20260606T022726Z-9cad32bb,shapley,baseline
18,1001,2,0.2000000029802322,-0.3666861951351166,0.1717521548271179,0.0372933894395828,160.0,128.0,0.2000000029802322,0.0099133616313338,32,0.0,129,4,5,shapley-20260606T022726Z-9cad32bb,shapley,baseline
19,11001,3,0.2000000029802322,-0.2799789905548095,0.0978167876601219,0.019428551197052,64.0,32.0,0.5,0.0074334777891635,0,0.0,129,4,5,shapley-20260606T022726Z-9cad32bb,shapley,baseline
20,101,2,0.2000000029802322,-1.2286784648895264,1.9722782373428345,0.4626274108886719,128.0,96.0,0.25,0.0323936082422733,32,0.0,129,4,5,shapley-20260606T022726Z-9cad32bb,shapley,baseline
21,10101,3,0.2000000029802322,-1.1271908283233645,1.8213696479797363,0.5508104562759399,256.0,192.0,0.5384615659713745,0.0352552086114883,224,0.0,129,4,5,shapley-20260606T022726Z-9cad32bb,shapley,baseline
22,1101,3,0.2000000029802322,-0.1554352939128875,0.0344040356576442,0.0102439057081937,64.0,32.0,0.5,0.0056715211831033,32,0.0,129,4,5,shapley-20260606T022726Z-9cad32bb,shapley,baseline
23,11101,4,0.4000000059604645,-0.1034693270921707,0.0194046720862388,0.008698770776391,64.0,32.0,0.5,0.009609630331397,0,0.0,129,4,5,shapley-20260606T022726Z-9cad32bb,shapley,baseline
24,11,2,0.2000000029802322,-1.217199683189392,1.822039604187012,0.3404645919799804,128.0,96.0,0.25,0.027931559830904,0,0.0,129,4,5,shapley-20260606T022726Z-9cad32bb,shapley,baseline
25,10011,3,0.2000000029802322,-1.1468291282653809,1.6728755235671997,0.3576585054397583,224.0,192.0,0.1428571492433548,0.0286032259464263,32,0.0,129,4,5,shapley-20260606T022726Z-9cad32bb,shapley,baseline
26,1011,3,0.2000000029802322,-0.1972913593053817,0.0509290620684623,0.0120051801204681,64.0,32.0,0.5,0.006057197228074,32,0.0,129,4,5,shapley-20260606T022726Z-9cad32bb,shapley,baseline
27,11011,4,0.4000000059604645,-0.1669069677591323,0.0337577909231185,0.0058998558670282,64.0,32.0,0.5,0.0080904895439744,0,0.0,129,4,5,shapley-20260606T022726Z-9cad32bb,shapley,baseline
28,111,3,0.2000000029802322,-0.983704686164856,1.2867037057876587,0.3190287947654724,192.0,96.0,0.5,0.0270699691027402,96,0.0,129,4,5,shapley-20260606T022726Z-9cad32bb,shapley,baseline
29,10111,4,0.4000000059604645,-0.858877420425415,1.0005394220352173,0.2628690004348755,192.0,160.0,0.1666666716337204,0.0483287721872329,32,0.0,129,4,5,shapley-20260606T022726Z-9cad32bb,shapley,baseline
30,1111,4,0.4000000059604645,-0.0602766461670398,0.0062348917126655,0.0026016177143901,128.0,96.0,0.25,0.0057084430009126,0,0.0,129,4,5,shapley-20260606T022726Z-9cad32bb,shapley,baseline
31,11111,5,1.0,0.0,0.0,0.0,32.0,0.0,1.0,0.0010000000474974,0,0.0,129,4,5,shapley-20260606T022726Z-9cad32bb,shapley,baseline
0,0,0,1.0,-1.9807827472686768,5.362987041473389,1.439486742019653,256.0,248.0902557373047,0.6736041903495789,0.2518019378185272,512,0.0308974300287626,169,5,6,shapley-20260606T022726Z-9cad32bb,shapley,baseline
1,10000,1,0.4000000059604645,-1.7137131690979004,4.0054144859313965,1.0686016082763672,256.0,248.0902557373047,0.3920701444149017,0.0874360650777816,160,0.0308974300287626,169,5,6,shapley-20260606T022726Z-9cad32bb,shapley,baseline
2,1000,1,0.4000000059604645,-0.4614998698234558,0.2747570872306824,0.0617749541997909,128.0,96.0,0.25,0.021782286465168,0,0.0308974300287626,169,5,6,shapley-20260606T022726Z-9cad32bb,shapley,baseline
3,11000,2,0.2000000029802322,-0.3515689969062805,0.1578856110572815,0.0342848524451255,64.0,32.0,0.5,0.0087411990389227,0,0.0308974300287626,169,5,6,shapley-20260606T022726Z-9cad32bb,shapley,baseline
4,100,1,0.4000000059604645,-1.3245503902435305,2.2359769344329834,0.4815431833267212,256.0,248.0902557373047,0.1142488867044448,0.0590236037969589,32,0.0308974300287626,169,5,6,shapley-20260606T022726Z-9cad32bb,shapley,baseline
5,10100,2,0.2000000029802322,-1.1645073890686035,1.8057395219802856,0.4496620893478393,256.0,248.0902557373047,0.3403438329696655,0.0290349796414375,128,0.0308974300287626,169,5,6,shapley-20260606T022726Z-9cad32bb,shapley,baseline
6,1100,2,0.2000000029802322,-0.2157325446605682,0.0694136768579483,0.0228731445968151,156.04513549804688,124.04512786865234,0.2050688862800598,0.0073229540139436,32,0.0308974300287626,169,5,6,shapley-20260606T022726Z-9cad32bb,shapley,baseline
7,11100,3,0.2000000029802322,-0.1378284841775894,0.0308724287897348,0.0118757374584674,128.0,96.0,0.25,0.0055560385808348,0,0.0308974300287626,169,5,6,shapley-20260606T022726Z-9cad32bb,shapley,baseline
8,10,1,0.4000000059604645,-1.4998903274536133,2.9338455200195312,0.6841745376586914,256.0,248.0902557373047,0.2789965569972992,0.0701624825596809,96,0.0308974300287626,169,5,6,shapley-20260606T022726Z-9cad32bb,shapley,baseline
9,10010,2,0.2000000029802322,-1.3561954498291016,2.4608030319213867,0.6215369701385498,256.0,248.0902557373047,0.2050688862800598,0.0339602530002594,64,0.0308974300287626,169,5,6,shapley-20260606T022726Z-9cad32bb,shapley,baseline
10,1010,2,0.2000000029802322,-0.2651912569999695,0.0908775553107261,0.0205511525273323,94.02256774902344,62.02256393432617,0.3403438329696655,0.0069934260100126,32,0.0308974300287626,169,5,6,shapley-20260606T022726Z-9cad32bb,shapley,baseline
11,11010,3,0.2000000029802322,-0.2263320237398147,0.0638210475444793,0.0125948637723922,64.0,32.0,0.5,0.0056919548660516,0,0.0308974300287626,169,5,6,shapley-20260606T022726Z-9cad32bb,shapley,baseline
12,110,2,0.2000000029802322,-1.0998510122299194,1.431403398513794,0.2217311859130859,128.0,64.0,0.5,0.020686587318778,0,0.0308974300287626,169,5,6,shapley-20260606T022726Z-9cad32bb,shapley,baseline
13,10110,3,0.2000000029802322,-0.9587878584861756,1.1579569578170776,0.2386828064918518,249.0789794921875,217.0789794921875,0.1284733116626739,0.021425262093544,32,0.0308974300287626,169,5,6,shapley-20260606T022726Z-9cad32bb,shapley,baseline
14,1110,3,0.2000000029802322,-0.1261456161737442,0.0276492312550544,0.0117365140467882,64.0,32.0,0.5,0.0055292542092502,0,0.0308974300287626,169,5,6,shapley-20260606T022726Z-9cad32bb,shapley,baseline
15,11110,4,0.4000000059604645,-0.0310685206204652,0.0042948955669999,0.0033296425826847,192.0,128.0,0.3333333432674408,0.0058248732239007,0,0.0308974300287626,169,5,6,shapley-20260606T022726Z-9cad32bb,shapley,baseline
16,1,1,0.4000000059604645,-1.5391894578933716,3.2331249713897705,0.864020824432373,256.0,248.0902557373047,0.3403438329696655,0.0787229314446449,128,0.0308974300287626,169,5,6,shapley-20260606T022726Z-9cad32bb,shapley,baseline
17,10001,2,0.2000000029802322,-1.529012680053711,3.105407238006592,0.7675275802612305,256.0,248.0902557373047,0.1142488867044448,0.0376272313296794,32,0.0308974300287626,169,5,6,shapley-20260606T022726Z-9cad32bb,shapley,baseline
18,1001,2,0.2000000029802322,-0.3666861951351166,0.1717521548271179,0.0372933894395828,160.0,128.0,0.2000000029802322,0.0090737082064151,0,0.0308974300287626,169,5,6,shapley-20260606T022726Z-9cad32bb,shapley,baseline
19,11001,3,0.2000000029802322,-0.2799789905548095,0.0978167876601219,0.019428551197052,64.0,32.0,0.5,0.0068274331279098,0,0.0308974300287626,169,5,6,shapley-20260606T022726Z-9cad32bb,shapley,baseline
20,101,2,0.2000000029802322,-1.3224472999572754,2.3140366077423096,0.5651696920394897,220.04513549804688,124.04512786865234,0.4362741410732269,0.0324301570653915,96,0.0308974300287626,169,5,6,shapley-20260606T022726Z-9cad32bb,shapley,baseline
21,10101,3,0.2000000029802322,-1.1596803665161133,1.9447686672210691,0.5999101400375366,256.0,248.0902557373047,0.2050688862800598,0.0333817414939403,64,0.0308974300287626,169,5,6,shapley-20260606T022726Z-9cad32bb,shapley,baseline
22,1101,3,0.2000000029802322,-0.1396671533584594,0.0282712988555431,0.0087643843144178,94.02256774902344,62.02256393432617,0.3403438329696655,0.0049139726907014,32,0.0308974300287626,169,5,6,shapley-20260606T022726Z-9cad32bb,shapley,baseline
23,11101,4,0.4000000059604645,-0.1034693270921707,0.0194046720862388,0.008698770776391,64.0,32.0,0.5,0.0087985889986157,0,0.0308974300287626,169,5,6,shapley-20260606T022726Z-9cad32bb,shapley,baseline
24,11,2,0.2000000029802322,-1.217199683189392,1.822039604187012,0.3404645919799804,128.0,96.0,0.25,0.0253945626318454,0,0.0308974300287626,169,5,6,shapley-20260606T022726Z-9cad32bb,shapley,baseline
25,10011,3,0.2000000029802322,-1.1468291282653809,1.6728755235671997,0.3576585054397583,224.0,192.0,0.1428571492433548,0.0260029565542936,0,0.0308974300287626,169,5,6,shapley-20260606T022726Z-9cad32bb,shapley,baseline
26,1011,3,0.2000000029802322,-0.1972913593053817,0.0509290620684623,0.0120051801204681,64.0,32.0,0.5,0.00558080105111,0,0.0308974300287626,169,5,6,shapley-20260606T022726Z-9cad32bb,shapley,baseline
27,11011,4,0.4000000059604645,-0.1586530208587646,0.0314514115452766,0.00628063082695,94.02256774902344,62.02256393432617,0.3403438329696655,0.0076265698298811,32,0.0308974300287626,169,5,6,shapley-20260606T022726Z-9cad32bb,shapley,baseline
28,111,3,0.2000000029802322,-0.983704686164856,1.2867037057876587,0.3190287947654724,192.0,96.0,0.5,0.0246141366660594,0,0.0308974300287626,169,5,6,shapley-20260606T022726Z-9cad32bb,shapley,baseline
29,10111,4,0.4000000059604645,-0.937124490737915,1.2482929229736328,0.3700906038284302,256.0,186.06768798828125,0.3403438329696655,0.0518675819039344,96,0.0308974300287626,169,5,6,shapley-20260606T022726Z-9cad32bb,shapley,baseline
30,1111,4,0.4000000059604645,-0.0531985238194465,0.005310577340424,0.0024804943241178,156.04513549804688,124.04512786865234,0.2050688862800598,0.0051644365303218,32,0.0308974300287626,169,5,6,shapley-20260606T022726Z-9cad32bb,shapley,baseline
31,11111,5,1.0,0.0,0.0,0.0,32.0,0.0,1.0,0.0010000000474974,0,0.0308974300287626,169,5,6,shapley-20260606T022726Z-9cad32bb,shapley,baseline
0,0,0,1.0,-1.5997060537338257,2.899868965148926,0.3408095836639404,32.0,0.0,1.0,0.1613578200340271,32,0.0,49,0,1,shapley-20260606T022750Z-c51d920d,shapley,marginal
1,10000,1,0.4000000059604645,-1.4147372245788574,2.220722913742065,0.2192413806915283,32.0,0.0,1.0,0.0524464547634124,32,0.0,49,0,1,shapley-20260606T022750Z-c51d920d,shapley,marginal
2,1000,1,0.4000000059604645,-0.7268705368041992,0.63002610206604,0.101685345172882,32.0,0.0,1.0,0.0360367149114608,32,0.0,49,0,1,shapley-20260606T022750Z-c51d920d,shapley,marginal
3,11000,2,0.2000000029802322,-0.5885708332061768,0.4230392277240753,0.0766235888004303,32.0,0.0,1.0,0.0162070672959089,32,0.0,49,0,1,shapley-20260606T022750Z-c51d920d,shapley,marginal
4,100,1,0.4000000059604645,-1.4270638227462769,2.377241611480713,0.3407304286956787,32.0,0.0,1.0,0.0651356801390647,32,0.0,49,0,1,shapley-20260606T022750Z-c51d920d,shapley,marginal
5,10100,2,0.2000000029802322,-1.1453109979629517,1.5558366775512695,0.2440993785858154,32.0,0.0,1.0,0.0281423591077327,32,0.0,49,0,1,shapley-20260606T022750Z-c51d920d,shapley,marginal
6,1100,2,0.2000000029802322,-0.5597370266914368,0.5310105085372925,0.2177049815654754,32.0,0.0,1.0,0.0266329422593116,32,0.0,49,0,1,shapley-20260606T022750Z-c51d920d,shapley,marginal
7,11100,3,0.2000000029802322,-0.292734146118164,0.1311086118221283,0.0454153344035148,32.0,0.0,1.0,0.0127075351774692,32,0.0,49,0,1,shapley-20260606T022750Z-c51d920d,shapley,marginal
8,10,1,0.4000000059604645,-1.4401007890701294,2.342759370803833,0.2688691616058349,32.0,0.0,1.0,0.0579724237322807,32,0.0,49,0,1,shapley-20260606T022750Z-c51d920d,shapley,marginal
9,10010,2,0.2000000029802322,-1.196786403656006,1.7377843856811523,0.3054866790771484,32.0,0.0,1.0,0.0313640944659709,32,0.0,49,0,1,shapley-20260606T022750Z-c51d920d,shapley,marginal
10,1010,2,0.2000000029802322,-0.4716993570327759,0.291765809059143,0.069265529513359,32.0,0.0,1.0,0.0154584851115942,32,0.0,49,0,1,shapley-20260606T022750Z-c51d920d,shapley,marginal
11,11010,3,0.2000000029802322,-0.3520265817642212,0.1638145297765731,0.0398918166756629,32.0,0.0,1.0,0.0119725139811635,32,0.0,49,0,1,shapley-20260606T022750Z-c51d920d,shapley,marginal
12,110,2,0.2000000029802322,-1.2018791437149048,1.944917917251587,0.5004044771194458,32.0,0.0,1.0,0.039861973375082,32,0.0,49,0,1,shapley-20260606T022750Z-c51d920d,shapley,marginal
13,10110,3,0.2000000029802322,-0.8406729102134705,0.7901137471199036,0.0833827853202819,32.0,0.0,1.0,0.016863627359271,32,0.0,49,0,1,shapley-20260606T022750Z-c51d920d,shapley,marginal
14,1110,3,0.2000000029802322,-0.2074782401323318,0.082498550415039,0.0394513309001922,32.0,0.0,1.0,0.011911766603589,32,0.0,49,0,1,shapley-20260606T022750Z-c51d920d,shapley,marginal
15,11110,4,0.4000000059604645,-0.080120250582695,0.0213464014232158,0.0149271469563245,32.0,0.0,1.0,0.0144240213558077,32,0.0,49,0,1,shapley-20260606T022750Z-c51d920d,shapley,marginal
16,1,1,0.4000000059604645,-1.5773956775665283,3.029258728027344,0.5410816669464111,32.0,0.0,1.0,0.0818212702870369,32,0.0,49,0,1,shapley-20260606T022750Z-c51d920d,shapley,marginal
17,10001,2,0.2000000029802322,-1.288706660270691,1.954756259918213,0.2939914464950561,32.0,0.0,1.0,0.030787331983447,32,0.0,49,0,1,shapley-20260606T022750Z-c51d920d,shapley,marginal
18,1001,2,0.2000000029802322,-0.5906871557235718,0.4115872383117676,0.0626759231090545,32.0,0.0,1.0,0.0147535447031259,32,0.0,49,0,1,shapley-20260606T022750Z-c51d920d,shapley,marginal
19,11001,3,0.2000000029802322,-0.5106860399246216,0.2990278601646423,0.0382276177406311,32.0,0.0,1.0,0.0117412013933062,32,0.0,49,0,1,shapley-20260606T022750Z-c51d920d,shapley,marginal
20,101,2,0.2000000029802322,-1.2300217151641846,1.744489312171936,0.2315359115600586,32.0,0.0,1.0,0.027434641495347,32,0.0,49,0,1,shapley-20260606T022750Z-c51d920d,shapley,marginal
21,10101,3,0.2000000029802322,-1.2560913562774658,1.9687572717666624,0.3909918069839477,32.0,0.0,1.0,0.0353516861796379,32,0.0,49,0,1,shapley-20260606T022750Z-c51d920d,shapley,marginal
22,1101,3,0.2000000029802322,-0.3104646801948547,0.1582750380039215,0.0618867203593254,32.0,0.0,1.0,0.0146666783839464,32,0.0,49,0,1,shapley-20260606T022750Z-c51d920d,shapley,marginal
23,11101,4,0.4000000059604645,-0.1829268932342529,0.0935094058513641,0.0600471571087837,32.0,0.0,1.0,0.0279240533709526,32,0.0,49,0,1,shapley-20260606T022750Z-c51d920d,shapley,marginal
24,11,2,0.2000000029802322,-1.206434965133667,1.7108527421951294,0.2553673982620239,32.0,0.0,1.0,0.0287617594003677,32,0.0,49,0,1,shapley-20260606T022750Z-c51d920d,shapley,marginal
25,10011,3,0.2000000029802322,-1.0039054155349731,1.2651407718658447,0.2573146820068359,32.0,0.0,1.0,0.0288674049079418,32,0.0,49,0,1,shapley-20260606T022750Z-c51d920d,shapley,marginal
26,1011,3,0.2000000029802322,-0.3866667151451111,0.1817058771848678,0.0321947336196899,32.0,0.0,1.0,0.0108572691679,32,0.0,49,0,1,shapley-20260606T022750Z-c51d920d,shapley,marginal
27,11011,4,0.4000000059604645,-0.2264491319656372,0.0632699429988861,0.0119907334446907,32.0,0.0,1.0,0.0130314258858561,32,0.0,49,0,1,shapley-20260606T022750Z-c51d920d,shapley,marginal
28,111,3,0.2000000029802322,-1.02312433719635,1.29007089138031,0.243287444114685,32.0,0.0,1.0,0.0280971806496381,32,0.0,49,0,1,shapley-20260606T022750Z-c51d920d,shapley,marginal
29,10111,4,0.4000000059604645,-0.8412845730781555,0.8005691766738892,0.0928094387054443,32.0,0.0,1.0,0.0344726629555225,32,0.0,49,0,1,shapley-20260606T022750Z-c51d920d,shapley,marginal
30,1111,4,0.4000000059604645,-0.1107498407363891,0.0221729930490255,0.0099074654281139,32.0,0.0,1.0,0.0119364289566874,32,0.0,49,0,1,shapley-20260606T022750Z-c51d920d,shapley,marginal
31,11111,5,1.0,0.0,0.0,0.0,32.0,0.0,1.0,0.0010000000474974,32,0.0,49,0,1,shapley-20260606T022750Z-c51d920d,shapley,marginal
0,0,0,1.0,-1.6137347221374512,3.0473499298095703,0.4432101249694824,256.0,32.0,0.8999999761581421,0.1797898709774017,288,0.0,69,1,2,shapley-20260606T022750Z-c51d920d,shapley,marginal
1,10000,1,0.4000000059604645,-1.5123541355133057,2.6434783935546875,0.3562633991241455,224.0,32.0,0.8571428656578064,0.0651185438036918,192,0.0,69,1,2,shapley-20260606T022750Z-c51d920d,shapley,marginal
2,1000,1,0.4000000059604645,-0.7075053453445435,0.5941924452781677,0.0936286449432373,64.0,32.0,0.5,0.0338702015578746,32,0.0,69,1,2,shapley-20260606T022750Z-c51d920d,shapley,marginal
3,11000,2,0.2000000029802322,-0.5885708332061768,0.4230392277240753,0.0766235888004303,32.0,0.0,1.0,0.0158678889274597,0,0.0,69,1,2,shapley-20260606T022750Z-c51d920d,shapley,marginal
4,100,1,0.4000000059604645,-1.4418745040893557,2.4096837043762207,0.330681562423706,96.0,32.0,0.6666666865348816,0.0627736151218414,64,0.0,69,1,2,shapley-20260606T022750Z-c51d920d,shapley,marginal
5,10100,2,0.2000000029802322,-1.311884522438049,2.0835859775543213,0.3625450134277344,128.0,32.0,0.75,0.0333406701683998,96,0.0,69,1,2,shapley-20260606T022750Z-c51d920d,shapley,marginal
6,1100,2,0.2000000029802322,-0.5427234172821045,0.4913564026355743,0.1968076825141906,64.0,32.0,0.5,0.0248280819505453,32,0.0,69,1,2,shapley-20260606T022750Z-c51d920d,shapley,marginal
7,11100,3,0.2000000029802322,-0.292734146118164,0.1311086118221283,0.0454153344035148,32.0,0.0,1.0,0.0124464100226759,0,0.0,69,1,2,shapley-20260606T022750Z-c51d920d,shapley,marginal
8,10,1,0.4000000059604645,-1.4393370151519775,2.3424530029296875,0.2707619667053222,64.0,32.0,0.5,0.056897435337305,32,0.0,69,1,2,shapley-20260606T022750Z-c51d920d,shapley,marginal
9,10010,2,0.2000000029802322,-1.2018414735794067,1.7108386754989624,0.2664157152175903,64.0,32.0,0.5,0.028723495081067,32,0.0,69,1,2,shapley-20260606T022750Z-c51d920d,shapley,marginal
10,1010,2,0.2000000029802322,-0.4716993570327759,0.291765809059143,0.069265529513359,32.0,0.0,1.0,0.0151360025629401,0,0.0,69,1,2,shapley-20260606T022750Z-c51d920d,shapley,marginal
11,11010,3,0.2000000029802322,-0.3520265817642212,0.1638145297765731,0.0398918166756629,32.0,0.0,1.0,0.0117277819663286,0,0.0,69,1,2,shapley-20260606T022750Z-c51d920d,shapley,marginal
12,110,2,0.2000000029802322,-1.0990318059921265,1.555250644683838,0.3473796844482422,96.0,32.0,0.6666666865348816,0.0326570384204387,64,0.0,69,1,2,shapley-20260606T022750Z-c51d920d,shapley,marginal
13,10110,3,0.2000000029802322,-0.8406729102134705,0.7901137471199036,0.0833827853202819,32.0,0.0,1.0,0.0165098030120134,0,0.0,69,1,2,shapley-20260606T022750Z-c51d920d,shapley,marginal
14,1110,3,0.2000000029802322,-0.2074782401323318,0.082498550415039,0.0394513309001922,32.0,0.0,1.0,0.0116683896631002,0,0.0,69,1,2,shapley-20260606T022750Z-c51d920d,shapley,marginal
15,11110,4,0.4000000059604645,-0.080120250582695,0.0213464014232158,0.0149271469563245,32.0,0.0,1.0,0.0141246113926172,0,0.0,69,1,2,shapley-20260606T022750Z-c51d920d,shapley,marginal
16,1,1,0.4000000059604645,-1.571808934211731,2.885733366012573,0.4151499271392822,160.0,32.0,0.800000011920929,0.0702150464057922,128,0.0,69,1,2,shapley-20260606T022750Z-c51d920d,shapley,marginal
17,10001,2,0.2000000029802322,-1.3825080394744873,2.230010509490967,0.3186820745468139,192.0,32.0,0.8333333134651184,0.0313212350010871,160,0.0,69,1,2,shapley-20260606T022750Z-c51d920d,shapley,marginal
18,1001,2,0.2000000029802322,-0.6178938150405884,0.4653939306735992,0.083601176738739,64.0,32.0,0.5,0.0165301002562046,32,0.0,69,1,2,shapley-20260606T022750Z-c51d920d,shapley,marginal
19,11001,3,0.2000000029802322,-0.4886341094970703,0.2915576696395874,0.0527943819761276,64.0,32.0,0.5,0.0133413290604949,32,0.0,69,1,2,shapley-20260606T022750Z-c51d920d,shapley,marginal
20,101,2,0.2000000029802322,-1.263556957244873,1.8622841835021973,0.2657079696655273,64.0,32.0,0.5,0.0286866463720798,32,0.0,69,1,2,shapley-20260606T022750Z-c51d920d,shapley,marginal
21,10101,3,0.2000000029802322,-1.2292767763137815,1.7840412855148315,0.2729198932647705,128.0,32.0,0.75,0.0290598701685667,96,0.0,69,1,2,shapley-20260606T022750Z-c51d920d,shapley,marginal
22,1101,3,0.2000000029802322,-0.3407111763954162,0.1804858744144439,0.0644017681479454,64.0,32.0,0.5,0.0146306613460183,32,0.0,69,1,2,shapley-20260606T022750Z-c51d920d,shapley,marginal
23,11101,4,0.4000000059604645,-0.2201950699090957,0.0953218638896942,0.0468359962105751,96.0,32.0,0.6666666865348816,0.0242481231689453,64,0.0,69,1,2,shapley-20260606T022750Z-c51d920d,shapley,marginal
24,11,2,0.2000000029802322,-1.3050484657287598,2.005732536315918,0.3025810718536377,96.0,32.0,0.6666666865348816,0.0305453334003686,64,0.0,69,1,2,shapley-20260606T022750Z-c51d920d,shapley,marginal
25,10011,3,0.2000000029802322,-1.0039054155349731,1.2651407718658447,0.2573146820068359,32.0,0.0,1.0,0.028245847672224,0,0.0,69,1,2,shapley-20260606T022750Z-c51d920d,shapley,marginal
26,1011,3,0.2000000029802322,-0.3866667151451111,0.1817058771848678,0.0321947336196899,32.0,0.0,1.0,0.0106374127790331,0,0.0,69,1,2,shapley-20260606T022750Z-c51d920d,shapley,marginal
27,11011,4,0.4000000059604645,-0.2264491319656372,0.0632699429988861,0.0119907334446907,32.0,0.0,1.0,0.0127630764618515,0,0.0,69,1,2,shapley-20260606T022750Z-c51d920d,shapley,marginal
28,111,3,0.2000000029802322,-1.1490581035614014,1.60203218460083,0.2816976308822632,128.0,32.0,0.75,0.0295075327157974,96,0.0,69,1,2,shapley-20260606T022750Z-c51d920d,shapley,marginal
29,10111,4,0.4000000059604645,-0.8412845730781555,0.8005691766738892,0.0928094387054443,32.0,0.0,1.0,0.0337260849773883,0,0.0,69,1,2,shapley-20260606T022750Z-c51d920d,shapley,marginal
30,1111,4,0.4000000059604645,-0.1135932803153991,0.0200193785130977,0.0071159452199935,64.0,32.0,0.5,0.0100617967545986,32,0.0,69,1,2,shapley-20260606T022750Z-c51d920d,shapley,marginal
31,11111,5,1.0,0.0,0.0,0.0,32.0,0.0,1.0,0.0010000000474974,0,0.0,69,1,2,shapley-20260606T022750Z-c51d920d,shapley,marginal
0,0,0,1.0,-1.6281352043151855,3.1554017066955566,0.5045773983001709,256.0,256.0,0.4666666686534881,0.1696148216724395,224,0.0,89,2,3,shapley-20260606T022750Z-c51d920d,shapley,marginal
1,10000,1,0.4000000059604645,-1.4938669204711914,2.6315460205078125,0.3999075889587402,256.0,224.0,0.4166666567325592,0.0610442869365215,160,0.0,89,2,3,shapley-20260606T022750Z-c51d920d,shapley,marginal
2,1000,1,0.4000000059604645,-0.7538074254989624,0.7600107192993164,0.1917850971221923,128.0,64.0,0.5,0.042581420391798,64,0.0,89,2,3,shapley-20260606T022750Z-c51d920d,shapley,marginal
3,11000,2,0.2000000029802322,-0.6507315039634705,0.5303117036819458,0.1068602204322815,64.0,32.0,0.5,0.0165192205458879,32,0.0,89,2,3,shapley-20260606T022750Z-c51d920d,shapley,marginal
4,100,1,0.4000000059604645,-1.4519572257995603,2.515077829360962,0.406898021697998,160.0,96.0,0.4000000059604645,0.0615667961537838,64,0.0,89,2,3,shapley-20260606T022750Z-c51d920d,shapley,marginal
5,10100,2,0.2000000029802322,-1.311884522438049,2.0835859775543213,0.3625450134277344,128.0,32.0,0.75,0.0295853093266487,0,0.0,89,2,3,shapley-20260606T022750Z-c51d920d,shapley,marginal
6,1100,2,0.2000000029802322,-0.5429292917251587,0.4652045965194702,0.1704323887825012,160.0,64.0,0.6000000238418579,0.0205991826951503,96,0.0,89,2,3,shapley-20260606T022750Z-c51d920d,shapley,marginal
7,11100,3,0.2000000029802322,-0.292734146118164,0.1311086118221283,0.0454153344035148,32.0,0.0,1.0,0.0111172655597329,0,0.0,89,2,3,shapley-20260606T022750Z-c51d920d,shapley,marginal
8,10,1,0.4000000059604645,-1.538926124572754,2.8816051483154297,0.5133116245269775,224.0,64.0,0.7142857313156128,0.0690271705389022,160,0.0,89,2,3,shapley-20260606T022750Z-c51d920d,shapley,marginal
9,10010,2,0.2000000029802322,-1.3402581214904783,2.1883881092071533,0.3920962810516357,96.0,64.0,0.3333333432674408,0.0307274889200925,32,0.0,89,2,3,shapley-20260606T022750Z-c51d920d,shapley,marginal
10,1010,2,0.2000000029802322,-0.4716993570327759,0.291765809059143,0.069265529513359,32.0,0.0,1.0,0.0134945455938577,0,0.0,89,2,3,shapley-20260606T022750Z-c51d920d,shapley,marginal
11,11010,3,0.2000000029802322,-0.3987841010093689,0.2125748097896576,0.05354605615139,64.0,32.0,0.5,0.0119856465607881,32,0.0,89,2,3,shapley-20260606T022750Z-c51d920d,shapley,marginal
12,110,2,0.2000000029802322,-1.1432290077209473,1.701164960861206,0.3941923379898071,128.0,96.0,0.25,0.0308068431913852,32,0.0,89,2,3,shapley-20260606T022750Z-c51d920d,shapley,marginal
13,10110,3,0.2000000029802322,-1.2057424783706665,1.7976428270339966,0.3438278436660766,96.0,32.0,0.6666666865348816,0.0288376379758119,64,0.0,89,2,3,shapley-20260606T022750Z-c51d920d,shapley,marginal
14,1110,3,0.2000000029802322,-0.2074782401323318,0.082498550415039,0.0394513309001922,32.0,0.0,1.0,0.0104295881465077,0,0.0,89,2,3,shapley-20260606T022750Z-c51d920d,shapley,marginal
15,11110,4,0.4000000059604645,-0.1172320917248725,0.0294809490442276,0.0157375857234001,64.0,32.0,0.5,0.0129113486036658,32,0.0,89,2,3,shapley-20260606T022750Z-c51d920d,shapley,marginal
16,1,1,0.4000000059604645,-1.6130974292755127,3.098976850509644,0.4968936443328857,256.0,160.0,0.375,0.0679304227232933,96,0.0,89,2,3,shapley-20260606T022750Z-c51d920d,shapley,marginal
17,10001,2,0.2000000029802322,-1.3951832056045532,2.278400659561157,0.3318644762039184,224.0,192.0,0.1428571492433548,0.0283490512520074,32,0.0,89,2,3,shapley-20260606T022750Z-c51d920d,shapley,marginal
18,1001,2,0.2000000029802322,-0.6257494688034058,0.500037670135498,0.1084752678871154,96.0,64.0,0.3333333432674408,0.0166360568255186,32,0.0,89,2,3,shapley-20260606T022750Z-c51d920d,shapley,marginal
19,11001,3,0.2000000029802322,-0.4886341094970703,0.2915576696395874,0.0527943819761276,64.0,32.0,0.5,0.0119082666933536,0,0.0,89,2,3,shapley-20260606T022750Z-c51d920d,shapley,marginal
20,101,2,0.2000000029802322,-1.263556957244873,1.8622841835021973,0.2657079696655273,64.0,32.0,0.5,0.0254717022180557,0,0.0,89,2,3,shapley-20260606T022750Z-c51d920d,shapley,marginal
21,10101,3,0.2000000029802322,-1.24048912525177,1.89195454120636,0.3531413078308105,160.0,128.0,0.2000000029802322,0.0292121469974517,32,0.0,89,2,3,shapley-20260606T022750Z-c51d920d,shapley,marginal
22,1101,3,0.2000000029802322,-0.3753962516784668,0.2339550107717514,0.0930326581001281,96.0,64.0,0.3333333432674408,0.0154803683981299,32,0.0,89,2,3,shapley-20260606T022750Z-c51d920d,shapley,marginal
23,11101,4,0.4000000059604645,-0.217720940709114,0.0891822427511215,0.0417798347771167,128.0,96.0,0.25,0.0204077530652284,32,0.0,89,2,3,shapley-20260606T022750Z-c51d920d,shapley,marginal
24,11,2,0.2000000029802322,-1.4038846492767334,2.4640374183654785,0.4931453466415405,256.0,96.0,0.625,0.0343387499451637,160,0.0,89,2,3,shapley-20260606T022750Z-c51d920d,shapley,marginal
25,10011,3,0.2000000029802322,-1.1879019737243652,1.6436975002288818,0.23258638381958,64.0,32.0,0.5,0.0238957069814205,32,0.0,89,2,3,shapley-20260606T022750Z-c51d920d,shapley,marginal
26,1011,3,0.2000000029802322,-0.3866667151451111,0.1817058771848678,0.0321947336196899,32.0,0.0,1.0,0.009518327191472,0,0.0,89,2,3,shapley-20260606T022750Z-c51d920d,shapley,marginal
27,11011,4,0.4000000059604645,-0.2415487468242645,0.0690995007753372,0.0107537023723125,64.0,32.0,0.5,0.0108462497591972,32,0.0,89,2,3,shapley-20260606T022750Z-c51d920d,shapley,marginal
28,111,3,0.2000000029802322,-1.170175552368164,1.6744561195373535,0.305145263671875,192.0,128.0,0.3333333432674408,0.0272249821573495,64,0.0,89,2,3,shapley-20260606T022750Z-c51d920d,shapley,marginal
29,10111,4,0.4000000059604645,-0.907262086868286,1.058542013168335,0.2354175448417663,64.0,32.0,0.5,0.0470692627131938,32,0.0,89,2,3,shapley-20260606T022750Z-c51d920d,shapley,marginal
30,1111,4,0.4000000059604645,-0.1233042776584625,0.0239157751202583,0.0087118297815322,96.0,64.0,0.3333333432674408,0.0098623028025031,32,0.0,89,2,3,shapley-20260606T022750Z-c51d920d,shapley,marginal
31,11111,5,1.0,0.0,0.0,0.0,32.0,0.0,1.0,0.0010000000474974,0,0.0,89,2,3,shapley-20260606T022750Z-c51d920d,shapley,marginal
0,0,0,1.0,-1.7175519466400146,3.704766035079956,0.7547812461853027,256.0,256.0,0.2000000029802322,0.1702480614185333,64,0.0,109,3,4,shapley-20260606T022750Z-c51d920d,shapley,marginal
1,10000,1,0.4000000059604645,-1.4938669204711914,2.6315460205078125,0.3999075889587402,256.0,224.0,0.4166666567325592,0.0502779893577098,0,0.0,109,3,4,shapley-20260606T022750Z-c51d920d,shapley,marginal
2,1000,1,0.4000000059604645,-0.7692257761955261,0.7862159013748169,0.1945075988769531,192.0,128.0,0.3333333432674408,0.0353669859468936,64,0.0,109,3,4,shapley-20260606T022750Z-c51d920d,shapley,marginal
3,11000,2,0.2000000029802322,-0.6737854480743408,0.5736667513847351,0.1196799278259277,96.0,64.0,0.3333333432674408,0.0144788799807429,32,0.0,109,3,4,shapley-20260606T022750Z-c51d920d,shapley,marginal
4,100,1,0.4000000059604645,-1.6459062099456787,3.7410755157470703,1.0320682525634766,256.0,160.0,0.5833333134651184,0.0801639482378959,224,0.0,109,3,4,shapley-20260606T022750Z-c51d920d,shapley,marginal
5,10100,2,0.2000000029802322,-1.3779244422912598,2.3490092754364014,0.4503334760665893,192.0,128.0,0.3333333432674408,0.027146304026246,64,0.0,109,3,4,shapley-20260606T022750Z-c51d920d,shapley,marginal
6,1100,2,0.2000000029802322,-0.5380609035491943,0.4510425925254822,0.1615330576896667,192.0,160.0,0.1666666716337204,0.0166593566536903,32,0.0,109,3,4,shapley-20260606T022750Z-c51d920d,shapley,marginal
7,11100,3,0.2000000029802322,-0.292734146118164,0.1311086118221283,0.0454153344035148,32.0,0.0,1.0,0.0093031795695424,0,0.0,109,3,4,shapley-20260606T022750Z-c51d920d,shapley,marginal
8,10,1,0.4000000059604645,-1.623906493186951,3.2618470191955566,0.624774694442749,256.0,224.0,0.4166666567325592,0.0625934973359108,160,0.0,109,3,4,shapley-20260606T022750Z-c51d920d,shapley,marginal
9,10010,2,0.2000000029802322,-1.4865680932998655,3.025181293487549,0.8152966499328613,192.0,96.0,0.5,0.0361804142594337,96,0.0,109,3,4,shapley-20260606T022750Z-c51d920d,shapley,marginal
10,1010,2,0.2000000029802322,-0.501140296459198,0.3596309125423431,0.10848930478096,96.0,32.0,0.6666666865348816,0.0138332499191164,64,0.0,109,3,4,shapley-20260606T022750Z-c51d920d,shapley,marginal
11,11010,3,0.2000000029802322,-0.4128004908561706,0.2344819903373718,0.0640777498483657,96.0,64.0,0.3333333432674408,0.010862722992897,32,0.0,109,3,4,shapley-20260606T022750Z-c51d920d,shapley,marginal
12,110,2,0.2000000029802322,-1.2683415412902832,2.3274049758911133,0.718714714050293,160.0,128.0,0.2000000029802322,0.0340309776365757,32,0.0,109,3,4,shapley-20260606T022750Z-c51d920d,shapley,marginal
13,10110,3,0.2000000029802322,-1.2057424783706665,1.7976428270339966,0.3438278436660766,96.0,32.0,0.6666666865348816,0.0238461829721927,0,0.0,109,3,4,shapley-20260606T022750Z-c51d920d,shapley,marginal
14,1110,3,0.2000000029802322,-0.2074782401323318,0.082498550415039,0.0394513309001922,32.0,0.0,1.0,0.0087388064712286,0,0.0,109,3,4,shapley-20260606T022750Z-c51d920d,shapley,marginal
15,11110,4,0.4000000059604645,-0.1172320917248725,0.0294809490442276,0.0157375857234001,64.0,32.0,0.5,0.0107755735516548,0,0.0,109,3,4,shapley-20260606T022750Z-c51d920d,shapley,marginal
16,1,1,0.4000000059604645,-1.663600206375122,3.499654531478882,0.7320888042449951,256.0,256.0,0.3333333432674408,0.0676737800240516,128,0.0,109,3,4,shapley-20260606T022750Z-c51d920d,shapley,marginal
17,10001,2,0.2000000029802322,-1.438679575920105,2.537707805633545,0.4679088592529297,256.0,224.0,0.125,0.0276516303420066,32,0.0,109,3,4,shapley-20260606T022750Z-c51d920d,shapley,marginal
18,1001,2,0.2000000029802322,-0.6257494688034058,0.500037670135498,0.1084752678871154,96.0,64.0,0.3333333432674408,0.0138324201107025,0,0.0,109,3,4,shapley-20260606T022750Z-c51d920d,shapley,marginal
19,11001,3,0.2000000029802322,-0.5249956250190735,0.3783144652843475,0.1026940643787384,192.0,64.0,0.6666666865348816,0.0134857855737209,128,0.0,109,3,4,shapley-20260606T022750Z-c51d920d,shapley,marginal
20,101,2,0.2000000029802322,-1.297077178955078,2.0737504959106445,0.3913413286209106,128.0,64.0,0.5,0.025373674929142,64,0.0,109,3,4,shapley-20260606T022750Z-c51d920d,shapley,marginal
21,10101,3,0.2000000029802322,-1.3034422397613523,2.1410913467407227,0.4421297311782837,192.0,160.0,0.1666666716337204,0.0269070547074079,32,0.0,109,3,4,shapley-20260606T022750Z-c51d920d,shapley,marginal
22,1101,3,0.2000000029802322,-0.3753962516784668,0.2339550107717514,0.0930326581001281,96.0,64.0,0.3333333432674408,0.0128839518874883,0,0.0,109,3,4,shapley-20260606T022750Z-c51d920d,shapley,marginal
23,11101,4,0.4000000059604645,-0.222906231880188,0.0928731262683868,0.0431859381496906,160.0,128.0,0.2000000029802322,0.0171936359256505,32,0.0,109,3,4,shapley-20260606T022750Z-c51d920d,shapley,marginal
24,11,2,0.2000000029802322,-1.480888843536377,2.771277666091919,0.5782458782196045,256.0,256.0,0.2727272808551788,0.030627803876996,96,0.0,109,3,4,shapley-20260606T022750Z-c51d920d,shapley,marginal
25,10011,3,0.2000000029802322,-1.389291524887085,2.5426063537597656,0.6124753952026367,192.0,64.0,0.6666666865348816,0.0314921103417873,128,0.0,109,3,4,shapley-20260606T022750Z-c51d920d,shapley,marginal
26,1011,3,0.2000000029802322,-0.3866667151451111,0.1817058771848678,0.0321947336196899,32.0,0.0,1.0,0.0079909395426511,0,0.0,109,3,4,shapley-20260606T022750Z-c51d920d,shapley,marginal
27,11011,4,0.4000000059604645,-0.2491311877965927,0.0773962885141372,0.0153299383819103,96.0,64.0,0.3333333432674408,0.0106481350958347,32,0.0,109,3,4,shapley-20260606T022750Z-c51d920d,shapley,marginal
28,111,3,0.2000000029802322,-1.227097988128662,1.9576263427734373,0.4518568515777588,224.0,192.0,0.1428571492433548,0.0271904878318309,32,0.0,109,3,4,shapley-20260606T022750Z-c51d920d,shapley,marginal
29,10111,4,0.4000000059604645,-1.2494285106658936,2.421195268630981,0.8601236343383789,96.0,64.0,0.3333333432674408,0.0732692629098892,32,0.0,109,3,4,shapley-20260606T022750Z-c51d920d,shapley,marginal
30,1111,4,0.4000000059604645,-0.1233042776584625,0.0239157751202583,0.0087118297815322,96.0,64.0,0.3333333432674408,0.0082732392475008,0,0.0,109,3,4,shapley-20260606T022750Z-c51d920d,shapley,marginal
31,11111,5,1.0,0.0,0.0,0.0,32.0,0.0,1.0,0.0010000000474974,0,0.0,109,3,4,shapley-20260606T022750Z-c51d920d,shapley,marginal
0,0,0,1.0,-1.8111828565597532,4.201896667480469,0.9215133190155028,256.0,256.0,0.4285714328289032,0.174503818154335,192,0.0,129,4,5,shapley-20260606T022750Z-c51d920d,shapley,marginal
1,10000,1,0.4000000059604645,-1.50234854221344,2.713879108428955,0.4568278789520263,256.0,256.0,0.1111111119389534,0.0498646162450313,32,0.0,129,4,5,shapley-20260606T022750Z-c51d920d,shapley,marginal
2,1000,1,0.4000000059604645,-0.7763636708259583,0.813491702079773,0.2107511758804321,256.0,192.0,0.25,0.0341896899044513,64,0.0,129,4,5,shapley-20260606T022750Z-c51d920d,shapley,marginal
3,11000,2,0.2000000029802322,-0.6730176210403442,0.5659505128860474,0.1129978001117706,128.0,96.0,0.25,0.0131513131782412,32,0.0,129,4,5,shapley-20260606T022750Z-c51d920d,shapley,marginal
4,100,1,0.4000000059604645,-1.685401201248169,3.906063079833984,1.065485954284668,256.0,256.0,0.2727272808551788,0.0756263360381126,96,0.0,129,4,5,shapley-20260606T022750Z-c51d920d,shapley,marginal
5,10100,2,0.2000000029802322,-1.523576259613037,3.057703733444214,0.7364192008972168,256.0,192.0,0.25,0.0320206396281719,64,0.0,129,4,5,shapley-20260606T022750Z-c51d920d,shapley,marginal
6,1100,2,0.2000000029802322,-0.5725000500679016,0.5195277333259583,0.1917714178562164,256.0,192.0,0.25,0.0168299730867147,64,0.0,129,4,5,shapley-20260606T022750Z-c51d920d,shapley,marginal
7,11100,3,0.2000000029802322,-0.292734146118164,0.1311086118221283,0.0454153344035148,32.0,0.0,1.0,0.0087035242468118,0,0.0,129,4,5,shapley-20260606T022750Z-c51d920d,shapley,marginal
8,10,1,0.4000000059604645,-1.6778713464736938,3.6507067680358887,0.8354544639587402,256.0,256.0,0.2000000029802322,0.0670814588665962,64,0.0,129,4,5,shapley-20260606T022750Z-c51d920d,shapley,marginal
9,10010,2,0.2000000029802322,-1.489377498626709,3.0615439414978027,0.8432986736297607,224.0,192.0,0.1428571492433548,0.0341954790055751,32,0.0,129,4,5,shapley-20260606T022750Z-c51d920d,shapley,marginal
10,1010,2,0.2000000029802322,-0.501140296459198,0.3596309125423431,0.10848930478096,96.0,32.0,0.6666666865348816,0.0129064340144395,0,0.0,129,4,5,shapley-20260606T022750Z-c51d920d,shapley,marginal
11,11010,3,0.2000000029802322,-0.4103466868400574,0.2337048202753067,0.0653204172849655,128.0,96.0,0.25,0.0102387396618723,32,0.0,129,4,5,shapley-20260606T022750Z-c51d920d,shapley,marginal
12,110,2,0.2000000029802322,-1.2683415412902832,2.3274049758911133,0.718714714050293,160.0,128.0,0.2000000029802322,0.0316454842686653,0,0.0,129,4,5,shapley-20260606T022750Z-c51d920d,shapley,marginal
13,10110,3,0.2000000029802322,-1.2057424783706665,1.7976428270339966,0.3438278436660766,96.0,32.0,0.6666666865348816,0.0221962351351976,0,0.0,129,4,5,shapley-20260606T022750Z-c51d920d,shapley,marginal
14,1110,3,0.2000000029802322,-0.2074782401323318,0.082498550415039,0.0394513309001922,32.0,0.0,1.0,0.0081799104809761,0,0.0,129,4,5,shapley-20260606T022750Z-c51d920d,shapley,marginal
15,11110,4,0.4000000059604645,-0.1111260652542114,0.0300011970102787,0.0176521949470043,96.0,64.0,0.3333333432674408,0.0106054479256272,32,0.0,129,4,5,shapley-20260606T022750Z-c51d920d,shapley,marginal
16,1,1,0.4000000059604645,-1.760582685470581,4.0040154457092285,0.9043641090393066,256.0,256.0,0.4285714328289032,0.0697527229785919,192,0.0,129,4,5,shapley-20260606T022750Z-c51d920d,shapley,marginal
17,10001,2,0.2000000029802322,-1.4494240283966064,2.579869508743286,0.4790394306182861,256.0,256.0,0.1111111119389534,0.026019224897027,32,0.0,129,4,5,shapley-20260606T022750Z-c51d920d,shapley,marginal
18,1001,2,0.2000000029802322,-0.7120462656021118,0.7131311297416687,0.2061212658882141,192.0,96.0,0.5,0.0174115523695945,96,0.0,129,4,5,shapley-20260606T022750Z-c51d920d,shapley,marginal
19,11001,3,0.2000000029802322,-0.5337019562721252,0.3916642665863037,0.1068264842033386,224.0,192.0,0.1428571492433548,0.0128148356452584,32,0.0,129,4,5,shapley-20260606T022750Z-c51d920d,shapley,marginal
20,101,2,0.2000000029802322,-1.3810980319976809,2.5273308753967285,0.6198991537094116,160.0,128.0,0.2000000029802322,0.0294609069824218,32,0.0,129,4,5,shapley-20260606T022750Z-c51d920d,shapley,marginal
21,10101,3,0.2000000029802322,-1.3034422397613523,2.1410913467407227,0.4421297311782837,192.0,160.0,0.1666666716337204,0.0250360500067472,0,0.0,129,4,5,shapley-20260606T022750Z-c51d920d,shapley,marginal
22,1101,3,0.2000000029802322,-0.3933382630348205,0.2633427381515503,0.1086277514696121,160.0,96.0,0.4000000059604645,0.0129140289500355,64,0.0,129,4,5,shapley-20260606T022750Z-c51d920d,shapley,marginal
23,11101,4,0.4000000059604645,-0.2292462736368179,0.0948874875903129,0.0423336327075958,192.0,160.0,0.1666666716337204,0.0158751383423805,32,0.0,129,4,5,shapley-20260606T022750Z-c51d920d,shapley,marginal
24,11,2,0.2000000029802322,-1.485515832901001,2.786738395690918,0.5799810886383057,256.0,256.0,0.1111111119389534,0.0285292975604534,32,0.0,129,4,5,shapley-20260606T022750Z-c51d920d,shapley,marginal
25,10011,3,0.2000000029802322,-1.4792802333831787,2.942400455474853,0.7541303634643555,256.0,192.0,0.25,0.0323914512991905,64,0.0,129,4,5,shapley-20260606T022750Z-c51d920d,shapley,marginal
26,1011,3,0.2000000029802322,-0.3866667151451111,0.1817058771848678,0.0321947336196899,32.0,0.0,1.0,0.0074860551394522,0,0.0,129,4,5,shapley-20260606T022750Z-c51d920d,shapley,marginal
27,11011,4,0.4000000059604645,-0.2506844401359558,0.0788880959153175,0.016045406460762,128.0,96.0,0.25,0.0101578515022993,32,0.0,129,4,5,shapley-20260606T022750Z-c51d920d,shapley,marginal
28,111,3,0.2000000029802322,-1.3361730575561523,2.483713388442993,0.698354959487915,256.0,224.0,0.3000000119209289,0.0312083065509796,96,0.0,129,4,5,shapley-20260606T022750Z-c51d920d,shapley,marginal
29,10111,4,0.4000000059604645,-1.4066981077194214,2.85522198677063,0.8764224052429199,256.0,96.0,0.625,0.06868227571249,160,0.0,129,4,5,shapley-20260606T022750Z-c51d920d,shapley,marginal
30,1111,4,0.4000000059604645,-0.1301245987415313,0.0301802288740873,0.0132478177547454,128.0,96.0,0.25,0.0093212854117155,32,0.0,129,4,5,shapley-20260606T022750Z-c51d920d,shapley,marginal
31,11111,5,1.0,0.0,0.0,0.0,32.0,0.0,1.0,0.0010000000474974,0,0.0,129,4,5,shapley-20260606T022750Z-c51d920d,shapley,marginal
0,0,0,1.0,-1.8293160200119016,4.381305694580078,1.0349085330963137,256.0,250.3305206298828,0.5610781908035278,0.1741108000278473,320,0.0221464096512968,169,5,6,shapley-20260606T022750Z-c51d920d,shapley,marginal
1,10000,1,0.4000000059604645,-1.5437604188919067,2.872014284133911,0.4888181686401367,256.0,250.3305206298828,0.1133423298597335,0.0485890284180641,32,0.0221464096512968,169,5,6,shapley-20260606T022750Z-c51d920d,shapley,marginal
2,1000,1,0.4000000059604645,-0.802521288394928,0.8792593479156494,0.2352189421653747,256.0,250.3305206298828,0.1133423298597335,0.0340118072926998,32,0.0221464096512968,169,5,6,shapley-20260606T022750Z-c51d920d,shapley,marginal
3,11000,2,0.2000000029802322,-0.6730176210403442,0.5659505128860474,0.1129978001117706,128.0,96.0,0.25,0.0124403210356831,0,0.0221464096512968,169,5,6,shapley-20260606T022750Z-c51d920d,shapley,marginal
4,100,1,0.4000000059604645,-1.748664617538452,4.277373790740967,1.219545841217041,256.0,250.3305206298828,0.3383285105228424,0.0761678814888,128,0.0221464096512968,169,5,6,shapley-20260606T022750Z-c51d920d,shapley,marginal
5,10100,2,0.2000000029802322,-1.582948088645935,3.3094305992126465,0.8037059307098389,256.0,250.3305206298828,0.1133423298597335,0.0315106734633445,32,0.0221464096512968,169,5,6,shapley-20260606T022750Z-c51d920d,shapley,marginal
6,1100,2,0.2000000029802322,-0.567224383354187,0.5049564838409424,0.1832129955291748,256.0,250.3305206298828,0.1133423298597335,0.0155673762783408,32,0.0221464096512968,169,5,6,shapley-20260606T022750Z-c51d920d,shapley,marginal
7,11100,3,0.2000000029802322,-0.292734146118164,0.1311086118221283,0.0454153344035148,32.0,0.0,1.0,0.0082527790218591,0,0.0221464096512968,169,5,6,shapley-20260606T022750Z-c51d920d,shapley,marginal
8,10,1,0.4000000059604645,-1.6891355514526367,3.765606641769409,0.9124276638031006,256.0,250.3305206298828,0.1133423298597335,0.0660178214311599,32,0.0221464096512968,169,5,6,shapley-20260606T022750Z-c51d920d,shapley,marginal
9,10010,2,0.2000000029802322,-1.5274064540863037,3.17399525642395,0.8410248756408691,251.0391998291016,219.0391998291016,0.1274701356887817,0.0322109945118427,32,0.0221464096512968,169,5,6,shapley-20260606T022750Z-c51d920d,shapley,marginal
10,1010,2,0.2000000029802322,-0.501140296459198,0.3596309125423431,0.10848930478096,96.0,32.0,0.6666666865348816,0.0122097693383693,0,0.0221464096512968,169,5,6,shapley-20260606T022750Z-c51d920d,shapley,marginal
11,11010,3,0.2000000029802322,-0.4164976179599762,0.2552908658981323,0.0818206071853637,189.16525268554688,125.1652603149414,0.3383285105228424,0.0107349678874015,64,0.0221464096512968,169,5,6,shapley-20260606T022750Z-c51d920d,shapley,marginal
12,110,2,0.2000000029802322,-1.380419135093689,2.763309955596924,0.8577529191970825,188.45657348632807,156.45657348632812,0.1698003858327865,0.0325198583304882,32,0.0221464096512968,169,5,6,shapley-20260606T022750Z-c51d920d,shapley,marginal
13,10110,3,0.2000000029802322,-1.4736876487731934,2.798173666000366,0.6264183521270752,221.8739471435547,93.87394714355467,0.5769041180610657,0.0279361438006162,128,0.0221464096512968,169,5,6,shapley-20260606T022750Z-c51d920d,shapley,marginal
14,1110,3,0.2000000029802322,-0.2074782401323318,0.082498550415039,0.0394513309001922,32.0,0.0,1.0,0.0077598025090992,0,0.0221464096512968,169,5,6,shapley-20260606T022750Z-c51d920d,shapley,marginal
15,11110,4,0.4000000059604645,-0.1111260652542114,0.0300011970102787,0.0176521949470043,96.0,64.0,0.3333333432674408,0.0100434171035885,0,0.0221464096512968,169,5,6,shapley-20260606T022750Z-c51d920d,shapley,marginal
16,1,1,0.4000000059604645,-1.80808699131012,4.418218612670898,1.1490399837493896,256.0,250.3305206298828,0.3899295628070831,0.0739626809954643,160,0.0221464096512968,169,5,6,shapley-20260606T022750Z-c51d920d,shapley,marginal
17,10001,2,0.2000000029802322,-1.5268770456314087,2.952519178390503,0.6211657524108887,256.0,250.3305206298828,0.1133423298597335,0.0278229769319295,32,0.0221464096512968,169,5,6,shapley-20260606T022750Z-c51d920d,shapley,marginal
18,1001,2,0.2000000029802322,-0.7120462656021118,0.7131311297416687,0.2061212658882141,192.0,96.0,0.5,0.01645128428936,0,0.0221464096512968,169,5,6,shapley-20260606T022750Z-c51d920d,shapley,marginal
19,11001,3,0.2000000029802322,-0.5584118366241455,0.4921661019325256,0.1803423166275024,251.0391998291016,219.0391998291016,0.1274701356887817,0.0154528003185987,32,0.0221464096512968,169,5,6,shapley-20260606T022750Z-c51d920d,shapley,marginal
20,101,2,0.2000000029802322,-1.43968403339386,2.740358829498291,0.6676688194274902,220.45657348632807,156.45657348632812,0.2903065979480743,0.0288088973611593,64,0.0221464096512968,169,5,6,shapley-20260606T022750Z-c51d920d,shapley,marginal
21,10101,3,0.2000000029802322,-1.4841996431350708,3.022246837615967,0.8193981647491455,256.0,187.74789428710935,0.4601034224033355,0.0318070873618125,160,0.0221464096512968,169,5,6,shapley-20260606T022750Z-c51d920d,shapley,marginal
22,1101,3,0.2000000029802322,-0.4077085852622986,0.282406210899353,0.1161799132823944,188.45657348632807,156.45657348632812,0.1698003858327865,0.0126002877950668,32,0.0221464096512968,169,5,6,shapley-20260606T022750Z-c51d920d,shapley,marginal
23,11101,4,0.4000000059604645,-0.2304482609033584,0.0932883247733116,0.0401819236576557,219.74789428710935,187.74789428710935,0.1456214189529419,0.0146442148834466,32,0.0221464096512968,169,5,6,shapley-20260606T022750Z-c51d920d,shapley,marginal
24,11,2,0.2000000029802322,-1.485515832901001,2.786738395690918,0.5799810886383057,256.0,256.0,0.1111111119389534,0.026918513700366,0,0.0221464096512968,169,5,6,shapley-20260606T022750Z-c51d920d,shapley,marginal
25,10011,3,0.2000000029802322,-1.5418760776519775,3.209601879119873,0.8322200775146484,256.0,250.3305206298828,0.2036073356866836,0.032047189772129,64,0.0221464096512968,169,5,6,shapley-20260606T022750Z-c51d920d,shapley,marginal
26,1011,3,0.2000000029802322,-0.3866667151451111,0.1817058771848678,0.0321947336196899,32.0,0.0,1.0,0.0071065458469092,0,0.0221464096512968,169,5,6,shapley-20260606T022750Z-c51d920d,shapley,marginal
27,11011,4,0.4000000059604645,-0.2506844401359558,0.0788880959153175,0.016045406460762,128.0,96.0,0.25,0.0096220113337039,0,0.0221464096512968,169,5,6,shapley-20260606T022750Z-c51d920d,shapley,marginal
28,111,3,0.2000000029802322,-1.4020180702209473,2.691380739212036,0.7257261276245117,256.0,250.3305206298828,0.2036073356866836,0.0299927629530429,64,0.0221464096512968,169,5,6,shapley-20260606T022750Z-c51d920d,shapley,marginal
29,10111,4,0.4000000059604645,-1.4340680837631226,2.882097005844116,0.8255457878112793,256.0,250.3305206298828,0.2771918475627899,0.0628448873758316,96,0.0221464096512968,169,5,6,shapley-20260606T022750Z-c51d920d,shapley,marginal
30,1111,4,0.4000000059604645,-0.1301245987415313,0.0301802288740873,0.0132478177547454,128.0,96.0,0.25,0.0088343927636742,0,0.0221464096512968,169,5,6,shapley-20260606T022750Z-c51d920d,shapley,marginal
31,11111,5,1.0,0.0,0.0,0.0,32.0,0.0,1.0,0.0010000000474974,0,0.0221464096512968,169,5,6,shapley-20260606T022750Z-c51d920d,shapley,marginal
0,0,0,1.0,-0.9549214839935304,1.0986636877059937,0.1867886185646057,32.0,0.0,1.0,0.1563423424959182,32,0.0,49,0,1,shapley-20260606T022815Z-2b78141d,shapley,conditional
1,10000,1,0.4000000059604645,-0.9580317735671996,1.1767574548721311,0.2589325904846191,32.0,0.0,1.0,0.0741590410470962,32,0.0,49,0,1,shapley-20260606T022815Z-2b78141d,shapley,conditional
2,1000,1,0.4000000059604645,-0.4023649096488952,0.2058232575654983,0.0439257323741912,32.0,0.0,1.0,0.0311324298381805,32,0.0,49,0,1,shapley-20260606T022815Z-2b78141d,shapley,conditional
3,11000,2,0.2000000029802322,-0.3163155615329742,0.136944830417633,0.0368892922997474,32.0,0.0,1.0,0.0148068564012646,32,0.0,49,0,1,shapley-20260606T022815Z-2b78141d,shapley,conditional
4,100,1,0.4000000059604645,-0.893580436706543,1.1092787981033323,0.3107928037643432,32.0,0.0,1.0,0.0811512246727943,32,0.0,49,0,1,shapley-20260606T022815Z-2b78141d,shapley,conditional
5,10100,2,0.2000000029802322,-0.6439740657806396,0.5732461214065552,0.1585435271263122,32.0,0.0,1.0,0.0296232458204031,32,0.0,49,0,1,shapley-20260606T022815Z-2b78141d,shapley,conditional
6,1100,2,0.2000000029802322,-0.1781545281410217,0.0483277291059494,0.0165886916220188,32.0,0.0,1.0,0.0102587146684527,32,0.0,49,0,1,shapley-20260606T022815Z-2b78141d,shapley,conditional
7,11100,3,0.2000000029802322,-0.1260908246040344,0.0282309558242559,0.0123320594429969,32.0,0.0,1.0,0.0089829331263899,32,0.0,49,0,1,shapley-20260606T022815Z-2b78141d,shapley,conditional
8,10,1,0.4000000059604645,-0.7281931638717651,0.7796850204467773,0.2494197487831115,32.0,0.0,1.0,0.0728025808930397,32,0.0,49,0,1,shapley-20260606T022815Z-2b78141d,shapley,conditional
9,10010,2,0.2000000029802322,-0.814557671546936,0.813927412033081,0.1504232287406921,32.0,0.0,1.0,0.0288805998861789,32,0.0,49,0,1,shapley-20260606T022815Z-2b78141d,shapley,conditional
10,1010,2,0.2000000029802322,-0.2923477292060852,0.1030075848102569,0.0175403878092765,32.0,0.0,1.0,0.0105205988511443,32,0.0,49,0,1,shapley-20260606T022815Z-2b78141d,shapley,conditional
11,11010,3,0.2000000029802322,-0.1885051727294922,0.0461880341172218,0.0106538347899913,32.0,0.0,1.0,0.0084198927506804,32,0.0,49,0,1,shapley-20260606T022815Z-2b78141d,shapley,conditional
12,110,2,0.2000000029802322,-0.6200997829437256,0.5007669925689697,0.1162432432174682,32.0,0.0,1.0,0.0255091655999422,32,0.0,49,0,1,shapley-20260606T022815Z-2b78141d,shapley,conditional
13,10110,3,0.2000000029802322,-0.5341486930847168,0.394160509109497,0.1088456809520721,32.0,0.0,1.0,0.0247164834290742,32,0.0,49,0,1,shapley-20260606T022815Z-2b78141d,shapley,conditional
14,1110,3,0.2000000029802322,-0.067374363541603,0.0098674958571791,0.0053281909786164,32.0,0.0,1.0,0.0062472834251821,32,0.0,49,0,1,shapley-20260606T022815Z-2b78141d,shapley,conditional
15,11110,4,0.4000000059604645,-0.0156037416309118,0.0034284668508917,0.0031849900260567,32.0,0.0,1.0,0.0091138826683163,32,0.0,49,0,1,shapley-20260606T022815Z-2b78141d,shapley,conditional
16,1,1,0.4000000059604645,-0.8177303075790405,0.8580152988433838,0.1893324255943298,32.0,0.0,1.0,0.0635586231946945,32,0.0,49,0,1,shapley-20260606T022815Z-2b78141d,shapley,conditional
17,10001,2,0.2000000029802322,-0.7784508466720581,0.8010730743408203,0.1950873732566833,32.0,0.0,1.0,0.0327511318027973,32,0.0,49,0,1,shapley-20260606T022815Z-2b78141d,shapley,conditional
18,1001,2,0.2000000029802322,-0.314949482679367,0.1306040287017822,0.0314108505845069,32.0,0.0,1.0,0.0137404417619109,32,0.0,49,0,1,shapley-20260606T022815Z-2b78141d,shapley,conditional
19,11001,3,0.2000000029802322,-0.3463459610939026,0.1452919244766235,0.0253363996744155,32.0,0.0,1.0,0.0124423988163471,32,0.0,49,0,1,shapley-20260606T022815Z-2b78141d,shapley,conditional
20,101,2,0.2000000029802322,-0.834069550037384,0.9333836436271667,0.2377116084098816,32.0,0.0,1.0,0.0360485315322876,32,0.0,49,0,1,shapley-20260606T022815Z-2b78141d,shapley,conditional
21,10101,3,0.2000000029802322,-0.6272469758987427,0.5363874435424805,0.1429486870765686,32.0,0.0,1.0,0.0281790792942047,32,0.0,49,0,1,shapley-20260606T022815Z-2b78141d,shapley,conditional
22,1101,3,0.2000000029802322,-0.2288953959941864,0.0823265612125396,0.0299334600567817,32.0,0.0,1.0,0.0134372152388095,32,0.0,49,0,1,shapley-20260606T022815Z-2b78141d,shapley,conditional
23,11101,4,0.4000000059604645,-0.1877540051937103,0.070338599383831,0.0350870341062545,32.0,0.0,1.0,0.0279307197779417,32,0.0,49,0,1,shapley-20260606T022815Z-2b78141d,shapley,conditional
24,11,2,0.2000000029802322,-0.9501395225524902,1.125369906425476,0.2226048111915588,32.0,0.0,1.0,0.0349165685474872,32,0.0,49,0,1,shapley-20260606T022815Z-2b78141d,shapley,conditional
25,10011,3,0.2000000029802322,-0.7810218334197998,0.7612224817276001,0.1512273550033569,32.0,0.0,1.0,0.0289550218731164,32,0.0,49,0,1,shapley-20260606T022815Z-2b78141d,shapley,conditional
26,1011,3,0.2000000029802322,-0.2755436897277832,0.1002515777945518,0.0243272557854652,32.0,0.0,1.0,0.0122122103348374,32,0.0,49,0,1,shapley-20260606T022815Z-2b78141d,shapley,conditional
27,11011,4,0.4000000059604645,-0.1946694105863571,0.0502940639853477,0.0123978853225708,32.0,0.0,1.0,0.0170084200799465,32,0.0,49,0,1,shapley-20260606T022815Z-2b78141d,shapley,conditional
28,111,3,0.2000000029802322,-0.633601188659668,0.5198729038238525,0.1184224486351013,32.0,0.0,1.0,0.0257378332316875,32,0.0,49,0,1,shapley-20260606T022815Z-2b78141d,shapley,conditional
29,10111,4,0.4000000059604645,-0.5864109992980957,0.4470828175544739,0.1032049655914306,32.0,0.0,1.0,0.0471875481307506,32,0.0,49,0,1,shapley-20260606T022815Z-2b78141d,shapley,conditional
30,1111,4,0.4000000059604645,-0.0564362630248069,0.0092829074710607,0.006097855977714,32.0,0.0,1.0,0.0122269866988062,32,0.0,49,0,1,shapley-20260606T022815Z-2b78141d,shapley,conditional
31,11111,5,1.0,0.0,0.0,0.0,32.0,0.0,1.0,0.0010000000474974,32,0.0,49,0,1,shapley-20260606T022815Z-2b78141d,shapley,conditional
0,0,0,1.0,-0.9708825945854188,1.178300857543945,0.2356878519058227,191.8058319091797,31.80583381652832,0.8341768980026245,0.1728527098894119,160,0.0060676708046808,69,1,2,shapley-20260606T022815Z-2b78141d,shapley,conditional
1,10000,1,0.4000000059604645,-0.9549338817596436,1.211856484413147,0.2999577522277832,159.8058319091797,31.80583381652832,0.8009719848632812,0.0785492956638336,128,0.0060676708046808,69,1,2,shapley-20260606T022815Z-2b78141d,shapley,conditional
2,1000,1,0.4000000059604645,-0.3907000124454498,0.1843177676200866,0.0316712707281112,63.80583190917969,31.80583381652832,0.5015215277671814,0.0261988397687673,32,0.0060676708046808,69,1,2,shapley-20260606T022815Z-2b78141d,shapley,conditional
3,11000,2,0.2000000029802322,-0.3163155615329742,0.136944830417633,0.0368892922997474,32.0,0.0,1.0,0.0145977782085537,0,0.0060676708046808,69,1,2,shapley-20260606T022815Z-2b78141d,shapley,conditional
4,100,1,0.4000000059604645,-0.7998350262641907,0.875945508480072,0.2362094521522522,223.8058319091797,31.80583381652832,0.8578864932060242,0.0698171108961105,192,0.0060676708046808,69,1,2,shapley-20260606T022815Z-2b78141d,shapley,conditional
5,10100,2,0.2000000029802322,-0.7165075540542603,0.6861608028411865,0.1727777123451233,63.80583190917969,31.80583381652832,0.5015215277671814,0.0304280612617731,32,0.0060676708046808,69,1,2,shapley-20260606T022815Z-2b78141d,shapley,conditional
6,1100,2,0.2000000029802322,-0.1781545281410217,0.0483277291059494,0.0165886916220188,32.0,0.0,1.0,0.0101185096427798,0,0.0060676708046808,69,1,2,shapley-20260606T022815Z-2b78141d,shapley,conditional
7,11100,3,0.2000000029802322,-0.1260908246040344,0.0282309558242559,0.0123320594429969,32.0,0.0,1.0,0.0088620465248823,0,0.0060676708046808,69,1,2,shapley-20260606T022815Z-2b78141d,shapley,conditional
8,10,1,0.4000000059604645,-0.7848877906799316,0.8169620633125305,0.2009131908416748,223.8058319091797,31.80583381652832,0.8578864932060242,0.0644675940275192,192,0.0060676708046808,69,1,2,shapley-20260606T022815Z-2b78141d,shapley,conditional
9,10010,2,0.2000000029802322,-0.7840839624404907,0.7685137987136841,0.1537261605262756,63.80583190917969,31.80583381652832,0.5015215277671814,0.0287582240998744,32,0.0060676708046808,69,1,2,shapley-20260606T022815Z-2b78141d,shapley,conditional
10,1010,2,0.2000000029802322,-0.2923477292060852,0.1030075848102569,0.0175403878092765,32.0,0.0,1.0,0.0103764273226261,0,0.0060676708046808,69,1,2,shapley-20260606T022815Z-2b78141d,shapley,conditional
11,11010,3,0.2000000029802322,-0.1885051727294922,0.0461880341172218,0.0106538347899913,32.0,0.0,1.0,0.0083075324073433,0,0.0060676708046808,69,1,2,shapley-20260606T022815Z-2b78141d,shapley,conditional
12,110,2,0.2000000029802322,-0.7016544938087463,0.7022196054458618,0.2099005877971649,63.80583190917969,31.80583381652832,0.5015215277671814,0.0334357991814613,32,0.0060676708046808,69,1,2,shapley-20260606T022815Z-2b78141d,shapley,conditional
13,10110,3,0.2000000029802322,-0.5341486930847168,0.394160509109497,0.1088456809520721,32.0,0.0,1.0,0.0243573412299156,0,0.0060676708046808,69,1,2,shapley-20260606T022815Z-2b78141d,shapley,conditional
14,1110,3,0.2000000029802322,-0.067374363541603,0.0098674958571791,0.0053281909786164,32.0,0.0,1.0,0.0061678234487771,0,0.0060676708046808,69,1,2,shapley-20260606T022815Z-2b78141d,shapley,conditional
15,11110,4,0.4000000059604645,-0.0156037416309118,0.0034284668508917,0.0031849900260567,32.0,0.0,1.0,0.0089910123497247,0,0.0060676708046808,69,1,2,shapley-20260606T022815Z-2b78141d,shapley,conditional
16,1,1,0.4000000059604645,-0.9512209892272948,1.179561972618103,0.2747405767440796,127.80583190917967,31.80583381652832,0.7511394023895264,0.0752179846167564,96,0.0060676708046808,69,1,2,shapley-20260606T022815Z-2b78141d,shapley,conditional
17,10001,2,0.2000000029802322,-0.7834662199020386,0.7736902832984924,0.1598709821701049,63.80583190917969,31.80583381652832,0.5015215277671814,0.0293075703084468,32,0.0060676708046808,69,1,2,shapley-20260606T022815Z-2b78141d,shapley,conditional
18,1001,2,0.2000000029802322,-0.314949482679367,0.1306040287017822,0.0314108505845069,32.0,0.0,1.0,0.0135475117713212,0,0.0060676708046808,69,1,2,shapley-20260606T022815Z-2b78141d,shapley,conditional
19,11001,3,0.2000000029802322,-0.3463459610939026,0.1452919244766235,0.0253363996744155,32.0,0.0,1.0,0.0122691262513399,0,0.0060676708046808,69,1,2,shapley-20260606T022815Z-2b78141d,shapley,conditional
20,101,2,0.2000000029802322,-0.7619730830192566,0.7901943325996399,0.2095913290977478,223.8058319091797,31.80583381652832,0.8578864932060242,0.0334118939936161,192,0.0060676708046808,69,1,2,shapley-20260606T022815Z-2b78141d,shapley,conditional
21,10101,3,0.2000000029802322,-0.682314395904541,0.607358455657959,0.1418055295944214,95.80583190917967,31.80583381652832,0.6680178046226501,0.0276602618396282,64,0.0060676708046808,69,1,2,shapley-20260606T022815Z-2b78141d,shapley,conditional
22,1101,3,0.2000000029802322,-0.2078059315681457,0.0707971900701522,0.0276138857007026,63.80583190917969,31.80583381652832,0.5015215277671814,0.0127647183835506,32,0.0060676708046808,69,1,2,shapley-20260606T022815Z-2b78141d,shapley,conditional
23,11101,4,0.4000000059604645,-0.1617924869060516,0.0501797273755073,0.0240029189735651,63.80583190917969,31.80583381652832,0.5015215277671814,0.0229371301829814,32,0.0060676708046808,69,1,2,shapley-20260606T022815Z-2b78141d,shapley,conditional
24,11,2,0.2000000029802322,-0.8705810308456421,0.9259859323501588,0.1680746078491211,95.80583190917967,31.80583381652832,0.6680178046226501,0.0300247743725776,64,0.0060676708046808,69,1,2,shapley-20260606T022815Z-2b78141d,shapley,conditional
25,10011,3,0.2000000029802322,-0.7740963101387024,0.809924840927124,0.2106997370719909,95.80583190917967,31.80583381652832,0.6680178046226501,0.0334974862635135,64,0.0060676708046808,69,1,2,shapley-20260606T022815Z-2b78141d,shapley,conditional
26,1011,3,0.2000000029802322,-0.2559511065483093,0.0872684866189956,0.0217575207352638,95.80583190917967,31.80583381652832,0.6680178046226501,0.0114429332315921,64,0.0060676708046808,69,1,2,shapley-20260606T022815Z-2b78141d,shapley,conditional
27,11011,4,0.4000000059604645,-0.2143802791833877,0.0601509511470794,0.0141920484602451,63.80583190917969,31.80583381652832,0.5015215277671814,0.0178682617843151,32,0.0060676708046808,69,1,2,shapley-20260606T022815Z-2b78141d,shapley,conditional
28,111,3,0.2000000029802322,-0.6128103137016296,0.4891442060470581,0.1136077344417572,95.80583190917967,31.80583381652832,0.6680178046226501,0.0248628184199333,64,0.0060676708046808,69,1,2,shapley-20260606T022815Z-2b78141d,shapley,conditional
29,10111,4,0.4000000059604645,-0.515951931476593,0.3665110468864441,0.1003046631813049,95.80583190917967,31.80583381652832,0.6680178046226501,0.0458444058895111,64,0.0060676708046808,69,1,2,shapley-20260606T022815Z-2b78141d,shapley,conditional
30,1111,4,0.4000000059604645,-0.0564362630248069,0.0092829074710607,0.006097855977714,32.0,0.0,1.0,0.0120569756254553,0,0.0060676708046808,69,1,2,shapley-20260606T022815Z-2b78141d,shapley,conditional
31,11111,5,1.0,0.0,0.0,0.0,32.0,0.0,1.0,0.0010000000474974,0,0.0060676708046808,69,1,2,shapley-20260606T022815Z-2b78141d,shapley,conditional
0,0,0,1.0,-0.917311191558838,1.145451307296753,0.3039914965629577,256.0,191.8058319091797,0.6472898721694946,0.1862513273954391,352,0.0,89,2,3,shapley-20260606T022815Z-2b78141d,shapley,conditional
1,10000,1,0.4000000059604645,-0.9549338817596436,1.211856484413147,0.2999577522277832,159.8058319091797,31.80583381652832,0.8009719848632812,0.0746072605252265,0,0.0,89,2,3,shapley-20260606T022815Z-2b78141d,shapley,conditional
2,1000,1,0.4000000059604645,-0.3949397206306457,0.1917550861835479,0.0357777029275894,95.80583190917967,63.80583190917969,0.3340089023113251,0.0264212451875209,32,0.0,89,2,3,shapley-20260606T022815Z-2b78141d,shapley,conditional
3,11000,2,0.2000000029802322,-0.3076751828193664,0.1283527612686157,0.0336887463927269,64.0,32.0,0.5,0.0133339744061231,32,0.0,89,2,3,shapley-20260606T022815Z-2b78141d,shapley,conditional
4,100,1,0.4000000059604645,-0.7968732118606567,0.9240268468856812,0.2890199422836303,256.0,223.8058319091797,0.5002167820930481,0.0732527673244476,224,0.0,89,2,3,shapley-20260606T022815Z-2b78141d,shapley,conditional
5,10100,2,0.2000000029802322,-0.7165075540542603,0.6861608028411865,0.1727777123451233,63.80583190917969,31.80583381652832,0.5015215277671814,0.0289321560412645,0,0.0,89,2,3,shapley-20260606T022815Z-2b78141d,shapley,conditional
6,1100,2,0.2000000029802322,-0.1781545281410217,0.0483277291059494,0.0165886916220188,32.0,0.0,1.0,0.0096549922600388,0,0.0,89,2,3,shapley-20260606T022815Z-2b78141d,shapley,conditional
7,11100,3,0.2000000029802322,-0.1260908246040344,0.0282309558242559,0.0123320594429969,32.0,0.0,1.0,0.0084623973816633,0,0.0,89,2,3,shapley-20260606T022815Z-2b78141d,shapley,conditional
8,10,1,0.4000000059604645,-0.7846111059188843,0.8198745250701904,0.2042599320411682,256.0,223.8058319091797,0.2223721444606781,0.0617410279810428,64,0.0,89,2,3,shapley-20260606T022815Z-2b78141d,shapley,conditional
9,10010,2,0.2000000029802322,-0.7924931049346924,0.8289512395858765,0.2009059190750122,159.8058319091797,63.80583190917969,0.6007289886474609,0.0311201363801956,96,0.0,89,2,3,shapley-20260606T022815Z-2b78141d,shapley,conditional
10,1010,2,0.2000000029802322,-0.2923477292060852,0.1030075848102569,0.0175403878092765,32.0,0.0,1.0,0.0098997987806797,0,0.0,89,2,3,shapley-20260606T022815Z-2b78141d,shapley,conditional
11,11010,3,0.2000000029802322,-0.1930727809667587,0.0474009662866592,0.0101238675415515,64.0,32.0,0.5,0.0077613564208149,32,0.0,89,2,3,shapley-20260606T022815Z-2b78141d,shapley,conditional
12,110,2,0.2000000029802322,-0.6415454149246216,0.576349675655365,0.1647691428661346,127.80583190917967,63.80583190917969,0.5007596015930176,0.0282771196216344,64,0.0,89,2,3,shapley-20260606T022815Z-2b78141d,shapley,conditional
13,10110,3,0.2000000029802322,-0.5288507342338562,0.4131908118724823,0.1335076987743377,64.0,32.0,0.5,0.0255535189062356,32,0.0,89,2,3,shapley-20260606T022815Z-2b78141d,shapley,conditional
14,1110,3,0.2000000029802322,-0.067374363541603,0.0098674958571791,0.0053281909786164,32.0,0.0,1.0,0.0059051294811069,0,0.0,89,2,3,shapley-20260606T022815Z-2b78141d,shapley,conditional
15,11110,4,0.4000000059604645,-0.0154799073934555,0.0017724416684359,0.0015328141162171,96.0,32.0,0.6666666865348816,0.0062618125230073,64,0.0,89,2,3,shapley-20260606T022815Z-2b78141d,shapley,conditional
16,1,1,0.4000000059604645,-0.9082000255584716,1.1009256839752195,0.276098370552063,255.8058319091797,127.80583190917967,0.5003795027732849,0.0716191530227661,128,0.0,89,2,3,shapley-20260606T022815Z-2b78141d,shapley,conditional
17,10001,2,0.2000000029802322,-0.7834662199020386,0.7736902832984924,0.1598709821701049,63.80583190917969,31.80583381652832,0.5015215277671814,0.0278686210513114,0,0.0,89,2,3,shapley-20260606T022815Z-2b78141d,shapley,conditional
18,1001,2,0.2000000029802322,-0.314949482679367,0.1306040287017822,0.0314108505845069,32.0,0.0,1.0,0.0129096880555152,0,0.0,89,2,3,shapley-20260606T022815Z-2b78141d,shapley,conditional
19,11001,3,0.2000000029802322,-0.3463459610939026,0.1452919244766235,0.0253363996744155,32.0,0.0,1.0,0.0116962864995002,0,0.0,89,2,3,shapley-20260606T022815Z-2b78141d,shapley,conditional
20,101,2,0.2000000029802322,-0.7441450953483582,0.7641435861587524,0.2103916406631469,256.0,223.8058319091797,0.3001821339130401,0.0318229906260967,96,0.0,89,2,3,shapley-20260606T022815Z-2b78141d,shapley,conditional
21,10101,3,0.2000000029802322,-0.682314395904541,0.607358455657959,0.1418055295944214,95.80583190917967,31.80583381652832,0.6680178046226501,0.0263050496578216,0,0.0,89,2,3,shapley-20260606T022815Z-2b78141d,shapley,conditional
22,1101,3,0.2000000029802322,-0.2078059315681457,0.0707971900701522,0.0276138857007026,63.80583190917969,31.80583381652832,0.5015215277671814,0.0121666872873902,0,0.0,89,2,3,shapley-20260606T022815Z-2b78141d,shapley,conditional
23,11101,4,0.4000000059604645,-0.1617924869060516,0.0501797273755073,0.0240029189735651,63.80583190917969,31.80583381652832,0.5015215277671814,0.0218220092356205,0,0.0,89,2,3,shapley-20260606T022815Z-2b78141d,shapley,conditional
24,11,2,0.2000000029802322,-0.8742495775222778,1.0311346054077148,0.2668222784996032,191.8058319091797,95.80583190917967,0.5005061626434326,0.0357113592326641,96,0.0,89,2,3,shapley-20260606T022815Z-2b78141d,shapley,conditional
25,10011,3,0.2000000029802322,-0.7488692998886108,0.7757197618484497,0.2149145603179931,159.8058319091797,95.80583190917967,0.400486022233963,0.0321525447070598,64,0.0,89,2,3,shapley-20260606T022815Z-2b78141d,shapley,conditional
26,1011,3,0.2000000029802322,-0.2559511065483093,0.0872684866189956,0.0217575207352638,95.80583190917967,31.80583381652832,0.6680178046226501,0.0109120914712548,0,0.0,89,2,3,shapley-20260606T022815Z-2b78141d,shapley,conditional
27,11011,4,0.4000000059604645,-0.2143802791833877,0.0601509511470794,0.0141920484602451,63.80583190917969,31.80583381652832,0.5015215277671814,0.0170108024030923,0,0.0,89,2,3,shapley-20260606T022815Z-2b78141d,shapley,conditional
28,111,3,0.2000000029802322,-0.5979477763175964,0.4852443039417267,0.1277027726173401,159.8058319091797,95.80583190917967,0.400486022233963,0.0250137913972139,64,0.0,89,2,3,shapley-20260606T022815Z-2b78141d,shapley,conditional
29,10111,4,0.4000000059604645,-0.5412544012069702,0.4504391252994537,0.1574828028678894,191.8058319091797,95.80583190917967,0.5005061626434326,0.0543343611061573,96,0.0,89,2,3,shapley-20260606T022815Z-2b78141d,shapley,conditional
30,1111,4,0.4000000059604645,-0.0459009371697902,0.0068117547780275,0.0047048586420714,64.0,32.0,0.5,0.0102185774594545,32,0.0,89,2,3,shapley-20260606T022815Z-2b78141d,shapley,conditional
31,11111,5,1.0,0.0,0.0,0.0,64.0,32.0,0.5,0.0010000000474974,32,0.0,89,2,3,shapley-20260606T022815Z-2b78141d,shapley,conditional
0,0,0,1.0,-0.930052638053894,1.194220781326294,0.3292228579521179,256.0,256.0,0.4285714328289032,0.188893049955368,192,0.0,109,3,4,shapley-20260606T022815Z-2b78141d,shapley,conditional
1,10000,1,0.4000000059604645,-0.8983482122421265,1.1039361953735352,0.2969067096710205,255.8058319091797,159.8058319091797,0.3752846419811249,0.0723732858896255,96,0.0,109,3,4,shapley-20260606T022815Z-2b78141d,shapley,conditional
2,1000,1,0.4000000059604645,-0.3564616441726684,0.1634261012077331,0.0363612025976181,191.8058319091797,95.80583190917967,0.5005061626434326,0.0259772613644599,96,0.0,109,3,4,shapley-20260606T022815Z-2b78141d,shapley,conditional
3,11000,2,0.2000000029802322,-0.2995153963565826,0.1194550395011901,0.0297455638647079,128.0,64.0,0.5,0.0122955348342657,64,0.0,109,3,4,shapley-20260606T022815Z-2b78141d,shapley,conditional
4,100,1,0.4000000059604645,-0.7641091346740723,0.8437151312828064,0.2598523497581482,256.0,256.0,0.2727272808551788,0.0677711814641952,96,0.0,109,3,4,shapley-20260606T022815Z-2b78141d,shapley,conditional
5,10100,2,0.2000000029802322,-0.6563534736633301,0.5852282643318176,0.1544283926486969,191.8058319091797,63.80583190917969,0.6673415303230286,0.0267370790243148,128,0.0,109,3,4,shapley-20260606T022815Z-2b78141d,shapley,conditional
6,1100,2,0.2000000029802322,-0.1781545281410217,0.0483277291059494,0.0165886916220188,32.0,0.0,1.0,0.009435323998332,0,0.0,109,3,4,shapley-20260606T022815Z-2b78141d,shapley,conditional
7,11100,3,0.2000000029802322,-0.1134251505136489,0.0231458619236946,0.0102805970236659,96.0,32.0,0.6666666865348816,0.0076405624859035,64,0.0,109,3,4,shapley-20260606T022815Z-2b78141d,shapley,conditional
8,10,1,0.4000000059604645,-0.7755335569381714,0.8266258239746094,0.225173532962799,256.0,256.0,0.3333333432674408,0.0631561875343322,128,0.0,109,3,4,shapley-20260606T022815Z-2b78141d,shapley,conditional
9,10010,2,0.2000000029802322,-0.7729364633560181,0.8225424289703369,0.2251116633415222,223.8058319091797,159.8058319091797,0.285962164402008,0.0320738218724727,64,0.0,109,3,4,shapley-20260606T022815Z-2b78141d,shapley,conditional
10,1010,2,0.2000000029802322,-0.2923477292060852,0.1030075848102569,0.0175403878092765,32.0,0.0,1.0,0.0096739176660776,0,0.0,109,3,4,shapley-20260606T022815Z-2b78141d,shapley,conditional
11,11010,3,0.2000000029802322,-0.1930727809667587,0.0474009662866592,0.0101238675415515,64.0,32.0,0.5,0.007589750457555,0,0.0,109,3,4,shapley-20260606T022815Z-2b78141d,shapley,conditional
12,110,2,0.2000000029802322,-0.6415454149246216,0.576349675655365,0.1647691428661346,127.80583190917967,63.80583190917969,0.5007596015930176,0.0275848135352134,0,0.0,109,3,4,shapley-20260606T022815Z-2b78141d,shapley,conditional
13,10110,3,0.2000000029802322,-0.5661585330963135,0.4972764849662781,0.1767410039901733,128.0,64.0,0.5,0.0285336878150701,64,0.0,109,3,4,shapley-20260606T022815Z-2b78141d,shapley,conditional
14,1110,3,0.2000000029802322,-0.067374363541603,0.0098674958571791,0.0053281909786164,32.0,0.0,1.0,0.0057806349359452,0,0.0,109,3,4,shapley-20260606T022815Z-2b78141d,shapley,conditional
15,11110,4,0.4000000059604645,-0.012277390807867,0.0013690646737813,0.0012183303479105,128.0,96.0,0.25,0.0055720214731991,32,0.0,109,3,4,shapley-20260606T022815Z-2b78141d,shapley,conditional
16,1,1,0.4000000059604645,-0.9410957098007202,1.2239534854888916,0.3382923603057861,256.0,255.8058319091797,0.2728777825832367,0.0771854072809219,96,0.0,109,3,4,shapley-20260606T022815Z-2b78141d,shapley,conditional
17,10001,2,0.2000000029802322,-0.7936245799064636,0.8899941444396973,0.2601541876792907,159.8058319091797,63.80583190917969,0.6007289886474609,0.0344049707055091,96,0.0,109,3,4,shapley-20260606T022815Z-2b78141d,shapley,conditional
18,1001,2,0.2000000029802322,-0.314949482679367,0.1306040287017822,0.0314108505845069,32.0,0.0,1.0,0.0126074152067303,0,0.0,109,3,4,shapley-20260606T022815Z-2b78141d,shapley,conditional
19,11001,3,0.2000000029802322,-0.2901554703712463,0.1171411126852035,0.0329509153962135,128.0,32.0,0.75,0.012888565659523,96,0.0,109,3,4,shapley-20260606T022815Z-2b78141d,shapley,conditional
20,101,2,0.2000000029802322,-0.7343431711196899,0.7497609257698059,0.2105010151863098,256.0,256.0,0.2000000029802322,0.0310484990477561,64,0.0,109,3,4,shapley-20260606T022815Z-2b78141d,shapley,conditional
21,10101,3,0.2000000029802322,-0.6612193584442139,0.585732638835907,0.148521602153778,127.80583190917967,95.80583190917967,0.2503798007965088,0.0262400656938552,32,0.0,109,3,4,shapley-20260606T022815Z-2b78141d,shapley,conditional
22,1101,3,0.2000000029802322,-0.1937541514635086,0.0606000311672687,0.0230593606829643,95.80583190917967,63.80583190917969,0.3340089023113251,0.010945332236588,32,0.0,109,3,4,shapley-20260606T022815Z-2b78141d,shapley,conditional
23,11101,4,0.4000000059604645,-0.1377768963575363,0.0373857133090496,0.0184032395482063,95.80583190917967,63.80583190917969,0.3340089023113251,0.0187694039195776,32,0.0,109,3,4,shapley-20260606T022815Z-2b78141d,shapley,conditional
24,11,2,0.2000000029802322,-0.8742495775222778,1.0311346054077148,0.2668222784996032,191.8058319091797,95.80583190917967,0.5005061626434326,0.0348303690552711,0,0.0,109,3,4,shapley-20260606T022815Z-2b78141d,shapley,conditional
25,10011,3,0.2000000029802322,-0.7546167373657227,0.8050999045372009,0.2356534600257873,191.8058319091797,159.8058319091797,0.1668353825807571,0.0327930748462677,32,0.0,109,3,4,shapley-20260606T022815Z-2b78141d,shapley,conditional
26,1011,3,0.2000000029802322,-0.2559511065483093,0.0872684866189956,0.0217575207352638,95.80583190917967,31.80583381652832,0.6680178046226501,0.0106605179607868,0,0.0,109,3,4,shapley-20260606T022815Z-2b78141d,shapley,conditional
27,11011,4,0.4000000059604645,-0.2143802791833877,0.0601509511470794,0.0141920484602451,63.80583190917969,31.80583381652832,0.5015215277671814,0.0166044402867555,0,0.0,109,3,4,shapley-20260606T022815Z-2b78141d,shapley,conditional
28,111,3,0.2000000029802322,-0.5830305814743042,0.4700804948806762,0.1301558315753936,191.8058319091797,159.8058319091797,0.1668353825807571,0.0246280282735824,32,0.0,109,3,4,shapley-20260606T022815Z-2b78141d,shapley,conditional
29,10111,4,0.4000000059604645,-0.5268332958221436,0.4432629346847534,0.1657096147537231,255.8058319091797,191.8058319091797,0.2501897513866424,0.0543211512267589,64,0.0,109,3,4,shapley-20260606T022815Z-2b78141d,shapley,conditional
30,1111,4,0.4000000059604645,-0.0459009371697902,0.0068117547780275,0.0047048586420714,64.0,32.0,0.5,0.0099846059456467,0,0.0,109,3,4,shapley-20260606T022815Z-2b78141d,shapley,conditional
31,11111,5,1.0,0.0,0.0,0.0,64.0,32.0,0.5,0.0010000000474974,0,0.0,109,3,4,shapley-20260606T022815Z-2b78141d,shapley,conditional
0,0,0,1.0,-0.8668544292449951,1.066063404083252,0.3146268129348755,256.0,256.0,0.4285714328289032,0.1839487850666046,192,0.0,129,4,5,shapley-20260606T022815Z-2b78141d,shapley,conditional
1,10000,1,0.4000000059604645,-0.866855263710022,1.057242512702942,0.3058044910430908,256.0,255.8058319091797,0.2728777825832367,0.073146216571331,96,0.0,129,4,5,shapley-20260606T022815Z-2b78141d,shapley,conditional
2,1000,1,0.4000000059604645,-0.3434068858623504,0.1553652882575988,0.0374369993805885,255.8058319091797,191.8058319091797,0.2501897513866424,0.0262430682778358,64,0.0,129,4,5,shapley-20260606T022815Z-2b78141d,shapley,conditional
3,11000,2,0.2000000029802322,-0.2990544140338897,0.1303836703300476,0.0409501269459724,192.0,128.0,0.3333333432674408,0.0142004657536745,64,0.0,129,4,5,shapley-20260606T022815Z-2b78141d,shapley,conditional
4,100,1,0.4000000059604645,-0.6970092058181763,0.7244870662689209,0.238665223121643,256.0,256.0,0.3333333432674408,0.0647362098097801,128,0.0,129,4,5,shapley-20260606T022815Z-2b78141d,shapley,conditional
5,10100,2,0.2000000029802322,-0.6686051487922668,0.6273829340934753,0.1803500950336456,223.8058319091797,191.8058319091797,0.142981082201004,0.0287025552242994,32,0.0,129,4,5,shapley-20260606T022815Z-2b78141d,shapley,conditional
6,1100,2,0.2000000029802322,-0.152448296546936,0.0364482998847961,0.0132078174501657,96.0,32.0,0.6666666865348816,0.0084968218579888,64,0.0,129,4,5,shapley-20260606T022815Z-2b78141d,shapley,conditional
7,11100,3,0.2000000029802322,-0.1105248257517814,0.0239338651299476,0.0117181278765201,128.0,96.0,0.25,0.0080613987520337,32,0.0,129,4,5,shapley-20260606T022815Z-2b78141d,shapley,conditional
8,10,1,0.4000000059604645,-0.7672218084335327,0.874638020992279,0.2860087156295776,256.0,256.0,0.2727272808551788,0.0707720220088958,96,0.0,129,4,5,shapley-20260606T022815Z-2b78141d,shapley,conditional
9,10010,2,0.2000000029802322,-0.7729364633560181,0.8225424289703369,0.2251116633415222,223.8058319091797,159.8058319091797,0.285962164402008,0.0319499969482421,0,0.0,129,4,5,shapley-20260606T022815Z-2b78141d,shapley,conditional
10,1010,2,0.2000000029802322,-0.2923477292060852,0.1030075848102569,0.0175403878092765,32.0,0.0,1.0,0.0096393534913659,0,0.0,129,4,5,shapley-20260606T022815Z-2b78141d,shapley,conditional
11,11010,3,0.2000000029802322,-0.1956737637519836,0.0520138218998909,0.0137256011366844,96.0,64.0,0.3333333432674408,0.0086423568427562,32,0.0,129,4,5,shapley-20260606T022815Z-2b78141d,shapley,conditional
12,110,2,0.2000000029802322,-0.6415454149246216,0.576349675655365,0.1647691428661346,127.80583190917967,63.80583190917969,0.5007596015930176,0.0274788774549961,0,0.0,129,4,5,shapley-20260606T022815Z-2b78141d,shapley,conditional
13,10110,3,0.2000000029802322,-0.5696015954017639,0.4961945116519928,0.171748548746109,192.0,128.0,0.3333333432674408,0.0280338656157255,64,0.0,129,4,5,shapley-20260606T022815Z-2b78141d,shapley,conditional
14,1110,3,0.2000000029802322,-0.067374363541603,0.0098674958571791,0.0053281909786164,32.0,0.0,1.0,0.0057615847326815,0,0.0,129,4,5,shapley-20260606T022815Z-2b78141d,shapley,conditional
15,11110,4,0.4000000059604645,-0.012277390807867,0.0013690646737813,0.0012183303479105,128.0,96.0,0.25,0.0055538024753332,0,0.0,129,4,5,shapley-20260606T022815Z-2b78141d,shapley,conditional
16,1,1,0.4000000059604645,-0.9072295427322388,1.1540131568908691,0.3309476971626282,256.0,256.0,0.2727272808551788,0.0760535672307014,96,0.0,129,4,5,shapley-20260606T022815Z-2b78141d,shapley,conditional
17,10001,2,0.2000000029802322,-0.7577155828475952,0.8281933665275574,0.2540604472160339,223.8058319091797,159.8058319091797,0.285962164402008,0.0338798724114894,64,0.0,129,4,5,shapley-20260606T022815Z-2b78141d,shapley,conditional
18,1001,2,0.2000000029802322,-0.314949482679367,0.1306040287017822,0.0314108505845069,32.0,0.0,1.0,0.0125611620023846,0,0.0,129,4,5,shapley-20260606T022815Z-2b78141d,shapley,conditional
19,11001,3,0.2000000029802322,-0.2901554703712463,0.1171411126852035,0.0329509153962135,128.0,32.0,0.75,0.0128411911427974,0,0.0,129,4,5,shapley-20260606T022815Z-2b78141d,shapley,conditional
20,101,2,0.2000000029802322,-0.7195109128952026,0.7273145318031311,0.2096185684204101,256.0,256.0,0.1111111119389534,0.0308659635484218,32,0.0,129,4,5,shapley-20260606T022815Z-2b78141d,shapley,conditional
21,10101,3,0.2000000029802322,-0.6436893343925476,0.5633612275123596,0.1490252614021301,159.8058319091797,127.80583190917967,0.2002430111169815,0.0261820796877145,32,0.0,129,4,5,shapley-20260606T022815Z-2b78141d,shapley,conditional
22,1101,3,0.2000000029802322,-0.1937541514635086,0.0606000311672687,0.0230593606829643,95.80583190917967,63.80583190917969,0.3340089023113251,0.0109057016670703,0,0.0,129,4,5,shapley-20260606T022815Z-2b78141d,shapley,conditional
23,11101,4,0.4000000059604645,-0.1232507228851318,0.0308909229934215,0.0157001819461584,159.8058319091797,95.80583190917967,0.400486022233963,0.0173472221940755,64,0.0,129,4,5,shapley-20260606T022815Z-2b78141d,shapley,conditional
24,11,2,0.2000000029802322,-0.8365912437438965,0.950033962726593,0.2501490712165832,223.8058319091797,191.8058319091797,0.142981082201004,0.0336257927119731,32,0.0,129,4,5,shapley-20260606T022815Z-2b78141d,shapley,conditional
25,10011,3,0.2000000029802322,-0.7149516940116882,0.7585725784301758,0.2474166750907898,256.0,191.8058319091797,0.3335582017898559,0.033447116613388,96,0.0,129,4,5,shapley-20260606T022815Z-2b78141d,shapley,conditional
26,1011,3,0.2000000029802322,-0.2559511065483093,0.0872684866189956,0.0217575207352638,95.80583190917967,31.80583381652832,0.6680178046226501,0.0106220226734876,0,0.0,129,4,5,shapley-20260606T022815Z-2b78141d,shapley,conditional
27,11011,4,0.4000000059604645,-0.1762949377298355,0.0470418781042099,0.0159619729965925,159.8058319091797,63.80583190917969,0.6007289886474609,0.0174829494208097,96,0.0,129,4,5,shapley-20260606T022815Z-2b78141d,shapley,conditional
28,111,3,0.2000000029802322,-0.5853400230407715,0.4978591501712799,0.1552362143993377,255.8058319091797,191.8058319091797,0.2501897513866424,0.0267014801502227,64,0.0,129,4,5,shapley-20260606T022815Z-2b78141d,shapley,conditional
29,10111,4,0.4000000059604645,-0.505669891834259,0.4089201986789703,0.1532181501388549,256.0,255.8058319091797,0.2728777825832367,0.0520677529275417,96,0.0,129,4,5,shapley-20260606T022815Z-2b78141d,shapley,conditional
30,1111,4,0.4000000059604645,-0.0417235307395458,0.0055469279177486,0.0038060748483985,96.0,64.0,0.3333333432674408,0.0090487841516733,32,0.0,129,4,5,shapley-20260606T022815Z-2b78141d,shapley,conditional
31,11111,5,1.0,0.0,0.0,0.0,96.0,64.0,0.3333333432674408,0.0010000000474974,32,0.0,129,4,5,shapley-20260606T022815Z-2b78141d,shapley,conditional
0,0,0,1.0,-0.8628393411636353,1.170846700668335,0.4263549447059631,256.0,248.53704833984372,0.50739586353302,0.2038542777299881,256,0.0291521417540418,169,5,6,shapley-20260606T022815Z-2b78141d,shapley,conditional
1,10000,1,0.4000000059604645,-0.8270379304885864,0.9988022446632384,0.3148105144500732,256.0,248.53704833984372,0.4740369021892547,0.0707241296768188,224,0.0291521417540418,169,5,6,shapley-20260606T022815Z-2b78141d,shapley,conditional
2,1000,1,0.4000000059604645,-0.3434068858623504,0.1553652882575988,0.0374369993805885,255.8058319091797,191.8058319091797,0.2501897513866424,0.0250441264361143,0,0.0291521417540418,169,5,6,shapley-20260606T022815Z-2b78141d,shapley,conditional
3,11000,2,0.2000000029802322,-0.2950851023197174,0.1352837681770324,0.048208549618721,218.4027862548828,186.4027862548828,0.146518275141716,0.0146423922851681,32,0.0291521417540418,169,5,6,shapley-20260606T022815Z-2b78141d,shapley,conditional
4,100,1,0.4000000059604645,-0.6970092058181763,0.7244870662689209,0.238665223121643,256.0,256.0,0.3333333432674408,0.061708990484476,0,0.0291521417540418,169,5,6,shapley-20260606T022815Z-2b78141d,shapley,conditional
5,10100,2,0.2000000029802322,-0.6645969152450562,0.6426125168800354,0.2009234428405761,256.0,217.28140258789065,0.306433767080307,0.0288511924445629,96,0.0291521417540418,169,5,6,shapley-20260606T022815Z-2b78141d,shapley,conditional
6,1100,2,0.2000000029802322,-0.152448296546936,0.0364482998847961,0.0132078174501657,96.0,32.0,0.6666666865348816,0.0081407530233263,0,0.0291521417540418,169,5,6,shapley-20260606T022815Z-2b78141d,shapley,conditional
7,11100,3,0.2000000029802322,-0.1105248257517814,0.0239338651299476,0.0117181278765201,128.0,96.0,0.25,0.0077260117977857,0,0.0291521417540418,169,5,6,shapley-20260606T022815Z-2b78141d,shapley,conditional
8,10,1,0.4000000059604645,-0.780790388584137,0.901761531829834,0.2921279072761535,256.0,248.53704833984372,0.204775720834732,0.0681653171777725,64,0.0291521417540418,169,5,6,shapley-20260606T022815Z-2b78141d,shapley,conditional
9,10010,2,0.2000000029802322,-0.7730880975723267,0.8403113484382629,0.2426461577415466,249.28140258789065,217.28140258789065,0.1283689886331558,0.0316066034138202,32,0.0291521417540418,169,5,6,shapley-20260606T022815Z-2b78141d,shapley,conditional
10,1010,2,0.2000000029802322,-0.2923477292060852,0.1030075848102569,0.0175403878092765,32.0,0.0,1.0,0.0092290192842483,0,0.0291521417540418,169,5,6,shapley-20260606T022815Z-2b78141d,shapley,conditional
11,11010,3,0.2000000029802322,-0.1956737637519836,0.0520138218998909,0.0137256011366844,96.0,64.0,0.3333333432674408,0.008279375731945,0,0.0291521417540418,169,5,6,shapley-20260606T022815Z-2b78141d,shapley,conditional
12,110,2,0.2000000029802322,-0.6467864513397217,0.6271090507507324,0.2087763249874115,252.08001708984372,124.08001708984376,0.5077752470970154,0.0293902438133955,128,0.0291521417540418,169,5,6,shapley-20260606T022815Z-2b78141d,shapley,conditional
13,10110,3,0.2000000029802322,-0.5667321681976318,0.5003368258476257,0.1791514754295349,218.4027862548828,186.4027862548828,0.146518275141716,0.027298966422677,32,0.0291521417540418,169,5,6,shapley-20260606T022815Z-2b78141d,shapley,conditional
14,1110,3,0.2000000029802322,-0.067374363541603,0.0098674958571791,0.0053281909786164,32.0,0.0,1.0,0.0055354288779199,0,0.0291521417540418,169,5,6,shapley-20260606T022815Z-2b78141d,shapley,conditional
15,11110,4,0.4000000059604645,-0.012277390807867,0.0013690646737813,0.0012183303479105,128.0,96.0,0.25,0.0053375153802335,0,0.0291521417540418,169,5,6,shapley-20260606T022815Z-2b78141d,shapley,conditional
16,1,1,0.4000000059604645,-0.8877120018005371,1.0968623161315918,0.3088297247886657,256.0,248.53704833984372,0.4358316659927368,0.0700586438179016,192,0.0291521417540418,169,5,6,shapley-20260606T022815Z-2b78141d,shapley,conditional
17,10001,2,0.2000000029802322,-0.7898656129837036,0.9392619132995604,0.3153742551803589,249.28140258789065,217.28140258789065,0.1283689886331558,0.035893265157938,32,0.0291521417540418,169,5,6,shapley-20260606T022815Z-2b78141d,shapley,conditional
18,1001,2,0.2000000029802322,-0.3114330172538757,0.1432127058506012,0.0462221801280975,63.06713104248047,31.06713104248047,0.50739586353302,0.014358377084136,32,0.0291521417540418,169,5,6,shapley-20260606T022815Z-2b78141d,shapley,conditional
19,11001,3,0.2000000029802322,-0.2894068360328674,0.1201294064521789,0.0363730862736702,188.26852416992188,124.26852416992188,0.3399399816989898,0.0128500061109662,64,0.0291521417540418,169,5,6,shapley-20260606T022815Z-2b78141d,shapley,conditional
20,101,2,0.2000000029802322,-0.6873948574066162,0.6744280457496643,0.201916366815567,256.0,248.53704833984372,0.3399399816989898,0.0289199240505695,128,0.0291521417540418,169,5,6,shapley-20260606T022815Z-2b78141d,shapley,conditional
21,10101,3,0.2000000029802322,-0.6436893343925476,0.5633612275123596,0.1490252614021301,159.8058319091797,127.80583190917967,0.2002430111169815,0.0249860361218452,0,0.0291521417540418,169,5,6,shapley-20260606T022815Z-2b78141d,shapley,conditional
22,1101,3,0.2000000029802322,-0.1785589903593063,0.0533781610429286,0.0214948467910289,125.01288604736328,93.01288604736328,0.255973607301712,0.0101095233112573,32,0.0291521417540418,169,5,6,shapley-20260606T022815Z-2b78141d,shapley,conditional
23,11101,4,0.4000000059604645,-0.1232507228851318,0.0308909229934215,0.0157001819461584,159.8058319091797,95.80583190917967,0.400486022233963,0.016570795327425,0,0.0291521417540418,169,5,6,shapley-20260606T022815Z-2b78141d,shapley,conditional
24,11,2,0.2000000029802322,-0.8365912437438965,0.950033962726593,0.2501490712165832,223.8058319091797,191.8058319091797,0.142981082201004,0.0320762023329734,0,0.0291521417540418,169,5,6,shapley-20260606T022815Z-2b78141d,shapley,conditional
25,10011,3,0.2000000029802322,-0.7035128474235535,0.7349786758422852,0.240048348903656,256.0,248.53704833984372,0.1140669286251068,0.0314423255622386,32,0.0291521417540418,169,5,6,shapley-20260606T022815Z-2b78141d,shapley,conditional
26,1011,3,0.2000000029802322,-0.2559511065483093,0.0872684866189956,0.0217575207352638,95.80583190917967,31.80583381652832,0.6680178046226501,0.0101650152355432,0,0.0291521417540418,169,5,6,shapley-20260606T022815Z-2b78141d,shapley,conditional
27,11011,4,0.4000000059604645,-0.173633188009262,0.0462903343141078,0.0161418505012989,187.1471405029297,155.1471405029297,0.170988455414772,0.0167882926762104,32,0.0291521417540418,169,5,6,shapley-20260606T022815Z-2b78141d,shapley,conditional
28,111,3,0.2000000029802322,-0.6097750663757324,0.5930153727531433,0.2211897373199463,256.0,248.3485412597656,0.2787872850894928,0.0302220694720745,96,0.0291521417540418,169,5,6,shapley-20260606T022815Z-2b78141d,shapley,conditional
29,10111,4,0.4000000059604645,-0.5052282810211182,0.4156773686408996,0.1604217588901519,256.0,248.53704833984372,0.204775720834732,0.0507725737988948,64,0.0291521417540418,169,5,6,shapley-20260606T022815Z-2b78141d,shapley,conditional
30,1111,4,0.4000000059604645,-0.0393551588058471,0.0049550766125321,0.0034062480553984,125.2013931274414,93.2013931274414,0.2555882036685943,0.0082526486366987,32,0.0291521417540418,169,5,6,shapley-20260606T022815Z-2b78141d,shapley,conditional
31,11111,5,1.0,0.0,0.0,0.0,96.0,64.0,0.3333333432674408,0.0010000000474974,0,0.0291521417540418,169,5,6,shapley-20260606T022815Z-2b78141d,shapley,conditional
