run_id,shapley_tactic,phase,epoch,logical_epoch,elapsed_train_sec,shapley_value,baseline_value,metric,delta
shapley-20260606T021133Z-b813eaaf,baseline,A,0,0,0.2518931000013253,0.974964439868927,0.9666206921849932,train_pix_recon,0.008343747683933755
shapley-20260606T021133Z-b813eaaf,baseline,A,1,1,0.3153895000032207,0.7775120650018964,0.7496139236858913,train_pix_recon,0.0278981413160051
shapley-20260606T021133Z-b813eaaf,baseline,A,2,2,0.3770991000055801,0.6336331793240139,0.6187451141221183,train_pix_recon,0.014888065201895562
shapley-20260606T021133Z-b813eaaf,baseline,A,3,3,0.4360307000060857,0.5397853212697166,0.5342077740601131,train_pix_recon,0.005577547209603462
shapley-20260606T021133Z-b813eaaf,baseline,A,4,4,0.4999549000058323,0.4842554756573268,0.4785708742482321,train_pix_recon,0.005684601409094714
shapley-20260606T021133Z-b813eaaf,baseline,A,5,5,0.5632587000072817,0.4396883377007076,0.44087786759649,train_pix_recon,-0.0011895298957824152
shapley-20260606T021133Z-b813eaaf,baseline,A,6,6,0.6259713000072225,0.4077742440359933,0.4066985717841557,train_pix_recon,0.0010756722518376338
shapley-20260606T021133Z-b813eaaf,baseline,A,7,7,0.6865164000082586,0.3824375101498195,0.3895307779312134,train_pix_recon,-0.007093267781393853
shapley-20260606T021133Z-b813eaaf,baseline,A,8,8,0.7471013000103994,0.3615147641726902,0.3720588513783046,train_pix_recon,-0.010544087205614394
shapley-20260606T021133Z-b813eaaf,baseline,A,9,9,0.8058917000125803,0.3457967511245182,0.3590576393263681,train_pix_recon,-0.013260888201849896
shapley-20260606T021133Z-b813eaaf,baseline,A,10,10,0.8655891000125848,0.3296560857977186,0.3414645322731563,train_pix_recon,-0.011808446475437717
shapley-20260606T021133Z-b813eaaf,baseline,A,11,11,0.9296220000142056,0.319495609828404,0.3322754204273224,train_pix_recon,-0.012779810598918362
shapley-20260606T021133Z-b813eaaf,baseline,A,12,12,0.9902584000119532,0.317140166248594,0.334431026663099,train_pix_recon,-0.017290860414505005
shapley-20260606T021133Z-b813eaaf,baseline,A,13,13,1.0487478000140982,0.3122313916683197,0.3285734610898154,train_pix_recon,-0.016342069421495686
shapley-20260606T021133Z-b813eaaf,baseline,A,14,14,1.1093765000150595,0.2958541171891348,0.3103816338947841,train_pix_recon,-0.014527516705649335
shapley-20260606T021133Z-b813eaaf,baseline,A,15,15,1.171447200013063,0.2891797295638493,0.2995749967438834,train_pix_recon,-0.010395267180034085
shapley-20260606T021133Z-b813eaaf,baseline,A,16,16,1.2312692000123209,0.288081624678203,0.2991221504552023,train_pix_recon,-0.011040525776999321
shapley-20260606T021133Z-b813eaaf,baseline,A,17,17,1.2937302000136697,0.2900617633547102,0.2970872351101467,train_pix_recon,-0.0070254717554364965
shapley-20260606T021133Z-b813eaaf,baseline,A,18,18,1.355930100013211,0.2785048995699201,0.284934605870928,train_pix_recon,-0.00642970630100792
shapley-20260606T021133Z-b813eaaf,baseline,A,19,19,1.4196993000150542,0.2721505377973829,0.2788979751723153,train_pix_recon,-0.006747437374932386
shapley-20260606T021133Z-b813eaaf,baseline,A,20,20,1.4788677000178725,0.2702914774417877,0.2728722989559173,train_pix_recon,-0.002580821514129583
shapley-20260606T021133Z-b813eaaf,baseline,A,21,21,1.5421666000183905,0.2754000553062984,0.2817782419068472,train_pix_recon,-0.006378186600548785
shapley-20260606T021133Z-b813eaaf,baseline,A,22,22,1.6022579000200494,0.2723104528018406,0.2785861534731729,train_pix_recon,-0.006275700671332318
shapley-20260606T021133Z-b813eaaf,baseline,A,23,23,1.6692481000172847,0.2676908203533718,0.2720177514212472,train_pix_recon,-0.004326931067875406
shapley-20260606T021133Z-b813eaaf,baseline,A,24,24,1.731614600015746,0.2727754030908857,0.2778987458774021,train_pix_recon,-0.005123342786516383
shapley-20260606T021133Z-b813eaaf,baseline,A,25,25,1.7956558000150835,0.2687474914959499,0.2761422438280923,train_pix_recon,-0.007394752332142429
shapley-20260606T021133Z-b813eaaf,baseline,A,26,26,1.8577232000170625,0.2629303974764688,0.2677899428776332,train_pix_recon,-0.0048595454011644
shapley-20260606T021133Z-b813eaaf,baseline,A,27,27,1.9177802000158408,0.2682496862752097,0.2669951660292489,train_pix_recon,0.0012545202459607885
shapley-20260606T021133Z-b813eaaf,baseline,A,28,28,1.9779789000167511,0.2652824180466788,0.2660986014774867,train_pix_recon,-0.0008161834308079152
shapley-20260606T021133Z-b813eaaf,baseline,A,29,29,2.038317700014886,0.262416341475078,0.2655481568404606,train_pix_recon,-0.003131815365382651
shapley-20260606T021133Z-b813eaaf,baseline,A,30,30,2.096850600013568,0.2626157019819532,0.2644112578460148,train_pix_recon,-0.0017955558640616043
shapley-20260606T021133Z-b813eaaf,baseline,A,31,31,2.1554663000133587,0.2586905317647116,0.2621714855943407,train_pix_recon,-0.003480953829629152
shapley-20260606T021133Z-b813eaaf,baseline,A,32,32,2.215917500016076,0.2629711585385458,0.2647092172077724,train_pix_recon,-0.0017380586692266053
shapley-20260606T021133Z-b813eaaf,baseline,A,33,33,2.2761723000148777,0.2619896062782832,0.2629411816596985,train_pix_recon,-0.0009515753814152705
shapley-20260606T021133Z-b813eaaf,baseline,A,34,34,2.344214800014015,0.261223384312221,0.2591117173433304,train_pix_recon,0.002111666968890591
shapley-20260606T021133Z-b813eaaf,baseline,A,35,35,2.402940900014073,0.2628418803215027,0.2628028435366494,train_pix_recon,3.9036784853285766e-05
shapley-20260606T021133Z-b813eaaf,baseline,A,36,36,2.466976000014256,0.2589912286826542,0.2637297851698739,train_pix_recon,-0.004738556487219714
shapley-20260606T021133Z-b813eaaf,baseline,A,37,37,2.52678120001292,0.2588152693850653,0.2649312359946115,train_pix_recon,-0.006115966609546164
shapley-20260606T021133Z-b813eaaf,baseline,A,38,38,2.5885922000124992,0.2644894974572317,0.2656464832169669,train_pix_recon,-0.001156985759735163
shapley-20260606T021133Z-b813eaaf,baseline,A,39,39,2.651582300011796,0.2650460175105503,0.2672051702226911,train_pix_recon,-0.0021591527121407883
shapley-20260606T021133Z-b813eaaf,baseline,A,40,40,2.7134755000115547,0.2646287679672241,0.2661936751433781,train_pix_recon,-0.0015649071761539846
shapley-20260606T021133Z-b813eaaf,baseline,A,41,41,2.7723258000114583,0.2726234836237771,0.2694805221898215,train_pix_recon,0.0031429614339555934
shapley-20260606T021133Z-b813eaaf,baseline,A,42,42,2.8330510000123468,0.2718688334737505,0.2712241326059614,train_pix_recon,0.0006447008677891164
shapley-20260606T021133Z-b813eaaf,baseline,A,43,43,2.89755880001394,0.273048141172954,0.2722043352467673,train_pix_recon,0.0008438059261867137
shapley-20260606T021133Z-b813eaaf,baseline,A,44,44,2.958259700015333,0.2722311530794416,0.2725956227098192,train_pix_recon,-0.00036446963037756186
shapley-20260606T021133Z-b813eaaf,baseline,A,45,45,3.025572100017598,0.2711337889943804,0.2716697539602007,train_pix_recon,-0.0005359649658203125
shapley-20260606T021133Z-b813eaaf,baseline,A,46,46,3.088461300019844,0.2745782307216099,0.2723864912986755,train_pix_recon,0.0021917394229344356
shapley-20260606T021133Z-b813eaaf,baseline,A,47,47,3.150444000020798,0.2747379498822348,0.2722395019871848,train_pix_recon,0.002498447895050049
shapley-20260606T021133Z-b813eaaf,baseline,A,48,48,3.214483400020981,0.2732149362564087,0.2714068123272487,train_pix_recon,0.001808123929159966
shapley-20260606T021133Z-b813eaaf,baseline,A,49,49,3.27429210002083,0.2725541719368526,0.2747063423906054,train_pix_recon,-0.0021521704537527664
shapley-20260606T021133Z-b813eaaf,baseline,A,50,50,3.333639600019524,0.2785046909536634,0.2771671116352081,train_pix_recon,0.0013375793184553508
shapley-20260606T021133Z-b813eaaf,baseline,A,51,51,3.3929580000185524,0.277353537934167,0.2816591944013323,train_pix_recon,-0.0043056564671652975
shapley-20260606T021133Z-b813eaaf,baseline,A,52,52,3.4544503000215627,0.2774906030723026,0.2821653613022395,train_pix_recon,-0.004674758229936904
shapley-20260606T021133Z-b813eaaf,baseline,A,53,53,3.5173447000197484,0.2822309349264417,0.2841420258794512,train_pix_recon,-0.0019110909530095088
shapley-20260606T021133Z-b813eaaf,baseline,A,54,54,3.5784605000189917,0.2839118029390062,0.2878233790397644,train_pix_recon,-0.003911576100758207
shapley-20260606T021133Z-b813eaaf,baseline,A,55,55,3.641514600018127,0.2873830412115369,0.282611540385655,train_pix_recon,0.0047715008258819025
shapley-20260606T021133Z-b813eaaf,baseline,A,56,56,3.700695700019424,0.2903074579579489,0.2890143777642931,train_pix_recon,0.00129308019365576
shapley-20260606T021133Z-b813eaaf,baseline,A,57,57,3.7654231000160503,0.2879329919815063,0.2903412154742649,train_pix_recon,-0.002408223492758599
shapley-20260606T021133Z-b813eaaf,baseline,A,58,58,3.8260816000183695,0.2912536944661821,0.2900652544839041,train_pix_recon,0.0011884399822780223
shapley-20260606T021133Z-b813eaaf,baseline,A,59,59,3.886835300017992,0.2947353422641754,0.2928488637719835,train_pix_recon,0.001886478492191923
shapley-20260606T021133Z-b813eaaf,baseline,A,60,60,3.954838100020425,0.2975062600203922,0.2947648891380855,train_pix_recon,0.002741370882306693
shapley-20260606T021133Z-b813eaaf,baseline,A,61,61,4.013538600018364,0.2959826035158975,0.3017150844846453,train_pix_recon,-0.0057324809687477885
shapley-20260606T021133Z-b813eaaf,baseline,A,62,62,4.072817100019165,0.3004060345036642,0.2971134100641523,train_pix_recon,0.003292624439511893
shapley-20260606T021133Z-b813eaaf,baseline,A,63,63,4.131452200021158,0.3029974486146654,0.3052397455487932,train_pix_recon,-0.0022422969341278076
shapley-20260606T021133Z-b813eaaf,baseline,A,64,64,4.190439000023616,0.3049367453370775,0.3024785646370479,train_pix_recon,0.0024581807000295663
shapley-20260606T021133Z-b813eaaf,baseline,A,65,65,4.255545900021389,0.305197605064937,0.3068927100726536,train_pix_recon,-0.0016951050077166352
shapley-20260606T021133Z-b813eaaf,baseline,A,66,66,4.31740460002402,0.3054985233715602,0.3053846018654959,train_pix_recon,0.00011392150606431839
shapley-20260606T021133Z-b813eaaf,baseline,A,67,67,4.381971300022997,0.3127030176775796,0.3119070019040789,train_pix_recon,0.0007960157735006912
shapley-20260606T021133Z-b813eaaf,baseline,A,68,68,4.444387200022902,0.3110290212290628,0.3120605817862919,train_pix_recon,-0.0010315605572291386
shapley-20260606T021133Z-b813eaaf,baseline,A,69,69,4.505981500020425,0.3105859969343458,0.3148377495152609,train_pix_recon,-0.004251752580915091
shapley-20260606T021133Z-b813eaaf,baseline,A,70,70,4.572283500019694,0.315905145236424,0.3150587507656642,train_pix_recon,0.0008463944707597926
shapley-20260606T021133Z-b813eaaf,baseline,A,71,71,4.632504600020184,0.3140774922711508,0.3138462177344731,train_pix_recon,0.0002312745366777058
shapley-20260606T021133Z-b813eaaf,baseline,A,72,72,4.692473700019036,0.3216767651694162,0.321752062865666,train_pix_recon,-7.529769624980975e-05
shapley-20260606T021133Z-b813eaaf,baseline,A,73,73,4.751417400020728,0.3169015262808118,0.318741500377655,train_pix_recon,-0.0018399740968431666
shapley-20260606T021133Z-b813eaaf,baseline,A,74,74,4.809572700021818,0.320053368806839,0.3283946897302355,train_pix_recon,-0.008341320923396511
shapley-20260606T021133Z-b813eaaf,baseline,A,75,75,4.872170800023014,0.328195903982435,0.3273726148264749,train_pix_recon,0.000823289155960083
shapley-20260606T021133Z-b813eaaf,baseline,A,76,76,4.9358795000225655,0.3235753561769213,0.330132850578853,train_pix_recon,-0.006557494401931707
shapley-20260606T021133Z-b813eaaf,baseline,A,77,77,5.003084600022703,0.3276076912879944,0.3349944523402622,train_pix_recon,-0.007386761052267821
shapley-20260606T021133Z-b813eaaf,baseline,A,78,78,5.061286500022106,0.3292480111122131,0.3337232385362897,train_pix_recon,-0.004475227424076633
shapley-20260606T021133Z-b813eaaf,baseline,A,79,79,5.1268286000231456,0.3297399197305952,0.3338304587772914,train_pix_recon,-0.004090539046696207
shapley-20260606T021133Z-b813eaaf,baseline,A,80,80,5.191812300021411,0.3333223419530051,0.3381694214684622,train_pix_recon,-0.004847079515457098
shapley-20260606T021133Z-b813eaaf,baseline,A,81,81,5.252383900020504,0.3293560232434954,0.3365201481751033,train_pix_recon,-0.007164124931607896
shapley-20260606T021133Z-b813eaaf,baseline,A,82,82,5.312028900021687,0.3372260502406529,0.3405522576400211,train_pix_recon,-0.0033262073993682306
shapley-20260606T021133Z-b813eaaf,baseline,A,83,83,5.372625700019853,0.3455390674727304,0.346977378640856,train_pix_recon,-0.0014383111681255945
shapley-20260606T021133Z-b813eaaf,baseline,A,84,84,5.432236000018747,0.3386138464723314,0.3430006759507315,train_pix_recon,-0.004386829478400134
shapley-20260606T021133Z-b813eaaf,baseline,A,85,85,5.495757900018361,0.3423971661499568,0.3474139315741403,train_pix_recon,-0.0050167654241835
shapley-20260606T021133Z-b813eaaf,baseline,A,86,86,5.558538100020087,0.3435120156833103,0.3446766265801021,train_pix_recon,-0.0011646108967918178
shapley-20260606T021133Z-b813eaaf,baseline,A,87,87,5.618801300021005,0.352293644632612,0.3453427723475865,train_pix_recon,0.0069508722850255
shapley-20260606T021133Z-b813eaaf,baseline,A,88,88,5.681439600022713,0.3475728758743831,0.3610396427767617,train_pix_recon,-0.01346676690237858
shapley-20260606T021133Z-b813eaaf,baseline,A,89,89,5.741762100020424,0.3481321547712598,0.3576921267168862,train_pix_recon,-0.009559971945626411
shapley-20260606T021133Z-b813eaaf,baseline,A,90,90,5.810964300020714,0.3520243380750928,0.3566593272345407,train_pix_recon,-0.004634989159447878
shapley-20260606T021133Z-b813eaaf,baseline,A,91,91,5.875495800020872,0.3543441040175302,0.3662611714431217,train_pix_recon,-0.01191706742559151
shapley-20260606T021133Z-b813eaaf,baseline,A,92,92,5.941702400021313,0.3478764167853764,0.3529405210699354,train_pix_recon,-0.005064104284559001
shapley-20260606T021133Z-b813eaaf,baseline,A,93,93,6.008594000024459,0.3582536833626883,0.3686234780720302,train_pix_recon,-0.010369794709341906
shapley-20260606T021133Z-b813eaaf,baseline,A,94,94,6.074510200021905,0.3564483267920358,0.363075703382492,train_pix_recon,-0.006627376590456202
shapley-20260606T021133Z-b813eaaf,baseline,A,95,95,6.137026100022922,0.3535214449678148,0.3682726408754076,train_pix_recon,-0.014751195907592829
shapley-20260606T021133Z-b813eaaf,baseline,A,96,96,6.205009600023914,0.3567141209329877,0.3650490811892918,train_pix_recon,-0.008334960256304091
shapley-20260606T021133Z-b813eaaf,baseline,A,97,97,6.269990100023279,0.3677604794502258,0.3724099823406764,train_pix_recon,-0.00464950289045063
shapley-20260606T021133Z-b813eaaf,baseline,A,98,98,6.332770900022297,0.3691993994372232,0.3760703716959272,train_pix_recon,-0.006870972258704033
shapley-20260606T021133Z-b813eaaf,baseline,A,99,99,6.401251000021148,0.3643622142927987,0.3778796749455588,train_pix_recon,-0.013517460652760105
shapley-20260606T021133Z-b813eaaf,baseline,A,100,100,6.468411400019249,0.3638465532234737,0.3757889015333993,train_pix_recon,-0.011942348309925577
shapley-20260606T021133Z-b813eaaf,baseline,A,101,101,6.531249600018782,0.371427446603775,0.373318395444325,train_pix_recon,-0.0018909488405499664
shapley-20260606T021133Z-b813eaaf,baseline,A,102,102,6.598183100020833,0.3748714668410165,0.3895363467080252,train_pix_recon,-0.014664879867008707
shapley-20260606T021133Z-b813eaaf,baseline,A,103,103,6.6647674000232655,0.3687428704329899,0.3814850449562073,train_pix_recon,-0.012742174523217353
shapley-20260606T021133Z-b813eaaf,baseline,A,104,104,6.727463800023543,0.3811912621770586,0.3866753365312304,train_pix_recon,-0.005484074354171753
shapley-20260606T021133Z-b813eaaf,baseline,A,105,105,6.792426800024259,0.3725404228482927,0.3758676264967237,train_pix_recon,-0.0033272036484309764
shapley-20260606T021133Z-b813eaaf,baseline,A,106,106,6.855948200023704,0.3782662493841989,0.3929656062807355,train_pix_recon,-0.01469935689653662
shapley-20260606T021133Z-b813eaaf,baseline,A,107,107,6.922220600023138,0.3922961524554661,0.3919452769415719,train_pix_recon,0.0003508755138942332
shapley-20260606T021133Z-b813eaaf,baseline,A,108,108,6.985902200020064,0.3769323016916002,0.3920926323958805,train_pix_recon,-0.0151603307042803
shapley-20260606T021133Z-b813eaaf,baseline,A,109,109,7.052111800017883,0.3893725786890302,0.3873313239642552,train_pix_recon,0.00204125472477501
shapley-20260606T021133Z-b813eaaf,baseline,A,110,110,7.11589610001829,0.3880339094570705,0.40374841434615,train_pix_recon,-0.015714504889079495
shapley-20260606T021133Z-b813eaaf,baseline,A,111,111,7.184112800019648,0.3899516122681754,0.3991513252258301,train_pix_recon,-0.009199712957654704
shapley-20260606T021133Z-b813eaaf,baseline,A,112,112,7.247659200016642,0.3942181595734187,0.3943961007254464,train_pix_recon,-0.00017794115202768301
shapley-20260606T021133Z-b813eaaf,baseline,A,113,113,7.309810200018546,0.3942334737096514,0.4017594797270639,train_pix_recon,-0.00752600601741249
shapley-20260606T021133Z-b813eaaf,baseline,A,114,114,7.378848200020002,0.391114239181791,0.4032449424266815,train_pix_recon,-0.012130703244890517
shapley-20260606T021133Z-b813eaaf,baseline,A,115,115,7.443406300018978,0.3976306702409471,0.3933135611670358,train_pix_recon,0.004317109073911307
shapley-20260606T021133Z-b813eaaf,baseline,A,116,116,7.505394200019509,0.40204057097435,0.4045547885554177,train_pix_recon,-0.0025142175810677347
shapley-20260606T021133Z-b813eaaf,baseline,A,117,117,7.571042500021576,0.4072783631937844,0.4071374492985861,train_pix_recon,0.00014091389519832465
shapley-20260606T021133Z-b813eaaf,baseline,A,118,118,7.638795900023979,0.3933328219822475,0.410192962203707,train_pix_recon,-0.016860140221459485
shapley-20260606T021133Z-b813eaaf,baseline,A,119,119,7.704245800025092,0.4086725456374032,0.4191201371806008,train_pix_recon,-0.010447591543197632
shapley-20260606T021133Z-b813eaaf,baseline,A,120,120,7.772175200025231,0.4097928404808044,0.4098038332802908,train_pix_recon,-1.0992799486408966e-05
shapley-20260606T021133Z-b813eaaf,baseline,A,121,121,7.843680700025288,0.4090890841824667,0.4323056042194366,train_pix_recon,-0.02321652003696989
shapley-20260606T021133Z-b813eaaf,baseline,A,122,122,7.908768600027543,0.4161485178130014,0.4244566985539028,train_pix_recon,-0.008308180740901394
shapley-20260606T021133Z-b813eaaf,baseline,A,123,123,7.97410120002678,0.427699259349278,0.4285398210797991,train_pix_recon,-0.0008405617305211055
shapley-20260606T021133Z-b813eaaf,baseline,A,124,124,8.04324140002791,0.4268320543425424,0.436237233025687,train_pix_recon,-0.00940517868314461
shapley-20260606T021133Z-b813eaaf,baseline,A,125,125,8.112364500029798,0.4410911755902426,0.4325352566582816,train_pix_recon,0.008555918931961004
shapley-20260606T021133Z-b813eaaf,baseline,A,126,126,8.183543100032693,0.430224529334477,0.4394569396972656,train_pix_recon,-0.009232410362788601
shapley-20260606T021133Z-b813eaaf,baseline,A,127,127,8.251192100033222,0.4241600206920078,0.4240075647830963,train_pix_recon,0.0001524559089114974
shapley-20260606T021133Z-b813eaaf,baseline,A,128,128,8.31568080003126,0.4344486168452671,0.4363027598176683,train_pix_recon,-0.0018541429724012182
shapley-20260606T021133Z-b813eaaf,baseline,A,129,129,8.380254300031083,0.4208055734634399,0.4253418317862919,train_pix_recon,-0.004536258322852038
shapley-20260606T021133Z-b813eaaf,baseline,A,130,130,8.452212500029418,0.4341235160827636,0.4321863523551396,train_pix_recon,0.001937163727624036
shapley-20260606T021133Z-b813eaaf,baseline,A,131,131,8.521739400031947,0.4206850017820085,0.4297265452998025,train_pix_recon,-0.00904154351779396
shapley-20260606T021133Z-b813eaaf,baseline,A,132,132,8.586505300030694,0.4329612467970167,0.4239638575485774,train_pix_recon,0.008997389248439291
shapley-20260606T021133Z-b813eaaf,baseline,A,133,133,8.656109900031879,0.4079114667006901,0.4198430606297084,train_pix_recon,-0.01193159392901827
shapley-20260606T021133Z-b813eaaf,baseline,A,134,134,8.727444300031493,0.4269002548285893,0.4378154746123722,train_pix_recon,-0.010915219783782903
shapley-20260606T021133Z-b813eaaf,baseline,A,135,135,8.794549800029927,0.4193892564092363,0.419022798538208,train_pix_recon,0.00036645787102829175
shapley-20260606T021133Z-b813eaaf,baseline,A,136,136,8.86155760003021,0.4196449773652213,0.4336188350405012,train_pix_recon,-0.013973857675279922
shapley-20260606T021133Z-b813eaaf,baseline,A,137,137,8.92454090002866,0.4270341055733817,0.4186507420880453,train_pix_recon,0.00838336348533636
shapley-20260606T021133Z-b813eaaf,baseline,A,138,138,8.99386690002575,0.4094492409910474,0.4150836297443935,train_pix_recon,-0.005634388753346098
shapley-20260606T021133Z-b813eaaf,baseline,A,139,139,9.056787600027748,0.4270157728876386,0.4308932381016867,train_pix_recon,-0.003877465214048137
shapley-20260606T021133Z-b813eaaf,baseline,A,140,140,9.123380300028655,0.4144917215619768,0.4121862777641841,train_pix_recon,0.0023054437977926834
shapley-20260606T021133Z-b813eaaf,baseline,A,141,141,9.187723500028367,0.4183110552174704,0.4145194845540182,train_pix_recon,0.003791570663452204
shapley-20260606T021133Z-b813eaaf,baseline,A,142,142,9.256238100027986,0.4225228045667921,0.4231669434479305,train_pix_recon,-0.0006441388811384008
shapley-20260606T021133Z-b813eaaf,baseline,A,143,143,9.324801800026762,0.4048945818628583,0.4221800523144858,train_pix_recon,-0.017285470451627483
shapley-20260606T021133Z-b813eaaf,baseline,A,144,144,9.391201300026296,0.4201517573424748,0.4165092664105551,train_pix_recon,0.0036424909319197063
shapley-20260606T021133Z-b813eaaf,baseline,A,145,145,9.457069000025513,0.4192618429660797,0.422069536788123,train_pix_recon,-0.002807693822043267
shapley-20260606T021133Z-b813eaaf,baseline,A,146,146,9.519999000025564,0.4099148597036089,0.4201569940362658,train_pix_recon,-0.01024213433265686
shapley-20260606T021133Z-b813eaaf,baseline,A,147,147,9.585033900024428,0.4218745785100119,0.4126081211226327,train_pix_recon,0.009266457387379246
shapley-20260606T021133Z-b813eaaf,baseline,A,148,148,9.650056100021176,0.4090605931622641,0.4147968717983791,train_pix_recon,-0.005736278636114978
shapley-20260606T021133Z-b813eaaf,baseline,A,149,149,9.71660520002115,0.4130427794797079,0.4264594614505768,train_pix_recon,-0.013416681970868871
shapley-20260606T021133Z-b813eaaf,baseline,A,150,150,9.785097900021356,0.4118674312319074,0.420562595129013,train_pix_recon,-0.008695163897105618
shapley-20260606T021133Z-b813eaaf,baseline,A,151,151,9.85976650001976,0.4057227756295885,0.4066313420023237,train_pix_recon,-0.0009085663727352311
shapley-20260606T021133Z-b813eaaf,baseline,A,152,152,9.92868450001697,0.4184944374220712,0.4125757132257734,train_pix_recon,0.005918724196297798
shapley-20260606T021133Z-b813eaaf,baseline,A,153,153,9.995981200016104,0.4124301544257572,0.4237292323793684,train_pix_recon,-0.01129907795361118
shapley-20260606T021133Z-b813eaaf,baseline,A,154,154,10.05955770001674,0.4109574939523424,0.4202292561531067,train_pix_recon,-0.00927176220076431
shapley-20260606T021133Z-b813eaaf,baseline,A,155,155,10.124202000017249,0.403308766228812,0.4168162473610469,train_pix_recon,-0.013507481132234878
shapley-20260606T021133Z-b813eaaf,baseline,A,156,156,10.193747300018003,0.4168722076075418,0.416515120438167,train_pix_recon,0.00035708716937477014
shapley-20260606T021133Z-b813eaaf,baseline,A,157,157,10.2567886000179,0.4061646376337324,0.4114477038383484,train_pix_recon,-0.005283066204615994
shapley-20260606T021133Z-b813eaaf,baseline,A,158,158,10.320813300018926,0.4055583732468741,0.4170154333114624,train_pix_recon,-0.011457060064588298
shapley-20260606T021133Z-b813eaaf,baseline,A,159,159,10.39013420002084,0.4076977925641196,0.4173698553017207,train_pix_recon,-0.009672062737601128
shapley-20260606T021133Z-b813eaaf,baseline,A,160,160,10.457295300020633,0.4144956852708544,0.4193206301757267,train_pix_recon,-0.004824944904872286
shapley-20260606T021133Z-b813eaaf,baseline,A,161,161,10.526456900021005,0.4076534722532545,0.4227220756667001,train_pix_recon,-0.015068603413445625
shapley-20260606T021133Z-b813eaaf,baseline,A,162,162,10.59269320002204,0.4151643174035208,0.4142432510852813,train_pix_recon,0.0009210663182394607
shapley-20260606T021133Z-b813eaaf,baseline,A,163,163,10.662599500021315,0.4126915676253183,0.4101122404847826,train_pix_recon,0.002579327140535659
shapley-20260606T021133Z-b813eaaf,baseline,A,164,164,10.731483300020043,0.4027985419545855,0.4136019093649728,train_pix_recon,-0.010803367410387343
shapley-20260606T021133Z-b813eaaf,baseline,A,165,165,10.796959800019977,0.4081158552850996,0.4127611901078905,train_pix_recon,-0.004645334822790892
shapley-20260606T021133Z-b813eaaf,baseline,A,166,166,10.860747800019452,0.4077086533818926,0.4110255071095058,train_pix_recon,-0.0033168537276132004
shapley-20260606T021133Z-b813eaaf,baseline,A,167,167,10.925489800018113,0.4121552109718323,0.4171946474484035,train_pix_recon,-0.005039436476571235
shapley-20260606T021133Z-b813eaaf,baseline,A,168,168,10.991618400017614,0.4050162008830479,0.4199399948120117,train_pix_recon,-0.014923793928963813
shapley-20260606T021133Z-b813eaaf,baseline,A,169,169,11.0559400000202,0.406209545476096,0.4186250311987741,train_pix_recon,-0.012415485722678088
shapley-20260606T021133Z-b813eaaf,baseline,A,170,170,11.121118600018235,0.4135488058839525,0.4111623380865369,train_pix_recon,0.0023864677974155812
shapley-20260606T021133Z-b813eaaf,baseline,A,171,171,11.1874653000159,0.4077550683702741,0.4127087209905897,train_pix_recon,-0.004953652620315607
shapley-20260606T021133Z-b813eaaf,baseline,A,172,172,11.252938000016002,0.4053011323724474,0.4091345454965319,train_pix_recon,-0.0038334131240844727
shapley-20260606T021133Z-b813eaaf,baseline,A,173,173,11.31918980001501,0.4095108551638467,0.415172095809664,train_pix_recon,-0.0056612406458173
shapley-20260606T021133Z-b813eaaf,baseline,A,174,174,11.382242700015922,0.4095599183014461,0.4137523898056575,train_pix_recon,-0.00419247150421137
shapley-20260606T021133Z-b813eaaf,baseline,A,175,175,11.444754200016176,0.4024133341653006,0.4141052961349487,train_pix_recon,-0.011691961969648057
shapley-20260606T021133Z-b813eaaf,baseline,A,176,176,11.509086000016396,0.4068480389458792,0.4107095897197723,train_pix_recon,-0.0038615507738931076
shapley-20260606T021133Z-b813eaaf,baseline,A,177,177,11.574825300016528,0.4079823025635311,0.408672136919839,train_pix_recon,-0.0006898343563079279
shapley-20260606T021133Z-b813eaaf,baseline,A,178,178,11.637491900015448,0.4120813054697854,0.4127900089536394,train_pix_recon,-0.0007087034838539896
shapley-20260606T021133Z-b813eaaf,baseline,A,179,179,11.70117230001415,0.4012162046773093,0.4087554003511156,train_pix_recon,-0.007539195673806343
shapley-20260606T021133Z-b813eaaf,baseline,A,180,180,11.76604420001604,0.4102720277650015,0.421550554888589,train_pix_recon,-0.011278527123587512
shapley-20260606T021133Z-b813eaaf,baseline,A,181,181,11.83532370001558,0.4019299447536468,0.4134433014052255,train_pix_recon,-0.01151335665157871
shapley-20260606T021133Z-b813eaaf,baseline,A,182,182,11.90589960001671,0.414903849363327,0.4161939152649471,train_pix_recon,-0.0012900659016200633
shapley-20260606T021133Z-b813eaaf,baseline,A,183,183,11.971152300015092,0.4113412584577288,0.4135341048240661,train_pix_recon,-0.00219284636633732
shapley-20260606T021133Z-b813eaaf,baseline,A,184,184,12.03691920001438,0.4072737055165427,0.4110349416732788,train_pix_recon,-0.003761236156736125
shapley-20260606T021133Z-b813eaaf,baseline,A,185,185,12.114208900013182,0.399080114705222,0.4104917049407959,train_pix_recon,-0.01141159023557392
shapley-20260606T021133Z-b813eaaf,baseline,A,186,186,12.187846600012564,0.4075271912983486,0.4076272547245025,train_pix_recon,-0.00010006342615392905
shapley-20260606T021133Z-b813eaaf,baseline,A,187,187,12.252360200011026,0.4120629472391946,0.4099326644624982,train_pix_recon,0.0021302827766964127
shapley-20260606T021133Z-b813eaaf,baseline,A,188,188,12.314681400013797,0.4055501052311488,0.4045907173837934,train_pix_recon,0.0009593878473554418
shapley-20260606T021133Z-b813eaaf,baseline,A,189,189,12.376936700016811,0.4085584921496255,0.4082904202597482,train_pix_recon,0.0002680718898772638
shapley-20260606T021133Z-b813eaaf,baseline,A,190,190,12.440964300014455,0.4055206477642059,0.4120638753686632,train_pix_recon,-0.006543227604457302
shapley-20260606T021133Z-b813eaaf,baseline,A,191,191,12.505975300016871,0.4050181422914777,0.4073023455483572,train_pix_recon,-0.0022842032568795023
shapley-20260606T021133Z-b813eaaf,baseline,A,192,192,12.57512340001631,0.4047932454517909,0.4118731149605342,train_pix_recon,-0.007079869508743286
shapley-20260606T021133Z-b813eaaf,baseline,A,193,193,12.638367500014285,0.4024343533175332,0.4087430110999516,train_pix_recon,-0.006308657782418403
shapley-20260606T021133Z-b813eaaf,baseline,A,194,194,12.70026170001438,0.4084211247307913,0.4057453061853136,train_pix_recon,0.0026758185454776595
shapley-20260606T021133Z-b813eaaf,baseline,A,195,195,12.768836900013412,0.4130054712295532,0.4115340624536787,train_pix_recon,0.0014714087758745387
shapley-20260606T021133Z-b813eaaf,baseline,A,196,196,12.83964920001381,0.4067433220999581,0.4096477968352182,train_pix_recon,-0.0029044747352600653
shapley-20260606T021133Z-b813eaaf,baseline,A,197,197,12.904535300014686,0.410085984638759,0.4125447486128126,train_pix_recon,-0.0024587639740535905
shapley-20260606T021133Z-b813eaaf,baseline,A,198,198,12.977275100012776,0.408288653407778,0.4111355670860835,train_pix_recon,-0.0028469136783055293
shapley-20260606T021133Z-b813eaaf,baseline,A,199,199,13.04201150001245,0.404226154088974,0.415050561938967,train_pix_recon,-0.010824407849993
shapley-20260606T021158Z-cfd9af2c,marginal,A,0,0,0.2488545999985945,0.9634243931089128,0.9666206921849932,train_pix_recon,-0.0031962990760804333
shapley-20260606T021158Z-cfd9af2c,marginal,A,1,1,0.309505999997782,0.7812751105853489,0.7496139236858913,train_pix_recon,0.03166118689945763
shapley-20260606T021158Z-cfd9af2c,marginal,A,2,2,0.3687217999977292,0.6674791404179165,0.6187451141221183,train_pix_recon,0.04873402629579815
shapley-20260606T021158Z-cfd9af2c,marginal,A,3,3,0.4284461999959603,0.5764382907322475,0.5342077740601131,train_pix_recon,0.0422305166721344
shapley-20260606T021158Z-cfd9af2c,marginal,A,4,4,0.4868352999947092,0.5016783944198063,0.4785708742482321,train_pix_recon,0.023107520171574247
shapley-20260606T021158Z-cfd9af2c,marginal,A,5,5,0.5469319999974687,0.4546370335987636,0.44087786759649,train_pix_recon,0.013759166002273615
shapley-20260606T021158Z-cfd9af2c,marginal,A,6,6,0.6051208999961091,0.4194687179156712,0.4066985717841557,train_pix_recon,0.012770146131515503
shapley-20260606T021158Z-cfd9af2c,marginal,A,7,7,0.664330899995548,0.3971308256898607,0.3895307779312134,train_pix_recon,0.00760004775864731
shapley-20260606T021158Z-cfd9af2c,marginal,A,8,8,0.7239215999943553,0.3765668358121599,0.3720588513783046,train_pix_recon,0.0045079844338553055
shapley-20260606T021158Z-cfd9af2c,marginal,A,9,9,0.7874974999940605,0.3575156373637063,0.3590576393263681,train_pix_recon,-0.0015420019626617987
shapley-20260606T021158Z-cfd9af2c,marginal,A,10,10,0.8498626999935368,0.3450118899345398,0.3414645322731563,train_pix_recon,0.0035473576613834767
shapley-20260606T021158Z-cfd9af2c,marginal,A,11,11,0.9101052999903914,0.3303388399737222,0.3322754204273224,train_pix_recon,-0.0019365804536001785
shapley-20260606T021158Z-cfd9af2c,marginal,A,12,12,0.9725173999904656,0.3323481721537454,0.334431026663099,train_pix_recon,-0.002082854509353582
shapley-20260606T021158Z-cfd9af2c,marginal,A,13,13,1.033412099990528,0.3272772005626133,0.3285734610898154,train_pix_recon,-0.0012962605272021088
shapley-20260606T021158Z-cfd9af2c,marginal,A,14,14,1.09567189999143,0.308634911264692,0.3103816338947841,train_pix_recon,-0.0017467226300921235
shapley-20260606T021158Z-cfd9af2c,marginal,A,15,15,1.1566976999929466,0.2978988758155277,0.2995749967438834,train_pix_recon,-0.0016761209283556733
shapley-20260606T021158Z-cfd9af2c,marginal,A,16,16,1.2159590999908687,0.2938807734421321,0.2991221504552023,train_pix_recon,-0.005241377013070203
shapley-20260606T021158Z-cfd9af2c,marginal,A,17,17,1.276182499990682,0.2933933862618038,0.2970872351101467,train_pix_recon,-0.0036938488483428955
shapley-20260606T021158Z-cfd9af2c,marginal,A,18,18,1.3353905999938434,0.2847759468214852,0.284934605870928,train_pix_recon,-0.00015865904944278864
shapley-20260606T021158Z-cfd9af2c,marginal,A,19,19,1.3953703999941354,0.2787373193672725,0.2788979751723153,train_pix_recon,-0.00016065580504281973
shapley-20260606T021158Z-cfd9af2c,marginal,A,20,20,1.4557379999932891,0.2764533971037183,0.2728722989559173,train_pix_recon,0.0035810981478009984
shapley-20260606T021158Z-cfd9af2c,marginal,A,21,21,1.519908199992642,0.2800111600330898,0.2817782419068472,train_pix_recon,-0.0017670818737574034
shapley-20260606T021158Z-cfd9af2c,marginal,A,22,22,1.5866398999896774,0.2778023566518511,0.2785861534731729,train_pix_recon,-0.0007837968213217916
shapley-20260606T021158Z-cfd9af2c,marginal,A,23,23,1.6480982999928528,0.2691721022129059,0.2720177514212472,train_pix_recon,-0.0028456492083412943
shapley-20260606T021158Z-cfd9af2c,marginal,A,24,24,1.711854899993341,0.2693038242203848,0.2778987458774021,train_pix_recon,-0.008594921657017307
shapley-20260606T021158Z-cfd9af2c,marginal,A,25,25,1.772502199994051,0.2699611783027649,0.2761422438280923,train_pix_recon,-0.006181065525327434
shapley-20260606T021158Z-cfd9af2c,marginal,A,26,26,1.8401176999941529,0.262087413242885,0.2677899428776332,train_pix_recon,-0.00570252963474821
shapley-20260606T021158Z-cfd9af2c,marginal,A,27,27,1.90434309999182,0.2641563841274806,0.2669951660292489,train_pix_recon,-0.0028387819017682836
shapley-20260606T021158Z-cfd9af2c,marginal,A,28,28,1.9680521999944176,0.2668267829077584,0.2660986014774867,train_pix_recon,0.0007281814302717016
shapley-20260606T021158Z-cfd9af2c,marginal,A,29,29,2.0268696999919484,0.2572888604232243,0.2655481568404606,train_pix_recon,-0.008259296417236328
shapley-20260606T021158Z-cfd9af2c,marginal,A,30,30,2.089548499992816,0.2654063744204385,0.2644112578460148,train_pix_recon,0.0009951165744236934
shapley-20260606T021158Z-cfd9af2c,marginal,A,31,31,2.1566844999906607,0.261668711900711,0.2621714855943407,train_pix_recon,-0.0005027736936297211
shapley-20260606T021158Z-cfd9af2c,marginal,A,32,32,2.221946199992089,0.2584176382848194,0.2647092172077724,train_pix_recon,-0.006291578922953012
shapley-20260606T021158Z-cfd9af2c,marginal,A,33,33,2.283723299991834,0.2654647273676736,0.2629411816596985,train_pix_recon,0.002523545707975139
shapley-20260606T021158Z-cfd9af2c,marginal,A,34,34,2.3473621999910392,0.2622394348893846,0.2591117173433304,train_pix_recon,0.0031277175460542317
shapley-20260606T021158Z-cfd9af2c,marginal,A,35,35,2.4078492999906302,0.2555181767259325,0.2628028435366494,train_pix_recon,-0.007284666810716878
shapley-20260606T021158Z-cfd9af2c,marginal,A,36,36,2.473609699991357,0.2609954476356506,0.2637297851698739,train_pix_recon,-0.002734337534223308
shapley-20260606T021158Z-cfd9af2c,marginal,A,37,37,2.536944799991033,0.2595219484397343,0.2649312359946115,train_pix_recon,-0.005409287554877185
shapley-20260606T021158Z-cfd9af2c,marginal,A,38,38,2.595902399989427,0.2607722452708653,0.2656464832169669,train_pix_recon,-0.0048742379461015894
shapley-20260606T021158Z-cfd9af2c,marginal,A,39,39,2.657299399987096,0.2656837829521724,0.2672051702226911,train_pix_recon,-0.0015213872705187037
shapley-20260606T021158Z-cfd9af2c,marginal,A,40,40,2.717480999985128,0.2631431477410452,0.2661936751433781,train_pix_recon,-0.0030505274023329143
shapley-20260606T021158Z-cfd9af2c,marginal,A,41,41,2.78084749998743,0.2702726423740387,0.2694805221898215,train_pix_recon,0.0007921201842172043
shapley-20260606T021158Z-cfd9af2c,marginal,A,42,42,2.83930349998991,0.2683290200574057,0.2712241326059614,train_pix_recon,-0.0028951125485556783
shapley-20260606T021158Z-cfd9af2c,marginal,A,43,43,2.8981510999910824,0.273594673190798,0.2722043352467673,train_pix_recon,0.0013903379440307062
shapley-20260606T021158Z-cfd9af2c,marginal,A,44,44,2.9619492999918293,0.2712583754743848,0.2725956227098192,train_pix_recon,-0.00133724723543438
shapley-20260606T021158Z-cfd9af2c,marginal,A,45,45,3.0334176999931515,0.2688670967306409,0.2716697539602007,train_pix_recon,-0.002802657229559802
shapley-20260606T021158Z-cfd9af2c,marginal,A,46,46,3.0982022999924084,0.2717902192047664,0.2723864912986755,train_pix_recon,-0.000596272093909056
shapley-20260606T021158Z-cfd9af2c,marginal,A,47,47,3.1656005999902845,0.2711905922208513,0.2722395019871848,train_pix_recon,-0.0010489097663334834
shapley-20260606T021158Z-cfd9af2c,marginal,A,48,48,3.23584289999053,0.2743032361779894,0.2714068123272487,train_pix_recon,0.0028964238507406814
shapley-20260606T021158Z-cfd9af2c,marginal,A,49,49,3.2966626999914297,0.2787842963423048,0.2747063423906054,train_pix_recon,0.004077953951699409
shapley-20260606T021158Z-cfd9af2c,marginal,A,50,50,3.3612737999901583,0.2800483363015311,0.2771671116352081,train_pix_recon,0.0028812246663230123
shapley-20260606T021158Z-cfd9af2c,marginal,A,51,51,3.4259186999879603,0.2801043689250946,0.2816591944013323,train_pix_recon,-0.0015548254762376978
shapley-20260606T021158Z-cfd9af2c,marginal,A,52,52,3.496027299985144,0.2820996344089508,0.2821653613022395,train_pix_recon,-6.572689328870895e-05
shapley-20260606T021158Z-cfd9af2c,marginal,A,53,53,3.5669685999855574,0.281083413532802,0.2841420258794512,train_pix_recon,-0.0030586123466492254
shapley-20260606T021158Z-cfd9af2c,marginal,A,54,54,3.6343199999864737,0.283597856760025,0.2878233790397644,train_pix_recon,-0.00422552227973938
shapley-20260606T021158Z-cfd9af2c,marginal,A,55,55,3.701177499984624,0.284398798431669,0.282611540385655,train_pix_recon,0.0017872580460139842
shapley-20260606T021158Z-cfd9af2c,marginal,A,56,56,3.763910399986344,0.2841969771044595,0.2890143777642931,train_pix_recon,-0.004817400659833604
shapley-20260606T021158Z-cfd9af2c,marginal,A,57,57,3.827679299985903,0.2909238083021981,0.2903412154742649,train_pix_recon,0.0005825928279332149
shapley-20260606T021158Z-cfd9af2c,marginal,A,58,58,3.886829599985504,0.2898062212126596,0.2900652544839041,train_pix_recon,-0.00025903327124449094
shapley-20260606T021158Z-cfd9af2c,marginal,A,59,59,3.9487609999850974,0.2937193512916565,0.2928488637719835,train_pix_recon,0.0008704875196730022
shapley-20260606T021158Z-cfd9af2c,marginal,A,60,60,4.015185399985057,0.2933315762451717,0.2947648891380855,train_pix_recon,-0.0014333128929138184
shapley-20260606T021158Z-cfd9af2c,marginal,A,61,61,4.0789480999847,0.2958666767392839,0.3017150844846453,train_pix_recon,-0.005848407745361384
shapley-20260606T021158Z-cfd9af2c,marginal,A,62,62,4.139136099984171,0.3013001212051936,0.2971134100641523,train_pix_recon,0.004186711141041299
shapley-20260606T021158Z-cfd9af2c,marginal,A,63,63,4.20532379998258,0.3049039925847734,0.3052397455487932,train_pix_recon,-0.0003357529640197754
shapley-20260606T021158Z-cfd9af2c,marginal,A,64,64,4.271909999984928,0.3059909641742706,0.3024785646370479,train_pix_recon,0.0035123995372226546
shapley-20260606T021158Z-cfd9af2c,marginal,A,65,65,4.332386899983248,0.3044689510549818,0.3068927100726536,train_pix_recon,-0.0024237590176718338
shapley-20260606T021158Z-cfd9af2c,marginal,A,66,66,4.394049199981964,0.3076662123203277,0.3053846018654959,train_pix_recon,0.0022816104548318283
shapley-20260606T021158Z-cfd9af2c,marginal,A,67,67,4.457931699980691,0.3060059589999063,0.3119070019040789,train_pix_recon,-0.005901042904172593
shapley-20260606T021158Z-cfd9af2c,marginal,A,68,68,4.518744099983451,0.3141034628663744,0.3120605817862919,train_pix_recon,0.0020428810800824926
shapley-20260606T021158Z-cfd9af2c,marginal,A,69,69,4.585832699984167,0.317055548940386,0.3148377495152609,train_pix_recon,0.002217799425125122
shapley-20260606T021158Z-cfd9af2c,marginal,A,70,70,4.645570999982738,0.322051465511322,0.3150587507656642,train_pix_recon,0.006992714745657824
shapley-20260606T021158Z-cfd9af2c,marginal,A,71,71,4.70498839998254,0.3220466588224683,0.3138462177344731,train_pix_recon,0.008200441087995225
shapley-20260606T021158Z-cfd9af2c,marginal,A,72,72,4.767226299984031,0.3179900305611746,0.321752062865666,train_pix_recon,-0.003762032304491403
shapley-20260606T021158Z-cfd9af2c,marginal,A,73,73,4.832761199984816,0.3244005867413112,0.318741500377655,train_pix_recon,0.005659086363656252
shapley-20260606T021158Z-cfd9af2c,marginal,A,74,74,4.895091499984119,0.3277303108147212,0.3283946897302355,train_pix_recon,-0.0006643789155142965
shapley-20260606T021158Z-cfd9af2c,marginal,A,75,75,4.954530799983331,0.3222106439726693,0.3273726148264749,train_pix_recon,-0.0051619708538055975
shapley-20260606T021158Z-cfd9af2c,marginal,A,76,76,5.013212499983638,0.3340532566819872,0.330132850578853,train_pix_recon,0.003920406103134211
shapley-20260606T021158Z-cfd9af2c,marginal,A,77,77,5.072468999984267,0.3287522367068699,0.3349944523402622,train_pix_recon,-0.0062422156333922785
shapley-20260606T021158Z-cfd9af2c,marginal,A,78,78,5.13534889998482,0.334048147712435,0.3337232385362897,train_pix_recon,0.0003249091761453049
shapley-20260606T021158Z-cfd9af2c,marginal,A,79,79,5.199261299985665,0.3310289978981018,0.3338304587772914,train_pix_recon,-0.002801460879189588
shapley-20260606T021158Z-cfd9af2c,marginal,A,80,80,5.263158499987185,0.3334449912820543,0.3381694214684622,train_pix_recon,-0.004724430186407891
shapley-20260606T021158Z-cfd9af2c,marginal,A,81,81,5.329492599987134,0.3363634645938873,0.3365201481751033,train_pix_recon,-0.00015668358121601056
shapley-20260606T021158Z-cfd9af2c,marginal,A,82,82,5.390934699989884,0.3378437204020364,0.3405522576400211,train_pix_recon,-0.0027085372379846984
shapley-20260606T021158Z-cfd9af2c,marginal,A,83,83,5.452262399991014,0.3488120053495679,0.346977378640856,train_pix_recon,0.0018346267087119283
shapley-20260606T021158Z-cfd9af2c,marginal,A,84,84,5.512538599989057,0.3441736442702157,0.3430006759507315,train_pix_recon,0.0011729683194841578
shapley-20260606T021158Z-cfd9af2c,marginal,A,85,85,5.572196199991595,0.3460818060806819,0.3474139315741403,train_pix_recon,-0.0013321254934584026
shapley-20260606T021158Z-cfd9af2c,marginal,A,86,86,5.633594299990364,0.3487664759159088,0.3446766265801021,train_pix_recon,0.0040898493358066945
shapley-20260606T021158Z-cfd9af2c,marginal,A,87,87,5.694751799990627,0.3486599751881191,0.3453427723475865,train_pix_recon,0.003317202840532607
shapley-20260606T021158Z-cfd9af2c,marginal,A,88,88,5.754141699988395,0.351824871131352,0.3610396427767617,train_pix_recon,-0.00921477164540968
shapley-20260606T021158Z-cfd9af2c,marginal,A,89,89,5.817614899988257,0.3491122041429792,0.3576921267168862,train_pix_recon,-0.008579922573906995
shapley-20260606T021158Z-cfd9af2c,marginal,A,90,90,5.885456899985002,0.3533392420836857,0.3566593272345407,train_pix_recon,-0.003320085150854968
shapley-20260606T021158Z-cfd9af2c,marginal,A,91,91,5.947811399983038,0.3524476417473384,0.3662611714431217,train_pix_recon,-0.013813529695783311
shapley-20260606T021158Z-cfd9af2c,marginal,A,92,92,6.0116690999821,0.3584952439580645,0.3529405210699354,train_pix_recon,0.005554722888129082
shapley-20260606T021158Z-cfd9af2c,marginal,A,93,93,6.0762648999843805,0.3580700584820339,0.3686234780720302,train_pix_recon,-0.010553419589996338
shapley-20260606T021158Z-cfd9af2c,marginal,A,94,94,6.141638699984469,0.3611721566745213,0.363075703382492,train_pix_recon,-0.0019035467079707158
shapley-20260606T021158Z-cfd9af2c,marginal,A,95,95,6.207254399985686,0.355963396174567,0.3682726408754076,train_pix_recon,-0.012309244700840605
shapley-20260606T021158Z-cfd9af2c,marginal,A,96,96,6.273468899984437,0.3690893139157976,0.3650490811892918,train_pix_recon,0.004040232726505777
shapley-20260606T021158Z-cfd9af2c,marginal,A,97,97,6.3380326999867975,0.3682140239647457,0.3724099823406764,train_pix_recon,-0.004195958375930731
shapley-20260606T021158Z-cfd9af2c,marginal,A,98,98,6.402702099989256,0.3612824720995767,0.3760703716959272,train_pix_recon,-0.014787899596350518
shapley-20260606T021158Z-cfd9af2c,marginal,A,99,99,6.468164599991724,0.3723458860601698,0.3778796749455588,train_pix_recon,-0.005533788885389024
shapley-20260606T021158Z-cfd9af2c,marginal,A,100,100,6.530547899994417,0.3720785634858267,0.3757889015333993,train_pix_recon,-0.0037103380475725922
shapley-20260606T021158Z-cfd9af2c,marginal,A,101,101,6.596158099993772,0.3680023465837751,0.373318395444325,train_pix_recon,-0.005316048860549871
shapley-20260606T021158Z-cfd9af2c,marginal,A,102,102,6.661936799995601,0.3789672894137246,0.3895363467080252,train_pix_recon,-0.010569057294300632
shapley-20260606T021158Z-cfd9af2c,marginal,A,103,103,6.726839199993265,0.3711496336119516,0.3814850449562073,train_pix_recon,-0.010335411344255696
shapley-20260606T021158Z-cfd9af2c,marginal,A,104,104,6.789898999992147,0.3689293478216444,0.3866753365312304,train_pix_recon,-0.01774598870958599
shapley-20260606T021158Z-cfd9af2c,marginal,A,105,105,6.854746899993188,0.3825328435216631,0.3758676264967237,train_pix_recon,0.0066652170249394405
shapley-20260606T021158Z-cfd9af2c,marginal,A,106,106,6.916977599990787,0.3759768477508,0.3929656062807355,train_pix_recon,-0.016988758529935533
shapley-20260606T021158Z-cfd9af2c,marginal,A,107,107,6.981029899990972,0.3758721777370998,0.3919452769415719,train_pix_recon,-0.016073099204472086
shapley-20260606T021158Z-cfd9af2c,marginal,A,108,108,7.042867499993008,0.3841238064425332,0.3920926323958805,train_pix_recon,-0.007968825953347303
shapley-20260606T021158Z-cfd9af2c,marginal,A,109,109,7.104516899991722,0.388038056237357,0.3873313239642552,train_pix_recon,0.0007067322731018066
shapley-20260606T021158Z-cfd9af2c,marginal,A,110,110,7.168020399989473,0.3876617848873138,0.40374841434615,train_pix_recon,-0.01608662945883621
shapley-20260606T021158Z-cfd9af2c,marginal,A,111,111,7.23079959999086,0.3869461970669882,0.3991513252258301,train_pix_recon,-0.012205128158841894
shapley-20260606T021158Z-cfd9af2c,marginal,A,112,112,7.298766799991426,0.3841973117419651,0.3943961007254464,train_pix_recon,-0.01019878898348131
shapley-20260606T021158Z-cfd9af2c,marginal,A,113,113,7.369584899992333,0.3976493052073887,0.4017594797270639,train_pix_recon,-0.004110174519675158
shapley-20260606T021158Z-cfd9af2c,marginal,A,114,114,7.4377054999931715,0.392170067344393,0.4032449424266815,train_pix_recon,-0.011074875082288493
shapley-20260606T021158Z-cfd9af2c,marginal,A,115,115,7.508259599995654,0.3917321349893297,0.3933135611670358,train_pix_recon,-0.0015814261777061245
shapley-20260606T021158Z-cfd9af2c,marginal,A,116,116,7.577590499993676,0.3965398924691336,0.4045547885554177,train_pix_recon,-0.008014896086284085
shapley-20260606T021158Z-cfd9af2c,marginal,A,117,117,7.646549899996899,0.4002635862146105,0.4071374492985861,train_pix_recon,-0.006873863083975584
shapley-20260606T021158Z-cfd9af2c,marginal,A,118,118,7.710550499996316,0.4043330252170563,0.410192962203707,train_pix_recon,-0.005859936986650716
shapley-20260606T021158Z-cfd9af2c,marginal,A,119,119,7.780780199995206,0.4031567956720079,0.4191201371806008,train_pix_recon,-0.01596334150859291
shapley-20260606T021158Z-cfd9af2c,marginal,A,120,120,7.846319499996753,0.3989395712103162,0.4098038332802908,train_pix_recon,-0.010864262069974595
shapley-20260606T021158Z-cfd9af2c,marginal,A,121,121,7.915170599997509,0.4138928524085453,0.4323056042194366,train_pix_recon,-0.018412751810891304
shapley-20260606T021158Z-cfd9af2c,marginal,A,122,122,7.978013899995858,0.4192960602896554,0.4244566985539028,train_pix_recon,-0.005160638264247397
shapley-20260606T021158Z-cfd9af2c,marginal,A,123,123,8.041153099995427,0.416944818837302,0.4285398210797991,train_pix_recon,-0.011595002242497099
shapley-20260606T021158Z-cfd9af2c,marginal,A,124,124,8.107110099994316,0.422134267432349,0.436237233025687,train_pix_recon,-0.014102965593338013
shapley-20260606T021158Z-cfd9af2c,marginal,A,125,125,8.183437499996217,0.4331417764936174,0.4325352566582816,train_pix_recon,0.0006065198353358281
shapley-20260606T021158Z-cfd9af2c,marginal,A,126,126,8.251375799995003,0.4298252889088222,0.4394569396972656,train_pix_recon,-0.009631650788443413
shapley-20260606T021158Z-cfd9af2c,marginal,A,127,127,8.31769579999309,0.4286691844463348,0.4240075647830963,train_pix_recon,0.00466161966323847
shapley-20260606T021158Z-cfd9af2c,marginal,A,128,128,8.388282199994137,0.419752619096211,0.4363027598176683,train_pix_recon,-0.01655014072145733
shapley-20260606T021158Z-cfd9af2c,marginal,A,129,129,8.4602759999907,0.4272558391094208,0.4253418317862919,train_pix_recon,0.0019140073231288524
shapley-20260606T021158Z-cfd9af2c,marginal,A,130,130,8.54579489999378,0.4210408244814191,0.4321863523551396,train_pix_recon,-0.011145527873720473
shapley-20260606T021158Z-cfd9af2c,marginal,A,131,131,8.638173399991501,0.4290213457175663,0.4297265452998025,train_pix_recon,-0.0007051995822361934
shapley-20260606T021158Z-cfd9af2c,marginal,A,132,132,8.729980899988732,0.4171825179031917,0.4239638575485774,train_pix_recon,-0.006781339645385687
shapley-20260606T021158Z-cfd9af2c,marginal,A,133,133,8.814299099987693,0.4123658580439431,0.4198430606297084,train_pix_recon,-0.007477202585765286
shapley-20260606T021158Z-cfd9af2c,marginal,A,134,134,8.898978999986866,0.4244973489216396,0.4378154746123722,train_pix_recon,-0.013318125690732596
shapley-20260606T021158Z-cfd9af2c,marginal,A,135,135,8.966691499987064,0.4093844166823795,0.419022798538208,train_pix_recon,-0.009638381855828493
shapley-20260606T021158Z-cfd9af2c,marginal,A,136,136,9.028307099986703,0.4071798367159707,0.4336188350405012,train_pix_recon,-0.026438998324530505
shapley-20260606T021158Z-cfd9af2c,marginal,A,137,137,9.091436899987457,0.4191622989518301,0.4186507420880453,train_pix_recon,0.00051155686378479
shapley-20260606T021158Z-cfd9af2c,marginal,A,138,138,9.153888499986351,0.4228758003030504,0.4150836297443935,train_pix_recon,0.007792170558656886
shapley-20260606T021158Z-cfd9af2c,marginal,A,139,139,9.21851619998779,0.4136465702738081,0.4308932381016867,train_pix_recon,-0.017246667827878648
shapley-20260606T021158Z-cfd9af2c,marginal,A,140,140,9.28623209998841,0.4139393142291477,0.4121862777641841,train_pix_recon,0.0017530364649636088
shapley-20260606T021158Z-cfd9af2c,marginal,A,141,141,9.35153649998756,0.4120866613728659,0.4145194845540182,train_pix_recon,-0.0024328231811522882
shapley-20260606T021158Z-cfd9af2c,marginal,A,142,142,9.4170774999875,0.4170598770890917,0.4231669434479305,train_pix_recon,-0.006107066358838786
shapley-20260606T021158Z-cfd9af2c,marginal,A,143,143,9.482131699987804,0.4093630909919739,0.4221800523144858,train_pix_recon,-0.012816961322511922
shapley-20260606T021158Z-cfd9af2c,marginal,A,144,144,9.54469119998612,0.4141956908362252,0.4165092664105551,train_pix_recon,-0.0023135755743298736
shapley-20260606T021158Z-cfd9af2c,marginal,A,145,145,9.60829799998828,0.4176024794578552,0.422069536788123,train_pix_recon,-0.004467057330267754
shapley-20260606T021158Z-cfd9af2c,marginal,A,146,146,9.675659199987422,0.4187611767223903,0.4201569940362658,train_pix_recon,-0.001395817313875447
shapley-20260606T021158Z-cfd9af2c,marginal,A,147,147,9.7407482999879,0.4154996531350272,0.4126081211226327,train_pix_recon,0.0028915320123945043
shapley-20260606T021158Z-cfd9af2c,marginal,A,148,148,9.802991399988969,0.4068458463464464,0.4147968717983791,train_pix_recon,-0.007951025451932714
shapley-20260606T021158Z-cfd9af2c,marginal,A,149,149,9.86622909998914,0.4143594588552202,0.4264594614505768,train_pix_recon,-0.012100002595356596
shapley-20260606T021158Z-cfd9af2c,marginal,A,150,150,9.938762999991011,0.4189650799546923,0.420562595129013,train_pix_recon,-0.0015975151743207183
shapley-20260606T021158Z-cfd9af2c,marginal,A,151,151,10.003663099989351,0.4087363736970084,0.4066313420023237,train_pix_recon,0.002105031694684678
shapley-20260606T021158Z-cfd9af2c,marginal,A,152,152,10.069106799986912,0.4053142028195517,0.4125757132257734,train_pix_recon,-0.007261510406221694
shapley-20260606T021158Z-cfd9af2c,marginal,A,153,153,10.136051999987105,0.4112808789525713,0.4237292323793684,train_pix_recon,-0.012448353426797065
shapley-20260606T021158Z-cfd9af2c,marginal,A,154,154,10.203412799986836,0.4137331332479204,0.4202292561531067,train_pix_recon,-0.006496122905186308
shapley-20260606T021158Z-cfd9af2c,marginal,A,155,155,10.273001499987004,0.4090953043528965,0.4168162473610469,train_pix_recon,-0.007720943008150405
shapley-20260606T021158Z-cfd9af2c,marginal,A,156,156,10.336870299986913,0.4153172373771667,0.416515120438167,train_pix_recon,-0.0011978830610003266
shapley-20260606T021158Z-cfd9af2c,marginal,A,157,157,10.403362499986542,0.4061558629785265,0.4114477038383484,train_pix_recon,-0.0052918408598218725
shapley-20260606T021158Z-cfd9af2c,marginal,A,158,158,10.4684728999855,0.4050194748810359,0.4170154333114624,train_pix_recon,-0.011995958430426501
shapley-20260606T021158Z-cfd9af2c,marginal,A,159,159,10.537362199986092,0.402580120733806,0.4173698553017207,train_pix_recon,-0.014789734567914714
shapley-20260606T021158Z-cfd9af2c,marginal,A,160,160,10.602711399988038,0.4066483165536608,0.4193206301757267,train_pix_recon,-0.01267231362206589
shapley-20260606T021158Z-cfd9af2c,marginal,A,161,161,10.674323499988532,0.4064649854387556,0.4227220756667001,train_pix_recon,-0.016257090227944526
shapley-20260606T021158Z-cfd9af2c,marginal,A,162,162,10.744916199990255,0.4180731475353241,0.4142432510852813,train_pix_recon,0.00382989645004278
shapley-20260606T021158Z-cfd9af2c,marginal,A,163,163,10.812523399989004,0.4054505782467978,0.4101122404847826,train_pix_recon,-0.004661662237984809
shapley-20260606T021158Z-cfd9af2c,marginal,A,164,164,10.878685099989523,0.4082775839737483,0.4136019093649728,train_pix_recon,-0.005324325391224516
shapley-20260606T021158Z-cfd9af2c,marginal,A,165,165,10.94635909999124,0.4146330824920109,0.4127611901078905,train_pix_recon,0.0018718923841204438
shapley-20260606T021158Z-cfd9af2c,marginal,A,166,166,11.010531499989156,0.4009685218334198,0.4110255071095058,train_pix_recon,-0.010056985276086006
shapley-20260606T021158Z-cfd9af2c,marginal,A,167,167,11.076138099990205,0.4016039030892508,0.4171946474484035,train_pix_recon,-0.015590744359152697
shapley-20260606T021158Z-cfd9af2c,marginal,A,168,168,11.14332919998924,0.4067114719322749,0.4199399948120117,train_pix_recon,-0.013228522879736804
shapley-20260606T021158Z-cfd9af2c,marginal,A,169,169,11.20901499998945,0.4033581401620592,0.4186250311987741,train_pix_recon,-0.015266891036714914
shapley-20260606T021158Z-cfd9af2c,marginal,A,170,170,11.273924999990411,0.4173037580081394,0.4111623380865369,train_pix_recon,0.006141419921602498
shapley-20260606T021158Z-cfd9af2c,marginal,A,171,171,11.336658599990187,0.4111664891242981,0.4127087209905897,train_pix_recon,-0.001542231866291599
shapley-20260606T021158Z-cfd9af2c,marginal,A,172,172,11.40009929998996,0.4041294923850468,0.4091345454965319,train_pix_recon,-0.0050050531114850805
shapley-20260606T021158Z-cfd9af2c,marginal,A,173,173,11.46713469999304,0.4052900033337729,0.415172095809664,train_pix_recon,-0.009882092475891113
shapley-20260606T021158Z-cfd9af2c,marginal,A,174,174,11.535625599994091,0.4045344293117523,0.4137523898056575,train_pix_recon,-0.009217960493905164
shapley-20260606T021158Z-cfd9af2c,marginal,A,175,175,11.605691299992031,0.4051881219659533,0.4141052961349487,train_pix_recon,-0.008917174168995401
shapley-20260606T021158Z-cfd9af2c,marginal,A,176,176,11.66839199999231,0.4051928179604666,0.4107095897197723,train_pix_recon,-0.005516771759305705
shapley-20260606T021158Z-cfd9af2c,marginal,A,177,177,11.731536899995264,0.4072777714048113,0.408672136919839,train_pix_recon,-0.0013943655150276957
shapley-20260606T021158Z-cfd9af2c,marginal,A,178,178,11.797396599995407,0.4035429699080331,0.4127900089536394,train_pix_recon,-0.009247039045606253
shapley-20260606T021158Z-cfd9af2c,marginal,A,179,179,11.859241899994233,0.4029741712978908,0.4087554003511156,train_pix_recon,-0.005781229053224812
shapley-20260606T021158Z-cfd9af2c,marginal,A,180,180,11.923976599991876,0.4091830125876835,0.421550554888589,train_pix_recon,-0.012367542300905476
shapley-20260606T021158Z-cfd9af2c,marginal,A,181,181,11.986569499989857,0.4054182725293295,0.4134433014052255,train_pix_recon,-0.008025028875896012
shapley-20260606T021158Z-cfd9af2c,marginal,A,182,182,12.053489299989453,0.4131543380873544,0.4161939152649471,train_pix_recon,-0.0030395771775926783
shapley-20260606T021158Z-cfd9af2c,marginal,A,183,183,12.119539199989958,0.3985268431050436,0.4135341048240661,train_pix_recon,-0.015007261719022502
shapley-20260606T021158Z-cfd9af2c,marginal,A,184,184,12.18714289998752,0.4067398394857134,0.4110349416732788,train_pix_recon,-0.004295102187565403
shapley-20260606T021158Z-cfd9af2c,marginal,A,185,185,12.2524392999876,0.4141445543084825,0.4104917049407959,train_pix_recon,0.003652849367686617
shapley-20260606T021158Z-cfd9af2c,marginal,A,186,186,12.324583499987057,0.4127416227545057,0.4076272547245025,train_pix_recon,0.005114368030003202
shapley-20260606T021158Z-cfd9af2c,marginal,A,187,187,12.391885199987884,0.4045713756765638,0.4099326644624982,train_pix_recon,-0.005361288785934393
shapley-20260606T021158Z-cfd9af2c,marginal,A,188,188,12.463903099986055,0.4069586907114301,0.4045907173837934,train_pix_recon,0.0023679733276367188
shapley-20260606T021158Z-cfd9af2c,marginal,A,189,189,12.53215529998488,0.4060951854501451,0.4082904202597482,train_pix_recon,-0.002195234809603097
shapley-20260606T021158Z-cfd9af2c,marginal,A,190,190,12.60031069998513,0.3989344409533909,0.4120638753686632,train_pix_recon,-0.013129434415272256
shapley-20260606T021158Z-cfd9af2c,marginal,A,191,191,12.66860279998582,0.4031035942690713,0.4073023455483572,train_pix_recon,-0.004198751279285928
shapley-20260606T021158Z-cfd9af2c,marginal,A,192,192,12.738694599986047,0.4111860607351575,0.4118731149605342,train_pix_recon,-0.000687054225376682
shapley-20260606T021158Z-cfd9af2c,marginal,A,193,193,12.802970399985496,0.4075116728033338,0.4087430110999516,train_pix_recon,-0.0012313382966178121
shapley-20260606T021158Z-cfd9af2c,marginal,A,194,194,12.86794069998723,0.4034282607691629,0.4057453061853136,train_pix_recon,-0.0023170454161507426
shapley-20260606T021158Z-cfd9af2c,marginal,A,195,195,12.93008659998668,0.4053110097135816,0.4115340624536787,train_pix_recon,-0.006223052740097101
shapley-20260606T021158Z-cfd9af2c,marginal,A,196,196,12.99480569998559,0.4061981184141977,0.4096477968352182,train_pix_recon,-0.003449678421020508
shapley-20260606T021158Z-cfd9af2c,marginal,A,197,197,13.05733449998661,0.4044341359819685,0.4125447486128126,train_pix_recon,-0.008110612630844116
shapley-20260606T021158Z-cfd9af2c,marginal,A,198,198,13.125125999988086,0.4115716176373618,0.4111355670860835,train_pix_recon,0.0004360505512782664
shapley-20260606T021158Z-cfd9af2c,marginal,A,199,199,13.19132629998785,0.4056351014545986,0.415050561938967,train_pix_recon,-0.009415460484368421
shapley-20260606T021222Z-ff3a2d3c,conditional,A,0,0,0.2544884999988426,0.9821091890335084,0.9666206921849932,train_pix_recon,0.015488496848515165
shapley-20260606T021222Z-ff3a2d3c,conditional,A,1,1,0.3143003999975917,0.7590059297425407,0.7496139236858913,train_pix_recon,0.00939200605664936
shapley-20260606T021222Z-ff3a2d3c,conditional,A,2,2,0.375339599995641,0.6209563868386405,0.6187451141221183,train_pix_recon,0.002211272716522217
shapley-20260606T021222Z-ff3a2d3c,conditional,A,3,3,0.4341014999954495,0.5423173648970467,0.5342077740601131,train_pix_recon,0.008109590836933633
shapley-20260606T021222Z-ff3a2d3c,conditional,A,4,4,0.4941585999949893,0.4847433354173387,0.4785708742482321,train_pix_recon,0.0061724611691066356
shapley-20260606T021222Z-ff3a2d3c,conditional,A,5,5,0.5556510999958846,0.4464123249053955,0.44087786759649,train_pix_recon,0.005534457308905505
shapley-20260606T021222Z-ff3a2d3c,conditional,A,6,6,0.6166050999963772,0.4125286723886217,0.4066985717841557,train_pix_recon,0.005830100604465982
shapley-20260606T021222Z-ff3a2d3c,conditional,A,7,7,0.6782691999978852,0.3874139828341348,0.3895307779312134,train_pix_recon,-0.002116795097078572
shapley-20260606T021222Z-ff3a2d3c,conditional,A,8,8,0.740891699999338,0.3652254130159105,0.3720588513783046,train_pix_recon,-0.006833438362394084
shapley-20260606T021222Z-ff3a2d3c,conditional,A,9,9,0.8039136000006692,0.3470950041498457,0.3590576393263681,train_pix_recon,-0.011962635176522407
shapley-20260606T021222Z-ff3a2d3c,conditional,A,10,10,0.8629488000005949,0.3326308173792703,0.3414645322731563,train_pix_recon,-0.008833714893886013
shapley-20260606T021222Z-ff3a2d3c,conditional,A,11,11,0.9229162000010548,0.3189427980354854,0.3322754204273224,train_pix_recon,-0.013332622391836968
shapley-20260606T021222Z-ff3a2d3c,conditional,A,12,12,0.9849291000027732,0.3223158248833248,0.334431026663099,train_pix_recon,-0.01211520177977421
shapley-20260606T021222Z-ff3a2d3c,conditional,A,13,13,1.0456073000023025,0.3144007750919887,0.3285734610898154,train_pix_recon,-0.014172685997826673
shapley-20260606T021222Z-ff3a2d3c,conditional,A,14,14,1.1093837000044005,0.2984232561928885,0.3103816338947841,train_pix_recon,-0.011958377701895617
shapley-20260606T021222Z-ff3a2d3c,conditional,A,15,15,1.1710091000022658,0.2917060341153826,0.2995749967438834,train_pix_recon,-0.007868962628500786
shapley-20260606T021222Z-ff3a2d3c,conditional,A,16,16,1.2312721000016609,0.2890879895005907,0.2991221504552023,train_pix_recon,-0.01003416095461157
shapley-20260606T021222Z-ff3a2d3c,conditional,A,17,17,1.2908796000010625,0.2898688529218946,0.2970872351101467,train_pix_recon,-0.007218382188252048
shapley-20260606T021222Z-ff3a2d3c,conditional,A,18,18,1.354940400000487,0.2796962261199951,0.284934605870928,train_pix_recon,-0.005238379750932887
shapley-20260606T021222Z-ff3a2d3c,conditional,A,19,19,1.4167292000020095,0.272010326385498,0.2788979751723153,train_pix_recon,-0.006887648786817302
shapley-20260606T021222Z-ff3a2d3c,conditional,A,20,20,1.4806052999992971,0.2692233111177172,0.2728722989559173,train_pix_recon,-0.003648987838200113
shapley-20260606T021222Z-ff3a2d3c,conditional,A,21,21,1.5394544999981008,0.2754704100745065,0.2817782419068472,train_pix_recon,-0.006307831832340682
shapley-20260606T021222Z-ff3a2d3c,conditional,A,22,22,1.602846399997361,0.27467485836574,0.2785861534731729,train_pix_recon,-0.003911295107432877
shapley-20260606T021222Z-ff3a2d3c,conditional,A,23,23,1.6656437999954503,0.2660116723605564,0.2720177514212472,train_pix_recon,-0.006006079060690783
shapley-20260606T021222Z-ff3a2d3c,conditional,A,24,24,1.727792999998201,0.2680085897445678,0.2778987458774021,train_pix_recon,-0.009890156132834282
shapley-20260606T021222Z-ff3a2d3c,conditional,A,25,25,1.7942125999979908,0.2672750651836395,0.2761422438280923,train_pix_recon,-0.0088671786444528
shapley-20260606T021222Z-ff3a2d3c,conditional,A,26,26,1.86644829999932,0.2598869332245418,0.2677899428776332,train_pix_recon,-0.007903009653091375
shapley-20260606T021222Z-ff3a2d3c,conditional,A,27,27,1.9306623999982548,0.262818489755903,0.2669951660292489,train_pix_recon,-0.004176676273345892
shapley-20260606T021222Z-ff3a2d3c,conditional,A,28,28,1.991301400001248,0.2573212810925075,0.2660986014774867,train_pix_recon,-0.008777320384979193
shapley-20260606T021222Z-ff3a2d3c,conditional,A,29,29,2.05685799999992,0.2602583255086626,0.2655481568404606,train_pix_recon,-0.005289831331798001
shapley-20260606T021222Z-ff3a2d3c,conditional,A,30,30,2.12029099999927,0.2629248031548091,0.2644112578460148,train_pix_recon,-0.0014864546912057297
shapley-20260606T021222Z-ff3a2d3c,conditional,A,31,31,2.181147499999497,0.2574373824255807,0.2621714855943407,train_pix_recon,-0.004734103168760051
shapley-20260606T021222Z-ff3a2d3c,conditional,A,32,32,2.241106299999956,0.2613817623683384,0.2647092172077724,train_pix_recon,-0.0033274548394340298
shapley-20260606T021222Z-ff3a2d3c,conditional,A,33,33,2.3010871000005864,0.2614476765905107,0.2629411816596985,train_pix_recon,-0.0014935050691877727
shapley-20260606T021222Z-ff3a2d3c,conditional,A,34,34,2.367528500002664,0.256420048219817,0.2591117173433304,train_pix_recon,-0.002691669123513374
shapley-20260606T021222Z-ff3a2d3c,conditional,A,35,35,2.4305061000013666,0.2604724211352212,0.2628028435366494,train_pix_recon,-0.0023304224014282227
shapley-20260606T021222Z-ff3a2d3c,conditional,A,36,36,2.4919426000014937,0.2571261482579367,0.2637297851698739,train_pix_recon,-0.006603636911937161
shapley-20260606T021222Z-ff3a2d3c,conditional,A,37,37,2.555518100001791,0.2579581780093057,0.2649312359946115,train_pix_recon,-0.006973057985305786
shapley-20260606T021222Z-ff3a2d3c,conditional,A,38,38,2.618877300003078,0.2633139448506491,0.2656464832169669,train_pix_recon,-0.0023325383663178045
shapley-20260606T021222Z-ff3a2d3c,conditional,A,39,39,2.6801777000000584,0.2602689734527043,0.2672051702226911,train_pix_recon,-0.006936196769986802
shapley-20260606T021222Z-ff3a2d3c,conditional,A,40,40,2.741738799999439,0.2632253297737666,0.2661936751433781,train_pix_recon,-0.0029683453696114914
shapley-20260606T021222Z-ff3a2d3c,conditional,A,41,41,2.8085509999982605,0.2650102845260075,0.2694805221898215,train_pix_recon,-0.004470237663813992
shapley-20260606T021222Z-ff3a2d3c,conditional,A,42,42,2.8692068999989715,0.2687167397567204,0.2712241326059614,train_pix_recon,-0.002507392849241008
shapley-20260606T021222Z-ff3a2d3c,conditional,A,43,43,2.930378599998221,0.2716552146843501,0.2722043352467673,train_pix_recon,-0.0005491205624171824
shapley-20260606T021222Z-ff3a2d3c,conditional,A,44,44,2.993605799998477,0.2739009942327227,0.2725956227098192,train_pix_recon,0.001305371522903498
shapley-20260606T021222Z-ff3a2d3c,conditional,A,45,45,3.053649900000892,0.274757512978145,0.2716697539602007,train_pix_recon,0.0030877590179442804
shapley-20260606T021222Z-ff3a2d3c,conditional,A,46,46,3.1141607999998087,0.2743748681885855,0.2723864912986755,train_pix_recon,0.001988376889909993
shapley-20260606T021222Z-ff3a2d3c,conditional,A,47,47,3.1755553999973927,0.2699392565659114,0.2722395019871848,train_pix_recon,-0.0023002454212733836
shapley-20260606T021222Z-ff3a2d3c,conditional,A,48,48,3.236614199999167,0.2669821551867893,0.2714068123272487,train_pix_recon,-0.00442465714045942
shapley-20260606T021222Z-ff3a2d3c,conditional,A,49,49,3.298812799999723,0.2698962688446045,0.2747063423906054,train_pix_recon,-0.0048100735460008814
shapley-20260606T021222Z-ff3a2d3c,conditional,A,50,50,3.359750499999791,0.26873436995915,0.2771671116352081,train_pix_recon,-0.008432741676058064
shapley-20260606T021222Z-ff3a2d3c,conditional,A,51,51,3.419191900000442,0.2691775730678013,0.2816591944013323,train_pix_recon,-0.012481621333530979
shapley-20260606T021222Z-ff3a2d3c,conditional,A,52,52,3.4816178000000946,0.272020412342889,0.2821653613022395,train_pix_recon,-0.01014494895935053
shapley-20260606T021222Z-ff3a2d3c,conditional,A,53,53,3.542681200000516,0.272282987833023,0.2841420258794512,train_pix_recon,-0.011859038046428183
shapley-20260606T021222Z-ff3a2d3c,conditional,A,54,54,3.605963699999848,0.2743724031107766,0.2878233790397644,train_pix_recon,-0.013450975928987807
shapley-20260606T021222Z-ff3a2d3c,conditional,A,55,55,3.670936200000142,0.281504396881376,0.282611540385655,train_pix_recon,-0.0011071435042789846
shapley-20260606T021222Z-ff3a2d3c,conditional,A,56,56,3.733878499999264,0.2837605689253126,0.2890143777642931,train_pix_recon,-0.005253808838980523
shapley-20260606T021222Z-ff3a2d3c,conditional,A,57,57,3.795133399999031,0.282505065202713,0.2903412154742649,train_pix_recon,-0.007836150271551878
shapley-20260606T021222Z-ff3a2d3c,conditional,A,58,58,3.8648811999992176,0.2851627383913312,0.2900652544839041,train_pix_recon,-0.004902516092572862
shapley-20260606T021222Z-ff3a2d3c,conditional,A,59,59,3.928452299998753,0.2840268909931183,0.2928488637719835,train_pix_recon,-0.008821972778865206
shapley-20260606T021222Z-ff3a2d3c,conditional,A,60,60,3.9955707999979495,0.2878133313996451,0.2947648891380855,train_pix_recon,-0.006951557738440417
shapley-20260606T021222Z-ff3a2d3c,conditional,A,61,61,4.056312400000024,0.2884035323347364,0.3017150844846453,train_pix_recon,-0.013311552149908867
shapley-20260606T021222Z-ff3a2d3c,conditional,A,62,62,4.117571099999623,0.2895398225103106,0.2971134100641523,train_pix_recon,-0.007573587553841743
shapley-20260606T021222Z-ff3a2d3c,conditional,A,63,63,4.177654399998573,0.2978931793144771,0.3052397455487932,train_pix_recon,-0.007346566234316065
shapley-20260606T021222Z-ff3a2d3c,conditional,A,64,64,4.238444299997354,0.2973615910325731,0.3024785646370479,train_pix_recon,-0.005116973604474828
shapley-20260606T021222Z-ff3a2d3c,conditional,A,65,65,4.301782899998216,0.3045733911650521,0.3068927100726536,train_pix_recon,-0.0023193189076015086
shapley-20260606T021222Z-ff3a2d3c,conditional,A,66,66,4.3613035999951535,0.2988730541297367,0.3053846018654959,train_pix_recon,-0.006511547735759182
shapley-20260606T021222Z-ff3a2d3c,conditional,A,67,67,4.423033299994131,0.3024732087339674,0.3119070019040789,train_pix_recon,-0.009433793170111504
shapley-20260606T021222Z-ff3a2d3c,conditional,A,68,68,4.4860507999947,0.3042973790849958,0.3120605817862919,train_pix_recon,-0.007763202701296101
shapley-20260606T021222Z-ff3a2d3c,conditional,A,69,69,4.546139199992467,0.3029786646366119,0.3148377495152609,train_pix_recon,-0.011859084878649007
shapley-20260606T021222Z-ff3a2d3c,conditional,A,70,70,4.611657399989781,0.3048747948237827,0.3150587507656642,train_pix_recon,-0.010183955941881484
shapley-20260606T021222Z-ff3a2d3c,conditional,A,71,71,4.672198799988109,0.3118413133280618,0.3138462177344731,train_pix_recon,-0.0020049044064112675
shapley-20260606T021222Z-ff3a2d3c,conditional,A,72,72,4.731380499986699,0.3103969778333391,0.321752062865666,train_pix_recon,-0.011355085032326906
shapley-20260606T021222Z-ff3a2d3c,conditional,A,73,73,4.798585099986667,0.3123904892376491,0.318741500377655,train_pix_recon,-0.006351011140005858
shapley-20260606T021222Z-ff3a2d3c,conditional,A,74,74,4.860438199986675,0.3184206741196768,0.3283946897302355,train_pix_recon,-0.009974015610558717
shapley-20260606T021222Z-ff3a2d3c,conditional,A,75,75,4.920761899989884,0.3170730897358486,0.3273726148264749,train_pix_recon,-0.010299525090626316
shapley-20260606T021222Z-ff3a2d3c,conditional,A,76,76,4.98648589998993,0.3274426928588322,0.330132850578853,train_pix_recon,-0.0026901577200207916
shapley-20260606T021222Z-ff3a2d3c,conditional,A,77,77,5.046323999991728,0.3249935848372323,0.3349944523402622,train_pix_recon,-0.01000086750302992
shapley-20260606T021222Z-ff3a2d3c,conditional,A,78,78,5.110034499990434,0.322884052991867,0.3337232385362897,train_pix_recon,-0.010839185544422703
shapley-20260606T021222Z-ff3a2d3c,conditional,A,79,79,5.172574799991708,0.3298752861363547,0.3338304587772914,train_pix_recon,-0.003955172640936699
shapley-20260606T021222Z-ff3a2d3c,conditional,A,80,80,5.234500999991724,0.3317703093801226,0.3381694214684622,train_pix_recon,-0.006399112088339598
shapley-20260606T021222Z-ff3a2d3c,conditional,A,81,81,5.295717199991486,0.3320318588188716,0.3365201481751033,train_pix_recon,-0.0044882893562316895
shapley-20260606T021222Z-ff3a2d3c,conditional,A,82,82,5.359266099992965,0.3332011018480573,0.3405522576400211,train_pix_recon,-0.007351155791963826
shapley-20260606T021222Z-ff3a2d3c,conditional,A,83,83,5.422984299992095,0.3335674064499991,0.346977378640856,train_pix_recon,-0.013409972190856878
shapley-20260606T021222Z-ff3a2d3c,conditional,A,84,84,5.483082699993247,0.3358629047870636,0.3430006759507315,train_pix_recon,-0.0071377711636679275
shapley-20260606T021222Z-ff3a2d3c,conditional,A,85,85,5.541373399992153,0.3432956465653011,0.3474139315741403,train_pix_recon,-0.0041182850088392065
shapley-20260606T021222Z-ff3a2d3c,conditional,A,86,86,5.608102999991388,0.3451448934418814,0.3446766265801021,train_pix_recon,0.00046826686177925403
shapley-20260606T021222Z-ff3a2d3c,conditional,A,87,87,5.670012599992333,0.3435649616377694,0.3453427723475865,train_pix_recon,-0.0017778107098170848
shapley-20260606T021222Z-ff3a2d3c,conditional,A,88,88,5.734879299994645,0.3550959442343031,0.3610396427767617,train_pix_recon,-0.005943698542458631
shapley-20260606T021222Z-ff3a2d3c,conditional,A,89,89,5.797918199994456,0.3501664187226976,0.3576921267168862,train_pix_recon,-0.007525707994188613
shapley-20260606T021222Z-ff3a2d3c,conditional,A,90,90,5.869058899996162,0.3448995947837829,0.3566593272345407,train_pix_recon,-0.011759732450757787
shapley-20260606T021222Z-ff3a2d3c,conditional,A,91,91,5.932458499995846,0.3498996368476322,0.3662611714431217,train_pix_recon,-0.016361534595489502
shapley-20260606T021222Z-ff3a2d3c,conditional,A,92,92,6.002578299994639,0.3500941949231284,0.3529405210699354,train_pix_recon,-0.002846326146807021
shapley-20260606T021222Z-ff3a2d3c,conditional,A,93,93,6.07487609999589,0.3437419831752777,0.3686234780720302,train_pix_recon,-0.02488149489675251
shapley-20260606T021222Z-ff3a2d3c,conditional,A,94,94,6.142396699997335,0.3563331067562103,0.363075703382492,train_pix_recon,-0.006742596626281683
shapley-20260606T021222Z-ff3a2d3c,conditional,A,95,95,6.207142699997348,0.3557233256953103,0.3682726408754076,train_pix_recon,-0.012549315180097331
shapley-20260606T021222Z-ff3a2d3c,conditional,A,96,96,6.273655899996811,0.3616736786706107,0.3650490811892918,train_pix_recon,-0.0033754025186811254
shapley-20260606T021222Z-ff3a2d3c,conditional,A,97,97,6.344186499994976,0.3545864863055093,0.3724099823406764,train_pix_recon,-0.017823496035167086
shapley-20260606T021222Z-ff3a2d3c,conditional,A,98,98,6.408760399994208,0.3685755389077322,0.3760703716959272,train_pix_recon,-0.007494832788195016
shapley-20260606T021222Z-ff3a2d3c,conditional,A,99,99,6.4716984999940905,0.3778973306928362,0.3778796749455588,train_pix_recon,1.7655747277411926e-05
shapley-20260606T021222Z-ff3a2d3c,conditional,A,100,100,6.533849799994641,0.3643765662397657,0.3757889015333993,train_pix_recon,-0.011412335293633558
shapley-20260606T021222Z-ff3a2d3c,conditional,A,101,101,6.600785999995424,0.3708499457154955,0.373318395444325,train_pix_recon,-0.0024684497288294804
shapley-20260606T021222Z-ff3a2d3c,conditional,A,102,102,6.66901539999526,0.3747137018612453,0.3895363467080252,train_pix_recon,-0.01482264484677992
shapley-20260606T021222Z-ff3a2d3c,conditional,A,103,103,6.733911099992838,0.3767143104757581,0.3814850449562073,train_pix_recon,-0.004770734480449179
shapley-20260606T021222Z-ff3a2d3c,conditional,A,104,104,6.799264099990978,0.3811533195631845,0.3866753365312304,train_pix_recon,-0.005522016968045884
shapley-20260606T021222Z-ff3a2d3c,conditional,A,105,105,6.868202199992084,0.3685325043542044,0.3758676264967237,train_pix_recon,-0.007335122142519246
shapley-20260606T021222Z-ff3a2d3c,conditional,A,106,106,6.936683499992796,0.3814037271908351,0.3929656062807355,train_pix_recon,-0.011561879089900418
shapley-20260606T021222Z-ff3a2d3c,conditional,A,107,107,7.0017013999931805,0.3790793248585292,0.3919452769415719,train_pix_recon,-0.012865952083042698
shapley-20260606T021222Z-ff3a2d3c,conditional,A,108,108,7.068452799994702,0.3857352307864597,0.3920926323958805,train_pix_recon,-0.006357401609420776
shapley-20260606T021222Z-ff3a2d3c,conditional,A,109,109,7.131004099992424,0.3811970055103302,0.3873313239642552,train_pix_recon,-0.006134318453924981
shapley-20260606T021222Z-ff3a2d3c,conditional,A,110,110,7.195439099992655,0.3825707393033163,0.40374841434615,train_pix_recon,-0.021177675042833688
shapley-20260606T021222Z-ff3a2d3c,conditional,A,111,111,7.260272399991663,0.3925847879477909,0.3991513252258301,train_pix_recon,-0.006566537278039186
shapley-20260606T021222Z-ff3a2d3c,conditional,A,112,112,7.329277599990746,0.3896086130823408,0.3943961007254464,train_pix_recon,-0.0047874876431056035
shapley-20260606T021222Z-ff3a2d3c,conditional,A,113,113,7.405864699987433,0.3889928928443363,0.4017594797270639,train_pix_recon,-0.012766586882727582
shapley-20260606T021222Z-ff3a2d3c,conditional,A,114,114,7.485134199985623,0.394526720046997,0.4032449424266815,train_pix_recon,-0.008718222379684504
shapley-20260606T021222Z-ff3a2d3c,conditional,A,115,115,7.5543316999865056,0.3899880519935063,0.3933135611670358,train_pix_recon,-0.0033255091735295284
shapley-20260606T021222Z-ff3a2d3c,conditional,A,116,116,7.624265099984768,0.4067194887569972,0.4045547885554177,train_pix_recon,0.0021647002015794947
shapley-20260606T021222Z-ff3a2d3c,conditional,A,117,117,7.699844599981587,0.4032342604228428,0.4071374492985861,train_pix_recon,-0.0039031888757432576
shapley-20260606T021222Z-ff3a2d3c,conditional,A,118,118,7.76743819998228,0.3938432931900024,0.410192962203707,train_pix_recon,-0.016349669013704604
shapley-20260606T021222Z-ff3a2d3c,conditional,A,119,119,7.836880799983191,0.4045002247606005,0.4191201371806008,train_pix_recon,-0.014619912420000325
shapley-20260606T021222Z-ff3a2d3c,conditional,A,120,120,7.906706499983557,0.4041174267019544,0.4098038332802908,train_pix_recon,-0.0056864065783364115
shapley-20260606T021222Z-ff3a2d3c,conditional,A,121,121,7.975724199983233,0.4111159443855285,0.4323056042194366,train_pix_recon,-0.02118965983390808
shapley-20260606T021222Z-ff3a2d3c,conditional,A,122,122,8.04198609998275,0.4172189789158957,0.4244566985539028,train_pix_recon,-0.007237719638007067
shapley-20260606T021222Z-ff3a2d3c,conditional,A,123,123,8.106949899982283,0.4211298865931375,0.4285398210797991,train_pix_recon,-0.007409934486661607
shapley-20260606T021222Z-ff3a2d3c,conditional,A,124,124,8.17476759998317,0.4328329520566122,0.436237233025687,train_pix_recon,-0.003404280969074802
shapley-20260606T021222Z-ff3a2d3c,conditional,A,125,125,8.239927199982048,0.4303889232022421,0.4325352566582816,train_pix_recon,-0.0021463334560394842
shapley-20260606T021222Z-ff3a2d3c,conditional,A,126,126,8.305304899979092,0.4263497080121721,0.4394569396972656,train_pix_recon,-0.013107231685093534
shapley-20260606T021222Z-ff3a2d3c,conditional,A,127,127,8.37118329997611,0.4225309406008039,0.4240075647830963,train_pix_recon,-0.0014766241822924409
shapley-20260606T021222Z-ff3a2d3c,conditional,A,128,128,8.441120899973612,0.4278216702597482,0.4363027598176683,train_pix_recon,-0.008481089557920096
shapley-20260606T021222Z-ff3a2d3c,conditional,A,129,129,8.506126799973572,0.4247366062232426,0.4253418317862919,train_pix_recon,-0.0006052255630493164
shapley-20260606T021222Z-ff3a2d3c,conditional,A,130,130,8.56941719997485,0.4277086513383047,0.4321863523551396,train_pix_recon,-0.004477701016834867
shapley-20260606T021222Z-ff3a2d3c,conditional,A,131,131,8.632167299976572,0.4237056970596313,0.4297265452998025,train_pix_recon,-0.006020848240171184
shapley-20260606T021222Z-ff3a2d3c,conditional,A,132,132,8.69549069997447,0.4137118671621595,0.4239638575485774,train_pix_recon,-0.010251990386417886
shapley-20260606T021222Z-ff3a2d3c,conditional,A,133,133,8.760675999972591,0.4255900723593576,0.4198430606297084,train_pix_recon,0.0057470117296491985
shapley-20260606T021222Z-ff3a2d3c,conditional,A,134,134,8.833249099974637,0.418008029460907,0.4378154746123722,train_pix_recon,-0.01980744515146521
shapley-20260606T021222Z-ff3a2d3c,conditional,A,135,135,8.896220599974185,0.4208370447158813,0.419022798538208,train_pix_recon,0.0018142461776732843
shapley-20260606T021222Z-ff3a2d3c,conditional,A,136,136,8.958425199976773,0.4154147122587476,0.4336188350405012,train_pix_recon,-0.018204122781753596
shapley-20260606T021222Z-ff3a2d3c,conditional,A,137,137,9.020259399974748,0.4201582542487553,0.4186507420880453,train_pix_recon,0.0015075121607099895
shapley-20260606T021222Z-ff3a2d3c,conditional,A,138,138,9.08529849997285,0.4105877322810037,0.4150836297443935,train_pix_recon,-0.0044958974633897975
shapley-20260606T021222Z-ff3a2d3c,conditional,A,139,139,9.14838209997106,0.4126467747347696,0.4308932381016867,train_pix_recon,-0.018246463366917154
shapley-20260606T021222Z-ff3a2d3c,conditional,A,140,140,9.213303299973632,0.4103029923779623,0.4121862777641841,train_pix_recon,-0.001883285386221789
shapley-20260606T021222Z-ff3a2d3c,conditional,A,141,141,9.275536599972838,0.4115434288978576,0.4145194845540182,train_pix_recon,-0.0029760556561606033
shapley-20260606T021222Z-ff3a2d3c,conditional,A,142,142,9.337603199972364,0.4183277062007359,0.4231669434479305,train_pix_recon,-0.004839237247194594
shapley-20260606T021222Z-ff3a2d3c,conditional,A,143,143,9.401749999971798,0.4148476890155247,0.4221800523144858,train_pix_recon,-0.0073323632989610865
shapley-20260606T021222Z-ff3a2d3c,conditional,A,144,144,9.464174999971874,0.4005313089915684,0.4165092664105551,train_pix_recon,-0.015977957418986666
shapley-20260606T021222Z-ff3a2d3c,conditional,A,145,145,9.528787499970347,0.4115718390260424,0.422069536788123,train_pix_recon,-0.010497697762080593
shapley-20260606T021222Z-ff3a2d3c,conditional,A,146,146,9.594483899971236,0.4149469903537205,0.4201569940362658,train_pix_recon,-0.005210003682545261
shapley-20260606T021222Z-ff3a2d3c,conditional,A,147,147,9.657630499968946,0.4042450870786394,0.4126081211226327,train_pix_recon,-0.0083630340439933
shapley-20260606T021222Z-ff3a2d3c,conditional,A,148,148,9.721161599969491,0.4111036573137556,0.4147968717983791,train_pix_recon,-0.003693214484623508
shapley-20260606T021222Z-ff3a2d3c,conditional,A,149,149,9.783630199970505,0.4108632504940033,0.4264594614505768,train_pix_recon,-0.015596210956573486
shapley-20260606T021222Z-ff3a2d3c,conditional,A,150,150,9.846297099971707,0.4124116556985037,0.420562595129013,train_pix_recon,-0.008150939430509319
shapley-20260606T021222Z-ff3a2d3c,conditional,A,151,151,9.9119734999731,0.4069683296339852,0.4066313420023237,train_pix_recon,0.0003369876316615117
shapley-20260606T021222Z-ff3a2d3c,conditional,A,152,152,9.979026299970428,0.4106437947068895,0.4125757132257734,train_pix_recon,-0.0019319185188839127
shapley-20260606T021222Z-ff3a2d3c,conditional,A,153,153,10.051190399972256,0.4063537333692823,0.4237292323793684,train_pix_recon,-0.01737549901008606
shapley-20260606T021222Z-ff3a2d3c,conditional,A,154,154,10.11518919997252,0.4047414405005319,0.4202292561531067,train_pix_recon,-0.015487815652574788
shapley-20260606T021222Z-ff3a2d3c,conditional,A,155,155,10.184145899973371,0.4147605768271855,0.4168162473610469,train_pix_recon,-0.002055670533861409
shapley-20260606T021222Z-ff3a2d3c,conditional,A,156,156,10.248491699971057,0.407907818044935,0.416515120438167,train_pix_recon,-0.008607302393232041
shapley-20260606T021222Z-ff3a2d3c,conditional,A,157,157,10.31812089997038,0.398843194757189,0.4114477038383484,train_pix_recon,-0.012604509081159398
shapley-20260606T021222Z-ff3a2d3c,conditional,A,158,158,10.383076599970082,0.4047211919512067,0.4170154333114624,train_pix_recon,-0.012294241360255698
shapley-20260606T021222Z-ff3a2d3c,conditional,A,159,159,10.451154299971677,0.4198490508965083,0.4173698553017207,train_pix_recon,0.0024791955947875977
shapley-20260606T021222Z-ff3a2d3c,conditional,A,160,160,10.51572449997184,0.4056807245526995,0.4193206301757267,train_pix_recon,-0.013639905623027193
shapley-20260606T021222Z-ff3a2d3c,conditional,A,161,161,10.581133399973623,0.4045804228101458,0.4227220756667001,train_pix_recon,-0.018141652856554336
shapley-20260606T021222Z-ff3a2d3c,conditional,A,162,162,10.6512361999703,0.4063459421907152,0.4142432510852813,train_pix_recon,-0.007897308894566135
shapley-20260606T021222Z-ff3a2d3c,conditional,A,163,163,10.71861339996758,0.4047905547278268,0.4101122404847826,train_pix_recon,-0.005321685756955796
shapley-20260606T021222Z-ff3a2d3c,conditional,A,164,164,10.78914489996896,0.4119478251252855,0.4136019093649728,train_pix_recon,-0.0016540842396873257
shapley-20260606T021222Z-ff3a2d3c,conditional,A,165,165,10.859424699967349,0.4102758211748941,0.4127611901078905,train_pix_recon,-0.00248536893299639
shapley-20260606T021222Z-ff3a2d3c,conditional,A,166,166,10.927912199967976,0.4004657311098916,0.4110255071095058,train_pix_recon,-0.010559775999614218
shapley-20260606T021222Z-ff3a2d3c,conditional,A,167,167,10.993570599966915,0.4000061409814017,0.4171946474484035,train_pix_recon,-0.01718850646700182
shapley-20260606T021222Z-ff3a2d3c,conditional,A,168,168,11.05861729996468,0.4084438042981284,0.4199399948120117,train_pix_recon,-0.011496190513883342
shapley-20260606T021222Z-ff3a2d3c,conditional,A,169,169,11.127125099967088,0.4086276590824127,0.4186250311987741,train_pix_recon,-0.00999737211636137
shapley-20260606T021222Z-ff3a2d3c,conditional,A,170,170,11.191311199967458,0.4100916641099112,0.4111623380865369,train_pix_recon,-0.0010706739766256912
shapley-20260606T021222Z-ff3a2d3c,conditional,A,171,171,11.254458699964744,0.4015759740556989,0.4127087209905897,train_pix_recon,-0.011132746934890803
shapley-20260606T021222Z-ff3a2d3c,conditional,A,172,172,11.317522399964218,0.4016118092196328,0.4091345454965319,train_pix_recon,-0.007522736276899089
shapley-20260606T021222Z-ff3a2d3c,conditional,A,173,173,11.384658299961302,0.4091272524424961,0.415172095809664,train_pix_recon,-0.006044843367167929
shapley-20260606T021222Z-ff3a2d3c,conditional,A,174,174,11.449600299962183,0.4083694389888218,0.4137523898056575,train_pix_recon,-0.005382950816835708
shapley-20260606T021222Z-ff3a2d3c,conditional,A,175,175,11.51190659996064,0.4025742198739733,0.4141052961349487,train_pix_recon,-0.011531076260975381
shapley-20260606T021222Z-ff3a2d3c,conditional,A,176,176,11.576522499959538,0.4062625680650983,0.4107095897197723,train_pix_recon,-0.004447021654673977
shapley-20260606T021222Z-ff3a2d3c,conditional,A,177,177,11.642603899959797,0.4118655196258,0.408672136919839,train_pix_recon,0.0031933827059609787
shapley-20260606T021222Z-ff3a2d3c,conditional,A,178,178,11.70484409996061,0.4144269185406821,0.4127900089536394,train_pix_recon,0.001636909587042712
shapley-20260606T021222Z-ff3a2d3c,conditional,A,179,179,11.769669399960549,0.408430529492242,0.4087554003511156,train_pix_recon,-0.000324870858873616
shapley-20260606T021222Z-ff3a2d3c,conditional,A,180,180,11.83321249996152,0.3986121330942426,0.421550554888589,train_pix_recon,-0.02293842179434641
shapley-20260606T021222Z-ff3a2d3c,conditional,A,181,181,11.8996860999614,0.3998644266809736,0.4134433014052255,train_pix_recon,-0.0135788747242519
shapley-20260606T021222Z-ff3a2d3c,conditional,A,182,182,11.962071599962655,0.401834283556257,0.4161939152649471,train_pix_recon,-0.01435963170869009
shapley-20260606T021222Z-ff3a2d3c,conditional,A,183,183,12.024125599960826,0.4045438468456268,0.4135341048240661,train_pix_recon,-0.008990257978439331
shapley-20260606T021222Z-ff3a2d3c,conditional,A,184,184,12.089869799958253,0.3999700588839395,0.4110349416732788,train_pix_recon,-0.011064882789339314
shapley-20260606T021222Z-ff3a2d3c,conditional,A,185,185,12.157868899957975,0.4106203658240182,0.4104917049407959,train_pix_recon,0.00012866088322227576
shapley-20260606T021222Z-ff3a2d3c,conditional,A,186,186,12.222745199960627,0.4031399573598589,0.4076272547245025,train_pix_recon,-0.004487297364643594
shapley-20260606T021222Z-ff3a2d3c,conditional,A,187,187,12.286055899960049,0.4079188661915915,0.4099326644624982,train_pix_recon,-0.002013798270906697
shapley-20260606T021222Z-ff3a2d3c,conditional,A,188,188,12.350606699958009,0.4051938738141741,0.4045907173837934,train_pix_recon,0.0006031564303807246
shapley-20260606T021222Z-ff3a2d3c,conditional,A,189,189,12.421106099958706,0.3991321197577885,0.4082904202597482,train_pix_recon,-0.009158300501959704
shapley-20260606T021222Z-ff3a2d3c,conditional,A,190,190,12.490446899959352,0.4035599018846239,0.4120638753686632,train_pix_recon,-0.008503973484039307
shapley-20260606T021222Z-ff3a2d3c,conditional,A,191,191,12.557154599959176,0.4036226868629455,0.4073023455483572,train_pix_recon,-0.003679658685411702
shapley-20260606T021222Z-ff3a2d3c,conditional,A,192,192,12.626283699959458,0.4148915537766048,0.4118731149605342,train_pix_recon,0.003018438816070612
shapley-20260606T021222Z-ff3a2d3c,conditional,A,193,193,12.691464499959691,0.4021602017538888,0.4087430110999516,train_pix_recon,-0.006582809346062812
shapley-20260606T021222Z-ff3a2d3c,conditional,A,194,194,12.76259929996013,0.4061388713972909,0.4057453061853136,train_pix_recon,0.0003935652119772537
shapley-20260606T021222Z-ff3a2d3c,conditional,A,195,195,12.830772099958269,0.4113138275487082,0.4115340624536787,train_pix_recon,-0.00022023490497047327
shapley-20260606T021222Z-ff3a2d3c,conditional,A,196,196,12.898518899957708,0.4062163276331765,0.4096477968352182,train_pix_recon,-0.0034314692020416815
shapley-20260606T021222Z-ff3a2d3c,conditional,A,197,197,12.96523229995728,0.4006536475249699,0.4125447486128126,train_pix_recon,-0.011891101087842693
shapley-20260606T021222Z-ff3a2d3c,conditional,A,198,198,13.032030099955591,0.400545882327216,0.4111355670860835,train_pix_recon,-0.010589684758867512
shapley-20260606T021222Z-ff3a2d3c,conditional,A,199,199,13.104329699955995,0.4043779671192169,0.415050561938967,train_pix_recon,-0.01067259481975008
shapley-20260606T021133Z-b813eaaf,baseline,A,0,0,0.2518931000013253,0.8575451076030731,0.8356744647026062,test_pix_recon,0.02187064290046692
shapley-20260606T021133Z-b813eaaf,baseline,A,1,1,0.3153895000032207,0.677409440279007,0.6589384078979492,test_pix_recon,0.01847103238105774
shapley-20260606T021133Z-b813eaaf,baseline,A,2,2,0.3770991000055801,0.5790198743343353,0.5653381645679474,test_pix_recon,0.01368170976638794
shapley-20260606T021133Z-b813eaaf,baseline,A,3,3,0.4360307000060857,0.507546991109848,0.5012499839067459,test_pix_recon,0.006297007203102112
shapley-20260606T021133Z-b813eaaf,baseline,A,4,4,0.4999549000058323,0.4603156894445419,0.4611189216375351,test_pix_recon,-0.0008032321929932196
shapley-20260606T021133Z-b813eaaf,baseline,A,5,5,0.5632587000072817,0.4267069101333618,0.4288104176521301,test_pix_recon,-0.0021035075187683105
shapley-20260606T021133Z-b813eaaf,baseline,A,6,6,0.6259713000072225,0.4016262590885162,0.406725138425827,test_pix_recon,-0.0050988793373108465
shapley-20260606T021133Z-b813eaaf,baseline,A,7,7,0.6865164000082586,0.3824769556522369,0.3898592442274093,test_pix_recon,-0.007382288575172424
shapley-20260606T021133Z-b813eaaf,baseline,A,8,8,0.7471013000103994,0.3684622347354889,0.3734676390886307,test_pix_recon,-0.005005404353141785
shapley-20260606T021133Z-b813eaaf,baseline,A,9,9,0.8058917000125803,0.3511580228805542,0.3626003861427307,test_pix_recon,-0.011442363262176514
shapley-20260606T021133Z-b813eaaf,baseline,A,10,10,0.8655891000125848,0.3393441140651703,0.3510291874408722,test_pix_recon,-0.011685073375701904
shapley-20260606T021133Z-b813eaaf,baseline,A,11,11,0.9296220000142056,0.3305304646492004,0.3439449220895767,test_pix_recon,-0.013414457440376337
shapley-20260606T021133Z-b813eaaf,baseline,A,12,12,0.9902584000119532,0.3274654150009155,0.3403206020593643,test_pix_recon,-0.012855187058448792
shapley-20260606T021133Z-b813eaaf,baseline,A,13,13,1.0487478000140982,0.3201837986707687,0.3308038860559463,test_pix_recon,-0.010620087385177612
shapley-20260606T021133Z-b813eaaf,baseline,A,14,14,1.1093765000150595,0.3148554265499115,0.3251408785581589,test_pix_recon,-0.010285452008247375
shapley-20260606T021133Z-b813eaaf,baseline,A,15,15,1.171447200013063,0.3094902634620666,0.3200337886810303,test_pix_recon,-0.010543525218963679
shapley-20260606T021133Z-b813eaaf,baseline,A,16,16,1.2312692000123209,0.3064376413822174,0.3168611228466034,test_pix_recon,-0.010423481464385986
shapley-20260606T021133Z-b813eaaf,baseline,A,17,17,1.2937302000136697,0.3035807460546493,0.312197133898735,test_pix_recon,-0.008616387844085693
shapley-20260606T021133Z-b813eaaf,baseline,A,18,18,1.355930100013211,0.3000513315200805,0.3069339394569397,test_pix_recon,-0.006882607936859186
shapley-20260606T021133Z-b813eaaf,baseline,A,19,19,1.4196993000150542,0.2966235280036926,0.3043387085199356,test_pix_recon,-0.007715180516242981
shapley-20260606T021133Z-b813eaaf,baseline,A,20,20,1.4788677000178725,0.2938867509365082,0.3020471185445785,test_pix_recon,-0.008160367608070318
shapley-20260606T021133Z-b813eaaf,baseline,A,21,21,1.5421666000183905,0.2935490161180496,0.3007107675075531,test_pix_recon,-0.007161751389503479
shapley-20260606T021133Z-b813eaaf,baseline,A,22,22,1.6022579000200494,0.2928798794746399,0.2992312610149383,test_pix_recon,-0.006351381540298406
shapley-20260606T021133Z-b813eaaf,baseline,A,23,23,1.6692481000172847,0.2906801104545593,0.2978111952543258,test_pix_recon,-0.007131084799766485
shapley-20260606T021133Z-b813eaaf,baseline,A,24,24,1.731614600015746,0.2907239347696304,0.2970389723777771,test_pix_recon,-0.006315037608146723
shapley-20260606T021133Z-b813eaaf,baseline,A,25,25,1.7956558000150835,0.2892043888568878,0.2948598563671112,test_pix_recon,-0.005655467510223389
shapley-20260606T021133Z-b813eaaf,baseline,A,26,26,1.8577232000170625,0.2879759669303894,0.2928267121315002,test_pix_recon,-0.004850745201110784
shapley-20260606T021133Z-b813eaaf,baseline,A,27,27,1.9177802000158408,0.2865753471851349,0.2910899370908737,test_pix_recon,-0.004514589905738831
shapley-20260606T021133Z-b813eaaf,baseline,A,28,28,1.9779789000167511,0.2855635583400726,0.2902438193559646,test_pix_recon,-0.004680261015892029
shapley-20260606T021133Z-b813eaaf,baseline,A,29,29,2.038317700014886,0.2868245244026184,0.2886784374713897,test_pix_recon,-0.0018539130687713068
shapley-20260606T021133Z-b813eaaf,baseline,A,30,30,2.096850600013568,0.283285841345787,0.2882066369056701,test_pix_recon,-0.004920795559883118
shapley-20260606T021133Z-b813eaaf,baseline,A,31,31,2.1554663000133587,0.2832288146018982,0.2869199365377426,test_pix_recon,-0.0036911219358444214
shapley-20260606T021133Z-b813eaaf,baseline,A,32,32,2.215917500016076,0.2809351831674576,0.2856088578701019,test_pix_recon,-0.004673674702644293
shapley-20260606T021133Z-b813eaaf,baseline,A,33,33,2.2761723000148777,0.2837234139442444,0.2862634658813476,test_pix_recon,-0.002540051937103216
shapley-20260606T021133Z-b813eaaf,baseline,A,34,34,2.344214800014015,0.280508205294609,0.2866509109735489,test_pix_recon,-0.006142705678939875
shapley-20260606T021133Z-b813eaaf,baseline,A,35,35,2.402940900014073,0.2815452963113785,0.2840667963027954,test_pix_recon,-0.002521499991416931
shapley-20260606T021133Z-b813eaaf,baseline,A,36,36,2.466976000014256,0.2804367244243622,0.2860550731420517,test_pix_recon,-0.005618348717689514
shapley-20260606T021133Z-b813eaaf,baseline,A,37,37,2.52678120001292,0.2830767780542373,0.2848303318023681,test_pix_recon,-0.0017535537481307983
shapley-20260606T021133Z-b813eaaf,baseline,A,38,38,2.5885922000124992,0.2836211621761322,0.2855259627103805,test_pix_recon,-0.0019048005342482965
shapley-20260606T021133Z-b813eaaf,baseline,A,39,39,2.651582300011796,0.2816116511821747,0.2833824306726455,test_pix_recon,-0.0017707794904708307
shapley-20260606T021133Z-b813eaaf,baseline,A,40,40,2.7134755000115547,0.2824876308441162,0.2857973128557205,test_pix_recon,-0.003309682011604309
shapley-20260606T021133Z-b813eaaf,baseline,A,41,41,2.7723258000114583,0.2794998288154602,0.2848729789257049,test_pix_recon,-0.0053731501102446955
shapley-20260606T021133Z-b813eaaf,baseline,A,42,42,2.8330510000123468,0.2795396894216537,0.2845075130462646,test_pix_recon,-0.004967823624610901
shapley-20260606T021133Z-b813eaaf,baseline,A,43,43,2.89755880001394,0.2804951965808868,0.2880048155784607,test_pix_recon,-0.007509618997573908
shapley-20260606T021133Z-b813eaaf,baseline,A,44,44,2.958259700015333,0.2823153436183929,0.2822377383708954,test_pix_recon,7.760524749750308e-05
shapley-20260606T021133Z-b813eaaf,baseline,A,45,45,3.025572100017598,0.2815130650997162,0.2864276766777038,test_pix_recon,-0.004914611577987615
shapley-20260606T021133Z-b813eaaf,baseline,A,46,46,3.088461300019844,0.2804011106491089,0.2830771505832672,test_pix_recon,-0.002676039934158325
shapley-20260606T021133Z-b813eaaf,baseline,A,47,47,3.150444000020798,0.2842131853103637,0.2798367142677307,test_pix_recon,0.004376471042633001
shapley-20260606T021133Z-b813eaaf,baseline,A,48,48,3.214483400020981,0.2820605486631393,0.2797116339206695,test_pix_recon,0.0023489147424697876
shapley-20260606T021133Z-b813eaaf,baseline,A,49,49,3.27429210002083,0.2824783325195312,0.2827064394950866,test_pix_recon,-0.00022810697555541992
shapley-20260606T021133Z-b813eaaf,baseline,A,50,50,3.333639600019524,0.2784512042999267,0.2827509194612503,test_pix_recon,-0.004299715161323603
shapley-20260606T021133Z-b813eaaf,baseline,A,51,51,3.3929580000185524,0.2800465375185013,0.2835835814476013,test_pix_recon,-0.0035370439291000366
shapley-20260606T021133Z-b813eaaf,baseline,A,52,52,3.4544503000215627,0.2819597423076629,0.281642273068428,test_pix_recon,0.0003174692392349243
shapley-20260606T021133Z-b813eaaf,baseline,A,53,53,3.5173447000197484,0.2816792130470276,0.2839270979166031,test_pix_recon,-0.0022478848695755005
shapley-20260606T021133Z-b813eaaf,baseline,A,54,54,3.5784605000189917,0.2810258418321609,0.286125898361206,test_pix_recon,-0.005100056529045105
shapley-20260606T021133Z-b813eaaf,baseline,A,55,55,3.641514600018127,0.2784992009401321,0.2814370691776275,test_pix_recon,-0.0029378682374954224
shapley-20260606T021133Z-b813eaaf,baseline,A,56,56,3.700695700019424,0.2785292565822601,0.2845692932605743,test_pix_recon,-0.006040036678314209
shapley-20260606T021133Z-b813eaaf,baseline,A,57,57,3.7654231000160503,0.2798846513032913,0.2881887853145599,test_pix_recon,-0.00830413401126856
shapley-20260606T021133Z-b813eaaf,baseline,A,58,58,3.8260816000183695,0.2810424417257309,0.2844026982784271,test_pix_recon,-0.003360256552696228
shapley-20260606T021133Z-b813eaaf,baseline,A,59,59,3.886835300017992,0.2820017635822296,0.2848447412252426,test_pix_recon,-0.0028429776430130005
shapley-20260606T021133Z-b813eaaf,baseline,A,60,60,3.954838100020425,0.2821763902902603,0.2845993340015411,test_pix_recon,-0.0024229437112807672
shapley-20260606T021133Z-b813eaaf,baseline,A,61,61,4.013538600018364,0.2833051830530166,0.2859822958707809,test_pix_recon,-0.0026771128177642822
shapley-20260606T021133Z-b813eaaf,baseline,A,62,62,4.072817100019165,0.2834038436412811,0.2853961437940597,test_pix_recon,-0.0019923001527786255
shapley-20260606T021133Z-b813eaaf,baseline,A,63,63,4.131452200021158,0.2836696952581405,0.2860918641090393,test_pix_recon,-0.002422168850898798
shapley-20260606T021133Z-b813eaaf,baseline,A,64,64,4.190439000023616,0.2822276800870895,0.2832982838153839,test_pix_recon,-0.001070603728294428
shapley-20260606T021133Z-b813eaaf,baseline,A,65,65,4.255545900021389,0.2830856144428253,0.2841247171163559,test_pix_recon,-0.0010391026735305786
shapley-20260606T021133Z-b813eaaf,baseline,A,66,66,4.31740460002402,0.2832780182361603,0.2887385785579681,test_pix_recon,-0.005460560321807806
shapley-20260606T021133Z-b813eaaf,baseline,A,67,67,4.381971300022997,0.2783458083868027,0.2839314490556717,test_pix_recon,-0.0055856406688690186
shapley-20260606T021133Z-b813eaaf,baseline,A,68,68,4.444387200022902,0.2819913029670715,0.2874045521020889,test_pix_recon,-0.005413249135017395
shapley-20260606T021133Z-b813eaaf,baseline,A,69,69,4.505981500020425,0.2852899879217148,0.2852519154548645,test_pix_recon,3.807246685028076e-05
shapley-20260606T021133Z-b813eaaf,baseline,A,70,70,4.572283500019694,0.2864267230033874,0.2863095998764038,test_pix_recon,0.00011712312698358707
shapley-20260606T021133Z-b813eaaf,baseline,A,71,71,4.632504600020184,0.2843161672353744,0.2855406552553177,test_pix_recon,-0.0012244880199432928
shapley-20260606T021133Z-b813eaaf,baseline,A,72,72,4.692473700019036,0.2855109721422195,0.2869613766670227,test_pix_recon,-0.0014504045248032171
shapley-20260606T021133Z-b813eaaf,baseline,A,73,73,4.751417400020728,0.2863721251487732,0.2896342277526855,test_pix_recon,-0.003262102603912298
shapley-20260606T021133Z-b813eaaf,baseline,A,74,74,4.809572700021818,0.2858373671770096,0.2882668077945709,test_pix_recon,-0.0024294406175613403
shapley-20260606T021133Z-b813eaaf,baseline,A,75,75,4.872170800023014,0.2870694100856781,0.2859353125095367,test_pix_recon,0.001134097576141413
shapley-20260606T021133Z-b813eaaf,baseline,A,76,76,4.9358795000225655,0.2890441119670868,0.2900864481925964,test_pix_recon,-0.001042336225509588
shapley-20260606T021133Z-b813eaaf,baseline,A,77,77,5.003084600022703,0.2867444902658462,0.2920982986688614,test_pix_recon,-0.005353808403015192
shapley-20260606T021133Z-b813eaaf,baseline,A,78,78,5.061286500022106,0.2869729697704315,0.2934243381023407,test_pix_recon,-0.00645136833190918
shapley-20260606T021133Z-b813eaaf,baseline,A,79,79,5.1268286000231456,0.2879640012979507,0.2953263968229294,test_pix_recon,-0.007362395524978693
shapley-20260606T021133Z-b813eaaf,baseline,A,80,80,5.191812300021411,0.2908298820257187,0.2915734052658081,test_pix_recon,-0.0007435232400894165
shapley-20260606T021133Z-b813eaaf,baseline,A,81,81,5.252383900020504,0.2896324098110199,0.293278694152832,test_pix_recon,-0.0036462843418120783
shapley-20260606T021133Z-b813eaaf,baseline,A,82,82,5.312028900021687,0.2874471545219421,0.2942802309989929,test_pix_recon,-0.006833076477050837
shapley-20260606T021133Z-b813eaaf,baseline,A,83,83,5.372625700019853,0.2925527691841125,0.2910546213388443,test_pix_recon,0.001498147845268194
shapley-20260606T021133Z-b813eaaf,baseline,A,84,84,5.432236000018747,0.2928451299667358,0.2935600727796554,test_pix_recon,-0.0007149428129196167
shapley-20260606T021133Z-b813eaaf,baseline,A,85,85,5.495757900018361,0.2944930791854858,0.2907027751207351,test_pix_recon,0.0037903040647506714
shapley-20260606T021133Z-b813eaaf,baseline,A,86,86,5.558538100020087,0.2901782244443893,0.2953597456216812,test_pix_recon,-0.005181521177291926
shapley-20260606T021133Z-b813eaaf,baseline,A,87,87,5.618801300021005,0.2899774461984634,0.2986007481813431,test_pix_recon,-0.008623301982879694
shapley-20260606T021133Z-b813eaaf,baseline,A,88,88,5.681439600022713,0.3008074462413788,0.2964751422405243,test_pix_recon,0.004332304000854492
shapley-20260606T021133Z-b813eaaf,baseline,A,89,89,5.741762100020424,0.2919990122318268,0.302321583032608,test_pix_recon,-0.010322570800781194
shapley-20260606T021133Z-b813eaaf,baseline,A,90,90,5.810964300020714,0.2949546873569488,0.2997069656848907,test_pix_recon,-0.0047522783279418945
shapley-20260606T021133Z-b813eaaf,baseline,A,91,91,5.875495800020872,0.2926594913005829,0.2981281280517578,test_pix_recon,-0.005468636751174927
shapley-20260606T021133Z-b813eaaf,baseline,A,92,92,5.941702400021313,0.295083612203598,0.3029224872589111,test_pix_recon,-0.007838875055313055
shapley-20260606T021133Z-b813eaaf,baseline,A,93,93,6.008594000024459,0.2979723811149597,0.2945290356874466,test_pix_recon,0.0034433454275131226
shapley-20260606T021133Z-b813eaaf,baseline,A,94,94,6.074510200021905,0.2941576093435287,0.3004235774278641,test_pix_recon,-0.006265968084335383
shapley-20260606T021133Z-b813eaaf,baseline,A,95,95,6.137026100022922,0.296684056520462,0.3011155873537063,test_pix_recon,-0.004431530833244324
shapley-20260606T021133Z-b813eaaf,baseline,A,96,96,6.205009600023914,0.2978193908929825,0.3016140460968017,test_pix_recon,-0.0037946552038192194
shapley-20260606T021133Z-b813eaaf,baseline,A,97,97,6.269990100023279,0.2943173497915268,0.3001262247562408,test_pix_recon,-0.005808874964713995
shapley-20260606T021133Z-b813eaaf,baseline,A,98,98,6.332770900022297,0.300646647810936,0.3044667541980743,test_pix_recon,-0.003820106387138311
shapley-20260606T021133Z-b813eaaf,baseline,A,99,99,6.401251000021148,0.2988538593053818,0.3073545098304748,test_pix_recon,-0.008500650525093023
shapley-20260606T021133Z-b813eaaf,baseline,A,100,100,6.468411400019249,0.300612673163414,0.3086539059877395,test_pix_recon,-0.008041232824325506
shapley-20260606T021133Z-b813eaaf,baseline,A,101,101,6.531249600018782,0.3000948280096054,0.3059525489807129,test_pix_recon,-0.005857720971107483
shapley-20260606T021133Z-b813eaaf,baseline,A,102,102,6.598183100020833,0.3015819489955902,0.300260990858078,test_pix_recon,0.001320958137512207
shapley-20260606T021133Z-b813eaaf,baseline,A,103,103,6.6647674000232655,0.3029725104570389,0.3138052076101303,test_pix_recon,-0.01083269715309143
shapley-20260606T021133Z-b813eaaf,baseline,A,104,104,6.727463800023543,0.303715780377388,0.3018390834331512,test_pix_recon,0.0018766969442368109
shapley-20260606T021133Z-b813eaaf,baseline,A,105,105,6.792426800024259,0.3054176121950149,0.3183605819940567,test_pix_recon,-0.012942969799041804
shapley-20260606T021133Z-b813eaaf,baseline,A,106,106,6.855948200023704,0.3045204877853393,0.3091501146554947,test_pix_recon,-0.00462962687015539
shapley-20260606T021133Z-b813eaaf,baseline,A,107,107,6.922220600023138,0.3089157044887543,0.3102454245090484,test_pix_recon,-0.001329720020294134
shapley-20260606T021133Z-b813eaaf,baseline,A,108,108,6.985902200020064,0.3136948347091675,0.3131420761346817,test_pix_recon,0.0005527585744857788
shapley-20260606T021133Z-b813eaaf,baseline,A,109,109,7.052111800017883,0.3083271533250808,0.3191352039575577,test_pix_recon,-0.010808050632476862
shapley-20260606T021133Z-b813eaaf,baseline,A,110,110,7.11589610001829,0.3128904402256012,0.3119113594293594,test_pix_recon,0.0009790807962418158
shapley-20260606T021133Z-b813eaaf,baseline,A,111,111,7.184112800019648,0.312116339802742,0.314527302980423,test_pix_recon,-0.0024109631776809692
shapley-20260606T021133Z-b813eaaf,baseline,A,112,112,7.247659200016642,0.3136379867792129,0.3133083283901214,test_pix_recon,0.0003296583890914917
shapley-20260606T021133Z-b813eaaf,baseline,A,113,113,7.309810200018546,0.3130085319280624,0.3180882334709167,test_pix_recon,-0.005079701542854309
shapley-20260606T021133Z-b813eaaf,baseline,A,114,114,7.378848200020002,0.3124325722455978,0.3136471509933471,test_pix_recon,-0.0012145787477493286
shapley-20260606T021133Z-b813eaaf,baseline,A,115,115,7.443406300018978,0.3121722489595413,0.3191956430673599,test_pix_recon,-0.0070233941078186035
shapley-20260606T021133Z-b813eaaf,baseline,A,116,116,7.505394200019509,0.3174030631780624,0.3176434636116028,test_pix_recon,-0.00024040043354039975
shapley-20260606T021133Z-b813eaaf,baseline,A,117,117,7.571042500021576,0.3156729787588119,0.318264827132225,test_pix_recon,-0.002591848373413086
shapley-20260606T021133Z-b813eaaf,baseline,A,118,118,7.638795900023979,0.3218605667352676,0.3219217807054519,test_pix_recon,-6.121397018432617e-05
shapley-20260606T021133Z-b813eaaf,baseline,A,119,119,7.704245800025092,0.31638003885746,0.3220712095499038,test_pix_recon,-0.005691170692443792
shapley-20260606T021133Z-b813eaaf,baseline,A,120,120,7.772175200025231,0.3172861933708191,0.3199494779109955,test_pix_recon,-0.0026632845401763916
shapley-20260606T021133Z-b813eaaf,baseline,A,121,121,7.843680700025288,0.3185352236032486,0.3272085189819336,test_pix_recon,-0.008673295378684998
shapley-20260606T021133Z-b813eaaf,baseline,A,122,122,7.908768600027543,0.3185617625713348,0.3250267505645752,test_pix_recon,-0.006464987993240412
shapley-20260606T021133Z-b813eaaf,baseline,A,123,123,7.97410120002678,0.3290413171052933,0.3303615301847458,test_pix_recon,-0.0013202130794525146
shapley-20260606T021133Z-b813eaaf,baseline,A,124,124,8.04324140002791,0.3275449126958847,0.333319827914238,test_pix_recon,-0.0057749152183532715
shapley-20260606T021133Z-b813eaaf,baseline,A,125,125,8.112364500029798,0.3276086151599884,0.3339813947677612,test_pix_recon,-0.006372779607772772
shapley-20260606T021133Z-b813eaaf,baseline,A,126,126,8.183543100032693,0.3323127329349518,0.3267934769392013,test_pix_recon,0.005519255995750483
shapley-20260606T021133Z-b813eaaf,baseline,A,127,127,8.251192100033222,0.3263489156961441,0.331670194864273,test_pix_recon,-0.005321279168128912
shapley-20260606T021133Z-b813eaaf,baseline,A,128,128,8.31568080003126,0.3296499848365783,0.3248131722211838,test_pix_recon,0.004836812615394537
shapley-20260606T021133Z-b813eaaf,baseline,A,129,129,8.380254300031083,0.3267772793769836,0.3278823941946029,test_pix_recon,-0.0011051148176193237
shapley-20260606T021133Z-b813eaaf,baseline,A,130,130,8.452212500029418,0.3248832672834396,0.3274420350790024,test_pix_recon,-0.0025587677955627997
shapley-20260606T021133Z-b813eaaf,baseline,A,131,131,8.521739400031947,0.3296920657157898,0.327427789568901,test_pix_recon,0.0022642761468887884
shapley-20260606T021133Z-b813eaaf,baseline,A,132,132,8.586505300030694,0.3277442753314972,0.3216474056243896,test_pix_recon,0.0060968697071075995
shapley-20260606T021133Z-b813eaaf,baseline,A,133,133,8.656109900031879,0.3251127153635025,0.3313455134630203,test_pix_recon,-0.006232798099517822
shapley-20260606T021133Z-b813eaaf,baseline,A,134,134,8.727444300031493,0.3232044577598572,0.3252313137054443,test_pix_recon,-0.0020268559455871027
shapley-20260606T021133Z-b813eaaf,baseline,A,135,135,8.794549800029927,0.3248690068721771,0.3249227702617645,test_pix_recon,-5.3763389587402344e-05
shapley-20260606T021133Z-b813eaaf,baseline,A,136,136,8.86155760003021,0.3240755796432495,0.3243779689073562,test_pix_recon,-0.000302389264106695
shapley-20260606T021133Z-b813eaaf,baseline,A,137,137,8.92454090002866,0.3247837871313095,0.3221452683210373,test_pix_recon,0.002638518810272217
shapley-20260606T021133Z-b813eaaf,baseline,A,138,138,8.99386690002575,0.3217065632343292,0.326875239610672,test_pix_recon,-0.0051686763763427734
shapley-20260606T021133Z-b813eaaf,baseline,A,139,139,9.056787600027748,0.3216747641563415,0.3253663927316665,test_pix_recon,-0.003691628575325012
shapley-20260606T021133Z-b813eaaf,baseline,A,140,140,9.123380300028655,0.3222773671150207,0.3218529373407364,test_pix_recon,0.0004244297742843073
shapley-20260606T021133Z-b813eaaf,baseline,A,141,141,9.187723500028367,0.3221166729927063,0.3240003436803818,test_pix_recon,-0.001883670687675476
shapley-20260606T021133Z-b813eaaf,baseline,A,142,142,9.256238100027986,0.3184385448694229,0.3240546882152557,test_pix_recon,-0.005616143345832769
shapley-20260606T021133Z-b813eaaf,baseline,A,143,143,9.324801800026762,0.3201766461133957,0.3226294070482254,test_pix_recon,-0.002452760934829712
shapley-20260606T021133Z-b813eaaf,baseline,A,144,144,9.391201300026296,0.3227933943271637,0.3225640803575516,test_pix_recon,0.00022931396961212158
shapley-20260606T021133Z-b813eaaf,baseline,A,145,145,9.457069000025513,0.3204574137926101,0.3237762898206711,test_pix_recon,-0.0033188760280609686
shapley-20260606T021133Z-b813eaaf,baseline,A,146,146,9.519999000025564,0.323886513710022,0.3216331601142883,test_pix_recon,0.002253353595733698
shapley-20260606T021133Z-b813eaaf,baseline,A,147,147,9.585033900024428,0.3216752856969833,0.3209477216005325,test_pix_recon,0.0007275640964508057
shapley-20260606T021133Z-b813eaaf,baseline,A,148,148,9.650056100021176,0.3202844709157944,0.3199740946292877,test_pix_recon,0.00031037628650665283
shapley-20260606T021133Z-b813eaaf,baseline,A,149,149,9.71660520002115,0.3225796222686767,0.3216527998447418,test_pix_recon,0.000926822423934881
shapley-20260606T021133Z-b813eaaf,baseline,A,150,150,9.785097900021356,0.3210488557815552,0.3196184486150741,test_pix_recon,0.0014304071664810736
shapley-20260606T021133Z-b813eaaf,baseline,A,151,151,9.85976650001976,0.3208593279123306,0.3183752298355102,test_pix_recon,0.002484098076820429
shapley-20260606T021133Z-b813eaaf,baseline,A,152,152,9.92868450001697,0.3221074193716049,0.3191082030534744,test_pix_recon,0.002999216318130493
shapley-20260606T021133Z-b813eaaf,baseline,A,153,153,9.995981200016104,0.3201359659433365,0.3193764835596084,test_pix_recon,0.0007594823837280829
shapley-20260606T021133Z-b813eaaf,baseline,A,154,154,10.05955770001674,0.3182528167963028,0.3195199966430664,test_pix_recon,-0.0012671798467636108
shapley-20260606T021133Z-b813eaaf,baseline,A,155,155,10.124202000017249,0.3189952820539474,0.3206590414047241,test_pix_recon,-0.0016637593507767279
shapley-20260606T021133Z-b813eaaf,baseline,A,156,156,10.193747300018003,0.3184960633516311,0.3203431516885757,test_pix_recon,-0.00184708833694458
shapley-20260606T021133Z-b813eaaf,baseline,A,157,157,10.2567886000179,0.3176630288362503,0.3200928270816803,test_pix_recon,-0.0024297982454299927
shapley-20260606T021133Z-b813eaaf,baseline,A,158,158,10.320813300018926,0.3181368559598923,0.3209299445152282,test_pix_recon,-0.002793088555335943
shapley-20260606T021133Z-b813eaaf,baseline,A,159,159,10.39013420002084,0.3192273676395416,0.321107417345047,test_pix_recon,-0.001880049705505371
shapley-20260606T021133Z-b813eaaf,baseline,A,160,160,10.457295300020633,0.3197836279869079,0.3210867345333099,test_pix_recon,-0.0013031065464019775
shapley-20260606T021133Z-b813eaaf,baseline,A,161,161,10.526456900021005,0.3198935240507126,0.3201408237218857,test_pix_recon,-0.0002472996711730957
shapley-20260606T021133Z-b813eaaf,baseline,A,162,162,10.59269320002204,0.3202421516180038,0.3193269968032837,test_pix_recon,0.0009151548147200983
shapley-20260606T021133Z-b813eaaf,baseline,A,163,163,10.662599500021315,0.3202813267707824,0.318768635392189,test_pix_recon,0.0015126913785933893
shapley-20260606T021133Z-b813eaaf,baseline,A,164,164,10.731483300020043,0.319894403219223,0.3189614713191986,test_pix_recon,0.0009329319000244141
shapley-20260606T021133Z-b813eaaf,baseline,A,165,165,10.796959800019977,0.3199619203805923,0.3188347518444061,test_pix_recon,0.0011271685361862183
shapley-20260606T021133Z-b813eaaf,baseline,A,166,166,10.860747800019452,0.3203606456518173,0.3190248310565948,test_pix_recon,0.0013358145952225287
shapley-20260606T021133Z-b813eaaf,baseline,A,167,167,10.925489800018113,0.319592997431755,0.3191490620374679,test_pix_recon,0.0004439353942871094
shapley-20260606T021133Z-b813eaaf,baseline,A,168,168,10.991618400017614,0.319499060511589,0.3190006762742996,test_pix_recon,0.0004983842372893732
shapley-20260606T021133Z-b813eaaf,baseline,A,169,169,11.0559400000202,0.3196148723363876,0.3188521414995193,test_pix_recon,0.0007627308368682861
shapley-20260606T021133Z-b813eaaf,baseline,A,170,170,11.121118600018235,0.3189779371023178,0.3188620656728744,test_pix_recon,0.00011587142944341489
shapley-20260606T021133Z-b813eaaf,baseline,A,171,171,11.1874653000159,0.3183887302875519,0.3187791407108307,test_pix_recon,-0.0003904104232788086
shapley-20260606T021133Z-b813eaaf,baseline,A,172,172,11.252938000016002,0.3182408213615417,0.3189605474472046,test_pix_recon,-0.0007197260856628973
shapley-20260606T021133Z-b813eaaf,baseline,A,173,173,11.31918980001501,0.318777471780777,0.3191512525081634,test_pix_recon,-0.0003737807273864191
shapley-20260606T021133Z-b813eaaf,baseline,A,174,174,11.382242700015922,0.3186304420232773,0.3191237151622772,test_pix_recon,-0.000493273138999939
shapley-20260606T021133Z-b813eaaf,baseline,A,175,175,11.444754200016176,0.3182967007160187,0.3191173374652862,test_pix_recon,-0.0008206367492675226
shapley-20260606T021133Z-b813eaaf,baseline,A,176,176,11.509086000016396,0.3181684166193008,0.3192351162433624,test_pix_recon,-0.00106669962406164
shapley-20260606T021133Z-b813eaaf,baseline,A,177,177,11.574825300016528,0.317831426858902,0.3191421777009964,test_pix_recon,-0.0013107508420944214
shapley-20260606T021133Z-b813eaaf,baseline,A,178,178,11.637491900015448,0.3174114674329757,0.3188909143209457,test_pix_recon,-0.0014794468879699707
shapley-20260606T021133Z-b813eaaf,baseline,A,179,179,11.70117230001415,0.3172541707754135,0.3187770694494247,test_pix_recon,-0.001522898674011175
shapley-20260606T021133Z-b813eaaf,baseline,A,180,180,11.76604420001604,0.3172222673892975,0.3187403231859207,test_pix_recon,-0.00151805579662323
shapley-20260606T021133Z-b813eaaf,baseline,A,181,181,11.83532370001558,0.3177412450313568,0.3187453001737594,test_pix_recon,-0.0010040551424025934
shapley-20260606T021133Z-b813eaaf,baseline,A,182,182,11.90589960001671,0.317992091178894,0.3188340216875076,test_pix_recon,-0.0008419305086135864
shapley-20260606T021133Z-b813eaaf,baseline,A,183,183,11.971152300015092,0.3181452453136444,0.3188105672597885,test_pix_recon,-0.000665321946144104
shapley-20260606T021133Z-b813eaaf,baseline,A,184,184,12.03691920001438,0.3180052936077118,0.3187244534492492,test_pix_recon,-0.0007191598415374201
shapley-20260606T021133Z-b813eaaf,baseline,A,185,185,12.114208900013182,0.3179133832454681,0.3186342418193817,test_pix_recon,-0.0007208585739136297
shapley-20260606T021133Z-b813eaaf,baseline,A,186,186,12.187846600012564,0.3183024525642395,0.3185411840677261,test_pix_recon,-0.0002387315034865778
shapley-20260606T021133Z-b813eaaf,baseline,A,187,187,12.252360200011026,0.3184045702219009,0.3184662014245987,test_pix_recon,-6.163120269780942e-05
shapley-20260606T021133Z-b813eaaf,baseline,A,188,188,12.314681400013797,0.318307876586914,0.318381056189537,test_pix_recon,-7.317960262298584e-05
shapley-20260606T021133Z-b813eaaf,baseline,A,189,189,12.376936700016811,0.318094715476036,0.3183033466339111,test_pix_recon,-0.00020863115787506104
shapley-20260606T021133Z-b813eaaf,baseline,A,190,190,12.440964300014455,0.3177655935287475,0.3183412402868271,test_pix_recon,-0.0005756467580795843
shapley-20260606T021133Z-b813eaaf,baseline,A,191,191,12.505975300016871,0.3177137672901153,0.3184270858764648,test_pix_recon,-0.0007133185863494873
shapley-20260606T021133Z-b813eaaf,baseline,A,192,192,12.57512340001631,0.3176659643650055,0.3184999674558639,test_pix_recon,-0.000834003090858404
shapley-20260606T021133Z-b813eaaf,baseline,A,193,193,12.638367500014285,0.3178134113550186,0.3185571283102035,test_pix_recon,-0.000743716955184881
shapley-20260606T021133Z-b813eaaf,baseline,A,194,194,12.70026170001438,0.3179480284452438,0.3186295628547668,test_pix_recon,-0.0006815344095230103
shapley-20260606T021133Z-b813eaaf,baseline,A,195,195,12.768836900013412,0.3177889138460159,0.3186982572078705,test_pix_recon,-0.0009093433618546087
shapley-20260606T021133Z-b813eaaf,baseline,A,196,196,12.83964920001381,0.3177682906389236,0.3186640590429306,test_pix_recon,-0.0008957684040070135
shapley-20260606T021133Z-b813eaaf,baseline,A,197,197,12.904535300014686,0.3176245987415313,0.3186427503824234,test_pix_recon,-0.0010181516408920843
shapley-20260606T021133Z-b813eaaf,baseline,A,198,198,12.977275100012776,0.3174089789390564,0.3185863941907882,test_pix_recon,-0.001177415251731817
shapley-20260606T021133Z-b813eaaf,baseline,A,199,199,13.04201150001245,0.3172968029975891,0.3185519576072693,test_pix_recon,-0.0012551546096801758
shapley-20260606T021158Z-cfd9af2c,marginal,A,0,0,0.2488545999985945,0.8364786505699158,0.8356744647026062,test_pix_recon,0.0008041858673095703
shapley-20260606T021158Z-cfd9af2c,marginal,A,1,1,0.309505999997782,0.7089170217514038,0.6589384078979492,test_pix_recon,0.04997861385345459
shapley-20260606T021158Z-cfd9af2c,marginal,A,2,2,0.3687217999977292,0.6181531250476837,0.5653381645679474,test_pix_recon,0.05281496047973633
shapley-20260606T021158Z-cfd9af2c,marginal,A,3,3,0.4284461999959603,0.529774397611618,0.5012499839067459,test_pix_recon,0.02852441370487213
shapley-20260606T021158Z-cfd9af2c,marginal,A,4,4,0.4868352999947092,0.4797096699476242,0.4611189216375351,test_pix_recon,0.01859074831008911
shapley-20260606T021158Z-cfd9af2c,marginal,A,5,5,0.5469319999974687,0.4437578618526459,0.4288104176521301,test_pix_recon,0.014947444200515747
shapley-20260606T021158Z-cfd9af2c,marginal,A,6,6,0.6051208999961091,0.4175196290016174,0.406725138425827,test_pix_recon,0.01079449057579035
shapley-20260606T021158Z-cfd9af2c,marginal,A,7,7,0.664330899995548,0.3956741243600845,0.3898592442274093,test_pix_recon,0.005814880132675171
shapley-20260606T021158Z-cfd9af2c,marginal,A,8,8,0.7239215999943553,0.3795194923877716,0.3734676390886307,test_pix_recon,0.00605185329914093
shapley-20260606T021158Z-cfd9af2c,marginal,A,9,9,0.7874974999940605,0.3655074536800384,0.3626003861427307,test_pix_recon,0.0029070675373076837
shapley-20260606T021158Z-cfd9af2c,marginal,A,10,10,0.8498626999935368,0.3526501506567001,0.3510291874408722,test_pix_recon,0.0016209632158278864
shapley-20260606T021158Z-cfd9af2c,marginal,A,11,11,0.9101052999903914,0.3438340425491333,0.3439449220895767,test_pix_recon,-0.00011087954044342041
shapley-20260606T021158Z-cfd9af2c,marginal,A,12,12,0.9725173999904656,0.3405221104621887,0.3403206020593643,test_pix_recon,0.00020150840282440186
shapley-20260606T021158Z-cfd9af2c,marginal,A,13,13,1.033412099990528,0.3307220339775085,0.3308038860559463,test_pix_recon,-8.185207843780518e-05
shapley-20260606T021158Z-cfd9af2c,marginal,A,14,14,1.09567189999143,0.3242058455944061,0.3251408785581589,test_pix_recon,-0.0009350329637528021
shapley-20260606T021158Z-cfd9af2c,marginal,A,15,15,1.1566976999929466,0.3180230557918548,0.3200337886810303,test_pix_recon,-0.0020107328891754706
shapley-20260606T021158Z-cfd9af2c,marginal,A,16,16,1.2159590999908687,0.3147065192461014,0.3168611228466034,test_pix_recon,-0.002154603600502014
shapley-20260606T021158Z-cfd9af2c,marginal,A,17,17,1.276182499990682,0.3129875957965851,0.312197133898735,test_pix_recon,0.0007904618978500921
shapley-20260606T021158Z-cfd9af2c,marginal,A,18,18,1.3353905999938434,0.3066961914300918,0.3069339394569397,test_pix_recon,-0.00023774802684789487
shapley-20260606T021158Z-cfd9af2c,marginal,A,19,19,1.3953703999941354,0.3015839904546737,0.3043387085199356,test_pix_recon,-0.0027547180652618963
shapley-20260606T021158Z-cfd9af2c,marginal,A,20,20,1.4557379999932891,0.2991203367710113,0.3020471185445785,test_pix_recon,-0.0029267817735671997
shapley-20260606T021158Z-cfd9af2c,marginal,A,21,21,1.519908199992642,0.299431249499321,0.3007107675075531,test_pix_recon,-0.0012795180082321167
shapley-20260606T021158Z-cfd9af2c,marginal,A,22,22,1.5866398999896774,0.2967284172773361,0.2992312610149383,test_pix_recon,-0.0025028437376021784
shapley-20260606T021158Z-cfd9af2c,marginal,A,23,23,1.6480982999928528,0.2935907244682312,0.2978111952543258,test_pix_recon,-0.00422047078609461
shapley-20260606T021158Z-cfd9af2c,marginal,A,24,24,1.711854899993341,0.294926717877388,0.2970389723777771,test_pix_recon,-0.002112254500389099
shapley-20260606T021158Z-cfd9af2c,marginal,A,25,25,1.772502199994051,0.2931956201791763,0.2948598563671112,test_pix_recon,-0.001664236187934931
shapley-20260606T021158Z-cfd9af2c,marginal,A,26,26,1.8401176999941529,0.2896757125854492,0.2928267121315002,test_pix_recon,-0.00315099954605097
shapley-20260606T021158Z-cfd9af2c,marginal,A,27,27,1.90434309999182,0.2891138941049576,0.2910899370908737,test_pix_recon,-0.0019760429859161377
shapley-20260606T021158Z-cfd9af2c,marginal,A,28,28,1.9680521999944176,0.2868353128433227,0.2902438193559646,test_pix_recon,-0.0034085065126419067
shapley-20260606T021158Z-cfd9af2c,marginal,A,29,29,2.0268696999919484,0.2853373289108276,0.2886784374713897,test_pix_recon,-0.003341108560562134
shapley-20260606T021158Z-cfd9af2c,marginal,A,30,30,2.089548499992816,0.2858800888061523,0.2882066369056701,test_pix_recon,-0.0023265480995178223
shapley-20260606T021158Z-cfd9af2c,marginal,A,31,31,2.1566844999906607,0.2833779901266098,0.2869199365377426,test_pix_recon,-0.0035419464111328125
shapley-20260606T021158Z-cfd9af2c,marginal,A,32,32,2.221946199992089,0.2855342477560043,0.2856088578701019,test_pix_recon,-7.461011409759521e-05
shapley-20260606T021158Z-cfd9af2c,marginal,A,33,33,2.283723299991834,0.2865710705518722,0.2862634658813476,test_pix_recon,0.00030760467052459717
shapley-20260606T021158Z-cfd9af2c,marginal,A,34,34,2.3473621999910392,0.2825079709291458,0.2866509109735489,test_pix_recon,-0.004142940044403076
shapley-20260606T021158Z-cfd9af2c,marginal,A,35,35,2.4078492999906302,0.2816974520683288,0.2840667963027954,test_pix_recon,-0.0023693442344666082
shapley-20260606T021158Z-cfd9af2c,marginal,A,36,36,2.473609699991357,0.285580962896347,0.2860550731420517,test_pix_recon,-0.0004741102457047064
shapley-20260606T021158Z-cfd9af2c,marginal,A,37,37,2.536944799991033,0.2824408859014511,0.2848303318023681,test_pix_recon,-0.0023894459009169977
shapley-20260606T021158Z-cfd9af2c,marginal,A,38,38,2.595902399989427,0.2850973606109619,0.2855259627103805,test_pix_recon,-0.0004286020994185846
shapley-20260606T021158Z-cfd9af2c,marginal,A,39,39,2.657299399987096,0.2833648175001144,0.2833824306726455,test_pix_recon,-1.761317253112793e-05
shapley-20260606T021158Z-cfd9af2c,marginal,A,40,40,2.717480999985128,0.2827973514795303,0.2857973128557205,test_pix_recon,-0.002999961376190241
shapley-20260606T021158Z-cfd9af2c,marginal,A,41,41,2.78084749998743,0.2822981178760528,0.2848729789257049,test_pix_recon,-0.0025748610496520996
shapley-20260606T021158Z-cfd9af2c,marginal,A,42,42,2.83930349998991,0.2808506190776825,0.2845075130462646,test_pix_recon,-0.003656893968582098
shapley-20260606T021158Z-cfd9af2c,marginal,A,43,43,2.8981510999910824,0.2808788269758224,0.2880048155784607,test_pix_recon,-0.0071259886026383
shapley-20260606T021158Z-cfd9af2c,marginal,A,44,44,2.9619492999918293,0.282822236418724,0.2822377383708954,test_pix_recon,0.0005844980478286188
shapley-20260606T021158Z-cfd9af2c,marginal,A,45,45,3.0334176999931515,0.2792745530605316,0.2864276766777038,test_pix_recon,-0.007153123617172186
shapley-20260606T021158Z-cfd9af2c,marginal,A,46,46,3.0982022999924084,0.2799865901470184,0.2830771505832672,test_pix_recon,-0.003090560436248835
shapley-20260606T021158Z-cfd9af2c,marginal,A,47,47,3.1656005999902845,0.2832605242729187,0.2798367142677307,test_pix_recon,0.0034238100051879883
shapley-20260606T021158Z-cfd9af2c,marginal,A,48,48,3.23584289999053,0.2789915651082992,0.2797116339206695,test_pix_recon,-0.0007200688123703003
shapley-20260606T021158Z-cfd9af2c,marginal,A,49,49,3.2966626999914297,0.278852105140686,0.2827064394950866,test_pix_recon,-0.0038543343544006348
shapley-20260606T021158Z-cfd9af2c,marginal,A,50,50,3.3612737999901583,0.283932700753212,0.2827509194612503,test_pix_recon,0.00118178129196167
shapley-20260606T021158Z-cfd9af2c,marginal,A,51,51,3.4259186999879603,0.2809294462203979,0.2835835814476013,test_pix_recon,-0.0026541352272034247
shapley-20260606T021158Z-cfd9af2c,marginal,A,52,52,3.496027299985144,0.2778319418430328,0.281642273068428,test_pix_recon,-0.0038103312253952026
shapley-20260606T021158Z-cfd9af2c,marginal,A,53,53,3.5669685999855574,0.2808848619461059,0.2839270979166031,test_pix_recon,-0.003042235970497187
shapley-20260606T021158Z-cfd9af2c,marginal,A,54,54,3.6343199999864737,0.2790444195270538,0.286125898361206,test_pix_recon,-0.007081478834152222
shapley-20260606T021158Z-cfd9af2c,marginal,A,55,55,3.701177499984624,0.2770273089408874,0.2814370691776275,test_pix_recon,-0.004409760236740112
shapley-20260606T021158Z-cfd9af2c,marginal,A,56,56,3.763910399986344,0.2786461561918258,0.2845692932605743,test_pix_recon,-0.005923137068748474
shapley-20260606T021158Z-cfd9af2c,marginal,A,57,57,3.827679299985903,0.2802598774433136,0.2881887853145599,test_pix_recon,-0.007928907871246282
shapley-20260606T021158Z-cfd9af2c,marginal,A,58,58,3.886829599985504,0.2820174098014831,0.2844026982784271,test_pix_recon,-0.0023852884769440252
shapley-20260606T021158Z-cfd9af2c,marginal,A,59,59,3.9487609999850974,0.2826719284057617,0.2848447412252426,test_pix_recon,-0.002172812819480896
shapley-20260606T021158Z-cfd9af2c,marginal,A,60,60,4.015185399985057,0.2828427851200104,0.2845993340015411,test_pix_recon,-0.0017565488815307062
shapley-20260606T021158Z-cfd9af2c,marginal,A,61,61,4.0789480999847,0.2844390422105789,0.2859822958707809,test_pix_recon,-0.0015432536602019709
shapley-20260606T021158Z-cfd9af2c,marginal,A,62,62,4.139136099984171,0.2829205244779587,0.2853961437940597,test_pix_recon,-0.0024756193161010187
shapley-20260606T021158Z-cfd9af2c,marginal,A,63,63,4.20532379998258,0.2841856628656387,0.2860918641090393,test_pix_recon,-0.0019062012434006292
shapley-20260606T021158Z-cfd9af2c,marginal,A,64,64,4.271909999984928,0.2830632925033569,0.2832982838153839,test_pix_recon,-0.00023499131202703305
shapley-20260606T021158Z-cfd9af2c,marginal,A,65,65,4.332386899983248,0.2803352773189544,0.2841247171163559,test_pix_recon,-0.0037894397974014837
shapley-20260606T021158Z-cfd9af2c,marginal,A,66,66,4.394049199981964,0.2806924283504486,0.2887385785579681,test_pix_recon,-0.008046150207519476
shapley-20260606T021158Z-cfd9af2c,marginal,A,67,67,4.457931699980691,0.2863728553056717,0.2839314490556717,test_pix_recon,0.00244140625
shapley-20260606T021158Z-cfd9af2c,marginal,A,68,68,4.518744099983451,0.2887181639671325,0.2874045521020889,test_pix_recon,0.0013136118650436401
shapley-20260606T021158Z-cfd9af2c,marginal,A,69,69,4.585832699984167,0.2850514948368072,0.2852519154548645,test_pix_recon,-0.0002004206180573065
shapley-20260606T021158Z-cfd9af2c,marginal,A,70,70,4.645570999982738,0.2863139659166336,0.2863095998764038,test_pix_recon,4.366040229797363e-06
shapley-20260606T021158Z-cfd9af2c,marginal,A,71,71,4.70498839998254,0.2879860699176788,0.2855406552553177,test_pix_recon,0.0024454146623610895
shapley-20260606T021158Z-cfd9af2c,marginal,A,72,72,4.767226299984031,0.2864864468574524,0.2869613766670227,test_pix_recon,-0.0004749298095703125
shapley-20260606T021158Z-cfd9af2c,marginal,A,73,73,4.832761199984816,0.2919376343488693,0.2896342277526855,test_pix_recon,0.0023034065961838324
shapley-20260606T021158Z-cfd9af2c,marginal,A,74,74,4.895091499984119,0.2874699085950851,0.2882668077945709,test_pix_recon,-0.0007968991994858343
shapley-20260606T021158Z-cfd9af2c,marginal,A,75,75,4.954530799983331,0.2918191850185394,0.2859353125095367,test_pix_recon,0.0058838725090026855
shapley-20260606T021158Z-cfd9af2c,marginal,A,76,76,5.013212499983638,0.2900132834911346,0.2900864481925964,test_pix_recon,-7.316470146179199e-05
shapley-20260606T021158Z-cfd9af2c,marginal,A,77,77,5.072468999984267,0.2867405265569687,0.2920982986688614,test_pix_recon,-0.0053577721118927
shapley-20260606T021158Z-cfd9af2c,marginal,A,78,78,5.13534889998482,0.2891556620597839,0.2934243381023407,test_pix_recon,-0.004268676042556818
shapley-20260606T021158Z-cfd9af2c,marginal,A,79,79,5.199261299985665,0.2919907718896866,0.2953263968229294,test_pix_recon,-0.003335624933242798
shapley-20260606T021158Z-cfd9af2c,marginal,A,80,80,5.263158499987185,0.2933149188756943,0.2915734052658081,test_pix_recon,0.0017415136098861694
shapley-20260606T021158Z-cfd9af2c,marginal,A,81,81,5.329492599987134,0.2932469993829727,0.293278694152832,test_pix_recon,-3.1694769859258454e-05
shapley-20260606T021158Z-cfd9af2c,marginal,A,82,82,5.390934699989884,0.2953616976737976,0.2942802309989929,test_pix_recon,0.0010814666748046875
shapley-20260606T021158Z-cfd9af2c,marginal,A,83,83,5.452262399991014,0.2932167798280716,0.2910546213388443,test_pix_recon,0.002162158489227295
shapley-20260606T021158Z-cfd9af2c,marginal,A,84,84,5.512538599989057,0.3011363744735718,0.2935600727796554,test_pix_recon,0.007576301693916376
shapley-20260606T021158Z-cfd9af2c,marginal,A,85,85,5.572196199991595,0.2959986925125122,0.2907027751207351,test_pix_recon,0.005295917391777094
shapley-20260606T021158Z-cfd9af2c,marginal,A,86,86,5.633594299990364,0.2954058796167373,0.2953597456216812,test_pix_recon,4.613399505609683e-05
shapley-20260606T021158Z-cfd9af2c,marginal,A,87,87,5.694751799990627,0.2958448529243469,0.2986007481813431,test_pix_recon,-0.002755895256996155
shapley-20260606T021158Z-cfd9af2c,marginal,A,88,88,5.754141699988395,0.2999769151210785,0.2964751422405243,test_pix_recon,0.0035017728805541992
shapley-20260606T021158Z-cfd9af2c,marginal,A,89,89,5.817614899988257,0.3012641370296478,0.302321583032608,test_pix_recon,-0.0010574460029601496
shapley-20260606T021158Z-cfd9af2c,marginal,A,90,90,5.885456899985002,0.2962153702974319,0.2997069656848907,test_pix_recon,-0.0034915953874588013
shapley-20260606T021158Z-cfd9af2c,marginal,A,91,91,5.947811399983038,0.2985775917768478,0.2981281280517578,test_pix_recon,0.00044946372508997134
shapley-20260606T021158Z-cfd9af2c,marginal,A,92,92,6.0116690999821,0.2949132472276687,0.3029224872589111,test_pix_recon,-0.00800924003124237
shapley-20260606T021158Z-cfd9af2c,marginal,A,93,93,6.0762648999843805,0.2971894145011902,0.2945290356874466,test_pix_recon,0.0026603788137435913
shapley-20260606T021158Z-cfd9af2c,marginal,A,94,94,6.141638699984469,0.2966313809156418,0.3004235774278641,test_pix_recon,-0.00379219651222229
shapley-20260606T021158Z-cfd9af2c,marginal,A,95,95,6.207254399985686,0.2999706864356994,0.3011155873537063,test_pix_recon,-0.001144900918006897
shapley-20260606T021158Z-cfd9af2c,marginal,A,96,96,6.273468899984437,0.301862820982933,0.3016140460968017,test_pix_recon,0.0002487748861312866
shapley-20260606T021158Z-cfd9af2c,marginal,A,97,97,6.3380326999867975,0.2991022318601608,0.3001262247562408,test_pix_recon,-0.0010239928960799616
shapley-20260606T021158Z-cfd9af2c,marginal,A,98,98,6.402702099989256,0.3077398389577865,0.3044667541980743,test_pix_recon,0.0032730847597122192
shapley-20260606T021158Z-cfd9af2c,marginal,A,99,99,6.468164599991724,0.304321601986885,0.3073545098304748,test_pix_recon,-0.0030329078435897827
shapley-20260606T021158Z-cfd9af2c,marginal,A,100,100,6.530547899994417,0.3050634413957596,0.3086539059877395,test_pix_recon,-0.003590464591979925
shapley-20260606T021158Z-cfd9af2c,marginal,A,101,101,6.596158099993772,0.3054860681295395,0.3059525489807129,test_pix_recon,-0.0004664808511734009
shapley-20260606T021158Z-cfd9af2c,marginal,A,102,102,6.661936799995601,0.3021599799394607,0.300260990858078,test_pix_recon,0.001898989081382696
shapley-20260606T021158Z-cfd9af2c,marginal,A,103,103,6.726839199993265,0.3022590428590774,0.3138052076101303,test_pix_recon,-0.011546164751052912
shapley-20260606T021158Z-cfd9af2c,marginal,A,104,104,6.789898999992147,0.3128685802221298,0.3018390834331512,test_pix_recon,0.011029496788978632
shapley-20260606T021158Z-cfd9af2c,marginal,A,105,105,6.854746899993188,0.3007573336362839,0.3183605819940567,test_pix_recon,-0.017603248357772827
shapley-20260606T021158Z-cfd9af2c,marginal,A,106,106,6.916977599990787,0.3082533180713653,0.3091501146554947,test_pix_recon,-0.000896796584129389
shapley-20260606T021158Z-cfd9af2c,marginal,A,107,107,6.981029899990972,0.3065872490406036,0.3102454245090484,test_pix_recon,-0.0036581754684448242
shapley-20260606T021158Z-cfd9af2c,marginal,A,108,108,7.042867499993008,0.3084680736064911,0.3131420761346817,test_pix_recon,-0.004674002528190613
shapley-20260606T021158Z-cfd9af2c,marginal,A,109,109,7.104516899991722,0.3127330392599106,0.3191352039575577,test_pix_recon,-0.006402164697647095
shapley-20260606T021158Z-cfd9af2c,marginal,A,110,110,7.168020399989473,0.3119961321353912,0.3119113594293594,test_pix_recon,8.477270603179932e-05
shapley-20260606T021158Z-cfd9af2c,marginal,A,111,111,7.23079959999086,0.3116671741008758,0.314527302980423,test_pix_recon,-0.0028601288795471747
shapley-20260606T021158Z-cfd9af2c,marginal,A,112,112,7.298766799991426,0.3114897310733795,0.3133083283901214,test_pix_recon,-0.0018185973167418878
shapley-20260606T021158Z-cfd9af2c,marginal,A,113,113,7.369584899992333,0.3113575577735901,0.3180882334709167,test_pix_recon,-0.006730675697326605
shapley-20260606T021158Z-cfd9af2c,marginal,A,114,114,7.4377054999931715,0.3135804831981659,0.3136471509933471,test_pix_recon,-6.66677951812189e-05
shapley-20260606T021158Z-cfd9af2c,marginal,A,115,115,7.508259599995654,0.3152227401733398,0.3191956430673599,test_pix_recon,-0.003972902894020136
shapley-20260606T021158Z-cfd9af2c,marginal,A,116,116,7.577590499993676,0.3153304904699325,0.3176434636116028,test_pix_recon,-0.0023129731416702826
shapley-20260606T021158Z-cfd9af2c,marginal,A,117,117,7.646549899996899,0.3188722431659698,0.318264827132225,test_pix_recon,0.000607416033744812
shapley-20260606T021158Z-cfd9af2c,marginal,A,118,118,7.710550499996316,0.3150307834148407,0.3219217807054519,test_pix_recon,-0.006890997290611212
shapley-20260606T021158Z-cfd9af2c,marginal,A,119,119,7.780780199995206,0.3195951879024505,0.3220712095499038,test_pix_recon,-0.002476021647453308
shapley-20260606T021158Z-cfd9af2c,marginal,A,120,120,7.846319499996753,0.323962539434433,0.3199494779109955,test_pix_recon,0.0040130615234375
shapley-20260606T021158Z-cfd9af2c,marginal,A,121,121,7.915170599997509,0.3227679878473282,0.3272085189819336,test_pix_recon,-0.004440531134605408
shapley-20260606T021158Z-cfd9af2c,marginal,A,122,122,7.978013899995858,0.323373943567276,0.3250267505645752,test_pix_recon,-0.0016528069972991943
shapley-20260606T021158Z-cfd9af2c,marginal,A,123,123,8.041153099995427,0.3261853903532028,0.3303615301847458,test_pix_recon,-0.004176139831542969
shapley-20260606T021158Z-cfd9af2c,marginal,A,124,124,8.107110099994316,0.3232112526893616,0.333319827914238,test_pix_recon,-0.010108575224876404
shapley-20260606T021158Z-cfd9af2c,marginal,A,125,125,8.183437499996217,0.3284197747707367,0.3339813947677612,test_pix_recon,-0.005561619997024481
shapley-20260606T021158Z-cfd9af2c,marginal,A,126,126,8.251375799995003,0.3337377458810806,0.3267934769392013,test_pix_recon,0.006944268941879328
shapley-20260606T021158Z-cfd9af2c,marginal,A,127,127,8.31769579999309,0.3272565454244613,0.331670194864273,test_pix_recon,-0.0044136494398117065
shapley-20260606T021158Z-cfd9af2c,marginal,A,128,128,8.388282199994137,0.3304585516452789,0.3248131722211838,test_pix_recon,0.005645379424095098
shapley-20260606T021158Z-cfd9af2c,marginal,A,129,129,8.4602759999907,0.3209130465984344,0.3278823941946029,test_pix_recon,-0.006969347596168518
shapley-20260606T021158Z-cfd9af2c,marginal,A,130,130,8.54579489999378,0.3274725526571274,0.3274420350790024,test_pix_recon,3.0517578125e-05
shapley-20260606T021158Z-cfd9af2c,marginal,A,131,131,8.638173399991501,0.3255009651184082,0.327427789568901,test_pix_recon,-0.0019268244504928034
shapley-20260606T021158Z-cfd9af2c,marginal,A,132,132,8.729980899988732,0.3254404813051224,0.3216474056243896,test_pix_recon,0.0037930756807327826
shapley-20260606T021158Z-cfd9af2c,marginal,A,133,133,8.814299099987693,0.3221158385276794,0.3313455134630203,test_pix_recon,-0.009229674935340937
shapley-20260606T021158Z-cfd9af2c,marginal,A,134,134,8.898978999986866,0.3217830955982208,0.3252313137054443,test_pix_recon,-0.0034482181072234552
shapley-20260606T021158Z-cfd9af2c,marginal,A,135,135,8.966691499987064,0.3205553591251373,0.3249227702617645,test_pix_recon,-0.004367411136627253
shapley-20260606T021158Z-cfd9af2c,marginal,A,136,136,9.028307099986703,0.3202051967382431,0.3243779689073562,test_pix_recon,-0.004172772169113104
shapley-20260606T021158Z-cfd9af2c,marginal,A,137,137,9.091436899987457,0.321843147277832,0.3221452683210373,test_pix_recon,-0.00030212104320531674
shapley-20260606T021158Z-cfd9af2c,marginal,A,138,138,9.153888499986351,0.3217910826206207,0.326875239610672,test_pix_recon,-0.0050841569900512695
shapley-20260606T021158Z-cfd9af2c,marginal,A,139,139,9.21851619998779,0.3208614140748977,0.3253663927316665,test_pix_recon,-0.004504978656768799
shapley-20260606T021158Z-cfd9af2c,marginal,A,140,140,9.28623209998841,0.3205112516880035,0.3218529373407364,test_pix_recon,-0.0013416856527329046
shapley-20260606T021158Z-cfd9af2c,marginal,A,141,141,9.35153649998756,0.3215526044368744,0.3240003436803818,test_pix_recon,-0.0024477392435073853
shapley-20260606T021158Z-cfd9af2c,marginal,A,142,142,9.4170774999875,0.3189151734113693,0.3240546882152557,test_pix_recon,-0.005139514803886358
shapley-20260606T021158Z-cfd9af2c,marginal,A,143,143,9.482131699987804,0.3203921020030975,0.3226294070482254,test_pix_recon,-0.002237305045127924
shapley-20260606T021158Z-cfd9af2c,marginal,A,144,144,9.54469119998612,0.3219036012887954,0.3225640803575516,test_pix_recon,-0.000660479068756159
shapley-20260606T021158Z-cfd9af2c,marginal,A,145,145,9.60829799998828,0.3208949863910675,0.3237762898206711,test_pix_recon,-0.0028813034296035767
shapley-20260606T021158Z-cfd9af2c,marginal,A,146,146,9.675659199987422,0.3191407918930053,0.3216331601142883,test_pix_recon,-0.002492368221282959
shapley-20260606T021158Z-cfd9af2c,marginal,A,147,147,9.7407482999879,0.3198572993278503,0.3209477216005325,test_pix_recon,-0.00109042227268219
shapley-20260606T021158Z-cfd9af2c,marginal,A,148,148,9.802991399988969,0.3195907026529312,0.3199740946292877,test_pix_recon,-0.00038339197635650635
shapley-20260606T021158Z-cfd9af2c,marginal,A,149,149,9.86622909998914,0.319148451089859,0.3216527998447418,test_pix_recon,-0.0025043487548828125
shapley-20260606T021158Z-cfd9af2c,marginal,A,150,150,9.938762999991011,0.319024309515953,0.3196184486150741,test_pix_recon,-0.0005941390991210938
shapley-20260606T021158Z-cfd9af2c,marginal,A,151,151,10.003663099989351,0.3191287517547607,0.3183752298355102,test_pix_recon,0.0007535219192504883
shapley-20260606T021158Z-cfd9af2c,marginal,A,152,152,10.069106799986912,0.3192077875137329,0.3191082030534744,test_pix_recon,9.958446025848389e-05
shapley-20260606T021158Z-cfd9af2c,marginal,A,153,153,10.136051999987105,0.3182197511196136,0.3193764835596084,test_pix_recon,-0.001156732439994812
shapley-20260606T021158Z-cfd9af2c,marginal,A,154,154,10.203412799986836,0.3183891177177429,0.3195199966430664,test_pix_recon,-0.0011308789253234863
shapley-20260606T021158Z-cfd9af2c,marginal,A,155,155,10.273001499987004,0.3182595372200012,0.3206590414047241,test_pix_recon,-0.0023995041847229004
shapley-20260606T021158Z-cfd9af2c,marginal,A,156,156,10.336870299986913,0.3176655769348144,0.3203431516885757,test_pix_recon,-0.0026775747537612915
shapley-20260606T021158Z-cfd9af2c,marginal,A,157,157,10.403362499986542,0.3168592303991318,0.3200928270816803,test_pix_recon,-0.003233596682548523
shapley-20260606T021158Z-cfd9af2c,marginal,A,158,158,10.4684728999855,0.316707119345665,0.3209299445152282,test_pix_recon,-0.004222825169563238
shapley-20260606T021158Z-cfd9af2c,marginal,A,159,159,10.537362199986092,0.3169919103384018,0.321107417345047,test_pix_recon,-0.004115507006645203
shapley-20260606T021158Z-cfd9af2c,marginal,A,160,160,10.602711399988038,0.3176111429929733,0.3210867345333099,test_pix_recon,-0.0034755915403365534
shapley-20260606T021158Z-cfd9af2c,marginal,A,161,161,10.674323499988532,0.3181105554103851,0.3201408237218857,test_pix_recon,-0.002030268311500605
shapley-20260606T021158Z-cfd9af2c,marginal,A,162,162,10.744916199990255,0.3182402700185776,0.3193269968032837,test_pix_recon,-0.0010867267847061157
shapley-20260606T021158Z-cfd9af2c,marginal,A,163,163,10.812523399989004,0.3177350610494613,0.318768635392189,test_pix_recon,-0.0010335743427277166
shapley-20260606T021158Z-cfd9af2c,marginal,A,164,164,10.878685099989523,0.3176341652870178,0.3189614713191986,test_pix_recon,-0.0013273060321807861
shapley-20260606T021158Z-cfd9af2c,marginal,A,165,165,10.94635909999124,0.3176600039005279,0.3188347518444061,test_pix_recon,-0.0011747479438781738
shapley-20260606T021158Z-cfd9af2c,marginal,A,166,166,11.010531499989156,0.3176299482583999,0.3190248310565948,test_pix_recon,-0.0013948827981948853
shapley-20260606T021158Z-cfd9af2c,marginal,A,167,167,11.076138099990205,0.317556694149971,0.3191490620374679,test_pix_recon,-0.0015923678874968927
shapley-20260606T021158Z-cfd9af2c,marginal,A,168,168,11.14332919998924,0.3174967318773269,0.3190006762742996,test_pix_recon,-0.0015039443969727118
shapley-20260606T021158Z-cfd9af2c,marginal,A,169,169,11.20901499998945,0.3174234628677368,0.3188521414995193,test_pix_recon,-0.0014286786317824762
shapley-20260606T021158Z-cfd9af2c,marginal,A,170,170,11.273924999990411,0.3174002468585968,0.3188620656728744,test_pix_recon,-0.0014618188142775934
shapley-20260606T021158Z-cfd9af2c,marginal,A,171,171,11.336658599990187,0.3173305243253708,0.3187791407108307,test_pix_recon,-0.0014486163854599
shapley-20260606T021158Z-cfd9af2c,marginal,A,172,172,11.40009929998996,0.3174589276313782,0.3189605474472046,test_pix_recon,-0.001501619815826416
shapley-20260606T021158Z-cfd9af2c,marginal,A,173,173,11.46713469999304,0.3175659030675888,0.3191512525081634,test_pix_recon,-0.0015853494405745905
shapley-20260606T021158Z-cfd9af2c,marginal,A,174,174,11.535625599994091,0.3177484422922134,0.3191237151622772,test_pix_recon,-0.0013752728700638372
shapley-20260606T021158Z-cfd9af2c,marginal,A,175,175,11.605691299992031,0.3176291882991791,0.3191173374652862,test_pix_recon,-0.0014881491661071222
shapley-20260606T021158Z-cfd9af2c,marginal,A,176,176,11.66839199999231,0.3175011873245239,0.3192351162433624,test_pix_recon,-0.001733928918838501
shapley-20260606T021158Z-cfd9af2c,marginal,A,177,177,11.731536899995264,0.3174085319042206,0.3191421777009964,test_pix_recon,-0.0017336457967758179
shapley-20260606T021158Z-cfd9af2c,marginal,A,178,178,11.797396599995407,0.317432552576065,0.3188909143209457,test_pix_recon,-0.0014583617448806763
shapley-20260606T021158Z-cfd9af2c,marginal,A,179,179,11.859241899994233,0.3175761103630066,0.3187770694494247,test_pix_recon,-0.0012009590864180963
shapley-20260606T021158Z-cfd9af2c,marginal,A,180,180,11.923976599991876,0.3176735639572143,0.3187403231859207,test_pix_recon,-0.0010667592287064154
shapley-20260606T021158Z-cfd9af2c,marginal,A,181,181,11.986569499989857,0.3177554160356521,0.3187453001737594,test_pix_recon,-0.0009898841381072998
shapley-20260606T021158Z-cfd9af2c,marginal,A,182,182,12.053489299989453,0.3177466988563537,0.3188340216875076,test_pix_recon,-0.0010873228311538696
shapley-20260606T021158Z-cfd9af2c,marginal,A,183,183,12.119539199989958,0.3176126480102539,0.3188105672597885,test_pix_recon,-0.001197919249534607
shapley-20260606T021158Z-cfd9af2c,marginal,A,184,184,12.18714289998752,0.3176208734512329,0.3187244534492492,test_pix_recon,-0.001103579998016302
shapley-20260606T021158Z-cfd9af2c,marginal,A,185,185,12.2524392999876,0.3175612986087799,0.3186342418193817,test_pix_recon,-0.0010729432106018066
shapley-20260606T021158Z-cfd9af2c,marginal,A,186,186,12.324583499987057,0.31743223965168,0.3185411840677261,test_pix_recon,-0.001108944416046087
shapley-20260606T021158Z-cfd9af2c,marginal,A,187,187,12.391885199987884,0.3172803819179535,0.3184662014245987,test_pix_recon,-0.0011858195066452026
shapley-20260606T021158Z-cfd9af2c,marginal,A,188,188,12.463903099986055,0.3170615136623382,0.318381056189537,test_pix_recon,-0.0013195425271987915
shapley-20260606T021158Z-cfd9af2c,marginal,A,189,189,12.53215529998488,0.3169189393520355,0.3183033466339111,test_pix_recon,-0.0013844072818755548
shapley-20260606T021158Z-cfd9af2c,marginal,A,190,190,12.60031069998513,0.316874235868454,0.3183412402868271,test_pix_recon,-0.001467004418373108
shapley-20260606T021158Z-cfd9af2c,marginal,A,191,191,12.66860279998582,0.3169846832752228,0.3184270858764648,test_pix_recon,-0.00144240260124201
shapley-20260606T021158Z-cfd9af2c,marginal,A,192,192,12.738694599986047,0.3170057386159897,0.3184999674558639,test_pix_recon,-0.001494228839874212
shapley-20260606T021158Z-cfd9af2c,marginal,A,193,193,12.802970399985496,0.3169370591640472,0.3185571283102035,test_pix_recon,-0.001620069146156311
shapley-20260606T021158Z-cfd9af2c,marginal,A,194,194,12.86794069998723,0.3168772011995315,0.3186295628547668,test_pix_recon,-0.0017523616552352905
shapley-20260606T021158Z-cfd9af2c,marginal,A,195,195,12.93008659998668,0.3168549984693527,0.3186982572078705,test_pix_recon,-0.0018432587385177612
shapley-20260606T021158Z-cfd9af2c,marginal,A,196,196,12.99480569998559,0.3168437480926513,0.3186640590429306,test_pix_recon,-0.0018203109502792914
shapley-20260606T021158Z-cfd9af2c,marginal,A,197,197,13.05733449998661,0.3168642967939377,0.3186427503824234,test_pix_recon,-0.0017784535884857178
shapley-20260606T021158Z-cfd9af2c,marginal,A,198,198,13.125125999988086,0.316884770989418,0.3185863941907882,test_pix_recon,-0.0017016232013702393
shapley-20260606T021158Z-cfd9af2c,marginal,A,199,199,13.19132629998785,0.3168556243181228,0.3185519576072693,test_pix_recon,-0.0016963332891464789
shapley-20260606T021222Z-ff3a2d3c,conditional,A,0,0,0.2544884999988426,0.8652253150939941,0.8356744647026062,test_pix_recon,0.02955085039138794
shapley-20260606T021222Z-ff3a2d3c,conditional,A,1,1,0.3143003999975917,0.6558150351047516,0.6589384078979492,test_pix_recon,-0.003123372793197632
shapley-20260606T021222Z-ff3a2d3c,conditional,A,2,2,0.375339599995641,0.5687176585197449,0.5653381645679474,test_pix_recon,0.0033794939517974854
shapley-20260606T021222Z-ff3a2d3c,conditional,A,3,3,0.4341014999954495,0.5069970637559891,0.5012499839067459,test_pix_recon,0.005747079849243164
shapley-20260606T021222Z-ff3a2d3c,conditional,A,4,4,0.4941585999949893,0.462126761674881,0.4611189216375351,test_pix_recon,0.0010078400373458862
shapley-20260606T021222Z-ff3a2d3c,conditional,A,5,5,0.5556510999958846,0.434461772441864,0.4288104176521301,test_pix_recon,0.005651354789733887
shapley-20260606T021222Z-ff3a2d3c,conditional,A,6,6,0.6166050999963772,0.4089954346418381,0.406725138425827,test_pix_recon,0.0022702962160110474
shapley-20260606T021222Z-ff3a2d3c,conditional,A,7,7,0.6782691999978852,0.3875579982995987,0.3898592442274093,test_pix_recon,-0.0023012459278106134
shapley-20260606T021222Z-ff3a2d3c,conditional,A,8,8,0.740891699999338,0.3695388287305832,0.3734676390886307,test_pix_recon,-0.003928810358047485
shapley-20260606T021222Z-ff3a2d3c,conditional,A,9,9,0.8039136000006692,0.3535812646150589,0.3626003861427307,test_pix_recon,-0.009019121527671814
shapley-20260606T021222Z-ff3a2d3c,conditional,A,10,10,0.8629488000005949,0.3423711210489273,0.3510291874408722,test_pix_recon,-0.008658066391944885
shapley-20260606T021222Z-ff3a2d3c,conditional,A,11,11,0.9229162000010548,0.3344433009624481,0.3439449220895767,test_pix_recon,-0.009501621127128601
shapley-20260606T021222Z-ff3a2d3c,conditional,A,12,12,0.9849291000027732,0.3325935006141662,0.3403206020593643,test_pix_recon,-0.007727101445198115
shapley-20260606T021222Z-ff3a2d3c,conditional,A,13,13,1.0456073000023025,0.3243939876556396,0.3308038860559463,test_pix_recon,-0.006409898400306702
shapley-20260606T021222Z-ff3a2d3c,conditional,A,14,14,1.1093837000044005,0.317760482430458,0.3251408785581589,test_pix_recon,-0.007380396127700861
shapley-20260606T021222Z-ff3a2d3c,conditional,A,15,15,1.1710091000022658,0.3118348866701126,0.3200337886810303,test_pix_recon,-0.008198902010917664
shapley-20260606T021222Z-ff3a2d3c,conditional,A,16,16,1.2312721000016609,0.3096546977758407,0.3168611228466034,test_pix_recon,-0.00720642507076269
shapley-20260606T021222Z-ff3a2d3c,conditional,A,17,17,1.2908796000010625,0.3076596409082412,0.312197133898735,test_pix_recon,-0.004537492990493774
shapley-20260606T021222Z-ff3a2d3c,conditional,A,18,18,1.354940400000487,0.3027223348617553,0.3069339394569397,test_pix_recon,-0.004211604595184382
shapley-20260606T021222Z-ff3a2d3c,conditional,A,19,19,1.4167292000020095,0.2982926964759826,0.3043387085199356,test_pix_recon,-0.006046012043952997
shapley-20260606T021222Z-ff3a2d3c,conditional,A,20,20,1.4806052999992971,0.2960796505212784,0.3020471185445785,test_pix_recon,-0.005967468023300115
shapley-20260606T021222Z-ff3a2d3c,conditional,A,21,21,1.5394544999981008,0.2957335114479065,0.3007107675075531,test_pix_recon,-0.0049772560596466064
shapley-20260606T021222Z-ff3a2d3c,conditional,A,22,22,1.602846399997361,0.2952404022216797,0.2992312610149383,test_pix_recon,-0.0039908587932586115
shapley-20260606T021222Z-ff3a2d3c,conditional,A,23,23,1.6656437999954503,0.2905135303735733,0.2978111952543258,test_pix_recon,-0.007297664880752508
shapley-20260606T021222Z-ff3a2d3c,conditional,A,24,24,1.727792999998201,0.2900820225477218,0.2970389723777771,test_pix_recon,-0.006956949830055292
shapley-20260606T021222Z-ff3a2d3c,conditional,A,25,25,1.7942125999979908,0.2880448698997497,0.2948598563671112,test_pix_recon,-0.006814986467361506
shapley-20260606T021222Z-ff3a2d3c,conditional,A,26,26,1.86644829999932,0.2869755178689956,0.2928267121315002,test_pix_recon,-0.005851194262504578
shapley-20260606T021222Z-ff3a2d3c,conditional,A,27,27,1.9306623999982548,0.285337895154953,0.2910899370908737,test_pix_recon,-0.005752041935920715
shapley-20260606T021222Z-ff3a2d3c,conditional,A,28,28,1.991301400001248,0.2854442149400711,0.2902438193559646,test_pix_recon,-0.004799604415893499
shapley-20260606T021222Z-ff3a2d3c,conditional,A,29,29,2.05685799999992,0.2895746976137161,0.2886784374713897,test_pix_recon,0.0008962601423264105
shapley-20260606T021222Z-ff3a2d3c,conditional,A,30,30,2.12029099999927,0.2858582884073257,0.2882066369056701,test_pix_recon,-0.0023483484983444214
shapley-20260606T021222Z-ff3a2d3c,conditional,A,31,31,2.181147499999497,0.2828328907489776,0.2869199365377426,test_pix_recon,-0.004087045788765009
shapley-20260606T021222Z-ff3a2d3c,conditional,A,32,32,2.241106299999956,0.2850571572780609,0.2856088578701019,test_pix_recon,-0.0005517005920409601
shapley-20260606T021222Z-ff3a2d3c,conditional,A,33,33,2.3010871000005864,0.281916856765747,0.2862634658813476,test_pix_recon,-0.004346609115600586
shapley-20260606T021222Z-ff3a2d3c,conditional,A,34,34,2.367528500002664,0.2801525741815567,0.2866509109735489,test_pix_recon,-0.0064983367919921875
shapley-20260606T021222Z-ff3a2d3c,conditional,A,35,35,2.4305061000013666,0.2794319540262222,0.2840667963027954,test_pix_recon,-0.004634842276573237
shapley-20260606T021222Z-ff3a2d3c,conditional,A,36,36,2.4919426000014937,0.2840380072593689,0.2860550731420517,test_pix_recon,-0.0020170658826828003
shapley-20260606T021222Z-ff3a2d3c,conditional,A,37,37,2.555518100001791,0.2809399217367172,0.2848303318023681,test_pix_recon,-0.0038904100656508844
shapley-20260606T021222Z-ff3a2d3c,conditional,A,38,38,2.618877300003078,0.2796771377325058,0.2855259627103805,test_pix_recon,-0.0058488249778747
shapley-20260606T021222Z-ff3a2d3c,conditional,A,39,39,2.6801777000000584,0.2798184603452682,0.2833824306726455,test_pix_recon,-0.0035639703273773193
shapley-20260606T021222Z-ff3a2d3c,conditional,A,40,40,2.741738799999439,0.2787209749221802,0.2857973128557205,test_pix_recon,-0.007076337933540344
shapley-20260606T021222Z-ff3a2d3c,conditional,A,41,41,2.8085509999982605,0.2782119512557983,0.2848729789257049,test_pix_recon,-0.006661027669906616
shapley-20260606T021222Z-ff3a2d3c,conditional,A,42,42,2.8692068999989715,0.2840520441532135,0.2845075130462646,test_pix_recon,-0.00045546889305109195
shapley-20260606T021222Z-ff3a2d3c,conditional,A,43,43,2.930378599998221,0.2832071036100387,0.2880048155784607,test_pix_recon,-0.0047977119684219915
shapley-20260606T021222Z-ff3a2d3c,conditional,A,44,44,2.993605799998477,0.28287473320961,0.2822377383708954,test_pix_recon,0.0006369948387145996
shapley-20260606T021222Z-ff3a2d3c,conditional,A,45,45,3.053649900000892,0.2796836644411087,0.2864276766777038,test_pix_recon,-0.006744012236595098
shapley-20260606T021222Z-ff3a2d3c,conditional,A,46,46,3.1141607999998087,0.2821383029222488,0.2830771505832672,test_pix_recon,-0.0009388476610184271
shapley-20260606T021222Z-ff3a2d3c,conditional,A,47,47,3.1755553999973927,0.2801781892776489,0.2798367142677307,test_pix_recon,0.0003414750099182129
shapley-20260606T021222Z-ff3a2d3c,conditional,A,48,48,3.236614199999167,0.2797278612852096,0.2797116339206695,test_pix_recon,1.6227364540100098e-05
shapley-20260606T021222Z-ff3a2d3c,conditional,A,49,49,3.298812799999723,0.2799722105264663,0.2827064394950866,test_pix_recon,-0.0027342289686203003
shapley-20260606T021222Z-ff3a2d3c,conditional,A,50,50,3.359750499999791,0.2754109501838684,0.2827509194612503,test_pix_recon,-0.007339969277381897
shapley-20260606T021222Z-ff3a2d3c,conditional,A,51,51,3.419191900000442,0.2763938307762146,0.2835835814476013,test_pix_recon,-0.007189750671386719
shapley-20260606T021222Z-ff3a2d3c,conditional,A,52,52,3.4816178000000946,0.2785904854536056,0.281642273068428,test_pix_recon,-0.0030517876148223877
shapley-20260606T021222Z-ff3a2d3c,conditional,A,53,53,3.542681200000516,0.2773643285036087,0.2839270979166031,test_pix_recon,-0.006562769412994385
shapley-20260606T021222Z-ff3a2d3c,conditional,A,54,54,3.605963699999848,0.2779782116413116,0.286125898361206,test_pix_recon,-0.00814768671989441
shapley-20260606T021222Z-ff3a2d3c,conditional,A,55,55,3.670936200000142,0.2782832831144333,0.2814370691776275,test_pix_recon,-0.0031537860631942194
shapley-20260606T021222Z-ff3a2d3c,conditional,A,56,56,3.733878499999264,0.2802697122097015,0.2845692932605743,test_pix_recon,-0.004299581050872803
shapley-20260606T021222Z-ff3a2d3c,conditional,A,57,57,3.795133399999031,0.2803448438644409,0.2881887853145599,test_pix_recon,-0.007843941450118963
shapley-20260606T021222Z-ff3a2d3c,conditional,A,58,58,3.8648811999992176,0.2807549983263016,0.2844026982784271,test_pix_recon,-0.0036476999521255493
shapley-20260606T021222Z-ff3a2d3c,conditional,A,59,59,3.928452299998753,0.2821598947048187,0.2848447412252426,test_pix_recon,-0.002684846520423889
shapley-20260606T021222Z-ff3a2d3c,conditional,A,60,60,3.9955707999979495,0.2823609262704849,0.2845993340015411,test_pix_recon,-0.002238407731056158
shapley-20260606T021222Z-ff3a2d3c,conditional,A,61,61,4.056312400000024,0.280430719256401,0.2859822958707809,test_pix_recon,-0.005551576614379883
shapley-20260606T021222Z-ff3a2d3c,conditional,A,62,62,4.117571099999623,0.2801748067140579,0.2853961437940597,test_pix_recon,-0.0052213370800017755
shapley-20260606T021222Z-ff3a2d3c,conditional,A,63,63,4.177654399998573,0.2799967676401138,0.2860918641090393,test_pix_recon,-0.006095096468925532
shapley-20260606T021222Z-ff3a2d3c,conditional,A,64,64,4.238444299997354,0.2798362672328949,0.2832982838153839,test_pix_recon,-0.0034620165824890137
shapley-20260606T021222Z-ff3a2d3c,conditional,A,65,65,4.301782899998216,0.2817543447017669,0.2841247171163559,test_pix_recon,-0.0023703724145889837
shapley-20260606T021222Z-ff3a2d3c,conditional,A,66,66,4.3613035999951535,0.2853574901819229,0.2887385785579681,test_pix_recon,-0.0033810883760451715
shapley-20260606T021222Z-ff3a2d3c,conditional,A,67,67,4.423033299994131,0.2855504900217056,0.2839314490556717,test_pix_recon,0.0016190409660339355
shapley-20260606T021222Z-ff3a2d3c,conditional,A,68,68,4.4860507999947,0.2826694101095199,0.2874045521020889,test_pix_recon,-0.00473514199256897
shapley-20260606T021222Z-ff3a2d3c,conditional,A,69,69,4.546139199992467,0.2819185853004455,0.2852519154548645,test_pix_recon,-0.003333330154419001
shapley-20260606T021222Z-ff3a2d3c,conditional,A,70,70,4.611657399989781,0.2832725644111633,0.2863095998764038,test_pix_recon,-0.003037035465240534
shapley-20260606T021222Z-ff3a2d3c,conditional,A,71,71,4.672198799988109,0.2827978134155273,0.2855406552553177,test_pix_recon,-0.0027428418397903997
shapley-20260606T021222Z-ff3a2d3c,conditional,A,72,72,4.731380499986699,0.2845907807350158,0.2869613766670227,test_pix_recon,-0.0023705959320068914
shapley-20260606T021222Z-ff3a2d3c,conditional,A,73,73,4.798585099986667,0.2848361134529114,0.2896342277526855,test_pix_recon,-0.004798114299774114
shapley-20260606T021222Z-ff3a2d3c,conditional,A,74,74,4.860438199986675,0.2868584841489792,0.2882668077945709,test_pix_recon,-0.0014083236455917358
shapley-20260606T021222Z-ff3a2d3c,conditional,A,75,75,4.920761899989884,0.2877987176179886,0.2859353125095367,test_pix_recon,0.0018634051084518988
shapley-20260606T021222Z-ff3a2d3c,conditional,A,76,76,4.98648589998993,0.2864092737436294,0.2900864481925964,test_pix_recon,-0.00367717444896698
shapley-20260606T021222Z-ff3a2d3c,conditional,A,77,77,5.046323999991728,0.2861214429140091,0.2920982986688614,test_pix_recon,-0.005976855754852295
shapley-20260606T021222Z-ff3a2d3c,conditional,A,78,78,5.110034499990434,0.2911405861377716,0.2934243381023407,test_pix_recon,-0.002283751964569092
shapley-20260606T021222Z-ff3a2d3c,conditional,A,79,79,5.172574799991708,0.2903027087450027,0.2953263968229294,test_pix_recon,-0.005023688077926691
shapley-20260606T021222Z-ff3a2d3c,conditional,A,80,80,5.234500999991724,0.2879308760166168,0.2915734052658081,test_pix_recon,-0.003642529249191284
shapley-20260606T021222Z-ff3a2d3c,conditional,A,81,81,5.295717199991486,0.2910889387130737,0.293278694152832,test_pix_recon,-0.0021897554397583008
shapley-20260606T021222Z-ff3a2d3c,conditional,A,82,82,5.359266099992965,0.2884072363376617,0.2942802309989929,test_pix_recon,-0.005872994661331232
shapley-20260606T021222Z-ff3a2d3c,conditional,A,83,83,5.422984299992095,0.2905939072370529,0.2910546213388443,test_pix_recon,-0.00046071410179138184
shapley-20260606T021222Z-ff3a2d3c,conditional,A,84,84,5.483082699993247,0.2937427461147308,0.2935600727796554,test_pix_recon,0.00018267333507537842
shapley-20260606T021222Z-ff3a2d3c,conditional,A,85,85,5.541373399992153,0.2960489988327026,0.2907027751207351,test_pix_recon,0.005346223711967468
shapley-20260606T021222Z-ff3a2d3c,conditional,A,86,86,5.608102999991388,0.2949544787406921,0.2953597456216812,test_pix_recon,-0.0004052668809891302
shapley-20260606T021222Z-ff3a2d3c,conditional,A,87,87,5.670012599992333,0.3056302815675735,0.2986007481813431,test_pix_recon,0.007029533386230413
shapley-20260606T021222Z-ff3a2d3c,conditional,A,88,88,5.734879299994645,0.3006152808666229,0.2964751422405243,test_pix_recon,0.004140138626098633
shapley-20260606T021222Z-ff3a2d3c,conditional,A,89,89,5.797918199994456,0.2998083680868149,0.302321583032608,test_pix_recon,-0.0025132149457930963
shapley-20260606T021222Z-ff3a2d3c,conditional,A,90,90,5.869058899996162,0.2932873517274856,0.2997069656848907,test_pix_recon,-0.00641961395740509
shapley-20260606T021222Z-ff3a2d3c,conditional,A,91,91,5.932458499995846,0.2911148369312286,0.2981281280517578,test_pix_recon,-0.00701329112052923
shapley-20260606T021222Z-ff3a2d3c,conditional,A,92,92,6.002578299994639,0.2944720089435577,0.3029224872589111,test_pix_recon,-0.008450478315353394
shapley-20260606T021222Z-ff3a2d3c,conditional,A,93,93,6.07487609999589,0.2942866683006286,0.2945290356874466,test_pix_recon,-0.00024236738681798764
shapley-20260606T021222Z-ff3a2d3c,conditional,A,94,94,6.142396699997335,0.2937302887439728,0.3004235774278641,test_pix_recon,-0.006693288683891296
shapley-20260606T021222Z-ff3a2d3c,conditional,A,95,95,6.207142699997348,0.2936838567256927,0.3011155873537063,test_pix_recon,-0.007431730628013611
shapley-20260606T021222Z-ff3a2d3c,conditional,A,96,96,6.273655899996811,0.2961033135652542,0.3016140460968017,test_pix_recon,-0.005510732531547491
shapley-20260606T021222Z-ff3a2d3c,conditional,A,97,97,6.344186499994976,0.3026735037565231,0.3001262247562408,test_pix_recon,0.0025472790002822876
shapley-20260606T021222Z-ff3a2d3c,conditional,A,98,98,6.408760399994208,0.3060373812913894,0.3044667541980743,test_pix_recon,0.0015706270933151245
shapley-20260606T021222Z-ff3a2d3c,conditional,A,99,99,6.4716984999940905,0.3000382781028747,0.3073545098304748,test_pix_recon,-0.007316231727600098
shapley-20260606T021222Z-ff3a2d3c,conditional,A,100,100,6.533849799994641,0.3062888830900192,0.3086539059877395,test_pix_recon,-0.0023650228977202814
shapley-20260606T021222Z-ff3a2d3c,conditional,A,101,101,6.600785999995424,0.3034151941537857,0.3059525489807129,test_pix_recon,-0.002537354826927185
shapley-20260606T021222Z-ff3a2d3c,conditional,A,102,102,6.66901539999526,0.3022938668727875,0.300260990858078,test_pix_recon,0.0020328760147094727
shapley-20260606T021222Z-ff3a2d3c,conditional,A,103,103,6.733911099992838,0.3029172867536545,0.3138052076101303,test_pix_recon,-0.01088792085647583
shapley-20260606T021222Z-ff3a2d3c,conditional,A,104,104,6.799264099990978,0.3039338588714599,0.3018390834331512,test_pix_recon,0.002094775438308716
shapley-20260606T021222Z-ff3a2d3c,conditional,A,105,105,6.868202199992084,0.3084481358528137,0.3183605819940567,test_pix_recon,-0.009912446141242981
shapley-20260606T021222Z-ff3a2d3c,conditional,A,106,106,6.936683499992796,0.3074182122945785,0.3091501146554947,test_pix_recon,-0.0017319023609161932
shapley-20260606T021222Z-ff3a2d3c,conditional,A,107,107,7.0017013999931805,0.3083866685628891,0.3102454245090484,test_pix_recon,-0.0018587559461593073
shapley-20260606T021222Z-ff3a2d3c,conditional,A,108,108,7.068452799994702,0.305836483836174,0.3131420761346817,test_pix_recon,-0.00730559229850769
shapley-20260606T021222Z-ff3a2d3c,conditional,A,109,109,7.131004099992424,0.3064996004104614,0.3191352039575577,test_pix_recon,-0.012635603547096252
shapley-20260606T021222Z-ff3a2d3c,conditional,A,110,110,7.195439099992655,0.308458924293518,0.3119113594293594,test_pix_recon,-0.0034524351358413696
shapley-20260606T021222Z-ff3a2d3c,conditional,A,111,111,7.260272399991663,0.3112071603536606,0.314527302980423,test_pix_recon,-0.00332014262676239
shapley-20260606T021222Z-ff3a2d3c,conditional,A,112,112,7.329277599990746,0.3089493811130523,0.3133083283901214,test_pix_recon,-0.004358947277069092
shapley-20260606T021222Z-ff3a2d3c,conditional,A,113,113,7.405864699987433,0.3119673281908035,0.3180882334709167,test_pix_recon,-0.00612090528011322
shapley-20260606T021222Z-ff3a2d3c,conditional,A,114,114,7.485134199985623,0.3095811307430267,0.3136471509933471,test_pix_recon,-0.004066020250320435
shapley-20260606T021222Z-ff3a2d3c,conditional,A,115,115,7.5543316999865056,0.3093385547399521,0.3191956430673599,test_pix_recon,-0.009857088327407837
shapley-20260606T021222Z-ff3a2d3c,conditional,A,116,116,7.624265099984768,0.3149012774229049,0.3176434636116028,test_pix_recon,-0.0027421861886978705
shapley-20260606T021222Z-ff3a2d3c,conditional,A,117,117,7.699844599981587,0.3113584369421005,0.318264827132225,test_pix_recon,-0.006906390190124456
shapley-20260606T021222Z-ff3a2d3c,conditional,A,118,118,7.76743819998228,0.3125644475221634,0.3219217807054519,test_pix_recon,-0.009357333183288519
shapley-20260606T021222Z-ff3a2d3c,conditional,A,119,119,7.836880799983191,0.3165479302406311,0.3220712095499038,test_pix_recon,-0.005523279309272711
shapley-20260606T021222Z-ff3a2d3c,conditional,A,120,120,7.906706499983557,0.3160346746444702,0.3199494779109955,test_pix_recon,-0.0039148032665252686
shapley-20260606T021222Z-ff3a2d3c,conditional,A,121,121,7.975724199983233,0.3165366649627685,0.3272085189819336,test_pix_recon,-0.010671854019165095
shapley-20260606T021222Z-ff3a2d3c,conditional,A,122,122,8.04198609998275,0.3222855627536773,0.3250267505645752,test_pix_recon,-0.0027411878108978827
shapley-20260606T021222Z-ff3a2d3c,conditional,A,123,123,8.106949899982283,0.3227531015872955,0.3303615301847458,test_pix_recon,-0.007608428597450312
shapley-20260606T021222Z-ff3a2d3c,conditional,A,124,124,8.17476759998317,0.325459212064743,0.333319827914238,test_pix_recon,-0.00786061584949499
shapley-20260606T021222Z-ff3a2d3c,conditional,A,125,125,8.239927199982048,0.3251554369926452,0.3339813947677612,test_pix_recon,-0.008825957775115967
shapley-20260606T021222Z-ff3a2d3c,conditional,A,126,126,8.305304899979092,0.3201219588518142,0.3267934769392013,test_pix_recon,-0.006671518087387085
shapley-20260606T021222Z-ff3a2d3c,conditional,A,127,127,8.37118329997611,0.3201961517333984,0.331670194864273,test_pix_recon,-0.011474043130874634
shapley-20260606T021222Z-ff3a2d3c,conditional,A,128,128,8.441120899973612,0.3238356560468673,0.3248131722211838,test_pix_recon,-0.0009775161743164618
shapley-20260606T021222Z-ff3a2d3c,conditional,A,129,129,8.506126799973572,0.3260391652584076,0.3278823941946029,test_pix_recon,-0.001843228936195318
shapley-20260606T021222Z-ff3a2d3c,conditional,A,130,130,8.56941719997485,0.3202396929264068,0.3274420350790024,test_pix_recon,-0.0072023421525955755
shapley-20260606T021222Z-ff3a2d3c,conditional,A,131,131,8.632167299976572,0.3216084092855453,0.327427789568901,test_pix_recon,-0.005819380283355713
shapley-20260606T021222Z-ff3a2d3c,conditional,A,132,132,8.69549069997447,0.3212052434682846,0.3216474056243896,test_pix_recon,-0.000442162156104986
shapley-20260606T021222Z-ff3a2d3c,conditional,A,133,133,8.760675999972591,0.3198016285896301,0.3313455134630203,test_pix_recon,-0.011543884873390198
shapley-20260606T021222Z-ff3a2d3c,conditional,A,134,134,8.833249099974637,0.3173454850912094,0.3252313137054443,test_pix_recon,-0.007885828614234869
shapley-20260606T021222Z-ff3a2d3c,conditional,A,135,135,8.896220599974185,0.3201465755701065,0.3249227702617645,test_pix_recon,-0.00477619469165802
shapley-20260606T021222Z-ff3a2d3c,conditional,A,136,136,8.958425199976773,0.3187758177518844,0.3243779689073562,test_pix_recon,-0.005602151155471802
shapley-20260606T021222Z-ff3a2d3c,conditional,A,137,137,9.020259399974748,0.318334087729454,0.3221452683210373,test_pix_recon,-0.0038111805915833075
shapley-20260606T021222Z-ff3a2d3c,conditional,A,138,138,9.08529849997285,0.3185346275568008,0.326875239610672,test_pix_recon,-0.00834061205387121
shapley-20260606T021222Z-ff3a2d3c,conditional,A,139,139,9.14838209997106,0.3174635916948318,0.3253663927316665,test_pix_recon,-0.007902801036834717
shapley-20260606T021222Z-ff3a2d3c,conditional,A,140,140,9.213303299973632,0.3176800906658172,0.3218529373407364,test_pix_recon,-0.004172846674919184
shapley-20260606T021222Z-ff3a2d3c,conditional,A,141,141,9.275536599972838,0.3178358525037765,0.3240003436803818,test_pix_recon,-0.00616449117660528
shapley-20260606T021222Z-ff3a2d3c,conditional,A,142,142,9.337603199972364,0.316425085067749,0.3240546882152557,test_pix_recon,-0.007629603147506658
shapley-20260606T021222Z-ff3a2d3c,conditional,A,143,143,9.401749999971798,0.3159144967794418,0.3226294070482254,test_pix_recon,-0.006714910268783625
shapley-20260606T021222Z-ff3a2d3c,conditional,A,144,144,9.464174999971874,0.3162777721881866,0.3225640803575516,test_pix_recon,-0.006286308169364985
shapley-20260606T021222Z-ff3a2d3c,conditional,A,145,145,9.528787499970347,0.3173710405826568,0.3237762898206711,test_pix_recon,-0.006405249238014277
shapley-20260606T021222Z-ff3a2d3c,conditional,A,146,146,9.594483899971236,0.3170324116945267,0.3216331601142883,test_pix_recon,-0.004600748419761602
shapley-20260606T021222Z-ff3a2d3c,conditional,A,147,147,9.657630499968946,0.3172546774148941,0.3209477216005325,test_pix_recon,-0.0036930441856383722
shapley-20260606T021222Z-ff3a2d3c,conditional,A,148,148,9.721161599969491,0.316526710987091,0.3199740946292877,test_pix_recon,-0.003447383642196711
shapley-20260606T021222Z-ff3a2d3c,conditional,A,149,149,9.783630199970505,0.3163276314735412,0.3216527998447418,test_pix_recon,-0.005325168371200617
shapley-20260606T021222Z-ff3a2d3c,conditional,A,150,150,9.846297099971707,0.3163125365972519,0.3196184486150741,test_pix_recon,-0.00330591201782221
shapley-20260606T021222Z-ff3a2d3c,conditional,A,151,151,9.9119734999731,0.3151737302541733,0.3183752298355102,test_pix_recon,-0.0032014995813369196
shapley-20260606T021222Z-ff3a2d3c,conditional,A,152,152,9.979026299970428,0.314357578754425,0.3191082030534744,test_pix_recon,-0.004750624299049433
shapley-20260606T021222Z-ff3a2d3c,conditional,A,153,153,10.051190399972256,0.3146752864122391,0.3193764835596084,test_pix_recon,-0.004701197147369329
shapley-20260606T021222Z-ff3a2d3c,conditional,A,154,154,10.11518919997252,0.3141680657863617,0.3195199966430664,test_pix_recon,-0.005351930856704712
shapley-20260606T021222Z-ff3a2d3c,conditional,A,155,155,10.184145899973371,0.3132425248622894,0.3206590414047241,test_pix_recon,-0.007416516542434748
shapley-20260606T021222Z-ff3a2d3c,conditional,A,156,156,10.248491699971057,0.3138630539178848,0.3203431516885757,test_pix_recon,-0.0064800977706908625
shapley-20260606T021222Z-ff3a2d3c,conditional,A,157,157,10.31812089997038,0.3146045356988907,0.3200928270816803,test_pix_recon,-0.005488291382789612
shapley-20260606T021222Z-ff3a2d3c,conditional,A,158,158,10.383076599970082,0.3153954148292541,0.3209299445152282,test_pix_recon,-0.005534529685974121
shapley-20260606T021222Z-ff3a2d3c,conditional,A,159,159,10.451154299971677,0.3143870234489441,0.321107417345047,test_pix_recon,-0.006720393896102905
shapley-20260606T021222Z-ff3a2d3c,conditional,A,160,160,10.51572449997184,0.3132554739713669,0.3210867345333099,test_pix_recon,-0.007831260561942999
shapley-20260606T021222Z-ff3a2d3c,conditional,A,161,161,10.581133399973623,0.3136202543973923,0.3201408237218857,test_pix_recon,-0.006520569324493408
shapley-20260606T021222Z-ff3a2d3c,conditional,A,162,162,10.6512361999703,0.3145133554935455,0.3193269968032837,test_pix_recon,-0.004813641309738215
shapley-20260606T021222Z-ff3a2d3c,conditional,A,163,163,10.71861339996758,0.3145484924316406,0.318768635392189,test_pix_recon,-0.004220142960548401
shapley-20260606T021222Z-ff3a2d3c,conditional,A,164,164,10.78914489996896,0.3139765709638595,0.3189614713191986,test_pix_recon,-0.004984900355339106
shapley-20260606T021222Z-ff3a2d3c,conditional,A,165,165,10.859424699967349,0.3136920779943466,0.3188347518444061,test_pix_recon,-0.005142673850059454
shapley-20260606T021222Z-ff3a2d3c,conditional,A,166,166,10.927912199967976,0.3139616101980209,0.3190248310565948,test_pix_recon,-0.005063220858573914
shapley-20260606T021222Z-ff3a2d3c,conditional,A,167,167,10.993570599966915,0.3147347867488861,0.3191490620374679,test_pix_recon,-0.004414275288581793
shapley-20260606T021222Z-ff3a2d3c,conditional,A,168,168,11.05861729996468,0.3149655610322952,0.3190006762742996,test_pix_recon,-0.0040351152420043945
shapley-20260606T021222Z-ff3a2d3c,conditional,A,169,169,11.127125099967088,0.3141876310110092,0.3188521414995193,test_pix_recon,-0.004664510488510076
shapley-20260606T021222Z-ff3a2d3c,conditional,A,170,170,11.191311199967458,0.3136750012636184,0.3188620656728744,test_pix_recon,-0.0051870644092559814
shapley-20260606T021222Z-ff3a2d3c,conditional,A,171,171,11.254458699964744,0.3135483860969543,0.3187791407108307,test_pix_recon,-0.005230754613876398
shapley-20260606T021222Z-ff3a2d3c,conditional,A,172,172,11.317522399964218,0.314075767993927,0.3189605474472046,test_pix_recon,-0.004884779453277588
shapley-20260606T021222Z-ff3a2d3c,conditional,A,173,173,11.384658299961302,0.314423456788063,0.3191512525081634,test_pix_recon,-0.004727795720100403
shapley-20260606T021222Z-ff3a2d3c,conditional,A,174,174,11.449600299962183,0.3144699186086654,0.3191237151622772,test_pix_recon,-0.004653796553611811
shapley-20260606T021222Z-ff3a2d3c,conditional,A,175,175,11.51190659996064,0.3144073486328125,0.3191173374652862,test_pix_recon,-0.004709988832473699
shapley-20260606T021222Z-ff3a2d3c,conditional,A,176,176,11.576522499959538,0.3143123984336853,0.3192351162433624,test_pix_recon,-0.004922717809677124
shapley-20260606T021222Z-ff3a2d3c,conditional,A,177,177,11.642603899959797,0.313978910446167,0.3191421777009964,test_pix_recon,-0.005163267254829407
shapley-20260606T021222Z-ff3a2d3c,conditional,A,178,178,11.70484409996061,0.313539907336235,0.3188909143209457,test_pix_recon,-0.005351006984710693
shapley-20260606T021222Z-ff3a2d3c,conditional,A,179,179,11.769669399960549,0.3130955547094345,0.3187770694494247,test_pix_recon,-0.005681514739990179
shapley-20260606T021222Z-ff3a2d3c,conditional,A,180,180,11.83321249996152,0.3128057569265365,0.3187403231859207,test_pix_recon,-0.005934566259384211
shapley-20260606T021222Z-ff3a2d3c,conditional,A,181,181,11.8996860999614,0.3128784447908401,0.3187453001737594,test_pix_recon,-0.0058668553829193115
shapley-20260606T021222Z-ff3a2d3c,conditional,A,182,182,11.962071599962655,0.3130534142255783,0.3188340216875076,test_pix_recon,-0.005780607461929266
shapley-20260606T021222Z-ff3a2d3c,conditional,A,183,183,12.024125599960826,0.3132410943508148,0.3188105672597885,test_pix_recon,-0.005569472908973694
shapley-20260606T021222Z-ff3a2d3c,conditional,A,184,184,12.089869799958253,0.3134395480155945,0.3187244534492492,test_pix_recon,-0.00528490543365473
shapley-20260606T021222Z-ff3a2d3c,conditional,A,185,185,12.157868899957975,0.3133879899978637,0.3186342418193817,test_pix_recon,-0.005246251821518
shapley-20260606T021222Z-ff3a2d3c,conditional,A,186,186,12.222745199960627,0.3133486360311508,0.3185411840677261,test_pix_recon,-0.005192548036575262
shapley-20260606T021222Z-ff3a2d3c,conditional,A,187,187,12.286055899960049,0.3132073283195495,0.3184662014245987,test_pix_recon,-0.005258873105049189
shapley-20260606T021222Z-ff3a2d3c,conditional,A,188,188,12.350606699958009,0.3131964206695556,0.318381056189537,test_pix_recon,-0.005184635519981384
shapley-20260606T021222Z-ff3a2d3c,conditional,A,189,189,12.421106099958706,0.3133279681205749,0.3183033466339111,test_pix_recon,-0.004975378513336182
shapley-20260606T021222Z-ff3a2d3c,conditional,A,190,190,12.490446899959352,0.3133967071771621,0.3183412402868271,test_pix_recon,-0.0049445331096649725
shapley-20260606T021222Z-ff3a2d3c,conditional,A,191,191,12.557154599959176,0.3133903294801712,0.3184270858764648,test_pix_recon,-0.005036756396293585
shapley-20260606T021222Z-ff3a2d3c,conditional,A,192,192,12.626283699959458,0.3133130520582199,0.3184999674558639,test_pix_recon,-0.0051869153976439875
shapley-20260606T021222Z-ff3a2d3c,conditional,A,193,193,12.691464499959691,0.3132582008838653,0.3185571283102035,test_pix_recon,-0.005298927426338196
shapley-20260606T021222Z-ff3a2d3c,conditional,A,194,194,12.76259929996013,0.3132835179567337,0.3186295628547668,test_pix_recon,-0.005346044898033087
shapley-20260606T021222Z-ff3a2d3c,conditional,A,195,195,12.830772099958269,0.3132404536008835,0.3186982572078705,test_pix_recon,-0.0054578036069869995
shapley-20260606T021222Z-ff3a2d3c,conditional,A,196,196,12.898518899957708,0.3131143301725387,0.3186640590429306,test_pix_recon,-0.005549728870391901
shapley-20260606T021222Z-ff3a2d3c,conditional,A,197,197,12.96523229995728,0.3130767345428467,0.3186427503824234,test_pix_recon,-0.005566015839576721
shapley-20260606T021222Z-ff3a2d3c,conditional,A,198,198,13.032030099955591,0.3131003528833389,0.3185863941907882,test_pix_recon,-0.005486041307449341
shapley-20260606T021222Z-ff3a2d3c,conditional,A,199,199,13.104329699955995,0.3131913691759109,0.3185519576072693,test_pix_recon,-0.005360588431358393
shapley-20260606T021133Z-b813eaaf,baseline,A,0,0,0.2518931000013253,26.22537040710449,26.255615234375,test_kl,-0.030244827270511365
shapley-20260606T021133Z-b813eaaf,baseline,A,1,1,0.3153895000032207,42.40559196472168,45.84290885925293,test_kl,-3.43731689453125
shapley-20260606T021133Z-b813eaaf,baseline,A,2,2,0.3770991000055801,52.889591217041016,53.611663818359375,test_kl,-0.7220726013183594
shapley-20260606T021133Z-b813eaaf,baseline,A,3,3,0.4360307000060857,58.49507713317871,59.12266540527344,test_kl,-0.6275882720947266
shapley-20260606T021133Z-b813eaaf,baseline,A,4,4,0.4999549000058323,61.8617000579834,63.93052673339844,test_kl,-2.068826675415039
shapley-20260606T021133Z-b813eaaf,baseline,A,5,5,0.5632587000072817,63.19479942321777,65.59809494018555,test_kl,-2.4032955169677734
shapley-20260606T021133Z-b813eaaf,baseline,A,6,6,0.6259713000072225,66.43414306640625,67.29339981079102,test_kl,-0.8592567443847656
shapley-20260606T021133Z-b813eaaf,baseline,A,7,7,0.6865164000082586,69.07538223266602,68.80030059814453,test_kl,0.2750816345214844
shapley-20260606T021133Z-b813eaaf,baseline,A,8,8,0.7471013000103994,72.3798599243164,70.55035018920898,test_kl,1.8295097351074219
shapley-20260606T021133Z-b813eaaf,baseline,A,9,9,0.8058917000125803,76.04790496826172,73.57181930541992,test_kl,2.476085662841797
shapley-20260606T021133Z-b813eaaf,baseline,A,10,10,0.8655891000125848,79.4473876953125,76.21290588378906,test_kl,3.2344818115234375
shapley-20260606T021133Z-b813eaaf,baseline,A,11,11,0.9296220000142056,50.15690803527832,47.97989082336426,test_kl,2.1770172119140625
shapley-20260606T021133Z-b813eaaf,baseline,A,12,12,0.9902584000119532,27.493367195129395,25.672496795654297,test_kl,1.8208703994750977
shapley-20260606T021133Z-b813eaaf,baseline,A,13,13,1.0487478000140982,37.347843170166016,35.17817687988281,test_kl,2.169666290283203
shapley-20260606T021133Z-b813eaaf,baseline,A,14,14,1.1093765000150595,49.17555046081543,47.14388847351074,test_kl,2.0316619873046875
shapley-20260606T021133Z-b813eaaf,baseline,A,15,15,1.171447200013063,44.47569274902344,43.87101173400879,test_kl,0.6046810150146484
shapley-20260606T021133Z-b813eaaf,baseline,A,16,16,1.2312692000123209,28.341099739074707,27.68843173980713,test_kl,0.6526679992675781
shapley-20260606T021133Z-b813eaaf,baseline,A,17,17,1.2937302000136697,27.26644229888916,26.989864349365234,test_kl,0.2765779495239258
shapley-20260606T021133Z-b813eaaf,baseline,A,18,18,1.355930100013211,39.12691879272461,37.65456199645996,test_kl,1.4723567962646484
shapley-20260606T021133Z-b813eaaf,baseline,A,19,19,1.4196993000150542,39.81774711608887,38.58661842346192,test_kl,1.231128692626946
shapley-20260606T021133Z-b813eaaf,baseline,A,20,20,1.4788677000178725,28.01356792449951,27.50934219360352,test_kl,0.5042257308959925
shapley-20260606T021133Z-b813eaaf,baseline,A,21,21,1.5421666000183905,22.218400955200195,21.937597274780277,test_kl,0.2808036804199183
shapley-20260606T021133Z-b813eaaf,baseline,A,22,22,1.6022579000200494,27.57915687561035,26.431639671325684,test_kl,1.147517204284668
shapley-20260606T021133Z-b813eaaf,baseline,A,23,23,1.6692481000172847,24.487695693969727,24.20335102081299,test_kl,0.2843446731567383
shapley-20260606T021133Z-b813eaaf,baseline,A,24,24,1.731614600015746,19.596755027771,19.866202354431152,test_kl,-0.2694473266601527
shapley-20260606T021133Z-b813eaaf,baseline,A,25,25,1.7956558000150835,23.568577766418457,22.69318008422852,test_kl,0.8753976821899379
shapley-20260606T021133Z-b813eaaf,baseline,A,26,26,1.8577232000170625,21.77673816680908,21.13177967071533,test_kl,0.64495849609375
shapley-20260606T021133Z-b813eaaf,baseline,A,27,27,1.9177802000158408,18.17885971069336,21.1525297164917,test_kl,-2.97367000579834
shapley-20260606T021133Z-b813eaaf,baseline,A,28,28,1.9779789000167511,20.649765968322757,20.647286415100098,test_kl,0.0024795532226598027
shapley-20260606T021133Z-b813eaaf,baseline,A,29,29,2.038317700014886,19.02213859558105,18.5920991897583,test_kl,0.43003940582275035
shapley-20260606T021133Z-b813eaaf,baseline,A,30,30,2.096850600013568,19.5241117477417,20.538360595703125,test_kl,-1.0142488479614258
shapley-20260606T021133Z-b813eaaf,baseline,A,31,31,2.1554663000133587,18.710429191589355,19.141791343688965,test_kl,-0.4313621520996094
shapley-20260606T021133Z-b813eaaf,baseline,A,32,32,2.215917500016076,17.536720275878906,17.001079559326172,test_kl,0.5356407165527344
shapley-20260606T021133Z-b813eaaf,baseline,A,33,33,2.2761723000148777,19.115517616271973,19.134855270385746,test_kl,-0.019337654113773084
shapley-20260606T021133Z-b813eaaf,baseline,A,34,34,2.344214800014015,17.89047622680664,17.446609497070312,test_kl,0.4438667297363281
shapley-20260606T021133Z-b813eaaf,baseline,A,35,35,2.402940900014073,16.118650436401367,16.422527313232422,test_kl,-0.3038768768310547
shapley-20260606T021133Z-b813eaaf,baseline,A,36,36,2.466976000014256,17.457929611206055,15.816452503204346,test_kl,1.641477108001709
shapley-20260606T021133Z-b813eaaf,baseline,A,37,37,2.52678120001292,16.08969020843506,16.516167640686035,test_kl,-0.42647743225097656
shapley-20260606T021133Z-b813eaaf,baseline,A,38,38,2.5885922000124992,15.42113161087036,15.258095741271973,test_kl,0.1630358695983869
shapley-20260606T021133Z-b813eaaf,baseline,A,39,39,2.651582300011796,15.095214366912842,15.01888370513916,test_kl,0.07633066177368164
shapley-20260606T021133Z-b813eaaf,baseline,A,40,40,2.7134755000115547,14.609378814697266,15.03193187713623,test_kl,-0.42255306243896484
shapley-20260606T021133Z-b813eaaf,baseline,A,41,41,2.7723258000114583,14.45826244354248,14.43865203857422,test_kl,0.019610404968259942
shapley-20260606T021133Z-b813eaaf,baseline,A,42,42,2.8330510000123468,14.077022075653076,13.698717594146729,test_kl,0.37830448150634766
shapley-20260606T021133Z-b813eaaf,baseline,A,43,43,2.89755880001394,13.310547828674316,13.589314460754396,test_kl,-0.2787666320800799
shapley-20260606T021133Z-b813eaaf,baseline,A,44,44,2.958259700015333,14.050699234008787,13.00283432006836,test_kl,1.047864913940428
shapley-20260606T021133Z-b813eaaf,baseline,A,45,45,3.025572100017598,13.115320682525637,13.994447708129885,test_kl,-0.879127025604248
shapley-20260606T021133Z-b813eaaf,baseline,A,46,46,3.088461300019844,13.130503177642822,13.646783351898192,test_kl,-0.5162801742553693
shapley-20260606T021133Z-b813eaaf,baseline,A,47,47,3.150444000020798,12.222148895263672,13.092206478118896,test_kl,-0.8700575828552246
shapley-20260606T021133Z-b813eaaf,baseline,A,48,48,3.214483400020981,12.70712947845459,12.442038536071776,test_kl,0.2650909423828143
shapley-20260606T021133Z-b813eaaf,baseline,A,49,49,3.27429210002083,12.29219675064087,12.240901470184326,test_kl,0.05129528045654297
shapley-20260606T021133Z-b813eaaf,baseline,A,50,50,3.333639600019524,12.376784801483154,12.05720329284668,test_kl,0.3195815086364746
shapley-20260606T021133Z-b813eaaf,baseline,A,51,51,3.3929580000185524,12.184816360473633,12.067748069763184,test_kl,0.11706829071044922
shapley-20260606T021133Z-b813eaaf,baseline,A,52,52,3.4544503000215627,11.701902866363524,11.376410484313965,test_kl,0.32549238204955877
shapley-20260606T021133Z-b813eaaf,baseline,A,53,53,3.5173447000197484,11.530784130096436,10.94096326828003,test_kl,0.5898208618164062
shapley-20260606T021133Z-b813eaaf,baseline,A,54,54,3.5784605000189917,11.579649925231934,11.77488136291504,test_kl,-0.19523143768310725
shapley-20260606T021133Z-b813eaaf,baseline,A,55,55,3.641514600018127,11.42430830001831,10.87335968017578,test_kl,0.5509486198425311
shapley-20260606T021133Z-b813eaaf,baseline,A,56,56,3.700695700019424,11.2484130859375,11.443854808807371,test_kl,-0.19544172286987127
shapley-20260606T021133Z-b813eaaf,baseline,A,57,57,3.7654231000160503,10.685784339904783,10.61046028137207,test_kl,0.07532405853271307
shapley-20260606T021133Z-b813eaaf,baseline,A,58,58,3.8260816000183695,10.573869228363035,10.645172595977783,test_kl,-0.07130336761474787
shapley-20260606T021133Z-b813eaaf,baseline,A,59,59,3.886835300017992,10.54119873046875,10.402687072753906,test_kl,0.13851165771484375
shapley-20260606T021133Z-b813eaaf,baseline,A,60,60,3.954838100020425,10.297069549560549,10.101604461669922,test_kl,0.19546508789062678
shapley-20260606T021133Z-b813eaaf,baseline,A,61,61,4.013538600018364,10.14097547531128,10.70259952545166,test_kl,-0.5616240501403809
shapley-20260606T021133Z-b813eaaf,baseline,A,62,62,4.072817100019165,9.940852165222168,10.12771463394165,test_kl,-0.18686246871948242
shapley-20260606T021133Z-b813eaaf,baseline,A,63,63,4.131452200021158,9.87145185470581,10.3032546043396,test_kl,-0.43180274963378906
shapley-20260606T021133Z-b813eaaf,baseline,A,64,64,4.190439000023616,9.834352493286133,10.006275653839111,test_kl,-0.17192316055297852
shapley-20260606T021133Z-b813eaaf,baseline,A,65,65,4.255545900021389,9.367510795593262,9.5745587348938,test_kl,-0.20704793930053889
shapley-20260606T021133Z-b813eaaf,baseline,A,66,66,4.31740460002402,9.22372817993164,9.240948677062988,test_kl,-0.017220497131347656
shapley-20260606T021133Z-b813eaaf,baseline,A,67,67,4.381971300022997,9.619335651397703,9.27700138092041,test_kl,0.34233427047729315
shapley-20260606T021133Z-b813eaaf,baseline,A,68,68,4.444387200022902,9.63005018234253,9.381709098815918,test_kl,0.24834108352661133
shapley-20260606T021133Z-b813eaaf,baseline,A,69,69,4.505981500020425,8.503208637237549,9.399604320526125,test_kl,-0.896395683288576
shapley-20260606T021133Z-b813eaaf,baseline,A,70,70,4.572283500019694,8.557264804840088,9.393848896026611,test_kl,-0.8365840911865234
shapley-20260606T021133Z-b813eaaf,baseline,A,71,71,4.632504600020184,8.649913311004639,8.586243152618408,test_kl,0.06367015838623047
shapley-20260606T021133Z-b813eaaf,baseline,A,72,72,4.692473700019036,8.907514572143555,8.343228340148926,test_kl,0.5642862319946289
shapley-20260606T021133Z-b813eaaf,baseline,A,73,73,4.751417400020728,8.04741621017456,8.57966947555542,test_kl,-0.5322532653808594
shapley-20260606T021133Z-b813eaaf,baseline,A,74,74,4.809572700021818,8.508218765258789,8.65553617477417,test_kl,-0.14731740951538086
shapley-20260606T021133Z-b813eaaf,baseline,A,75,75,4.872170800023014,8.772079467773438,8.783775329589844,test_kl,-0.01169586181640625
shapley-20260606T021133Z-b813eaaf,baseline,A,76,76,4.9358795000225655,8.144932746887207,8.39226770401001,test_kl,-0.24733495712280273
shapley-20260606T021133Z-b813eaaf,baseline,A,77,77,5.003084600022703,8.537691116333008,8.22144365310669,test_kl,0.31624746322631836
shapley-20260606T021133Z-b813eaaf,baseline,A,78,78,5.061286500022106,8.50493049621582,7.701766967773437,test_kl,0.8031635284423837
shapley-20260606T021133Z-b813eaaf,baseline,A,79,79,5.1268286000231456,8.026771783828735,7.81900429725647,test_kl,0.20776748657226562
shapley-20260606T021133Z-b813eaaf,baseline,A,80,80,5.191812300021411,8.084065914154053,7.596171617507935,test_kl,0.48789429664611816
shapley-20260606T021133Z-b813eaaf,baseline,A,81,81,5.252383900020504,7.731838941574097,7.582683801651001,test_kl,0.1491551399230957
shapley-20260606T021133Z-b813eaaf,baseline,A,82,82,5.312028900021687,8.155036926269531,7.316468715667725,test_kl,0.8385682106018066
shapley-20260606T021133Z-b813eaaf,baseline,A,83,83,5.372625700019853,8.01696491241455,7.647622346878052,test_kl,0.369342565536499
shapley-20260606T021133Z-b813eaaf,baseline,A,84,84,5.432236000018747,7.0182764530181885,7.35083270072937,test_kl,-0.33255624771118164
shapley-20260606T021133Z-b813eaaf,baseline,A,85,85,5.495757900018361,7.4423017501831055,7.85458779335022,test_kl,-0.41228604316711426
shapley-20260606T021133Z-b813eaaf,baseline,A,86,86,5.558538100020087,7.747922897338867,7.014934778213501,test_kl,0.7329881191253662
shapley-20260606T021133Z-b813eaaf,baseline,A,87,87,5.618801300021005,7.699553728103638,6.953618288040161,test_kl,0.7459354400634766
shapley-20260606T021133Z-b813eaaf,baseline,A,88,88,5.681439600022713,6.971469163894653,7.634896516799927,test_kl,-0.6634273529052734
shapley-20260606T021133Z-b813eaaf,baseline,A,89,89,5.741762100020424,6.948276281356812,6.986807823181152,test_kl,-0.03853154182433993
shapley-20260606T021133Z-b813eaaf,baseline,A,90,90,5.810964300020714,7.469427824020386,6.999011754989624,test_kl,0.4704160690307617
shapley-20260606T021133Z-b813eaaf,baseline,A,91,91,5.875495800020872,7.052533864974976,6.947777271270752,test_kl,0.10475659370422363
shapley-20260606T021133Z-b813eaaf,baseline,A,92,92,5.941702400021313,7.241121530532837,6.5157856941223145,test_kl,0.7253358364105225
shapley-20260606T021133Z-b813eaaf,baseline,A,93,93,6.008594000024459,7.087053298950195,6.970280170440674,test_kl,0.11677312850952148
shapley-20260606T021133Z-b813eaaf,baseline,A,94,94,6.074510200021905,6.893666744232178,6.690809488296509,test_kl,0.20285725593566895
shapley-20260606T021133Z-b813eaaf,baseline,A,95,95,6.137026100022922,6.659646987915039,6.603650808334351,test_kl,0.05599617958068848
shapley-20260606T021133Z-b813eaaf,baseline,A,96,96,6.205009600023914,6.706362009048462,6.579614162445068,test_kl,0.12674784660339355
shapley-20260606T021133Z-b813eaaf,baseline,A,97,97,6.269990100023279,7.297931432723999,6.925744295120239,test_kl,0.37218713760375977
shapley-20260606T021133Z-b813eaaf,baseline,A,98,98,6.332770900022297,6.687387704849243,6.773914813995361,test_kl,-0.08652710914611816
shapley-20260606T021133Z-b813eaaf,baseline,A,99,99,6.401251000021148,6.702449083328247,6.004422187805176,test_kl,0.6980268955230713
shapley-20260606T021133Z-b813eaaf,baseline,A,100,100,6.468411400019249,6.6121015548706055,6.076819658279419,test_kl,0.5352818965911865
shapley-20260606T021133Z-b813eaaf,baseline,A,101,101,6.531249600018782,6.536986827850342,6.36808180809021,test_kl,0.16890501976013184
shapley-20260606T021133Z-b813eaaf,baseline,A,102,102,6.598183100020833,6.573914527893066,7.008118391036987,test_kl,-0.4342038631439209
shapley-20260606T021133Z-b813eaaf,baseline,A,103,103,6.6647674000232655,6.213815927505493,6.100219964981079,test_kl,0.11359596252441406
shapley-20260606T021133Z-b813eaaf,baseline,A,104,104,6.727463800023543,6.731900453567505,6.227230310440064,test_kl,0.5046701431274405
shapley-20260606T021133Z-b813eaaf,baseline,A,105,105,6.792426800024259,5.806066513061523,5.501819372177124,test_kl,0.3042471408843994
shapley-20260606T021133Z-b813eaaf,baseline,A,106,106,6.855948200023704,6.589785814285278,6.224535942077637,test_kl,0.3652498722076416
shapley-20260606T021133Z-b813eaaf,baseline,A,107,107,6.922220600023138,6.425084352493286,6.367827415466309,test_kl,0.05725693702697754
shapley-20260606T021133Z-b813eaaf,baseline,A,108,108,6.985902200020064,5.525997638702393,5.917171955108643,test_kl,-0.39117431640625
shapley-20260606T021133Z-b813eaaf,baseline,A,109,109,7.052111800017883,6.240186452865601,5.772876739501953,test_kl,0.46730971336364746
shapley-20260606T021133Z-b813eaaf,baseline,A,110,110,7.11589610001829,5.928839921951294,6.339181900024414,test_kl,-0.4103419780731201
shapley-20260606T021133Z-b813eaaf,baseline,A,111,111,7.184112800019648,5.775996208190918,5.785769939422607,test_kl,-0.009773731231689453
shapley-20260606T021133Z-b813eaaf,baseline,A,112,112,7.247659200016642,5.864594459533691,5.758206367492676,test_kl,0.10638809204101562
shapley-20260606T021133Z-b813eaaf,baseline,A,113,113,7.309810200018546,5.89452052116394,5.93566107749939,test_kl,-0.04114055633544922
shapley-20260606T021133Z-b813eaaf,baseline,A,114,114,7.378848200020002,5.641954660415649,5.652736663818359,test_kl,-0.010782003402709961
shapley-20260606T021133Z-b813eaaf,baseline,A,115,115,7.443406300018978,5.894850969314575,5.624005079269409,test_kl,0.270845890045166
shapley-20260606T021133Z-b813eaaf,baseline,A,116,116,7.505394200019509,5.851261138916016,5.630921840667725,test_kl,0.22033929824829102
shapley-20260606T021133Z-b813eaaf,baseline,A,117,117,7.571042500021576,5.7450478076934814,5.84981107711792,test_kl,-0.10476326942443848
shapley-20260606T021133Z-b813eaaf,baseline,A,118,118,7.638795900023979,5.356219291687012,5.351530313491821,test_kl,0.00468897819519043
shapley-20260606T021133Z-b813eaaf,baseline,A,119,119,7.704245800025092,5.568904161453247,5.51989483833313,test_kl,0.04900932312011719
shapley-20260606T021133Z-b813eaaf,baseline,A,120,120,7.772175200025231,5.483494281768799,5.686975717544556,test_kl,-0.20348143577575684
shapley-20260606T021133Z-b813eaaf,baseline,A,121,121,7.843680700025288,5.130840539932251,5.081533908843994,test_kl,0.049306631088256836
shapley-20260606T021133Z-b813eaaf,baseline,A,122,122,7.908768600027543,5.537789583206177,5.045789957046509,test_kl,0.49199962615966797
shapley-20260606T021133Z-b813eaaf,baseline,A,123,123,7.97410120002678,5.215251207351685,5.134269952774048,test_kl,0.08098125457763672
shapley-20260606T021133Z-b813eaaf,baseline,A,124,124,8.04324140002791,4.760572671890259,4.918019771575928,test_kl,-0.15744709968566895
shapley-20260606T021133Z-b813eaaf,baseline,A,125,125,8.112364500029798,5.157528877258301,4.928328037261963,test_kl,0.2292008399963379
shapley-20260606T021133Z-b813eaaf,baseline,A,126,126,8.183543100032693,4.84872317314148,5.412544012069702,test_kl,-0.5638208389282218
shapley-20260606T021133Z-b813eaaf,baseline,A,127,127,8.251192100033222,5.08404016494751,4.720470190048218,test_kl,0.363569974899292
shapley-20260606T021133Z-b813eaaf,baseline,A,128,128,8.31568080003126,5.090224027633667,5.341254472732544,test_kl,-0.25103044509887695
shapley-20260606T021133Z-b813eaaf,baseline,A,129,129,8.380254300031083,4.632659912109375,4.758290529251099,test_kl,-0.12563061714172363
shapley-20260606T021133Z-b813eaaf,baseline,A,130,130,8.452212500029418,5.456331014633179,5.190127372741699,test_kl,0.2662036418914795
shapley-20260606T021133Z-b813eaaf,baseline,A,131,131,8.521739400031947,4.557549715042114,4.703874826431274,test_kl,-0.14632511138916016
shapley-20260606T021133Z-b813eaaf,baseline,A,132,132,8.586505300030694,5.2865095138549805,5.284179449081421,test_kl,0.0023300647735595703
shapley-20260606T021133Z-b813eaaf,baseline,A,133,133,8.656109900031879,4.836076498031616,4.721109390258789,test_kl,0.11496710777282715
shapley-20260606T021133Z-b813eaaf,baseline,A,134,134,8.727444300031493,4.914211750030518,5.120364189147949,test_kl,-0.20615243911743164
shapley-20260606T021133Z-b813eaaf,baseline,A,135,135,8.794549800029927,5.45752739906311,4.941108226776123,test_kl,0.5164191722869873
shapley-20260606T021133Z-b813eaaf,baseline,A,136,136,8.86155760003021,4.834917783737183,4.944688558578491,test_kl,-0.1097707748413086
shapley-20260606T021133Z-b813eaaf,baseline,A,137,137,8.92454090002866,4.9782702922821045,5.377326726913452,test_kl,-0.39905643463134766
shapley-20260606T021133Z-b813eaaf,baseline,A,138,138,8.99386690002575,4.928096532821655,4.808276176452637,test_kl,0.11982035636901855
shapley-20260606T021133Z-b813eaaf,baseline,A,139,139,9.056787600027748,4.964354753494263,4.973839521408081,test_kl,-0.00948476791381836
shapley-20260606T021133Z-b813eaaf,baseline,A,140,140,9.123380300028655,5.147245168685913,5.247532606124878,test_kl,-0.10028743743896484
shapley-20260606T021133Z-b813eaaf,baseline,A,141,141,9.187723500028367,4.805645704269409,4.787168502807617,test_kl,0.018477201461791992
shapley-20260606T021133Z-b813eaaf,baseline,A,142,142,9.256238100027986,5.191850900650024,4.947179317474365,test_kl,0.24467158317565918
shapley-20260606T021133Z-b813eaaf,baseline,A,143,143,9.324801800026762,5.065251350402832,5.037648677825928,test_kl,0.027602672576904297
shapley-20260606T021133Z-b813eaaf,baseline,A,144,144,9.391201300026296,4.907871246337891,4.984140396118164,test_kl,-0.07626914978027344
shapley-20260606T021133Z-b813eaaf,baseline,A,145,145,9.457069000025513,5.002544403076172,4.970049142837524,test_kl,0.03249526023864746
shapley-20260606T021133Z-b813eaaf,baseline,A,146,146,9.519999000025564,4.868385076522827,5.11849308013916,test_kl,-0.250108003616333
shapley-20260606T021133Z-b813eaaf,baseline,A,147,147,9.585033900024428,5.086160659790039,4.978805780410767,test_kl,0.10735487937927246
shapley-20260606T021133Z-b813eaaf,baseline,A,148,148,9.650056100021176,5.058311462402344,4.894091367721558,test_kl,0.16422009468078613
shapley-20260606T021133Z-b813eaaf,baseline,A,149,149,9.71660520002115,4.923091888427734,4.997647047042847,test_kl,-0.0745551586151123
shapley-20260606T021133Z-b813eaaf,baseline,A,150,150,9.785097900021356,5.0451765060424805,5.235292911529541,test_kl,-0.19011640548706055
shapley-20260606T021133Z-b813eaaf,baseline,A,151,151,9.85976650001976,4.978658437728882,5.156286239624023,test_kl,-0.1776278018951416
shapley-20260606T021133Z-b813eaaf,baseline,A,152,152,9.92868450001697,4.893517971038818,4.947011232376099,test_kl,-0.05349326133728027
shapley-20260606T021133Z-b813eaaf,baseline,A,153,153,9.995981200016104,4.930781126022339,4.843474388122559,test_kl,0.08730673789978027
shapley-20260606T021133Z-b813eaaf,baseline,A,154,154,10.05955770001674,5.0357325077056885,4.968965291976929,test_kl,0.06676721572875977
shapley-20260606T021133Z-b813eaaf,baseline,A,155,155,10.124202000017249,4.959313154220581,5.059274911880493,test_kl,-0.09996175765991211
shapley-20260606T021133Z-b813eaaf,baseline,A,156,156,10.193747300018003,4.987885236740112,5.050331592559815,test_kl,-0.06244635581970304
shapley-20260606T021133Z-b813eaaf,baseline,A,157,157,10.2567886000179,5.209259271621704,5.014128684997559,test_kl,0.1951305866241455
shapley-20260606T021133Z-b813eaaf,baseline,A,158,158,10.320813300018926,5.074774980545044,4.906068325042725,test_kl,0.16870665550231934
shapley-20260606T021133Z-b813eaaf,baseline,A,159,159,10.39013420002084,4.92295241355896,4.892394542694092,test_kl,0.030557870864868164
shapley-20260606T021133Z-b813eaaf,baseline,A,160,160,10.457295300020633,5.002681493759155,4.912615537643433,test_kl,0.09006595611572266
shapley-20260606T021133Z-b813eaaf,baseline,A,161,161,10.526456900021005,4.953365802764893,4.99860143661499,test_kl,-0.045235633850097656
shapley-20260606T021133Z-b813eaaf,baseline,A,162,162,10.59269320002204,4.925925731658936,5.0461015701293945,test_kl,-0.1201758384704581
shapley-20260606T021133Z-b813eaaf,baseline,A,163,163,10.662599500021315,4.995245456695557,5.07086443901062,test_kl,-0.07561898231506348
shapley-20260606T021133Z-b813eaaf,baseline,A,164,164,10.731483300020043,5.085721731185913,5.036731719970703,test_kl,0.04899001121520996
shapley-20260606T021133Z-b813eaaf,baseline,A,165,165,10.796959800019977,5.020297288894653,5.021536350250244,test_kl,-0.0012390613555908203
shapley-20260606T021133Z-b813eaaf,baseline,A,166,166,10.860747800019452,4.9790239334106445,4.965586185455322,test_kl,0.013437747955322266
shapley-20260606T021133Z-b813eaaf,baseline,A,167,167,10.925489800018113,5.041450262069702,4.95356297492981,test_kl,0.08788728713989258
shapley-20260606T021133Z-b813eaaf,baseline,A,168,168,10.991618400017614,5.028560638427734,4.980656862258911,test_kl,0.04790377616882324
shapley-20260606T021133Z-b813eaaf,baseline,A,169,169,11.0559400000202,4.951146364212036,5.025177001953125,test_kl,-0.07403063774108887
shapley-20260606T021133Z-b813eaaf,baseline,A,170,170,11.121118600018235,4.946925401687622,5.048361778259277,test_kl,-0.10143637657165527
shapley-20260606T021133Z-b813eaaf,baseline,A,171,171,11.1874653000159,4.988410949707031,5.054053068161011,test_kl,-0.06564211845397949
shapley-20260606T021133Z-b813eaaf,baseline,A,172,172,11.252938000016002,5.00204348564148,5.040205717086792,test_kl,-0.03816223144531161
shapley-20260606T021133Z-b813eaaf,baseline,A,173,173,11.31918980001501,4.9667603969573975,5.013568162918091,test_kl,-0.04680776596069336
shapley-20260606T021133Z-b813eaaf,baseline,A,174,174,11.382242700015922,4.99651026725769,4.997122526168823,test_kl,-0.0006122589111328125
shapley-20260606T021133Z-b813eaaf,baseline,A,175,175,11.444754200016176,5.030472755432129,4.984089612960815,test_kl,0.04638314247131348
shapley-20260606T021133Z-b813eaaf,baseline,A,176,176,11.509086000016396,5.017868041992188,4.967858076095581,test_kl,0.050009965896607333
shapley-20260606T021133Z-b813eaaf,baseline,A,177,177,11.574825300016528,5.024038791656494,4.946121692657471,test_kl,0.07791709899902344
shapley-20260606T021133Z-b813eaaf,baseline,A,178,178,11.637491900015448,5.044893980026245,4.944658994674683,test_kl,0.1002349853515625
shapley-20260606T021133Z-b813eaaf,baseline,A,179,179,11.70117230001415,5.005102634429932,4.9436023235321045,test_kl,0.06150031089782715
shapley-20260606T021133Z-b813eaaf,baseline,A,180,180,11.76604420001604,4.9712233543396,4.94981575012207,test_kl,0.021407604217529297
shapley-20260606T021133Z-b813eaaf,baseline,A,181,181,11.83532370001558,4.936646938323975,4.9699366092681885,test_kl,-0.03328967094421387
shapley-20260606T021133Z-b813eaaf,baseline,A,182,182,11.90589960001671,4.9630959033966064,4.974194765090942,test_kl,-0.011098861694335938
shapley-20260606T021133Z-b813eaaf,baseline,A,183,183,11.971152300015092,5.033623456954956,4.988594055175781,test_kl,0.045029401779174805
shapley-20260606T021133Z-b813eaaf,baseline,A,184,184,12.03691920001438,5.073999404907227,5.003866672515869,test_kl,0.07013273239135742
shapley-20260606T021133Z-b813eaaf,baseline,A,185,185,12.114208900013182,5.039734363555908,5.02102518081665,test_kl,0.018709182739257812
shapley-20260606T021133Z-b813eaaf,baseline,A,186,186,12.187846600012564,4.9725658893585205,5.03445291519165,test_kl,-0.06188702583312988
shapley-20260606T021133Z-b813eaaf,baseline,A,187,187,12.252360200011026,4.985039234161377,5.043253421783447,test_kl,-0.05821418762207031
shapley-20260606T021133Z-b813eaaf,baseline,A,188,188,12.314681400013797,5.015798330307007,5.0406575202941895,test_kl,-0.024859189987182617
shapley-20260606T021133Z-b813eaaf,baseline,A,189,189,12.376936700016811,5.015896081924439,5.039234638214111,test_kl,-0.023338556289671963
shapley-20260606T021133Z-b813eaaf,baseline,A,190,190,12.440964300014455,5.024622201919556,5.032467842102051,test_kl,-0.007845640182495117
shapley-20260606T021133Z-b813eaaf,baseline,A,191,191,12.505975300016871,5.034821271896362,5.025355815887451,test_kl,0.009465456008911133
shapley-20260606T021133Z-b813eaaf,baseline,A,192,192,12.57512340001631,5.025055170059204,5.020153045654297,test_kl,0.0049021244049072266
shapley-20260606T021133Z-b813eaaf,baseline,A,193,193,12.638367500014285,4.986804008483887,5.012052536010742,test_kl,-0.02524852752685547
shapley-20260606T021133Z-b813eaaf,baseline,A,194,194,12.70026170001438,4.933830499649048,5.000937223434448,test_kl,-0.06710672378540039
shapley-20260606T021133Z-b813eaaf,baseline,A,195,195,12.768836900013412,4.925658941268921,4.991449594497681,test_kl,-0.06579065322875977
shapley-20260606T021133Z-b813eaaf,baseline,A,196,196,12.83964920001381,4.926918029785156,4.987677574157715,test_kl,-0.060759544372558594
shapley-20260606T021133Z-b813eaaf,baseline,A,197,197,12.904535300014686,4.947590827941895,4.980689287185669,test_kl,-0.033098459243773526
shapley-20260606T021133Z-b813eaaf,baseline,A,198,198,12.977275100012776,4.973496675491333,4.977745532989502,test_kl,-0.004248857498168945
shapley-20260606T021133Z-b813eaaf,baseline,A,199,199,13.04201150001245,4.995209693908691,4.977173089981079,test_kl,0.018036603927612305
shapley-20260606T021158Z-cfd9af2c,marginal,A,0,0,0.2488545999985945,31.672099113464355,26.255615234375,test_kl,5.4164838790893555
shapley-20260606T021158Z-cfd9af2c,marginal,A,1,1,0.309505999997782,40.78507232666016,45.84290885925293,test_kl,-5.057836532592766
shapley-20260606T021158Z-cfd9af2c,marginal,A,2,2,0.3687217999977292,55.87175178527832,53.611663818359375,test_kl,2.2600879669189453
shapley-20260606T021158Z-cfd9af2c,marginal,A,3,3,0.4284461999959603,64.44524955749512,59.12266540527344,test_kl,5.32258415222168
shapley-20260606T021158Z-cfd9af2c,marginal,A,4,4,0.4868352999947092,67.68839645385742,63.93052673339844,test_kl,3.7578697204589844
shapley-20260606T021158Z-cfd9af2c,marginal,A,5,5,0.5469319999974687,69.96175003051758,65.59809494018555,test_kl,4.363655090332031
shapley-20260606T021158Z-cfd9af2c,marginal,A,6,6,0.6051208999961091,71.49717330932617,67.29339981079102,test_kl,4.203773498535156
shapley-20260606T021158Z-cfd9af2c,marginal,A,7,7,0.664330899995548,73.11229705810547,68.80030059814453,test_kl,4.3119964599609375
shapley-20260606T021158Z-cfd9af2c,marginal,A,8,8,0.7239215999943553,74.94329833984375,70.55035018920898,test_kl,4.392948150634766
shapley-20260606T021158Z-cfd9af2c,marginal,A,9,9,0.7874974999940605,77.7027359008789,73.57181930541992,test_kl,4.130916595458984
shapley-20260606T021158Z-cfd9af2c,marginal,A,10,10,0.8498626999935368,80.69108581542969,76.21290588378906,test_kl,4.478179931640625
shapley-20260606T021158Z-cfd9af2c,marginal,A,11,11,0.9101052999903914,50.80979537963867,47.97989082336426,test_kl,2.829904556274414
shapley-20260606T021158Z-cfd9af2c,marginal,A,12,12,0.9725173999904656,25.56535148620605,25.672496795654297,test_kl,-0.10714530944824574
shapley-20260606T021158Z-cfd9af2c,marginal,A,13,13,1.033412099990528,35.76483726501465,35.17817687988281,test_kl,0.5866603851318359
shapley-20260606T021158Z-cfd9af2c,marginal,A,14,14,1.09567189999143,48.40474510192871,47.14388847351074,test_kl,1.2608566284179688
shapley-20260606T021158Z-cfd9af2c,marginal,A,15,15,1.1566976999929466,44.32704544067383,43.87101173400879,test_kl,0.45603370666503906
shapley-20260606T021158Z-cfd9af2c,marginal,A,16,16,1.2159590999908687,27.854058265686035,27.68843173980713,test_kl,0.16562652587890625
shapley-20260606T021158Z-cfd9af2c,marginal,A,17,17,1.276182499990682,26.937074661254883,26.989864349365234,test_kl,-0.05278968811035156
shapley-20260606T021158Z-cfd9af2c,marginal,A,18,18,1.3353905999938434,37.7557487487793,37.65456199645996,test_kl,0.10118675231933594
shapley-20260606T021158Z-cfd9af2c,marginal,A,19,19,1.3953703999941354,39.0224666595459,38.58661842346192,test_kl,0.43584823608397727
shapley-20260606T021158Z-cfd9af2c,marginal,A,20,20,1.4557379999932891,27.918675422668457,27.50934219360352,test_kl,0.40933322906493785
shapley-20260606T021158Z-cfd9af2c,marginal,A,21,21,1.519908199992642,21.353371620178223,21.937597274780277,test_kl,-0.5842256546020543
shapley-20260606T021158Z-cfd9af2c,marginal,A,22,22,1.5866398999896774,25.976365089416504,26.431639671325684,test_kl,-0.4552745819091797
shapley-20260606T021158Z-cfd9af2c,marginal,A,23,23,1.6480982999928528,24.13040065765381,24.20335102081299,test_kl,-0.07295036315917969
shapley-20260606T021158Z-cfd9af2c,marginal,A,24,24,1.711854899993341,20.871560096740723,19.866202354431152,test_kl,1.0053577423095703
shapley-20260606T021158Z-cfd9af2c,marginal,A,25,25,1.772502199994051,24.602883338928223,22.69318008422852,test_kl,1.9097032546997035
shapley-20260606T021158Z-cfd9af2c,marginal,A,26,26,1.8401176999941529,23.21797180175781,21.13177967071533,test_kl,2.0861921310424805
shapley-20260606T021158Z-cfd9af2c,marginal,A,27,27,1.90434309999182,19.509302139282227,21.1525297164917,test_kl,-1.6432275772094727
shapley-20260606T021158Z-cfd9af2c,marginal,A,28,28,1.9680521999944176,22.030320167541504,20.647286415100098,test_kl,1.3830337524414062
shapley-20260606T021158Z-cfd9af2c,marginal,A,29,29,2.0268696999919484,20.421897888183597,18.5920991897583,test_kl,1.8297986984252965
shapley-20260606T021158Z-cfd9af2c,marginal,A,30,30,2.089548499992816,17.98582935333252,20.538360595703125,test_kl,-2.5525312423706055
shapley-20260606T021158Z-cfd9af2c,marginal,A,31,31,2.1566844999906607,20.50605297088623,19.141791343688965,test_kl,1.3642616271972656
shapley-20260606T021158Z-cfd9af2c,marginal,A,32,32,2.221946199992089,17.979886054992676,17.001079559326172,test_kl,0.9788064956665039
shapley-20260606T021158Z-cfd9af2c,marginal,A,33,33,2.283723299991834,16.55426025390625,19.134855270385746,test_kl,-2.5805950164794957
shapley-20260606T021158Z-cfd9af2c,marginal,A,34,34,2.3473621999910392,18.722681045532227,17.446609497070312,test_kl,1.276071548461914
shapley-20260606T021158Z-cfd9af2c,marginal,A,35,35,2.4078492999906302,17.12150478363037,16.422527313232422,test_kl,0.6989774703979492
shapley-20260606T021158Z-cfd9af2c,marginal,A,36,36,2.473609699991357,15.828782558441162,15.816452503204346,test_kl,0.012330055236816406
shapley-20260606T021158Z-cfd9af2c,marginal,A,37,37,2.536944799991033,17.184983253479004,16.516167640686035,test_kl,0.6688156127929688
shapley-20260606T021158Z-cfd9af2c,marginal,A,38,38,2.595902399989427,15.573552131652832,15.258095741271973,test_kl,0.3154563903808594
shapley-20260606T021158Z-cfd9af2c,marginal,A,39,39,2.657299399987096,15.866421699523926,15.01888370513916,test_kl,0.8475379943847656
shapley-20260606T021158Z-cfd9af2c,marginal,A,40,40,2.717480999985128,14.797483444213867,15.03193187713623,test_kl,-0.23444843292236328
shapley-20260606T021158Z-cfd9af2c,marginal,A,41,41,2.78084749998743,14.256747722625732,14.43865203857422,test_kl,-0.1819043159484881
shapley-20260606T021158Z-cfd9af2c,marginal,A,42,42,2.83930349998991,13.96535062789917,13.698717594146729,test_kl,0.2666330337524414
shapley-20260606T021158Z-cfd9af2c,marginal,A,43,43,2.8981510999910824,13.169085025787354,13.589314460754396,test_kl,-0.4202294349670428
shapley-20260606T021158Z-cfd9af2c,marginal,A,44,44,2.9619492999918293,13.920411586761476,13.00283432006836,test_kl,0.917577266693117
shapley-20260606T021158Z-cfd9af2c,marginal,A,45,45,3.0334176999931515,13.087933540344238,13.994447708129885,test_kl,-0.9065141677856463
shapley-20260606T021158Z-cfd9af2c,marginal,A,46,46,3.0982022999924084,13.082509517669678,13.646783351898192,test_kl,-0.5642738342285138
shapley-20260606T021158Z-cfd9af2c,marginal,A,47,47,3.1656005999902845,12.750584602355955,13.092206478118896,test_kl,-0.34162187576294123
shapley-20260606T021158Z-cfd9af2c,marginal,A,48,48,3.23584289999053,12.476635932922363,12.442038536071776,test_kl,0.034597396850587714
shapley-20260606T021158Z-cfd9af2c,marginal,A,49,49,3.2966626999914297,12.069432735443115,12.240901470184326,test_kl,-0.17146873474121094
shapley-20260606T021158Z-cfd9af2c,marginal,A,50,50,3.3612737999901583,11.58671236038208,12.05720329284668,test_kl,-0.4704909324645996
shapley-20260606T021158Z-cfd9af2c,marginal,A,51,51,3.4259186999879603,12.384242534637451,12.067748069763184,test_kl,0.3164944648742676
shapley-20260606T021158Z-cfd9af2c,marginal,A,52,52,3.496027299985144,11.732787609100342,11.376410484313965,test_kl,0.35637712478637695
shapley-20260606T021158Z-cfd9af2c,marginal,A,53,53,3.5669685999855574,11.90708065032959,10.94096326828003,test_kl,0.9661173820495605
shapley-20260606T021158Z-cfd9af2c,marginal,A,54,54,3.6343199999864737,11.259735584259031,11.77488136291504,test_kl,-0.5151457786560094
shapley-20260606T021158Z-cfd9af2c,marginal,A,55,55,3.701177499984624,10.991601467132568,10.87335968017578,test_kl,0.11824178695678889
shapley-20260606T021158Z-cfd9af2c,marginal,A,56,56,3.763910399986344,10.568448066711426,11.443854808807371,test_kl,-0.8754067420959455
shapley-20260606T021158Z-cfd9af2c,marginal,A,57,57,3.827679299985903,10.915637016296388,10.61046028137207,test_kl,0.3051767349243182
shapley-20260606T021158Z-cfd9af2c,marginal,A,58,58,3.886829599985504,10.564730167388916,10.645172595977783,test_kl,-0.08044242858886719
shapley-20260606T021158Z-cfd9af2c,marginal,A,59,59,3.9487609999850974,10.523192405700684,10.402687072753906,test_kl,0.12050533294677734
shapley-20260606T021158Z-cfd9af2c,marginal,A,60,60,4.015185399985057,9.838025569915771,10.101604461669922,test_kl,-0.2635788917541504
shapley-20260606T021158Z-cfd9af2c,marginal,A,61,61,4.0789480999847,9.709407329559326,10.70259952545166,test_kl,-0.993192195892334
shapley-20260606T021158Z-cfd9af2c,marginal,A,62,62,4.139136099984171,9.8806414604187,10.12771463394165,test_kl,-0.247073173522951
shapley-20260606T021158Z-cfd9af2c,marginal,A,63,63,4.20532379998258,9.886786937713625,10.3032546043396,test_kl,-0.4164676666259748
shapley-20260606T021158Z-cfd9af2c,marginal,A,64,64,4.271909999984928,9.574715614318848,10.006275653839111,test_kl,-0.43156003952026367
shapley-20260606T021158Z-cfd9af2c,marginal,A,65,65,4.332386899983248,9.599207401275637,9.5745587348938,test_kl,0.024648666381835938
shapley-20260606T021158Z-cfd9af2c,marginal,A,66,66,4.394049199981964,9.139782428741457,9.240948677062988,test_kl,-0.10116624832153143
shapley-20260606T021158Z-cfd9af2c,marginal,A,67,67,4.457931699980691,9.11410140991211,9.27700138092041,test_kl,-0.16289997100830078
shapley-20260606T021158Z-cfd9af2c,marginal,A,68,68,4.518744099983451,8.936223983764648,9.381709098815918,test_kl,-0.44548511505126953
shapley-20260606T021158Z-cfd9af2c,marginal,A,69,69,4.585832699984167,9.070252895355225,9.399604320526125,test_kl,-0.3293514251709002
shapley-20260606T021158Z-cfd9af2c,marginal,A,70,70,4.645570999982738,9.226693630218506,9.393848896026611,test_kl,-0.16715526580810547
shapley-20260606T021158Z-cfd9af2c,marginal,A,71,71,4.70498839998254,8.758805274963379,8.586243152618408,test_kl,0.1725621223449707
shapley-20260606T021158Z-cfd9af2c,marginal,A,72,72,4.767226299984031,8.238601207733154,8.343228340148926,test_kl,-0.10462713241577148
shapley-20260606T021158Z-cfd9af2c,marginal,A,73,73,4.832761199984816,8.520517349243164,8.57966947555542,test_kl,-0.05915212631225586
shapley-20260606T021158Z-cfd9af2c,marginal,A,74,74,4.895091499984119,8.506160259246826,8.65553617477417,test_kl,-0.14937591552734375
shapley-20260606T021158Z-cfd9af2c,marginal,A,75,75,4.954530799983331,8.037469387054443,8.783775329589844,test_kl,-0.7463059425354004
shapley-20260606T021158Z-cfd9af2c,marginal,A,76,76,5.013212499983638,8.376487255096436,8.39226770401001,test_kl,-0.01578044891357422
shapley-20260606T021158Z-cfd9af2c,marginal,A,77,77,5.072468999984267,8.195835590362549,8.22144365310669,test_kl,-0.025608062744140625
shapley-20260606T021158Z-cfd9af2c,marginal,A,78,78,5.13534889998482,8.316270351409912,7.701766967773437,test_kl,0.6145033836364755
shapley-20260606T021158Z-cfd9af2c,marginal,A,79,79,5.199261299985665,7.368137359619141,7.81900429725647,test_kl,-0.4508669376373291
shapley-20260606T021158Z-cfd9af2c,marginal,A,80,80,5.263158499987185,8.05759882926941,7.596171617507935,test_kl,0.4614272117614746
shapley-20260606T021158Z-cfd9af2c,marginal,A,81,81,5.329492599987134,7.9058122634887695,7.582683801651001,test_kl,0.32312846183776855
shapley-20260606T021158Z-cfd9af2c,marginal,A,82,82,5.390934699989884,7.775031328201294,7.316468715667725,test_kl,0.45856261253356934
shapley-20260606T021158Z-cfd9af2c,marginal,A,83,83,5.452262399991014,8.110843658447266,7.647622346878052,test_kl,0.46322131156921387
shapley-20260606T021158Z-cfd9af2c,marginal,A,84,84,5.512538599989057,7.273579835891724,7.35083270072937,test_kl,-0.07725286483764648
shapley-20260606T021158Z-cfd9af2c,marginal,A,85,85,5.572196199991595,7.34087061882019,7.85458779335022,test_kl,-0.5137171745300293
shapley-20260606T021158Z-cfd9af2c,marginal,A,86,86,5.633594299990364,7.47153902053833,7.014934778213501,test_kl,0.4566042423248291
shapley-20260606T021158Z-cfd9af2c,marginal,A,87,87,5.694751799990627,7.290381908416748,6.953618288040161,test_kl,0.3367636203765869
shapley-20260606T021158Z-cfd9af2c,marginal,A,88,88,5.754141699988395,7.531578779220581,7.634896516799927,test_kl,-0.1033177375793457
shapley-20260606T021158Z-cfd9af2c,marginal,A,89,89,5.817614899988257,6.940834045410156,6.986807823181152,test_kl,-0.045973777770996094
shapley-20260606T021158Z-cfd9af2c,marginal,A,90,90,5.885456899985002,6.771130323410034,6.999011754989624,test_kl,-0.22788143157958984
shapley-20260606T021158Z-cfd9af2c,marginal,A,91,91,5.947811399983038,7.109293222427368,6.947777271270752,test_kl,0.1615159511566162
shapley-20260606T021158Z-cfd9af2c,marginal,A,92,92,6.0116690999821,7.424421310424805,6.5157856941223145,test_kl,0.9086356163024902
shapley-20260606T021158Z-cfd9af2c,marginal,A,93,93,6.0762648999843805,7.052385330200195,6.970280170440674,test_kl,0.08210515975952148
shapley-20260606T021158Z-cfd9af2c,marginal,A,94,94,6.141638699984469,6.966711759567261,6.690809488296509,test_kl,0.27590227127075195
shapley-20260606T021158Z-cfd9af2c,marginal,A,95,95,6.207254399985686,6.370025157928467,6.603650808334351,test_kl,-0.2336256504058838
shapley-20260606T021158Z-cfd9af2c,marginal,A,96,96,6.273468899984437,6.910257339477539,6.579614162445068,test_kl,0.3306431770324707
shapley-20260606T021158Z-cfd9af2c,marginal,A,97,97,6.3380326999867975,7.02332067489624,6.925744295120239,test_kl,0.09757637977600098
shapley-20260606T021158Z-cfd9af2c,marginal,A,98,98,6.402702099989256,5.9887168407440186,6.773914813995361,test_kl,-0.7851979732513428
shapley-20260606T021158Z-cfd9af2c,marginal,A,99,99,6.468164599991724,6.795890808105469,6.004422187805176,test_kl,0.791468620300293
shapley-20260606T021158Z-cfd9af2c,marginal,A,100,100,6.530547899994417,6.519774913787842,6.076819658279419,test_kl,0.44295525550842285
shapley-20260606T021158Z-cfd9af2c,marginal,A,101,101,6.596158099993772,6.162234783172607,6.36808180809021,test_kl,-0.20584702491760254
shapley-20260606T021158Z-cfd9af2c,marginal,A,102,102,6.661936799995601,6.551612138748169,7.008118391036987,test_kl,-0.45650625228881836
shapley-20260606T021158Z-cfd9af2c,marginal,A,103,103,6.726839199993265,6.119624614715576,6.100219964981079,test_kl,0.01940464973449707
shapley-20260606T021158Z-cfd9af2c,marginal,A,104,104,6.789898999992147,6.013373136520386,6.227230310440064,test_kl,-0.21385717391967862
shapley-20260606T021158Z-cfd9af2c,marginal,A,105,105,6.854746899993188,6.813201427459717,5.501819372177124,test_kl,1.3113820552825928
shapley-20260606T021158Z-cfd9af2c,marginal,A,106,106,6.916977599990787,6.236603021621704,6.224535942077637,test_kl,0.012067079544067383
shapley-20260606T021158Z-cfd9af2c,marginal,A,107,107,6.981029899990972,5.760503768920898,6.367827415466309,test_kl,-0.6073236465454102
shapley-20260606T021158Z-cfd9af2c,marginal,A,108,108,7.042867499993008,6.309524059295654,5.917171955108643,test_kl,0.3923521041870117
shapley-20260606T021158Z-cfd9af2c,marginal,A,109,109,7.104516899991722,5.8756420612335205,5.772876739501953,test_kl,0.10276532173156738
shapley-20260606T021158Z-cfd9af2c,marginal,A,110,110,7.168020399989473,5.940593242645264,6.339181900024414,test_kl,-0.3985886573791504
shapley-20260606T021158Z-cfd9af2c,marginal,A,111,111,7.23079959999086,5.810802698135376,5.785769939422607,test_kl,0.025032758712768555
shapley-20260606T021158Z-cfd9af2c,marginal,A,112,112,7.298766799991426,5.816108465194702,5.758206367492676,test_kl,0.05790209770202637
shapley-20260606T021158Z-cfd9af2c,marginal,A,113,113,7.369584899992333,6.035028457641602,5.93566107749939,test_kl,0.09936738014221191
shapley-20260606T021158Z-cfd9af2c,marginal,A,114,114,7.4377054999931715,5.857895851135254,5.652736663818359,test_kl,0.20515918731689453
shapley-20260606T021158Z-cfd9af2c,marginal,A,115,115,7.508259599995654,5.753665447235107,5.624005079269409,test_kl,0.12966036796569824
shapley-20260606T021158Z-cfd9af2c,marginal,A,116,116,7.577590499993676,5.632589101791382,5.630921840667725,test_kl,0.0016672611236572266
shapley-20260606T021158Z-cfd9af2c,marginal,A,117,117,7.646549899996899,5.755473852157593,5.84981107711792,test_kl,-0.09433722496032715
shapley-20260606T021158Z-cfd9af2c,marginal,A,118,118,7.710550499996316,5.512601852416992,5.351530313491821,test_kl,0.1610715389251709
shapley-20260606T021158Z-cfd9af2c,marginal,A,119,119,7.780780199995206,5.501299858093262,5.51989483833313,test_kl,-0.018594980239868164
shapley-20260606T021158Z-cfd9af2c,marginal,A,120,120,7.846319499996753,5.433948516845703,5.686975717544556,test_kl,-0.25302720069885254
shapley-20260606T021158Z-cfd9af2c,marginal,A,121,121,7.915170599997509,5.3667380809783936,5.081533908843994,test_kl,0.2852041721343994
shapley-20260606T021158Z-cfd9af2c,marginal,A,122,122,7.978013899995858,5.25818657875061,5.045789957046509,test_kl,0.21239662170410156
shapley-20260606T021158Z-cfd9af2c,marginal,A,123,123,8.041153099995427,4.736488342285156,5.134269952774048,test_kl,-0.3977816104888916
shapley-20260606T021158Z-cfd9af2c,marginal,A,124,124,8.107110099994316,5.250587701797485,4.918019771575928,test_kl,0.3325679302215576
shapley-20260606T021158Z-cfd9af2c,marginal,A,125,125,8.183437499996217,5.331042528152466,4.928328037261963,test_kl,0.40271449089050293
shapley-20260606T021158Z-cfd9af2c,marginal,A,126,126,8.251375799995003,4.718769311904907,5.412544012069702,test_kl,-0.6937747001647949
shapley-20260606T021158Z-cfd9af2c,marginal,A,127,127,8.31769579999309,5.349788188934326,4.720470190048218,test_kl,0.6293179988861084
shapley-20260606T021158Z-cfd9af2c,marginal,A,128,128,8.388282199994137,4.544897794723511,5.341254472732544,test_kl,-0.7963566780090332
shapley-20260606T021158Z-cfd9af2c,marginal,A,129,129,8.4602759999907,5.58738899230957,4.758290529251099,test_kl,0.8290984630584717
shapley-20260606T021158Z-cfd9af2c,marginal,A,130,130,8.54579489999378,4.4731125831604,5.190127372741699,test_kl,-0.7170147895812988
shapley-20260606T021158Z-cfd9af2c,marginal,A,131,131,8.638173399991501,5.1825902462005615,4.703874826431274,test_kl,0.4787154197692871
shapley-20260606T021158Z-cfd9af2c,marginal,A,132,132,8.729980899988732,4.856598854064941,5.284179449081421,test_kl,-0.4275805950164795
shapley-20260606T021158Z-cfd9af2c,marginal,A,133,133,8.814299099987693,4.990759611129761,4.721109390258789,test_kl,0.2696502208709717
shapley-20260606T021158Z-cfd9af2c,marginal,A,134,134,8.898978999986866,5.044534683227539,5.120364189147949,test_kl,-0.07582950592041016
shapley-20260606T021158Z-cfd9af2c,marginal,A,135,135,8.966691499987064,5.222300052642822,4.941108226776123,test_kl,0.2811918258666992
shapley-20260606T021158Z-cfd9af2c,marginal,A,136,136,9.028307099986703,5.133057832717896,4.944688558578491,test_kl,0.18836927413940519
shapley-20260606T021158Z-cfd9af2c,marginal,A,137,137,9.091436899987457,4.870241165161133,5.377326726913452,test_kl,-0.5070855617523193
shapley-20260606T021158Z-cfd9af2c,marginal,A,138,138,9.153888499986351,4.994589567184448,4.808276176452637,test_kl,0.18631339073181152
shapley-20260606T021158Z-cfd9af2c,marginal,A,139,139,9.21851619998779,4.920555591583252,4.973839521408081,test_kl,-0.0532839298248291
shapley-20260606T021158Z-cfd9af2c,marginal,A,140,140,9.28623209998841,5.024532318115234,5.247532606124878,test_kl,-0.22300028800964355
shapley-20260606T021158Z-cfd9af2c,marginal,A,141,141,9.35153649998756,4.944366931915283,4.787168502807617,test_kl,0.15719842910766602
shapley-20260606T021158Z-cfd9af2c,marginal,A,142,142,9.4170774999875,5.0705177783966064,4.947179317474365,test_kl,0.12333846092224121
shapley-20260606T021158Z-cfd9af2c,marginal,A,143,143,9.482131699987804,4.997163772583008,5.037648677825928,test_kl,-0.04048490524291992
shapley-20260606T021158Z-cfd9af2c,marginal,A,144,144,9.54469119998612,4.948196887969971,4.984140396118164,test_kl,-0.03594350814819336
shapley-20260606T021158Z-cfd9af2c,marginal,A,145,145,9.60829799998828,4.901845455169678,4.970049142837524,test_kl,-0.06820368766784668
shapley-20260606T021158Z-cfd9af2c,marginal,A,146,146,9.675659199987422,5.044456481933594,5.11849308013916,test_kl,-0.0740365982055664
shapley-20260606T021158Z-cfd9af2c,marginal,A,147,147,9.7407482999879,5.09847903251648,4.978805780410767,test_kl,0.11967325210571378
shapley-20260606T021158Z-cfd9af2c,marginal,A,148,148,9.802991399988969,5.03925633430481,4.894091367721558,test_kl,0.14516496658325195
shapley-20260606T021158Z-cfd9af2c,marginal,A,149,149,9.86622909998914,4.921738147735596,4.997647047042847,test_kl,-0.07590889930725098
shapley-20260606T021158Z-cfd9af2c,marginal,A,150,150,9.938762999991011,4.990401744842529,5.235292911529541,test_kl,-0.24489116668701172
shapley-20260606T021158Z-cfd9af2c,marginal,A,151,151,10.003663099989351,5.076352119445801,5.156286239624023,test_kl,-0.07993412017822266
shapley-20260606T021158Z-cfd9af2c,marginal,A,152,152,10.069106799986912,4.992403268814087,4.947011232376099,test_kl,0.04539203643798828
shapley-20260606T021158Z-cfd9af2c,marginal,A,153,153,10.136051999987105,4.914411306381226,4.843474388122559,test_kl,0.07093691825866699
shapley-20260606T021158Z-cfd9af2c,marginal,A,154,154,10.203412799986836,4.895305395126343,4.968965291976929,test_kl,-0.07365989685058594
shapley-20260606T021158Z-cfd9af2c,marginal,A,155,155,10.273001499987004,4.951776742935181,5.059274911880493,test_kl,-0.1074981689453125
shapley-20260606T021158Z-cfd9af2c,marginal,A,156,156,10.336870299986913,5.0183939933776855,5.050331592559815,test_kl,-0.031937599182129794
shapley-20260606T021158Z-cfd9af2c,marginal,A,157,157,10.403362499986542,5.104686498641968,5.014128684997559,test_kl,0.09055781364440918
shapley-20260606T021158Z-cfd9af2c,marginal,A,158,158,10.4684728999855,5.118639707565308,4.906068325042725,test_kl,0.212571382522583
shapley-20260606T021158Z-cfd9af2c,marginal,A,159,159,10.537362199986092,5.073900699615479,4.892394542694092,test_kl,0.1815061569213876
shapley-20260606T021158Z-cfd9af2c,marginal,A,160,160,10.602711399988038,4.943666934967041,4.912615537643433,test_kl,0.0310513973236084
shapley-20260606T021158Z-cfd9af2c,marginal,A,161,161,10.674323499988532,4.9267354011535645,4.99860143661499,test_kl,-0.07186603546142578
shapley-20260606T021158Z-cfd9af2c,marginal,A,162,162,10.744916199990255,4.961604356765747,5.0461015701293945,test_kl,-0.08449721336364746
shapley-20260606T021158Z-cfd9af2c,marginal,A,163,163,10.812523399989004,4.995783090591431,5.07086443901062,test_kl,-0.07508134841918945
shapley-20260606T021158Z-cfd9af2c,marginal,A,164,164,10.878685099989523,5.008514165878296,5.036731719970703,test_kl,-0.028217554092407227
shapley-20260606T021158Z-cfd9af2c,marginal,A,165,165,10.94635909999124,5.0371198654174805,5.021536350250244,test_kl,0.015583515167236328
shapley-20260606T021158Z-cfd9af2c,marginal,A,166,166,11.010531499989156,5.045259237289429,4.965586185455322,test_kl,0.07967305183410645
shapley-20260606T021158Z-cfd9af2c,marginal,A,167,167,11.076138099990205,5.031355619430542,4.95356297492981,test_kl,0.07779264450073242
shapley-20260606T021158Z-cfd9af2c,marginal,A,168,168,11.14332919998924,4.9831626415252686,4.980656862258911,test_kl,0.002505779266357422
shapley-20260606T021158Z-cfd9af2c,marginal,A,169,169,11.20901499998945,4.948078155517578,5.025177001953125,test_kl,-0.07709884643554688
shapley-20260606T021158Z-cfd9af2c,marginal,A,170,170,11.273924999990411,4.934870958328247,5.048361778259277,test_kl,-0.11349081993103027
shapley-20260606T021158Z-cfd9af2c,marginal,A,171,171,11.336658599990187,4.967503070831299,5.054053068161011,test_kl,-0.08654999732971191
shapley-20260606T021158Z-cfd9af2c,marginal,A,172,172,11.40009929998996,4.985366106033325,5.040205717086792,test_kl,-0.0548396110534668
shapley-20260606T021158Z-cfd9af2c,marginal,A,173,173,11.46713469999304,5.000301837921143,5.013568162918091,test_kl,-0.013266324996948242
shapley-20260606T021158Z-cfd9af2c,marginal,A,174,174,11.535625599994091,5.022258996963501,4.997122526168823,test_kl,0.025136470794677734
shapley-20260606T021158Z-cfd9af2c,marginal,A,175,175,11.605691299992031,5.04929256439209,4.984089612960815,test_kl,0.06520295143127441
shapley-20260606T021158Z-cfd9af2c,marginal,A,176,176,11.66839199999231,5.053367614746094,4.967858076095581,test_kl,0.0855095386505127
shapley-20260606T021158Z-cfd9af2c,marginal,A,177,177,11.731536899995264,5.05044960975647,4.946121692657471,test_kl,0.10432791709899902
shapley-20260606T021158Z-cfd9af2c,marginal,A,178,178,11.797396599995407,5.022314786911011,4.944658994674683,test_kl,0.07765579223632812
shapley-20260606T021158Z-cfd9af2c,marginal,A,179,179,11.859241899994233,4.987991571426392,4.9436023235321045,test_kl,0.04438924789428711
shapley-20260606T021158Z-cfd9af2c,marginal,A,180,180,11.923976599991876,4.963112831115723,4.94981575012207,test_kl,0.013297080993652344
shapley-20260606T021158Z-cfd9af2c,marginal,A,181,181,11.986569499989857,4.954207181930542,4.9699366092681885,test_kl,-0.015729427337646484
shapley-20260606T021158Z-cfd9af2c,marginal,A,182,182,12.053489299989453,4.955621004104614,4.974194765090942,test_kl,-0.018573760986328125
shapley-20260606T021158Z-cfd9af2c,marginal,A,183,183,12.119539199989958,4.952118158340454,4.988594055175781,test_kl,-0.03647589683532715
shapley-20260606T021158Z-cfd9af2c,marginal,A,184,184,12.18714289998752,4.946601390838623,5.003866672515869,test_kl,-0.057265281677246094
shapley-20260606T021158Z-cfd9af2c,marginal,A,185,185,12.2524392999876,4.948404550552368,5.02102518081665,test_kl,-0.07262063026428223
shapley-20260606T021158Z-cfd9af2c,marginal,A,186,186,12.324583499987057,4.971039772033691,5.03445291519165,test_kl,-0.06341314315795898
shapley-20260606T021158Z-cfd9af2c,marginal,A,187,187,12.391885199987884,4.991633653640747,5.043253421783447,test_kl,-0.051619768142700195
shapley-20260606T021158Z-cfd9af2c,marginal,A,188,188,12.463903099986055,5.005079746246338,5.0406575202941895,test_kl,-0.03557777404785156
shapley-20260606T021158Z-cfd9af2c,marginal,A,189,189,12.53215529998488,5.010413885116577,5.039234638214111,test_kl,-0.02882075309753418
shapley-20260606T021158Z-cfd9af2c,marginal,A,190,190,12.60031069998513,5.00991415977478,5.032467842102051,test_kl,-0.022553682327270508
shapley-20260606T021158Z-cfd9af2c,marginal,A,191,191,12.66860279998582,5.003620386123657,5.025355815887451,test_kl,-0.021735429763793945
shapley-20260606T021158Z-cfd9af2c,marginal,A,192,192,12.738694599986047,4.996687173843384,5.020153045654297,test_kl,-0.023465871810913086
shapley-20260606T021158Z-cfd9af2c,marginal,A,193,193,12.802970399985496,4.997116327285767,5.012052536010742,test_kl,-0.014936208724975586
shapley-20260606T021158Z-cfd9af2c,marginal,A,194,194,12.86794069998723,5.000129461288452,5.000937223434448,test_kl,-0.0008077621459960938
shapley-20260606T021158Z-cfd9af2c,marginal,A,195,195,12.93008659998668,4.998990058898926,4.991449594497681,test_kl,0.007540464401245117
shapley-20260606T021158Z-cfd9af2c,marginal,A,196,196,12.99480569998559,5.001438617706299,4.987677574157715,test_kl,0.013761043548583984
shapley-20260606T021158Z-cfd9af2c,marginal,A,197,197,13.05733449998661,5.0047478675842285,4.980689287185669,test_kl,0.02405858039855957
shapley-20260606T021158Z-cfd9af2c,marginal,A,198,198,13.125125999988086,5.0118443965911865,4.977745532989502,test_kl,0.03409886360168457
shapley-20260606T021158Z-cfd9af2c,marginal,A,199,199,13.19132629998785,5.013832092285156,4.977173089981079,test_kl,0.03665900230407715
shapley-20260606T021222Z-ff3a2d3c,conditional,A,0,0,0.2544884999988426,21.71680355072021,26.255615234375,test_kl,-4.538811683654789
shapley-20260606T021222Z-ff3a2d3c,conditional,A,1,1,0.3143003999975917,50.01461601257324,45.84290885925293,test_kl,4.1717071533203125
shapley-20260606T021222Z-ff3a2d3c,conditional,A,2,2,0.375339599995641,53.58907508850098,53.611663818359375,test_kl,-0.022588729858398438
shapley-20260606T021222Z-ff3a2d3c,conditional,A,3,3,0.4341014999954495,63.3477897644043,59.12266540527344,test_kl,4.225124359130859
shapley-20260606T021222Z-ff3a2d3c,conditional,A,4,4,0.4941585999949893,64.81795883178711,63.93052673339844,test_kl,0.8874320983886719
shapley-20260606T021222Z-ff3a2d3c,conditional,A,5,5,0.5556510999958846,68.51979446411133,65.59809494018555,test_kl,2.9216995239257812
shapley-20260606T021222Z-ff3a2d3c,conditional,A,6,6,0.6166050999963772,72.07192611694336,67.29339981079102,test_kl,4.778526306152344
shapley-20260606T021222Z-ff3a2d3c,conditional,A,7,7,0.6782691999978852,74.37686920166016,68.80030059814453,test_kl,5.576568603515625
shapley-20260606T021222Z-ff3a2d3c,conditional,A,8,8,0.740891699999338,76.74000930786133,70.55035018920898,test_kl,6.189659118652344
shapley-20260606T021222Z-ff3a2d3c,conditional,A,9,9,0.8039136000006692,79.86191177368164,73.57181930541992,test_kl,6.290092468261719
shapley-20260606T021222Z-ff3a2d3c,conditional,A,10,10,0.8629488000005949,83.02210998535156,76.21290588378906,test_kl,6.8092041015625
shapley-20260606T021222Z-ff3a2d3c,conditional,A,11,11,0.9229162000010548,50.5157356262207,47.97989082336426,test_kl,2.5358448028564453
shapley-20260606T021222Z-ff3a2d3c,conditional,A,12,12,0.9849291000027732,26.335023880004883,25.672496795654297,test_kl,0.6625270843505859
shapley-20260606T021222Z-ff3a2d3c,conditional,A,13,13,1.0456073000023025,36.87384033203125,35.17817687988281,test_kl,1.6956634521484375
shapley-20260606T021222Z-ff3a2d3c,conditional,A,14,14,1.1093837000044005,49.51706314086914,47.14388847351074,test_kl,2.3731746673583984
shapley-20260606T021222Z-ff3a2d3c,conditional,A,15,15,1.1710091000022658,44.77126121520996,43.87101173400879,test_kl,0.9002494812011719
shapley-20260606T021222Z-ff3a2d3c,conditional,A,16,16,1.2312721000016609,27.80665397644043,27.68843173980713,test_kl,0.11822223663330078
shapley-20260606T021222Z-ff3a2d3c,conditional,A,17,17,1.2908796000010625,27.54127597808838,26.989864349365234,test_kl,0.5514116287231445
shapley-20260606T021222Z-ff3a2d3c,conditional,A,18,18,1.354940400000487,39.32663917541504,37.65456199645996,test_kl,1.6720771789550781
shapley-20260606T021222Z-ff3a2d3c,conditional,A,19,19,1.4167292000020095,40.49067687988281,38.58661842346192,test_kl,1.9040584564208913
shapley-20260606T021222Z-ff3a2d3c,conditional,A,20,20,1.4806052999992971,28.22160053253174,27.50934219360352,test_kl,0.7122583389282191
shapley-20260606T021222Z-ff3a2d3c,conditional,A,21,21,1.5394544999981008,21.81631374359131,21.937597274780277,test_kl,-0.1212835311889684
shapley-20260606T021222Z-ff3a2d3c,conditional,A,22,22,1.602846399997361,27.10412883758545,26.431639671325684,test_kl,0.6724891662597656
shapley-20260606T021222Z-ff3a2d3c,conditional,A,23,23,1.6656437999954503,25.120251655578613,24.20335102081299,test_kl,0.916900634765625
shapley-20260606T021222Z-ff3a2d3c,conditional,A,24,24,1.727792999998201,19.949137687683105,19.866202354431152,test_kl,0.08293533325195312
shapley-20260606T021222Z-ff3a2d3c,conditional,A,25,25,1.7942125999979908,22.751259803771973,22.69318008422852,test_kl,0.05807971954345348
shapley-20260606T021222Z-ff3a2d3c,conditional,A,26,26,1.86644829999932,21.283102989196777,21.13177967071533,test_kl,0.15132331848144887
shapley-20260606T021222Z-ff3a2d3c,conditional,A,27,27,1.9306623999982548,21.42733669281006,21.1525297164917,test_kl,0.2748069763183594
shapley-20260606T021222Z-ff3a2d3c,conditional,A,28,28,1.991301400001248,20.261266708374023,20.647286415100098,test_kl,-0.3860197067260742
shapley-20260606T021222Z-ff3a2d3c,conditional,A,29,29,2.05685799999992,18.44606876373291,18.5920991897583,test_kl,-0.14603042602539062
shapley-20260606T021222Z-ff3a2d3c,conditional,A,30,30,2.12029099999927,19.772899627685547,20.538360595703125,test_kl,-0.7654609680175781
shapley-20260606T021222Z-ff3a2d3c,conditional,A,31,31,2.181147499999497,18.506657600402832,19.141791343688965,test_kl,-0.6351337432861328
shapley-20260606T021222Z-ff3a2d3c,conditional,A,32,32,2.241106299999956,17.292973518371582,17.001079559326172,test_kl,0.29189395904541016
shapley-20260606T021222Z-ff3a2d3c,conditional,A,33,33,2.3010871000005864,19.323728561401367,19.134855270385746,test_kl,0.18887329101562145
shapley-20260606T021222Z-ff3a2d3c,conditional,A,34,34,2.367528500002664,17.50303840637207,17.446609497070312,test_kl,0.05642890930175781
shapley-20260606T021222Z-ff3a2d3c,conditional,A,35,35,2.4305061000013666,16.147398948669434,16.422527313232422,test_kl,-0.2751283645629883
shapley-20260606T021222Z-ff3a2d3c,conditional,A,36,36,2.4919426000014937,17.54961109161377,15.816452503204346,test_kl,1.7331585884094238
shapley-20260606T021222Z-ff3a2d3c,conditional,A,37,37,2.555518100001791,15.8822283744812,16.516167640686035,test_kl,-0.6339392662048358
shapley-20260606T021222Z-ff3a2d3c,conditional,A,38,38,2.618877300003078,15.563560962677002,15.258095741271973,test_kl,0.3054652214050293
shapley-20260606T021222Z-ff3a2d3c,conditional,A,39,39,2.6801777000000584,15.180841445922852,15.01888370513916,test_kl,0.1619577407836914
shapley-20260606T021222Z-ff3a2d3c,conditional,A,40,40,2.741738799999439,14.480592727661133,15.03193187713623,test_kl,-0.5513391494750977
shapley-20260606T021222Z-ff3a2d3c,conditional,A,41,41,2.8085509999982605,14.172673225402832,14.43865203857422,test_kl,-0.2659788131713885
shapley-20260606T021222Z-ff3a2d3c,conditional,A,42,42,2.8692068999989715,13.912272453308104,13.698717594146729,test_kl,0.21355485916137518
shapley-20260606T021222Z-ff3a2d3c,conditional,A,43,43,2.930378599998221,13.688182353973389,13.589314460754396,test_kl,0.09886789321899236
shapley-20260606T021222Z-ff3a2d3c,conditional,A,44,44,2.993605799998477,13.087728500366213,13.00283432006836,test_kl,0.08489418029785334
shapley-20260606T021222Z-ff3a2d3c,conditional,A,45,45,3.053649900000892,13.778868198394775,13.994447708129885,test_kl,-0.2155795097351092
shapley-20260606T021222Z-ff3a2d3c,conditional,A,46,46,3.1141607999998087,12.472060203552246,13.646783351898192,test_kl,-1.1747231483459455
shapley-20260606T021222Z-ff3a2d3c,conditional,A,47,47,3.1755553999973927,13.462419509887695,13.092206478118896,test_kl,0.37021303176879883
shapley-20260606T021222Z-ff3a2d3c,conditional,A,48,48,3.236614199999167,11.891348361968994,12.442038536071776,test_kl,-0.5506901741027814
shapley-20260606T021222Z-ff3a2d3c,conditional,A,49,49,3.298812799999723,13.243860244750977,12.240901470184326,test_kl,1.0029587745666504
shapley-20260606T021222Z-ff3a2d3c,conditional,A,50,50,3.359750499999791,12.644830226898192,12.05720329284668,test_kl,0.5876269340515119
shapley-20260606T021222Z-ff3a2d3c,conditional,A,51,51,3.419191900000442,12.505237579345703,12.067748069763184,test_kl,0.43748950958251953
shapley-20260606T021222Z-ff3a2d3c,conditional,A,52,52,3.4816178000000946,12.31943655014038,11.376410484313965,test_kl,0.943026065826416
shapley-20260606T021222Z-ff3a2d3c,conditional,A,53,53,3.542681200000516,12.050251483917236,10.94096326828003,test_kl,1.109288215637207
shapley-20260606T021222Z-ff3a2d3c,conditional,A,54,54,3.605963699999848,11.595705032348633,11.77488136291504,test_kl,-0.17917633056640803
shapley-20260606T021222Z-ff3a2d3c,conditional,A,55,55,3.670936200000142,11.587398529052734,10.87335968017578,test_kl,0.7140388488769549
shapley-20260606T021222Z-ff3a2d3c,conditional,A,56,56,3.733878499999264,11.174969673156738,11.443854808807371,test_kl,-0.268885135650633
shapley-20260606T021222Z-ff3a2d3c,conditional,A,57,57,3.795133399999031,11.16669225692749,10.61046028137207,test_kl,0.5562319755554199
shapley-20260606T021222Z-ff3a2d3c,conditional,A,58,58,3.8648811999992176,10.479389667510986,10.645172595977783,test_kl,-0.16578292846679688
shapley-20260606T021222Z-ff3a2d3c,conditional,A,59,59,3.928452299998753,10.307024002075195,10.402687072753906,test_kl,-0.09566307067871094
shapley-20260606T021222Z-ff3a2d3c,conditional,A,60,60,3.9955707999979495,9.899356365203856,10.101604461669922,test_kl,-0.20224809646606623
shapley-20260606T021222Z-ff3a2d3c,conditional,A,61,61,4.056312400000024,10.303176403045654,10.70259952545166,test_kl,-0.39942312240600586
shapley-20260606T021222Z-ff3a2d3c,conditional,A,62,62,4.117571099999623,9.818137168884276,10.12771463394165,test_kl,-0.3095774650573748
shapley-20260606T021222Z-ff3a2d3c,conditional,A,63,63,4.177654399998573,10.145699501037598,10.3032546043396,test_kl,-0.15755510330200195
shapley-20260606T021222Z-ff3a2d3c,conditional,A,64,64,4.238444299997354,10.241285800933838,10.006275653839111,test_kl,0.23501014709472656
shapley-20260606T021222Z-ff3a2d3c,conditional,A,65,65,4.301782899998216,9.950294017791748,9.5745587348938,test_kl,0.37573528289794744
shapley-20260606T021222Z-ff3a2d3c,conditional,A,66,66,4.3613035999951535,8.87947130203247,9.240948677062988,test_kl,-0.3614773750305176
shapley-20260606T021222Z-ff3a2d3c,conditional,A,67,67,4.423033299994131,9.393362522125244,9.27700138092041,test_kl,0.11636114120483398
shapley-20260606T021222Z-ff3a2d3c,conditional,A,68,68,4.4860507999947,8.964996337890625,9.381709098815918,test_kl,-0.41671276092529297
shapley-20260606T021222Z-ff3a2d3c,conditional,A,69,69,4.546139199992467,8.899272441864014,9.399604320526125,test_kl,-0.5003318786621112
shapley-20260606T021222Z-ff3a2d3c,conditional,A,70,70,4.611657399989781,8.865807056427002,9.393848896026611,test_kl,-0.5280418395996094
shapley-20260606T021222Z-ff3a2d3c,conditional,A,71,71,4.672198799988109,9.237953186035156,8.586243152618408,test_kl,0.651710033416748
shapley-20260606T021222Z-ff3a2d3c,conditional,A,72,72,4.731380499986699,8.768726348876953,8.343228340148926,test_kl,0.42549800872802734
shapley-20260606T021222Z-ff3a2d3c,conditional,A,73,73,4.798585099986667,8.71862268447876,8.57966947555542,test_kl,0.13895320892333984
shapley-20260606T021222Z-ff3a2d3c,conditional,A,74,74,4.860438199986675,8.780250072479248,8.65553617477417,test_kl,0.12471389770507812
shapley-20260606T021222Z-ff3a2d3c,conditional,A,75,75,4.920761899989884,8.38472843170166,8.783775329589844,test_kl,-0.3990468978881836
shapley-20260606T021222Z-ff3a2d3c,conditional,A,76,76,4.98648589998993,8.459019184112549,8.39226770401001,test_kl,0.06675148010253906
shapley-20260606T021222Z-ff3a2d3c,conditional,A,77,77,5.046323999991728,8.568115711212158,8.22144365310669,test_kl,0.34667205810546875
shapley-20260606T021222Z-ff3a2d3c,conditional,A,78,78,5.110034499990434,7.736555814743042,7.701766967773437,test_kl,0.03478884696960538
shapley-20260606T021222Z-ff3a2d3c,conditional,A,79,79,5.172574799991708,7.988589763641357,7.81900429725647,test_kl,0.1695854663848877
shapley-20260606T021222Z-ff3a2d3c,conditional,A,80,80,5.234500999991724,8.236079692840576,7.596171617507935,test_kl,0.6399080753326416
shapley-20260606T021222Z-ff3a2d3c,conditional,A,81,81,5.295717199991486,7.7650275230407715,7.582683801651001,test_kl,0.1823437213897705
shapley-20260606T021222Z-ff3a2d3c,conditional,A,82,82,5.359266099992965,7.57956051826477,7.316468715667725,test_kl,0.263091802597045
shapley-20260606T021222Z-ff3a2d3c,conditional,A,83,83,5.422984299992095,7.543909311294556,7.647622346878052,test_kl,-0.1037130355834961
shapley-20260606T021222Z-ff3a2d3c,conditional,A,84,84,5.483082699993247,7.320432186126709,7.35083270072937,test_kl,-0.030400514602661133
shapley-20260606T021222Z-ff3a2d3c,conditional,A,85,85,5.541373399992153,7.700457572937012,7.85458779335022,test_kl,-0.154130220413208
shapley-20260606T021222Z-ff3a2d3c,conditional,A,86,86,5.608102999991388,7.690587520599365,7.014934778213501,test_kl,0.6756527423858643
shapley-20260606T021222Z-ff3a2d3c,conditional,A,87,87,5.670012599992333,6.986385583877564,6.953618288040161,test_kl,0.03276729583740323
shapley-20260606T021222Z-ff3a2d3c,conditional,A,88,88,5.734879299994645,7.374861478805542,7.634896516799927,test_kl,-0.26003503799438477
shapley-20260606T021222Z-ff3a2d3c,conditional,A,89,89,5.797918199994456,7.050267457962036,6.986807823181152,test_kl,0.06345963478088379
shapley-20260606T021222Z-ff3a2d3c,conditional,A,90,90,5.869058899996162,7.308003902435303,6.999011754989624,test_kl,0.3089921474456787
shapley-20260606T021222Z-ff3a2d3c,conditional,A,91,91,5.932458499995846,7.206283092498779,6.947777271270752,test_kl,0.25850582122802734
shapley-20260606T021222Z-ff3a2d3c,conditional,A,92,92,6.002578299994639,7.112621068954468,6.5157856941223145,test_kl,0.5968353748321533
shapley-20260606T021222Z-ff3a2d3c,conditional,A,93,93,6.07487609999589,6.776419878005981,6.970280170440674,test_kl,-0.19386029243469327
shapley-20260606T021222Z-ff3a2d3c,conditional,A,94,94,6.142396699997335,7.255871534347534,6.690809488296509,test_kl,0.5650620460510254
shapley-20260606T021222Z-ff3a2d3c,conditional,A,95,95,6.207142699997348,7.165027379989624,6.603650808334351,test_kl,0.5613765716552734
shapley-20260606T021222Z-ff3a2d3c,conditional,A,96,96,6.273655899996811,7.077935695648193,6.579614162445068,test_kl,0.498321533203125
shapley-20260606T021222Z-ff3a2d3c,conditional,A,97,97,6.344186499994976,6.370651960372925,6.925744295120239,test_kl,-0.5550923347473145
shapley-20260606T021222Z-ff3a2d3c,conditional,A,98,98,6.408760399994208,6.240712404251099,6.773914813995361,test_kl,-0.5332024097442627
shapley-20260606T021222Z-ff3a2d3c,conditional,A,99,99,6.4716984999940905,7.008662700653076,6.004422187805176,test_kl,1.0042405128479004
shapley-20260606T021222Z-ff3a2d3c,conditional,A,100,100,6.533849799994641,6.304304122924805,6.076819658279419,test_kl,0.22748446464538574
shapley-20260606T021222Z-ff3a2d3c,conditional,A,101,101,6.600785999995424,6.596400737762451,6.36808180809021,test_kl,0.2283189296722412
shapley-20260606T021222Z-ff3a2d3c,conditional,A,102,102,6.66901539999526,6.4619669914245605,7.008118391036987,test_kl,-0.5461513996124268
shapley-20260606T021222Z-ff3a2d3c,conditional,A,103,103,6.733911099992838,6.501962900161743,6.100219964981079,test_kl,0.40174293518066406
shapley-20260606T021222Z-ff3a2d3c,conditional,A,104,104,6.799264099990978,6.5182435512542725,6.227230310440064,test_kl,0.2910132408142081
shapley-20260606T021222Z-ff3a2d3c,conditional,A,105,105,6.868202199992084,5.817480802536011,5.501819372177124,test_kl,0.3156614303588867
shapley-20260606T021222Z-ff3a2d3c,conditional,A,106,106,6.936683499992796,6.042013883590698,6.224535942077637,test_kl,-0.18252205848693848
shapley-20260606T021222Z-ff3a2d3c,conditional,A,107,107,7.0017013999931805,6.172214508056641,6.367827415466309,test_kl,-0.19561290740966797
shapley-20260606T021222Z-ff3a2d3c,conditional,A,108,108,7.068452799994702,6.188356876373291,5.917171955108643,test_kl,0.27118492126464844
shapley-20260606T021222Z-ff3a2d3c,conditional,A,109,109,7.131004099992424,6.026970148086548,5.772876739501953,test_kl,0.2540934085845947
shapley-20260606T021222Z-ff3a2d3c,conditional,A,110,110,7.195439099992655,5.721084117889404,6.339181900024414,test_kl,-0.6180977821350098
shapley-20260606T021222Z-ff3a2d3c,conditional,A,111,111,7.260272399991663,5.80162239074707,5.785769939422607,test_kl,0.01585245132446289
shapley-20260606T021222Z-ff3a2d3c,conditional,A,112,112,7.329277599990746,5.73772931098938,5.758206367492676,test_kl,-0.0204770565032959
shapley-20260606T021222Z-ff3a2d3c,conditional,A,113,113,7.405864699987433,5.613984823226929,5.93566107749939,test_kl,-0.32167625427246094
shapley-20260606T021222Z-ff3a2d3c,conditional,A,114,114,7.485134199985623,5.865330934524536,5.652736663818359,test_kl,0.21259427070617676
shapley-20260606T021222Z-ff3a2d3c,conditional,A,115,115,7.5543316999865056,5.653482675552368,5.624005079269409,test_kl,0.029477596282958984
shapley-20260606T021222Z-ff3a2d3c,conditional,A,116,116,7.624265099984768,5.8572633266448975,5.630921840667725,test_kl,0.22634148597717285
shapley-20260606T021222Z-ff3a2d3c,conditional,A,117,117,7.699844599981587,5.8502819538116455,5.84981107711792,test_kl,0.00047087669372558594
shapley-20260606T021222Z-ff3a2d3c,conditional,A,118,118,7.76743819998228,5.4213972091674805,5.351530313491821,test_kl,0.06986689567565918
shapley-20260606T021222Z-ff3a2d3c,conditional,A,119,119,7.836880799983191,5.357333421707153,5.51989483833313,test_kl,-0.16256141662597656
shapley-20260606T021222Z-ff3a2d3c,conditional,A,120,120,7.906706499983557,5.466515302658081,5.686975717544556,test_kl,-0.2204604148864746
shapley-20260606T021222Z-ff3a2d3c,conditional,A,121,121,7.975724199983233,5.170767307281494,5.081533908843994,test_kl,0.0892333984375
shapley-20260606T021222Z-ff3a2d3c,conditional,A,122,122,8.04198609998275,5.185538768768311,5.045789957046509,test_kl,0.13974881172180265
shapley-20260606T021222Z-ff3a2d3c,conditional,A,123,123,8.106949899982283,5.38509202003479,5.134269952774048,test_kl,0.2508220672607422
shapley-20260606T021222Z-ff3a2d3c,conditional,A,124,124,8.17476759998317,5.218832015991211,4.918019771575928,test_kl,0.3008122444152832
shapley-20260606T021222Z-ff3a2d3c,conditional,A,125,125,8.239927199982048,4.868879318237305,4.928328037261963,test_kl,-0.0594487190246582
shapley-20260606T021222Z-ff3a2d3c,conditional,A,126,126,8.305304899979092,4.904325485229492,5.412544012069702,test_kl,-0.50821852684021
shapley-20260606T021222Z-ff3a2d3c,conditional,A,127,127,8.37118329997611,4.905854463577271,4.720470190048218,test_kl,0.18538427352905362
shapley-20260606T021222Z-ff3a2d3c,conditional,A,128,128,8.441120899973612,5.283466339111328,5.341254472732544,test_kl,-0.05778813362121582
shapley-20260606T021222Z-ff3a2d3c,conditional,A,129,129,8.506126799973572,4.771772623062134,4.758290529251099,test_kl,0.013482093811035156
shapley-20260606T021222Z-ff3a2d3c,conditional,A,130,130,8.56941719997485,5.104460716247559,5.190127372741699,test_kl,-0.08566665649414062
shapley-20260606T021222Z-ff3a2d3c,conditional,A,131,131,8.632167299976572,5.018547058105469,4.703874826431274,test_kl,0.31467223167419434
shapley-20260606T021222Z-ff3a2d3c,conditional,A,132,132,8.69549069997447,4.819101572036743,5.284179449081421,test_kl,-0.46507787704467773
shapley-20260606T021222Z-ff3a2d3c,conditional,A,133,133,8.760675999972591,5.073013544082642,4.721109390258789,test_kl,0.35190415382385254
shapley-20260606T021222Z-ff3a2d3c,conditional,A,134,134,8.833249099974637,5.030639410018921,5.120364189147949,test_kl,-0.08972477912902832
shapley-20260606T021222Z-ff3a2d3c,conditional,A,135,135,8.896220599974185,4.989697456359863,4.941108226776123,test_kl,0.048589229583740234
shapley-20260606T021222Z-ff3a2d3c,conditional,A,136,136,8.958425199976773,4.878207683563232,4.944688558578491,test_kl,-0.06648087501525879
shapley-20260606T021222Z-ff3a2d3c,conditional,A,137,137,9.020259399974748,5.080509901046753,5.377326726913452,test_kl,-0.2968168258666992
shapley-20260606T021222Z-ff3a2d3c,conditional,A,138,138,9.08529849997285,4.984546184539795,4.808276176452637,test_kl,0.1762700080871582
shapley-20260606T021222Z-ff3a2d3c,conditional,A,139,139,9.14838209997106,5.048198223114014,4.973839521408081,test_kl,0.07435870170593262
shapley-20260606T021222Z-ff3a2d3c,conditional,A,140,140,9.213303299973632,5.078742742538452,5.247532606124878,test_kl,-0.16878986358642578
shapley-20260606T021222Z-ff3a2d3c,conditional,A,141,141,9.275536599972838,4.813170671463013,4.787168502807617,test_kl,0.026002168655395508
shapley-20260606T021222Z-ff3a2d3c,conditional,A,142,142,9.337603199972364,4.817158937454224,4.947179317474365,test_kl,-0.1300203800201416
shapley-20260606T021222Z-ff3a2d3c,conditional,A,143,143,9.401749999971798,5.241485118865967,5.037648677825928,test_kl,0.20383644104003906
shapley-20260606T021222Z-ff3a2d3c,conditional,A,144,144,9.464174999971874,5.143733978271484,4.984140396118164,test_kl,0.1595935821533203
shapley-20260606T021222Z-ff3a2d3c,conditional,A,145,145,9.528787499970347,4.922439098358154,4.970049142837524,test_kl,-0.04761004447937012
shapley-20260606T021222Z-ff3a2d3c,conditional,A,146,146,9.594483899971236,5.080067157745361,5.11849308013916,test_kl,-0.03842592239379883
shapley-20260606T021222Z-ff3a2d3c,conditional,A,147,147,9.657630499968946,4.968141555786133,4.978805780410767,test_kl,-0.010664224624633789
shapley-20260606T021222Z-ff3a2d3c,conditional,A,148,148,9.721161599969491,4.834693908691406,4.894091367721558,test_kl,-0.05939745903015137
shapley-20260606T021222Z-ff3a2d3c,conditional,A,149,149,9.783630199970505,4.97450590133667,4.997647047042847,test_kl,-0.023141145706176758
shapley-20260606T021222Z-ff3a2d3c,conditional,A,150,150,9.846297099971707,4.969544172286987,5.235292911529541,test_kl,-0.2657487392425537
shapley-20260606T021222Z-ff3a2d3c,conditional,A,151,151,9.9119734999731,5.048736810684204,5.156286239624023,test_kl,-0.10754942893981934
shapley-20260606T021222Z-ff3a2d3c,conditional,A,152,152,9.979026299970428,5.025779962539673,4.947011232376099,test_kl,0.07876873016357422
shapley-20260606T021222Z-ff3a2d3c,conditional,A,153,153,10.051190399972256,5.078395128250122,4.843474388122559,test_kl,0.23492074012756348
shapley-20260606T021222Z-ff3a2d3c,conditional,A,154,154,10.11518919997252,4.930465459823608,4.968965291976929,test_kl,-0.03849983215332031
shapley-20260606T021222Z-ff3a2d3c,conditional,A,155,155,10.184145899973371,4.906128883361816,5.059274911880493,test_kl,-0.15314602851867676
shapley-20260606T021222Z-ff3a2d3c,conditional,A,156,156,10.248491699971057,5.086243152618408,5.050331592559815,test_kl,0.03591156005859286
shapley-20260606T021222Z-ff3a2d3c,conditional,A,157,157,10.31812089997038,5.121574401855469,5.014128684997559,test_kl,0.10744571685791016
shapley-20260606T021222Z-ff3a2d3c,conditional,A,158,158,10.383076599970082,4.9033167362213135,4.906068325042725,test_kl,-0.002751588821411133
shapley-20260606T021222Z-ff3a2d3c,conditional,A,159,159,10.451154299971677,4.93656849861145,4.892394542694092,test_kl,0.0441739559173584
shapley-20260606T021222Z-ff3a2d3c,conditional,A,160,160,10.51572449997184,5.078902959823608,4.912615537643433,test_kl,0.16628742218017578
shapley-20260606T021222Z-ff3a2d3c,conditional,A,161,161,10.581133399973623,5.103847026824951,4.99860143661499,test_kl,0.10524559020996094
shapley-20260606T021222Z-ff3a2d3c,conditional,A,162,162,10.6512361999703,4.9864182472229,5.0461015701293945,test_kl,-0.05968332290649414
shapley-20260606T021222Z-ff3a2d3c,conditional,A,163,163,10.71861339996758,4.950958967208862,5.07086443901062,test_kl,-0.11990547180175781
shapley-20260606T021222Z-ff3a2d3c,conditional,A,164,164,10.78914489996896,4.975559711456299,5.036731719970703,test_kl,-0.0611720085144043
shapley-20260606T021222Z-ff3a2d3c,conditional,A,165,165,10.859424699967349,5.118427753448486,5.021536350250244,test_kl,0.09689140319824219
shapley-20260606T021222Z-ff3a2d3c,conditional,A,166,166,10.927912199967976,5.063380241394043,4.965586185455322,test_kl,0.0977940559387207
shapley-20260606T021222Z-ff3a2d3c,conditional,A,167,167,10.993570599966915,4.995109081268311,4.95356297492981,test_kl,0.041546106338501865
shapley-20260606T021222Z-ff3a2d3c,conditional,A,168,168,11.05861729996468,4.959595680236816,4.980656862258911,test_kl,-0.021061182022094727
shapley-20260606T021222Z-ff3a2d3c,conditional,A,169,169,11.127125099967088,4.981730937957764,5.025177001953125,test_kl,-0.04344606399536133
shapley-20260606T021222Z-ff3a2d3c,conditional,A,170,170,11.191311199967458,5.0139148235321045,5.048361778259277,test_kl,-0.03444695472717285
shapley-20260606T021222Z-ff3a2d3c,conditional,A,171,171,11.254458699964744,5.040711402893066,5.054053068161011,test_kl,-0.013341665267944336
shapley-20260606T021222Z-ff3a2d3c,conditional,A,172,172,11.317522399964218,4.967347145080566,5.040205717086792,test_kl,-0.07285857200622559
shapley-20260606T021222Z-ff3a2d3c,conditional,A,173,173,11.384658299961302,4.942684650421143,5.013568162918091,test_kl,-0.07088351249694824
shapley-20260606T021222Z-ff3a2d3c,conditional,A,174,174,11.449600299962183,4.943634510040283,4.997122526168823,test_kl,-0.05348801612854004
shapley-20260606T021222Z-ff3a2d3c,conditional,A,175,175,11.51190659996064,4.944762945175171,4.984089612960815,test_kl,-0.03932666778564453
shapley-20260606T021222Z-ff3a2d3c,conditional,A,176,176,11.576522499959538,4.944063901901245,4.967858076095581,test_kl,-0.023794174194335938
shapley-20260606T021222Z-ff3a2d3c,conditional,A,177,177,11.642603899959797,4.959620237350464,4.946121692657471,test_kl,0.013498544692993164
shapley-20260606T021222Z-ff3a2d3c,conditional,A,178,178,11.70484409996061,5.004710912704468,4.944658994674683,test_kl,0.060051918029785156
shapley-20260606T021222Z-ff3a2d3c,conditional,A,179,179,11.769669399960549,5.051107883453369,4.9436023235321045,test_kl,0.10750555992126465
shapley-20260606T021222Z-ff3a2d3c,conditional,A,180,180,11.83321249996152,5.069391250610352,4.94981575012207,test_kl,0.11957550048828125
shapley-20260606T021222Z-ff3a2d3c,conditional,A,181,181,11.8996860999614,5.052576065063477,4.9699366092681885,test_kl,0.08263945579528809
shapley-20260606T021222Z-ff3a2d3c,conditional,A,182,182,11.962071599962655,5.01858925819397,4.974194765090942,test_kl,0.044394493103027344
shapley-20260606T021222Z-ff3a2d3c,conditional,A,183,183,12.024125599960826,5.0078489780426025,4.988594055175781,test_kl,0.01925492286682129
shapley-20260606T021222Z-ff3a2d3c,conditional,A,184,184,12.089869799958253,4.994286775588989,5.003866672515869,test_kl,-0.009579896926879883
shapley-20260606T021222Z-ff3a2d3c,conditional,A,185,185,12.157868899957975,4.980682849884033,5.02102518081665,test_kl,-0.04034233093261719
shapley-20260606T021222Z-ff3a2d3c,conditional,A,186,186,12.222745199960627,4.977572202682495,5.03445291519165,test_kl,-0.05688071250915527
shapley-20260606T021222Z-ff3a2d3c,conditional,A,187,187,12.286055899960049,4.980700969696045,5.043253421783447,test_kl,-0.06255245208740234
shapley-20260606T021222Z-ff3a2d3c,conditional,A,188,188,12.350606699958009,4.990749597549439,5.0406575202941895,test_kl,-0.04990792274475009
shapley-20260606T021222Z-ff3a2d3c,conditional,A,189,189,12.421106099958706,4.993035078048706,5.039234638214111,test_kl,-0.04619956016540527
shapley-20260606T021222Z-ff3a2d3c,conditional,A,190,190,12.490446899959352,4.986223459243774,5.032467842102051,test_kl,-0.04624438285827637
shapley-20260606T021222Z-ff3a2d3c,conditional,A,191,191,12.557154599959176,4.993897676467896,5.025355815887451,test_kl,-0.031458139419554776
shapley-20260606T021222Z-ff3a2d3c,conditional,A,192,192,12.626283699959458,5.012145757675171,5.020153045654297,test_kl,-0.008007287979125977
shapley-20260606T021222Z-ff3a2d3c,conditional,A,193,193,12.691464499959691,5.021628856658936,5.012052536010742,test_kl,0.009576320648194248
shapley-20260606T021222Z-ff3a2d3c,conditional,A,194,194,12.76259929996013,5.023036241531372,5.000937223434448,test_kl,0.022099018096923828
shapley-20260606T021222Z-ff3a2d3c,conditional,A,195,195,12.830772099958269,5.026179075241089,4.991449594497681,test_kl,0.0347294807434082
shapley-20260606T021222Z-ff3a2d3c,conditional,A,196,196,12.898518899957708,5.034658670425415,4.987677574157715,test_kl,0.046981096267700195
shapley-20260606T021222Z-ff3a2d3c,conditional,A,197,197,12.96523229995728,5.030232906341553,4.980689287185669,test_kl,0.04954361915588379
shapley-20260606T021222Z-ff3a2d3c,conditional,A,198,198,13.032030099955591,5.022181272506714,4.977745532989502,test_kl,0.044435739517211914
shapley-20260606T021222Z-ff3a2d3c,conditional,A,199,199,13.104329699955995,5.01400351524353,4.977173089981079,test_kl,0.03683042526245117
