component,eigenvalue,explained_variance_ratio,cumulative_explained_variance_ratio
PC1,3.030335,0.275443,0.275443
PC2,2.49421,0.226711,0.502154
PC3,1.556587,0.141486,0.64364
PC4,0.970701,0.088232,0.731872
PC5,0.719986,0.065443,0.797315
PC6,0.607405,0.05521,0.852525
PC7,0.523239,0.04756,0.900085
PC8,0.501587,0.045592,0.945677
PC9,0.337076,0.030639,0.976316
PC10,0.227731,0.0207,0.997015
PC11,0.032836,0.002985,1.0
