component,eigenvalue,explained_variance_ratio,cumulative_explained_variance_ratio
PC1,3.101072,0.281739,0.281739
PC2,1.927115,0.175083,0.456822
PC3,1.551514,0.140958,0.597781
PC4,1.213992,0.110294,0.708074
PC5,0.959892,0.087208,0.795283
PC6,0.660021,0.059964,0.855247
PC7,0.584157,0.053072,0.908319
PC8,0.423221,0.038451,0.94677
PC9,0.344858,0.031331,0.978101
PC10,0.181447,0.016485,0.994586
PC11,0.059596,0.005414,1.0
