component,eigenvalue,explained_variance_ratio,cumulative_explained_variance_ratio
PC1,3.222912,0.292932,0.292932
PC2,1.575562,0.143204,0.436136
PC3,1.221921,0.111061,0.547197
PC4,1.01873,0.092593,0.63979
PC5,0.973533,0.088485,0.728275
PC6,0.938933,0.08534,0.813615
PC7,0.726746,0.066054,0.879669
PC8,0.599481,0.054487,0.934156
PC9,0.414228,0.037649,0.971806
PC10,0.289546,0.026317,0.998123
PC11,0.020653,0.001877,1.0
