run_id,shapley_tactic,phase,epoch,logical_epoch,elapsed_train_sec,shapley_value,baseline_value,metric,delta
shapley-20260606T024743Z-6e742d25,baseline,A,0,0,0.2493230000000039,0.9770485247884478,0.975604806627546,train_pix_recon,0.0014437181609018301
shapley-20260606T024743Z-6e742d25,baseline,A,1,1,0.3113062000011268,0.7903257352965218,0.7556417073522296,train_pix_recon,0.03468402794429226
shapley-20260606T024743Z-6e742d25,baseline,A,2,2,0.3717451000011351,0.6298275930540902,0.6250878402165004,train_pix_recon,0.004739752837589761
shapley-20260606T024743Z-6e742d25,baseline,A,3,3,0.4351566000041202,0.5427896891321454,0.5470252547945295,train_pix_recon,-0.004235565662384033
shapley-20260606T024743Z-6e742d25,baseline,A,4,4,0.4936483000055887,0.4918557831219264,0.4944537622588021,train_pix_recon,-0.0025979791368757055
shapley-20260606T024743Z-6e742d25,baseline,A,5,5,0.552162900006806,0.4440301656723022,0.4491283467837742,train_pix_recon,-0.005098181111472033
shapley-20260606T024743Z-6e742d25,baseline,A,6,6,0.6128487000059977,0.4159698869500841,0.418280086347035,train_pix_recon,-0.0023101993969509294
shapley-20260606T024743Z-6e742d25,baseline,A,7,7,0.6740745000060997,0.3891424749578748,0.3944759581770216,train_pix_recon,-0.005333483219146784
shapley-20260606T024743Z-6e742d25,baseline,A,8,8,0.7395106000076339,0.3697460676942553,0.3749726116657257,train_pix_recon,-0.005226543971470432
shapley-20260606T024743Z-6e742d25,baseline,A,9,9,0.8018899000089732,0.3551216806684221,0.3557339864117758,train_pix_recon,-0.0006123057433536916
shapley-20260606T024743Z-6e742d25,baseline,A,10,10,0.8636627000087174,0.338733719927924,0.3389775838170732,train_pix_recon,-0.00024386388914920953
shapley-20260606T024743Z-6e742d25,baseline,A,11,11,0.9327553000111948,0.3277101218700409,0.3264748752117157,train_pix_recon,0.0012352466583251953
shapley-20260606T024743Z-6e742d25,baseline,A,12,12,0.9966022000116936,0.3279248476028442,0.3241449551922934,train_pix_recon,0.003779892410550767
shapley-20260606T024743Z-6e742d25,baseline,A,13,13,1.0553893000142125,0.3217732565743582,0.3216638905661447,train_pix_recon,0.00010936600821348508
shapley-20260606T024743Z-6e742d25,baseline,A,14,14,1.1170446000141965,0.305615565606526,0.3015783642019544,train_pix_recon,0.004037201404571589
shapley-20260606T024743Z-6e742d25,baseline,A,15,15,1.178822100016987,0.2950407522065298,0.2940603111471448,train_pix_recon,0.0009804410593849955
shapley-20260606T024743Z-6e742d25,baseline,A,16,16,1.2409998000184714,0.2915455060345785,0.2923866850989206,train_pix_recon,-0.0008411790643420569
shapley-20260606T024743Z-6e742d25,baseline,A,17,17,1.3018243000187797,0.2946713098457881,0.2923396527767181,train_pix_recon,0.0023316570690700145
shapley-20260606T024743Z-6e742d25,baseline,A,18,18,1.363026600018202,0.2865245512553623,0.2823905178478786,train_pix_recon,0.004134033407483695
shapley-20260606T024743Z-6e742d25,baseline,A,19,19,1.4225532000200474,0.2754730326788766,0.2763377555779048,train_pix_recon,-0.0008647228990282252
shapley-20260606T024743Z-6e742d25,baseline,A,20,20,1.4848165000221345,0.2715835230691092,0.2731398131166185,train_pix_recon,-0.00155629004750929
shapley-20260606T024743Z-6e742d25,baseline,A,21,21,1.5473643000223092,0.2779047276292528,0.2748505473136902,train_pix_recon,0.0030541803155625935
shapley-20260606T024743Z-6e742d25,baseline,A,22,22,1.607614700023987,0.2765381591660635,0.2671691988195692,train_pix_recon,0.009368960346494315
shapley-20260606T024743Z-6e742d25,baseline,A,23,23,1.6691959000236238,0.2702897787094116,0.266421228647232,train_pix_recon,0.003868550062179621
shapley-20260606T024743Z-6e742d25,baseline,A,24,24,1.7296721000238904,0.2701135235173361,0.2672995116029467,train_pix_recon,0.0028140119143894027
shapley-20260606T024743Z-6e742d25,baseline,A,25,25,1.7900345000234663,0.2732064936842237,0.2664371686322348,train_pix_recon,0.00676932505198885
shapley-20260606T024743Z-6e742d25,baseline,A,26,26,1.851698700022098,0.2620684249060495,0.267075172492436,train_pix_recon,-0.0050067475863865285
shapley-20260606T024743Z-6e742d25,baseline,A,27,27,1.9172233000208507,0.258890049798148,0.2674977949687412,train_pix_recon,-0.008607745170593206
shapley-20260606T024743Z-6e742d25,baseline,A,28,28,1.9796340000211785,0.2643577073301588,0.2621931795563016,train_pix_recon,0.002164527773857172
shapley-20260606T024743Z-6e742d25,baseline,A,29,29,2.041758400020626,0.2599648705550602,0.2653151324817112,train_pix_recon,-0.005350261926651001
shapley-20260606T024743Z-6e742d25,baseline,A,30,30,2.1015386000217404,0.2563160679170063,0.2618671080895832,train_pix_recon,-0.005551040172576904
shapley-20260606T024743Z-6e742d25,baseline,A,31,31,2.16355210002439,0.2617901308195932,0.2588106606687818,train_pix_recon,0.002979470150811403
shapley-20260606T024743Z-6e742d25,baseline,A,32,32,2.223176700023032,0.2597079021590097,0.2603416698319571,train_pix_recon,-0.0006337676729474273
shapley-20260606T024743Z-6e742d25,baseline,A,33,33,2.28477020002174,0.2559164081301008,0.2594980299472809,train_pix_recon,-0.0035816218171800807
shapley-20260606T024743Z-6e742d25,baseline,A,34,34,2.3448687000200152,0.2612722601209368,0.2619439022881644,train_pix_recon,-0.000671642167227593
shapley-20260606T024743Z-6e742d25,baseline,A,35,35,2.4064524000204983,0.2589572817087173,0.2605657407215663,train_pix_recon,-0.0016084590128490062
shapley-20260606T024743Z-6e742d25,baseline,A,36,36,2.4688892000194755,0.2554999462195805,0.2619873796190534,train_pix_recon,-0.006487433399472886
shapley-20260606T024743Z-6e742d25,baseline,A,37,37,2.530147100020258,0.2626721858978271,0.2654520996979305,train_pix_recon,-0.002779913800103395
shapley-20260606T024743Z-6e742d25,baseline,A,38,38,2.593360400020174,0.2630872513566698,0.2654940145356314,train_pix_recon,-0.0024067631789615462
shapley-20260606T024743Z-6e742d25,baseline,A,39,39,2.652481800021633,0.2669304694448198,0.2647159908499036,train_pix_recon,0.0022144785949161916
shapley-20260606T024743Z-6e742d25,baseline,A,40,40,2.7151481000219064,0.2713339413915361,0.2648835352488926,train_pix_recon,0.006450406142643528
shapley-20260606T024743Z-6e742d25,baseline,A,41,41,2.774953300024208,0.2720803916454315,0.2664821147918701,train_pix_recon,0.005598276853561401
shapley-20260606T024743Z-6e742d25,baseline,A,42,42,2.835011700022733,0.2716379250798906,0.2657156458922795,train_pix_recon,0.005922279187611124
shapley-20260606T024743Z-6e742d25,baseline,A,43,43,2.8963547000239487,0.2725349536963871,0.2674809438841684,train_pix_recon,0.005054009812218707
shapley-20260606T024743Z-6e742d25,baseline,A,44,44,2.9576512000239745,0.2736405772822244,0.270083555153438,train_pix_recon,0.0035570221287863912
shapley-20260606T024743Z-6e742d25,baseline,A,45,45,3.0190539000250283,0.2725266558783395,0.2676204059805189,train_pix_recon,0.004906249897820625
shapley-20260606T024743Z-6e742d25,baseline,A,46,46,3.078818300025887,0.2737777658871242,0.2713521974427359,train_pix_recon,0.002425568444388293
shapley-20260606T024743Z-6e742d25,baseline,A,47,47,3.1396791000261146,0.2768431007862091,0.2730884850025177,train_pix_recon,0.0037546157836914062
shapley-20260606T024743Z-6e742d25,baseline,A,48,48,3.200713000027463,0.2791244047028677,0.2804128783089774,train_pix_recon,-0.0012884736061096747
shapley-20260606T024743Z-6e742d25,baseline,A,49,49,3.259603500024241,0.2804114137377058,0.2826164705412728,train_pix_recon,-0.0022050568035670293
shapley-20260606T024743Z-6e742d25,baseline,A,50,50,3.328492300024664,0.2789212039538792,0.2776265910693577,train_pix_recon,0.0012946128845214844
shapley-20260606T024743Z-6e742d25,baseline,A,51,51,3.396729000021878,0.2799456417560577,0.277478460754667,train_pix_recon,0.002467181001390706
shapley-20260606T024743Z-6e742d25,baseline,A,52,52,3.45571920002476,0.2802293300628662,0.2774899687085833,train_pix_recon,0.002739361354282932
shapley-20260606T024743Z-6e742d25,baseline,A,53,53,3.516808000025776,0.2784891128540039,0.283989599772862,train_pix_recon,-0.005500486918858072
shapley-20260606T024743Z-6e742d25,baseline,A,54,54,3.5759575000265613,0.286327851670129,0.283088207244873,train_pix_recon,0.003239644425255983
shapley-20260606T024743Z-6e742d25,baseline,A,55,55,3.6381913000259374,0.2878391742706299,0.2849420266492026,train_pix_recon,0.0028971476214272873
shapley-20260606T024743Z-6e742d25,baseline,A,56,56,3.6990231000272615,0.291291173015322,0.2870820505278451,train_pix_recon,0.004209122487476902
shapley-20260606T024743Z-6e742d25,baseline,A,57,57,3.762040800025716,0.2884084710053035,0.2908757925033569,train_pix_recon,-0.0024673214980533986
shapley-20260606T024743Z-6e742d25,baseline,A,58,58,3.834994200024085,0.2951055807726724,0.2941081736768995,train_pix_recon,0.0009974070957728953
shapley-20260606T024743Z-6e742d25,baseline,A,59,59,3.895304700025008,0.2915254831314087,0.2928353888647897,train_pix_recon,-0.0013099057333810227
shapley-20260606T024743Z-6e742d25,baseline,A,60,60,3.954853900024318,0.2965126633644104,0.2971219079835074,train_pix_recon,-0.0006092446190970047
shapley-20260606T024743Z-6e742d25,baseline,A,61,61,4.017408900024748,0.2975403027875082,0.2970032266208103,train_pix_recon,0.0005370761666979029
shapley-20260606T024743Z-6e742d25,baseline,A,62,62,4.081454800027132,0.298477189881461,0.2993141966206686,train_pix_recon,-0.000837006739207613
shapley-20260606T024743Z-6e742d25,baseline,A,63,63,4.140222100028041,0.3002093732357025,0.3043650090694427,train_pix_recon,-0.004155635833740179
shapley-20260606T024743Z-6e742d25,baseline,A,64,64,4.198612000029243,0.302589863538742,0.3038580843380519,train_pix_recon,-0.0012682207993098826
shapley-20260606T024743Z-6e742d25,baseline,A,65,65,4.26302970002871,0.3039459075246538,0.3102141107831682,train_pix_recon,-0.006268203258514404
shapley-20260606T024743Z-6e742d25,baseline,A,66,66,4.325100600028236,0.3089982611792428,0.3099934416157858,train_pix_recon,-0.0009951804365430084
shapley-20260606T024743Z-6e742d25,baseline,A,67,67,4.386224500027311,0.3090297537190573,0.3131813364369528,train_pix_recon,-0.004151582717895508
shapley-20260606T024743Z-6e742d25,baseline,A,68,68,4.447611700026755,0.3144268223217555,0.31513626234872,train_pix_recon,-0.0007094400269644918
shapley-20260606T024743Z-6e742d25,baseline,A,69,69,4.508441800029686,0.3157163773264204,0.3131915118013109,train_pix_recon,0.0025248655251094987
shapley-20260606T024743Z-6e742d25,baseline,A,70,70,4.572945300027641,0.3128117450645992,0.3166554357324327,train_pix_recon,-0.0038436906678335214
shapley-20260606T024743Z-6e742d25,baseline,A,71,71,4.6369579000274825,0.3154842512948172,0.3160263214792524,train_pix_recon,-0.000542070184435195
shapley-20260606T024743Z-6e742d25,baseline,A,72,72,4.6992406000281335,0.3214151518685477,0.3183696142264774,train_pix_recon,0.003045537642070273
shapley-20260606T024743Z-6e742d25,baseline,A,73,73,4.761258000027738,0.3216521441936493,0.319032962833132,train_pix_recon,0.0026191813605173087
shapley-20260606T024743Z-6e742d25,baseline,A,74,74,4.821123700025055,0.3260598565850939,0.3184721895626613,train_pix_recon,0.007587667022432576
shapley-20260606T024743Z-6e742d25,baseline,A,75,75,4.883009300025151,0.3239448368549347,0.3249560551983969,train_pix_recon,-0.0010112183434621835
shapley-20260606T024743Z-6e742d25,baseline,A,76,76,4.947171100026026,0.3235239258834294,0.3299763969012669,train_pix_recon,-0.006452471017837524
shapley-20260606T024743Z-6e742d25,baseline,A,77,77,5.007247800025652,0.3334871530532837,0.3305379365171705,train_pix_recon,0.002949216536113186
shapley-20260606T024743Z-6e742d25,baseline,A,78,78,5.066451700025937,0.3280929710183825,0.3314965580190931,train_pix_recon,-0.0034035870007106395
shapley-20260606T024743Z-6e742d25,baseline,A,79,79,5.126995600025111,0.3310152505125318,0.3347607212407248,train_pix_recon,-0.0037454707281930344
shapley-20260606T024743Z-6e742d25,baseline,A,80,80,5.191990700026508,0.3297385232789175,0.3357753711087363,train_pix_recon,-0.006036847829818781
shapley-20260606T024743Z-6e742d25,baseline,A,81,81,5.257695100026467,0.3304863742419651,0.3318494515759604,train_pix_recon,-0.0013630773339953217
shapley-20260606T024743Z-6e742d25,baseline,A,82,82,5.320017200025177,0.3346799228872572,0.3439780303410121,train_pix_recon,-0.009298107453754922
shapley-20260606T024743Z-6e742d25,baseline,A,83,83,5.378717600025993,0.3413459020001547,0.3410780429840088,train_pix_recon,0.00026785901614589935
shapley-20260606T024743Z-6e742d25,baseline,A,84,84,5.43755520002378,0.3398829868861607,0.337847705398287,train_pix_recon,0.002035281487873686
shapley-20260606T024743Z-6e742d25,baseline,A,85,85,5.49748460002229,0.3453679084777832,0.3420342121805463,train_pix_recon,0.003333696297236899
shapley-20260606T024743Z-6e742d25,baseline,A,86,86,5.556934000022011,0.3472254957471575,0.3405654174940927,train_pix_recon,0.006660078253064805
shapley-20260606T024743Z-6e742d25,baseline,A,87,87,5.617907900021237,0.3495077788829803,0.3423546339784349,train_pix_recon,0.007153144904545383
shapley-20260606T024743Z-6e742d25,baseline,A,88,88,5.676369300021179,0.3452907970973423,0.3511299746377127,train_pix_recon,-0.005839177540370444
shapley-20260606T024743Z-6e742d25,baseline,A,89,89,5.735050900020724,0.3566655261175973,0.3496499913079398,train_pix_recon,0.007015534809657498
shapley-20260606T024743Z-6e742d25,baseline,A,90,90,5.803473800020583,0.3558940206255231,0.3552769976002829,train_pix_recon,0.0006170230252401931
shapley-20260606T024743Z-6e742d25,baseline,A,91,91,5.867247400019551,0.3559968684400831,0.3570328439985002,train_pix_recon,-0.0010359755584171126
shapley-20260606T024743Z-6e742d25,baseline,A,92,92,5.929635900021822,0.3541721361024039,0.3582890927791595,train_pix_recon,-0.004116956676755601
shapley-20260606T024743Z-6e742d25,baseline,A,93,93,5.99552560002121,0.3552942999771663,0.3576402962207794,train_pix_recon,-0.0023459962436131465
shapley-20260606T024743Z-6e742d25,baseline,A,94,94,6.059230900020339,0.3578095478670938,0.3625672417027609,train_pix_recon,-0.004757693835667098
shapley-20260606T024743Z-6e742d25,baseline,A,95,95,6.130341700023564,0.3542308722223554,0.3612267587866102,train_pix_recon,-0.006995886564254816
shapley-20260606T024743Z-6e742d25,baseline,A,96,96,6.197785300024407,0.3642695205552237,0.364060240132468,train_pix_recon,0.0002092804227556977
shapley-20260606T024743Z-6e742d25,baseline,A,97,97,6.264503700022033,0.3729566804000309,0.3656618467399052,train_pix_recon,0.007294833660125677
shapley-20260606T024743Z-6e742d25,baseline,A,98,98,6.334434500022326,0.3638275904314859,0.3673186557633536,train_pix_recon,-0.0034910653318677154
shapley-20260606T024743Z-6e742d25,baseline,A,99,99,6.407675500024197,0.3649623053414481,0.3674217249665941,train_pix_recon,-0.0024594196251460088
shapley-20260606T024743Z-6e742d25,baseline,A,100,100,6.473352500026522,0.3762234832559313,0.3745346197060176,train_pix_recon,0.0016888635499137106
shapley-20260606T024743Z-6e742d25,baseline,A,101,101,6.537096500025655,0.3739517373698098,0.3755266198090145,train_pix_recon,-0.0015748824392046723
shapley-20260606T024743Z-6e742d25,baseline,A,102,102,6.601189900025929,0.3727894382817404,0.3800759741238185,train_pix_recon,-0.007286535842078112
shapley-20260606T024743Z-6e742d25,baseline,A,103,103,6.663697300024069,0.3703044865812574,0.3747858447687966,train_pix_recon,-0.004481358187539197
shapley-20260606T024743Z-6e742d25,baseline,A,104,104,6.726563100026397,0.3812897886548723,0.3864623350756509,train_pix_recon,-0.005172546420778634
shapley-20260606T024743Z-6e742d25,baseline,A,105,105,6.7919403000269085,0.3818994079317365,0.381802145923887,train_pix_recon,9.726200784948569e-05
shapley-20260606T024743Z-6e742d25,baseline,A,106,106,6.858497800028999,0.3810676804610661,0.3887597279889243,train_pix_recon,-0.007692047527858181
shapley-20260606T024743Z-6e742d25,baseline,A,107,107,6.922665800026152,0.3870943997587476,0.3882489417280469,train_pix_recon,-0.0011545419692993164
shapley-20260606T024743Z-6e742d25,baseline,A,108,108,6.987024400026712,0.3785625781331743,0.3829011619091034,train_pix_recon,-0.004338583775929106
shapley-20260606T024743Z-6e742d25,baseline,A,109,109,7.057214700027544,0.389583728143147,0.3968326789992196,train_pix_recon,-0.007248950856072578
shapley-20260606T024743Z-6e742d25,baseline,A,110,110,7.126550800028781,0.3871904398713793,0.3895481995173863,train_pix_recon,-0.002357759646006985
shapley-20260606T024743Z-6e742d25,baseline,A,111,111,7.19403360002616,0.3865184996809278,0.4012241448674883,train_pix_recon,-0.014705645186560534
shapley-20260606T024743Z-6e742d25,baseline,A,112,112,7.262426200024493,0.4004614906651633,0.3992912343570164,train_pix_recon,0.0011702563081468775
shapley-20260606T024743Z-6e742d25,baseline,A,113,113,7.333539700026449,0.3855516697679247,0.4056133457592555,train_pix_recon,-0.020061675991330796
shapley-20260606T024743Z-6e742d25,baseline,A,114,114,7.405188700027793,0.3988249429634639,0.3950812177998679,train_pix_recon,0.003743725163596001
shapley-20260606T024743Z-6e742d25,baseline,A,115,115,7.471890500026348,0.4034774771758488,0.3949775270053318,train_pix_recon,0.008499950170517023
shapley-20260606T024743Z-6e742d25,baseline,A,116,116,7.540249600027892,0.3944472627980368,0.4091676047870091,train_pix_recon,-0.014720341988972263
shapley-20260606T024743Z-6e742d25,baseline,A,117,117,7.61116760002551,0.3985670464379446,0.3957191577979496,train_pix_recon,0.002847888639995022
shapley-20260606T024743Z-6e742d25,baseline,A,118,118,7.675849200026278,0.4111092473779406,0.412999370268413,train_pix_recon,-0.0018901228904724121
shapley-20260606T024743Z-6e742d25,baseline,A,119,119,7.738762000026327,0.4072338172367641,0.4013077446392604,train_pix_recon,0.005926072597503718
shapley-20260606T024743Z-6e742d25,baseline,A,120,120,7.800978500024939,0.3993172006947653,0.4123971249376024,train_pix_recon,-0.013079924242837104
shapley-20260606T024743Z-6e742d25,baseline,A,121,121,7.862952800027415,0.4252085174833025,0.4221544052873339,train_pix_recon,0.003054112195968628
shapley-20260606T024743Z-6e742d25,baseline,A,122,122,7.92524210002739,0.4210818537643978,0.4201561978885105,train_pix_recon,0.0009256558758872768
shapley-20260606T024743Z-6e742d25,baseline,A,123,123,7.995472700025857,0.4228365506444658,0.4209936772074018,train_pix_recon,0.0018428734370640187
shapley-20260606T024743Z-6e742d25,baseline,A,124,124,8.057983100025012,0.4389589003154209,0.4366295039653778,train_pix_recon,0.002329396350043089
shapley-20260606T024743Z-6e742d25,baseline,A,125,125,8.121768500022881,0.4273113395486559,0.4195763170719147,train_pix_recon,0.007735022476741238
shapley-20260606T024743Z-6e742d25,baseline,A,126,126,8.185048600022128,0.4355161828654153,0.4265654299940382,train_pix_recon,0.008950752871377143
shapley-20260606T024743Z-6e742d25,baseline,A,127,127,8.25301010001931,0.4207843031202044,0.425396523305348,train_pix_recon,-0.004612220185143623
shapley-20260606T024743Z-6e742d25,baseline,A,128,128,8.320560800020758,0.4323991707393101,0.4182510248252323,train_pix_recon,0.014148145914077814
shapley-20260606T024743Z-6e742d25,baseline,A,129,129,8.385677400019631,0.4282027781009674,0.4271333387919834,train_pix_recon,0.0010694393089840104
shapley-20260606T024743Z-6e742d25,baseline,A,130,130,8.45106780001879,0.4217226760728018,0.4138760098389217,train_pix_recon,0.007846666233880084
shapley-20260606T024743Z-6e742d25,baseline,A,131,131,8.519113000020297,0.4259765829358782,0.4200340551989419,train_pix_recon,0.0059425277369363205
shapley-20260606T024743Z-6e742d25,baseline,A,132,132,8.583150200021919,0.4193342328071594,0.4167417969022478,train_pix_recon,0.0025924359049116497
shapley-20260606T024743Z-6e742d25,baseline,A,133,133,8.646325800022169,0.4167424014636448,0.4196979275771549,train_pix_recon,-0.002955526113510132
shapley-20260606T024743Z-6e742d25,baseline,A,134,134,8.719477200022084,0.4238591960498264,0.4084262464727674,train_pix_recon,0.01543294957705904
shapley-20260606T024743Z-6e742d25,baseline,A,135,135,8.785629000023619,0.4189252087048122,0.4219779159341539,train_pix_recon,-0.0030527072293417
shapley-20260606T024743Z-6e742d25,baseline,A,136,136,8.854094600021199,0.4270992151328495,0.4071251962866102,train_pix_recon,0.019974018846239283
shapley-20260606T024743Z-6e742d25,baseline,A,137,137,8.921955100024206,0.4103130953652518,0.4151508382388523,train_pix_recon,-0.0048377428736005035
shapley-20260606T024743Z-6e742d25,baseline,A,138,138,8.991033600021183,0.4191908410617283,0.4183707662991115,train_pix_recon,0.000820074762616807
shapley-20260606T024743Z-6e742d25,baseline,A,139,139,9.063727100019603,0.4237044709069388,0.4127594232559204,train_pix_recon,0.010945047651018391
shapley-20260606T024743Z-6e742d25,baseline,A,140,140,9.143064100022457,0.4086303285190037,0.4060148426464626,train_pix_recon,0.0026154858725411234
shapley-20260606T024743Z-6e742d25,baseline,A,141,141,9.22049870002229,0.4192059252943311,0.411978074482509,train_pix_recon,0.00722785081182209
shapley-20260606T024743Z-6e742d25,baseline,A,142,142,9.2896037000246,0.4172162200723375,0.4045326496873583,train_pix_recon,0.012683570384979193
shapley-20260606T024743Z-6e742d25,baseline,A,143,143,9.357618500027456,0.4150699206760951,0.4109629222324916,train_pix_recon,0.004106998443603516
shapley-20260606T024743Z-6e742d25,baseline,A,144,144,9.422660200027169,0.4216645870889936,0.4098882632596152,train_pix_recon,0.011776323829378432
shapley-20260606T024743Z-6e742d25,baseline,A,145,145,9.490542000028654,0.4186103940010071,0.4132455970559801,train_pix_recon,0.005364796945027006
shapley-20260606T024743Z-6e742d25,baseline,A,146,146,9.560091800027294,0.4138682016304561,0.3995361583573477,train_pix_recon,0.014332043273108441
shapley-20260606T024743Z-6e742d25,baseline,A,147,147,9.630298200027028,0.4131896325520107,0.4153986488069807,train_pix_recon,-0.0022090162549699977
shapley-20260606T024743Z-6e742d25,baseline,A,148,148,9.699077900026168,0.4122451671532222,0.4038056773798806,train_pix_recon,0.00843948977334158
shapley-20260606T024743Z-6e742d25,baseline,A,149,149,9.767922100025316,0.4215500312192099,0.4098586227212633,train_pix_recon,0.011691408497946643
shapley-20260606T024743Z-6e742d25,baseline,A,150,150,9.834456000025966,0.4145730308123997,0.4066501813275473,train_pix_recon,0.00792284948485239
shapley-20260606T024743Z-6e742d25,baseline,A,151,151,9.901366500027509,0.4225163587502071,0.4036992064544132,train_pix_recon,0.018817152295793893
shapley-20260606T024743Z-6e742d25,baseline,A,152,152,9.973701600029017,0.4128267083849226,0.4094432081495012,train_pix_recon,0.0033835002354213883
shapley-20260606T024743Z-6e742d25,baseline,A,153,153,10.040877900028136,0.4035739813532148,0.406950980424881,train_pix_recon,-0.0033769990716661646
shapley-20260606T024743Z-6e742d25,baseline,A,154,154,10.108078600027511,0.4091478628771646,0.4036290688174112,train_pix_recon,0.005518794059753418
shapley-20260606T024743Z-6e742d25,baseline,A,155,155,10.171104900025966,0.4150943543229784,0.4130416895662035,train_pix_recon,0.0020526647567749023
shapley-20260606T024743Z-6e742d25,baseline,A,156,156,10.23767000002772,0.4207848395620073,0.4013403994696481,train_pix_recon,0.019444440092359183
shapley-20260606T024743Z-6e742d25,baseline,A,157,157,10.300522500027,0.4078356112752642,0.4080500560147421,train_pix_recon,-0.00021444473947790366
shapley-20260606T024743Z-6e742d25,baseline,A,158,158,10.365836800025136,0.4143356595720563,0.4136144604001726,train_pix_recon,0.0007211991718837352
shapley-20260606T024743Z-6e742d25,baseline,A,159,159,10.431666800024686,0.4248970108372824,0.3997518164770944,train_pix_recon,0.025145194360187972
shapley-20260606T024743Z-6e742d25,baseline,A,160,160,10.49789060002513,0.4153218141623905,0.3999824609075273,train_pix_recon,0.015339353254863186
shapley-20260606T024743Z-6e742d25,baseline,A,161,161,10.566576700024598,0.4084240538733346,0.4025858172348567,train_pix_recon,0.005838236638477878
shapley-20260606T024743Z-6e742d25,baseline,A,162,162,10.630999100023471,0.4047130644321441,0.3961981279509408,train_pix_recon,0.008514936481203328
shapley-20260606T024743Z-6e742d25,baseline,A,163,163,10.696170800023538,0.4079984894820622,0.4057749850409372,train_pix_recon,0.0022235044411250127
shapley-20260606T024743Z-6e742d25,baseline,A,164,164,10.761266900022749,0.4107737370899745,0.4118067537035261,train_pix_recon,-0.0010330166135515961
shapley-20260606T024743Z-6e742d25,baseline,A,165,165,10.836419200022648,0.4134635244097028,0.4007384691919599,train_pix_recon,0.01272505521774292
shapley-20260606T024743Z-6e742d25,baseline,A,166,166,10.902443500021036,0.4197648082460676,0.3986776982034956,train_pix_recon,0.02108711004257202
shapley-20260606T024743Z-6e742d25,baseline,A,167,167,10.966823000020668,0.4082801214286259,0.4045107279505048,train_pix_recon,0.003769393478121108
shapley-20260606T024743Z-6e742d25,baseline,A,168,168,11.032620600020891,0.4102686728749956,0.4031511119433811,train_pix_recon,0.007117560931614475
shapley-20260606T024743Z-6e742d25,baseline,A,169,169,11.100477100018908,0.4106890388897487,0.4050125692571912,train_pix_recon,0.005676469632557524
shapley-20260606T024743Z-6e742d25,baseline,A,170,170,11.164559400018334,0.4123763271740505,0.3972962200641632,train_pix_recon,0.015080107109887275
shapley-20260606T024743Z-6e742d25,baseline,A,171,171,11.237841600021056,0.4093765488692692,0.4018198464597974,train_pix_recon,0.007556702409471816
shapley-20260606T024743Z-6e742d25,baseline,A,172,172,11.31065320002017,0.4090081581047603,0.4002969137259892,train_pix_recon,0.008711244378771132
shapley-20260606T024743Z-6e742d25,baseline,A,173,173,11.379886100021396,0.4102026053837367,0.4020673334598541,train_pix_recon,0.008135271923882581
shapley-20260606T024743Z-6e742d25,baseline,A,174,174,11.442759300018224,0.408060678413936,0.3969189609800066,train_pix_recon,0.011141717433929388
shapley-20260606T024743Z-6e742d25,baseline,A,175,175,11.504579400017974,0.4080851674079895,0.3953963134969984,train_pix_recon,0.012688853910991116
shapley-20260606T024743Z-6e742d25,baseline,A,176,176,11.566863700016256,0.4107743501663208,0.4018967194216592,train_pix_recon,0.00887763074466158
shapley-20260606T024743Z-6e742d25,baseline,A,177,177,11.629560900018989,0.4107372335025242,0.4082092515059879,train_pix_recon,0.0025279819965363104
shapley-20260606T024743Z-6e742d25,baseline,A,178,178,11.694667300020228,0.4046953661101205,0.3999328442982265,train_pix_recon,0.004762521811894016
shapley-20260606T024743Z-6e742d25,baseline,A,179,179,11.758566400021664,0.4116007132189614,0.3940364420413971,train_pix_recon,0.017564271177564317
shapley-20260606T024743Z-6e742d25,baseline,A,180,180,11.824706300023536,0.4107098068509783,0.3956809767654964,train_pix_recon,0.015028830085481892
shapley-20260606T024743Z-6e742d25,baseline,A,181,181,11.890357200023573,0.4002480251448495,0.4041542538574764,train_pix_recon,-0.0039062287126269135
shapley-20260606T024743Z-6e742d25,baseline,A,182,182,11.952924100023663,0.4135508494717734,0.3986493051052093,train_pix_recon,0.014901544366564101
shapley-20260606T024743Z-6e742d25,baseline,A,183,183,12.017895300024977,0.4078949647290366,0.4030770531722477,train_pix_recon,0.004817911556788901
shapley-20260606T024743Z-6e742d25,baseline,A,184,184,12.08104080002522,0.4046104763235364,0.3983518183231354,train_pix_recon,0.006258658000401041
shapley-20260606T024743Z-6e742d25,baseline,A,185,185,12.143672900027012,0.4149064804826464,0.4026370474270412,train_pix_recon,0.012269433055605183
shapley-20260606T024743Z-6e742d25,baseline,A,186,186,12.209146100027285,0.4070115217140743,0.3953756221703121,train_pix_recon,0.011635899543762207
shapley-20260606T024743Z-6e742d25,baseline,A,187,187,12.275066300026085,0.4080211009298052,0.3901056221553257,train_pix_recon,0.01791547877447952
shapley-20260606T024743Z-6e742d25,baseline,A,188,188,12.349743000027956,0.4001487961837223,0.4015662457261766,train_pix_recon,-0.0014174495424543188
shapley-20260606T024743Z-6e742d25,baseline,A,189,189,12.41595400002916,0.4066981928689139,0.4006720994200025,train_pix_recon,0.006026093448911418
shapley-20260606T024743Z-6e742d25,baseline,A,190,190,12.483333500029405,0.4157745114394596,0.4028649543012891,train_pix_recon,0.012909557138170491
shapley-20260606T024743Z-6e742d25,baseline,A,191,191,12.545694700031165,0.4114972140107836,0.3947795672076089,train_pix_recon,0.016717646803174724
shapley-20260606T024743Z-6e742d25,baseline,A,192,192,12.611470900032144,0.410278503383909,0.3923743409769876,train_pix_recon,0.017904162406921387
shapley-20260606T024743Z-6e742d25,baseline,A,193,193,12.676857900030882,0.4169181372438158,0.3989051112106868,train_pix_recon,0.018013026033129043
shapley-20260606T024743Z-6e742d25,baseline,A,194,194,12.74454380003226,0.4145239378724779,0.4013006176267351,train_pix_recon,0.013223320245742798
shapley-20260606T024743Z-6e742d25,baseline,A,195,195,12.807235300031609,0.4174762879099165,0.404081642627716,train_pix_recon,0.013394645282200468
shapley-20260606T024743Z-6e742d25,baseline,A,196,196,12.87465690002864,0.4125761347157614,0.4017832151481083,train_pix_recon,0.010792919567653103
shapley-20260606T024743Z-6e742d25,baseline,A,197,197,12.940499300028025,0.4101729733603341,0.4002528658935002,train_pix_recon,0.009920107466833916
shapley-20260606T024743Z-6e742d25,baseline,A,198,198,13.00424360002944,0.406888199704034,0.4045942212854113,train_pix_recon,0.002293978418622722
shapley-20260606T024743Z-6e742d25,baseline,A,199,199,13.069033900028444,0.4051506689616612,0.3976552699293409,train_pix_recon,0.007495399032320271
shapley-20260606T024807Z-7a0d37e1,marginal,A,0,0,0.2490304999992076,0.9721860459872654,0.975604806627546,train_pix_recon,-0.0034187606402805715
shapley-20260606T024807Z-7a0d37e1,marginal,A,1,1,0.3135969999966619,0.7711472085544041,0.7556417073522296,train_pix_recon,0.015505501202174532
shapley-20260606T024807Z-7a0d37e1,marginal,A,2,2,0.3722556999964581,0.6355831112180438,0.6250878402165004,train_pix_recon,0.01049527100154335
shapley-20260606T024807Z-7a0d37e1,marginal,A,3,3,0.4320292999982484,0.5422062618391854,0.5470252547945295,train_pix_recon,-0.004818992955344048
shapley-20260606T024807Z-7a0d37e1,marginal,A,4,4,0.4929391000005125,0.4805770899568285,0.4944537622588021,train_pix_recon,-0.013876672301973592
shapley-20260606T024807Z-7a0d37e1,marginal,A,5,5,0.5558032999979332,0.4340206001486097,0.4491283467837742,train_pix_recon,-0.01510774663516451
shapley-20260606T024807Z-7a0d37e1,marginal,A,6,6,0.6213091999961762,0.4036500709397452,0.418280086347035,train_pix_recon,-0.01463001540728981
shapley-20260606T024807Z-7a0d37e1,marginal,A,7,7,0.6830723999955808,0.381467342376709,0.3944759581770216,train_pix_recon,-0.013008615800312595
shapley-20260606T024807Z-7a0d37e1,marginal,A,8,8,0.745315699994535,0.3612273505755833,0.3749726116657257,train_pix_recon,-0.013745261090142402
shapley-20260606T024807Z-7a0d37e1,marginal,A,9,9,0.8047585999956937,0.3464387229510716,0.3557339864117758,train_pix_recon,-0.009295263460704195
shapley-20260606T024807Z-7a0d37e1,marginal,A,10,10,0.865506699992693,0.3301490374973842,0.3389775838170732,train_pix_recon,-0.00882854631968899
shapley-20260606T024807Z-7a0d37e1,marginal,A,11,11,0.9321565999925951,0.3227876254490444,0.3264748752117157,train_pix_recon,-0.0036872497626713185
shapley-20260606T024807Z-7a0d37e1,marginal,A,12,12,0.9969462999943062,0.322485544851848,0.3241449551922934,train_pix_recon,-0.001659410340445422
shapley-20260606T024807Z-7a0d37e1,marginal,A,13,13,1.0612591999924916,0.3126585398401533,0.3216638905661447,train_pix_recon,-0.009005350725991401
shapley-20260606T024807Z-7a0d37e1,marginal,A,14,14,1.1199233999941498,0.2962013440472739,0.3015783642019544,train_pix_recon,-0.005377020154680501
shapley-20260606T024807Z-7a0d37e1,marginal,A,15,15,1.1806047999962177,0.2917660559926714,0.2940603111471448,train_pix_recon,-0.0022942551544734013
shapley-20260606T024807Z-7a0d37e1,marginal,A,16,16,1.2416990999990958,0.2871097581727164,0.2923866850989206,train_pix_recon,-0.005276926926204184
shapley-20260606T024807Z-7a0d37e1,marginal,A,17,17,1.3040724999991653,0.2869087585381099,0.2923396527767181,train_pix_recon,-0.005430894238608208
shapley-20260606T024807Z-7a0d37e1,marginal,A,18,18,1.365901599998324,0.2779079164777483,0.2823905178478786,train_pix_recon,-0.00448260137013029
shapley-20260606T024807Z-7a0d37e1,marginal,A,19,19,1.4281894999985525,0.2736695749419076,0.2763377555779048,train_pix_recon,-0.0026681806359972193
shapley-20260606T024807Z-7a0d37e1,marginal,A,20,20,1.487673999996332,0.2688692850725991,0.2731398131166185,train_pix_recon,-0.004270528044019395
shapley-20260606T024807Z-7a0d37e1,marginal,A,21,21,1.5466592999946442,0.2756484278610774,0.2748505473136902,train_pix_recon,0.0007978805473872197
shapley-20260606T024807Z-7a0d37e1,marginal,A,22,22,1.6055814999926952,0.2759442584855215,0.2671691988195692,train_pix_recon,0.008775059665952323
shapley-20260606T024807Z-7a0d37e1,marginal,A,23,23,1.6691878999918115,0.264065078326634,0.266421228647232,train_pix_recon,-0.002356150320597994
shapley-20260606T024807Z-7a0d37e1,marginal,A,24,24,1.7354859999941257,0.2694898843765259,0.2672995116029467,train_pix_recon,0.0021903727735791967
shapley-20260606T024807Z-7a0d37e1,marginal,A,25,25,1.7970524999946065,0.2678746921675546,0.2664371686322348,train_pix_recon,0.0014375235353197846
shapley-20260606T024807Z-7a0d37e1,marginal,A,26,26,1.8575334999950428,0.2641751638480595,0.267075172492436,train_pix_recon,-0.002900008644376506
shapley-20260606T024807Z-7a0d37e1,marginal,A,27,27,1.9163106999949375,0.2664565231118883,0.2674977949687412,train_pix_recon,-0.0010412718568529322
shapley-20260606T024807Z-7a0d37e1,marginal,A,28,28,1.978653699996357,0.2667849361896515,0.2621931795563016,train_pix_recon,0.004591756633349875
shapley-20260606T024807Z-7a0d37e1,marginal,A,29,29,2.0411395999981323,0.2604620371546064,0.2653151324817112,train_pix_recon,-0.004853095327104762
shapley-20260606T024807Z-7a0d37e1,marginal,A,30,30,2.099699899998086,0.2616458109446934,0.2618671080895832,train_pix_recon,-0.00022129714488977603
shapley-20260606T024807Z-7a0d37e1,marginal,A,31,31,2.1619070999986434,0.2566983912672315,0.2588106606687818,train_pix_recon,-0.002112269401550293
shapley-20260606T024807Z-7a0d37e1,marginal,A,32,32,2.2269490999970003,0.2575427613088062,0.2603416698319571,train_pix_recon,-0.0027989085231509003
shapley-20260606T024807Z-7a0d37e1,marginal,A,33,33,2.2939033999973617,0.2568926193884441,0.2594980299472809,train_pix_recon,-0.002605410558836785
shapley-20260606T024807Z-7a0d37e1,marginal,A,34,34,2.356240599998273,0.2541166480098452,0.2619439022881644,train_pix_recon,-0.007827254278319207
shapley-20260606T024807Z-7a0d37e1,marginal,A,35,35,2.42130779999934,0.2580020810876574,0.2605657407215663,train_pix_recon,-0.0025636596339089213
shapley-20260606T024807Z-7a0d37e1,marginal,A,36,36,2.4861340999996173,0.2601713751043592,0.2619873796190534,train_pix_recon,-0.0018160045146941584
shapley-20260606T024807Z-7a0d37e1,marginal,A,37,37,2.546917499999836,0.2614083609410694,0.2654520996979305,train_pix_recon,-0.004043738756861093
shapley-20260606T024807Z-7a0d37e1,marginal,A,38,38,2.6146269000018947,0.2677002506596701,0.2654940145356314,train_pix_recon,0.002206236124038752
shapley-20260606T024807Z-7a0d37e1,marginal,A,39,39,2.6808375000000524,0.2668264593396868,0.2647159908499036,train_pix_recon,0.0021104684897831905
shapley-20260606T024807Z-7a0d37e1,marginal,A,40,40,2.7426132000000507,0.2671212724276951,0.2648835352488926,train_pix_recon,0.0022377371788025457
shapley-20260606T024807Z-7a0d37e1,marginal,A,41,41,2.810460599997896,0.2617612608841487,0.2664821147918701,train_pix_recon,-0.004720853907721423
shapley-20260606T024807Z-7a0d37e1,marginal,A,42,42,2.872433399996225,0.2689120556627001,0.2657156458922795,train_pix_recon,0.0031964097704206273
shapley-20260606T024807Z-7a0d37e1,marginal,A,43,43,2.933707299995149,0.2675985097885132,0.2674809438841684,train_pix_recon,0.0001175659043448074
shapley-20260606T024807Z-7a0d37e1,marginal,A,44,44,2.993370599993796,0.2727634395871843,0.270083555153438,train_pix_recon,0.0026798844337462824
shapley-20260606T024807Z-7a0d37e1,marginal,A,45,45,3.056453599994711,0.2731730767658779,0.2676204059805189,train_pix_recon,0.005552670785358982
shapley-20260606T024807Z-7a0d37e1,marginal,A,46,46,3.115843899995525,0.2776806354522705,0.2713521974427359,train_pix_recon,0.006328438009534587
shapley-20260606T024807Z-7a0d37e1,marginal,A,47,47,3.180196199995408,0.2747435740062168,0.2730884850025177,train_pix_recon,0.001655089003699095
shapley-20260606T024807Z-7a0d37e1,marginal,A,48,48,3.2426463999945554,0.2795182423932211,0.2804128783089774,train_pix_recon,-0.0008946359157562811
shapley-20260606T024807Z-7a0d37e1,marginal,A,49,49,3.307684199993673,0.2767280723367418,0.2826164705412728,train_pix_recon,-0.00588839820453102
shapley-20260606T024807Z-7a0d37e1,marginal,A,50,50,3.3694549999927403,0.2803333784852709,0.2776265910693577,train_pix_recon,0.002706787415913181
shapley-20260606T024807Z-7a0d37e1,marginal,A,51,51,3.431327499991312,0.2857590658324105,0.277478460754667,train_pix_recon,0.00828060507774353
shapley-20260606T024807Z-7a0d37e1,marginal,A,52,52,3.49629639998966,0.2845887882368905,0.2774899687085833,train_pix_recon,0.00709881952830721
shapley-20260606T024807Z-7a0d37e1,marginal,A,53,53,3.559185099991737,0.2850831747055053,0.283989599772862,train_pix_recon,0.0010935749326433375
shapley-20260606T024807Z-7a0d37e1,marginal,A,54,54,3.620060099990951,0.2841164256845201,0.283088207244873,train_pix_recon,0.0010282184396471217
shapley-20260606T024807Z-7a0d37e1,marginal,A,55,55,3.679531199992198,0.2856074741908482,0.2849420266492026,train_pix_recon,0.0006654475416456029
shapley-20260606T024807Z-7a0d37e1,marginal,A,56,56,3.7474285999924177,0.2882036439010075,0.2870820505278451,train_pix_recon,0.0011215933731624217
shapley-20260606T024807Z-7a0d37e1,marginal,A,57,57,3.8098123999916425,0.2878287093979971,0.2908757925033569,train_pix_recon,-0.0030470831053597824
shapley-20260606T024807Z-7a0d37e1,marginal,A,58,58,3.8733071999922686,0.2886219578129904,0.2941081736768995,train_pix_recon,-0.005486215863909127
shapley-20260606T024807Z-7a0d37e1,marginal,A,59,59,3.935762299992348,0.2917847079890115,0.2928353888647897,train_pix_recon,-0.0010506808757781982
shapley-20260606T024807Z-7a0d37e1,marginal,A,60,60,3.997231399993325,0.2943625152111053,0.2971219079835074,train_pix_recon,-0.002759392772402114
shapley-20260606T024807Z-7a0d37e1,marginal,A,61,61,4.062820099996316,0.2957662982600076,0.2970032266208103,train_pix_recon,-0.0012369283608026915
shapley-20260606T024807Z-7a0d37e1,marginal,A,62,62,4.125040599996282,0.2973304007734571,0.2993141966206686,train_pix_recon,-0.001983795847211478
shapley-20260606T024807Z-7a0d37e1,marginal,A,63,63,4.18931139999404,0.3000159902232034,0.3043650090694427,train_pix_recon,-0.004349018846239283
shapley-20260606T024807Z-7a0d37e1,marginal,A,64,64,4.252850499993656,0.3040078495229993,0.3038580843380519,train_pix_recon,0.00014976518494741464
shapley-20260606T024807Z-7a0d37e1,marginal,A,65,65,4.31440539999312,0.304364195891789,0.3102141107831682,train_pix_recon,-0.005849914891379204
shapley-20260606T024807Z-7a0d37e1,marginal,A,66,66,4.377515399992262,0.3037094260965075,0.3099934416157858,train_pix_recon,-0.006284015519278319
shapley-20260606T024807Z-7a0d37e1,marginal,A,67,67,4.437783999990643,0.3047171660831996,0.3131813364369528,train_pix_recon,-0.008464170353753186
shapley-20260606T024807Z-7a0d37e1,marginal,A,68,68,4.503763399989111,0.3088336246354239,0.31513626234872,train_pix_recon,-0.006302637713296089
shapley-20260606T024807Z-7a0d37e1,marginal,A,69,69,4.5631014999889885,0.311826399394444,0.3131915118013109,train_pix_recon,-0.0013651124068668752
shapley-20260606T024807Z-7a0d37e1,marginal,A,70,70,4.623337899989565,0.3178831126008715,0.3166554357324327,train_pix_recon,0.0012276768684387762
shapley-20260606T024807Z-7a0d37e1,marginal,A,71,71,4.682340299987118,0.3144103075776781,0.3160263214792524,train_pix_recon,-0.001616013901574287
shapley-20260606T024807Z-7a0d37e1,marginal,A,72,72,4.746016799985227,0.3190907623086657,0.3183696142264774,train_pix_recon,0.000721148082188261
shapley-20260606T024807Z-7a0d37e1,marginal,A,73,73,4.810454199985543,0.3182837579931531,0.319032962833132,train_pix_recon,-0.0007492048399788676
shapley-20260606T024807Z-7a0d37e1,marginal,A,74,74,4.87760479998542,0.3213525755064828,0.3184721895626613,train_pix_recon,0.0028803859438214507
shapley-20260606T024807Z-7a0d37e1,marginal,A,75,75,4.939956899983372,0.3254145554133824,0.3249560551983969,train_pix_recon,0.0004585002149855022
shapley-20260606T024807Z-7a0d37e1,marginal,A,76,76,5.005799799982924,0.3200988599232265,0.3299763969012669,train_pix_recon,-0.009877536978040391
shapley-20260606T024807Z-7a0d37e1,marginal,A,77,77,5.068603899981099,0.3217370126928602,0.3305379365171705,train_pix_recon,-0.008800923824310303
shapley-20260606T024807Z-7a0d37e1,marginal,A,78,78,5.131141599980765,0.3263216359274728,0.3314965580190931,train_pix_recon,-0.005174922091620293
shapley-20260606T024807Z-7a0d37e1,marginal,A,79,79,5.192328299981455,0.3367819743497031,0.3347607212407248,train_pix_recon,0.0020212531089782715
shapley-20260606T024807Z-7a0d37e1,marginal,A,80,80,5.252589399980934,0.3317590611321585,0.3357753711087363,train_pix_recon,-0.004016309976577814
shapley-20260606T024807Z-7a0d37e1,marginal,A,81,81,5.311421099981089,0.3365785990442548,0.3318494515759604,train_pix_recon,0.004729147468294392
shapley-20260606T024807Z-7a0d37e1,marginal,A,82,82,5.369744099978561,0.3285547835486276,0.3439780303410121,train_pix_recon,-0.015423246792384493
shapley-20260606T024807Z-7a0d37e1,marginal,A,83,83,5.429767899979197,0.3406932141099657,0.3410780429840088,train_pix_recon,-0.0003848288740430639
shapley-20260606T024807Z-7a0d37e1,marginal,A,84,84,5.488932899977954,0.3396724164485931,0.337847705398287,train_pix_recon,0.0018247110503060715
shapley-20260606T024807Z-7a0d37e1,marginal,A,85,85,5.548238199979096,0.3296156993934086,0.3420342121805463,train_pix_recon,-0.012418512787137681
shapley-20260606T024807Z-7a0d37e1,marginal,A,86,86,5.6086960999782605,0.3478222659655979,0.3405654174940927,train_pix_recon,0.007256848471505206
shapley-20260606T024807Z-7a0d37e1,marginal,A,87,87,5.666893499979778,0.3448148199490138,0.3423546339784349,train_pix_recon,0.0024601859705788987
shapley-20260606T024807Z-7a0d37e1,marginal,A,88,88,5.725489499982359,0.3501979964120047,0.3511299746377127,train_pix_recon,-0.0009319782257080078
shapley-20260606T024807Z-7a0d37e1,marginal,A,89,89,5.784322299983614,0.3509556225367954,0.3496499913079398,train_pix_recon,0.0013056312288556304
shapley-20260606T024807Z-7a0d37e1,marginal,A,90,90,5.853834699984873,0.3526464743273599,0.3552769976002829,train_pix_recon,-0.0026305232729230132
shapley-20260606T024807Z-7a0d37e1,marginal,A,91,91,5.916969999987487,0.3527564661843436,0.3570328439985002,train_pix_recon,-0.004276377814156629
shapley-20260606T024807Z-7a0d37e1,marginal,A,92,92,5.980592999985674,0.3527315940175737,0.3582890927791595,train_pix_recon,-0.0055574987615857885
shapley-20260606T024807Z-7a0d37e1,marginal,A,93,93,6.047065099988686,0.3598879022257669,0.3576402962207794,train_pix_recon,0.002247606004987468
shapley-20260606T024807Z-7a0d37e1,marginal,A,94,94,6.109333799988235,0.3501565669264112,0.3625672417027609,train_pix_recon,-0.012410674776349717
shapley-20260606T024807Z-7a0d37e1,marginal,A,95,95,6.175344199989922,0.3614557002271925,0.3612267587866102,train_pix_recon,0.0002289414405822754
shapley-20260606T024807Z-7a0d37e1,marginal,A,96,96,6.241598599986901,0.3603481863226209,0.364060240132468,train_pix_recon,-0.0037120538098471267
shapley-20260606T024807Z-7a0d37e1,marginal,A,97,97,6.303983099987818,0.3678055363042014,0.3656618467399052,train_pix_recon,0.0021436895642961695
shapley-20260606T024807Z-7a0d37e1,marginal,A,98,98,6.366220399988379,0.3644461844648634,0.3673186557633536,train_pix_recon,-0.00287247129849022
shapley-20260606T024807Z-7a0d37e1,marginal,A,99,99,6.430323499986116,0.3645931184291839,0.3674217249665941,train_pix_recon,-0.002828606537410183
shapley-20260606T024807Z-7a0d37e1,marginal,A,100,100,6.493505599984928,0.3660478464194706,0.3745346197060176,train_pix_recon,-0.008486773286547011
shapley-20260606T024807Z-7a0d37e1,marginal,A,101,101,6.5559434999850055,0.3711017966270447,0.3755266198090145,train_pix_recon,-0.004424823181969795
shapley-20260606T024807Z-7a0d37e1,marginal,A,102,102,6.620728899983078,0.3733417476926531,0.3800759741238185,train_pix_recon,-0.006734226431165391
shapley-20260606T024807Z-7a0d37e1,marginal,A,103,103,6.684910199983278,0.3709355294704437,0.3747858447687966,train_pix_recon,-0.003850315298352891
shapley-20260606T024807Z-7a0d37e1,marginal,A,104,104,6.748589499984519,0.3832102375371115,0.3864623350756509,train_pix_recon,-0.0032520975385394446
shapley-20260606T024807Z-7a0d37e1,marginal,A,105,105,6.811116999986552,0.3811489003045218,0.381802145923887,train_pix_recon,-0.0006532456193651948
shapley-20260606T024807Z-7a0d37e1,marginal,A,106,106,6.877164999987144,0.3724109062126705,0.3887597279889243,train_pix_recon,-0.016348821776253797
shapley-20260606T024807Z-7a0d37e1,marginal,A,107,107,6.950269799985108,0.3862599262169429,0.3882489417280469,train_pix_recon,-0.001989015511104031
shapley-20260606T024807Z-7a0d37e1,marginal,A,108,108,7.019331699983013,0.3893479449408395,0.3829011619091034,train_pix_recon,0.006446783031736125
shapley-20260606T024807Z-7a0d37e1,marginal,A,109,109,7.086305099983292,0.3856050542422703,0.3968326789992196,train_pix_recon,-0.011227624756949273
shapley-20260606T024807Z-7a0d37e1,marginal,A,110,110,7.150444999981119,0.390072362763541,0.3895481995173863,train_pix_recon,0.0005241632461547296
shapley-20260606T024807Z-7a0d37e1,marginal,A,111,111,7.21388349998233,0.3866150379180908,0.4012241448674883,train_pix_recon,-0.014609106949397488
shapley-20260606T024807Z-7a0d37e1,marginal,A,112,112,7.2765093999842065,0.3944118959563119,0.3992912343570164,train_pix_recon,-0.004879338400704536
shapley-20260606T024807Z-7a0d37e1,marginal,A,113,113,7.341588299983414,0.3940144010952541,0.4056133457592555,train_pix_recon,-0.01159894466400141
shapley-20260606T024807Z-7a0d37e1,marginal,A,114,114,7.405439999984082,0.4009968084948404,0.3950812177998679,train_pix_recon,0.005915590694972495
shapley-20260606T024807Z-7a0d37e1,marginal,A,115,115,7.467678799985151,0.3943047566073281,0.3949775270053318,train_pix_recon,-0.0006727703980036748
shapley-20260606T024807Z-7a0d37e1,marginal,A,116,116,7.531620899982954,0.4084332968507494,0.4091676047870091,train_pix_recon,-0.0007343079362596705
shapley-20260606T024807Z-7a0d37e1,marginal,A,117,117,7.598227399983443,0.3985191030161721,0.3957191577979496,train_pix_recon,0.0027999452182225215
shapley-20260606T024807Z-7a0d37e1,marginal,A,118,118,7.66283149998344,0.4030389743191855,0.412999370268413,train_pix_recon,-0.009960395949227485
shapley-20260606T024807Z-7a0d37e1,marginal,A,119,119,7.728090399985376,0.4092921955244882,0.4013077446392604,train_pix_recon,0.007984450885227812
shapley-20260606T024807Z-7a0d37e1,marginal,A,120,120,7.793313699985447,0.4099673160484859,0.4123971249376024,train_pix_recon,-0.0024298088891164804
shapley-20260606T024807Z-7a0d37e1,marginal,A,121,121,7.859233899984247,0.4121643219675336,0.4221544052873339,train_pix_recon,-0.00999008331980028
shapley-20260606T024807Z-7a0d37e1,marginal,A,122,122,7.927790899982938,0.4194969407149723,0.4201561978885105,train_pix_recon,-0.000659257173538208
shapley-20260606T024807Z-7a0d37e1,marginal,A,123,123,7.994300799982739,0.437565416097641,0.4209936772074018,train_pix_recon,0.016571738890239218
shapley-20260606T024807Z-7a0d37e1,marginal,A,124,124,8.064919799980999,0.4352671205997467,0.4366295039653778,train_pix_recon,-0.0013623833656311035
shapley-20260606T024807Z-7a0d37e1,marginal,A,125,125,8.129203299980873,0.4229209508214678,0.4195763170719147,train_pix_recon,0.0033446337495531275
shapley-20260606T024807Z-7a0d37e1,marginal,A,126,126,8.20028629997978,0.4358475761754172,0.4265654299940382,train_pix_recon,0.009282146181379014
shapley-20260606T024807Z-7a0d37e1,marginal,A,127,127,8.266522399979294,0.4175464808940887,0.425396523305348,train_pix_recon,-0.007850042411259306
shapley-20260606T024807Z-7a0d37e1,marginal,A,128,128,8.336920799978543,0.4308747351169586,0.4182510248252323,train_pix_recon,0.01262371029172632
shapley-20260606T024807Z-7a0d37e1,marginal,A,129,129,8.40606029997798,0.4254880462374006,0.4271333387919834,train_pix_recon,-0.001645292554582789
shapley-20260606T024807Z-7a0d37e1,marginal,A,130,130,8.469610599979205,0.4232236402375357,0.4138760098389217,train_pix_recon,0.009347630398614026
shapley-20260606T024807Z-7a0d37e1,marginal,A,131,131,8.533485399981146,0.4255275045122419,0.4200340551989419,train_pix_recon,0.005493449313300036
shapley-20260606T024807Z-7a0d37e1,marginal,A,132,132,8.598036899980798,0.4195947476795741,0.4167417969022478,train_pix_recon,0.002852950777326335
shapley-20260606T024807Z-7a0d37e1,marginal,A,133,133,8.664734999980283,0.4308782603059496,0.4196979275771549,train_pix_recon,0.011180332728794706
shapley-20260606T024807Z-7a0d37e1,marginal,A,134,134,8.731708899980731,0.4170232883521488,0.4084262464727674,train_pix_recon,0.008597041879381428
shapley-20260606T024807Z-7a0d37e1,marginal,A,135,135,8.799079399981565,0.415397937808718,0.4219779159341539,train_pix_recon,-0.006579978125435926
shapley-20260606T024807Z-7a0d37e1,marginal,A,136,136,8.863184999983787,0.4171707843031202,0.4071251962866102,train_pix_recon,0.01004558801651001
shapley-20260606T024807Z-7a0d37e1,marginal,A,137,137,8.928753599982883,0.414722591638565,0.4151508382388523,train_pix_recon,-0.00042824660028728534
shapley-20260606T024807Z-7a0d37e1,marginal,A,138,138,9.00147719998131,0.4150775798729488,0.4183707662991115,train_pix_recon,-0.0032931864261627197
shapley-20260606T024807Z-7a0d37e1,marginal,A,139,139,9.082347799980198,0.4236070471150534,0.4127594232559204,train_pix_recon,0.010847623859133015
shapley-20260606T024807Z-7a0d37e1,marginal,A,140,140,9.175147499980085,0.4016622006893158,0.4060148426464626,train_pix_recon,-0.004352641957146797
shapley-20260606T024807Z-7a0d37e1,marginal,A,141,141,9.273638899980142,0.4279745944908687,0.411978074482509,train_pix_recon,0.015996520008359716
shapley-20260606T024807Z-7a0d37e1,marginal,A,142,142,9.363831099977688,0.4109863638877868,0.4045326496873583,train_pix_recon,0.006453714200428506
shapley-20260606T024807Z-7a0d37e1,marginal,A,143,143,9.43412449997777,0.4037843602044241,0.4109629222324916,train_pix_recon,-0.007178562028067492
shapley-20260606T024807Z-7a0d37e1,marginal,A,144,144,9.499236799976645,0.4297924935817718,0.4098882632596152,train_pix_recon,0.019904230322156602
shapley-20260606T024807Z-7a0d37e1,marginal,A,145,145,9.565152399976796,0.4042917106832777,0.4132455970559801,train_pix_recon,-0.008953886372702391
shapley-20260606T024807Z-7a0d37e1,marginal,A,146,146,9.627197999976488,0.4237806499004364,0.3995361583573477,train_pix_recon,0.02424449154308872
shapley-20260606T024807Z-7a0d37e1,marginal,A,147,147,9.690402999978687,0.4136079336915697,0.4153986488069807,train_pix_recon,-0.0017907151154110124
shapley-20260606T024807Z-7a0d37e1,marginal,A,148,148,9.754096099979506,0.414175237928118,0.4038056773798806,train_pix_recon,0.0103695605482374
shapley-20260606T024807Z-7a0d37e1,marginal,A,149,149,9.819122299981244,0.415850784097399,0.4098586227212633,train_pix_recon,0.0059921613761357295
shapley-20260606T024807Z-7a0d37e1,marginal,A,150,150,9.88305709998167,0.4173166113240378,0.4066501813275473,train_pix_recon,0.010666429996490479
shapley-20260606T024807Z-7a0d37e1,marginal,A,151,151,9.950269499982824,0.4048588573932647,0.4036992064544132,train_pix_recon,0.0011596509388515086
shapley-20260606T024807Z-7a0d37e1,marginal,A,152,152,10.015776999982336,0.4162647085530417,0.4094432081495012,train_pix_recon,0.006821500403540515
shapley-20260606T024807Z-7a0d37e1,marginal,A,153,153,10.077900899981614,0.4110124196325029,0.406950980424881,train_pix_recon,0.00406143920762192
shapley-20260606T024807Z-7a0d37e1,marginal,A,154,154,10.14272439997876,0.4109704324177333,0.4036290688174112,train_pix_recon,0.007341363600322115
shapley-20260606T024807Z-7a0d37e1,marginal,A,155,155,10.21541989997786,0.4129982505525861,0.4130416895662035,train_pix_recon,-4.3439013617418976e-05
shapley-20260606T024807Z-7a0d37e1,marginal,A,156,156,10.27980359997673,0.4157465313162122,0.4013403994696481,train_pix_recon,0.014406131846564085
shapley-20260606T024807Z-7a0d37e1,marginal,A,157,157,10.342440099975647,0.410658061504364,0.4080500560147421,train_pix_recon,0.002608005489621923
shapley-20260606T024807Z-7a0d37e1,marginal,A,158,158,10.405225399976189,0.4047407124723707,0.4136144604001726,train_pix_recon,-0.008873747927801878
shapley-20260606T024807Z-7a0d37e1,marginal,A,159,159,10.468221399976755,0.4059998478208269,0.3997518164770944,train_pix_recon,0.006248031343732474
shapley-20260606T024807Z-7a0d37e1,marginal,A,160,160,10.532430899977044,0.4095711026872907,0.3999824609075273,train_pix_recon,0.009588641779763374
shapley-20260606T024807Z-7a0d37e1,marginal,A,161,161,10.594586299976072,0.4131137090069907,0.4025858172348567,train_pix_recon,0.01052789177213398
shapley-20260606T024807Z-7a0d37e1,marginal,A,162,162,10.659716899976049,0.4034663523946489,0.3961981279509408,train_pix_recon,0.007268224443708116
shapley-20260606T024807Z-7a0d37e1,marginal,A,163,163,10.725847499976226,0.4063354688031332,0.4057749850409372,train_pix_recon,0.000560483762196029
shapley-20260606T024807Z-7a0d37e1,marginal,A,164,164,10.793428299977675,0.4016964137554168,0.4118067537035261,train_pix_recon,-0.010110339948109281
shapley-20260606T024807Z-7a0d37e1,marginal,A,165,165,10.85943639998004,0.4072555857045309,0.4007384691919599,train_pix_recon,0.006517116512571031
shapley-20260606T024807Z-7a0d37e1,marginal,A,166,166,10.928313499978684,0.4106051198073795,0.3986776982034956,train_pix_recon,0.011927421603883936
shapley-20260606T024807Z-7a0d37e1,marginal,A,167,167,10.993545499979518,0.4045356171471732,0.4045107279505048,train_pix_recon,2.488919666837619e-05
shapley-20260606T024807Z-7a0d37e1,marginal,A,168,168,11.059622399978252,0.4075891545840672,0.4031511119433811,train_pix_recon,0.004438042640686091
shapley-20260606T024807Z-7a0d37e1,marginal,A,169,169,11.124914799976978,0.4066617829459054,0.4050125692571912,train_pix_recon,0.0016492136887141795
shapley-20260606T024807Z-7a0d37e1,marginal,A,170,170,11.189496999977564,0.4067787655762264,0.3972962200641632,train_pix_recon,0.009482545512063179
shapley-20260606T024807Z-7a0d37e1,marginal,A,171,171,11.254370699978608,0.403240157025201,0.4018198464597974,train_pix_recon,0.001420310565403593
shapley-20260606T024807Z-7a0d37e1,marginal,A,172,172,11.321051699978852,0.4068456590175628,0.4002969137259892,train_pix_recon,0.006548745291573621
shapley-20260606T024807Z-7a0d37e1,marginal,A,173,173,11.393679599979803,0.4041581281593868,0.4020673334598541,train_pix_recon,0.002090794699532661
shapley-20260606T024807Z-7a0d37e1,marginal,A,174,174,11.46101219997945,0.4117305278778076,0.3969189609800066,train_pix_recon,0.014811566897800998
shapley-20260606T024807Z-7a0d37e1,marginal,A,175,175,11.524472299981426,0.4120055394513266,0.3953963134969984,train_pix_recon,0.016609225954328233
shapley-20260606T024807Z-7a0d37e1,marginal,A,176,176,11.590953799983254,0.4078071159975869,0.4018967194216592,train_pix_recon,0.005910396575927679
shapley-20260606T024807Z-7a0d37e1,marginal,A,177,177,11.660867399983545,0.4047432669571468,0.4082092515059879,train_pix_recon,-0.0034659845488411167
shapley-20260606T024807Z-7a0d37e1,marginal,A,178,178,11.727104799985682,0.4047289064952305,0.3999328442982265,train_pix_recon,0.004796062197004014
shapley-20260606T024807Z-7a0d37e1,marginal,A,179,179,11.790369299986196,0.4039102366992405,0.3940364420413971,train_pix_recon,0.009873794657843382
shapley-20260606T024807Z-7a0d37e1,marginal,A,180,180,11.86026809998657,0.409822268145425,0.3956809767654964,train_pix_recon,0.014141291379928589
shapley-20260606T024807Z-7a0d37e1,marginal,A,181,181,11.92554469998504,0.4061417877674103,0.4041542538574764,train_pix_recon,0.001987533909933892
shapley-20260606T024807Z-7a0d37e1,marginal,A,182,182,11.9897879999844,0.4095956214836665,0.3986493051052093,train_pix_recon,0.010946316378457221
shapley-20260606T024807Z-7a0d37e1,marginal,A,183,183,12.0531743999818,0.4128860746111188,0.4030770531722477,train_pix_recon,0.009809021438871135
shapley-20260606T024807Z-7a0d37e1,marginal,A,184,184,12.118883999981335,0.4093775153160095,0.3983518183231354,train_pix_recon,0.011025696992874146
shapley-20260606T024807Z-7a0d37e1,marginal,A,185,185,12.189341699981014,0.413588285446167,0.4026370474270412,train_pix_recon,0.010951238019125786
shapley-20260606T024807Z-7a0d37e1,marginal,A,186,186,12.256485799978693,0.4019339808395931,0.3953756221703121,train_pix_recon,0.006558358669281006
shapley-20260606T024807Z-7a0d37e1,marginal,A,187,187,12.32208929997796,0.4010934957436153,0.3901056221553257,train_pix_recon,0.01098787358828962
shapley-20260606T024807Z-7a0d37e1,marginal,A,188,188,12.386418799978856,0.4021175674029759,0.4015662457261766,train_pix_recon,0.0005513216767992768
shapley-20260606T024807Z-7a0d37e1,marginal,A,189,189,12.45934749997832,0.4108472509043557,0.4006720994200025,train_pix_recon,0.010175151484353218
shapley-20260606T024807Z-7a0d37e1,marginal,A,190,190,12.5263924999781,0.4136260577610561,0.4028649543012891,train_pix_recon,0.010761103459766996
shapley-20260606T024807Z-7a0d37e1,marginal,A,191,191,12.595994599974802,0.4067694459642683,0.3947795672076089,train_pix_recon,0.011989878756659411
shapley-20260606T024807Z-7a0d37e1,marginal,A,192,192,12.665076299977954,0.4023074379989079,0.3923743409769876,train_pix_recon,0.0099330970219203
shapley-20260606T024807Z-7a0d37e1,marginal,A,193,193,12.732849499978329,0.4046867532389505,0.3989051112106868,train_pix_recon,0.0057816420282637004
shapley-20260606T024807Z-7a0d37e1,marginal,A,194,194,12.79857429997719,0.4095401338168553,0.4013006176267351,train_pix_recon,0.0082395161901202
shapley-20260606T024807Z-7a0d37e1,marginal,A,195,195,12.86144119997698,0.4054955967835018,0.404081642627716,train_pix_recon,0.0014139541557857682
shapley-20260606T024807Z-7a0d37e1,marginal,A,196,196,12.927206799977284,0.404517195054463,0.4017832151481083,train_pix_recon,0.002733979906354711
shapley-20260606T024807Z-7a0d37e1,marginal,A,197,197,12.99939959997937,0.4065251478127071,0.4002528658935002,train_pix_recon,0.0062722819192069235
shapley-20260606T024807Z-7a0d37e1,marginal,A,198,198,13.06865509997806,0.4003682093960898,0.4045942212854113,train_pix_recon,-0.004226011889321479
shapley-20260606T024807Z-7a0d37e1,marginal,A,199,199,13.141568199978792,0.4044001528194972,0.3976552699293409,train_pix_recon,0.00674488289015629
shapley-20260606T024831Z-1670e62a,conditional,A,0,0,0.2544675000026473,0.9769116554941448,0.975604806627546,train_pix_recon,0.0013068488665988198
shapley-20260606T024831Z-1670e62a,conditional,A,1,1,0.3186345000030997,0.7742318766457694,0.7556417073522296,train_pix_recon,0.01859016929353985
shapley-20260606T024831Z-1670e62a,conditional,A,2,2,0.3797143000010692,0.6365378754479545,0.6250878402165004,train_pix_recon,0.011450035231454048
shapley-20260606T024831Z-1670e62a,conditional,A,3,3,0.4435959000002185,0.5588470101356506,0.5470252547945295,train_pix_recon,0.011821755341121176
shapley-20260606T024831Z-1670e62a,conditional,A,4,4,0.5040910999996413,0.5046509078570774,0.4944537622588021,train_pix_recon,0.010197145598275337
shapley-20260606T024831Z-1670e62a,conditional,A,5,5,0.56743859999915,0.4550293896879469,0.4491283467837742,train_pix_recon,0.005901042904172649
shapley-20260606T024831Z-1670e62a,conditional,A,6,6,0.6340471999974397,0.4173307376248495,0.418280086347035,train_pix_recon,-0.0009493487221854946
shapley-20260606T024831Z-1670e62a,conditional,A,7,7,0.6941698999980872,0.3925200147288186,0.3944759581770216,train_pix_recon,-0.0019559434482029903
shapley-20260606T024831Z-1670e62a,conditional,A,8,8,0.7591166999991401,0.369393595627376,0.3749726116657257,train_pix_recon,-0.0055790160383497045
shapley-20260606T024831Z-1670e62a,conditional,A,9,9,0.8177573999964807,0.3526805298668997,0.3557339864117758,train_pix_recon,-0.0030534565448760986
shapley-20260606T024831Z-1670e62a,conditional,A,10,10,0.879826199994568,0.3402336452688489,0.3389775838170732,train_pix_recon,0.001256061451775703
shapley-20260606T024831Z-1670e62a,conditional,A,11,11,0.9480400999964332,0.3294430673122406,0.3264748752117157,train_pix_recon,0.0029681921005249023
shapley-20260606T024831Z-1670e62a,conditional,A,12,12,1.0082808999941335,0.3299340009689331,0.3241449551922934,train_pix_recon,0.00578904577663969
shapley-20260606T024831Z-1670e62a,conditional,A,13,13,1.070529099994019,0.3248948540006365,0.3216638905661447,train_pix_recon,0.003230963434491807
shapley-20260606T024831Z-1670e62a,conditional,A,14,14,1.1318709999941348,0.3084150339875902,0.3015783642019544,train_pix_recon,0.006836669785635796
shapley-20260606T024831Z-1670e62a,conditional,A,15,15,1.1951994999908493,0.2980024516582489,0.2940603111471448,train_pix_recon,0.003942140511104086
shapley-20260606T024831Z-1670e62a,conditional,A,16,16,1.257604899990838,0.2940129978316171,0.2923866850989206,train_pix_recon,0.0016263127326965332
shapley-20260606T024831Z-1670e62a,conditional,A,17,17,1.3207969999930356,0.2934583893844059,0.2923396527767181,train_pix_recon,0.001118736607687798
shapley-20260606T024831Z-1670e62a,conditional,A,18,18,1.388245599995571,0.2875915680612836,0.2823905178478786,train_pix_recon,0.005201050213405001
shapley-20260606T024831Z-1670e62a,conditional,A,19,19,1.447067999994033,0.2796510756015777,0.2763377555779048,train_pix_recon,0.0033133200236729055
shapley-20260606T024831Z-1670e62a,conditional,A,20,20,1.5078723999940848,0.2745540354933057,0.2731398131166185,train_pix_recon,0.001414222376687202
shapley-20260606T024831Z-1670e62a,conditional,A,21,21,1.5673271999949066,0.2825798392295837,0.2748505473136902,train_pix_recon,0.007729291915893499
shapley-20260606T024831Z-1670e62a,conditional,A,22,22,1.6296667999959027,0.2822694778442383,0.2671691988195692,train_pix_recon,0.015100279024669094
shapley-20260606T024831Z-1670e62a,conditional,A,23,23,1.69307349999508,0.2723371727125985,0.266421228647232,train_pix_recon,0.005915944065366496
shapley-20260606T024831Z-1670e62a,conditional,A,24,24,1.755642899992381,0.2750386510576521,0.2672995116029467,train_pix_recon,0.0077391394547053904
shapley-20260606T024831Z-1670e62a,conditional,A,25,25,1.8211839999930817,0.2732500348772321,0.2664371686322348,train_pix_recon,0.006812866244997273
shapley-20260606T024831Z-1670e62a,conditional,A,26,26,1.8801431999927445,0.2672500950949533,0.267075172492436,train_pix_recon,0.0001749226025172801
shapley-20260606T024831Z-1670e62a,conditional,A,27,27,1.940796999992017,0.2682615433420454,0.2674977949687412,train_pix_recon,0.0007637483733041739
shapley-20260606T024831Z-1670e62a,conditional,A,28,28,2.001360399990517,0.2621554434299469,0.2621931795563016,train_pix_recon,-3.7736126354714905e-05
shapley-20260606T024831Z-1670e62a,conditional,A,29,29,2.06696779999038,0.2579386127846582,0.2653151324817112,train_pix_recon,-0.007376519697052997
shapley-20260606T024831Z-1670e62a,conditional,A,30,30,2.1324337999903946,0.2630687994616372,0.2618671080895832,train_pix_recon,0.0012016913720540034
shapley-20260606T024831Z-1670e62a,conditional,A,31,31,2.1914158999898063,0.2600251904555729,0.2588106606687818,train_pix_recon,0.0012145297867910965
shapley-20260606T024831Z-1670e62a,conditional,A,32,32,2.255146399988007,0.2557739615440368,0.2603416698319571,train_pix_recon,-0.004567708287920302
shapley-20260606T024831Z-1670e62a,conditional,A,33,33,2.31982879998759,0.2579851831708635,0.2594980299472809,train_pix_recon,-0.001512846776417387
shapley-20260606T024831Z-1670e62a,conditional,A,34,34,2.383059499985393,0.2607291553701673,0.2619439022881644,train_pix_recon,-0.0012147469179971115
shapley-20260606T024831Z-1670e62a,conditional,A,35,35,2.443678499985253,0.2567848584481648,0.2605657407215663,train_pix_recon,-0.003780882273401509
shapley-20260606T024831Z-1670e62a,conditional,A,36,36,2.5101473999857262,0.2605177121503012,0.2619873796190534,train_pix_recon,-0.0014696674687522115
shapley-20260606T024831Z-1670e62a,conditional,A,37,37,2.571745999986888,0.2625839284488133,0.2654520996979305,train_pix_recon,-0.0028681712491172018
shapley-20260606T024831Z-1670e62a,conditional,A,38,38,2.630903099987336,0.2635510734149388,0.2654940145356314,train_pix_recon,-0.0019429411206925984
shapley-20260606T024831Z-1670e62a,conditional,A,39,39,2.69644499999049,0.2644194449697222,0.2647159908499036,train_pix_recon,-0.00029654588018140915
shapley-20260606T024831Z-1670e62a,conditional,A,40,40,2.7641849999927217,0.2639052101543971,0.2648835352488926,train_pix_recon,-0.0009783250944954691
shapley-20260606T024831Z-1670e62a,conditional,A,41,41,2.826974599993264,0.2618056876318795,0.2664821147918701,train_pix_recon,-0.004676427159990615
shapley-20260606T024831Z-1670e62a,conditional,A,42,42,2.8882055999929435,0.266495223556246,0.2657156458922795,train_pix_recon,0.0007795776639665242
shapley-20260606T024831Z-1670e62a,conditional,A,43,43,2.953229099992313,0.2657455503940582,0.2674809438841684,train_pix_recon,-0.0017353934901101487
shapley-20260606T024831Z-1670e62a,conditional,A,44,44,3.014544599995133,0.2683742301804678,0.270083555153438,train_pix_recon,-0.0017093249729702165
shapley-20260606T024831Z-1670e62a,conditional,A,45,45,3.074951699996745,0.2726922333240509,0.2676204059805189,train_pix_recon,0.005071827343532009
shapley-20260606T024831Z-1670e62a,conditional,A,46,46,3.1384268999972846,0.2766579517296382,0.2713521974427359,train_pix_recon,0.005305754286902276
shapley-20260606T024831Z-1670e62a,conditional,A,47,47,3.2011209999982384,0.2725103284631456,0.2730884850025177,train_pix_recon,-0.0005781565393720989
shapley-20260606T024831Z-1670e62a,conditional,A,48,48,3.266789900000731,0.274834999016353,0.2804128783089774,train_pix_recon,-0.005577879292624377
shapley-20260606T024831Z-1670e62a,conditional,A,49,49,3.3328122999992047,0.2743421707834516,0.2826164705412728,train_pix_recon,-0.008274299757821235
shapley-20260606T024831Z-1670e62a,conditional,A,50,50,3.393088100001478,0.2726504462105887,0.2776265910693577,train_pix_recon,-0.004976144858769016
shapley-20260606T024831Z-1670e62a,conditional,A,51,51,3.452265400002944,0.2723000049591064,0.277478460754667,train_pix_recon,-0.005178455795560588
shapley-20260606T024831Z-1670e62a,conditional,A,52,52,3.5181125000017346,0.2789954074791499,0.2774899687085833,train_pix_recon,0.0015054387705666361
shapley-20260606T024831Z-1670e62a,conditional,A,53,53,3.581243100001302,0.2761166478906359,0.283989599772862,train_pix_recon,-0.007872951882226087
shapley-20260606T024831Z-1670e62a,conditional,A,54,54,3.646944100000837,0.2828065582684108,0.283088207244873,train_pix_recon,-0.0002816489764622121
shapley-20260606T024831Z-1670e62a,conditional,A,55,55,3.705761100001837,0.2808440370219094,0.2849420266492026,train_pix_recon,-0.004097989627293186
shapley-20260606T024831Z-1670e62a,conditional,A,56,56,3.7667861000009,0.2864148276192801,0.2870820505278451,train_pix_recon,-0.0006672229085649684
shapley-20260606T024831Z-1670e62a,conditional,A,57,57,3.829002300000866,0.282917320728302,0.2908757925033569,train_pix_recon,-0.007958471775054876
shapley-20260606T024831Z-1670e62a,conditional,A,58,58,3.8932420000019192,0.290643219436918,0.2941081736768995,train_pix_recon,-0.003464954239981499
shapley-20260606T024831Z-1670e62a,conditional,A,59,59,3.958262500003912,0.2904570485864367,0.2928353888647897,train_pix_recon,-0.0023783402783530416
shapley-20260606T024831Z-1670e62a,conditional,A,60,60,4.019449400002486,0.290913028376443,0.2971219079835074,train_pix_recon,-0.006208879607064399
shapley-20260606T024831Z-1670e62a,conditional,A,61,61,4.083137300003727,0.2948342774595533,0.2970032266208103,train_pix_recon,-0.0021689491612569833
shapley-20260606T024831Z-1670e62a,conditional,A,62,62,4.141131300002598,0.2945383659430912,0.2993141966206686,train_pix_recon,-0.0047758306775774195
shapley-20260606T024831Z-1670e62a,conditional,A,63,63,4.2028179000008095,0.2988817691802978,0.3043650090694427,train_pix_recon,-0.0054832398891448975
shapley-20260606T024831Z-1670e62a,conditional,A,64,64,4.266624700001557,0.3035726121493748,0.3038580843380519,train_pix_recon,-0.0002854721886770828
shapley-20260606T024831Z-1670e62a,conditional,A,65,65,4.332670399999188,0.3036648162773677,0.3102141107831682,train_pix_recon,-0.006549294505800496
shapley-20260606T024831Z-1670e62a,conditional,A,66,66,4.393375100000412,0.3021878259522574,0.3099934416157858,train_pix_recon,-0.007805615663528387
shapley-20260606T024831Z-1670e62a,conditional,A,67,67,4.45469029999731,0.3085689374378749,0.3131813364369528,train_pix_recon,-0.0046123989990778935
shapley-20260606T024831Z-1670e62a,conditional,A,68,68,4.520306999998866,0.3070198212351118,0.31513626234872,train_pix_recon,-0.008116441113608208
shapley-20260606T024831Z-1670e62a,conditional,A,69,69,4.579936499998439,0.3092087124075208,0.3131915118013109,train_pix_recon,-0.003982799393790093
shapley-20260606T024831Z-1670e62a,conditional,A,70,70,4.640745799999422,0.3155744288648878,0.3166554357324327,train_pix_recon,-0.0010810068675449203
shapley-20260606T024831Z-1670e62a,conditional,A,71,71,4.704853299997922,0.3163366488048008,0.3160263214792524,train_pix_recon,0.0003103273255483652
shapley-20260606T024831Z-1670e62a,conditional,A,72,72,4.764358799999172,0.3177850544452667,0.3183696142264774,train_pix_recon,-0.0005845597812106917
shapley-20260606T024831Z-1670e62a,conditional,A,73,73,4.830531599996903,0.3223647858415331,0.319032962833132,train_pix_recon,0.0033318230084011247
shapley-20260606T024831Z-1670e62a,conditional,A,74,74,4.891310399998474,0.326692168201719,0.3184721895626613,train_pix_recon,0.008219978639057657
shapley-20260606T024831Z-1670e62a,conditional,A,75,75,4.949889600000461,0.3272776859147208,0.3249560551983969,train_pix_recon,0.002321630716323908
shapley-20260606T024831Z-1670e62a,conditional,A,76,76,5.012011599999823,0.3238553958279745,0.3299763969012669,train_pix_recon,-0.006121001073292387
shapley-20260606T024831Z-1670e62a,conditional,A,77,77,5.073973399998067,0.3336308215345655,0.3305379365171705,train_pix_recon,0.0030928850173950195
shapley-20260606T024831Z-1670e62a,conditional,A,78,78,5.132314399997995,0.3394525136266436,0.3314965580190931,train_pix_recon,0.007955955607550469
shapley-20260606T024831Z-1670e62a,conditional,A,79,79,5.191507899995486,0.3307510444096156,0.3347607212407248,train_pix_recon,-0.004009676831109199
shapley-20260606T024831Z-1670e62a,conditional,A,80,80,5.250555699993129,0.3346077586923326,0.3357753711087363,train_pix_recon,-0.0011676124164036739
shapley-20260606T024831Z-1670e62a,conditional,A,81,81,5.314382199994725,0.3376935294696263,0.3318494515759604,train_pix_recon,0.005844077893665867
shapley-20260606T024831Z-1670e62a,conditional,A,82,82,5.3770290999964345,0.3293412029743194,0.3439780303410121,train_pix_recon,-0.014636827366692695
shapley-20260606T024831Z-1670e62a,conditional,A,83,83,5.4457559999973455,0.3381394275597164,0.3410780429840088,train_pix_recon,-0.0029386154242924123
shapley-20260606T024831Z-1670e62a,conditional,A,84,84,5.50917429999754,0.3309378411088671,0.337847705398287,train_pix_recon,-0.00690986428941992
shapley-20260606T024831Z-1670e62a,conditional,A,85,85,5.571909699996468,0.3418315478733608,0.3420342121805463,train_pix_recon,-0.0002026643071855183
shapley-20260606T024831Z-1670e62a,conditional,A,86,86,5.629977599997801,0.3453749247959682,0.3405654174940927,train_pix_recon,0.004809507301875515
shapley-20260606T024831Z-1670e62a,conditional,A,87,87,5.691993599997659,0.3416848352977207,0.3423546339784349,train_pix_recon,-0.0006697986807142065
shapley-20260606T024831Z-1670e62a,conditional,A,88,88,5.752534699997341,0.3444716802665165,0.3511299746377127,train_pix_recon,-0.0066582943711962495
shapley-20260606T024831Z-1670e62a,conditional,A,89,89,5.812723199996981,0.3467010642801012,0.3496499913079398,train_pix_recon,-0.002948927027838555
shapley-20260606T024831Z-1670e62a,conditional,A,90,90,5.880846699998074,0.3464173035962241,0.3552769976002829,train_pix_recon,-0.008859694004058838
shapley-20260606T024831Z-1670e62a,conditional,A,91,91,5.9435160999964864,0.3466368062155587,0.3570328439985002,train_pix_recon,-0.010396037782941514
shapley-20260606T024831Z-1670e62a,conditional,A,92,92,6.008925399997679,0.3479412368365696,0.3582890927791595,train_pix_recon,-0.010347855942589912
shapley-20260606T024831Z-1670e62a,conditional,A,93,93,6.078203499997471,0.3555742927959987,0.3576402962207794,train_pix_recon,-0.0020660034247806935
shapley-20260606T024831Z-1670e62a,conditional,A,94,94,6.14445749999868,0.3538067766598293,0.3625672417027609,train_pix_recon,-0.008760465042931598
shapley-20260606T024831Z-1670e62a,conditional,A,95,95,6.207269799997448,0.3527306531156812,0.3612267587866102,train_pix_recon,-0.00849610567092901
shapley-20260606T024831Z-1670e62a,conditional,A,96,96,6.273985199997696,0.3568122855254582,0.364060240132468,train_pix_recon,-0.007247954607009832
shapley-20260606T024831Z-1670e62a,conditional,A,97,97,6.342674999999872,0.3595181448119027,0.3656618467399052,train_pix_recon,-0.00614370192800251
shapley-20260606T024831Z-1670e62a,conditional,A,98,98,6.4123225000003,0.3653259021895272,0.3673186557633536,train_pix_recon,-0.001992753573826389
shapley-20260606T024831Z-1670e62a,conditional,A,99,99,6.476605900003051,0.3673081142561776,0.3674217249665941,train_pix_recon,-0.00011361071041648962
shapley-20260606T024831Z-1670e62a,conditional,A,100,100,6.546997100002045,0.3616941613810403,0.3745346197060176,train_pix_recon,-0.012840458324977266
shapley-20260606T024831Z-1670e62a,conditional,A,101,101,6.611781100000371,0.3635468482971191,0.3755266198090145,train_pix_recon,-0.011979771511895387
shapley-20260606T024831Z-1670e62a,conditional,A,102,102,6.675888999998279,0.3744335046836308,0.3800759741238185,train_pix_recon,-0.005642469440187703
shapley-20260606T024831Z-1670e62a,conditional,A,103,103,6.740805699999328,0.3695432714053562,0.3747858447687966,train_pix_recon,-0.005242573363440417
shapley-20260606T024831Z-1670e62a,conditional,A,104,104,6.812975100001495,0.3703757013593401,0.3864623350756509,train_pix_recon,-0.016086633716310805
shapley-20260606T024831Z-1670e62a,conditional,A,105,105,6.880007200001273,0.3810829647949764,0.381802145923887,train_pix_recon,-0.0007191811289106176
shapley-20260606T024831Z-1670e62a,conditional,A,106,106,6.947284100002435,0.3727384975978306,0.3887597279889243,train_pix_recon,-0.016021230391093655
shapley-20260606T024831Z-1670e62a,conditional,A,107,107,7.016163600001164,0.3806010825293405,0.3882489417280469,train_pix_recon,-0.007647859198706419
shapley-20260606T024831Z-1670e62a,conditional,A,108,108,7.086744699998235,0.3853542293821062,0.3829011619091034,train_pix_recon,0.002453067473002779
shapley-20260606T024831Z-1670e62a,conditional,A,109,109,7.155474599996524,0.3759099883692605,0.3968326789992196,train_pix_recon,-0.020922690629959106
shapley-20260606T024831Z-1670e62a,conditional,A,110,110,7.219261999995069,0.3844464038099561,0.3895481995173863,train_pix_recon,-0.00510179570743019
shapley-20260606T024831Z-1670e62a,conditional,A,111,111,7.283626999997068,0.3890921260629381,0.4012241448674883,train_pix_recon,-0.012132018804550226
shapley-20260606T024831Z-1670e62a,conditional,A,112,112,7.347003099996073,0.3858722490923745,0.3992912343570164,train_pix_recon,-0.013418985264641914
shapley-20260606T024831Z-1670e62a,conditional,A,113,113,7.41924239999571,0.3930416107177734,0.4056133457592555,train_pix_recon,-0.012571735041482124
shapley-20260606T024831Z-1670e62a,conditional,A,114,114,7.49048789999506,0.3937708437442779,0.3950812177998679,train_pix_recon,-0.00131037405558998
shapley-20260606T024831Z-1670e62a,conditional,A,115,115,7.561650099996768,0.401744042124067,0.3949775270053318,train_pix_recon,0.006766515118735217
shapley-20260606T024831Z-1670e62a,conditional,A,116,116,7.625525199997355,0.3957421779632568,0.4091676047870091,train_pix_recon,-0.013425426823752307
shapley-20260606T024831Z-1670e62a,conditional,A,117,117,7.690546099998755,0.3949786892959049,0.3957191577979496,train_pix_recon,-0.0007404685020446777
shapley-20260606T024831Z-1670e62a,conditional,A,118,118,7.752403700000286,0.4108457054410662,0.412999370268413,train_pix_recon,-0.0021536648273468018
shapley-20260606T024831Z-1670e62a,conditional,A,119,119,7.817663699999684,0.3990782158715384,0.4013077446392604,train_pix_recon,-0.0022295287677219777
shapley-20260606T024831Z-1670e62a,conditional,A,120,120,7.87949049999952,0.4055827217442648,0.4123971249376024,train_pix_recon,-0.006814403193337593
shapley-20260606T024831Z-1670e62a,conditional,A,121,121,7.942681599997741,0.4159869040761675,0.4221544052873339,train_pix_recon,-0.006167501211166382
shapley-20260606T024831Z-1670e62a,conditional,A,122,122,8.007178099996963,0.4170708102839334,0.4201561978885105,train_pix_recon,-0.0030853876045771056
shapley-20260606T024831Z-1670e62a,conditional,A,123,123,8.071562899996934,0.4158571873392377,0.4209936772074018,train_pix_recon,-0.0051364898681640625
shapley-20260606T024831Z-1670e62a,conditional,A,124,124,8.135260699997161,0.4256788407053266,0.4366295039653778,train_pix_recon,-0.01095066326005123
shapley-20260606T024831Z-1670e62a,conditional,A,125,125,8.197947499997099,0.4184404058115823,0.4195763170719147,train_pix_recon,-0.0011359112603323562
shapley-20260606T024831Z-1670e62a,conditional,A,126,126,8.262760399997205,0.4196041652134487,0.4265654299940382,train_pix_recon,-0.0069612647805895045
shapley-20260606T024831Z-1670e62a,conditional,A,127,127,8.325145199996768,0.4153788430350167,0.425396523305348,train_pix_recon,-0.010017680270331286
shapley-20260606T024831Z-1670e62a,conditional,A,128,128,8.394684299997607,0.4167368028845106,0.4182510248252323,train_pix_recon,-0.001514221940721705
shapley-20260606T024831Z-1670e62a,conditional,A,129,129,8.465442499997152,0.42051962018013,0.4271333387919834,train_pix_recon,-0.006613718611853392
shapley-20260606T024831Z-1670e62a,conditional,A,130,130,8.52918039999713,0.4130953635488237,0.4138760098389217,train_pix_recon,-0.0007806462900979971
shapley-20260606T024831Z-1670e62a,conditional,A,131,131,8.591725999998744,0.4243624806404114,0.4200340551989419,train_pix_recon,0.004328425441469497
shapley-20260606T024831Z-1670e62a,conditional,A,132,132,8.654246799997054,0.4113561425890241,0.4167417969022478,train_pix_recon,-0.005385654313223687
shapley-20260606T024831Z-1670e62a,conditional,A,133,133,8.725793499997962,0.4156346917152405,0.4196979275771549,train_pix_recon,-0.004063235861914427
shapley-20260606T024831Z-1670e62a,conditional,A,134,134,8.795712599996477,0.4145571632044656,0.4084262464727674,train_pix_recon,0.006130916731698244
shapley-20260606T024831Z-1670e62a,conditional,A,135,135,8.86079499999687,0.4099178527082716,0.4219779159341539,train_pix_recon,-0.012060063225882323
shapley-20260606T024831Z-1670e62a,conditional,A,136,136,8.931081599996105,0.4131492461477007,0.4071251962866102,train_pix_recon,0.006024049861090508
shapley-20260606T024831Z-1670e62a,conditional,A,137,137,8.997712999993382,0.4065386695521218,0.4151508382388523,train_pix_recon,-0.008612168686730481
shapley-20260606T024831Z-1670e62a,conditional,A,138,138,9.06027369999356,0.4147879779338836,0.4183707662991115,train_pix_recon,-0.003582788365227907
shapley-20260606T024831Z-1670e62a,conditional,A,139,139,9.12685949999286,0.3940824312823159,0.4127594232559204,train_pix_recon,-0.018676991973604506
shapley-20260606T024831Z-1670e62a,conditional,A,140,140,9.191153299994768,0.4142034181526729,0.4060148426464626,train_pix_recon,0.008188575506210327
shapley-20260606T024831Z-1670e62a,conditional,A,141,141,9.253669699992315,0.4096781824316297,0.411978074482509,train_pix_recon,-0.0022998920508793264
shapley-20260606T024831Z-1670e62a,conditional,A,142,142,9.317509199991036,0.4114003138882773,0.4045326496873583,train_pix_recon,0.006867664200918999
shapley-20260606T024831Z-1670e62a,conditional,A,143,143,9.380597199990008,0.4066677306379591,0.4109629222324916,train_pix_recon,-0.00429519159453251
shapley-20260606T024831Z-1670e62a,conditional,A,144,144,9.446828199990703,0.4098967867238181,0.4098882632596152,train_pix_recon,8.52346420288086e-06
shapley-20260606T024831Z-1670e62a,conditional,A,145,145,9.512273199990886,0.4134404105799539,0.4132455970559801,train_pix_recon,0.00019481352397382468
shapley-20260606T024831Z-1670e62a,conditional,A,146,146,9.585096899991186,0.398142899785723,0.3995361583573477,train_pix_recon,-0.0013932585716247003
shapley-20260606T024831Z-1670e62a,conditional,A,147,147,9.654230699990876,0.4005810916423797,0.4153986488069807,train_pix_recon,-0.01481755716460098
shapley-20260606T024831Z-1670e62a,conditional,A,148,148,9.720639399991342,0.4073115289211273,0.4038056773798806,train_pix_recon,0.0035058515412467184
shapley-20260606T024831Z-1670e62a,conditional,A,149,149,9.791183299988916,0.4023571951048715,0.4098586227212633,train_pix_recon,-0.007501427616391776
shapley-20260606T024831Z-1670e62a,conditional,A,150,150,9.860444799989637,0.4016543797084263,0.4066501813275473,train_pix_recon,-0.004995801619120999
shapley-20260606T024831Z-1670e62a,conditional,A,151,151,9.922886699991068,0.4006643465587071,0.4036992064544132,train_pix_recon,-0.0030348598957061212
shapley-20260606T024831Z-1670e62a,conditional,A,152,152,9.991578799988927,0.4032113424369267,0.4094432081495012,train_pix_recon,-0.0062318657125745025
shapley-20260606T024831Z-1670e62a,conditional,A,153,153,10.054888599988772,0.4009429556982858,0.406950980424881,train_pix_recon,-0.006008024726595174
shapley-20260606T024831Z-1670e62a,conditional,A,154,154,10.12303319998682,0.39917767899377,0.4036290688174112,train_pix_recon,-0.004451389823641183
shapley-20260606T024831Z-1670e62a,conditional,A,155,155,10.195717399987188,0.406009921005794,0.4130416895662035,train_pix_recon,-0.007031768560409546
shapley-20260606T024831Z-1670e62a,conditional,A,156,156,10.259935199988831,0.401216596364975,0.4013403994696481,train_pix_recon,-0.00012380310467313693
shapley-20260606T024831Z-1670e62a,conditional,A,157,157,10.327458299991122,0.4006669649056026,0.4080500560147421,train_pix_recon,-0.0073830911091394835
shapley-20260606T024831Z-1670e62a,conditional,A,158,158,10.390106299990292,0.4040475402559553,0.4136144604001726,train_pix_recon,-0.009566920144217284
shapley-20260606T024831Z-1670e62a,conditional,A,159,159,10.45566919999328,0.4034008043152945,0.3997518164770944,train_pix_recon,0.003648987838200113
shapley-20260606T024831Z-1670e62a,conditional,A,160,160,10.525602599991544,0.4040985788617815,0.3999824609075273,train_pix_recon,0.004116117954254206
shapley-20260606T024831Z-1670e62a,conditional,A,161,161,10.59384899998986,0.3996639975479671,0.4025858172348567,train_pix_recon,-0.002921819686889593
shapley-20260606T024831Z-1670e62a,conditional,A,162,162,10.659946699990542,0.4066359996795654,0.3961981279509408,train_pix_recon,0.010437871728624593
shapley-20260606T024831Z-1670e62a,conditional,A,163,163,10.722572099992249,0.4060311147144863,0.4057749850409372,train_pix_recon,0.0002561296735490992
shapley-20260606T024831Z-1670e62a,conditional,A,164,164,10.789230399990627,0.3996245903628213,0.4118067537035261,train_pix_recon,-0.012182163340704821
shapley-20260606T024831Z-1670e62a,conditional,A,165,165,10.851778599990212,0.3987780213356018,0.4007384691919599,train_pix_recon,-0.001960447856358072
shapley-20260606T024831Z-1670e62a,conditional,A,166,166,10.917738999993162,0.3953121304512024,0.3986776982034956,train_pix_recon,-0.003365567752293186
shapley-20260606T024831Z-1670e62a,conditional,A,167,167,10.990617999992535,0.4052205766950335,0.4045107279505048,train_pix_recon,0.0007098487445286739
shapley-20260606T024831Z-1670e62a,conditional,A,168,168,11.056867599992984,0.3974786528519222,0.4031511119433811,train_pix_recon,-0.005672459091458915
shapley-20260606T024831Z-1670e62a,conditional,A,169,169,11.123441299994738,0.4037723072937557,0.4050125692571912,train_pix_recon,-0.0012402619634355183
shapley-20260606T024831Z-1670e62a,conditional,A,170,170,11.191314399991825,0.3893209312643323,0.3972962200641632,train_pix_recon,-0.007975288799830893
shapley-20260606T024831Z-1670e62a,conditional,A,171,171,11.256376199991792,0.4043228966849191,0.4018198464597974,train_pix_recon,0.0025030502251217057
shapley-20260606T024831Z-1670e62a,conditional,A,172,172,11.32143219999125,0.4051770056997026,0.4002969137259892,train_pix_recon,0.0048800919737134185
shapley-20260606T024831Z-1670e62a,conditional,A,173,173,11.38561179998942,0.4004128149577549,0.4020673334598541,train_pix_recon,-0.0016545185020992448
shapley-20260606T024831Z-1670e62a,conditional,A,174,174,11.45141079998939,0.4074477255344391,0.3969189609800066,train_pix_recon,0.010528764554432468
shapley-20260606T024831Z-1670e62a,conditional,A,175,175,11.517114199992648,0.3968362637928554,0.3953963134969984,train_pix_recon,0.0014399502958570287
shapley-20260606T024831Z-1670e62a,conditional,A,176,176,11.57956049999484,0.3946368736880166,0.4018967194216592,train_pix_recon,-0.007259845733642634
shapley-20260606T024831Z-1670e62a,conditional,A,177,177,11.64244819999294,0.396036365202495,0.4082092515059879,train_pix_recon,-0.012172886303492891
shapley-20260606T024831Z-1670e62a,conditional,A,178,178,11.70764519999284,0.398236129965101,0.3999328442982265,train_pix_recon,-0.0016967143331255152
shapley-20260606T024831Z-1670e62a,conditional,A,179,179,11.769433499990557,0.3987019615513937,0.3940364420413971,train_pix_recon,0.004665519509996607
shapley-20260606T024831Z-1670e62a,conditional,A,180,180,11.834086299990304,0.3974856904574803,0.3956809767654964,train_pix_recon,0.0018047136919838724
shapley-20260606T024831Z-1670e62a,conditional,A,181,181,11.897705099989253,0.3962277088846479,0.4041542538574764,train_pix_recon,-0.007926544972828464
shapley-20260606T024831Z-1670e62a,conditional,A,182,182,11.960706299989395,0.3994035082204001,0.3986493051052093,train_pix_recon,0.0007542031151908102
shapley-20260606T024831Z-1670e62a,conditional,A,183,183,12.030175599989889,0.4025713503360748,0.4030770531722477,train_pix_recon,-0.0005057028361729055
shapley-20260606T024831Z-1670e62a,conditional,A,184,184,12.096960299990316,0.4050009293215615,0.3983518183231354,train_pix_recon,0.006649110998426133
shapley-20260606T024831Z-1670e62a,conditional,A,185,185,12.165952199989988,0.4015049849237714,0.4026370474270412,train_pix_recon,-0.001132062503269804
shapley-20260606T024831Z-1670e62a,conditional,A,186,186,12.2308070999934,0.398118040391377,0.3953756221703121,train_pix_recon,0.002742418221064913
shapley-20260606T024831Z-1670e62a,conditional,A,187,187,12.29560799999308,0.4013516477176121,0.3901056221553257,train_pix_recon,0.011246025562286432
shapley-20260606T024831Z-1670e62a,conditional,A,188,188,12.360030199994071,0.399801139320646,0.4015662457261766,train_pix_recon,-0.0017651064055306254
shapley-20260606T024831Z-1670e62a,conditional,A,189,189,12.42538169999534,0.4023549130984715,0.4006720994200025,train_pix_recon,0.0016828136784690084
shapley-20260606T024831Z-1670e62a,conditional,A,190,190,12.492902299993148,0.4027204854147775,0.4028649543012891,train_pix_recon,-0.00014446888651159506
shapley-20260606T024831Z-1670e62a,conditional,A,191,191,12.559829599991644,0.3904198919023786,0.3947795672076089,train_pix_recon,-0.004359675305230293
shapley-20260606T024831Z-1670e62a,conditional,A,192,192,12.627215299991803,0.3930635069097791,0.3923743409769876,train_pix_recon,0.0006891659327915023
shapley-20260606T024831Z-1670e62a,conditional,A,193,193,12.694701199994595,0.4039988049439021,0.3989051112106868,train_pix_recon,0.005093693733215332
shapley-20260606T024831Z-1670e62a,conditional,A,194,194,12.760595599993394,0.3979664955820356,0.4013006176267351,train_pix_recon,-0.0033341220446994613
shapley-20260606T024831Z-1670e62a,conditional,A,195,195,12.826370299993869,0.3992532406534467,0.404081642627716,train_pix_recon,-0.004828401974269314
shapley-20260606T024831Z-1670e62a,conditional,A,196,196,12.893094799994287,0.3933455007416861,0.4017832151481083,train_pix_recon,-0.008437714406422159
shapley-20260606T024831Z-1670e62a,conditional,A,197,197,12.957290499994995,0.398275579724993,0.4002528658935002,train_pix_recon,-0.001977286168507175
shapley-20260606T024831Z-1670e62a,conditional,A,198,198,13.0285291999935,0.399184661252158,0.4045942212854113,train_pix_recon,-0.005409560033253269
shapley-20260606T024831Z-1670e62a,conditional,A,199,199,13.098774199992476,0.4032836300986154,0.3976552699293409,train_pix_recon,0.005628360169274482
shapley-20260606T024743Z-6e742d25,baseline,A,0,0,0.2493230000000039,0.8732964992523193,0.8509582579135895,test_pix_recon,0.02233824133872986
shapley-20260606T024743Z-6e742d25,baseline,A,1,1,0.3113062000011268,0.6804951131343842,0.6531181335449219,test_pix_recon,0.02737697958946228
shapley-20260606T024743Z-6e742d25,baseline,A,2,2,0.3717451000011351,0.5696857869625092,0.5731428265571594,test_pix_recon,-0.0034570395946502686
shapley-20260606T024743Z-6e742d25,baseline,A,3,3,0.4351566000041202,0.5122603327035904,0.514592856168747,test_pix_recon,-0.002332523465156555
shapley-20260606T024743Z-6e742d25,baseline,A,4,4,0.4936483000055887,0.4691249430179596,0.4676752239465713,test_pix_recon,0.0014497190713883001
shapley-20260606T024743Z-6e742d25,baseline,A,5,5,0.552162900006806,0.4360502660274505,0.4332936555147171,test_pix_recon,0.002756610512733404
shapley-20260606T024743Z-6e742d25,baseline,A,6,6,0.6128487000059977,0.4088067412376404,0.4101631343364715,test_pix_recon,-0.0013563930988311212
shapley-20260606T024743Z-6e742d25,baseline,A,7,7,0.6740745000060997,0.3899118155241012,0.3902306407690048,test_pix_recon,-0.00031882524490361996
shapley-20260606T024743Z-6e742d25,baseline,A,8,8,0.7395106000076339,0.3736352026462555,0.3743899464607239,test_pix_recon,-0.0007547438144683838
shapley-20260606T024743Z-6e742d25,baseline,A,9,9,0.8018899000089732,0.3582584410905838,0.3600786924362182,test_pix_recon,-0.001820251345634405
shapley-20260606T024743Z-6e742d25,baseline,A,10,10,0.8636627000087174,0.3483498096466064,0.3466511368751526,test_pix_recon,0.001698672771453802
shapley-20260606T024743Z-6e742d25,baseline,A,11,11,0.9327553000111948,0.3385846465826034,0.3379013389348984,test_pix_recon,0.0006833076477050226
shapley-20260606T024743Z-6e742d25,baseline,A,12,12,0.9966022000116936,0.3384068012237549,0.3329281955957412,test_pix_recon,0.005478605628013666
shapley-20260606T024743Z-6e742d25,baseline,A,13,13,1.0553893000142125,0.328486680984497,0.3257042318582535,test_pix_recon,0.002782449126243536
shapley-20260606T024743Z-6e742d25,baseline,A,14,14,1.1170446000141965,0.3218458890914917,0.3192059993743896,test_pix_recon,0.0026398897171021063
shapley-20260606T024743Z-6e742d25,baseline,A,15,15,1.178822100016987,0.3153010904788971,0.3150531351566314,test_pix_recon,0.0002479553222656805
shapley-20260606T024743Z-6e742d25,baseline,A,16,16,1.2409998000184714,0.3140512704849243,0.3115437030792236,test_pix_recon,0.002507567405700739
shapley-20260606T024743Z-6e742d25,baseline,A,17,17,1.3018243000187797,0.3078219890594482,0.3078570812940597,test_pix_recon,-3.509223461151123e-05
shapley-20260606T024743Z-6e742d25,baseline,A,18,18,1.363026600018202,0.3050487637519836,0.3031364977359772,test_pix_recon,0.0019122660160064142
shapley-20260606T024743Z-6e742d25,baseline,A,19,19,1.4225532000200474,0.3021599352359772,0.3018188178539276,test_pix_recon,0.00034111738204956055
shapley-20260606T024743Z-6e742d25,baseline,A,20,20,1.4848165000221345,0.2991113513708114,0.2993581444025039,test_pix_recon,-0.0002467930316925049
shapley-20260606T024743Z-6e742d25,baseline,A,21,21,1.5473643000223092,0.2980433851480484,0.2966152429580688,test_pix_recon,0.0014281421899796087
shapley-20260606T024743Z-6e742d25,baseline,A,22,22,1.607614700023987,0.296422928571701,0.294157937169075,test_pix_recon,0.002264991402625982
shapley-20260606T024743Z-6e742d25,baseline,A,23,23,1.6691959000236238,0.2962706387042999,0.2929234504699707,test_pix_recon,0.0033471882343292236
shapley-20260606T024743Z-6e742d25,baseline,A,24,24,1.7296721000238904,0.2940552234649658,0.292449951171875,test_pix_recon,0.0016052722930908203
shapley-20260606T024743Z-6e742d25,baseline,A,25,25,1.7900345000234663,0.2917966246604919,0.294985219836235,test_pix_recon,-0.003188595175743103
shapley-20260606T024743Z-6e742d25,baseline,A,26,26,1.851698700022098,0.2921250462532043,0.2935491800308227,test_pix_recon,-0.0014241337776184082
shapley-20260606T024743Z-6e742d25,baseline,A,27,27,1.9172233000208507,0.2876802682876587,0.2915554344654083,test_pix_recon,-0.003875166177749634
shapley-20260606T024743Z-6e742d25,baseline,A,28,28,1.9796340000211785,0.2862472534179687,0.2879319787025451,test_pix_recon,-0.001684725284576416
shapley-20260606T024743Z-6e742d25,baseline,A,29,29,2.041758400020626,0.2856101095676422,0.2902204245328903,test_pix_recon,-0.004610314965248108
shapley-20260606T024743Z-6e742d25,baseline,A,30,30,2.1015386000217404,0.2844160050153732,0.2866138219833374,test_pix_recon,-0.002197816967964228
shapley-20260606T024743Z-6e742d25,baseline,A,31,31,2.16355210002439,0.2848881185054779,0.2880098521709442,test_pix_recon,-0.0031217336654663086
shapley-20260606T024743Z-6e742d25,baseline,A,32,32,2.223176700023032,0.2860117405653,0.2879638224840164,test_pix_recon,-0.0019520819187164307
shapley-20260606T024743Z-6e742d25,baseline,A,33,33,2.28477020002174,0.2851409465074539,0.2867550402879715,test_pix_recon,-0.0016140937805175781
shapley-20260606T024743Z-6e742d25,baseline,A,34,34,2.3448687000200152,0.2834175080060959,0.2837090194225311,test_pix_recon,-0.0002915114164351862
shapley-20260606T024743Z-6e742d25,baseline,A,35,35,2.4064524000204983,0.2825931161642074,0.2851476073265075,test_pix_recon,-0.00255449116230011
shapley-20260606T024743Z-6e742d25,baseline,A,36,36,2.4688892000194755,0.2821094542741775,0.2856522500514984,test_pix_recon,-0.0035427957773209173
shapley-20260606T024743Z-6e742d25,baseline,A,37,37,2.530147100020258,0.2824702858924866,0.2827627062797546,test_pix_recon,-0.0002924203872680109
shapley-20260606T024743Z-6e742d25,baseline,A,38,38,2.593360400020174,0.2887703329324722,0.2878822386264801,test_pix_recon,0.000888094305992071
shapley-20260606T024743Z-6e742d25,baseline,A,39,39,2.652481800021633,0.2879800051450729,0.28690867125988,test_pix_recon,0.001071333885192871
shapley-20260606T024743Z-6e742d25,baseline,A,40,40,2.7151481000219064,0.2886679321527481,0.2846575677394867,test_pix_recon,0.004010364413261414
shapley-20260606T024743Z-6e742d25,baseline,A,41,41,2.774953300024208,0.2880899459123611,0.2831158488988876,test_pix_recon,0.004974097013473511
shapley-20260606T024743Z-6e742d25,baseline,A,42,42,2.835011700022733,0.2828375101089477,0.28188656270504,test_pix_recon,0.0009509474039077204
shapley-20260606T024743Z-6e742d25,baseline,A,43,43,2.8963547000239487,0.2833231389522552,0.2832778543233871,test_pix_recon,4.528462886810303e-05
shapley-20260606T024743Z-6e742d25,baseline,A,44,44,2.9576512000239745,0.2859170436859131,0.2831849604845047,test_pix_recon,0.0027320832014083862
shapley-20260606T024743Z-6e742d25,baseline,A,45,45,3.0190539000250283,0.2821071445941925,0.282040074467659,test_pix_recon,6.70701265335083e-05
shapley-20260606T024743Z-6e742d25,baseline,A,46,46,3.078818300025887,0.2853130549192428,0.2818816751241684,test_pix_recon,0.0034313797950744074
shapley-20260606T024743Z-6e742d25,baseline,A,47,47,3.1396791000261146,0.2839839905500412,0.2830798476934433,test_pix_recon,0.0009041428565979004
shapley-20260606T024743Z-6e742d25,baseline,A,48,48,3.200713000027463,0.2848634421825409,0.2831001877784729,test_pix_recon,0.0017632544040679932
shapley-20260606T024743Z-6e742d25,baseline,A,49,49,3.259603500024241,0.2824529707431793,0.2829372435808182,test_pix_recon,-0.000484272837638855
shapley-20260606T024743Z-6e742d25,baseline,A,50,50,3.328492300024664,0.2840222865343094,0.2822595983743667,test_pix_recon,0.0017626881599426825
shapley-20260606T024743Z-6e742d25,baseline,A,51,51,3.396729000021878,0.2852547764778137,0.2829569727182388,test_pix_recon,0.0022978037595749456
shapley-20260606T024743Z-6e742d25,baseline,A,52,52,3.45571920002476,0.2831159830093384,0.2820155918598175,test_pix_recon,0.001100391149520874
shapley-20260606T024743Z-6e742d25,baseline,A,53,53,3.516808000025776,0.2832231074571609,0.2831300497055053,test_pix_recon,9.305775165557861e-05
shapley-20260606T024743Z-6e742d25,baseline,A,54,54,3.5759575000265613,0.2862371206283569,0.2823694348335266,test_pix_recon,0.0038676857948302668
shapley-20260606T024743Z-6e742d25,baseline,A,55,55,3.6381913000259374,0.2918457835912704,0.2869664877653122,test_pix_recon,0.0048792958259581964
shapley-20260606T024743Z-6e742d25,baseline,A,56,56,3.6990231000272615,0.2861338257789612,0.2846334427595138,test_pix_recon,0.0015003830194473822
shapley-20260606T024743Z-6e742d25,baseline,A,57,57,3.762040800025716,0.2873814702033996,0.2848065942525863,test_pix_recon,0.0025748759508132935
shapley-20260606T024743Z-6e742d25,baseline,A,58,58,3.834994200024085,0.2842953503131866,0.281948059797287,test_pix_recon,0.0023472905158996027
shapley-20260606T024743Z-6e742d25,baseline,A,59,59,3.895304700025008,0.285244956612587,0.2833040952682495,test_pix_recon,0.0019408613443374634
shapley-20260606T024743Z-6e742d25,baseline,A,60,60,3.954853900024318,0.2851456850767135,0.2842214554548263,test_pix_recon,0.000924229621887207
shapley-20260606T024743Z-6e742d25,baseline,A,61,61,4.017408900024748,0.2863137274980545,0.2822020947933197,test_pix_recon,0.004111632704734802
shapley-20260606T024743Z-6e742d25,baseline,A,62,62,4.081454800027132,0.2852919399738312,0.2857725471258163,test_pix_recon,-0.00048060715198511295
shapley-20260606T024743Z-6e742d25,baseline,A,63,63,4.140222100028041,0.2852889597415924,0.2858708351850509,test_pix_recon,-0.0005818754434585016
shapley-20260606T024743Z-6e742d25,baseline,A,64,64,4.198612000029243,0.2847422510385513,0.2868079543113708,test_pix_recon,-0.002065703272819519
shapley-20260606T024743Z-6e742d25,baseline,A,65,65,4.26302970002871,0.2845305949449539,0.2845682948827743,test_pix_recon,-3.769993782037906e-05
shapley-20260606T024743Z-6e742d25,baseline,A,66,66,4.325100600028236,0.2845388054847717,0.2909345477819443,test_pix_recon,-0.006395742297172602
shapley-20260606T024743Z-6e742d25,baseline,A,67,67,4.386224500027311,0.285658597946167,0.285235047340393,test_pix_recon,0.0004235506057739813
shapley-20260606T024743Z-6e742d25,baseline,A,68,68,4.447611700026755,0.2896367758512497,0.2883670926094055,test_pix_recon,0.0012696832418441772
shapley-20260606T024743Z-6e742d25,baseline,A,69,69,4.508441800029686,0.2860156148672104,0.2897385060787201,test_pix_recon,-0.0037228912115097046
shapley-20260606T024743Z-6e742d25,baseline,A,70,70,4.572945300027641,0.2869718074798584,0.2885145992040634,test_pix_recon,-0.001542791724205017
shapley-20260606T024743Z-6e742d25,baseline,A,71,71,4.6369579000274825,0.2879385650157928,0.2881891131401062,test_pix_recon,-0.00025054812431341
shapley-20260606T024743Z-6e742d25,baseline,A,72,72,4.6992406000281335,0.2887110263109207,0.2877765148878097,test_pix_recon,0.0009345114231110174
shapley-20260606T024743Z-6e742d25,baseline,A,73,73,4.761258000027738,0.2916153073310852,0.2887815833091736,test_pix_recon,0.002833724021911621
shapley-20260606T024743Z-6e742d25,baseline,A,74,74,4.821123700025055,0.2885187119245529,0.2909659296274185,test_pix_recon,-0.0024472177028656006
shapley-20260606T024743Z-6e742d25,baseline,A,75,75,4.883009300025151,0.2979756891727447,0.2902611494064331,test_pix_recon,0.00771453976631159
shapley-20260606T024743Z-6e742d25,baseline,A,76,76,4.947171100026026,0.2933683693408966,0.288209781050682,test_pix_recon,0.005158588290214594
shapley-20260606T024743Z-6e742d25,baseline,A,77,77,5.007247800025652,0.289897933602333,0.2905119061470032,test_pix_recon,-0.0006139725446701605
shapley-20260606T024743Z-6e742d25,baseline,A,78,78,5.066451700025937,0.2918949574232101,0.2943695187568664,test_pix_recon,-0.002474561333656311
shapley-20260606T024743Z-6e742d25,baseline,A,79,79,5.126995600025111,0.2896828800439834,0.2947164624929428,test_pix_recon,-0.005033582448959406
shapley-20260606T024743Z-6e742d25,baseline,A,80,80,5.191990700026508,0.2932257801294327,0.291841596364975,test_pix_recon,0.0013841837644577026
shapley-20260606T024743Z-6e742d25,baseline,A,81,81,5.257695100026467,0.2942671030759811,0.2952040135860443,test_pix_recon,-0.0009369105100632269
shapley-20260606T024743Z-6e742d25,baseline,A,82,82,5.320017200025177,0.2941348254680633,0.2926420867443084,test_pix_recon,0.0014927387237548828
shapley-20260606T024743Z-6e742d25,baseline,A,83,83,5.378717600025993,0.2923758178949356,0.2973024100065231,test_pix_recon,-0.004926592111587469
shapley-20260606T024743Z-6e742d25,baseline,A,84,84,5.43755520002378,0.2938878238201141,0.2991943657398224,test_pix_recon,-0.0053065419197083075
shapley-20260606T024743Z-6e742d25,baseline,A,85,85,5.49748460002229,0.2987624108791351,0.2962347418069839,test_pix_recon,0.002527669072151184
shapley-20260606T024743Z-6e742d25,baseline,A,86,86,5.556934000022011,0.2938500493764877,0.2940069884061813,test_pix_recon,-0.00015693902969360352
shapley-20260606T024743Z-6e742d25,baseline,A,87,87,5.617907900021237,0.2966619580984115,0.293530598282814,test_pix_recon,0.0031313598155974787
shapley-20260606T024743Z-6e742d25,baseline,A,88,88,5.676369300021179,0.2981004267930984,0.3004326671361923,test_pix_recon,-0.0023322403430939276
shapley-20260606T024743Z-6e742d25,baseline,A,89,89,5.735050900020724,0.2973462492227554,0.2986346483230591,test_pix_recon,-0.0012883991003037054
shapley-20260606T024743Z-6e742d25,baseline,A,90,90,5.803473800020583,0.2980071306228637,0.3005236387252807,test_pix_recon,-0.002516508102416992
shapley-20260606T024743Z-6e742d25,baseline,A,91,91,5.867247400019551,0.2993268221616745,0.3064838200807571,test_pix_recon,-0.007156997919082586
shapley-20260606T024743Z-6e742d25,baseline,A,92,92,5.929635900021822,0.3022072166204452,0.3019823282957077,test_pix_recon,0.00022488832473749332
shapley-20260606T024743Z-6e742d25,baseline,A,93,93,5.99552560002121,0.2943391352891922,0.3003750741481781,test_pix_recon,-0.006035938858985901
shapley-20260606T024743Z-6e742d25,baseline,A,94,94,6.059230900020339,0.3016552478075027,0.3017422258853912,test_pix_recon,-8.697807788848877e-05
shapley-20260606T024743Z-6e742d25,baseline,A,95,95,6.130341700023564,0.3005672395229339,0.3027586191892624,test_pix_recon,-0.0021913796663284857
shapley-20260606T024743Z-6e742d25,baseline,A,96,96,6.197785300024407,0.299510195851326,0.2971867471933365,test_pix_recon,0.002323448657989502
shapley-20260606T024743Z-6e742d25,baseline,A,97,97,6.264503700022033,0.3000694513320923,0.3016542345285415,test_pix_recon,-0.0015847831964492243
shapley-20260606T024743Z-6e742d25,baseline,A,98,98,6.334434500022326,0.3074638694524765,0.3089026361703872,test_pix_recon,-0.001438766717910711
shapley-20260606T024743Z-6e742d25,baseline,A,99,99,6.407675500024197,0.3083606660366058,0.3048103004693985,test_pix_recon,0.003550365567207281
shapley-20260606T024743Z-6e742d25,baseline,A,100,100,6.473352500026522,0.3010063171386719,0.3057575970888138,test_pix_recon,-0.004751279950141907
shapley-20260606T024743Z-6e742d25,baseline,A,101,101,6.537096500025655,0.3086588084697723,0.3120587766170501,test_pix_recon,-0.003399968147277832
shapley-20260606T024743Z-6e742d25,baseline,A,102,102,6.601189900025929,0.3036326617002487,0.312223806977272,test_pix_recon,-0.00859114527702326
shapley-20260606T024743Z-6e742d25,baseline,A,103,103,6.663697300024069,0.3048944324254989,0.3076280653476715,test_pix_recon,-0.002733632922172602
shapley-20260606T024743Z-6e742d25,baseline,A,104,104,6.726563100026397,0.3076153546571731,0.3071222156286239,test_pix_recon,0.0004931390285491943
shapley-20260606T024743Z-6e742d25,baseline,A,105,105,6.7919403000269085,0.3072657734155655,0.3095498085021972,test_pix_recon,-0.0022840350866317194
shapley-20260606T024743Z-6e742d25,baseline,A,106,106,6.858497800028999,0.3101884871721267,0.3143097907304764,test_pix_recon,-0.004121303558349665
shapley-20260606T024743Z-6e742d25,baseline,A,107,107,6.922665800026152,0.3088323920965194,0.3096098154783249,test_pix_recon,-0.0007774233818054754
shapley-20260606T024743Z-6e742d25,baseline,A,108,108,6.987024400026712,0.3100947588682174,0.3116491734981537,test_pix_recon,-0.0015544146299362738
shapley-20260606T024743Z-6e742d25,baseline,A,109,109,7.057214700027544,0.3085789382457733,0.3168495744466781,test_pix_recon,-0.00827063620090479
shapley-20260606T024743Z-6e742d25,baseline,A,110,110,7.126550800028781,0.3131323605775833,0.3162437975406647,test_pix_recon,-0.00311143696308136
shapley-20260606T024743Z-6e742d25,baseline,A,111,111,7.19403360002616,0.3135041147470474,0.319436252117157,test_pix_recon,-0.005932137370109558
shapley-20260606T024743Z-6e742d25,baseline,A,112,112,7.262426200024493,0.3100217431783676,0.3271675258874893,test_pix_recon,-0.017145782709121704
shapley-20260606T024743Z-6e742d25,baseline,A,113,113,7.333539700026449,0.3131465464830398,0.316052109003067,test_pix_recon,-0.002905562520027216
shapley-20260606T024743Z-6e742d25,baseline,A,114,114,7.405188700027793,0.3126754760742187,0.3175464123487472,test_pix_recon,-0.004870936274528503
shapley-20260606T024743Z-6e742d25,baseline,A,115,115,7.471890500026348,0.3203253448009491,0.3196742236614227,test_pix_recon,0.0006511211395264227
shapley-20260606T024743Z-6e742d25,baseline,A,116,116,7.540249600027892,0.314884752035141,0.3147219270467758,test_pix_recon,0.00016282498836517334
shapley-20260606T024743Z-6e742d25,baseline,A,117,117,7.61116760002551,0.3168545961380005,0.3201963603496551,test_pix_recon,-0.0033417642116546076
shapley-20260606T024743Z-6e742d25,baseline,A,118,118,7.675849200026278,0.3143380880355835,0.3221312165260315,test_pix_recon,-0.007793128490447998
shapley-20260606T024743Z-6e742d25,baseline,A,119,119,7.738762000026327,0.3220827281475067,0.3199829459190368,test_pix_recon,0.002099782228469904
shapley-20260606T024743Z-6e742d25,baseline,A,120,120,7.800978500024939,0.3245680928230285,0.325249969959259,test_pix_recon,-0.0006818771362304688
shapley-20260606T024743Z-6e742d25,baseline,A,121,121,7.862952800027415,0.3218410015106201,0.3224863409996032,test_pix_recon,-0.0006453394889830988
shapley-20260606T024743Z-6e742d25,baseline,A,122,122,7.92524210002739,0.3301630765199661,0.3328128308057785,test_pix_recon,-0.002649754285812378
shapley-20260606T024743Z-6e742d25,baseline,A,123,123,7.995472700025857,0.32649926841259,0.3286958038806915,test_pix_recon,-0.002196535468101446
shapley-20260606T024743Z-6e742d25,baseline,A,124,124,8.057983100025012,0.329108253121376,0.3287819474935531,test_pix_recon,0.000326305627822876
shapley-20260606T024743Z-6e742d25,baseline,A,125,125,8.121768500022881,0.3271567821502685,0.3316767662763595,test_pix_recon,-0.004519984126091003
shapley-20260606T024743Z-6e742d25,baseline,A,126,126,8.185048600022128,0.3247517347335815,0.3303955048322677,test_pix_recon,-0.005643770098686218
shapley-20260606T024743Z-6e742d25,baseline,A,127,127,8.25301010001931,0.3288941532373428,0.3272972404956817,test_pix_recon,0.0015969127416610718
shapley-20260606T024743Z-6e742d25,baseline,A,128,128,8.320560800020758,0.3262994289398193,0.3251319676637649,test_pix_recon,0.0011674612760543823
shapley-20260606T024743Z-6e742d25,baseline,A,129,129,8.385677400019631,0.3264384716749191,0.3226331323385238,test_pix_recon,0.0038053393363952637
shapley-20260606T024743Z-6e742d25,baseline,A,130,130,8.45106780001879,0.3266408145427704,0.3283833116292953,test_pix_recon,-0.0017424970865249079
shapley-20260606T024743Z-6e742d25,baseline,A,131,131,8.519113000020297,0.32337486743927,0.326500654220581,test_pix_recon,-0.0031257867813109796
shapley-20260606T024743Z-6e742d25,baseline,A,132,132,8.583150200021919,0.3225231319665909,0.3262374252080917,test_pix_recon,-0.003714293241500799
shapley-20260606T024743Z-6e742d25,baseline,A,133,133,8.646325800022169,0.3223918080329895,0.3221975564956665,test_pix_recon,0.00019425153732299805
shapley-20260606T024743Z-6e742d25,baseline,A,134,134,8.719477200022084,0.323858380317688,0.327137291431427,test_pix_recon,-0.0032789111137390137
shapley-20260606T024743Z-6e742d25,baseline,A,135,135,8.785629000023619,0.3239724189043045,0.3225306570529938,test_pix_recon,0.00144176185131073
shapley-20260606T024743Z-6e742d25,baseline,A,136,136,8.854094600021199,0.3221165239810943,0.3245541900396347,test_pix_recon,-0.0024376660585403997
shapley-20260606T024743Z-6e742d25,baseline,A,137,137,8.921955100024206,0.3214987963438034,0.3252812474966049,test_pix_recon,-0.0037824511528015137
shapley-20260606T024743Z-6e742d25,baseline,A,138,138,8.991033600021183,0.3211138248443603,0.3236086964607239,test_pix_recon,-0.002494871616363581
shapley-20260606T024743Z-6e742d25,baseline,A,139,139,9.063727100019603,0.3172094672918319,0.3218037933111191,test_pix_recon,-0.004594326019287165
shapley-20260606T024743Z-6e742d25,baseline,A,140,140,9.143064100022457,0.320272758603096,0.320274293422699,test_pix_recon,-1.5348196029663086e-06
shapley-20260606T024743Z-6e742d25,baseline,A,141,141,9.22049870002229,0.3218595087528229,0.3228318393230438,test_pix_recon,-0.0009723305702209473
shapley-20260606T024743Z-6e742d25,baseline,A,142,142,9.2896037000246,0.3203393369913101,0.3236495405435562,test_pix_recon,-0.0033102035522460938
shapley-20260606T024743Z-6e742d25,baseline,A,143,143,9.357618500027456,0.3211376219987869,0.324050173163414,test_pix_recon,-0.002912551164627075
shapley-20260606T024743Z-6e742d25,baseline,A,144,144,9.422660200027169,0.318891316652298,0.325992688536644,test_pix_recon,-0.007101371884346008
shapley-20260606T024743Z-6e742d25,baseline,A,145,145,9.490542000028654,0.3205153495073318,0.323590487241745,test_pix_recon,-0.0030751377344132025
shapley-20260606T024743Z-6e742d25,baseline,A,146,146,9.560091800027294,0.3203255385160446,0.3217242509126663,test_pix_recon,-0.001398712396621704
shapley-20260606T024743Z-6e742d25,baseline,A,147,147,9.630298200027028,0.319341704249382,0.3251900970935821,test_pix_recon,-0.005848392844200079
shapley-20260606T024743Z-6e742d25,baseline,A,148,148,9.699077900026168,0.3200768679380417,0.3236490935087204,test_pix_recon,-0.003572225570678711
shapley-20260606T024743Z-6e742d25,baseline,A,149,149,9.767922100025316,0.3203585147857666,0.3227037936449051,test_pix_recon,-0.0023452788591384888
shapley-20260606T024743Z-6e742d25,baseline,A,150,150,9.834456000025966,0.3210078477859497,0.3205664157867431,test_pix_recon,0.0004414319992065985
shapley-20260606T024743Z-6e742d25,baseline,A,151,151,9.901366500027509,0.3198534250259399,0.3212757557630539,test_pix_recon,-0.0014223307371140081
shapley-20260606T024743Z-6e742d25,baseline,A,152,152,9.973701600029017,0.3177152723073959,0.3213249146938324,test_pix_recon,-0.003609642386436518
shapley-20260606T024743Z-6e742d25,baseline,A,153,153,10.040877900028136,0.3168559223413467,0.319717139005661,test_pix_recon,-0.0028612166643143255
shapley-20260606T024743Z-6e742d25,baseline,A,154,154,10.108078600027511,0.3175466954708099,0.3219439834356308,test_pix_recon,-0.004397287964820917
shapley-20260606T024743Z-6e742d25,baseline,A,155,155,10.171104900025966,0.3180124163627624,0.3213122189044952,test_pix_recon,-0.003299802541732788
shapley-20260606T024743Z-6e742d25,baseline,A,156,156,10.23767000002772,0.3181058168411255,0.321253091096878,test_pix_recon,-0.003147274255752508
shapley-20260606T024743Z-6e742d25,baseline,A,157,157,10.300522500027,0.318380057811737,0.3212703168392181,test_pix_recon,-0.002890259027481079
shapley-20260606T024743Z-6e742d25,baseline,A,158,158,10.365836800025136,0.318884864449501,0.3210121244192123,test_pix_recon,-0.0021272599697113037
shapley-20260606T024743Z-6e742d25,baseline,A,159,159,10.431666800024686,0.319118469953537,0.3196155279874801,test_pix_recon,-0.0004970580339431208
shapley-20260606T024743Z-6e742d25,baseline,A,160,160,10.49789060002513,0.3187031894922256,0.3202600628137588,test_pix_recon,-0.0015568733215332031
shapley-20260606T024743Z-6e742d25,baseline,A,161,161,10.566576700024598,0.318165510892868,0.3187597692012787,test_pix_recon,-0.0005942583084107
shapley-20260606T024743Z-6e742d25,baseline,A,162,162,10.630999100023471,0.3180036097764969,0.3180993944406509,test_pix_recon,-9.578466415399722e-05
shapley-20260606T024743Z-6e742d25,baseline,A,163,163,10.696170800023538,0.3178714662790298,0.3201742321252823,test_pix_recon,-0.002302765846252497
shapley-20260606T024743Z-6e742d25,baseline,A,164,164,10.761266900022749,0.3178788423538208,0.3194950819015503,test_pix_recon,-0.0016162395477294922
shapley-20260606T024743Z-6e742d25,baseline,A,165,165,10.836419200022648,0.3179976493120193,0.3185429722070694,test_pix_recon,-0.0005453228950501043
shapley-20260606T024743Z-6e742d25,baseline,A,166,166,10.902443500021036,0.3176616430282593,0.3195951581001282,test_pix_recon,-0.0019335150718688965
shapley-20260606T024743Z-6e742d25,baseline,A,167,167,10.966823000020668,0.3173771649599075,0.3207768946886062,test_pix_recon,-0.0033997297286987305
shapley-20260606T024743Z-6e742d25,baseline,A,168,168,11.032620600020891,0.3171280920505523,0.3193046152591705,test_pix_recon,-0.002176523208618164
shapley-20260606T024743Z-6e742d25,baseline,A,169,169,11.100477100018908,0.3172009289264679,0.317483976483345,test_pix_recon,-0.0002830475568770807
shapley-20260606T024743Z-6e742d25,baseline,A,170,170,11.164559400018334,0.3174175471067428,0.3176751583814621,test_pix_recon,-0.0002576112747192938
shapley-20260606T024743Z-6e742d25,baseline,A,171,171,11.237841600021056,0.31733138859272,0.3175744116306305,test_pix_recon,-0.00024302303791051694
shapley-20260606T024743Z-6e742d25,baseline,A,172,172,11.31065320002017,0.3174689412117004,0.3177350461483001,test_pix_recon,-0.00026610493659973145
shapley-20260606T024743Z-6e742d25,baseline,A,173,173,11.379886100021396,0.3174643367528915,0.3181648999452591,test_pix_recon,-0.0007005631923676092
shapley-20260606T024743Z-6e742d25,baseline,A,174,174,11.442759300018224,0.3173161298036575,0.3187692314386368,test_pix_recon,-0.0014531016349793036
shapley-20260606T024743Z-6e742d25,baseline,A,175,175,11.504579400017974,0.317215085029602,0.3196481466293335,test_pix_recon,-0.002433061599731501
shapley-20260606T024743Z-6e742d25,baseline,A,176,176,11.566863700016256,0.3171495348215103,0.318953663110733,test_pix_recon,-0.0018041282892226618
shapley-20260606T024743Z-6e742d25,baseline,A,177,177,11.629560900018989,0.3170258104801178,0.3182647079229355,test_pix_recon,-0.001238897442817688
shapley-20260606T024743Z-6e742d25,baseline,A,178,178,11.694667300020228,0.3169028460979461,0.3178069740533829,test_pix_recon,-0.000904127955436762
shapley-20260606T024743Z-6e742d25,baseline,A,179,179,11.758566400021664,0.3167355805635452,0.3179246932268142,test_pix_recon,-0.0011891126632689875
shapley-20260606T024743Z-6e742d25,baseline,A,180,180,11.824706300023536,0.3165390938520431,0.3182997405529022,test_pix_recon,-0.0017606467008591253
shapley-20260606T024743Z-6e742d25,baseline,A,181,181,11.890357200023573,0.3164014518260956,0.3180968761444092,test_pix_recon,-0.0016954243183135986
shapley-20260606T024743Z-6e742d25,baseline,A,182,182,11.952924100023663,0.3163492530584335,0.3178171515464782,test_pix_recon,-0.0014678984880447388
shapley-20260606T024743Z-6e742d25,baseline,A,183,183,12.017895300024977,0.3163404166698456,0.3181920796632767,test_pix_recon,-0.0018516629934310913
shapley-20260606T024743Z-6e742d25,baseline,A,184,184,12.08104080002522,0.3163622319698334,0.3178195804357528,test_pix_recon,-0.0014573484659194391
shapley-20260606T024743Z-6e742d25,baseline,A,185,185,12.143672900027012,0.3164851367473602,0.3173906803131103,test_pix_recon,-0.0009055435657501221
shapley-20260606T024743Z-6e742d25,baseline,A,186,186,12.209146100027285,0.3165141195058822,0.317204087972641,test_pix_recon,-0.0006899684667587835
shapley-20260606T024743Z-6e742d25,baseline,A,187,187,12.275066300026085,0.3165883123874664,0.3174227625131607,test_pix_recon,-0.0008344501256943304
shapley-20260606T024743Z-6e742d25,baseline,A,188,188,12.349743000027956,0.3166899234056473,0.317852646112442,test_pix_recon,-0.0011627227067947388
shapley-20260606T024743Z-6e742d25,baseline,A,189,189,12.41595400002916,0.3168011754751205,0.3173755705356598,test_pix_recon,-0.0005743950605393011
shapley-20260606T024743Z-6e742d25,baseline,A,190,190,12.483333500029405,0.3168622106313705,0.3166979551315307,test_pix_recon,0.00016425549983978271
shapley-20260606T024743Z-6e742d25,baseline,A,191,191,12.545694700031165,0.3168805837631225,0.3165044784545898,test_pix_recon,0.00037610530853271484
shapley-20260606T024743Z-6e742d25,baseline,A,192,192,12.611470900032144,0.3168960213661194,0.3170210421085357,test_pix_recon,-0.00012502074241632632
shapley-20260606T024743Z-6e742d25,baseline,A,193,193,12.676857900030882,0.3169142305850982,0.317583367228508,test_pix_recon,-0.0006691366434097845
shapley-20260606T024743Z-6e742d25,baseline,A,194,194,12.74454380003226,0.3168858736753464,0.3181094527244568,test_pix_recon,-0.0012235790491104126
shapley-20260606T024743Z-6e742d25,baseline,A,195,195,12.807235300031609,0.3168558478355407,0.3182129263877868,test_pix_recon,-0.0013570785522460938
shapley-20260606T024743Z-6e742d25,baseline,A,196,196,12.87465690002864,0.3168498426675796,0.3178166598081589,test_pix_recon,-0.0009668171405792791
shapley-20260606T024743Z-6e742d25,baseline,A,197,197,12.940499300028025,0.3168249726295471,0.317218080163002,test_pix_recon,-0.000393107533454895
shapley-20260606T024743Z-6e742d25,baseline,A,198,198,13.00424360002944,0.3168055862188339,0.3168826103210449,test_pix_recon,-7.702410221099854e-05
shapley-20260606T024743Z-6e742d25,baseline,A,199,199,13.069033900028444,0.3167881071567535,0.3165831416845321,test_pix_recon,0.0002049654722213745
shapley-20260606T024807Z-7a0d37e1,marginal,A,0,0,0.2490304999992076,0.8371782302856445,0.8509582579135895,test_pix_recon,-0.013780027627944946
shapley-20260606T024807Z-7a0d37e1,marginal,A,1,1,0.3135969999966619,0.6812239289283752,0.6531181335449219,test_pix_recon,0.02810579538345337
shapley-20260606T024807Z-7a0d37e1,marginal,A,2,2,0.3722556999964581,0.5688573122024536,0.5731428265571594,test_pix_recon,-0.0042855143547058105
shapley-20260606T024807Z-7a0d37e1,marginal,A,3,3,0.4320292999982484,0.5053753107786179,0.514592856168747,test_pix_recon,-0.00921754539012909
shapley-20260606T024807Z-7a0d37e1,marginal,A,4,4,0.4929391000005125,0.4592597484588623,0.4676752239465713,test_pix_recon,-0.00841547548770899
shapley-20260606T024807Z-7a0d37e1,marginal,A,5,5,0.5558032999979332,0.4267511516809463,0.4332936555147171,test_pix_recon,-0.0065425038337708075
shapley-20260606T024807Z-7a0d37e1,marginal,A,6,6,0.6213091999961762,0.4040096998214721,0.4101631343364715,test_pix_recon,-0.00615343451499939
shapley-20260606T024807Z-7a0d37e1,marginal,A,7,7,0.6830723999955808,0.3846220076084137,0.3902306407690048,test_pix_recon,-0.0056086331605911255
shapley-20260606T024807Z-7a0d37e1,marginal,A,8,8,0.745315699994535,0.3678975999355316,0.3743899464607239,test_pix_recon,-0.006492346525192261
shapley-20260606T024807Z-7a0d37e1,marginal,A,9,9,0.8047585999956937,0.3543403595685959,0.3600786924362182,test_pix_recon,-0.00573833286762232
shapley-20260606T024807Z-7a0d37e1,marginal,A,10,10,0.865506699992693,0.344246044754982,0.3466511368751526,test_pix_recon,-0.0024050921201705933
shapley-20260606T024807Z-7a0d37e1,marginal,A,11,11,0.9321565999925951,0.3360901921987533,0.3379013389348984,test_pix_recon,-0.001811146736145075
shapley-20260606T024807Z-7a0d37e1,marginal,A,12,12,0.9969462999943062,0.332300454378128,0.3329281955957412,test_pix_recon,-0.0006277412176132202
shapley-20260606T024807Z-7a0d37e1,marginal,A,13,13,1.0612591999924916,0.3230170160531997,0.3257042318582535,test_pix_recon,-0.0026872158050537664
shapley-20260606T024807Z-7a0d37e1,marginal,A,14,14,1.1199233999941498,0.3186154514551162,0.3192059993743896,test_pix_recon,-0.0005905479192733765
shapley-20260606T024807Z-7a0d37e1,marginal,A,15,15,1.1806047999962177,0.3118414729833603,0.3150531351566314,test_pix_recon,-0.0032116621732711237
shapley-20260606T024807Z-7a0d37e1,marginal,A,16,16,1.2416990999990958,0.3099762797355652,0.3115437030792236,test_pix_recon,-0.0015674233436583918
shapley-20260606T024807Z-7a0d37e1,marginal,A,17,17,1.3040724999991653,0.3072794079780578,0.3078570812940597,test_pix_recon,-0.0005776733160018921
shapley-20260606T024807Z-7a0d37e1,marginal,A,18,18,1.365901599998324,0.3027520179748535,0.3031364977359772,test_pix_recon,-0.0003844797611236572
shapley-20260606T024807Z-7a0d37e1,marginal,A,19,19,1.4281894999985525,0.2978424578905105,0.3018188178539276,test_pix_recon,-0.003976359963417109
shapley-20260606T024807Z-7a0d37e1,marginal,A,20,20,1.487673999996332,0.2971398830413818,0.2993581444025039,test_pix_recon,-0.0022182613611221313
shapley-20260606T024807Z-7a0d37e1,marginal,A,21,21,1.5466592999946442,0.2961738407611847,0.2966152429580688,test_pix_recon,-0.00044140219688409976
shapley-20260606T024807Z-7a0d37e1,marginal,A,22,22,1.6055814999926952,0.2954856604337692,0.294157937169075,test_pix_recon,0.0013277232646942139
shapley-20260606T024807Z-7a0d37e1,marginal,A,23,23,1.6691878999918115,0.2926919013261795,0.2929234504699707,test_pix_recon,-0.00023154914379119873
shapley-20260606T024807Z-7a0d37e1,marginal,A,24,24,1.7354859999941257,0.2905378341674804,0.292449951171875,test_pix_recon,-0.0019121170043945868
shapley-20260606T024807Z-7a0d37e1,marginal,A,25,25,1.7970524999946065,0.2928900867700577,0.294985219836235,test_pix_recon,-0.0020951330661773127
shapley-20260606T024807Z-7a0d37e1,marginal,A,26,26,1.8575334999950428,0.2891936004161834,0.2935491800308227,test_pix_recon,-0.004355579614639282
shapley-20260606T024807Z-7a0d37e1,marginal,A,27,27,1.9163106999949375,0.2915843874216079,0.2915554344654083,test_pix_recon,2.8952956199590485e-05
shapley-20260606T024807Z-7a0d37e1,marginal,A,28,28,1.978653699996357,0.2872244864702225,0.2879319787025451,test_pix_recon,-0.0007074922323226374
shapley-20260606T024807Z-7a0d37e1,marginal,A,29,29,2.0411395999981323,0.2866386771202087,0.2902204245328903,test_pix_recon,-0.003581747412681635
shapley-20260606T024807Z-7a0d37e1,marginal,A,30,30,2.099699899998086,0.2870200425386429,0.2866138219833374,test_pix_recon,0.00040622055530548096
shapley-20260606T024807Z-7a0d37e1,marginal,A,31,31,2.1619070999986434,0.2840102314949035,0.2880098521709442,test_pix_recon,-0.003999620676040705
shapley-20260606T024807Z-7a0d37e1,marginal,A,32,32,2.2269490999970003,0.2822590619325638,0.2879638224840164,test_pix_recon,-0.005704760551452637
shapley-20260606T024807Z-7a0d37e1,marginal,A,33,33,2.2939033999973617,0.2818383723497391,0.2867550402879715,test_pix_recon,-0.004916667938232422
shapley-20260606T024807Z-7a0d37e1,marginal,A,34,34,2.356240599998273,0.2836645692586899,0.2837090194225311,test_pix_recon,-4.445016384119205e-05
shapley-20260606T024807Z-7a0d37e1,marginal,A,35,35,2.42130779999934,0.2788754105567932,0.2851476073265075,test_pix_recon,-0.0062721967697143
shapley-20260606T024807Z-7a0d37e1,marginal,A,36,36,2.4861340999996173,0.2797514349222183,0.2856522500514984,test_pix_recon,-0.00590081512928009
shapley-20260606T024807Z-7a0d37e1,marginal,A,37,37,2.546917499999836,0.2812911868095398,0.2827627062797546,test_pix_recon,-0.0014715194702147882
shapley-20260606T024807Z-7a0d37e1,marginal,A,38,38,2.6146269000018947,0.2838737666606903,0.2878822386264801,test_pix_recon,-0.004008471965789795
shapley-20260606T024807Z-7a0d37e1,marginal,A,39,39,2.6808375000000524,0.2836747467517853,0.28690867125988,test_pix_recon,-0.003233924508094732
shapley-20260606T024807Z-7a0d37e1,marginal,A,40,40,2.7426132000000507,0.2822746187448501,0.2846575677394867,test_pix_recon,-0.002382948994636591
shapley-20260606T024807Z-7a0d37e1,marginal,A,41,41,2.810460599997896,0.2811107039451599,0.2831158488988876,test_pix_recon,-0.0020051449537276667
shapley-20260606T024807Z-7a0d37e1,marginal,A,42,42,2.872433399996225,0.2789168506860733,0.28188656270504,test_pix_recon,-0.002969712018966675
shapley-20260606T024807Z-7a0d37e1,marginal,A,43,43,2.933707299995149,0.2811798602342605,0.2832778543233871,test_pix_recon,-0.002097994089126587
shapley-20260606T024807Z-7a0d37e1,marginal,A,44,44,2.993370599993796,0.2818424105644226,0.2831849604845047,test_pix_recon,-0.0013425499200820923
shapley-20260606T024807Z-7a0d37e1,marginal,A,45,45,3.056453599994711,0.2817979156970978,0.282040074467659,test_pix_recon,-0.00024215877056121826
shapley-20260606T024807Z-7a0d37e1,marginal,A,46,46,3.115843899995525,0.2825246602296829,0.2818816751241684,test_pix_recon,0.0006429851055145264
shapley-20260606T024807Z-7a0d37e1,marginal,A,47,47,3.180196199995408,0.2819167673587799,0.2830798476934433,test_pix_recon,-0.0011630803346633911
shapley-20260606T024807Z-7a0d37e1,marginal,A,48,48,3.2426463999945554,0.2814513295888901,0.2831001877784729,test_pix_recon,-0.0016488581895828247
shapley-20260606T024807Z-7a0d37e1,marginal,A,49,49,3.307684199993673,0.2803773581981659,0.2829372435808182,test_pix_recon,-0.0025598853826522827
shapley-20260606T024807Z-7a0d37e1,marginal,A,50,50,3.3694549999927403,0.2835396081209183,0.2822595983743667,test_pix_recon,0.0012800097465515692
shapley-20260606T024807Z-7a0d37e1,marginal,A,51,51,3.431327499991312,0.2847175300121307,0.2829569727182388,test_pix_recon,0.0017605572938919067
shapley-20260606T024807Z-7a0d37e1,marginal,A,52,52,3.49629639998966,0.2811685353517532,0.2820155918598175,test_pix_recon,-0.0008470565080643255
shapley-20260606T024807Z-7a0d37e1,marginal,A,53,53,3.559185099991737,0.2838431447744369,0.2831300497055053,test_pix_recon,0.0007130950689315796
shapley-20260606T024807Z-7a0d37e1,marginal,A,54,54,3.620060099990951,0.2850516438484192,0.2823694348335266,test_pix_recon,0.002682209014892578
shapley-20260606T024807Z-7a0d37e1,marginal,A,55,55,3.679531199992198,0.2792835086584091,0.2869664877653122,test_pix_recon,-0.007682979106903076
shapley-20260606T024807Z-7a0d37e1,marginal,A,56,56,3.7474285999924177,0.2819081246852875,0.2846334427595138,test_pix_recon,-0.002725318074226324
shapley-20260606T024807Z-7a0d37e1,marginal,A,57,57,3.8098123999916425,0.2809210270643234,0.2848065942525863,test_pix_recon,-0.003885567188262884
shapley-20260606T024807Z-7a0d37e1,marginal,A,58,58,3.8733071999922686,0.282176211476326,0.281948059797287,test_pix_recon,0.00022815167903900146
shapley-20260606T024807Z-7a0d37e1,marginal,A,59,59,3.935762299992348,0.2797399163246155,0.2833040952682495,test_pix_recon,-0.003564178943634033
shapley-20260606T024807Z-7a0d37e1,marginal,A,60,60,3.997231399993325,0.2803107798099518,0.2842214554548263,test_pix_recon,-0.003910675644874517
shapley-20260606T024807Z-7a0d37e1,marginal,A,61,61,4.062820099996316,0.2851626724004745,0.2822020947933197,test_pix_recon,0.0029605776071547907
shapley-20260606T024807Z-7a0d37e1,marginal,A,62,62,4.125040599996282,0.2850269228219986,0.2857725471258163,test_pix_recon,-0.0007456243038176935
shapley-20260606T024807Z-7a0d37e1,marginal,A,63,63,4.18931139999404,0.2839035838842392,0.2858708351850509,test_pix_recon,-0.001967251300811712
shapley-20260606T024807Z-7a0d37e1,marginal,A,64,64,4.252850499993656,0.2796125411987304,0.2868079543113708,test_pix_recon,-0.007195413112640381
shapley-20260606T024807Z-7a0d37e1,marginal,A,65,65,4.31440539999312,0.2792515605688095,0.2845682948827743,test_pix_recon,-0.005316734313964788
shapley-20260606T024807Z-7a0d37e1,marginal,A,66,66,4.377515399992262,0.2819663137197494,0.2909345477819443,test_pix_recon,-0.00896823406219488
shapley-20260606T024807Z-7a0d37e1,marginal,A,67,67,4.437783999990643,0.2832319140434265,0.285235047340393,test_pix_recon,-0.0020031332969664972
shapley-20260606T024807Z-7a0d37e1,marginal,A,68,68,4.503763399989111,0.2829487323760986,0.2883670926094055,test_pix_recon,-0.00541836023330694
shapley-20260606T024807Z-7a0d37e1,marginal,A,69,69,4.5631014999889885,0.28882896900177,0.2897385060787201,test_pix_recon,-0.0009095370769500732
shapley-20260606T024807Z-7a0d37e1,marginal,A,70,70,4.623337899989565,0.2878974676132202,0.2885145992040634,test_pix_recon,-0.0006171315908432007
shapley-20260606T024807Z-7a0d37e1,marginal,A,71,71,4.682340299987118,0.2857590764760971,0.2881891131401062,test_pix_recon,-0.0024300366640090942
shapley-20260606T024807Z-7a0d37e1,marginal,A,72,72,4.746016799985227,0.2866586446762085,0.2877765148878097,test_pix_recon,-0.0011178702116012018
shapley-20260606T024807Z-7a0d37e1,marginal,A,73,73,4.810454199985543,0.2924405187368393,0.2887815833091736,test_pix_recon,0.0036589354276657104
shapley-20260606T024807Z-7a0d37e1,marginal,A,74,74,4.87760479998542,0.2925710827112198,0.2909659296274185,test_pix_recon,0.0016051530838012695
shapley-20260606T024807Z-7a0d37e1,marginal,A,75,75,4.939956899983372,0.2869801670312881,0.2902611494064331,test_pix_recon,-0.003280982375145014
shapley-20260606T024807Z-7a0d37e1,marginal,A,76,76,5.005799799982924,0.2887250632047653,0.288209781050682,test_pix_recon,0.0005152821540833075
shapley-20260606T024807Z-7a0d37e1,marginal,A,77,77,5.068603899981099,0.2896971851587295,0.2905119061470032,test_pix_recon,-0.0008147209882736761
shapley-20260606T024807Z-7a0d37e1,marginal,A,78,78,5.131141599980765,0.286093145608902,0.2943695187568664,test_pix_recon,-0.008276373147964422
shapley-20260606T024807Z-7a0d37e1,marginal,A,79,79,5.192328299981455,0.2871824651956558,0.2947164624929428,test_pix_recon,-0.007533997297286987
shapley-20260606T024807Z-7a0d37e1,marginal,A,80,80,5.252589399980934,0.2913605272769928,0.291841596364975,test_pix_recon,-0.00048106908798217773
shapley-20260606T024807Z-7a0d37e1,marginal,A,81,81,5.311421099981089,0.288110002875328,0.2952040135860443,test_pix_recon,-0.007094010710716303
shapley-20260606T024807Z-7a0d37e1,marginal,A,82,82,5.369744099978561,0.2900928258895874,0.2926420867443084,test_pix_recon,-0.002549260854721014
shapley-20260606T024807Z-7a0d37e1,marginal,A,83,83,5.429767899979197,0.2867311388254165,0.2973024100065231,test_pix_recon,-0.010571271181106567
shapley-20260606T024807Z-7a0d37e1,marginal,A,84,84,5.488932899977954,0.2939736843109131,0.2991943657398224,test_pix_recon,-0.005220681428909302
shapley-20260606T024807Z-7a0d37e1,marginal,A,85,85,5.548238199979096,0.2947225421667099,0.2962347418069839,test_pix_recon,-0.0015121996402739923
shapley-20260606T024807Z-7a0d37e1,marginal,A,86,86,5.6086960999782605,0.2928686738014221,0.2940069884061813,test_pix_recon,-0.0011383146047591608
shapley-20260606T024807Z-7a0d37e1,marginal,A,87,87,5.666893499979778,0.2929655462503433,0.293530598282814,test_pix_recon,-0.0005650520324707031
shapley-20260606T024807Z-7a0d37e1,marginal,A,88,88,5.725489499982359,0.2989504039287567,0.3004326671361923,test_pix_recon,-0.001482263207435608
shapley-20260606T024807Z-7a0d37e1,marginal,A,89,89,5.784322299983614,0.2993422299623489,0.2986346483230591,test_pix_recon,0.0007075816392898004
shapley-20260606T024807Z-7a0d37e1,marginal,A,90,90,5.853834699984873,0.2928415983915329,0.3005236387252807,test_pix_recon,-0.007682040333747808
shapley-20260606T024807Z-7a0d37e1,marginal,A,91,91,5.916969999987487,0.2972020655870437,0.3064838200807571,test_pix_recon,-0.009281754493713379
shapley-20260606T024807Z-7a0d37e1,marginal,A,92,92,5.980592999985674,0.2950630336999893,0.3019823282957077,test_pix_recon,-0.006919294595718384
shapley-20260606T024807Z-7a0d37e1,marginal,A,93,93,6.047065099988686,0.2954658567905426,0.3003750741481781,test_pix_recon,-0.004909217357635498
shapley-20260606T024807Z-7a0d37e1,marginal,A,94,94,6.109333799988235,0.2958107888698578,0.3017422258853912,test_pix_recon,-0.005931437015533392
shapley-20260606T024807Z-7a0d37e1,marginal,A,95,95,6.175344199989922,0.3023413568735122,0.3027586191892624,test_pix_recon,-0.0004172623157501776
shapley-20260606T024807Z-7a0d37e1,marginal,A,96,96,6.241598599986901,0.2969450503587723,0.2971867471933365,test_pix_recon,-0.00024169683456420898
shapley-20260606T024807Z-7a0d37e1,marginal,A,97,97,6.303983099987818,0.2973029613494873,0.3016542345285415,test_pix_recon,-0.004351273179054205
shapley-20260606T024807Z-7a0d37e1,marginal,A,98,98,6.366220399988379,0.3014267683029175,0.3089026361703872,test_pix_recon,-0.007475867867469732
shapley-20260606T024807Z-7a0d37e1,marginal,A,99,99,6.430323499986116,0.3040405213832855,0.3048103004693985,test_pix_recon,-0.0007697790861129761
shapley-20260606T024807Z-7a0d37e1,marginal,A,100,100,6.493505599984928,0.3064619153738022,0.3057575970888138,test_pix_recon,0.0007043182849884033
shapley-20260606T024807Z-7a0d37e1,marginal,A,101,101,6.5559434999850055,0.2991532385349273,0.3120587766170501,test_pix_recon,-0.012905538082122803
shapley-20260606T024807Z-7a0d37e1,marginal,A,102,102,6.620728899983078,0.3027964532375335,0.312223806977272,test_pix_recon,-0.009427353739738464
shapley-20260606T024807Z-7a0d37e1,marginal,A,103,103,6.684910199983278,0.3114885091781616,0.3076280653476715,test_pix_recon,0.0038604438304901123
shapley-20260606T024807Z-7a0d37e1,marginal,A,104,104,6.748589499984519,0.3060863316059112,0.3071222156286239,test_pix_recon,-0.0010358840227127075
shapley-20260606T024807Z-7a0d37e1,marginal,A,105,105,6.811116999986552,0.307863786816597,0.3095498085021972,test_pix_recon,-0.0016860216856002253
shapley-20260606T024807Z-7a0d37e1,marginal,A,106,106,6.877164999987144,0.3107758313417434,0.3143097907304764,test_pix_recon,-0.0035339593887329657
shapley-20260606T024807Z-7a0d37e1,marginal,A,107,107,6.950269799985108,0.3081898242235183,0.3096098154783249,test_pix_recon,-0.001419991254806574
shapley-20260606T024807Z-7a0d37e1,marginal,A,108,108,7.019331699983013,0.3110008537769317,0.3116491734981537,test_pix_recon,-0.0006483197212219793
shapley-20260606T024807Z-7a0d37e1,marginal,A,109,109,7.086305099983292,0.3126433193683624,0.3168495744466781,test_pix_recon,-0.004206255078315679
shapley-20260606T024807Z-7a0d37e1,marginal,A,110,110,7.150444999981119,0.3087546825408935,0.3162437975406647,test_pix_recon,-0.007489114999771174
shapley-20260606T024807Z-7a0d37e1,marginal,A,111,111,7.21388349998233,0.3106738030910492,0.319436252117157,test_pix_recon,-0.008762449026107788
shapley-20260606T024807Z-7a0d37e1,marginal,A,112,112,7.2765093999842065,0.3103861957788467,0.3271675258874893,test_pix_recon,-0.016781330108642634
shapley-20260606T024807Z-7a0d37e1,marginal,A,113,113,7.341588299983414,0.3170561343431473,0.316052109003067,test_pix_recon,0.0010040253400802612
shapley-20260606T024807Z-7a0d37e1,marginal,A,114,114,7.405439999984082,0.3151629269123077,0.3175464123487472,test_pix_recon,-0.002383485436439514
shapley-20260606T024807Z-7a0d37e1,marginal,A,115,115,7.467678799985151,0.3166798055171966,0.3196742236614227,test_pix_recon,-0.0029944181442260742
shapley-20260606T024807Z-7a0d37e1,marginal,A,116,116,7.531620899982954,0.3151713609695434,0.3147219270467758,test_pix_recon,0.00044943392276758365
shapley-20260606T024807Z-7a0d37e1,marginal,A,117,117,7.598227399983443,0.3157156109809875,0.3201963603496551,test_pix_recon,-0.0044807493686676025
shapley-20260606T024807Z-7a0d37e1,marginal,A,118,118,7.66283149998344,0.3158867806196213,0.3221312165260315,test_pix_recon,-0.006244435906410217
shapley-20260606T024807Z-7a0d37e1,marginal,A,119,119,7.728090399985376,0.3188192993402481,0.3199829459190368,test_pix_recon,-0.0011636465787887018
shapley-20260606T024807Z-7a0d37e1,marginal,A,120,120,7.793313699985447,0.3242339789867401,0.325249969959259,test_pix_recon,-0.0010159909725188654
shapley-20260606T024807Z-7a0d37e1,marginal,A,121,121,7.859233899984247,0.3221088349819183,0.3224863409996032,test_pix_recon,-0.0003775060176849365
shapley-20260606T024807Z-7a0d37e1,marginal,A,122,122,7.927790899982938,0.3257023692131042,0.3328128308057785,test_pix_recon,-0.007110461592674311
shapley-20260606T024807Z-7a0d37e1,marginal,A,123,123,7.994300799982739,0.3320376574993133,0.3286958038806915,test_pix_recon,0.003341853618621826
shapley-20260606T024807Z-7a0d37e1,marginal,A,124,124,8.064919799980999,0.3296126127243042,0.3287819474935531,test_pix_recon,0.0008306652307510931
shapley-20260606T024807Z-7a0d37e1,marginal,A,125,125,8.129203299980873,0.3323616981506347,0.3316767662763595,test_pix_recon,0.0006849318742752075
shapley-20260606T024807Z-7a0d37e1,marginal,A,126,126,8.20028629997978,0.325186476111412,0.3303955048322677,test_pix_recon,-0.005209028720855713
shapley-20260606T024807Z-7a0d37e1,marginal,A,127,127,8.266522399979294,0.3259276896715164,0.3272972404956817,test_pix_recon,-0.0013695508241652887
shapley-20260606T024807Z-7a0d37e1,marginal,A,128,128,8.336920799978543,0.3235269337892532,0.3251319676637649,test_pix_recon,-0.0016050338745117188
shapley-20260606T024807Z-7a0d37e1,marginal,A,129,129,8.40606029997798,0.3286443948745727,0.3226331323385238,test_pix_recon,0.006011262536048889
shapley-20260606T024807Z-7a0d37e1,marginal,A,130,130,8.469610599979205,0.3240257352590561,0.3283833116292953,test_pix_recon,-0.004357576370239202
shapley-20260606T024807Z-7a0d37e1,marginal,A,131,131,8.533485399981146,0.3274550437927246,0.326500654220581,test_pix_recon,0.0009543895721436102
shapley-20260606T024807Z-7a0d37e1,marginal,A,132,132,8.598036899980798,0.3275106996297836,0.3262374252080917,test_pix_recon,0.0012732744216918945
shapley-20260606T024807Z-7a0d37e1,marginal,A,133,133,8.664734999980283,0.3263952285051346,0.3221975564956665,test_pix_recon,0.004197672009468079
shapley-20260606T024807Z-7a0d37e1,marginal,A,134,134,8.731708899980731,0.3243469148874283,0.327137291431427,test_pix_recon,-0.0027903765439987183
shapley-20260606T024807Z-7a0d37e1,marginal,A,135,135,8.799079399981565,0.3275354504585266,0.3225306570529938,test_pix_recon,0.005004793405532837
shapley-20260606T024807Z-7a0d37e1,marginal,A,136,136,8.863184999983787,0.3218487352132797,0.3245541900396347,test_pix_recon,-0.0027054548263549805
shapley-20260606T024807Z-7a0d37e1,marginal,A,137,137,8.928753599982883,0.3196329772472381,0.3252812474966049,test_pix_recon,-0.005648270249366816
shapley-20260606T024807Z-7a0d37e1,marginal,A,138,138,9.00147719998131,0.3198710829019546,0.3236086964607239,test_pix_recon,-0.0037376135587692816
shapley-20260606T024807Z-7a0d37e1,marginal,A,139,139,9.082347799980198,0.3218209445476532,0.3218037933111191,test_pix_recon,1.7151236534118652e-05
shapley-20260606T024807Z-7a0d37e1,marginal,A,140,140,9.175147499980085,0.3213058859109878,0.320274293422699,test_pix_recon,0.0010315924882888239
shapley-20260606T024807Z-7a0d37e1,marginal,A,141,141,9.273638899980142,0.3216209560632705,0.3228318393230438,test_pix_recon,-0.00121088325977331
shapley-20260606T024807Z-7a0d37e1,marginal,A,142,142,9.363831099977688,0.3199281990528106,0.3236495405435562,test_pix_recon,-0.0037213414907456
shapley-20260606T024807Z-7a0d37e1,marginal,A,143,143,9.43412449997777,0.3242254108190536,0.324050173163414,test_pix_recon,0.00017523765563959293
shapley-20260606T024807Z-7a0d37e1,marginal,A,144,144,9.499236799976645,0.3223456740379333,0.325992688536644,test_pix_recon,-0.003647014498710688
shapley-20260606T024807Z-7a0d37e1,marginal,A,145,145,9.565152399976796,0.3219761997461319,0.323590487241745,test_pix_recon,-0.0016142874956130981
shapley-20260606T024807Z-7a0d37e1,marginal,A,146,146,9.627197999976488,0.3216954618692398,0.3217242509126663,test_pix_recon,-2.8789043426513672e-05
shapley-20260606T024807Z-7a0d37e1,marginal,A,147,147,9.690402999978687,0.3206026554107666,0.3251900970935821,test_pix_recon,-0.004587441682815496
shapley-20260606T024807Z-7a0d37e1,marginal,A,148,148,9.754096099979506,0.3201765567064285,0.3236490935087204,test_pix_recon,-0.0034725368022919256
shapley-20260606T024807Z-7a0d37e1,marginal,A,149,149,9.819122299981244,0.3192577511072159,0.3227037936449051,test_pix_recon,-0.003446042537689209
shapley-20260606T024807Z-7a0d37e1,marginal,A,150,150,9.88305709998167,0.3203540444374084,0.3205664157867431,test_pix_recon,-0.0002123713493347168
shapley-20260606T024807Z-7a0d37e1,marginal,A,151,151,9.950269499982824,0.3224434405565262,0.3212757557630539,test_pix_recon,0.00116768479347229
shapley-20260606T024807Z-7a0d37e1,marginal,A,152,152,10.015776999982336,0.3205982446670532,0.3213249146938324,test_pix_recon,-0.0007266700267791748
shapley-20260606T024807Z-7a0d37e1,marginal,A,153,153,10.077900899981614,0.3192193359136581,0.319717139005661,test_pix_recon,-0.0004978030920029242
shapley-20260606T024807Z-7a0d37e1,marginal,A,154,154,10.14272439997876,0.3202432096004486,0.3219439834356308,test_pix_recon,-0.00170077383518219
shapley-20260606T024807Z-7a0d37e1,marginal,A,155,155,10.21541989997786,0.3211202323436737,0.3213122189044952,test_pix_recon,-0.0001919865608214777
shapley-20260606T024807Z-7a0d37e1,marginal,A,156,156,10.27980359997673,0.3199261128902435,0.321253091096878,test_pix_recon,-0.0013269782066345215
shapley-20260606T024807Z-7a0d37e1,marginal,A,157,157,10.342440099975647,0.31838059425354,0.3212703168392181,test_pix_recon,-0.0028897225856781006
shapley-20260606T024807Z-7a0d37e1,marginal,A,158,158,10.405225399976189,0.3180922269821167,0.3210121244192123,test_pix_recon,-0.0029198974370955866
shapley-20260606T024807Z-7a0d37e1,marginal,A,159,159,10.468221399976755,0.318122535943985,0.3196155279874801,test_pix_recon,-0.0014929920434951227
shapley-20260606T024807Z-7a0d37e1,marginal,A,160,160,10.532430899977044,0.3182177245616913,0.3202600628137588,test_pix_recon,-0.0020423382520675104
shapley-20260606T024807Z-7a0d37e1,marginal,A,161,161,10.594586299976072,0.3179370015859604,0.3187597692012787,test_pix_recon,-0.0008227676153182983
shapley-20260606T024807Z-7a0d37e1,marginal,A,162,162,10.659716899976049,0.317089170217514,0.3180993944406509,test_pix_recon,-0.0010102242231369019
shapley-20260606T024807Z-7a0d37e1,marginal,A,163,163,10.725847499976226,0.3170793056488037,0.3201742321252823,test_pix_recon,-0.0030949264764785767
shapley-20260606T024807Z-7a0d37e1,marginal,A,164,164,10.793428299977675,0.3174804002046585,0.3194950819015503,test_pix_recon,-0.0020146816968917847
shapley-20260606T024807Z-7a0d37e1,marginal,A,165,165,10.85943639998004,0.3178760707378387,0.3185429722070694,test_pix_recon,-0.0006669014692307074
shapley-20260606T024807Z-7a0d37e1,marginal,A,166,166,10.928313499978684,0.3179303109645843,0.3195951581001282,test_pix_recon,-0.0016648471355438788
shapley-20260606T024807Z-7a0d37e1,marginal,A,167,167,10.993545499979518,0.3176867365837097,0.3207768946886062,test_pix_recon,-0.00309015810489649
shapley-20260606T024807Z-7a0d37e1,marginal,A,168,168,11.059622399978252,0.3176288157701492,0.3193046152591705,test_pix_recon,-0.0016757994890213013
shapley-20260606T024807Z-7a0d37e1,marginal,A,169,169,11.124914799976978,0.3176516890525818,0.317483976483345,test_pix_recon,0.00016771256923681088
shapley-20260606T024807Z-7a0d37e1,marginal,A,170,170,11.189496999977564,0.3175244331359863,0.3176751583814621,test_pix_recon,-0.00015072524547582455
shapley-20260606T024807Z-7a0d37e1,marginal,A,171,171,11.254370699978608,0.3175094574689865,0.3175744116306305,test_pix_recon,-6.495416164398193e-05
shapley-20260606T024807Z-7a0d37e1,marginal,A,172,172,11.321051699978852,0.3174425661563873,0.3177350461483001,test_pix_recon,-0.0002924799919128418
shapley-20260606T024807Z-7a0d37e1,marginal,A,173,173,11.393679599979803,0.3175334185361862,0.3181648999452591,test_pix_recon,-0.000631481409072876
shapley-20260606T024807Z-7a0d37e1,marginal,A,174,174,11.46101219997945,0.3176014870405197,0.3187692314386368,test_pix_recon,-0.0011677443981170654
shapley-20260606T024807Z-7a0d37e1,marginal,A,175,175,11.524472299981426,0.3172066658735275,0.3196481466293335,test_pix_recon,-0.0024414807558059692
shapley-20260606T024807Z-7a0d37e1,marginal,A,176,176,11.590953799983254,0.316960409283638,0.318953663110733,test_pix_recon,-0.0019932538270949762
shapley-20260606T024807Z-7a0d37e1,marginal,A,177,177,11.660867399983545,0.3168845921754837,0.3182647079229355,test_pix_recon,-0.0013801157474517822
shapley-20260606T024807Z-7a0d37e1,marginal,A,178,178,11.727104799985682,0.3168274015188217,0.3178069740533829,test_pix_recon,-0.0009795725345611572
shapley-20260606T024807Z-7a0d37e1,marginal,A,179,179,11.790369299986196,0.3167530000209808,0.3179246932268142,test_pix_recon,-0.001171693205833435
shapley-20260606T024807Z-7a0d37e1,marginal,A,180,180,11.86026809998657,0.3168167918920517,0.3182997405529022,test_pix_recon,-0.001482948660850525
shapley-20260606T024807Z-7a0d37e1,marginal,A,181,181,11.92554469998504,0.3168220221996307,0.3180968761444092,test_pix_recon,-0.001274853944778498
shapley-20260606T024807Z-7a0d37e1,marginal,A,182,182,11.9897879999844,0.3169030100107193,0.3178171515464782,test_pix_recon,-0.0009141415357589167
shapley-20260606T024807Z-7a0d37e1,marginal,A,183,183,12.0531743999818,0.3170171678066253,0.3181920796632767,test_pix_recon,-0.0011749118566513617
shapley-20260606T024807Z-7a0d37e1,marginal,A,184,184,12.118883999981335,0.3170683085918426,0.3178195804357528,test_pix_recon,-0.0007512718439102173
shapley-20260606T024807Z-7a0d37e1,marginal,A,185,185,12.189341699981014,0.3171297907829284,0.3173906803131103,test_pix_recon,-0.00026088953018188477
shapley-20260606T024807Z-7a0d37e1,marginal,A,186,186,12.256485799978693,0.3171241283416748,0.317204087972641,test_pix_recon,-7.995963096618652e-05
shapley-20260606T024807Z-7a0d37e1,marginal,A,187,187,12.32208929997796,0.3171832859516144,0.3174227625131607,test_pix_recon,-0.00023947656154632568
shapley-20260606T024807Z-7a0d37e1,marginal,A,188,188,12.386418799978856,0.3171748071908951,0.317852646112442,test_pix_recon,-0.000677838921546936
shapley-20260606T024807Z-7a0d37e1,marginal,A,189,189,12.45934749997832,0.3171493858098984,0.3173755705356598,test_pix_recon,-0.00022618472576141357
shapley-20260606T024807Z-7a0d37e1,marginal,A,190,190,12.5263924999781,0.3170641809701919,0.3166979551315307,test_pix_recon,0.00036622583866119385
shapley-20260606T024807Z-7a0d37e1,marginal,A,191,191,12.595994599974802,0.316945344209671,0.3165044784545898,test_pix_recon,0.00044086575508123227
shapley-20260606T024807Z-7a0d37e1,marginal,A,192,192,12.665076299977954,0.3169720768928528,0.3170210421085357,test_pix_recon,-4.896521568292789e-05
shapley-20260606T024807Z-7a0d37e1,marginal,A,193,193,12.732849499978329,0.3169870525598526,0.317583367228508,test_pix_recon,-0.0005963146686553955
shapley-20260606T024807Z-7a0d37e1,marginal,A,194,194,12.79857429997719,0.3169633597135544,0.3181094527244568,test_pix_recon,-0.0011460930109024048
shapley-20260606T024807Z-7a0d37e1,marginal,A,195,195,12.86144119997698,0.3169311136007309,0.3182129263877868,test_pix_recon,-0.0012818127870559137
shapley-20260606T024807Z-7a0d37e1,marginal,A,196,196,12.927206799977284,0.3168844133615494,0.3178166598081589,test_pix_recon,-0.0009322464466094971
shapley-20260606T024807Z-7a0d37e1,marginal,A,197,197,12.99939959997937,0.316847950220108,0.317218080163002,test_pix_recon,-0.00037012994289403744
shapley-20260606T024807Z-7a0d37e1,marginal,A,198,198,13.06865509997806,0.3168382048606872,0.3168826103210449,test_pix_recon,-4.440546035772153e-05
shapley-20260606T024807Z-7a0d37e1,marginal,A,199,199,13.141568199978792,0.3168498277664184,0.3165831416845321,test_pix_recon,0.0002666860818862915
shapley-20260606T024831Z-1670e62a,conditional,A,0,0,0.2544675000026473,0.8541750907897949,0.8509582579135895,test_pix_recon,0.0032168328762054443
shapley-20260606T024831Z-1670e62a,conditional,A,1,1,0.3186345000030997,0.6803147792816162,0.6531181335449219,test_pix_recon,0.027196645736694336
shapley-20260606T024831Z-1670e62a,conditional,A,2,2,0.3797143000010692,0.5901567041873932,0.5731428265571594,test_pix_recon,0.017013877630233765
shapley-20260606T024831Z-1670e62a,conditional,A,3,3,0.4435959000002185,0.5262101590633392,0.514592856168747,test_pix_recon,0.011617302894592285
shapley-20260606T024831Z-1670e62a,conditional,A,4,4,0.5040910999996413,0.479739710688591,0.4676752239465713,test_pix_recon,0.012064486742019709
shapley-20260606T024831Z-1670e62a,conditional,A,5,5,0.56743859999915,0.4426720291376114,0.4332936555147171,test_pix_recon,0.009378373622894287
shapley-20260606T024831Z-1670e62a,conditional,A,6,6,0.6340471999974397,0.4108244627714157,0.4101631343364715,test_pix_recon,0.0006613284349442083
shapley-20260606T024831Z-1670e62a,conditional,A,7,7,0.6941698999980872,0.3883792459964752,0.3902306407690048,test_pix_recon,-0.001851394772529602
shapley-20260606T024831Z-1670e62a,conditional,A,8,8,0.7591166999991401,0.3723848462104797,0.3743899464607239,test_pix_recon,-0.002005100250244196
shapley-20260606T024831Z-1670e62a,conditional,A,9,9,0.8177573999964807,0.358344629406929,0.3600786924362182,test_pix_recon,-0.00173406302928919
shapley-20260606T024831Z-1670e62a,conditional,A,10,10,0.879826199994568,0.3469093143939972,0.3466511368751526,test_pix_recon,0.0002581775188446045
shapley-20260606T024831Z-1670e62a,conditional,A,11,11,0.9480400999964332,0.3400724232196808,0.3379013389348984,test_pix_recon,0.0021710842847824097
shapley-20260606T024831Z-1670e62a,conditional,A,12,12,1.0082808999941335,0.3382672816514969,0.3329281955957412,test_pix_recon,0.005339086055755671
shapley-20260606T024831Z-1670e62a,conditional,A,13,13,1.070529099994019,0.3296416103839874,0.3257042318582535,test_pix_recon,0.003937378525733948
shapley-20260606T024831Z-1670e62a,conditional,A,14,14,1.1318709999941348,0.320951908826828,0.3192059993743896,test_pix_recon,0.00174590945243841
shapley-20260606T024831Z-1670e62a,conditional,A,15,15,1.1951994999908493,0.3144444674253464,0.3150531351566314,test_pix_recon,-0.0006086677312850397
shapley-20260606T024831Z-1670e62a,conditional,A,16,16,1.257604899990838,0.3116685301065445,0.3115437030792236,test_pix_recon,0.00012482702732091733
shapley-20260606T024831Z-1670e62a,conditional,A,17,17,1.3207969999930356,0.308899238705635,0.3078570812940597,test_pix_recon,0.0010421574115753174
shapley-20260606T024831Z-1670e62a,conditional,A,18,18,1.388245599995571,0.3059827983379364,0.3031364977359772,test_pix_recon,0.0028463006019592285
shapley-20260606T024831Z-1670e62a,conditional,A,19,19,1.447067999994033,0.3013014942407608,0.3018188178539276,test_pix_recon,-0.0005173236131668091
shapley-20260606T024831Z-1670e62a,conditional,A,20,20,1.5078723999940848,0.2975828796625137,0.2993581444025039,test_pix_recon,-0.0017752647399902344
shapley-20260606T024831Z-1670e62a,conditional,A,21,21,1.5673271999949066,0.2984136790037155,0.2966152429580688,test_pix_recon,0.001798436045646723
shapley-20260606T024831Z-1670e62a,conditional,A,22,22,1.6296667999959027,0.2946009784936905,0.294157937169075,test_pix_recon,0.0004430413246154785
shapley-20260606T024831Z-1670e62a,conditional,A,23,23,1.69307349999508,0.2917478382587433,0.2929234504699707,test_pix_recon,-0.001175612211227417
shapley-20260606T024831Z-1670e62a,conditional,A,24,24,1.755642899992381,0.2929144650697708,0.292449951171875,test_pix_recon,0.000464513897895813
shapley-20260606T024831Z-1670e62a,conditional,A,25,25,1.8211839999930817,0.2901891767978668,0.294985219836235,test_pix_recon,-0.00479604303836817
shapley-20260606T024831Z-1670e62a,conditional,A,26,26,1.8801431999927445,0.2881411761045456,0.2935491800308227,test_pix_recon,-0.005408003926277105
shapley-20260606T024831Z-1670e62a,conditional,A,27,27,1.940796999992017,0.2856951057910919,0.2915554344654083,test_pix_recon,-0.005860328674316406
shapley-20260606T024831Z-1670e62a,conditional,A,28,28,2.001360399990517,0.2878636121749878,0.2879319787025451,test_pix_recon,-6.836652755731754e-05
shapley-20260606T024831Z-1670e62a,conditional,A,29,29,2.06696779999038,0.2838372886180877,0.2902204245328903,test_pix_recon,-0.006383135914802607
shapley-20260606T024831Z-1670e62a,conditional,A,30,30,2.1324337999903946,0.2823440134525299,0.2866138219833374,test_pix_recon,-0.004269808530807495
shapley-20260606T024831Z-1670e62a,conditional,A,31,31,2.1914158999898063,0.2802103757858276,0.2880098521709442,test_pix_recon,-0.007799476385116633
shapley-20260606T024831Z-1670e62a,conditional,A,32,32,2.255146399988007,0.2803139239549637,0.2879638224840164,test_pix_recon,-0.007649898529052734
shapley-20260606T024831Z-1670e62a,conditional,A,33,33,2.31982879998759,0.2794395536184311,0.2867550402879715,test_pix_recon,-0.007315486669540405
shapley-20260606T024831Z-1670e62a,conditional,A,34,34,2.383059499985393,0.2791962921619415,0.2837090194225311,test_pix_recon,-0.0045127272605896
shapley-20260606T024831Z-1670e62a,conditional,A,35,35,2.443678499985253,0.2778141349554062,0.2851476073265075,test_pix_recon,-0.007333472371101324
shapley-20260606T024831Z-1670e62a,conditional,A,36,36,2.5101473999857262,0.2784735709428787,0.2856522500514984,test_pix_recon,-0.00717867910861969
shapley-20260606T024831Z-1670e62a,conditional,A,37,37,2.571745999986888,0.2788429707288742,0.2827627062797546,test_pix_recon,-0.003919735550880377
shapley-20260606T024831Z-1670e62a,conditional,A,38,38,2.630903099987336,0.2768655121326446,0.2878822386264801,test_pix_recon,-0.011016726493835505
shapley-20260606T024831Z-1670e62a,conditional,A,39,39,2.69644499999049,0.2783276438713074,0.28690867125988,test_pix_recon,-0.008581027388572637
shapley-20260606T024831Z-1670e62a,conditional,A,40,40,2.7641849999927217,0.2809460461139679,0.2846575677394867,test_pix_recon,-0.003711521625518799
shapley-20260606T024831Z-1670e62a,conditional,A,41,41,2.826974599993264,0.275927186012268,0.2831158488988876,test_pix_recon,-0.007188662886619568
shapley-20260606T024831Z-1670e62a,conditional,A,42,42,2.8882055999929435,0.277925580739975,0.28188656270504,test_pix_recon,-0.0039609819650650024
shapley-20260606T024831Z-1670e62a,conditional,A,43,43,2.953229099992313,0.2768815606832504,0.2832778543233871,test_pix_recon,-0.006396293640136663
shapley-20260606T024831Z-1670e62a,conditional,A,44,44,3.014544599995133,0.2800546139478683,0.2831849604845047,test_pix_recon,-0.003130346536636408
shapley-20260606T024831Z-1670e62a,conditional,A,45,45,3.074951699996745,0.2776667475700378,0.282040074467659,test_pix_recon,-0.00437332689762121
shapley-20260606T024831Z-1670e62a,conditional,A,46,46,3.1384268999972846,0.2787993848323822,0.2818816751241684,test_pix_recon,-0.003082290291786194
shapley-20260606T024831Z-1670e62a,conditional,A,47,47,3.2011209999982384,0.2807756215333938,0.2830798476934433,test_pix_recon,-0.002304226160049494
shapley-20260606T024831Z-1670e62a,conditional,A,48,48,3.266789900000731,0.2812680453062057,0.2831001877784729,test_pix_recon,-0.0018321424722672064
shapley-20260606T024831Z-1670e62a,conditional,A,49,49,3.3328122999992047,0.2789451777935028,0.2829372435808182,test_pix_recon,-0.003992065787315369
shapley-20260606T024831Z-1670e62a,conditional,A,50,50,3.393088100001478,0.2764465063810348,0.2822595983743667,test_pix_recon,-0.005813091993331909
shapley-20260606T024831Z-1670e62a,conditional,A,51,51,3.452265400002944,0.2779591232538223,0.2829569727182388,test_pix_recon,-0.004997849464416448
shapley-20260606T024831Z-1670e62a,conditional,A,52,52,3.5181125000017346,0.279436931014061,0.2820155918598175,test_pix_recon,-0.0025786608457565308
shapley-20260606T024831Z-1670e62a,conditional,A,53,53,3.581243100001302,0.2789788693189621,0.2831300497055053,test_pix_recon,-0.004151180386543218
shapley-20260606T024831Z-1670e62a,conditional,A,54,54,3.646944100000837,0.2805840373039245,0.2823694348335266,test_pix_recon,-0.0017853975296021063
shapley-20260606T024831Z-1670e62a,conditional,A,55,55,3.705761100001837,0.27922523021698,0.2869664877653122,test_pix_recon,-0.007741257548332214
shapley-20260606T024831Z-1670e62a,conditional,A,56,56,3.7667861000009,0.2800164073705673,0.2846334427595138,test_pix_recon,-0.004617035388946478
shapley-20260606T024831Z-1670e62a,conditional,A,57,57,3.829002300000866,0.2794042825698852,0.2848065942525863,test_pix_recon,-0.005402311682701111
shapley-20260606T024831Z-1670e62a,conditional,A,58,58,3.8932420000019192,0.2770023494958877,0.281948059797287,test_pix_recon,-0.0049457103013992865
shapley-20260606T024831Z-1670e62a,conditional,A,59,59,3.958262500003912,0.2778206765651703,0.2833040952682495,test_pix_recon,-0.005483418703079224
shapley-20260606T024831Z-1670e62a,conditional,A,60,60,4.019449400002486,0.2775213867425918,0.2842214554548263,test_pix_recon,-0.006700068712234497
shapley-20260606T024831Z-1670e62a,conditional,A,61,61,4.083137300003727,0.2796367704868316,0.2822020947933197,test_pix_recon,-0.0025653243064880926
shapley-20260606T024831Z-1670e62a,conditional,A,62,62,4.141131300002598,0.2807292491197586,0.2857725471258163,test_pix_recon,-0.005043298006057684
shapley-20260606T024831Z-1670e62a,conditional,A,63,63,4.2028179000008095,0.2796874344348907,0.2858708351850509,test_pix_recon,-0.006183400750160217
shapley-20260606T024831Z-1670e62a,conditional,A,64,64,4.266624700001557,0.27815081179142,0.2868079543113708,test_pix_recon,-0.008657142519950811
shapley-20260606T024831Z-1670e62a,conditional,A,65,65,4.332670399999188,0.2817343026399612,0.2845682948827743,test_pix_recon,-0.0028339922428131104
shapley-20260606T024831Z-1670e62a,conditional,A,66,66,4.393375100000412,0.2800228893756866,0.2909345477819443,test_pix_recon,-0.010911658406257685
shapley-20260606T024831Z-1670e62a,conditional,A,67,67,4.45469029999731,0.2804764211177826,0.285235047340393,test_pix_recon,-0.004758626222610418
shapley-20260606T024831Z-1670e62a,conditional,A,68,68,4.520306999998866,0.2791267037391662,0.2883670926094055,test_pix_recon,-0.009240388870239313
shapley-20260606T024831Z-1670e62a,conditional,A,69,69,4.579936499998439,0.284001275897026,0.2897385060787201,test_pix_recon,-0.005737230181694086
shapley-20260606T024831Z-1670e62a,conditional,A,70,70,4.640745799999422,0.2836115658283233,0.2885145992040634,test_pix_recon,-0.004903033375740107
shapley-20260606T024831Z-1670e62a,conditional,A,71,71,4.704853299997922,0.2836063206195831,0.2881891131401062,test_pix_recon,-0.004582792520523127
shapley-20260606T024831Z-1670e62a,conditional,A,72,72,4.764358799999172,0.2882387042045593,0.2877765148878097,test_pix_recon,0.00046218931674962827
shapley-20260606T024831Z-1670e62a,conditional,A,73,73,4.830531599996903,0.2881480008363724,0.2887815833091736,test_pix_recon,-0.0006335824728012085
shapley-20260606T024831Z-1670e62a,conditional,A,74,74,4.891310399998474,0.2882955223321914,0.2909659296274185,test_pix_recon,-0.0026704072952271063
shapley-20260606T024831Z-1670e62a,conditional,A,75,75,4.949889600000461,0.2875230312347412,0.2902611494064331,test_pix_recon,-0.0027381181716918945
shapley-20260606T024831Z-1670e62a,conditional,A,76,76,5.012011599999823,0.2884002774953842,0.288209781050682,test_pix_recon,0.00019049644470220395
shapley-20260606T024831Z-1670e62a,conditional,A,77,77,5.073973399998067,0.2909346669912338,0.2905119061470032,test_pix_recon,0.00042276084423065186
shapley-20260606T024831Z-1670e62a,conditional,A,78,78,5.132314399997995,0.2944245934486389,0.2943695187568664,test_pix_recon,5.507469177251645e-05
shapley-20260606T024831Z-1670e62a,conditional,A,79,79,5.191507899995486,0.292548730969429,0.2947164624929428,test_pix_recon,-0.002167731523513794
shapley-20260606T024831Z-1670e62a,conditional,A,80,80,5.250555699993129,0.2895974516868591,0.291841596364975,test_pix_recon,-0.0022441446781159002
shapley-20260606T024831Z-1670e62a,conditional,A,81,81,5.314382199994725,0.2877806723117828,0.2952040135860443,test_pix_recon,-0.00742334127426153
shapley-20260606T024831Z-1670e62a,conditional,A,82,82,5.3770290999964345,0.2934544086456299,0.2926420867443084,test_pix_recon,0.0008123219013214666
shapley-20260606T024831Z-1670e62a,conditional,A,83,83,5.4457559999973455,0.2929809242486954,0.2973024100065231,test_pix_recon,-0.004321485757827703
shapley-20260606T024831Z-1670e62a,conditional,A,84,84,5.50917429999754,0.2921060174703598,0.2991943657398224,test_pix_recon,-0.0070883482694625854
shapley-20260606T024831Z-1670e62a,conditional,A,85,85,5.571909699996468,0.2909107059240341,0.2962347418069839,test_pix_recon,-0.005324035882949774
shapley-20260606T024831Z-1670e62a,conditional,A,86,86,5.629977599997801,0.28729909658432,0.2940069884061813,test_pix_recon,-0.006707891821861267
shapley-20260606T024831Z-1670e62a,conditional,A,87,87,5.691993599997659,0.2903701514005661,0.293530598282814,test_pix_recon,-0.003160446882247925
shapley-20260606T024831Z-1670e62a,conditional,A,88,88,5.752534699997341,0.2981765419244766,0.3004326671361923,test_pix_recon,-0.0022561252117156982
shapley-20260606T024831Z-1670e62a,conditional,A,89,89,5.812723199996981,0.2915798276662826,0.2986346483230591,test_pix_recon,-0.007054820656776484
shapley-20260606T024831Z-1670e62a,conditional,A,90,90,5.880846699998074,0.2920264899730682,0.3005236387252807,test_pix_recon,-0.008497148752212524
shapley-20260606T024831Z-1670e62a,conditional,A,91,91,5.9435160999964864,0.2962495982646942,0.3064838200807571,test_pix_recon,-0.010234221816062872
shapley-20260606T024831Z-1670e62a,conditional,A,92,92,6.008925399997679,0.2949767857789993,0.3019823282957077,test_pix_recon,-0.0070055425167084295
shapley-20260606T024831Z-1670e62a,conditional,A,93,93,6.078203499997471,0.297632485628128,0.3003750741481781,test_pix_recon,-0.0027425885200501043
shapley-20260606T024831Z-1670e62a,conditional,A,94,94,6.14445749999868,0.2926713675260544,0.3017422258853912,test_pix_recon,-0.009070858359336798
shapley-20260606T024831Z-1670e62a,conditional,A,95,95,6.207269799997448,0.301588624715805,0.3027586191892624,test_pix_recon,-0.001169994473457392
shapley-20260606T024831Z-1670e62a,conditional,A,96,96,6.273985199997696,0.2985265105962753,0.2971867471933365,test_pix_recon,0.0013397634029387873
shapley-20260606T024831Z-1670e62a,conditional,A,97,97,6.342674999999872,0.2975404411554336,0.3016542345285415,test_pix_recon,-0.00411379337310791
shapley-20260606T024831Z-1670e62a,conditional,A,98,98,6.4123225000003,0.3004382848739624,0.3089026361703872,test_pix_recon,-0.00846435129642481
shapley-20260606T024831Z-1670e62a,conditional,A,99,99,6.476605900003051,0.2982579916715622,0.3048103004693985,test_pix_recon,-0.006552308797836304
shapley-20260606T024831Z-1670e62a,conditional,A,100,100,6.546997100002045,0.3033217489719391,0.3057575970888138,test_pix_recon,-0.002435848116874695
shapley-20260606T024831Z-1670e62a,conditional,A,101,101,6.611781100000371,0.3011766523122787,0.3120587766170501,test_pix_recon,-0.010882124304771423
shapley-20260606T024831Z-1670e62a,conditional,A,102,102,6.675888999998279,0.2997835725545883,0.312223806977272,test_pix_recon,-0.01244023442268366
shapley-20260606T024831Z-1670e62a,conditional,A,103,103,6.740805699999328,0.3070572018623352,0.3076280653476715,test_pix_recon,-0.0005708634853363037
shapley-20260606T024831Z-1670e62a,conditional,A,104,104,6.812975100001495,0.3038817197084427,0.3071222156286239,test_pix_recon,-0.003240495920181219
shapley-20260606T024831Z-1670e62a,conditional,A,105,105,6.880007200001273,0.3007363080978393,0.3095498085021972,test_pix_recon,-0.00881350040435791
shapley-20260606T024831Z-1670e62a,conditional,A,106,106,6.947284100002435,0.306157723069191,0.3143097907304764,test_pix_recon,-0.0081520676612854
shapley-20260606T024831Z-1670e62a,conditional,A,107,107,7.016163600001164,0.3064393848180771,0.3096098154783249,test_pix_recon,-0.0031704306602478027
shapley-20260606T024831Z-1670e62a,conditional,A,108,108,7.086744699998235,0.3084850758314132,0.3116491734981537,test_pix_recon,-0.003164097666740473
shapley-20260606T024831Z-1670e62a,conditional,A,109,109,7.155474599996524,0.3061896413564682,0.3168495744466781,test_pix_recon,-0.010659933090209905
shapley-20260606T024831Z-1670e62a,conditional,A,110,110,7.219261999995069,0.308732345700264,0.3162437975406647,test_pix_recon,-0.007511451840400696
shapley-20260606T024831Z-1670e62a,conditional,A,111,111,7.283626999997068,0.3102944642305374,0.319436252117157,test_pix_recon,-0.009141787886619568
shapley-20260606T024831Z-1670e62a,conditional,A,112,112,7.347003099996073,0.3055827021598816,0.3271675258874893,test_pix_recon,-0.021584823727607727
shapley-20260606T024831Z-1670e62a,conditional,A,113,113,7.41924239999571,0.3169226795434952,0.316052109003067,test_pix_recon,0.0008705705404281616
shapley-20260606T024831Z-1670e62a,conditional,A,114,114,7.49048789999506,0.310739666223526,0.3175464123487472,test_pix_recon,-0.006806746125221197
shapley-20260606T024831Z-1670e62a,conditional,A,115,115,7.561650099996768,0.3169946223497391,0.3196742236614227,test_pix_recon,-0.0026796013116835993
shapley-20260606T024831Z-1670e62a,conditional,A,116,116,7.625525199997355,0.314676433801651,0.3147219270467758,test_pix_recon,-4.5493245124816895e-05
shapley-20260606T024831Z-1670e62a,conditional,A,117,117,7.690546099998755,0.3228873163461685,0.3201963603496551,test_pix_recon,0.002690955996513422
shapley-20260606T024831Z-1670e62a,conditional,A,118,118,7.752403700000286,0.3147786408662796,0.3221312165260315,test_pix_recon,-0.007352575659751892
shapley-20260606T024831Z-1670e62a,conditional,A,119,119,7.817663699999684,0.3194487392902374,0.3199829459190368,test_pix_recon,-0.000534206628799383
shapley-20260606T024831Z-1670e62a,conditional,A,120,120,7.87949049999952,0.3202170729637146,0.325249969959259,test_pix_recon,-0.005032896995544378
shapley-20260606T024831Z-1670e62a,conditional,A,121,121,7.942681599997741,0.320063441991806,0.3224863409996032,test_pix_recon,-0.002422899007797241
shapley-20260606T024831Z-1670e62a,conditional,A,122,122,8.007178099996963,0.3234674632549286,0.3328128308057785,test_pix_recon,-0.009345367550849915
shapley-20260606T024831Z-1670e62a,conditional,A,123,123,8.071562899996934,0.3273891359567642,0.3286958038806915,test_pix_recon,-0.0013066679239272516
shapley-20260606T024831Z-1670e62a,conditional,A,124,124,8.135260699997161,0.3230706006288528,0.3287819474935531,test_pix_recon,-0.005711346864700317
shapley-20260606T024831Z-1670e62a,conditional,A,125,125,8.197947499997099,0.3278281539678573,0.3316767662763595,test_pix_recon,-0.0038486123085021973
shapley-20260606T024831Z-1670e62a,conditional,A,126,126,8.262760399997205,0.3206682801246643,0.3303955048322677,test_pix_recon,-0.009727224707603399
shapley-20260606T024831Z-1670e62a,conditional,A,127,127,8.325145199996768,0.3244661837816238,0.3272972404956817,test_pix_recon,-0.0028310567140579224
shapley-20260606T024831Z-1670e62a,conditional,A,128,128,8.394684299997607,0.3210008144378662,0.3251319676637649,test_pix_recon,-0.004131153225898687
shapley-20260606T024831Z-1670e62a,conditional,A,129,129,8.465442499997152,0.323103204369545,0.3226331323385238,test_pix_recon,0.0004700720310211737
shapley-20260606T024831Z-1670e62a,conditional,A,130,130,8.52918039999713,0.3256148993968963,0.3283833116292953,test_pix_recon,-0.002768412232398987
shapley-20260606T024831Z-1670e62a,conditional,A,131,131,8.591725999998744,0.3272838890552521,0.326500654220581,test_pix_recon,0.000783234834671076
shapley-20260606T024831Z-1670e62a,conditional,A,132,132,8.654246799997054,0.3209179043769836,0.3262374252080917,test_pix_recon,-0.005319520831108093
shapley-20260606T024831Z-1670e62a,conditional,A,133,133,8.725793499997962,0.3247878551483154,0.3221975564956665,test_pix_recon,0.0025902986526488703
shapley-20260606T024831Z-1670e62a,conditional,A,134,134,8.795712599996477,0.3210125714540481,0.327137291431427,test_pix_recon,-0.006124719977378901
shapley-20260606T024831Z-1670e62a,conditional,A,135,135,8.86079499999687,0.3220545351505279,0.3225306570529938,test_pix_recon,-0.0004761219024658758
shapley-20260606T024831Z-1670e62a,conditional,A,136,136,8.931081599996105,0.320068746805191,0.3245541900396347,test_pix_recon,-0.00448544323444372
shapley-20260606T024831Z-1670e62a,conditional,A,137,137,8.997712999993382,0.3177894204854965,0.3252812474966049,test_pix_recon,-0.0074918270111083984
shapley-20260606T024831Z-1670e62a,conditional,A,138,138,9.06027369999356,0.3187804073095321,0.3236086964607239,test_pix_recon,-0.004828289151191767
shapley-20260606T024831Z-1670e62a,conditional,A,139,139,9.12685949999286,0.3214519470930099,0.3218037933111191,test_pix_recon,-0.00035184621810918637
shapley-20260606T024831Z-1670e62a,conditional,A,140,140,9.191153299994768,0.3215372264385223,0.320274293422699,test_pix_recon,0.0012629330158233087
shapley-20260606T024831Z-1670e62a,conditional,A,141,141,9.253669699992315,0.3214577287435531,0.3228318393230438,test_pix_recon,-0.0013741105794907171
shapley-20260606T024831Z-1670e62a,conditional,A,142,142,9.317509199991036,0.322083055973053,0.3236495405435562,test_pix_recon,-0.0015664845705032349
shapley-20260606T024831Z-1670e62a,conditional,A,143,143,9.380597199990008,0.3200315535068512,0.324050173163414,test_pix_recon,-0.004018619656562805
shapley-20260606T024831Z-1670e62a,conditional,A,144,144,9.446828199990703,0.3195781111717224,0.325992688536644,test_pix_recon,-0.00641457736492157
shapley-20260606T024831Z-1670e62a,conditional,A,145,145,9.512273199990886,0.3179133236408233,0.323590487241745,test_pix_recon,-0.005677163600921686
shapley-20260606T024831Z-1670e62a,conditional,A,146,146,9.585096899991186,0.317594438791275,0.3217242509126663,test_pix_recon,-0.004129812121391296
shapley-20260606T024831Z-1670e62a,conditional,A,147,147,9.654230699990876,0.3168394267559051,0.3251900970935821,test_pix_recon,-0.008350670337677002
shapley-20260606T024831Z-1670e62a,conditional,A,148,148,9.720639399991342,0.3167805820703506,0.3236490935087204,test_pix_recon,-0.0068685114383698065
shapley-20260606T024831Z-1670e62a,conditional,A,149,149,9.791183299988916,0.3172867596149444,0.3227037936449051,test_pix_recon,-0.005417034029960688
shapley-20260606T024831Z-1670e62a,conditional,A,150,150,9.860444799989637,0.3166299015283584,0.3205664157867431,test_pix_recon,-0.003936514258384705
shapley-20260606T024831Z-1670e62a,conditional,A,151,151,9.922886699991068,0.3161486536264419,0.3212757557630539,test_pix_recon,-0.005127102136611994
shapley-20260606T024831Z-1670e62a,conditional,A,152,152,9.991578799988927,0.3159253895282745,0.3213249146938324,test_pix_recon,-0.005399525165557917
shapley-20260606T024831Z-1670e62a,conditional,A,153,153,10.054888599988772,0.3151609301567077,0.319717139005661,test_pix_recon,-0.004556208848953303
shapley-20260606T024831Z-1670e62a,conditional,A,154,154,10.12303319998682,0.3149321228265762,0.3219439834356308,test_pix_recon,-0.007011860609054621
shapley-20260606T024831Z-1670e62a,conditional,A,155,155,10.195717399987188,0.3144177347421646,0.3213122189044952,test_pix_recon,-0.006894484162330572
shapley-20260606T024831Z-1670e62a,conditional,A,156,156,10.259935199988831,0.3143068999052048,0.321253091096878,test_pix_recon,-0.006946191191673223
shapley-20260606T024831Z-1670e62a,conditional,A,157,157,10.327458299991122,0.3145275861024856,0.3212703168392181,test_pix_recon,-0.006742730736732483
shapley-20260606T024831Z-1670e62a,conditional,A,158,158,10.390106299990292,0.3157406002283096,0.3210121244192123,test_pix_recon,-0.00527152419090271
shapley-20260606T024831Z-1670e62a,conditional,A,159,159,10.45566919999328,0.3161566704511642,0.3196155279874801,test_pix_recon,-0.003458857536315918
shapley-20260606T024831Z-1670e62a,conditional,A,160,160,10.525602599991544,0.3162669688463211,0.3202600628137588,test_pix_recon,-0.003993093967437689
shapley-20260606T024831Z-1670e62a,conditional,A,161,161,10.59384899998986,0.3157183080911636,0.3187597692012787,test_pix_recon,-0.0030414611101151068
shapley-20260606T024831Z-1670e62a,conditional,A,162,162,10.659946699990542,0.3153112083673477,0.3180993944406509,test_pix_recon,-0.002788186073303167
shapley-20260606T024831Z-1670e62a,conditional,A,163,163,10.722572099992249,0.3146671205759048,0.3201742321252823,test_pix_recon,-0.005507111549377497
shapley-20260606T024831Z-1670e62a,conditional,A,164,164,10.789230399990627,0.3138966411352157,0.3194950819015503,test_pix_recon,-0.005598440766334589
shapley-20260606T024831Z-1670e62a,conditional,A,165,165,10.851778599990212,0.3140779584646225,0.3185429722070694,test_pix_recon,-0.004465013742446899
shapley-20260606T024831Z-1670e62a,conditional,A,166,166,10.917738999993162,0.3146286606788635,0.3195951581001282,test_pix_recon,-0.0049664974212646484
shapley-20260606T024831Z-1670e62a,conditional,A,167,167,10.990617999992535,0.314681813120842,0.3207768946886062,test_pix_recon,-0.006095081567764227
shapley-20260606T024831Z-1670e62a,conditional,A,168,168,11.056867599992984,0.3148121386766433,0.3193046152591705,test_pix_recon,-0.004492476582527161
shapley-20260606T024831Z-1670e62a,conditional,A,169,169,11.123441299994738,0.31449194252491,0.317483976483345,test_pix_recon,-0.002992033958435003
shapley-20260606T024831Z-1670e62a,conditional,A,170,170,11.191314399991825,0.3146850913763046,0.3176751583814621,test_pix_recon,-0.0029900670051574707
shapley-20260606T024831Z-1670e62a,conditional,A,171,171,11.256376199991792,0.3149963021278381,0.3175744116306305,test_pix_recon,-0.002578109502792414
shapley-20260606T024831Z-1670e62a,conditional,A,172,172,11.32143219999125,0.3152977377176285,0.3177350461483001,test_pix_recon,-0.0024373084306716364
shapley-20260606T024831Z-1670e62a,conditional,A,173,173,11.38561179998942,0.3151940703392029,0.3181648999452591,test_pix_recon,-0.0029708296060562134
shapley-20260606T024831Z-1670e62a,conditional,A,174,174,11.45141079998939,0.3148864954710006,0.3187692314386368,test_pix_recon,-0.003882735967636164
shapley-20260606T024831Z-1670e62a,conditional,A,175,175,11.517114199992648,0.3149428516626358,0.3196481466293335,test_pix_recon,-0.004705294966697693
shapley-20260606T024831Z-1670e62a,conditional,A,176,176,11.57956049999484,0.3149970769882202,0.318953663110733,test_pix_recon,-0.003956586122512762
shapley-20260606T024831Z-1670e62a,conditional,A,177,177,11.64244819999294,0.3150767982006073,0.3182647079229355,test_pix_recon,-0.003187909722328186
shapley-20260606T024831Z-1670e62a,conditional,A,178,178,11.70764519999284,0.3151369243860245,0.3178069740533829,test_pix_recon,-0.0026700496673583984
shapley-20260606T024831Z-1670e62a,conditional,A,179,179,11.769433499990557,0.3149042427539825,0.3179246932268142,test_pix_recon,-0.003020450472831726
shapley-20260606T024831Z-1670e62a,conditional,A,180,180,11.834086299990304,0.3146829307079315,0.3182997405529022,test_pix_recon,-0.003616809844970703
shapley-20260606T024831Z-1670e62a,conditional,A,181,181,11.897705099989253,0.314793199300766,0.3180968761444092,test_pix_recon,-0.0033036768436431885
shapley-20260606T024831Z-1670e62a,conditional,A,182,182,11.960706299989395,0.3148335367441177,0.3178171515464782,test_pix_recon,-0.0029836148023605347
shapley-20260606T024831Z-1670e62a,conditional,A,183,183,12.030175599989889,0.3147774338722229,0.3181920796632767,test_pix_recon,-0.003414645791053772
shapley-20260606T024831Z-1670e62a,conditional,A,184,184,12.096960299990316,0.3146607577800751,0.3178195804357528,test_pix_recon,-0.00315882265567774
shapley-20260606T024831Z-1670e62a,conditional,A,185,185,12.165952199989988,0.3144769370555877,0.3173906803131103,test_pix_recon,-0.002913743257522583
shapley-20260606T024831Z-1670e62a,conditional,A,186,186,12.2308070999934,0.3144000023603439,0.317204087972641,test_pix_recon,-0.0028040856122971136
shapley-20260606T024831Z-1670e62a,conditional,A,187,187,12.29560799999308,0.314386636018753,0.3174227625131607,test_pix_recon,-0.0030361264944077093
shapley-20260606T024831Z-1670e62a,conditional,A,188,188,12.360030199994071,0.314358651638031,0.317852646112442,test_pix_recon,-0.0034939944744110107
shapley-20260606T024831Z-1670e62a,conditional,A,189,189,12.42538169999534,0.3142900913953781,0.3173755705356598,test_pix_recon,-0.0030854791402816772
shapley-20260606T024831Z-1670e62a,conditional,A,190,190,12.492902299993148,0.3142262399196625,0.3166979551315307,test_pix_recon,-0.0024717152118682306
shapley-20260606T024831Z-1670e62a,conditional,A,191,191,12.559829599991644,0.3142392933368683,0.3165044784545898,test_pix_recon,-0.002265185117721502
shapley-20260606T024831Z-1670e62a,conditional,A,192,192,12.627215299991803,0.3142848163843155,0.3170210421085357,test_pix_recon,-0.0027362257242202204
shapley-20260606T024831Z-1670e62a,conditional,A,193,193,12.694701199994595,0.3142969310283661,0.317583367228508,test_pix_recon,-0.0032864362001419067
shapley-20260606T024831Z-1670e62a,conditional,A,194,194,12.760595599993394,0.3142464011907577,0.3181094527244568,test_pix_recon,-0.003863051533699091
shapley-20260606T024831Z-1670e62a,conditional,A,195,195,12.826370299993869,0.3142508566379547,0.3182129263877868,test_pix_recon,-0.003962069749832098
shapley-20260606T024831Z-1670e62a,conditional,A,196,196,12.893094799994287,0.3142760992050171,0.3178166598081589,test_pix_recon,-0.0035405606031417847
shapley-20260606T024831Z-1670e62a,conditional,A,197,197,12.957290499994995,0.3142924308776855,0.317218080163002,test_pix_recon,-0.002925649285316523
shapley-20260606T024831Z-1670e62a,conditional,A,198,198,13.0285291999935,0.3143017888069153,0.3168826103210449,test_pix_recon,-0.0025808215141296387
shapley-20260606T024831Z-1670e62a,conditional,A,199,199,13.098774199992476,0.3143060207366943,0.3165831416845321,test_pix_recon,-0.0022771209478378296
shapley-20260606T024743Z-6e742d25,baseline,A,0,0,0.2493230000000039,25.7631950378418,22.113808631896973,test_kl,3.6493864059448278
shapley-20260606T024743Z-6e742d25,baseline,A,1,1,0.3113062000011268,44.679298400878906,43.21718215942383,test_kl,1.4621162414550781
shapley-20260606T024743Z-6e742d25,baseline,A,2,2,0.3717451000011351,53.96591758728027,47.12140083312988,test_kl,6.844516754150391
shapley-20260606T024743Z-6e742d25,baseline,A,3,3,0.4351566000041202,56.621530532836914,52.71994018554688,test_kl,3.901590347290032
shapley-20260606T024743Z-6e742d25,baseline,A,4,4,0.4936483000055887,60.19986152648926,58.47116470336914,test_kl,1.7286968231201172
shapley-20260606T024743Z-6e742d25,baseline,A,5,5,0.552162900006806,64.12708473205566,62.55760765075684,test_kl,1.569477081298821
shapley-20260606T024743Z-6e742d25,baseline,A,6,6,0.6128487000059977,67.697021484375,63.58054161071777,test_kl,4.116479873657227
shapley-20260606T024743Z-6e742d25,baseline,A,7,7,0.6740745000060997,70.7884292602539,65.12972640991211,test_kl,5.658702850341797
shapley-20260606T024743Z-6e742d25,baseline,A,8,8,0.7395106000076339,73.02890396118164,68.52974700927734,test_kl,4.499156951904297
shapley-20260606T024743Z-6e742d25,baseline,A,9,9,0.8018899000089732,75.75589752197266,71.80135726928711,test_kl,3.954540252685547
shapley-20260606T024743Z-6e742d25,baseline,A,10,10,0.8636627000087174,79.22093963623047,75.36442565917969,test_kl,3.8565139770507812
shapley-20260606T024743Z-6e742d25,baseline,A,11,11,0.9327553000111948,49.10605430603027,48.578840255737305,test_kl,0.5272140502929688
shapley-20260606T024743Z-6e742d25,baseline,A,12,12,0.9966022000116936,25.888869285583496,25.38333320617676,test_kl,0.5055360794067347
shapley-20260606T024743Z-6e742d25,baseline,A,13,13,1.0553893000142125,35.521005630493164,34.20315742492676,test_kl,1.3178482055664062
shapley-20260606T024743Z-6e742d25,baseline,A,14,14,1.1170446000141965,47.91550636291504,46.86288833618164,test_kl,1.0526180267333984
shapley-20260606T024743Z-6e742d25,baseline,A,15,15,1.178822100016987,44.19656944274902,43.308223724365234,test_kl,0.8883457183837891
shapley-20260606T024743Z-6e742d25,baseline,A,16,16,1.2409998000184714,27.037970542907715,27.41233921051025,test_kl,-0.3743686676025355
shapley-20260606T024743Z-6e742d25,baseline,A,17,17,1.3018243000187797,27.02295207977295,26.801772117614743,test_kl,0.22117996215820668
shapley-20260606T024743Z-6e742d25,baseline,A,18,18,1.363026600018202,38.636526107788086,38.15931701660156,test_kl,0.47720909118652344
shapley-20260606T024743Z-6e742d25,baseline,A,19,19,1.4225532000200474,38.4351921081543,38.81142807006836,test_kl,-0.3762359619140625
shapley-20260606T024743Z-6e742d25,baseline,A,20,20,1.4848165000221345,27.5599946975708,27.175698280334476,test_kl,0.3842964172363246
shapley-20260606T024743Z-6e742d25,baseline,A,21,21,1.5473643000223092,21.700156211853027,26.79227352142334,test_kl,-5.0921173095703125
shapley-20260606T024743Z-6e742d25,baseline,A,22,22,1.607614700023987,26.26855087280273,27.55046558380127,test_kl,-1.2819147109985387
shapley-20260606T024743Z-6e742d25,baseline,A,23,23,1.6691959000236238,24.211183547973636,22.892952919006348,test_kl,1.3182306289672887
shapley-20260606T024743Z-6e742d25,baseline,A,24,24,1.7296721000238904,19.62664794921875,24.68931770324707,test_kl,-5.06266975402832
shapley-20260606T024743Z-6e742d25,baseline,A,25,25,1.7900345000234663,22.16131401062012,23.510478973388672,test_kl,-1.3491649627685511
shapley-20260606T024743Z-6e742d25,baseline,A,26,26,1.851698700022098,25.699721336364743,20.29119205474853,test_kl,5.408529281616211
shapley-20260606T024743Z-6e742d25,baseline,A,27,27,1.9172233000208507,22.176403999328613,22.74706745147705,test_kl,-0.5706634521484375
shapley-20260606T024743Z-6e742d25,baseline,A,28,28,1.9796340000211785,19.42092990875244,20.586191177368164,test_kl,-1.1652612686157227
shapley-20260606T024743Z-6e742d25,baseline,A,29,29,2.041758400020626,22.31608009338379,18.040197372436523,test_kl,4.275882720947266
shapley-20260606T024743Z-6e742d25,baseline,A,30,30,2.1015386000217404,20.716898918151852,20.81220531463623,test_kl,-0.09530639648437855
shapley-20260606T024743Z-6e742d25,baseline,A,31,31,2.16355210002439,17.89508056640625,18.27263832092285,test_kl,-0.37755775451660156
shapley-20260606T024743Z-6e742d25,baseline,A,32,32,2.223176700023032,20.21179485321045,17.80915355682373,test_kl,2.4026412963867188
shapley-20260606T024743Z-6e742d25,baseline,A,33,33,2.28477020002174,18.47517204284668,18.004419326782227,test_kl,0.4707527160644531
shapley-20260606T024743Z-6e742d25,baseline,A,34,34,2.3448687000200152,16.700912475585938,16.759716987609863,test_kl,-0.05880451202392578
shapley-20260606T024743Z-6e742d25,baseline,A,35,35,2.4064524000204983,18.40196228027344,17.267457962036133,test_kl,1.1345043182373082
shapley-20260606T024743Z-6e742d25,baseline,A,36,36,2.4688892000194755,16.68644618988037,16.596171379089355,test_kl,0.09027481079101562
shapley-20260606T024743Z-6e742d25,baseline,A,37,37,2.530147100020258,16.119206428527832,15.636212825775146,test_kl,0.48299360275268555
shapley-20260606T024743Z-6e742d25,baseline,A,38,38,2.593360400020174,16.149428367614746,14.477217197418211,test_kl,1.672211170196535
shapley-20260606T024743Z-6e742d25,baseline,A,39,39,2.652481800021633,15.26337957382202,15.5465350151062,test_kl,-0.2831554412841797
shapley-20260606T024743Z-6e742d25,baseline,A,40,40,2.7151481000219064,14.561771869659424,14.387779235839844,test_kl,0.17399263381958008
shapley-20260606T024743Z-6e742d25,baseline,A,41,41,2.774953300024208,14.074809074401855,14.200107097625732,test_kl,-0.12529802322387695
shapley-20260606T024743Z-6e742d25,baseline,A,42,42,2.835011700022733,13.991177082061768,14.231828689575195,test_kl,-0.24065160751342773
shapley-20260606T024743Z-6e742d25,baseline,A,43,43,2.8963547000239487,13.47790813446045,13.71316146850586,test_kl,-0.23525333404541016
shapley-20260606T024743Z-6e742d25,baseline,A,44,44,2.9576512000239745,13.32419776916504,13.39897918701172,test_kl,-0.07478141784667969
shapley-20260606T024743Z-6e742d25,baseline,A,45,45,3.0190539000250283,12.76374626159668,12.943448543548584,test_kl,-0.1797022819519043
shapley-20260606T024743Z-6e742d25,baseline,A,46,46,3.078818300025887,13.316112995147703,13.43105173110962,test_kl,-0.11493873596191584
shapley-20260606T024743Z-6e742d25,baseline,A,47,47,3.1396791000261146,13.070411205291748,12.712404251098633,test_kl,0.35800695419311523
shapley-20260606T024743Z-6e742d25,baseline,A,48,48,3.200713000027463,12.790868759155272,12.449610233306885,test_kl,0.3412585258483869
shapley-20260606T024743Z-6e742d25,baseline,A,49,49,3.259603500024241,12.679751873016356,11.680092811584473,test_kl,0.999659061431883
shapley-20260606T024743Z-6e742d25,baseline,A,50,50,3.328492300024664,11.781120777130129,12.540584087371826,test_kl,-0.7594633102416974
shapley-20260606T024743Z-6e742d25,baseline,A,51,51,3.396729000021878,11.388988494873049,11.763347148895264,test_kl,-0.374358654022215
shapley-20260606T024743Z-6e742d25,baseline,A,52,52,3.45571920002476,11.476689338684082,11.33750343322754,test_kl,0.1391859054565412
shapley-20260606T024743Z-6e742d25,baseline,A,53,53,3.516808000025776,11.034568786621094,11.740192413330078,test_kl,-0.7056236267089844
shapley-20260606T024743Z-6e742d25,baseline,A,54,54,3.5759575000265613,11.758793830871582,11.481430053710938,test_kl,0.27736377716064453
shapley-20260606T024743Z-6e742d25,baseline,A,55,55,3.6381913000259374,10.915472507476808,10.703054904937744,test_kl,0.21241760253906428
shapley-20260606T024743Z-6e742d25,baseline,A,56,56,3.6990231000272615,10.862872123718262,10.81939697265625,test_kl,0.04347515106201172
shapley-20260606T024743Z-6e742d25,baseline,A,57,57,3.762040800025716,10.588157176971436,10.324995040893556,test_kl,0.2631621360778791
shapley-20260606T024743Z-6e742d25,baseline,A,58,58,3.834994200024085,10.5011944770813,10.705246448516846,test_kl,-0.2040519714355451
shapley-20260606T024743Z-6e742d25,baseline,A,59,59,3.895304700025008,10.393681049346924,10.094972133636476,test_kl,0.29870891571044744
shapley-20260606T024743Z-6e742d25,baseline,A,60,60,3.954853900024318,10.08291721343994,10.026392936706545,test_kl,0.056524276733394885
shapley-20260606T024743Z-6e742d25,baseline,A,61,61,4.017408900024748,10.237416744232178,9.85832452774048,test_kl,0.37909221649169744
shapley-20260606T024743Z-6e742d25,baseline,A,62,62,4.081454800027132,9.934457302093506,9.681431293487549,test_kl,0.25302600860595703
shapley-20260606T024743Z-6e742d25,baseline,A,63,63,4.140222100028041,9.564947605133057,9.421253204345703,test_kl,0.14369440078735352
shapley-20260606T024743Z-6e742d25,baseline,A,64,64,4.198612000029243,10.127651691436768,9.400336742401125,test_kl,0.7273149490356428
shapley-20260606T024743Z-6e742d25,baseline,A,65,65,4.26302970002871,9.644974708557127,9.853530883789062,test_kl,-0.20855617523193537
shapley-20260606T024743Z-6e742d25,baseline,A,66,66,4.325100600028236,9.374828815460203,9.681474208831789,test_kl,-0.3066453933715856
shapley-20260606T024743Z-6e742d25,baseline,A,67,67,4.386224500027311,9.154643058776855,9.57115650177002,test_kl,-0.41651344299316406
shapley-20260606T024743Z-6e742d25,baseline,A,68,68,4.447611700026755,8.959733963012695,8.852692127227783,test_kl,0.10704183578491211
shapley-20260606T024743Z-6e742d25,baseline,A,69,69,4.508441800029686,9.37203073501587,8.564107894897461,test_kl,0.8079228401184082
shapley-20260606T024743Z-6e742d25,baseline,A,70,70,4.572945300027641,8.813473224639893,8.414712905883789,test_kl,0.3987603187561035
shapley-20260606T024743Z-6e742d25,baseline,A,71,71,4.6369579000274825,8.877262592315674,8.573143005371094,test_kl,0.3041195869445801
shapley-20260606T024743Z-6e742d25,baseline,A,72,72,4.6992406000281335,8.250961780548096,8.361379623413086,test_kl,-0.11041784286499023
shapley-20260606T024743Z-6e742d25,baseline,A,73,73,4.761258000027738,8.269492149353027,8.420501708984375,test_kl,-0.15100955963134766
shapley-20260606T024743Z-6e742d25,baseline,A,74,74,4.821123700025055,8.9372878074646,8.331495761871338,test_kl,0.6057920455932617
shapley-20260606T024743Z-6e742d25,baseline,A,75,75,4.883009300025151,7.676811695098877,8.320267677307129,test_kl,-0.643455982208252
shapley-20260606T024743Z-6e742d25,baseline,A,76,76,4.947171100026026,8.238337516784668,8.344430923461914,test_kl,-0.1060934066772461
shapley-20260606T024743Z-6e742d25,baseline,A,77,77,5.007247800025652,8.470452308654785,8.37340497970581,test_kl,0.09704732894897461
shapley-20260606T024743Z-6e742d25,baseline,A,78,78,5.066451700025937,8.769421100616455,7.65935754776001,test_kl,1.1100635528564453
shapley-20260606T024743Z-6e742d25,baseline,A,79,79,5.126995600025111,8.273176193237305,7.446887731552124,test_kl,0.8262884616851807
shapley-20260606T024743Z-6e742d25,baseline,A,80,80,5.191990700026508,7.991464614868164,8.000012636184692,test_kl,-0.00854802131652832
shapley-20260606T024743Z-6e742d25,baseline,A,81,81,5.257695100026467,7.379453182220459,7.42254376411438,test_kl,-0.0430905818939209
shapley-20260606T024743Z-6e742d25,baseline,A,82,82,5.320017200025177,7.62109375,8.048587560653687,test_kl,-0.4274938106536865
shapley-20260606T024743Z-6e742d25,baseline,A,83,83,5.378717600025993,7.92564845085144,7.674906015396118,test_kl,0.25074243545532227
shapley-20260606T024743Z-6e742d25,baseline,A,84,84,5.43755520002378,7.404442548751831,7.157602548599243,test_kl,0.2468400001525879
shapley-20260606T024743Z-6e742d25,baseline,A,85,85,5.49748460002229,7.518285036087036,7.373974084854126,test_kl,0.14431095123291016
shapley-20260606T024743Z-6e742d25,baseline,A,86,86,5.556934000022011,7.553489923477173,7.311528444290161,test_kl,0.24196147918701172
shapley-20260606T024743Z-6e742d25,baseline,A,87,87,5.617907900021237,7.073441505432129,7.240949153900146,test_kl,-0.1675076484680167
shapley-20260606T024743Z-6e742d25,baseline,A,88,88,5.676369300021179,7.349707841873169,7.3364057540893555,test_kl,0.013302087783813477
shapley-20260606T024743Z-6e742d25,baseline,A,89,89,5.735050900020724,7.38723349571228,7.169971942901611,test_kl,0.21726155281066895
shapley-20260606T024743Z-6e742d25,baseline,A,90,90,5.803473800020583,7.306423664093018,6.835226058959961,test_kl,0.47119760513305664
shapley-20260606T024743Z-6e742d25,baseline,A,91,91,5.867247400019551,7.216105461120605,6.592607736587524,test_kl,0.6234977245330802
shapley-20260606T024743Z-6e742d25,baseline,A,92,92,5.929635900021822,7.013708591461182,6.836078882217407,test_kl,0.17762970924377441
shapley-20260606T024743Z-6e742d25,baseline,A,93,93,5.99552560002121,7.146150827407837,6.673105955123901,test_kl,0.47304487228393555
shapley-20260606T024743Z-6e742d25,baseline,A,94,94,6.059230900020339,6.847558975219727,6.58501410484314,test_kl,0.2625448703765869
shapley-20260606T024743Z-6e742d25,baseline,A,95,95,6.130341700023564,6.4417150020599365,6.58403205871582,test_kl,-0.1423170566558838
shapley-20260606T024743Z-6e742d25,baseline,A,96,96,6.197785300024407,7.012144565582275,6.913311958312988,test_kl,0.09883260726928711
shapley-20260606T024743Z-6e742d25,baseline,A,97,97,6.264503700022033,7.0957770347595215,6.622976779937744,test_kl,0.47280025482177734
shapley-20260606T024743Z-6e742d25,baseline,A,98,98,6.334434500022326,6.23514723777771,6.164563894271851,test_kl,0.07058334350585938
shapley-20260606T024743Z-6e742d25,baseline,A,99,99,6.407675500024197,6.281561374664307,6.209997653961182,test_kl,0.071563720703125
shapley-20260606T024743Z-6e742d25,baseline,A,100,100,6.473352500026522,7.069855690002441,6.7258734703063965,test_kl,0.3439822196960449
shapley-20260606T024743Z-6e742d25,baseline,A,101,101,6.537096500025655,6.496010780334473,6.329730272293091,test_kl,0.16628050804138184
shapley-20260606T024743Z-6e742d25,baseline,A,102,102,6.601189900025929,6.415326356887817,6.157889127731323,test_kl,0.25743722915649414
shapley-20260606T024743Z-6e742d25,baseline,A,103,103,6.663697300024069,5.92629861831665,5.946280479431152,test_kl,-0.019981861114501953
shapley-20260606T024743Z-6e742d25,baseline,A,104,104,6.726563100026397,6.4836907386779785,6.288583040237427,test_kl,0.19510769844055176
shapley-20260606T024743Z-6e742d25,baseline,A,105,105,6.7919403000269085,5.995218515396118,6.084396362304688,test_kl,-0.08917784690857022
shapley-20260606T024743Z-6e742d25,baseline,A,106,106,6.858497800028999,5.905740737915039,5.913999080657959,test_kl,-0.008258342742919922
shapley-20260606T024743Z-6e742d25,baseline,A,107,107,6.922665800026152,6.169943809509277,5.657867670059204,test_kl,0.5120761394500732
shapley-20260606T024743Z-6e742d25,baseline,A,108,108,6.987024400026712,5.877074241638184,5.949174404144287,test_kl,-0.07210016250610352
shapley-20260606T024743Z-6e742d25,baseline,A,109,109,7.057214700027544,6.058023452758789,5.9828197956085205,test_kl,0.07520365715026855
shapley-20260606T024743Z-6e742d25,baseline,A,110,110,7.126550800028781,5.920877695083618,5.536214351654053,test_kl,0.38466334342956543
shapley-20260606T024743Z-6e742d25,baseline,A,111,111,7.19403360002616,5.920246124267578,5.657215356826782,test_kl,0.2630307674407959
shapley-20260606T024743Z-6e742d25,baseline,A,112,112,7.262426200024493,6.029504299163818,5.275181293487549,test_kl,0.7543230056762695
shapley-20260606T024743Z-6e742d25,baseline,A,113,113,7.333539700026449,5.692291498184204,6.059251546859741,test_kl,-0.3669600486755371
shapley-20260606T024743Z-6e742d25,baseline,A,114,114,7.405188700027793,5.938662528991699,5.425984144210815,test_kl,0.5126783847808838
shapley-20260606T024743Z-6e742d25,baseline,A,115,115,7.471890500026348,5.493471145629883,5.418138742446899,test_kl,0.0753324031829834
shapley-20260606T024743Z-6e742d25,baseline,A,116,116,7.540249600027892,5.563757658004761,5.640109062194824,test_kl,-0.07635140419006348
shapley-20260606T024743Z-6e742d25,baseline,A,117,117,7.61116760002551,5.682921409606934,5.383246898651123,test_kl,0.29967451095581055
shapley-20260606T024743Z-6e742d25,baseline,A,118,118,7.675849200026278,5.543619871139526,5.477040767669678,test_kl,0.06657910346984863
shapley-20260606T024743Z-6e742d25,baseline,A,119,119,7.738762000026327,5.296167135238648,5.143573522567749,test_kl,0.15259361267089933
shapley-20260606T024743Z-6e742d25,baseline,A,120,120,7.800978500024939,5.395350217819214,5.477579832077026,test_kl,-0.0822296142578125
shapley-20260606T024743Z-6e742d25,baseline,A,121,121,7.862952800027415,5.570788621902466,5.416137456893921,test_kl,0.15465116500854492
shapley-20260606T024743Z-6e742d25,baseline,A,122,122,7.92524210002739,4.991865158081055,4.930724143981934,test_kl,0.061141014099121094
shapley-20260606T024743Z-6e742d25,baseline,A,123,123,7.995472700025857,5.12303614616394,4.872066974639893,test_kl,0.25096917152404785
shapley-20260606T024743Z-6e742d25,baseline,A,124,124,8.057983100025012,5.073897361755371,5.078968048095703,test_kl,-0.005070686340332031
shapley-20260606T024743Z-6e742d25,baseline,A,125,125,8.121768500022881,4.954254150390625,4.96102237701416,test_kl,-0.006768226623535156
shapley-20260606T024743Z-6e742d25,baseline,A,126,126,8.185048600022128,5.264901638031006,4.873844861984253,test_kl,0.39105677604675293
shapley-20260606T024743Z-6e742d25,baseline,A,127,127,8.25301010001931,4.796521663665772,5.207814693450928,test_kl,-0.41129302978515536
shapley-20260606T024743Z-6e742d25,baseline,A,128,128,8.320560800020758,5.0121910572052,4.791301965713501,test_kl,0.22088909149169922
shapley-20260606T024743Z-6e742d25,baseline,A,129,129,8.385677400019631,5.046603679656982,5.337705850601196,test_kl,-0.29110217094421387
shapley-20260606T024743Z-6e742d25,baseline,A,130,130,8.45106780001879,4.915805816650391,4.8348469734191895,test_kl,0.08095884323120117
shapley-20260606T024743Z-6e742d25,baseline,A,131,131,8.519113000020297,4.950199842453003,5.15412974357605,test_kl,-0.20392990112304688
shapley-20260606T024743Z-6e742d25,baseline,A,132,132,8.583150200021919,4.920842409133911,4.708556175231934,test_kl,0.21228623390197754
shapley-20260606T024743Z-6e742d25,baseline,A,133,133,8.646325800022169,5.229903697967529,5.286828994750977,test_kl,-0.056925296783447266
shapley-20260606T024743Z-6e742d25,baseline,A,134,134,8.719477200022084,4.917729616165161,4.620610952377319,test_kl,0.2971186637878418
shapley-20260606T024743Z-6e742d25,baseline,A,135,135,8.785629000023619,4.932082653045654,5.127718448638916,test_kl,-0.19563579559326172
shapley-20260606T024743Z-6e742d25,baseline,A,136,136,8.854094600021199,5.051867246627808,4.889018058776856,test_kl,0.16284918785095126
shapley-20260606T024743Z-6e742d25,baseline,A,137,137,8.921955100024206,5.066027641296387,5.009335517883301,test_kl,0.05669212341308594
shapley-20260606T024743Z-6e742d25,baseline,A,138,138,8.991033600021183,4.8084635734558105,5.11178994178772,test_kl,-0.3033263683319092
shapley-20260606T024743Z-6e742d25,baseline,A,139,139,9.063727100019603,5.256567716598511,4.915338516235352,test_kl,0.3412292003631592
shapley-20260606T024743Z-6e742d25,baseline,A,140,140,9.143064100022457,5.165635347366333,5.0831139087677,test_kl,0.08252143859863281
shapley-20260606T024743Z-6e742d25,baseline,A,141,141,9.22049870002229,4.8604114055633545,4.998117446899414,test_kl,-0.13770604133605957
shapley-20260606T024743Z-6e742d25,baseline,A,142,142,9.2896037000246,5.057698488235474,5.011496305465698,test_kl,0.04620218276977539
shapley-20260606T024743Z-6e742d25,baseline,A,143,143,9.357618500027456,4.939915418624878,4.906060457229614,test_kl,0.03385496139526367
shapley-20260606T024743Z-6e742d25,baseline,A,144,144,9.422660200027169,4.962857484817505,4.93266224861145,test_kl,0.030195236206054688
shapley-20260606T024743Z-6e742d25,baseline,A,145,145,9.490542000028654,4.984879732131958,5.067373037338257,test_kl,-0.08249330520629883
shapley-20260606T024743Z-6e742d25,baseline,A,146,146,9.560091800027294,4.973060369491577,4.950625896453857,test_kl,0.022434473037719727
shapley-20260606T024743Z-6e742d25,baseline,A,147,147,9.630298200027028,5.086826801300049,4.938234090805054,test_kl,0.14859271049499512
shapley-20260606T024743Z-6e742d25,baseline,A,148,148,9.699077900026168,4.959579706192017,5.064431667327881,test_kl,-0.10485196113586426
shapley-20260606T024743Z-6e742d25,baseline,A,149,149,9.767922100025316,4.994490623474121,4.979223728179932,test_kl,0.015266895294189453
shapley-20260606T024743Z-6e742d25,baseline,A,150,150,9.834456000025966,4.959572792053223,5.099925756454468,test_kl,-0.14035296440124512
shapley-20260606T024743Z-6e742d25,baseline,A,151,151,9.901366500027509,4.976081371307373,4.969654321670532,test_kl,0.00642704963684082
shapley-20260606T024743Z-6e742d25,baseline,A,152,152,9.973701600029017,5.061970233917236,4.991300106048584,test_kl,0.07067012786865234
shapley-20260606T024743Z-6e742d25,baseline,A,153,153,10.040877900028136,5.090088129043579,5.020464897155762,test_kl,0.06962323188781738
shapley-20260606T024743Z-6e742d25,baseline,A,154,154,10.108078600027511,5.0396647453308105,4.970671653747559,test_kl,0.06899309158325195
shapley-20260606T024743Z-6e742d25,baseline,A,155,155,10.171104900025966,5.021449327468872,5.12854528427124,test_kl,-0.10709595680236816
shapley-20260606T024743Z-6e742d25,baseline,A,156,156,10.23767000002772,5.066756963729858,5.035590887069702,test_kl,0.03116607666015625
shapley-20260606T024743Z-6e742d25,baseline,A,157,157,10.300522500027,5.021265268325806,4.81423282623291,test_kl,0.2070324420928955
shapley-20260606T024743Z-6e742d25,baseline,A,158,158,10.365836800025136,4.879904747009277,4.975808382034302,test_kl,-0.09590363502502441
shapley-20260606T024743Z-6e742d25,baseline,A,159,159,10.431666800024686,4.864157676696777,5.154846906661987,test_kl,-0.29068922996520996
shapley-20260606T024743Z-6e742d25,baseline,A,160,160,10.49789060002513,4.984454393386841,5.005410194396973,test_kl,-0.020955801010131836
shapley-20260606T024743Z-6e742d25,baseline,A,161,161,10.566576700024598,5.044839143753052,5.055024862289429,test_kl,-0.010185718536376953
shapley-20260606T024743Z-6e742d25,baseline,A,162,162,10.630999100023471,5.082189083099365,4.947431802749634,test_kl,0.13475728034973145
shapley-20260606T024743Z-6e742d25,baseline,A,163,163,10.696170800023538,5.051617860794067,4.810160398483276,test_kl,0.24145746231079102
shapley-20260606T024743Z-6e742d25,baseline,A,164,164,10.761266900022749,4.998968124389648,4.984359264373779,test_kl,0.01460886001586914
shapley-20260606T024743Z-6e742d25,baseline,A,165,165,10.836419200022648,4.965500593185425,5.142326831817627,test_kl,-0.17682623863220215
shapley-20260606T024743Z-6e742d25,baseline,A,166,166,10.902443500021036,4.969978332519531,5.0405707359313965,test_kl,-0.07059240341186523
shapley-20260606T024743Z-6e742d25,baseline,A,167,167,10.966823000020668,4.969839334487915,4.9719319343566895,test_kl,-0.002092599868774414
shapley-20260606T024743Z-6e742d25,baseline,A,168,168,11.032620600020891,4.980145692825317,5.006953954696655,test_kl,-0.02680826187133789
shapley-20260606T024743Z-6e742d25,baseline,A,169,169,11.100477100018908,4.957372188568115,5.011337041854858,test_kl,-0.053964853286743164
shapley-20260606T024743Z-6e742d25,baseline,A,170,170,11.164559400018334,4.943643808364868,5.002717733383179,test_kl,-0.05907392501831055
shapley-20260606T024743Z-6e742d25,baseline,A,171,171,11.237841600021056,4.956747770309448,4.9739766120910645,test_kl,-0.01722884178161621
shapley-20260606T024743Z-6e742d25,baseline,A,172,172,11.31065320002017,4.957440614700317,5.010603189468384,test_kl,-0.053162574768066406
shapley-20260606T024743Z-6e742d25,baseline,A,173,173,11.379886100021396,4.958632230758667,4.998643159866333,test_kl,-0.040010929107666016
shapley-20260606T024743Z-6e742d25,baseline,A,174,174,11.442759300018224,4.968186616897583,4.987008571624756,test_kl,-0.01882195472717285
shapley-20260606T024743Z-6e742d25,baseline,A,175,175,11.504579400017974,4.983592748641968,4.954613924026489,test_kl,0.028978824615478516
shapley-20260606T024743Z-6e742d25,baseline,A,176,176,11.566863700016256,4.989227533340454,4.933329343795776,test_kl,0.055898189544677734
shapley-20260606T024743Z-6e742d25,baseline,A,177,177,11.629560900018989,5.004129409790039,5.010962247848511,test_kl,-0.00683283805847168
shapley-20260606T024743Z-6e742d25,baseline,A,178,178,11.694667300020228,5.01764726638794,5.058850288391113,test_kl,-0.04120302200317294
shapley-20260606T024743Z-6e742d25,baseline,A,179,179,11.758566400021664,5.0329430103302,5.04009747505188,test_kl,-0.0071544647216796875
shapley-20260606T024743Z-6e742d25,baseline,A,180,180,11.824706300023536,5.0542521476745605,4.993711709976196,test_kl,0.06054043769836426
shapley-20260606T024743Z-6e742d25,baseline,A,181,181,11.890357200023573,5.055165767669678,5.006462812423706,test_kl,0.04870295524597168
shapley-20260606T024743Z-6e742d25,baseline,A,182,182,11.952924100023663,5.056854009628296,5.001683712005615,test_kl,0.055170297622680664
shapley-20260606T024743Z-6e742d25,baseline,A,183,183,12.017895300024977,5.052602767944336,4.969348907470703,test_kl,0.08325386047363281
shapley-20260606T024743Z-6e742d25,baseline,A,184,184,12.08104080002522,5.03768801689148,5.007569789886475,test_kl,0.03011822700500577
shapley-20260606T024743Z-6e742d25,baseline,A,185,185,12.143672900027012,5.022725343704224,5.041546583175659,test_kl,-0.018821239471435547
shapley-20260606T024743Z-6e742d25,baseline,A,186,186,12.209146100027285,5.013982057571411,5.060416221618652,test_kl,-0.04643416404724121
shapley-20260606T024743Z-6e742d25,baseline,A,187,187,12.275066300026085,5.004584312438965,5.010977506637573,test_kl,-0.0063931941986083984
shapley-20260606T024743Z-6e742d25,baseline,A,188,188,12.349743000027956,4.992619037628174,4.942542314529419,test_kl,0.05007672309875488
shapley-20260606T024743Z-6e742d25,baseline,A,189,189,12.41595400002916,4.975329399108887,4.93891453742981,test_kl,0.03641486167907715
shapley-20260606T024743Z-6e742d25,baseline,A,190,190,12.483333500029405,4.970418691635132,5.045359373092651,test_kl,-0.07494068145751953
shapley-20260606T024743Z-6e742d25,baseline,A,191,191,12.545694700031165,4.97952675819397,5.117823600769043,test_kl,-0.13829684257507324
shapley-20260606T024743Z-6e742d25,baseline,A,192,192,12.611470900032144,4.984933376312256,5.0641725063323975,test_kl,-0.0792391300201416
shapley-20260606T024743Z-6e742d25,baseline,A,193,193,12.676857900030882,4.9923317432403564,4.98712968826294,test_kl,0.005202054977416104
shapley-20260606T024743Z-6e742d25,baseline,A,194,194,12.74454380003226,5.00377893447876,4.927408456802368,test_kl,0.0763704776763916
shapley-20260606T024743Z-6e742d25,baseline,A,195,195,12.807235300031609,5.016051530838013,4.908822059631348,test_kl,0.10722947120666504
shapley-20260606T024743Z-6e742d25,baseline,A,196,196,12.87465690002864,5.022078514099121,4.938268661499023,test_kl,0.08380985260009766
shapley-20260606T024743Z-6e742d25,baseline,A,197,197,12.940499300028025,5.026355743408203,4.969390630722046,test_kl,0.05696511268615723
shapley-20260606T024743Z-6e742d25,baseline,A,198,198,13.00424360002944,5.025259971618652,5.0089921951293945,test_kl,0.016267776489257812
shapley-20260606T024743Z-6e742d25,baseline,A,199,199,13.069033900028444,5.022213935852051,5.037001609802246,test_kl,-0.014787673950195312
shapley-20260606T024807Z-7a0d37e1,marginal,A,0,0,0.2490304999992076,29.156542778015137,22.113808631896973,test_kl,7.042734146118164
shapley-20260606T024807Z-7a0d37e1,marginal,A,1,1,0.3135969999966619,42.93635749816895,43.21718215942383,test_kl,-0.2808246612548757
shapley-20260606T024807Z-7a0d37e1,marginal,A,2,2,0.3722556999964581,55.20019721984863,47.12140083312988,test_kl,8.07879638671875
shapley-20260606T024807Z-7a0d37e1,marginal,A,3,3,0.4320292999982484,62.65132522583008,52.71994018554688,test_kl,9.931385040283196
shapley-20260606T024807Z-7a0d37e1,marginal,A,4,4,0.4929391000005125,65.73571014404297,58.47116470336914,test_kl,7.264545440673828
shapley-20260606T024807Z-7a0d37e1,marginal,A,5,5,0.5558032999979332,66.55516815185547,62.55760765075684,test_kl,3.9975605010986257
shapley-20260606T024807Z-7a0d37e1,marginal,A,6,6,0.6213091999961762,68.07373428344727,63.58054161071777,test_kl,4.493192672729492
shapley-20260606T024807Z-7a0d37e1,marginal,A,7,7,0.6830723999955808,70.99980926513672,65.12972640991211,test_kl,5.870082855224609
shapley-20260606T024807Z-7a0d37e1,marginal,A,8,8,0.745315699994535,73.1861457824707,68.52974700927734,test_kl,4.656398773193359
shapley-20260606T024807Z-7a0d37e1,marginal,A,9,9,0.8047585999956937,76.10020446777344,71.80135726928711,test_kl,4.298847198486328
shapley-20260606T024807Z-7a0d37e1,marginal,A,10,10,0.865506699992693,79.46743392944336,75.36442565917969,test_kl,4.103008270263672
shapley-20260606T024807Z-7a0d37e1,marginal,A,11,11,0.9321565999925951,49.069091796875,48.578840255737305,test_kl,0.4902515411376953
shapley-20260606T024807Z-7a0d37e1,marginal,A,12,12,0.9969462999943062,26.71526527404785,25.38333320617676,test_kl,1.3319320678710902
shapley-20260606T024807Z-7a0d37e1,marginal,A,13,13,1.0612591999924916,37.51340293884277,34.20315742492676,test_kl,3.3102455139160156
shapley-20260606T024807Z-7a0d37e1,marginal,A,14,14,1.1199233999941498,48.28089141845703,46.86288833618164,test_kl,1.4180030822753906
shapley-20260606T024807Z-7a0d37e1,marginal,A,15,15,1.1806047999962177,42.921382904052734,43.308223724365234,test_kl,-0.3868408203125
shapley-20260606T024807Z-7a0d37e1,marginal,A,16,16,1.2416990999990958,27.071760177612305,27.41233921051025,test_kl,-0.34057903289794567
shapley-20260606T024807Z-7a0d37e1,marginal,A,17,17,1.3040724999991653,27.27035617828369,26.801772117614743,test_kl,0.46858406066894887
shapley-20260606T024807Z-7a0d37e1,marginal,A,18,18,1.365901599998324,40.08856773376465,38.15931701660156,test_kl,1.929250717163086
shapley-20260606T024807Z-7a0d37e1,marginal,A,19,19,1.4281894999985525,40.26205253601074,38.81142807006836,test_kl,1.4506244659423828
shapley-20260606T024807Z-7a0d37e1,marginal,A,20,20,1.487673999996332,27.720592498779297,27.175698280334476,test_kl,0.5448942184448207
shapley-20260606T024807Z-7a0d37e1,marginal,A,21,21,1.5466592999946442,21.01344490051269,26.79227352142334,test_kl,-5.778828620910648
shapley-20260606T024807Z-7a0d37e1,marginal,A,22,22,1.6055814999926952,27.241878509521484,27.55046558380127,test_kl,-0.30858707427978516
shapley-20260606T024807Z-7a0d37e1,marginal,A,23,23,1.6691878999918115,25.172828674316406,22.892952919006348,test_kl,2.2798757553100586
shapley-20260606T024807Z-7a0d37e1,marginal,A,24,24,1.7354859999941257,19.501036643981934,24.68931770324707,test_kl,-5.188281059265137
shapley-20260606T024807Z-7a0d37e1,marginal,A,25,25,1.7970524999946065,22.64123916625977,23.510478973388672,test_kl,-0.8692398071289027
shapley-20260606T024807Z-7a0d37e1,marginal,A,26,26,1.8575334999950428,21.658263206481934,20.29119205474853,test_kl,1.367071151733402
shapley-20260606T024807Z-7a0d37e1,marginal,A,27,27,1.9163106999949375,18.02043914794922,22.74706745147705,test_kl,-4.726628303527832
shapley-20260606T024807Z-7a0d37e1,marginal,A,28,28,1.978653699996357,20.432018280029297,20.586191177368164,test_kl,-0.1541728973388672
shapley-20260606T024807Z-7a0d37e1,marginal,A,29,29,2.0411395999981323,19.34089946746826,18.040197372436523,test_kl,1.3007020950317383
shapley-20260606T024807Z-7a0d37e1,marginal,A,30,30,2.099699899998086,19.283595085144043,20.81220531463623,test_kl,-1.5286102294921875
shapley-20260606T024807Z-7a0d37e1,marginal,A,31,31,2.1619070999986434,18.343636512756348,18.27263832092285,test_kl,0.0709981918334961
shapley-20260606T024807Z-7a0d37e1,marginal,A,32,32,2.2269490999970003,17.48799991607666,17.80915355682373,test_kl,-0.3211536407470703
shapley-20260606T024807Z-7a0d37e1,marginal,A,33,33,2.2939033999973617,19.253830909729004,18.004419326782227,test_kl,1.2494115829467773
shapley-20260606T024807Z-7a0d37e1,marginal,A,34,34,2.356240599998273,17.77171802520752,16.759716987609863,test_kl,1.0120010375976562
shapley-20260606T024807Z-7a0d37e1,marginal,A,35,35,2.42130779999934,17.019914627075195,17.267457962036133,test_kl,-0.2475433349609375
shapley-20260606T024807Z-7a0d37e1,marginal,A,36,36,2.4861340999996173,16.795592308044434,16.596171379089355,test_kl,0.19942092895507812
shapley-20260606T024807Z-7a0d37e1,marginal,A,37,37,2.546917499999836,15.627047538757324,15.636212825775146,test_kl,-0.009165287017822266
shapley-20260606T024807Z-7a0d37e1,marginal,A,38,38,2.6146269000018947,15.281229496002195,14.477217197418211,test_kl,0.8040122985839844
shapley-20260606T024807Z-7a0d37e1,marginal,A,39,39,2.6808375000000524,14.36541509628296,15.5465350151062,test_kl,-1.1811199188232386
shapley-20260606T024807Z-7a0d37e1,marginal,A,40,40,2.7426132000000507,15.104886054992676,14.387779235839844,test_kl,0.717106819152832
shapley-20260606T024807Z-7a0d37e1,marginal,A,41,41,2.810460599997896,14.29770851135254,14.200107097625732,test_kl,0.09760141372680842
shapley-20260606T024807Z-7a0d37e1,marginal,A,42,42,2.872433399996225,13.93026876449585,14.231828689575195,test_kl,-0.3015599250793457
shapley-20260606T024807Z-7a0d37e1,marginal,A,43,43,2.933707299995149,14.086766242980955,13.71316146850586,test_kl,0.3736047744750959
shapley-20260606T024807Z-7a0d37e1,marginal,A,44,44,2.993370599993796,13.365417003631592,13.39897918701172,test_kl,-0.03356218338012873
shapley-20260606T024807Z-7a0d37e1,marginal,A,45,45,3.056453599994711,12.878172874450684,12.943448543548584,test_kl,-0.06527566909790039
shapley-20260606T024807Z-7a0d37e1,marginal,A,46,46,3.115843899995525,13.068830013275146,13.43105173110962,test_kl,-0.36222171783447266
shapley-20260606T024807Z-7a0d37e1,marginal,A,47,47,3.180196199995408,12.477764129638672,12.712404251098633,test_kl,-0.23464012145996094
shapley-20260606T024807Z-7a0d37e1,marginal,A,48,48,3.2426463999945554,12.367635726928713,12.449610233306885,test_kl,-0.08197450637817205
shapley-20260606T024807Z-7a0d37e1,marginal,A,49,49,3.307684199993673,11.989026546478271,11.680092811584473,test_kl,0.30893373489379883
shapley-20260606T024807Z-7a0d37e1,marginal,A,50,50,3.3694549999927403,11.63299322128296,12.540584087371826,test_kl,-0.9075908660888654
shapley-20260606T024807Z-7a0d37e1,marginal,A,51,51,3.431327499991312,11.545305728912354,11.763347148895264,test_kl,-0.21804141998291016
shapley-20260606T024807Z-7a0d37e1,marginal,A,52,52,3.49629639998966,11.351874351501465,11.33750343322754,test_kl,0.014370918273924005
shapley-20260606T024807Z-7a0d37e1,marginal,A,53,53,3.559185099991737,10.912513732910156,11.740192413330078,test_kl,-0.8276786804199219
shapley-20260606T024807Z-7a0d37e1,marginal,A,54,54,3.620060099990951,11.45533800125122,11.481430053710938,test_kl,-0.026092052459716797
shapley-20260606T024807Z-7a0d37e1,marginal,A,55,55,3.679531199992198,10.79701805114746,10.703054904937744,test_kl,0.09396314620971502
shapley-20260606T024807Z-7a0d37e1,marginal,A,56,56,3.7474285999924177,10.781974792480469,10.81939697265625,test_kl,-0.03742218017578125
shapley-20260606T024807Z-7a0d37e1,marginal,A,57,57,3.8098123999916425,10.757761478424072,10.324995040893556,test_kl,0.4327664375305158
shapley-20260606T024807Z-7a0d37e1,marginal,A,58,58,3.8733071999922686,10.56983518600464,10.705246448516846,test_kl,-0.13541126251220525
shapley-20260606T024807Z-7a0d37e1,marginal,A,59,59,3.935762299992348,10.148778438568115,10.094972133636476,test_kl,0.05380630493163885
shapley-20260606T024807Z-7a0d37e1,marginal,A,60,60,3.997231399993325,10.243139743804932,10.026392936706545,test_kl,0.2167468070983869
shapley-20260606T024807Z-7a0d37e1,marginal,A,61,61,4.062820099996316,9.902962684631348,9.85832452774048,test_kl,0.044638156890867364
shapley-20260606T024807Z-7a0d37e1,marginal,A,62,62,4.125040599996282,9.59830617904663,9.681431293487549,test_kl,-0.08312511444091797
shapley-20260606T024807Z-7a0d37e1,marginal,A,63,63,4.18931139999404,9.385759830474854,9.421253204345703,test_kl,-0.03549337387084961
shapley-20260606T024807Z-7a0d37e1,marginal,A,64,64,4.252850499993656,10.404363632202148,9.400336742401125,test_kl,1.0040268898010236
shapley-20260606T024807Z-7a0d37e1,marginal,A,65,65,4.31440539999312,9.539361476898192,9.853530883789062,test_kl,-0.3141694068908709
shapley-20260606T024807Z-7a0d37e1,marginal,A,66,66,4.377515399992262,9.355764865875244,9.681474208831789,test_kl,-0.32570934295654475
shapley-20260606T024807Z-7a0d37e1,marginal,A,67,67,4.437783999990643,9.159208297729492,9.57115650177002,test_kl,-0.41194820404052734
shapley-20260606T024807Z-7a0d37e1,marginal,A,68,68,4.503763399989111,8.910006999969482,8.852692127227783,test_kl,0.05731487274169922
shapley-20260606T024807Z-7a0d37e1,marginal,A,69,69,4.5631014999889885,8.912368297576904,8.564107894897461,test_kl,0.34826040267944336
shapley-20260606T024807Z-7a0d37e1,marginal,A,70,70,4.623337899989565,9.057040691375732,8.414712905883789,test_kl,0.6423277854919434
shapley-20260606T024807Z-7a0d37e1,marginal,A,71,71,4.682340299987118,9.08147144317627,8.573143005371094,test_kl,0.5083284378051758
shapley-20260606T024807Z-7a0d37e1,marginal,A,72,72,4.746016799985227,8.70427942276001,8.361379623413086,test_kl,0.34289979934692383
shapley-20260606T024807Z-7a0d37e1,marginal,A,73,73,4.810454199985543,8.462888717651367,8.420501708984375,test_kl,0.04238700866699219
shapley-20260606T024807Z-7a0d37e1,marginal,A,74,74,4.87760479998542,7.64345645904541,8.331495761871338,test_kl,-0.6880393028259277
shapley-20260606T024807Z-7a0d37e1,marginal,A,75,75,4.939956899983372,8.775366306304932,8.320267677307129,test_kl,0.45509862899780273
shapley-20260606T024807Z-7a0d37e1,marginal,A,76,76,5.005799799982924,8.032291412353516,8.344430923461914,test_kl,-0.31213951110839844
shapley-20260606T024807Z-7a0d37e1,marginal,A,77,77,5.068603899981099,7.88323974609375,8.37340497970581,test_kl,-0.49016523361206055
shapley-20260606T024807Z-7a0d37e1,marginal,A,78,78,5.131141599980765,8.282686233520508,7.65935754776001,test_kl,0.623328685760498
shapley-20260606T024807Z-7a0d37e1,marginal,A,79,79,5.192328299981455,8.59755563735962,7.446887731552124,test_kl,1.1506679058074951
shapley-20260606T024807Z-7a0d37e1,marginal,A,80,80,5.252589399980934,7.652351140975952,8.000012636184692,test_kl,-0.34766149520874023
shapley-20260606T024807Z-7a0d37e1,marginal,A,81,81,5.311421099981089,7.973197221755981,7.42254376411438,test_kl,0.5506534576416007
shapley-20260606T024807Z-7a0d37e1,marginal,A,82,82,5.369744099978561,7.432979345321655,8.048587560653687,test_kl,-0.6156082153320312
shapley-20260606T024807Z-7a0d37e1,marginal,A,83,83,5.429767899979197,8.035340547561646,7.674906015396118,test_kl,0.36043453216552734
shapley-20260606T024807Z-7a0d37e1,marginal,A,84,84,5.488932899977954,7.821422338485718,7.157602548599243,test_kl,0.6638197898864746
shapley-20260606T024807Z-7a0d37e1,marginal,A,85,85,5.548238199979096,7.428134202957153,7.373974084854126,test_kl,0.054160118103027344
shapley-20260606T024807Z-7a0d37e1,marginal,A,86,86,5.6086960999782605,7.346588850021362,7.311528444290161,test_kl,0.03506040573120117
shapley-20260606T024807Z-7a0d37e1,marginal,A,87,87,5.666893499979778,7.596397399902344,7.240949153900146,test_kl,0.35544824600219815
shapley-20260606T024807Z-7a0d37e1,marginal,A,88,88,5.725489499982359,7.095150232315064,7.3364057540893555,test_kl,-0.2412555217742911
shapley-20260606T024807Z-7a0d37e1,marginal,A,89,89,5.784322299983614,6.935406923294067,7.169971942901611,test_kl,-0.23456501960754395
shapley-20260606T024807Z-7a0d37e1,marginal,A,90,90,5.853834699984873,7.163071155548096,6.835226058959961,test_kl,0.32784509658813477
shapley-20260606T024807Z-7a0d37e1,marginal,A,91,91,5.916969999987487,6.805857419967651,6.592607736587524,test_kl,0.21324968338012695
shapley-20260606T024807Z-7a0d37e1,marginal,A,92,92,5.980592999985674,7.241491556167602,6.836078882217407,test_kl,0.4054126739501944
shapley-20260606T024807Z-7a0d37e1,marginal,A,93,93,6.047065099988686,6.960058212280273,6.673105955123901,test_kl,0.28695225715637207
shapley-20260606T024807Z-7a0d37e1,marginal,A,94,94,6.109333799988235,6.750347852706909,6.58501410484314,test_kl,0.16533374786376953
shapley-20260606T024807Z-7a0d37e1,marginal,A,95,95,6.175344199989922,7.097387313842773,6.58403205871582,test_kl,0.5133552551269531
shapley-20260606T024807Z-7a0d37e1,marginal,A,96,96,6.241598599986901,6.363579988479614,6.913311958312988,test_kl,-0.549731969833374
shapley-20260606T024807Z-7a0d37e1,marginal,A,97,97,6.303983099987818,6.86965274810791,6.622976779937744,test_kl,0.24667596817016602
shapley-20260606T024807Z-7a0d37e1,marginal,A,98,98,6.366220399988379,6.711806774139404,6.164563894271851,test_kl,0.5472428798675537
shapley-20260606T024807Z-7a0d37e1,marginal,A,99,99,6.430323499986116,6.022626638412476,6.209997653961182,test_kl,-0.18737101554870605
shapley-20260606T024807Z-7a0d37e1,marginal,A,100,100,6.493505599984928,6.483767747879028,6.7258734703063965,test_kl,-0.24210572242736816
shapley-20260606T024807Z-7a0d37e1,marginal,A,101,101,6.5559434999850055,6.61148476600647,6.329730272293091,test_kl,0.2817544937133789
shapley-20260606T024807Z-7a0d37e1,marginal,A,102,102,6.620728899983078,6.265366315841675,6.157889127731323,test_kl,0.10747718811035156
shapley-20260606T024807Z-7a0d37e1,marginal,A,103,103,6.684910199983278,5.986936092376709,5.946280479431152,test_kl,0.04065561294555664
shapley-20260606T024807Z-7a0d37e1,marginal,A,104,104,6.748589499984519,6.712758541107178,6.288583040237427,test_kl,0.424175500869751
shapley-20260606T024807Z-7a0d37e1,marginal,A,105,105,6.811116999986552,6.225581645965576,6.084396362304688,test_kl,0.14118528366088778
shapley-20260606T024807Z-7a0d37e1,marginal,A,106,106,6.877164999987144,5.715228319168091,5.913999080657959,test_kl,-0.19877076148986816
shapley-20260606T024807Z-7a0d37e1,marginal,A,107,107,6.950269799985108,6.220230340957642,5.657867670059204,test_kl,0.5623626708984375
shapley-20260606T024807Z-7a0d37e1,marginal,A,108,108,7.019331699983013,6.102765321731567,5.949174404144287,test_kl,0.15359091758728027
shapley-20260606T024807Z-7a0d37e1,marginal,A,109,109,7.086305099983292,5.899489402770996,5.9828197956085205,test_kl,-0.08333039283752441
shapley-20260606T024807Z-7a0d37e1,marginal,A,110,110,7.150444999981119,5.91847825050354,5.536214351654053,test_kl,0.3822638988494873
shapley-20260606T024807Z-7a0d37e1,marginal,A,111,111,7.21388349998233,5.8178112506866455,5.657215356826782,test_kl,0.16059589385986328
shapley-20260606T024807Z-7a0d37e1,marginal,A,112,112,7.2765093999842065,6.012228012084961,5.275181293487549,test_kl,0.7370467185974121
shapley-20260606T024807Z-7a0d37e1,marginal,A,113,113,7.341588299983414,5.762768983840942,6.059251546859741,test_kl,-0.29648256301879883
shapley-20260606T024807Z-7a0d37e1,marginal,A,114,114,7.405439999984082,5.813626050949097,5.425984144210815,test_kl,0.38764190673828125
shapley-20260606T024807Z-7a0d37e1,marginal,A,115,115,7.467678799985151,5.616694211959839,5.418138742446899,test_kl,0.19855546951293945
shapley-20260606T024807Z-7a0d37e1,marginal,A,116,116,7.531620899982954,6.14953875541687,5.640109062194824,test_kl,0.5094296932220459
shapley-20260606T024807Z-7a0d37e1,marginal,A,117,117,7.598227399983443,5.280552864074707,5.383246898651123,test_kl,-0.10269403457641602
shapley-20260606T024807Z-7a0d37e1,marginal,A,118,118,7.66283149998344,5.720823526382446,5.477040767669678,test_kl,0.24378275871276855
shapley-20260606T024807Z-7a0d37e1,marginal,A,119,119,7.728090399985376,5.724366426467896,5.143573522567749,test_kl,0.5807929039001474
shapley-20260606T024807Z-7a0d37e1,marginal,A,120,120,7.793313699985447,5.313512802124023,5.477579832077026,test_kl,-0.16406702995300293
shapley-20260606T024807Z-7a0d37e1,marginal,A,121,121,7.859233899984247,5.276871919631958,5.416137456893921,test_kl,-0.1392655372619629
shapley-20260606T024807Z-7a0d37e1,marginal,A,122,122,7.927790899982938,5.279065132141113,4.930724143981934,test_kl,0.3483409881591797
shapley-20260606T024807Z-7a0d37e1,marginal,A,123,123,7.994300799982739,5.355492830276489,4.872066974639893,test_kl,0.4834258556365967
shapley-20260606T024807Z-7a0d37e1,marginal,A,124,124,8.064919799980999,4.4585120677948,5.078968048095703,test_kl,-0.6204559803009033
shapley-20260606T024807Z-7a0d37e1,marginal,A,125,125,8.129203299980873,5.09637713432312,4.96102237701416,test_kl,0.13535475730895996
shapley-20260606T024807Z-7a0d37e1,marginal,A,126,126,8.20028629997978,5.37122654914856,4.873844861984253,test_kl,0.49738168716430664
shapley-20260606T024807Z-7a0d37e1,marginal,A,127,127,8.266522399979294,4.681044816970825,5.207814693450928,test_kl,-0.5267698764801025
shapley-20260606T024807Z-7a0d37e1,marginal,A,128,128,8.336920799978543,5.469254493713379,4.791301965713501,test_kl,0.6779525279998779
shapley-20260606T024807Z-7a0d37e1,marginal,A,129,129,8.40606029997798,4.7108540534973145,5.337705850601196,test_kl,-0.6268517971038818
shapley-20260606T024807Z-7a0d37e1,marginal,A,130,130,8.469610599979205,5.126823663711548,4.8348469734191895,test_kl,0.2919766902923584
shapley-20260606T024807Z-7a0d37e1,marginal,A,131,131,8.533485399981146,5.00494384765625,5.15412974357605,test_kl,-0.1491858959197998
shapley-20260606T024807Z-7a0d37e1,marginal,A,132,132,8.598036899980798,4.9770188331604,4.708556175231934,test_kl,0.2684626579284668
shapley-20260606T024807Z-7a0d37e1,marginal,A,133,133,8.664734999980283,4.799428462982178,5.286828994750977,test_kl,-0.48740053176879883
shapley-20260606T024807Z-7a0d37e1,marginal,A,134,134,8.731708899980731,5.124013900756836,4.620610952377319,test_kl,0.5034029483795166
shapley-20260606T024807Z-7a0d37e1,marginal,A,135,135,8.799079399981565,4.765111446380615,5.127718448638916,test_kl,-0.3626070022583008
shapley-20260606T024807Z-7a0d37e1,marginal,A,136,136,8.863184999983787,4.9703590869903564,4.889018058776856,test_kl,0.08134102821350009
shapley-20260606T024807Z-7a0d37e1,marginal,A,137,137,8.928753599982883,5.161325454711914,5.009335517883301,test_kl,0.15198993682861328
shapley-20260606T024807Z-7a0d37e1,marginal,A,138,138,9.00147719998131,4.888956069946289,5.11178994178772,test_kl,-0.22283387184143066
shapley-20260606T024807Z-7a0d37e1,marginal,A,139,139,9.082347799980198,5.220129728317261,4.915338516235352,test_kl,0.3047912120819092
shapley-20260606T024807Z-7a0d37e1,marginal,A,140,140,9.175147499980085,5.012080669403076,5.0831139087677,test_kl,-0.07103323936462402
shapley-20260606T024807Z-7a0d37e1,marginal,A,141,141,9.273638899980142,4.767413854598999,4.998117446899414,test_kl,-0.23070359230041504
shapley-20260606T024807Z-7a0d37e1,marginal,A,142,142,9.363831099977688,5.342316389083862,5.011496305465698,test_kl,0.33082008361816406
shapley-20260606T024807Z-7a0d37e1,marginal,A,143,143,9.43412449997777,4.87777590751648,4.906060457229614,test_kl,-0.028284549713133877
shapley-20260606T024807Z-7a0d37e1,marginal,A,144,144,9.499236799976645,5.009823799133301,4.93266224861145,test_kl,0.07716155052185059
shapley-20260606T024807Z-7a0d37e1,marginal,A,145,145,9.565152399976796,5.056443929672241,5.067373037338257,test_kl,-0.010929107666015625
shapley-20260606T024807Z-7a0d37e1,marginal,A,146,146,9.627197999976488,4.960759878158569,4.950625896453857,test_kl,0.010133981704711914
shapley-20260606T024807Z-7a0d37e1,marginal,A,147,147,9.690402999978687,5.125373363494873,4.938234090805054,test_kl,0.18713927268981934
shapley-20260606T024807Z-7a0d37e1,marginal,A,148,148,9.754096099979506,5.030990362167358,5.064431667327881,test_kl,-0.03344130516052246
shapley-20260606T024807Z-7a0d37e1,marginal,A,149,149,9.819122299981244,4.940208435058594,4.979223728179932,test_kl,-0.03901529312133789
shapley-20260606T024807Z-7a0d37e1,marginal,A,150,150,9.88305709998167,5.049409627914429,5.099925756454468,test_kl,-0.05051612854003906
shapley-20260606T024807Z-7a0d37e1,marginal,A,151,151,9.950269499982824,4.988208293914795,4.969654321670532,test_kl,0.018553972244262695
shapley-20260606T024807Z-7a0d37e1,marginal,A,152,152,10.015776999982336,4.908590078353882,4.991300106048584,test_kl,-0.08271002769470215
shapley-20260606T024807Z-7a0d37e1,marginal,A,153,153,10.077900899981614,5.033836603164673,5.020464897155762,test_kl,0.013371706008911133
shapley-20260606T024807Z-7a0d37e1,marginal,A,154,154,10.14272439997876,4.948211908340454,4.970671653747559,test_kl,-0.022459745407104492
shapley-20260606T024807Z-7a0d37e1,marginal,A,155,155,10.21541989997786,4.913048267364502,5.12854528427124,test_kl,-0.21549701690673828
shapley-20260606T024807Z-7a0d37e1,marginal,A,156,156,10.27980359997673,4.974298477172852,5.035590887069702,test_kl,-0.061292409896850586
shapley-20260606T024807Z-7a0d37e1,marginal,A,157,157,10.342440099975647,5.115350723266602,4.81423282623291,test_kl,0.3011178970336914
shapley-20260606T024807Z-7a0d37e1,marginal,A,158,158,10.405225399976189,5.056260347366333,4.975808382034302,test_kl,0.08045196533203125
shapley-20260606T024807Z-7a0d37e1,marginal,A,159,159,10.468221399976755,4.925699949264526,5.154846906661987,test_kl,-0.22914695739746094
shapley-20260606T024807Z-7a0d37e1,marginal,A,160,160,10.532430899977044,4.925035238265991,5.005410194396973,test_kl,-0.08037495613098145
shapley-20260606T024807Z-7a0d37e1,marginal,A,161,161,10.594586299976072,5.01106333732605,5.055024862289429,test_kl,-0.043961524963378906
shapley-20260606T024807Z-7a0d37e1,marginal,A,162,162,10.659716899976049,5.083507299423218,4.947431802749634,test_kl,0.13607549667358398
shapley-20260606T024807Z-7a0d37e1,marginal,A,163,163,10.725847499976226,5.046401739120483,4.810160398483276,test_kl,0.23624134063720703
shapley-20260606T024807Z-7a0d37e1,marginal,A,164,164,10.793428299977675,5.011499404907227,4.984359264373779,test_kl,0.027140140533447266
shapley-20260606T024807Z-7a0d37e1,marginal,A,165,165,10.85943639998004,4.977201461791992,5.142326831817627,test_kl,-0.16512537002563477
shapley-20260606T024807Z-7a0d37e1,marginal,A,166,166,10.928313499978684,4.972225427627564,5.0405707359313965,test_kl,-0.06834530830383212
shapley-20260606T024807Z-7a0d37e1,marginal,A,167,167,10.993545499979518,4.990141868591309,4.9719319343566895,test_kl,0.01820993423461914
shapley-20260606T024807Z-7a0d37e1,marginal,A,168,168,11.059622399978252,4.98422122001648,5.006953954696655,test_kl,-0.022732734680174893
shapley-20260606T024807Z-7a0d37e1,marginal,A,169,169,11.124914799976978,5.0061657428741455,5.011337041854858,test_kl,-0.005171298980712891
shapley-20260606T024807Z-7a0d37e1,marginal,A,170,170,11.189496999977564,5.030905246734619,5.002717733383179,test_kl,0.02818751335144043
shapley-20260606T024807Z-7a0d37e1,marginal,A,171,171,11.254370699978608,5.019556283950806,4.9739766120910645,test_kl,0.04557967185974121
shapley-20260606T024807Z-7a0d37e1,marginal,A,172,172,11.321051699978852,4.994548082351685,5.010603189468384,test_kl,-0.01605510711669922
shapley-20260606T024807Z-7a0d37e1,marginal,A,173,173,11.393679599979803,4.955777883529663,4.998643159866333,test_kl,-0.04286527633666992
shapley-20260606T024807Z-7a0d37e1,marginal,A,174,174,11.46101219997945,4.943822145462036,4.987008571624756,test_kl,-0.04318642616271973
shapley-20260606T024807Z-7a0d37e1,marginal,A,175,175,11.524472299981426,4.987753629684448,4.954613924026489,test_kl,0.033139705657958984
shapley-20260606T024807Z-7a0d37e1,marginal,A,176,176,11.590953799983254,5.023315191268921,4.933329343795776,test_kl,0.08998584747314453
shapley-20260606T024807Z-7a0d37e1,marginal,A,177,177,11.660867399983545,5.036237001419067,5.010962247848511,test_kl,0.02527475357055664
shapley-20260606T024807Z-7a0d37e1,marginal,A,178,178,11.727104799985682,5.044405937194824,5.058850288391113,test_kl,-0.014444351196289062
shapley-20260606T024807Z-7a0d37e1,marginal,A,179,179,11.790369299986196,5.045843839645386,5.04009747505188,test_kl,0.005746364593505859
shapley-20260606T024807Z-7a0d37e1,marginal,A,180,180,11.86026809998657,5.033127784729004,4.993711709976196,test_kl,0.03941607475280762
shapley-20260606T024807Z-7a0d37e1,marginal,A,181,181,11.92554469998504,5.016011476516724,5.006462812423706,test_kl,0.009548664093017578
shapley-20260606T024807Z-7a0d37e1,marginal,A,182,182,11.9897879999844,5.009798288345337,5.001683712005615,test_kl,0.00811457633972168
shapley-20260606T024807Z-7a0d37e1,marginal,A,183,183,12.0531743999818,4.995712995529175,4.969348907470703,test_kl,0.02636408805847168
shapley-20260606T024807Z-7a0d37e1,marginal,A,184,184,12.118883999981335,4.99405312538147,5.007569789886475,test_kl,-0.013516664505004883
shapley-20260606T024807Z-7a0d37e1,marginal,A,185,185,12.189341699981014,5.005863428115845,5.041546583175659,test_kl,-0.03568315505981445
shapley-20260606T024807Z-7a0d37e1,marginal,A,186,186,12.256485799978693,5.011211156845093,5.060416221618652,test_kl,-0.04920506477355957
shapley-20260606T024807Z-7a0d37e1,marginal,A,187,187,12.32208929997796,4.9908716678619385,5.010977506637573,test_kl,-0.020105838775634766
shapley-20260606T024807Z-7a0d37e1,marginal,A,188,188,12.386418799978856,4.9770588874816895,4.942542314529419,test_kl,0.03451657295227051
shapley-20260606T024807Z-7a0d37e1,marginal,A,189,189,12.45934749997832,4.963413238525391,4.93891453742981,test_kl,0.024498701095581055
shapley-20260606T024807Z-7a0d37e1,marginal,A,190,190,12.5263924999781,4.967970371246338,5.045359373092651,test_kl,-0.07738900184631348
shapley-20260606T024807Z-7a0d37e1,marginal,A,191,191,12.595994599974802,4.983698844909668,5.117823600769043,test_kl,-0.134124755859375
shapley-20260606T024807Z-7a0d37e1,marginal,A,192,192,12.665076299977954,4.985612154006958,5.0641725063323975,test_kl,-0.07856035232543945
shapley-20260606T024807Z-7a0d37e1,marginal,A,193,193,12.732849499978329,4.977904796600342,4.98712968826294,test_kl,-0.009224891662598544
shapley-20260606T024807Z-7a0d37e1,marginal,A,194,194,12.79857429997719,4.974972486495972,4.927408456802368,test_kl,0.047564029693603516
shapley-20260606T024807Z-7a0d37e1,marginal,A,195,195,12.86144119997698,4.982433080673218,4.908822059631348,test_kl,0.07361102104187012
shapley-20260606T024807Z-7a0d37e1,marginal,A,196,196,12.927206799977284,4.991504907608032,4.938268661499023,test_kl,0.05323624610900879
shapley-20260606T024807Z-7a0d37e1,marginal,A,197,197,12.99939959997937,5.002512454986572,4.969390630722046,test_kl,0.03312182426452637
shapley-20260606T024807Z-7a0d37e1,marginal,A,198,198,13.06865509997806,5.00745153427124,5.0089921951293945,test_kl,-0.0015406608581542969
shapley-20260606T024807Z-7a0d37e1,marginal,A,199,199,13.141568199978792,5.009046792984009,5.037001609802246,test_kl,-0.027954816818237305
shapley-20260606T024831Z-1670e62a,conditional,A,0,0,0.2544675000026473,23.294909477233887,22.113808631896973,test_kl,1.181100845336914
shapley-20260606T024831Z-1670e62a,conditional,A,1,1,0.3186345000030997,45.73036575317383,43.21718215942383,test_kl,2.51318359375
shapley-20260606T024831Z-1670e62a,conditional,A,2,2,0.3797143000010692,49.89380645751953,47.12140083312988,test_kl,2.7724056243896484
shapley-20260606T024831Z-1670e62a,conditional,A,3,3,0.4435959000002185,57.20067024230957,52.71994018554688,test_kl,4.480730056762688
shapley-20260606T024831Z-1670e62a,conditional,A,4,4,0.5040910999996413,61.90097618103027,58.47116470336914,test_kl,3.429811477661133
shapley-20260606T024831Z-1670e62a,conditional,A,5,5,0.56743859999915,65.92496871948242,62.55760765075684,test_kl,3.367361068725579
shapley-20260606T024831Z-1670e62a,conditional,A,6,6,0.6340471999974397,69.09214782714844,63.58054161071777,test_kl,5.511606216430664
shapley-20260606T024831Z-1670e62a,conditional,A,7,7,0.6941698999980872,71.4854736328125,65.12972640991211,test_kl,6.355747222900391
shapley-20260606T024831Z-1670e62a,conditional,A,8,8,0.7591166999991401,73.3695182800293,68.52974700927734,test_kl,4.839771270751953
shapley-20260606T024831Z-1670e62a,conditional,A,9,9,0.8177573999964807,75.88015747070312,71.80135726928711,test_kl,4.078800201416016
shapley-20260606T024831Z-1670e62a,conditional,A,10,10,0.879826199994568,78.67670059204102,75.36442565917969,test_kl,3.312274932861328
shapley-20260606T024831Z-1670e62a,conditional,A,11,11,0.9480400999964332,50.037160873413086,48.578840255737305,test_kl,1.4583206176757812
shapley-20260606T024831Z-1670e62a,conditional,A,12,12,1.0082808999941335,25.6628360748291,25.38333320617676,test_kl,0.2795028686523402
shapley-20260606T024831Z-1670e62a,conditional,A,13,13,1.070529099994019,35.87278747558594,34.20315742492676,test_kl,1.6696300506591797
shapley-20260606T024831Z-1670e62a,conditional,A,14,14,1.1318709999941348,48.380388259887695,46.86288833618164,test_kl,1.5174999237060547
shapley-20260606T024831Z-1670e62a,conditional,A,15,15,1.1951994999908493,44.61343002319336,43.308223724365234,test_kl,1.305206298828125
shapley-20260606T024831Z-1670e62a,conditional,A,16,16,1.257604899990838,28.028120040893555,27.41233921051025,test_kl,0.6157808303833043
shapley-20260606T024831Z-1670e62a,conditional,A,17,17,1.3207969999930356,27.208383560180664,26.801772117614743,test_kl,0.4066114425659215
shapley-20260606T024831Z-1670e62a,conditional,A,18,18,1.388245599995571,39.69455337524414,38.15931701660156,test_kl,1.5352363586425781
shapley-20260606T024831Z-1670e62a,conditional,A,19,19,1.447067999994033,40.620134353637695,38.81142807006836,test_kl,1.808706283569336
shapley-20260606T024831Z-1670e62a,conditional,A,20,20,1.5078723999940848,28.388648986816406,27.175698280334476,test_kl,1.21295070648193
shapley-20260606T024831Z-1670e62a,conditional,A,21,21,1.5673271999949066,22.00918292999268,26.79227352142334,test_kl,-4.7830905914306605
shapley-20260606T024831Z-1670e62a,conditional,A,22,22,1.6296667999959027,26.50797462463379,27.55046558380127,test_kl,-1.0424909591674805
shapley-20260606T024831Z-1670e62a,conditional,A,23,23,1.69307349999508,24.920631408691406,22.892952919006348,test_kl,2.0276784896850586
shapley-20260606T024831Z-1670e62a,conditional,A,24,24,1.755642899992381,20.10236167907715,24.68931770324707,test_kl,-4.586956024169922
shapley-20260606T024831Z-1670e62a,conditional,A,25,25,1.8211839999930817,22.927051544189453,23.510478973388672,test_kl,-0.5834274291992188
shapley-20260606T024831Z-1670e62a,conditional,A,26,26,1.8801431999927445,21.47454166412353,20.29119205474853,test_kl,1.183349609375
shapley-20260606T024831Z-1670e62a,conditional,A,27,27,1.940796999992017,20.388772010803223,22.74706745147705,test_kl,-2.358295440673828
shapley-20260606T024831Z-1670e62a,conditional,A,28,28,2.001360399990517,23.18850612640381,20.586191177368164,test_kl,2.6023149490356445
shapley-20260606T024831Z-1670e62a,conditional,A,29,29,2.06696779999038,21.503448486328125,18.040197372436523,test_kl,3.4632511138916016
shapley-20260606T024831Z-1670e62a,conditional,A,30,30,2.1324337999903946,18.383122444152832,20.81220531463623,test_kl,-2.4290828704833984
shapley-20260606T024831Z-1670e62a,conditional,A,31,31,2.1914158999898063,20.730966567993164,18.27263832092285,test_kl,2.4583282470703125
shapley-20260606T024831Z-1670e62a,conditional,A,32,32,2.255146399988007,19.473170280456543,17.80915355682373,test_kl,1.6640167236328125
shapley-20260606T024831Z-1670e62a,conditional,A,33,33,2.31982879998759,17.19660186767578,18.004419326782227,test_kl,-0.8078174591064453
shapley-20260606T024831Z-1670e62a,conditional,A,34,34,2.383059499985393,18.85590171813965,16.759716987609863,test_kl,2.096184730529785
shapley-20260606T024831Z-1670e62a,conditional,A,35,35,2.443678499985253,17.385022163391113,17.267457962036133,test_kl,0.11756420135498047
shapley-20260606T024831Z-1670e62a,conditional,A,36,36,2.5101473999857262,16.164109230041504,16.596171379089355,test_kl,-0.43206214904785156
shapley-20260606T024831Z-1670e62a,conditional,A,37,37,2.571745999986888,16.19839859008789,15.636212825775146,test_kl,0.5621857643127441
shapley-20260606T024831Z-1670e62a,conditional,A,38,38,2.630903099987336,15.14130449295044,14.477217197418211,test_kl,0.6640872955322283
shapley-20260606T024831Z-1670e62a,conditional,A,39,39,2.69644499999049,14.520956993103027,15.5465350151062,test_kl,-1.025578022003172
shapley-20260606T024831Z-1670e62a,conditional,A,40,40,2.7641849999927217,15.901188373565674,14.387779235839844,test_kl,1.51340913772583
shapley-20260606T024831Z-1670e62a,conditional,A,41,41,2.826974599993264,14.792851448059082,14.200107097625732,test_kl,0.5927443504333496
shapley-20260606T024831Z-1670e62a,conditional,A,42,42,2.8882055999929435,14.763617992401125,14.231828689575195,test_kl,0.5317893028259295
shapley-20260606T024831Z-1670e62a,conditional,A,43,43,2.953229099992313,14.090314865112305,13.71316146850586,test_kl,0.3771533966064453
shapley-20260606T024831Z-1670e62a,conditional,A,44,44,3.014544599995133,13.606351852416992,13.39897918701172,test_kl,0.20737266540527166
shapley-20260606T024831Z-1670e62a,conditional,A,45,45,3.074951699996745,13.062729835510254,12.943448543548584,test_kl,0.11928129196166992
shapley-20260606T024831Z-1670e62a,conditional,A,46,46,3.1384268999972846,12.679779052734377,13.43105173110962,test_kl,-0.7512726783752424
shapley-20260606T024831Z-1670e62a,conditional,A,47,47,3.2011209999982384,11.999388217926024,12.712404251098633,test_kl,-0.7130160331726092
shapley-20260606T024831Z-1670e62a,conditional,A,48,48,3.266789900000731,12.0614275932312,12.449610233306885,test_kl,-0.38818264007568537
shapley-20260606T024831Z-1670e62a,conditional,A,49,49,3.3328122999992047,12.53338861465454,11.680092811584473,test_kl,0.8532958030700666
shapley-20260606T024831Z-1670e62a,conditional,A,50,50,3.393088100001478,12.69011402130127,12.540584087371826,test_kl,0.14952993392944336
shapley-20260606T024831Z-1670e62a,conditional,A,51,51,3.452265400002944,12.34860897064209,11.763347148895264,test_kl,0.5852618217468262
shapley-20260606T024831Z-1670e62a,conditional,A,52,52,3.5181125000017346,12.006058692932127,11.33750343322754,test_kl,0.6685552597045863
shapley-20260606T024831Z-1670e62a,conditional,A,53,53,3.581243100001302,11.345805644989014,11.740192413330078,test_kl,-0.39438676834106445
shapley-20260606T024831Z-1670e62a,conditional,A,54,54,3.646944100000837,11.392354011535645,11.481430053710938,test_kl,-0.08907604217529297
shapley-20260606T024831Z-1670e62a,conditional,A,55,55,3.705761100001837,10.93085527420044,10.703054904937744,test_kl,0.2278003692626953
shapley-20260606T024831Z-1670e62a,conditional,A,56,56,3.7667861000009,10.714545249938965,10.81939697265625,test_kl,-0.10485172271728516
shapley-20260606T024831Z-1670e62a,conditional,A,57,57,3.829002300000866,10.820727348327637,10.324995040893556,test_kl,0.49573230743408025
shapley-20260606T024831Z-1670e62a,conditional,A,58,58,3.8932420000019192,10.811780452728271,10.705246448516846,test_kl,0.10653400421142578
shapley-20260606T024831Z-1670e62a,conditional,A,59,59,3.958262500003912,10.461220741271973,10.094972133636476,test_kl,0.36624860763549627
shapley-20260606T024831Z-1670e62a,conditional,A,60,60,4.019449400002486,9.892023086547852,10.026392936706545,test_kl,-0.13436985015869318
shapley-20260606T024831Z-1670e62a,conditional,A,61,61,4.083137300003727,10.101376056671144,9.85832452774048,test_kl,0.24305152893066406
shapley-20260606T024831Z-1670e62a,conditional,A,62,62,4.141131300002598,9.615074634552002,9.681431293487549,test_kl,-0.06635665893554688
shapley-20260606T024831Z-1670e62a,conditional,A,63,63,4.2028179000008095,10.061895847320557,9.421253204345703,test_kl,0.6406426429748535
shapley-20260606T024831Z-1670e62a,conditional,A,64,64,4.266624700001557,10.05930757522583,9.400336742401125,test_kl,0.6589708328247053
shapley-20260606T024831Z-1670e62a,conditional,A,65,65,4.332670399999188,9.53294324874878,9.853530883789062,test_kl,-0.3205876350402832
shapley-20260606T024831Z-1670e62a,conditional,A,66,66,4.393375100000412,9.78444528579712,9.681474208831789,test_kl,0.10297107696533025
shapley-20260606T024831Z-1670e62a,conditional,A,67,67,4.45469029999731,9.615414142608644,9.57115650177002,test_kl,0.04425764083862482
shapley-20260606T024831Z-1670e62a,conditional,A,68,68,4.520306999998866,9.818986892700195,8.852692127227783,test_kl,0.9662947654724121
shapley-20260606T024831Z-1670e62a,conditional,A,69,69,4.579936499998439,9.060570240020752,8.564107894897461,test_kl,0.496462345123291
shapley-20260606T024831Z-1670e62a,conditional,A,70,70,4.640745799999422,9.36177110671997,8.414712905883789,test_kl,0.9470582008361816
shapley-20260606T024831Z-1670e62a,conditional,A,71,71,4.704853299997922,8.944589614868164,8.573143005371094,test_kl,0.3714466094970703
shapley-20260606T024831Z-1670e62a,conditional,A,72,72,4.764358799999172,8.545889377593994,8.361379623413086,test_kl,0.1845097541809082
shapley-20260606T024831Z-1670e62a,conditional,A,73,73,4.830531599996903,8.827260971069336,8.420501708984375,test_kl,0.40675926208496094
shapley-20260606T024831Z-1670e62a,conditional,A,74,74,4.891310399998474,8.81058120727539,8.331495761871338,test_kl,0.47908544540405273
shapley-20260606T024831Z-1670e62a,conditional,A,75,75,4.949889600000461,8.469966411590576,8.320267677307129,test_kl,0.14969873428344727
shapley-20260606T024831Z-1670e62a,conditional,A,76,76,5.012011599999823,8.004059791564941,8.344430923461914,test_kl,-0.34037113189697266
shapley-20260606T024831Z-1670e62a,conditional,A,77,77,5.073973399998067,8.148023128509521,8.37340497970581,test_kl,-0.22538185119628906
shapley-20260606T024831Z-1670e62a,conditional,A,78,78,5.132314399997995,7.875661134719849,7.65935754776001,test_kl,0.21630358695983887
shapley-20260606T024831Z-1670e62a,conditional,A,79,79,5.191507899995486,7.256689548492432,7.446887731552124,test_kl,-0.19019818305969238
shapley-20260606T024831Z-1670e62a,conditional,A,80,80,5.250555699993129,8.546098709106445,8.000012636184692,test_kl,0.5460860729217529
shapley-20260606T024831Z-1670e62a,conditional,A,81,81,5.314382199994725,8.262735366821289,7.42254376411438,test_kl,0.8401916027069092
shapley-20260606T024831Z-1670e62a,conditional,A,82,82,5.3770290999964345,7.355657339096069,8.048587560653687,test_kl,-0.6929302215576172
shapley-20260606T024831Z-1670e62a,conditional,A,83,83,5.4457559999973455,7.847456455230713,7.674906015396118,test_kl,0.17255043983459473
shapley-20260606T024831Z-1670e62a,conditional,A,84,84,5.50917429999754,7.155293941497803,7.157602548599243,test_kl,-0.0023086071014404297
shapley-20260606T024831Z-1670e62a,conditional,A,85,85,5.571909699996468,7.71511173248291,7.373974084854126,test_kl,0.3411376476287842
shapley-20260606T024831Z-1670e62a,conditional,A,86,86,5.629977599997801,7.661013603210449,7.311528444290161,test_kl,0.3494851589202881
shapley-20260606T024831Z-1670e62a,conditional,A,87,87,5.691993599997659,7.459662914276123,7.240949153900146,test_kl,0.21871376037597745
shapley-20260606T024831Z-1670e62a,conditional,A,88,88,5.752534699997341,7.401310443878174,7.3364057540893555,test_kl,0.06490468978881836
shapley-20260606T024831Z-1670e62a,conditional,A,89,89,5.812723199996981,7.328564405441284,7.169971942901611,test_kl,0.15859246253967285
shapley-20260606T024831Z-1670e62a,conditional,A,90,90,5.880846699998074,7.322171688079834,6.835226058959961,test_kl,0.48694562911987305
shapley-20260606T024831Z-1670e62a,conditional,A,91,91,5.9435160999964864,7.144254207611084,6.592607736587524,test_kl,0.5516464710235596
shapley-20260606T024831Z-1670e62a,conditional,A,92,92,6.008925399997679,6.93259334564209,6.836078882217407,test_kl,0.09651446342468262
shapley-20260606T024831Z-1670e62a,conditional,A,93,93,6.078203499997471,7.253267765045166,6.673105955123901,test_kl,0.5801618099212646
shapley-20260606T024831Z-1670e62a,conditional,A,94,94,6.14445749999868,7.06482195854187,6.58501410484314,test_kl,0.47980785369873047
shapley-20260606T024831Z-1670e62a,conditional,A,95,95,6.207269799997448,6.367922067642212,6.58403205871582,test_kl,-0.2161099910736084
shapley-20260606T024831Z-1670e62a,conditional,A,96,96,6.273985199997696,6.491833686828613,6.913311958312988,test_kl,-0.421478271484375
shapley-20260606T024831Z-1670e62a,conditional,A,97,97,6.342674999999872,6.796546459197998,6.622976779937744,test_kl,0.1735696792602539
shapley-20260606T024831Z-1670e62a,conditional,A,98,98,6.4123225000003,6.929219007492065,6.164563894271851,test_kl,0.7646551132202148
shapley-20260606T024831Z-1670e62a,conditional,A,99,99,6.476605900003051,6.490653991699219,6.209997653961182,test_kl,0.2806563377380371
shapley-20260606T024831Z-1670e62a,conditional,A,100,100,6.546997100002045,6.183873891830444,6.7258734703063965,test_kl,-0.5419995784759521
shapley-20260606T024831Z-1670e62a,conditional,A,101,101,6.611781100000371,6.325609445571899,6.329730272293091,test_kl,-0.004120826721191406
shapley-20260606T024831Z-1670e62a,conditional,A,102,102,6.675888999998279,6.4056477546691895,6.157889127731323,test_kl,0.2477586269378662
shapley-20260606T024831Z-1670e62a,conditional,A,103,103,6.740805699999328,6.089592218399048,5.946280479431152,test_kl,0.1433117389678955
shapley-20260606T024831Z-1670e62a,conditional,A,104,104,6.812975100001495,6.367075443267822,6.288583040237427,test_kl,0.07849240303039551
shapley-20260606T024831Z-1670e62a,conditional,A,105,105,6.880007200001273,6.482750415802002,6.084396362304688,test_kl,0.39835405349731356
shapley-20260606T024831Z-1670e62a,conditional,A,106,106,6.947284100002435,5.864917278289795,5.913999080657959,test_kl,-0.04908180236816406
shapley-20260606T024831Z-1670e62a,conditional,A,107,107,7.016163600001164,6.0643839836120605,5.657867670059204,test_kl,0.40651631355285645
shapley-20260606T024831Z-1670e62a,conditional,A,108,108,7.086744699998235,6.139504671096802,5.949174404144287,test_kl,0.19033026695251465
shapley-20260606T024831Z-1670e62a,conditional,A,109,109,7.155474599996524,5.8672263622283936,5.9828197956085205,test_kl,-0.11559343338012695
shapley-20260606T024831Z-1670e62a,conditional,A,110,110,7.219261999995069,5.866574048995972,5.536214351654053,test_kl,0.33035969734191895
shapley-20260606T024831Z-1670e62a,conditional,A,111,111,7.283626999997068,6.017314910888672,5.657215356826782,test_kl,0.36009955406188965
shapley-20260606T024831Z-1670e62a,conditional,A,112,112,7.347003099996073,5.610646963119507,5.275181293487549,test_kl,0.335465669631958
shapley-20260606T024831Z-1670e62a,conditional,A,113,113,7.41924239999571,5.664894342422485,6.059251546859741,test_kl,-0.39435720443725586
shapley-20260606T024831Z-1670e62a,conditional,A,114,114,7.49048789999506,5.86717963218689,5.425984144210815,test_kl,0.4411954879760742
shapley-20260606T024831Z-1670e62a,conditional,A,115,115,7.561650099996768,5.9013872146606445,5.418138742446899,test_kl,0.4832484722137451
shapley-20260606T024831Z-1670e62a,conditional,A,116,116,7.625525199997355,5.479640245437622,5.640109062194824,test_kl,-0.16046881675720215
shapley-20260606T024831Z-1670e62a,conditional,A,117,117,7.690546099998755,5.3356592655181885,5.383246898651123,test_kl,-0.04758763313293457
shapley-20260606T024831Z-1670e62a,conditional,A,118,118,7.752403700000286,5.595893383026123,5.477040767669678,test_kl,0.11885261535644531
shapley-20260606T024831Z-1670e62a,conditional,A,119,119,7.817663699999684,5.185750722885132,5.143573522567749,test_kl,0.04217720031738281
shapley-20260606T024831Z-1670e62a,conditional,A,120,120,7.87949049999952,5.273773908615112,5.477579832077026,test_kl,-0.20380592346191406
shapley-20260606T024831Z-1670e62a,conditional,A,121,121,7.942681599997741,5.498181104660034,5.416137456893921,test_kl,0.08204364776611328
shapley-20260606T024831Z-1670e62a,conditional,A,122,122,8.007178099996963,5.007837295532227,4.930724143981934,test_kl,0.07711315155029297
shapley-20260606T024831Z-1670e62a,conditional,A,123,123,8.071562899996934,4.849653482437134,4.872066974639893,test_kl,-0.02241349220275879
shapley-20260606T024831Z-1670e62a,conditional,A,124,124,8.135260699997161,5.202815055847168,5.078968048095703,test_kl,0.12384700775146484
shapley-20260606T024831Z-1670e62a,conditional,A,125,125,8.197947499997099,4.950859546661377,4.96102237701416,test_kl,-0.010162830352783203
shapley-20260606T024831Z-1670e62a,conditional,A,126,126,8.262760399997205,5.222770929336548,4.873844861984253,test_kl,0.3489260673522949
shapley-20260606T024831Z-1670e62a,conditional,A,127,127,8.325145199996768,4.847204685211182,5.207814693450928,test_kl,-0.3606100082397461
shapley-20260606T024831Z-1670e62a,conditional,A,128,128,8.394684299997607,5.31198525428772,4.791301965713501,test_kl,0.5206832885742188
shapley-20260606T024831Z-1670e62a,conditional,A,129,129,8.465442499997152,4.812926530838013,5.337705850601196,test_kl,-0.5247793197631836
shapley-20260606T024831Z-1670e62a,conditional,A,130,130,8.52918039999713,5.033548831939697,4.8348469734191895,test_kl,0.1987018585205078
shapley-20260606T024831Z-1670e62a,conditional,A,131,131,8.591725999998744,4.890774488449097,5.15412974357605,test_kl,-0.2633552551269531
shapley-20260606T024831Z-1670e62a,conditional,A,132,132,8.654246799997054,5.240892648696899,4.708556175231934,test_kl,0.5323364734649658
shapley-20260606T024831Z-1670e62a,conditional,A,133,133,8.725793499997962,4.637393236160278,5.286828994750977,test_kl,-0.6494357585906982
shapley-20260606T024831Z-1670e62a,conditional,A,134,134,8.795712599996477,5.272801160812378,4.620610952377319,test_kl,0.6521902084350586
shapley-20260606T024831Z-1670e62a,conditional,A,135,135,8.86079499999687,4.9125261306762695,5.127718448638916,test_kl,-0.21519231796264648
shapley-20260606T024831Z-1670e62a,conditional,A,136,136,8.931081599996105,5.024531841278076,4.889018058776856,test_kl,0.13551378250121981
shapley-20260606T024831Z-1670e62a,conditional,A,137,137,8.997712999993382,4.858245134353638,5.009335517883301,test_kl,-0.15109038352966309
shapley-20260606T024831Z-1670e62a,conditional,A,138,138,9.06027369999356,5.115026950836182,5.11178994178772,test_kl,0.003237009048461914
shapley-20260606T024831Z-1670e62a,conditional,A,139,139,9.12685949999286,5.038496494293213,4.915338516235352,test_kl,0.12315797805786133
shapley-20260606T024831Z-1670e62a,conditional,A,140,140,9.191153299994768,4.920615196228027,5.0831139087677,test_kl,-0.16249871253967285
shapley-20260606T024831Z-1670e62a,conditional,A,141,141,9.253669699992315,4.930260896682739,4.998117446899414,test_kl,-0.0678565502166748
shapley-20260606T024831Z-1670e62a,conditional,A,142,142,9.317509199991036,4.948004484176636,5.011496305465698,test_kl,-0.0634918212890625
shapley-20260606T024831Z-1670e62a,conditional,A,143,143,9.380597199990008,5.102956771850586,4.906060457229614,test_kl,0.19689631462097168
shapley-20260606T024831Z-1670e62a,conditional,A,144,144,9.446828199990703,4.881319046020508,4.93266224861145,test_kl,-0.05134320259094238
shapley-20260606T024831Z-1670e62a,conditional,A,145,145,9.512273199990886,5.048413991928101,5.067373037338257,test_kl,-0.01895904541015625
shapley-20260606T024831Z-1670e62a,conditional,A,146,146,9.585096899991186,5.049365282058716,4.950625896453857,test_kl,0.0987393856048584
shapley-20260606T024831Z-1670e62a,conditional,A,147,147,9.654230699990876,4.924833536148071,4.938234090805054,test_kl,-0.013400554656982422
shapley-20260606T024831Z-1670e62a,conditional,A,148,148,9.720639399991342,4.998040199279785,5.064431667327881,test_kl,-0.0663914680480957
shapley-20260606T024831Z-1670e62a,conditional,A,149,149,9.791183299988916,5.0130040645599365,4.979223728179932,test_kl,0.03378033638000488
shapley-20260606T024831Z-1670e62a,conditional,A,150,150,9.860444799989637,5.016067981719971,5.099925756454468,test_kl,-0.08385777473449707
shapley-20260606T024831Z-1670e62a,conditional,A,151,151,9.922886699991068,4.961016893386841,4.969654321670532,test_kl,-0.008637428283691406
shapley-20260606T024831Z-1670e62a,conditional,A,152,152,9.991578799988927,4.976330280303955,4.991300106048584,test_kl,-0.014969825744628906
shapley-20260606T024831Z-1670e62a,conditional,A,153,153,10.054888599988772,5.112423419952393,5.020464897155762,test_kl,0.09195852279663086
shapley-20260606T024831Z-1670e62a,conditional,A,154,154,10.12303319998682,4.98504376411438,4.970671653747559,test_kl,0.014372110366821289
shapley-20260606T024831Z-1670e62a,conditional,A,155,155,10.195717399987188,4.966626405715942,5.12854528427124,test_kl,-0.16191887855529785
shapley-20260606T024831Z-1670e62a,conditional,A,156,156,10.259935199988831,5.081402540206909,5.035590887069702,test_kl,0.04581165313720703
shapley-20260606T024831Z-1670e62a,conditional,A,157,157,10.327458299991122,5.044302463531494,4.81423282623291,test_kl,0.23006963729858398
shapley-20260606T024831Z-1670e62a,conditional,A,158,158,10.390106299990292,4.946383476257324,4.975808382034302,test_kl,-0.02942490577697754
shapley-20260606T024831Z-1670e62a,conditional,A,159,159,10.45566919999328,4.992108583450317,5.154846906661987,test_kl,-0.16273832321166992
shapley-20260606T024831Z-1670e62a,conditional,A,160,160,10.525602599991544,5.031291961669922,5.005410194396973,test_kl,0.02588176727294922
shapley-20260606T024831Z-1670e62a,conditional,A,161,161,10.59384899998986,4.970589637756348,5.055024862289429,test_kl,-0.08443522453308105
shapley-20260606T024831Z-1670e62a,conditional,A,162,162,10.659946699990542,4.945930480957031,4.947431802749634,test_kl,-0.001501321792602539
shapley-20260606T024831Z-1670e62a,conditional,A,163,163,10.722572099992249,5.037857055664063,4.810160398483276,test_kl,0.22769665718078702
shapley-20260606T024831Z-1670e62a,conditional,A,164,164,10.789230399990627,5.098042249679565,4.984359264373779,test_kl,0.11368298530578613
shapley-20260606T024831Z-1670e62a,conditional,A,165,165,10.851778599990212,5.075772762298584,5.142326831817627,test_kl,-0.06655406951904297
shapley-20260606T024831Z-1670e62a,conditional,A,166,166,10.917738999993162,5.018691301345825,5.0405707359313965,test_kl,-0.02187943458557129
shapley-20260606T024831Z-1670e62a,conditional,A,167,167,10.990617999992535,4.976193428039551,4.9719319343566895,test_kl,0.004261493682861328
shapley-20260606T024831Z-1670e62a,conditional,A,168,168,11.056867599992984,4.986239671707153,5.006953954696655,test_kl,-0.020714282989501953
shapley-20260606T024831Z-1670e62a,conditional,A,169,169,11.123441299994738,5.027450084686279,5.011337041854858,test_kl,0.0161130428314209
shapley-20260606T024831Z-1670e62a,conditional,A,170,170,11.191314399991825,4.9976091384887695,5.002717733383179,test_kl,-0.00510859489440918
shapley-20260606T024831Z-1670e62a,conditional,A,171,171,11.256376199991792,4.973078012466431,4.9739766120910645,test_kl,-0.0008985996246337891
shapley-20260606T024831Z-1670e62a,conditional,A,172,172,11.32143219999125,4.967098951339722,5.010603189468384,test_kl,-0.04350423812866211
shapley-20260606T024831Z-1670e62a,conditional,A,173,173,11.38561179998942,4.979158163070679,4.998643159866333,test_kl,-0.019484996795654297
shapley-20260606T024831Z-1670e62a,conditional,A,174,174,11.45141079998939,5.009521722793579,4.987008571624756,test_kl,0.022513151168823242
shapley-20260606T024831Z-1670e62a,conditional,A,175,175,11.517114199992648,5.041038274765015,4.954613924026489,test_kl,0.08642435073852539
shapley-20260606T024831Z-1670e62a,conditional,A,176,176,11.57956049999484,5.015321254730225,4.933329343795776,test_kl,0.08199191093444824
shapley-20260606T024831Z-1670e62a,conditional,A,177,177,11.64244819999294,4.99113392829895,5.010962247848511,test_kl,-0.019828319549560547
shapley-20260606T024831Z-1670e62a,conditional,A,178,178,11.70764519999284,4.982837915420532,5.058850288391113,test_kl,-0.07601237297058105
shapley-20260606T024831Z-1670e62a,conditional,A,179,179,11.769433499990557,4.978461980819702,5.04009747505188,test_kl,-0.061635494232177734
shapley-20260606T024831Z-1670e62a,conditional,A,180,180,11.834086299990304,4.97066855430603,4.993711709976196,test_kl,-0.023043155670166016
shapley-20260606T024831Z-1670e62a,conditional,A,181,181,11.897705099989253,4.955545902252197,5.006462812423706,test_kl,-0.05091691017150879
shapley-20260606T024831Z-1670e62a,conditional,A,182,182,11.960706299989395,4.947818279266357,5.001683712005615,test_kl,-0.05386543273925781
shapley-20260606T024831Z-1670e62a,conditional,A,183,183,12.030175599989889,4.943164587020874,4.969348907470703,test_kl,-0.0261843204498291
shapley-20260606T024831Z-1670e62a,conditional,A,184,184,12.096960299990316,4.961759805679321,5.007569789886475,test_kl,-0.04580998420715332
shapley-20260606T024831Z-1670e62a,conditional,A,185,185,12.165952199989988,4.98484206199646,5.041546583175659,test_kl,-0.05670452117919922
shapley-20260606T024831Z-1670e62a,conditional,A,186,186,12.2308070999934,4.991345167160034,5.060416221618652,test_kl,-0.06907105445861816
shapley-20260606T024831Z-1670e62a,conditional,A,187,187,12.29560799999308,5.0043158531188965,5.010977506637573,test_kl,-0.006661653518676758
shapley-20260606T024831Z-1670e62a,conditional,A,188,188,12.360030199994071,5.015405178070068,4.942542314529419,test_kl,0.07286286354064941
shapley-20260606T024831Z-1670e62a,conditional,A,189,189,12.42538169999534,5.028497934341431,4.93891453742981,test_kl,0.0895833969116211
shapley-20260606T024831Z-1670e62a,conditional,A,190,190,12.492902299993148,5.03952956199646,5.045359373092651,test_kl,-0.005829811096191406
shapley-20260606T024831Z-1670e62a,conditional,A,191,191,12.559829599991644,5.042220830917358,5.117823600769043,test_kl,-0.07560276985168457
shapley-20260606T024831Z-1670e62a,conditional,A,192,192,12.627215299991803,5.03258490562439,5.0641725063323975,test_kl,-0.03158760070800781
shapley-20260606T024831Z-1670e62a,conditional,A,193,193,12.694701199994595,5.028955698013306,4.98712968826294,test_kl,0.04182600975036532
shapley-20260606T024831Z-1670e62a,conditional,A,194,194,12.760595599993394,5.030611515045166,4.927408456802368,test_kl,0.10320305824279785
shapley-20260606T024831Z-1670e62a,conditional,A,195,195,12.826370299993869,5.024113893508911,4.908822059631348,test_kl,0.11529183387756348
shapley-20260606T024831Z-1670e62a,conditional,A,196,196,12.893094799994287,5.014125823974609,4.938268661499023,test_kl,0.07585716247558594
shapley-20260606T024831Z-1670e62a,conditional,A,197,197,12.957290499994995,5.008179426193237,4.969390630722046,test_kl,0.038788795471191406
shapley-20260606T024831Z-1670e62a,conditional,A,198,198,13.0285291999935,5.004966020584106,5.0089921951293945,test_kl,-0.004026174545288974
shapley-20260606T024831Z-1670e62a,conditional,A,199,199,13.098774199992476,5.004860639572144,5.037001609802246,test_kl,-0.03214097023010165
