loss,recon,recon_base,pix_recon,aux_recon_base,kl,val_loss,val_recon,val_recon_base,val_pix_recon,val_aux_recon_base,val_kl,beta,aux_loss_weight,lr,logical_epoch,epoch_duration_sec,elapsed_train_sec,kl_target,kl_target_final,next_beta,kl_controller_advanced,epoch,run_id,training_type,shapley_tactic,phase,advance_epoch_controls,dynamic_aux_step,cycle,sampling_phase
1.746040667806353,1.746040667806353,1.7460406507764543,0.975604806627546,0.963044788156237,3.608424953051976,1.533314824104309,1.533314824104309,1.533314824104309,0.8509582579135895,0.8529457151889801,22.113808631896973,0.0,0.8,0.001,0,0.2804701999993995,0.2804701999993995,50.0,5.0,0.0,True,0,baseline-20260606T024656Z-71ca5239,baseline,none,,,,,
1.352391004562378,1.352391004562378,1.352391004562378,0.7556417073522296,0.7459366236414228,30.43606649126325,1.179228961467743,1.179228961467743,1.179228961467743,0.6531181335449219,0.6576385200023651,43.21718215942383,0.0,0.8,0.001,1,0.0603065000032074,0.3407767000026069,50.0,5.0,0.0,True,1,baseline-20260606T024656Z-71ca5239,baseline,none,,,,,
1.1241964272090368,1.1241964272090368,1.1241964272090368,0.6250878402165004,0.6238857167107719,43.84377179827009,1.03366881608963,1.03366881608963,1.03366881608963,0.5731428265571594,0.5756574273109436,47.12140083312988,0.0,0.8,0.001,2,0.0602040000012493,0.4009807000038563,50.0,5.0,0.0,True,2,baseline-20260606T024656Z-71ca5239,baseline,none,,,,,
0.9935748151370456,0.9935748151370456,0.9935747981071472,0.5470252547945295,0.5581869397844587,49.27410398210798,0.9351918697357178,0.9351918697357178,0.9351918697357178,0.514592856168747,0.5257487595081329,52.71994018554688,0.0,0.8,0.001,3,0.0626942999988386,0.463675000002695,50.0,5.0,0.0,True,3,baseline-20260606T024656Z-71ca5239,baseline,none,,,,,
0.9033611076218742,0.9033611076218742,0.9033610991069247,0.4944537622588021,0.5111341646739415,54.93557357788086,0.8590283393859863,0.8590283393859863,0.8590283393859863,0.4676752239465713,0.489191398024559,58.47116470336914,0.0,0.8,0.001,4,0.0601936999992176,0.5238687000019127,50.0,5.0,0.0,True,4,baseline-20260606T024656Z-71ca5239,baseline,none,,,,,
0.8269287177494594,0.8269287177494594,0.8269287092345101,0.4491283467837742,0.472250440290996,60.25752694266183,0.8023216128349304,0.8023216128349304,0.8023216426372528,0.4332936555147171,0.4612849950790405,62.55760765075684,0.0,0.8,0.001,5,0.0606284000023151,0.5844971000042278,50.0,5.0,0.0,True,5,baseline-20260606T024656Z-71ca5239,baseline,none,,,,,
0.7767118215560913,0.7767118215560913,0.7767118045261928,0.418280086347035,0.4480396551745279,63.31433922903879,0.7605254054069519,0.7605254054069519,0.7605254352092743,0.4101631343364715,0.4379528611898422,63.58054161071777,0.0,0.8,0.001,6,0.0603515000002516,0.6448486000044795,50.0,5.0,0.0,True,6,baseline-20260606T024656Z-71ca5239,baseline,none,,,,,
0.7352746554783413,0.7352746554783413,0.7352746384484428,0.3944759581770216,0.4259983514036451,64.63380650111607,0.7289743721485138,0.7289743721485138,0.7289743423461914,0.3902306407690048,0.4234296083450317,65.12972640991211,0.0,0.8,0.001,7,0.0590018000002601,0.7038504000047396,50.0,5.0,0.0,True,7,baseline-20260606T024656Z-71ca5239,baseline,none,,,,,
0.7034264717783246,0.7034264717783246,0.7034264632633754,0.3749726116657257,0.4105673006602696,67.46706281389508,0.7017263472080231,0.7017263472080231,0.7017263472080231,0.3743899464607239,0.409170463681221,68.52974700927734,0.0,0.8,0.001,8,0.0597649000010278,0.7636153000057675,50.0,5.0,0.0,True,8,baseline-20260606T024656Z-71ca5239,baseline,none,,,,,
0.6714030759675162,0.6714030759675162,0.6714030844824654,0.3557339864117758,0.3945863417216709,70.1996601649693,0.6782804727554321,0.6782804727554321,0.6782804727554321,0.3600786924362182,0.3977522253990173,71.80135726928711,0.0,0.8,0.001,9,0.0586743999992904,0.822289700005058,50.0,5.0,0.0,True,9,baseline-20260606T024656Z-71ca5239,baseline,none,,,,,
0.6447720527648926,0.6447720527648926,0.6447720442499433,0.3389775838170732,0.3822430755410875,74.17800576346261,0.6571180820465088,0.6571180820465088,0.6571180820465088,0.3466511368751526,0.3880836218595505,75.36442565917969,0.0,0.8,0.001,10,0.0601703000029374,0.8824600000079954,50.0,5.0,0.001,True,10,baseline-20260606T024656Z-71ca5239,baseline,none,,,,,
0.6877345613070897,0.6220092347690037,0.622009243283953,0.3264748752117157,0.3694179483822414,65.72531345912388,0.6897767782211304,0.641197919845581,0.6411979496479034,0.3379013389348984,0.3791207373142242,48.578840255737305,0.001,0.8,0.001,11,0.0649505000001227,0.947410500008118,46.1864406779661,5.0,0.002,True,11,baseline-20260606T024656Z-71ca5239,baseline,none,,,,,
0.6907690678324018,0.6184473804065159,0.6184473974364144,0.3241449551922934,0.3678780496120453,36.1608453478132,0.6844092011451721,0.6336425542831421,0.6336425542831421,0.3329281955957412,0.3758929520845413,25.38333320617676,0.002,0.8,0.001,12,0.0646395000003394,1.0120500000084576,42.91338582677166,5.0,0.001,True,12,baseline-20260606T024656Z-71ca5239,baseline,none,,,,,
0.647041346345629,0.6176743337086269,0.6176743251936776,0.3216638905661447,0.3700130411556789,29.36701365879604,0.6574771702289581,0.6232739984989166,0.6232739984989166,0.3257042318582535,0.3719621896743774,34.20315742492676,0.001,0.8,0.001,13,0.0643082999995385,1.076358300007996,40.0735294117647,5.0,0.0,True,13,baseline-20260606T024656Z-71ca5239,baseline,none,,,,,
0.5827420013291496,0.5827420013291496,0.5827419928142002,0.3015783642019544,0.3514545176710401,41.124879019601,0.6126445829868317,0.6126445829868317,0.6126445531845093,0.3192059993743896,0.3667982369661331,46.86288833618164,0.0,0.8,0.001,14,0.0698736000013013,1.1462319000092975,37.58620689655172,5.0,0.001,True,14,baseline-20260606T024656Z-71ca5239,baseline,none,,,,,
0.6164711117744446,0.5691186785697937,0.5691186785697937,0.2940603111471448,0.3438229773725782,47.35243388584682,0.647366464138031,0.6040582656860352,0.6040582656860352,0.3150531351566314,0.3612563908100128,43.308223724365234,0.001,0.8,0.001,15,0.0667749999993247,1.2130069000086223,35.3896103896104,5.0,0.002,True,15,baseline-20260606T024656Z-71ca5239,baseline,none,,,,,
0.6403762527874538,0.5668294259480068,0.566829434462956,0.2923866850989206,0.3430534218038831,36.77341188703264,0.6533937752246857,0.5985690951347351,0.5985690951347351,0.3115437030792236,0.3587817102670669,27.41233921051025,0.002,0.8,0.001,16,0.0654056999992462,1.2784126000078686,33.435582822085884,5.0,0.001,True,16,baseline-20260606T024656Z-71ca5239,baseline,none,,,,,
0.5924189601625715,0.5659494996070862,0.5659495081220355,0.2923396527767181,0.3420122947011675,26.46945517403739,0.619218647480011,0.5924168825149536,0.5924168825149536,0.3078570812940597,0.355699747800827,26.801772117614743,0.001,0.8,0.001,17,0.0658391000033589,1.3442517000112275,31.68604651162791,5.0,0.0,True,17,baseline-20260606T024656Z-71ca5239,baseline,none,,,,,
0.5505244646753583,0.5505244646753583,0.5505244646753583,0.2823905178478786,0.3351674377918243,31.91957609994071,0.5873968601226807,0.5873968601226807,0.5873969197273254,0.3031364977359772,0.3553255200386047,38.15931701660156,0.0,0.8,0.001,18,0.0603933999991568,1.4046451000103843,30.11049723756906,5.0,0.001,True,18,baseline-20260606T024656Z-71ca5239,baseline,none,,,,,
0.57976952620915,0.539415180683136,0.5394151636532375,0.2763377555779048,0.3288467696734837,40.35433905465262,0.620915025472641,0.5821036100387573,0.5821036100387573,0.3018188178539276,0.3503560274839401,38.81142807006836,0.001,0.8,0.001,19,0.0615734999992128,1.4662186000095971,28.684210526315788,5.0,0.002,True,19,baseline-20260606T024656Z-71ca5239,baseline,none,,,,,
0.6001612203461784,0.5316188761166164,0.5316188761166164,0.2731398131166185,0.3230988127844674,34.271166937691824,0.6329444646835327,0.5785930752754211,0.5785930752754211,0.2993581444025039,0.3490436226129532,27.175698280334476,0.002,0.8,0.001,20,0.0606509999997797,1.5268696000093769,27.38693467336684,5.0,0.001,True,20,baseline-20260606T024656Z-71ca5239,baseline,none,,,,,
0.5617860300200326,0.5345495002610343,0.5345495087759835,0.2748505473136902,0.3246236954416547,27.23652948651995,0.6012220680713654,0.5744298100471497,0.5744298100471497,0.2966152429580688,0.347268208861351,26.79227352142334,0.001,0.8,0.001,21,0.0587664999984554,1.5856361000078325,26.20192307692308,5.0,0.002,True,21,baseline-20260606T024656Z-71ca5239,baseline,none,,,,,
0.5791893771716526,0.5232928821018764,0.5232928650719779,0.2671691988195692,0.3201546030385153,27.9482421875,0.6260315477848053,0.5709306299686432,0.5709306001663208,0.294157937169075,0.3459658622741699,27.55046558380127,0.002,0.8,0.001,22,0.0587844000001496,1.644420500007982,25.11520737327189,5.0,0.003,True,22,baseline-20260606T024656Z-71ca5239,baseline,none,,,,,
0.6004035643168858,0.5226856640407017,0.5226856640407017,0.266421228647232,0.3203305346625192,25.905966350010463,0.6372421681880951,0.5685632824897766,0.5685632824897766,0.2929234504699707,0.3445497751235962,22.892952919006348,0.003,0.8,0.001,23,0.0634209999989252,1.7078415000069072,24.11504424778761,5.0,0.002,True,23,baseline-20260606T024656Z-71ca5239,baseline,none,,,,,
0.570949307509831,0.5225225516727993,0.5225225687026978,0.2672995116029467,0.3190288117953709,24.21338026864188,0.6176173686981201,0.5682387351989746,0.5682387351989746,0.292449951171875,0.3447359502315521,24.68931770324707,0.002,0.8,0.001,24,0.0653732999999192,1.7732148000068264,23.191489361702125,5.0,0.003,True,24,baseline-20260606T024656Z-71ca5239,baseline,none,,,,,
0.5972817369869777,0.5223087242671421,0.522308715752193,0.2664371686322348,0.3198394179344177,24.991000039236887,0.6414211392402649,0.5708897113800049,0.5708897113800049,0.294985219836235,0.3448805958032608,23.510478973388672,0.003,0.8,0.001,25,0.0599827999976696,1.833197600004496,22.33606557377049,5.0,0.004,True,25,baseline-20260606T024656Z-71ca5239,baseline,none,,,,,
0.6120611258915493,0.5236523577145168,0.5236523577145168,0.267075172492436,0.320721481527601,22.102189200265062,0.6500163972377777,0.5688516199588776,0.5688516199588776,0.2935491800308227,0.3441280573606491,20.29119205474853,0.004,0.8,0.001,26,0.060519499998918,1.893717100003414,21.541501976284582,5.0,0.003,True,26,baseline-20260606T024656Z-71ca5239,baseline,none,,,,,
0.5859787634440831,0.5215859838894435,0.5215859753744942,0.2674977949687412,0.3176102042198181,21.464260373796737,0.6352510154247284,0.567009836435318,0.5670098066329956,0.2915554344654083,0.3443179726600647,22.74706745147705,0.003,0.8,0.001,27,0.0586138000035134,1.9523309000069275,20.80152671755725,5.0,0.004,True,27,baseline-20260606T024656Z-71ca5239,baseline,none,,,,,
0.606240485395704,0.5150382007871356,0.5150381922721863,0.2621931795563016,0.3160562685557774,22.80057007925851,0.6417776048183441,0.5594328343868256,0.5594328343868256,0.2879319787025451,0.3393760472536087,20.586191177368164,0.004,0.8,0.001,28,0.0579045000013138,2.0102354000082414,20.11070110701107,5.0,0.005,True,28,baseline-20260606T024656Z-71ca5239,baseline,none,,,,,
0.6161061099597386,0.5183813657079425,0.5183813571929932,0.2653151324817112,0.3163327830178397,19.54494912283761,0.6529867649078369,0.562785804271698,0.562785804271698,0.2902204245328903,0.3407067358493805,18.040197372436523,0.005,0.8,0.001,29,0.060293399998045,2.0705288000062865,19.46428571428571,5.0,0.004,True,29,baseline-20260606T024656Z-71ca5239,baseline,none,,,,,
0.5918796232768467,0.5132308346884591,0.5132308517183576,0.2618671080895832,0.3142046758106777,19.66219602312361,0.641519695520401,0.5582708716392517,0.5582708716392517,0.2866138219833374,0.3395713120698929,20.81220531463623,0.004,0.8,0.001,30,0.0587031000031856,2.129231900009472,18.858131487889278,5.0,0.005,True,30,baseline-20260606T024656Z-71ca5239,baseline,none,,,,,
0.6092926945005145,0.505811584847314,0.5058115805898394,0.2588106606687818,0.3087511445794786,20.696222032819477,0.6500939428806305,0.5587307512760162,0.5587307810783386,0.2880098521709442,0.3384011387825012,18.27263832092285,0.005,0.8,0.001,31,0.059023600002547,2.188255500012019,18.288590604026847,5.0,0.00484047716896,True,31,baseline-20260606T024656Z-71ca5239,baseline,none,,,,,
0.5985212070601327,0.5091490490095956,0.5091490575245449,0.2603416698319571,0.3110092197145734,18.463502883911133,0.6448650360107422,0.558660238981247,0.558660238981247,0.2879638224840164,0.3383705168962478,17.80915355682373,0.00484047716896,0.8,0.001,32,0.061963399999513,2.250218900011532,17.752442996742666,5.0,0.0054075827697706,True,32,baseline-20260606T024656Z-71ca5239,baseline,none,,,,,
0.6091104320117405,0.5091131925582886,0.5091132010732379,0.2594980299472809,0.3120189436844417,18.49203954424177,0.6540658175945282,0.5567054152488708,0.5567054152488708,0.2867550402879715,0.3374379128217697,18.004419326782227,0.0054075827697706,0.8,0.001,33,0.0605709000010392,2.3107898000125715,17.246835443037973,5.0,0.0064075827697706,True,33,baseline-20260606T024656Z-71ca5239,baseline,none,,,,,
0.6261237008231026,0.511782339641026,0.5117823226111275,0.2619439022881644,0.3122980339186532,17.84469495500837,0.6612519919872284,0.5538627207279205,0.5538627207279205,0.2837090194225311,0.3376920968294143,16.759716987609863,0.0064075827697706,0.8,0.001,34,0.0584586999975726,2.369248500010144,16.769230769230766,5.0,0.0063124449535616,True,34,baseline-20260606T024656Z-71ca5239,baseline,none,,,,,
0.6161413022450039,0.5067223906517029,0.5067223906517029,0.2605657407215663,0.307695814541408,17.33384050641741,0.6631641387939453,0.5541642606258392,0.5541642606258392,0.2851476073265075,0.336270809173584,17.267457962036133,0.0063124449535616,0.8,0.001,35,0.0604832999997597,2.429731800009904,16.317365269461078,5.0,0.0073124449535616,True,35,baseline-20260606T024656Z-71ca5239,baseline,none,,,,,
0.6365356019565037,0.5108492715018136,0.5108492629868644,0.2619873796190534,0.3110773520810263,17.188004084995814,0.6767918765544891,0.5554332733154297,0.5554332733154297,0.2856522500514984,0.3372262865304947,16.596171379089355,0.0073124449535616,0.8,0.001,36,0.0600740000008954,2.4898058000107994,15.889212827988338,5.0,0.0083124449535616,True,36,baseline-20260606T024656Z-71ca5239,baseline,none,,,,,
0.6511023896081107,0.5179155809538705,0.5179155724389213,0.2654520996979305,0.3155793334756578,16.022578920636857,0.682187408208847,0.5522122383117676,0.5522122383117676,0.2827627062797546,0.3368119150400162,15.636212825775146,0.0083124449535616,0.8,0.001,37,0.0629254999985278,2.5527313000093272,15.482954545454549,5.0,0.0093124449535616,True,37,baseline-20260606T024656Z-71ca5239,baseline,none,,,,,
0.6617760913712638,0.517207954611097,0.517207954611097,0.2654940145356314,0.3146424293518066,15.524185861860005,0.6930635571479797,0.5582452714443207,0.5582453012466431,0.2878822386264801,0.3379538208246231,14.477217197418211,0.0093124449535616,0.8,0.001,38,0.0615276000025915,2.6142589000119187,15.096952908587255,5.0,0.0083124449535616,True,38,baseline-20260606T024656Z-71ca5239,baseline,none,,,,,
0.6464188950402396,0.5151409889970507,0.5151409932545253,0.2647159908499036,0.3130312178816114,15.79293509892055,0.6859081983566284,0.5566784739494324,0.55667844414711,0.28690867125988,0.3372122198343277,15.5465350151062,0.0083124449535616,0.8,0.001,39,0.0652306000010867,2.679489500013005,14.729729729729732,5.0,0.0093124449535616,True,39,baseline-20260606T024656Z-71ca5239,baseline,none,,,,,
0.6597114631107875,0.5146883044924054,0.5146883044924054,0.2648835352488926,0.3122559700693403,15.57304845537458,0.6870373487472534,0.5530519485473633,0.5530519187450409,0.2846575677394867,0.3354929238557815,14.387779235839844,0.0093124449535616,0.8,0.001,40,0.0635746000007202,2.7430641000137257,14.379947229551448,5.0,0.0093907650164456,True,40,baseline-20260606T024656Z-71ca5239,baseline,none,,,,,
0.6598792757306781,0.5186303768839154,0.5186303853988647,0.2664821147918701,0.3151853254863194,15.04125622340611,0.6830971539020538,0.5497472882270813,0.5497472882270813,0.2831158488988876,0.3332892656326294,14.200107097625732,0.0093907650164456,0.8,0.001,41,0.0628147999996144,2.80587890001334,14.046391752577314,5.0,0.0103907650164456,True,41,baseline-20260606T024656Z-71ca5239,baseline,none,,,,,
0.6685702119554792,0.5143981746264866,0.5143981746264866,0.2657156458922795,0.3108531534671783,14.837410381862096,0.6969598233699799,0.5490802228450775,0.5490802228450775,0.28188656270504,0.3339920789003372,14.231828689575195,0.0103907650164456,0.8,0.001,42,0.0617610000008426,2.867639900014183,13.727959697733,5.0,0.0113907650164456,True,42,baseline-20260606T024656Z-71ca5239,baseline,none,,,,,
0.6801127195358276,0.5189860888889858,0.5189860888889858,0.2674809438841684,0.3143814248698098,14.145373889378138,0.7078066468238831,0.5516032576560974,0.5516032576560974,0.2832778543233871,0.3354067653417587,13.71316146850586,0.0113907650164456,0.8,0.001,43,0.05972020000263,2.927360100016813,13.423645320197046,5.0,0.0123907650164456,True,43,baseline-20260606T024656Z-71ca5239,baseline,none,,,,,
0.6969049317496163,0.5225957206317356,0.5225957121167865,0.270083555153438,0.3156401983329228,14.06767054966518,0.7164390087127686,0.550415426492691,0.550415426492691,0.2831849604845047,0.3340380638837814,13.39897918701172,0.0123907650164456,0.8,0.001,44,0.0624839000010979,2.9898440000179107,13.132530120481931,5.0,0.0133907650164456,True,44,baseline-20260606T024656Z-71ca5239,baseline,none,,,,,
0.7002514515604291,0.5195767368589129,0.5195767368589129,0.2676204059805189,0.3149454210485731,13.492486953735352,0.7216626703739166,0.5483399927616119,0.5483399927616119,0.282040074467659,0.3328748792409897,12.943448543548584,0.0133907650164456,0.8,0.001,45,0.0613671999999496,3.0512112000178604,12.85377358490566,5.0,0.0142875146028748,True,45,baseline-20260606T024656Z-71ca5239,baseline,none,,,,,
0.7131819299289158,0.5260509933744159,0.5260509763445173,0.2713521974427359,0.3183734842709133,13.0975159236363,0.7401136159896851,0.5482172667980194,0.5482172667980194,0.2818816751241684,0.3329194784164428,13.43105173110962,0.0142875146028748,0.8,0.001,46,0.0619309000030625,3.113142100020923,12.586605080831404,5.0,0.0152875146028748,True,46,baseline-20260606T024656Z-71ca5239,baseline,none,,,,,
0.7270572185516357,0.5268767135483878,0.5268767135483878,0.2730884850025177,0.317235278231757,13.094378880092076,0.7452201843261719,0.5508791208267212,0.5508791208267212,0.2830798476934433,0.3347491025924682,12.712404251098633,0.0152875146028748,0.8,0.001,47,0.0655755999978282,3.178717700018751,12.33031674208145,5.0,0.0162875146028748,True,47,baseline-20260606T024656Z-71ca5239,baseline,none,,,,,
0.7439931375639779,0.5406739967209953,0.540673988206046,0.2804128783089774,0.3253263745989118,12.483128138950892,0.7525415122509003,0.5497682988643646,0.5497682690620422,0.2831001877784729,0.3333350867033005,12.449610233306885,0.0162875146028748,0.8,0.001,48,0.0601576000008208,3.238875300019572,12.084257206208427,5.0,0.0172875146028748,True,48,baseline-20260606T024656Z-71ca5239,baseline,none,,,,,
0.7574182919093541,0.5426355600357056,0.5426355515207563,0.2826164705412728,0.3250238554818289,12.424153464181083,0.7521941065788269,0.5502743124961853,0.5502743124961853,0.2829372435808182,0.3341713547706604,11.680092811584473,0.0172875146028748,0.8,0.001,49,0.0594592000015836,3.298334500021156,11.847826086956523,5.0,0.0162875146028748,True,49,baseline-20260606T024656Z-71ca5239,baseline,none,,,,,
0.7382465430668422,0.5344048397881644,0.5344048483031136,0.2776265910693577,0.3209728257996695,12.51521110534668,0.753194659948349,0.5489397048950195,0.5489397346973419,0.2822595983743667,0.3333501666784286,12.540584087371826,0.0162875146028748,0.8,0.001,50,0.0682823999995889,3.3666169000207447,11.620469083155657,5.0,0.0172875146028748,True,50,baseline-20260606T024656Z-71ca5239,baseline,none,,,,,
0.7483957069260734,0.5353525536400932,0.5353525536400932,0.277478460754667,0.3223425958837781,12.323527199881417,0.7543340027332306,0.55097496509552,0.55097496509552,0.2829569727182388,0.3350224792957306,11.763347148895264,0.0172875146028748,0.8,0.001,51,0.0610183000026154,3.42763520002336,11.40167364016736,5.0,0.0182875146028748,True,51,baseline-20260606T024656Z-71ca5239,baseline,none,,,,,
0.7580885972295489,0.535153695515224,0.535153695515224,0.2774899687085833,0.3220796372209276,12.1905517578125,0.7557872831821442,0.5484525263309479,0.5484525263309479,0.2820155918598175,0.3330461531877517,11.33750343322754,0.0182875146028748,0.8,0.001,52,0.058130199999141,3.485765400022501,11.190965092402465,5.0,0.0192875146028748,True,52,baseline-20260606T024656Z-71ca5239,baseline,none,,,,,
0.7707609789712089,0.5460106560162136,0.5460106475012643,0.283989599772862,0.3275262883731297,11.652631895882744,0.7753022313117981,0.5488630831241608,0.5488631129264832,0.2831300497055053,0.3321663290262222,11.740192413330078,0.0192875146028748,0.8,0.001,53,0.0604802999987441,3.5462457000212453,10.987903225806448,5.0,0.0202875146028748,True,53,baseline-20260606T024656Z-71ca5239,baseline,none,,,,,
0.7815596461296082,0.5429599455424717,0.5429599370275225,0.283088207244873,0.3248396515846252,11.760913440159388,0.7814716696739197,0.5485419929027557,0.5485419929027557,0.2823694348335266,0.332715705037117,11.481430053710938,0.0202875146028748,0.8,0.001,54,0.0586492999973415,3.604895000018587,10.792079207920786,5.0,0.0212875146028748,True,54,baseline-20260606T024656Z-71ca5239,baseline,none,,,,,
0.7849982721464974,0.5474904435021537,0.5474904179573059,0.2849420266492026,0.3281854944569723,11.157142639160156,0.7848910093307495,0.557049572467804,0.5570495426654816,0.2869664877653122,0.3376037925481796,10.703054904937744,0.0212875146028748,0.8,0.001,55,0.0579240000006393,3.662819000019226,10.603112840466927,5.0,0.022286935247583,True,55,baseline-20260606T024656Z-71ca5239,baseline,none,,,,,
0.7995435680661883,0.5502218093190875,0.5502218093190875,0.2870820505278451,0.3289246899741037,11.186901773725236,0.7930952608585358,0.5519640743732452,0.5519640743732452,0.2846334427595138,0.3341632932424545,10.81939697265625,0.022286935247583,0.8,0.001,56,0.0621998999995412,3.725018900018768,10.42065009560229,5.0,0.023286935247583,True,56,baseline-20260606T024656Z-71ca5239,baseline,none,,,,,
0.8109599011284965,0.556917062827519,0.5569170457976205,0.2908757925033569,0.3325515517166683,10.909243311200823,0.7914799749851227,0.5510424971580505,0.5510424971580505,0.2848065942525863,0.3327948749065399,10.324995040893556,0.023286935247583,0.8,0.001,57,0.062921799999458,3.7879407000182255,10.244360902255636,5.0,0.0240932766339622,True,57,baseline-20260606T024656Z-71ca5239,baseline,none,,,,,
0.8227684923580715,0.5627431954656329,0.5627431954656329,0.2941081736768995,0.3357937676565988,10.792442321777344,0.8069621324539185,0.5490376949310303,0.5490376949310303,0.281948059797287,0.3338620364665985,10.705246448516846,0.0240932766339622,0.8,0.001,58,0.0582216000002517,3.846162300018477,10.073937153419593,5.0,0.0250932766339622,True,58,baseline-20260606T024656Z-71ca5239,baseline,none,,,,,
0.8298432316098895,0.5621501633099147,0.5621501718248639,0.2928353888647897,0.3366434616701944,10.66792093004499,0.8043590188026428,0.5510430932044983,0.5510430932044983,0.2833040952682495,0.3346737325191498,10.094972133636476,0.0250932766339622,0.8,0.001,59,0.0586101999979291,3.9047725000164064,9.909090909090908,5.0,0.0260932766339622,True,59,baseline-20260606T024656Z-71ca5239,baseline,none,,,,,
0.8385643873895917,0.5668950166021075,0.5668950251170567,0.2971219079835074,0.33721638577325,10.41147095816476,0.8125270307064056,0.5509056150913239,0.5509056150913239,0.2842214554548263,0.333355188369751,10.026392936706545,0.0260932766339622,0.8,0.001,60,0.0596046999999089,3.9643772000163153,9.749552772808585,5.0,0.0270932766339622,True,60,baseline-20260606T024656Z-71ca5239,baseline,none,,,,,
0.8494533981595721,0.5684948308127267,0.5684948308127267,0.2970032266208103,0.339364481823785,10.370047433035714,0.8175127804279327,0.5504184663295746,0.5504184663295746,0.2822020947933197,0.3352704644203186,9.85832452774048,0.0270932766339622,0.8,0.001,61,0.0641384000009566,4.028515600017272,9.595070422535208,5.0,0.0280932766339622,True,61,baseline-20260606T024656Z-71ca5239,baseline,none,,,,,
0.8583686011178153,0.572486434664045,0.572486434664045,0.2993141966206686,0.3414652730737413,10.17617770603725,0.8267136216163635,0.5547305047512054,0.5547305047512054,0.2857725471258163,0.3361974358558655,9.681431293487549,0.0280932766339622,0.8,0.001,62,0.061303599999519,4.089819200016791,9.44540727902946,5.0,0.0290932766339622,True,62,baseline-20260606T024656Z-71ca5239,baseline,none,,,,,
0.8677312646593366,0.578846641949245,0.5788466249193464,0.3043650090694427,0.3431020208767482,9.929600306919642,0.8274858593940735,0.553390771150589,0.5533907413482666,0.2858708351850509,0.3343998789787292,9.421253204345703,0.0290932766339622,0.8,0.001,63,0.060683899999276,4.150503100016067,9.300341296928323,5.0,0.0300932766339622,True,63,baseline-20260606T024656Z-71ca5239,baseline,none,,,,,
0.8770964401108878,0.5766063588006156,0.5766063673155648,0.3038580843380519,0.3409353452069418,9.985289573669434,0.8375956118106842,0.5547086596488953,0.5547086596488953,0.2868079543113708,0.3348758518695831,9.400336742401125,0.0300932766339622,0.8,0.001,64,0.0588242000012542,4.209327300017321,9.15966386554622,5.0,0.0310932766339622,True,64,baseline-20260606T024656Z-71ca5239,baseline,none,,,,,
0.8886021801403591,0.5885961396353585,0.588596156665257,0.3102141107831682,0.3479775445801871,9.648582322256903,0.8579555749893188,0.5515770316123962,0.5515770316123962,0.2845682948827743,0.3337608873844147,9.853530883789062,0.0310932766339622,0.8,0.001,65,0.0587678999982017,4.268095200015523,9.02317880794702,5.0,0.0320932766339622,True,65,baseline-20260606T024656Z-71ca5239,baseline,none,,,,,
0.897104093006679,0.5914038249424526,0.5914038249424526,0.3099934416157858,0.3517629717077528,9.525368145533973,0.8734020292758942,0.5626918077468872,0.5626918077468872,0.2909345477819443,0.3396966010332107,9.681474208831789,0.0320932766339622,0.8,0.001,66,0.0604216000028827,4.328516800018406,8.890701468189235,5.0,0.0330932766339622,True,66,baseline-20260606T024656Z-71ca5239,baseline,none,,,,,
0.909689017704555,0.5966456277029855,0.5966456021581378,0.3131813364369528,0.3543303353445871,9.45942565373012,0.8703331351280212,0.5535922348499298,0.5535922646522522,0.285235047340393,0.3354464918375015,9.57115650177002,0.0330932766339622,0.8,0.001,67,0.0587645000014163,4.387281300019822,8.762057877813504,5.0,0.0340932766339622,True,67,baseline-20260606T024656Z-71ca5239,baseline,none,,,,,
0.9144692846706935,0.5977732539176941,0.5977732539176941,0.31513626234872,0.353296228817531,9.289105142865862,0.8575452268123627,0.5557279288768768,0.5557279288768768,0.2883670926094055,0.3342010378837585,8.852692127227783,0.0340932766339622,0.8,0.001,68,0.0632684999982302,4.450549800018052,8.637083993660859,5.0,0.0350932766339622,True,68,baseline-20260606T024656Z-71ca5239,baseline,none,,,,,
0.919390516621726,0.5915918265070234,0.5915918265070234,0.3131915118013109,0.3480004072189331,9.34078311920166,0.8605776429176331,0.5600350499153137,0.560034990310669,0.2897385060787201,0.3378705978393554,8.564107894897461,0.0350932766339622,0.8,0.001,69,0.0607827999992878,4.51133260001734,8.515625,5.0,0.0355781055829368,True,69,baseline-20260606T024656Z-71ca5239,baseline,none,,,,,
0.9212264844349451,0.599460414477757,0.599460414477757,0.3166554357324327,0.3535061989511762,9.043935094560895,0.8556577861309052,0.5562782287597656,0.556278258562088,0.2885145992040634,0.3347045928239822,8.414712905883789,0.0355781055829368,0.8,0.001,70,0.0659183000025223,4.577250900019863,8.397534668721107,5.0,0.0357498879545636,True,70,baseline-20260606T024656Z-71ca5239,baseline,none,,,,,
0.9228640113558088,0.597496509552002,0.5974965180669513,0.3160263214792524,0.3518377499920981,9.1012179510934,0.8619209229946136,0.5554320216178894,0.5554320216178894,0.2881891131401062,0.3340536504983902,8.573143005371094,0.0357498879545636,0.8,0.001,71,0.061540499998955,4.6387914000188175,8.282674772036472,5.0,0.0367498879545636,True,71,baseline-20260606T024656Z-71ca5239,baseline,none,,,,,
0.9261003306933812,0.6006319522857666,0.6006319608007159,0.3183696142264774,0.35282792363848,8.85630920955113,0.8622056245803833,0.5549258589744568,0.5549258291721344,0.2877765148878097,0.3339366167783737,8.361379623413086,0.0367498879545636,0.8,0.001,72,0.0596483000008447,4.698439700019662,8.170914542728639,5.0,0.0377498879545636,True,72,baseline-20260606T024656Z-71ca5239,baseline,none,,,,,
0.9358504329408918,0.6056906666074481,0.6056906580924988,0.319032962833132,0.3583221137523651,8.745980398995536,0.8749111890792847,0.5570381879806519,0.5570381879806519,0.2887815833091736,0.3353207260370254,8.420501708984375,0.0377498879545636,0.8,0.001,73,0.0656901999973342,4.7641299000169965,8.062130177514796,5.0,0.0387498879545636,True,73,baseline-20260606T024656Z-71ca5239,baseline,none,,,,,
0.944495839732034,0.6023963689804077,0.602396377495357,0.3184721895626613,0.354905217885971,8.828399113246373,0.8841511905193329,0.5613066852092743,0.5613067150115967,0.2909659296274185,0.3379259258508682,8.331495761871338,0.0387498879545636,0.8,0.001,74,0.0634150999976554,4.827545000014652,7.956204379562045,5.0,0.0397498879545636,True,74,baseline-20260606T024656Z-71ca5239,baseline,none,,,,,
0.9551790612084524,0.6146270888192313,0.6146270973341805,0.3249560551983969,0.3620888037340982,8.567369324820381,0.891585499048233,0.5608558058738708,0.5608558356761932,0.2902611494064331,0.3382433503866195,8.320267677307129,0.0397498879545636,0.8,0.001,75,0.0583318999997573,4.885876900014409,7.853025936599423,5.0,0.0407498879545636,True,75,baseline-20260606T024656Z-71ca5239,baseline,none,,,,,
0.9650384613445828,0.6223122988428388,0.6223123073577881,0.3299763969012669,0.3654198731694902,8.410480771745954,0.8976110816001892,0.557576447725296,0.5575764179229736,0.288209781050682,0.3367082923650741,8.344430923461914,0.0407498879545636,0.8,0.001,76,0.0646768000005977,4.950553700015007,7.752489331436699,5.0,0.0417498879545636,True,76,baseline-20260606T024656Z-71ca5239,baseline,none,,,,,
0.9774070296968732,0.6254946844918388,0.6254946759768895,0.3305379365171705,0.3686959317752293,8.429060935974121,0.9091689884662628,0.5595802664756775,0.5595802664756775,0.2905119061470032,0.3363354355096817,8.37340497970581,0.0417498879545636,0.8,0.001,77,0.0583579000012832,5.00891160001629,7.65449438202247,5.0,0.0427498879545636,True,77,baseline-20260606T024656Z-71ca5239,baseline,none,,,,,
0.9841357128960746,0.6234201448304313,0.623420136315482,0.3314965580190931,0.3649044547762189,8.437812737056188,0.8938597440719604,0.5664230585098267,0.5664230585098267,0.2943695187568664,0.3400668948888778,7.65935754776001,0.0427498879545636,0.8,0.001,78,0.0600021000027481,5.068913700019039,7.558945908460473,5.0,0.0437498879545636,True,78,baseline-20260606T024656Z-71ca5239,baseline,none,,,,,
0.985396683216095,0.6290508168084281,0.6290508168084281,0.3347607212407248,0.3678626205239977,8.145069122314453,0.8927739262580872,0.5669734179973602,0.5669733881950378,0.2947164624929428,0.3403211832046509,7.446887731552124,0.0437498879545636,0.8,0.001,79,0.0630010000022593,5.131914700021298,7.465753424657535,5.0,0.0435612310235095,True,79,baseline-20260606T024656Z-71ca5239,baseline,none,,,,,
0.9906772119658334,0.630928533417838,0.6309285419327872,0.3357753711087363,0.3689414518220084,8.25846004486084,0.9099075496196748,0.5614171624183655,0.5614171624183655,0.291841596364975,0.3369694501161575,8.000012636184692,0.0435612310235095,0.8,0.001,80,0.0603603000017756,5.1922750000230735,7.374830852503379,5.0,0.0445612310235095,True,80,baseline-20260606T024656Z-71ca5239,baseline,none,,,,,
0.9879765595708576,0.6234937906265259,0.6234937821115766,0.3318494515759604,0.3645554057189396,8.179369790213448,0.896270215511322,0.5655125677585602,0.5655125677585602,0.2952040135860443,0.3378856629133224,7.42254376411438,0.0445612310235095,0.8,0.001,81,0.0602121999982045,5.252487200021278,7.286096256684488,5.0,0.0455612310235095,True,81,baseline-20260606T024656Z-71ca5239,baseline,none,,,,,
1.013342491218022,0.64799964427948,0.64799964427948,0.3439780303410121,0.3800270131656101,8.01872171674456,0.9302295446395874,0.5635259747505188,0.5635259747505188,0.2926420867443084,0.3386048674583435,8.048587560653687,0.0455612310235095,0.8,0.001,82,0.0595235000000684,5.312010700021347,7.199471598414796,5.0,0.0465612310235095,True,82,baseline-20260606T024656Z-71ca5239,baseline,none,,,,,
1.0110109533582414,0.6417032820837838,0.6417032820837838,0.3410780429840088,0.3757815446172441,7.93165602002825,0.9290388822555542,0.5716858208179474,0.5716858506202698,0.2973024100065231,0.3429792523384094,7.674906015396118,0.0465612310235095,0.8,0.001,83,0.0592558000025746,5.371266500023921,7.114882506527415,5.0,0.0475612310235095,True,83,baseline-20260606T024656Z-71ca5239,baseline,none,,,,,
1.006465630871909,0.631876426083701,0.6318764431135995,0.337847705398287,0.367535901921136,7.8759356907435825,0.9134314656257628,0.5730070769786835,0.5730070471763611,0.2991943657398224,0.3422658741474151,7.157602548599243,0.0475612310235095,0.8,0.001,84,0.0601446000000578,5.431411100023979,7.032258064516128,5.0,0.0485612310235095,True,84,baseline-20260606T024656Z-71ca5239,baseline,none,,,,,
1.0125643270356317,0.6394092610904148,0.6394092440605164,0.3420342121805463,0.3717187855924879,7.684217589242118,0.9269095361232758,0.5688202977180481,0.5688202977180481,0.2962347418069839,0.3407319337129593,7.373974084854126,0.0485612310235095,0.8,0.001,85,0.0631554999999934,5.494566600023973,6.951530612244902,5.0,0.0495612310235095,True,85,baseline-20260606T024656Z-71ca5239,baseline,none,,,,,
1.0190995591027396,0.6393523301397052,0.6393523216247559,0.3405654174940927,0.3734836365495409,7.662183012281146,0.9284104108810424,0.5660420358181,0.5660420358181,0.2940069884061813,0.3400438129901886,7.311528444290161,0.0495612310235095,0.8,0.001,86,0.0627166000012948,5.557283200025267,6.872635561160152,5.0,0.0505612310235095,True,86,baseline-20260606T024656Z-71ca5239,baseline,none,,,,,
1.0282799175807409,0.6418387975011554,0.641838788986206,0.3423546339784349,0.3743551671504974,7.643032210213797,0.9313542246818542,0.5652429163455963,0.5652429163455963,0.293530598282814,0.3396403938531875,7.240949153900146,0.0505612310235095,0.8,0.001,87,0.0649119000008795,5.622195100026147,6.795511221945134,5.0,0.0515612310235095,True,87,baseline-20260606T024656Z-71ca5239,baseline,none,,,,,
1.0420318501336234,0.6565393124307904,0.6565393209457397,0.3511299746377127,0.3817616701126098,7.4764034407479425,0.9531419277191162,0.5748678147792816,0.5748678147792816,0.3004326671361923,0.3430439382791519,7.3364057540893555,0.0515612310235095,0.8,0.001,88,0.0617864000014378,5.683981500027585,6.720098643649813,5.0,0.0525612310235095,True,88,baseline-20260606T024656Z-71ca5239,baseline,none,,,,,
1.04716580254691,0.6516250627381461,0.6516250457082476,0.3496499913079398,0.3774688158716474,7.525332859584263,0.9487048983573914,0.5718423426151276,0.5718423128128052,0.2986346483230591,0.3415095806121826,7.169971942901611,0.0525612310235095,0.8,0.001,89,0.0604916999982378,5.744473200025823,6.646341463414636,5.0,0.0535612310235095,True,89,baseline-20260606T024656Z-71ca5239,baseline,none,,,,,
1.0534535816737585,0.6628714544432504,0.6628714459283012,0.3552769976002829,0.3844930572169168,7.292254720415388,0.9388759136199952,0.5727728009223938,0.5727728009223938,0.3005236387252807,0.3403114676475525,6.835226058959961,0.0535612310235095,0.8,0.001,90,0.0652784000012616,5.809751600027084,6.57418576598311,5.0,0.0545612310235095,True,90,baseline-20260606T024656Z-71ca5239,baseline,none,,,,,
1.0614142417907717,0.6690191115651812,0.6690190945352826,0.3570328439985002,0.3899828195571899,7.191830430712018,0.9420042335987092,0.5823034346103668,0.5823034644126892,0.3064838200807571,0.3447745442390442,6.592607736587524,0.0545612310235095,0.8,0.001,91,0.0684418999990157,5.8781935000261,6.503579952267302,5.0,0.0554515088667117,True,91,baseline-20260606T024656Z-71ca5239,baseline,none,,,,,
1.0771270649773734,0.6692691189902169,0.6692691189902169,0.3582890927791595,0.3887250210557665,7.355218342372349,0.9559933245182036,0.5769224464893341,0.5769224464893341,0.3019823282957077,0.3436751216650009,6.836078882217407,0.0554515088667117,0.8,0.001,92,0.0643828000029316,5.942576300029032,6.434474616292796,5.0,0.0564515088667117,True,92,baseline-20260606T024656Z-71ca5239,baseline,none,,,,,
1.065362879208156,0.6657506057194301,0.6657506057194301,0.3576402962207794,0.3851378858089447,7.07885878426688,0.9545282423496246,0.5778213441371918,0.5778213739395142,0.3003750741481781,0.3468078523874283,6.673105955123901,0.0564515088667117,0.8,0.001,93,0.0601257999987865,6.002702100027818,6.3668224299065415,5.0,0.0574515088667117,True,93,baseline-20260606T024656Z-71ca5239,baseline,none,,,,,
1.0800584724971227,0.6776608995028904,0.6776609080178397,0.3625672417027609,0.3938670797007425,7.004125663212368,0.954708695411682,0.576389729976654,0.576389729976654,0.3017422258853912,0.3433094024658203,6.58501410484314,0.0574515088667117,0.8,0.001,94,0.0596580000019457,6.062360100029764,6.300578034682083,5.0,0.0584515088667117,True,94,baseline-20260606T024656Z-71ca5239,baseline,none,,,,,
1.084381103515625,0.672495458807264,0.6724954673222133,0.3612267587866102,0.3890858760901859,7.046620982033866,0.9623400270938872,0.57749342918396,0.57749342918396,0.3027586191892624,0.3434185087680816,6.58403205871582,0.0584515088667117,0.8,0.001,95,0.0581510000010894,6.120511100030853,6.235697940503435,5.0,0.0594515088667117,True,95,baseline-20260606T024656Z-71ca5239,baseline,none,,,,,
1.0971166065761022,0.6796317270823887,0.6796317270823887,0.364060240132468,0.3944643565586635,7.022274902888706,0.980726420879364,0.5697195827960968,0.5697196125984192,0.2971867471933365,0.3406660556793213,6.913311958312988,0.0594515088667117,0.8,0.001,96,0.0650724000006448,6.185583500031498,6.172140430351078,5.0,0.0604515088667117,True,96,baseline-20260606T024656Z-71ca5239,baseline,none,,,,,
1.0854212386267523,0.6826352477073669,0.6826352477073669,0.3656618467399052,0.3962167458874838,6.662960461207798,0.9776946008205414,0.5773256719112396,0.5773256719112396,0.3016542345285415,0.3445892632007599,6.622976779937744,0.0604515088667117,0.8,0.001,97,0.0636104000004706,6.249193900031969,6.109865470852014,5.0,0.0614515088667117,True,97,baseline-20260606T024656Z-71ca5239,baseline,none,,,,,
1.0950738021305628,0.6828051975795201,0.6828051890645709,0.3673186557633536,0.3943581666265215,6.708844116755894,0.966542899608612,0.5877211391925812,0.5877211391925812,0.3089026361703872,0.3485230952501297,6.164563894271851,0.0614515088667117,0.8,0.001,98,0.0609487000001536,6.310142600032123,6.048834628190896,5.0,0.0624515088667117,True,98,baseline-20260606T024656Z-71ca5239,baseline,none,,,,,
1.1002472298485892,0.6825298496655056,0.6825298496655056,0.3674217249665941,0.3938851399081094,6.688667569841657,0.9695996940135956,0.581775963306427,0.581775963306427,0.3048103004693985,0.3462070375680923,6.209997653961182,0.0624515088667117,0.8,0.001,99,0.0679734000004828,6.378116000032605,5.989010989010993,5.0,0.0634515088667117,True,99,baseline-20260606T024656Z-71ca5239,baseline,none,,,,,
1.1164907898221696,0.696126537663596,0.6961265206336975,0.3745346197060176,0.4019898687090192,6.624968869345529,1.0085020065307615,0.5817351937294006,0.5817351937294006,0.3057575970888138,0.3449719697237015,6.7258734703063965,0.0634515088667117,0.8,0.001,100,0.0611634999986563,6.439279500031262,5.930359085963005,5.0,0.0644515088667117,True,100,baseline-20260606T024656Z-71ca5239,baseline,none,,,,,
1.1218207904270716,0.6972752809524536,0.6972752724375043,0.3755266198090145,0.4021858232361929,6.587053230830601,1.000764787197113,0.5928041040897369,0.5928041040897369,0.3120587766170501,0.3509316593408584,6.329730272293091,0.0644515088667117,0.8,0.001,101,0.064064000001963,6.503343500033225,5.872844827586206,5.0,0.0654515088667117,True,101,baseline-20260606T024656Z-71ca5239,baseline,none,,,,,
1.1303513390677316,0.7062398195266724,0.7062398110117231,0.3800759741238185,0.4077047961098807,6.479781900133405,0.9944804310798644,0.5914372801780701,0.5914373099803925,0.312223806977272,0.349016860127449,6.157889127731323,0.0654515088667117,0.8,0.001,102,0.0612691000023915,6.564612600035616,5.81643543223052,5.0,0.0664515088667117,True,102,baseline-20260606T024656Z-71ca5239,baseline,none,,,,,
1.1326193128313338,0.6963590894426618,0.6963590809277126,0.3747858447687966,0.4019665420055389,6.565091064998081,0.980900377035141,0.5857610404491425,0.5857610404491425,0.3076280653476715,0.3476662337779999,5.946280479431152,0.0664515088667117,0.8,0.001,103,0.0649383000018133,6.6295509000374295,5.761099365750525,5.0,0.0674515088667117,True,103,baseline-20260606T024656Z-71ca5239,baseline,none,,,,,
1.1409283365522112,0.7153572184698922,0.7153572269848415,0.3864623350756509,0.4111185925347464,6.3092900684901645,1.0081669688224792,0.5839925408363342,0.5839925408363342,0.3071222156286239,0.3460878580808639,6.288583040237427,0.0674515088667117,0.8,0.001,104,0.0628858000018226,6.692436700039252,5.706806282722511,5.0,0.0684515088667118,True,104,baseline-20260606T024656Z-71ca5239,baseline,none,,,,,
1.1484496763774328,0.7079789468220302,0.7079789468220302,0.381802145923887,0.4077209915433611,6.434785229819162,1.0044808387756348,0.5879947543144226,0.5879947543144226,0.3095498085021972,0.3480561673641205,6.084396362304688,0.0684515088667118,0.8,0.001,105,0.0624537999974563,6.7548905000367085,5.65352697095436,5.0,0.0694515088667118,True,105,baseline-20260606T024656Z-71ca5239,baseline,none,,,,,
1.1500282628195626,0.7182089601244245,0.7182089516094753,0.3887597279889243,0.4118115433624812,6.217565604618618,1.0050150752067566,0.5942789316177368,0.5942789316177368,0.3143097907304764,0.3499614298343658,5.913999080657959,0.0694515088667118,0.8,0.001,106,0.0617246000001614,6.81661510003687,5.601233299075027,5.0,0.0704515088667118,True,106,baseline-20260606T024656Z-71ca5239,baseline,none,,,,,
1.1561662980488367,0.717247588293893,0.7172475968088422,0.3882489417280469,0.4112483177866254,6.230082920619419,0.9859194159507751,0.5873141288757324,0.5873141586780548,0.3096098154783249,0.3471304029226303,5.657867670059204,0.0704515088667118,0.8,0.001,107,0.0624767000008432,6.879091800037713,5.549898167006106,5.0,0.0714515088667118,True,107,baseline-20260606T024656Z-71ca5239,baseline,none,,,,,
1.15335294178554,0.7106674483844212,0.7106674483844212,0.3829011619091034,0.4097078399998801,6.195607389722552,1.016743779182434,0.5916663110256195,0.5916662812232971,0.3116491734981537,0.3500214070081711,5.949174404144287,0.0714515088667118,0.8,0.001,108,0.0645922999974573,6.943684100035171,5.499495459132191,5.0,0.0724515088667118,True,108,baseline-20260606T024656Z-71ca5239,baseline,none,,,,,
1.1738115378788538,0.7342017037527901,0.7342017037527901,0.3968326789992196,0.4217112702982766,6.06764200755528,1.0319971442222595,0.5985327959060669,0.5985327959060669,0.3168495744466781,0.3521040081977844,5.9828197956085205,0.0724515088667118,0.8,0.001,109,0.0607376000007207,7.004421700035891,5.450000000000003,5.0,0.0734515088667118,True,109,baseline-20260606T024656Z-71ca5239,baseline,none,,,,,
1.1699168511799405,0.7177295769963946,0.7177295855113438,0.3895481995173863,0.4102267026901245,6.156269277845111,1.0058627724647522,0.5992194414138794,0.5992194414138794,0.3162437975406647,0.3537195026874542,5.536214351654053,0.0734515088667118,0.8,0.001,110,0.0606802000002062,7.0651019000360975,5.401387512388503,5.0,0.0744515088667118,True,110,baseline-20260606T024656Z-71ca5239,baseline,none,,,,,
1.176134433065142,0.7406348075185504,0.7406347990036011,0.4012241448674883,0.4242633027689798,5.849440234048026,1.0246031880378723,0.6034149527549744,0.6034149527549744,0.319436252117157,0.3549733459949493,5.657215356826782,0.0744515088667118,0.8,0.001,111,0.0621833000004699,7.127285200036567,5.353634577603145,5.0,0.0754515088667118,True,111,baseline-20260606T024656Z-71ca5239,baseline,none,,,,,
1.1885817391531808,0.7353585532733372,0.7353585532733372,0.3992912343570164,0.4200841316155025,6.006814479827881,1.0136223435401917,0.6156019568443298,0.6156019568443298,0.3271675258874893,0.3605430573225021,5.275181293487549,0.0754515088667118,0.8,0.001,112,0.0639262000004237,7.191211400036991,5.306718597857838,5.0,0.0751361358230089,True,112,baseline-20260606T024656Z-71ca5239,baseline,none,,,,,
1.184572969164167,0.7475554261888776,0.7475554261888776,0.4056133457592555,0.4274275813783918,5.816343443734305,1.0537859797477722,0.5985172390937805,0.5985172390937805,0.316052109003067,0.3530814349651336,6.059251546859741,0.0751361358230089,0.8,0.001,113,0.0761655999995127,7.267377000036504,5.260617760617762,5.0,0.0761361358230089,True,113,baseline-20260606T024656Z-71ca5239,baseline,none,,,,,
1.1800390992845808,0.7308404786246163,0.7308404701096671,0.3950812177998679,0.4196990643228803,5.899939605167934,1.0142638683319092,0.6011504232883453,0.601150393486023,0.3175464123487472,0.3545049726963043,5.425984144210815,0.0761361358230089,0.8,0.001,114,0.0618928000003506,7.329269800036855,5.215311004784688,5.0,0.0771361358230089,True,114,baseline-20260606T024656Z-71ca5239,baseline,none,,,,,
1.1842208078929355,0.730923593044281,0.730923593044281,0.3949775270053318,0.4199325655187879,5.876586845942906,1.0212562084197998,0.6033218801021576,0.6033218502998352,0.3196742236614227,0.3545595705509186,5.418138742446899,0.0771361358230089,0.8,0.001,115,0.0620992999974987,7.391369100034353,5.170777988614802,5.0,0.0781361358230089,True,115,baseline-20260606T024656Z-71ca5239,baseline,none,,,,,
1.1974061216626848,0.7546788454055786,0.7546788539205279,0.4091676047870091,0.4318890443869999,5.666101455688477,1.0379830598831177,0.5972867608070374,0.5972867608070374,0.3147219270467758,0.3532060533761978,5.640109062194824,0.0781361358230089,0.8,0.001,116,0.0683014999995066,7.45967060003386,5.126999059266225,5.0,0.0791361358230089,True,116,baseline-20260606T024656Z-71ca5239,baseline,none,,,,,
1.1918953997748238,0.7334489311490741,0.7334489226341248,0.3957191577979496,0.4221621879509517,5.793137277875628,1.0320405960083008,0.6060312390327454,0.6060312390327454,0.3201963603496551,0.3572936207056045,5.383246898651123,0.0791361358230089,0.8,0.001,117,0.0656693999990238,7.525340000032884,5.083955223880601,5.0,0.0801361358230089,True,117,baseline-20260606T024656Z-71ca5239,baseline,none,,,,,
1.2102864469800676,0.7591155001095363,0.7591155001095363,0.412999370268413,0.4326451591082981,5.630056313105992,1.0453088879585266,0.6064000129699707,0.6064000129699707,0.3221312165260315,0.3553359657526016,5.477040767669678,0.0801361358230089,0.8,0.001,118,0.0640201000023807,7.589360100035265,5.04162812210916,5.0,0.0811361358230089,True,118,baseline-20260606T024656Z-71ca5239,baseline,none,,,,,
1.2119071994509016,0.7395444256918771,0.7395444342068264,0.4013077446392604,0.4227958619594574,5.821854250771659,1.0239143371582031,0.6065846681594849,0.6065846681594849,0.3199829459190368,0.3582521677017212,5.143573522567749,0.0811361358230089,0.8,0.001,119,0.059228099999018,7.648588200034283,5.0,5.0,0.0821361358230089,True,119,baseline-20260606T024656Z-71ca5239,baseline,none,,,,,
1.2180052995681765,0.7610308698245457,0.7610308613095965,0.4123971249376024,0.4357921481132507,5.56362179347447,1.0653111338615415,0.6154038906097412,0.6154038906097412,0.325249969959259,0.3626923710107803,5.477579832077026,0.0821361358230089,0.8,0.001,120,0.0600873000003048,7.7086755000345875,5.0,5.0,0.0869119341437791,True,120,baseline-20260606T024656Z-71ca5239,baseline,none,,,,,
1.2459265845162528,0.7751391104289463,0.7751391189438956,0.4221544052873339,0.4412308846201215,5.416833673204694,1.080475091934204,0.609748125076294,0.609748125076294,0.3224863409996032,0.3590772002935409,5.416137456893921,0.0869119341437791,0.8,0.001,121,0.0680560000000696,7.776731500034657,5.0,5.0,0.0910733087127183,True,121,baseline-20260606T024656Z-71ca5239,baseline,none,,,,,
1.2641252960477556,0.7728886689458575,0.7728886689458575,0.4201561978885105,0.4409155803067343,5.393859250204904,1.0745580792427063,0.6255007386207581,0.6255007386207581,0.3328128308057785,0.3658598661422729,4.930724143981934,0.0910733087127183,0.8,0.001,122,0.0669246999968891,7.843656200031546,5.0,5.0,0.0903805501525377,True,122,baseline-20260606T024656Z-71ca5239,baseline,none,,,,,
1.2535981280463082,0.7770312258175441,0.7770312173025948,0.4209936772074018,0.445046922990254,5.272892202649798,1.0569950938224792,0.6166549921035767,0.6166549921035767,0.3286958038806915,0.359948992729187,4.872066974639893,0.0903805501525377,0.8,0.001,123,0.0619045000021287,7.905560700033675,5.0,5.0,0.0891012198989366,True,123,baseline-20260606T024656Z-71ca5239,baseline,none,,,,,
1.2576844692230225,0.7995614579745701,0.7995614664895194,0.4366295039653778,0.453664949962071,5.1416023799351285,1.072831153869629,0.6202888786792755,0.6202888786792755,0.3287819474935531,0.3643836379051208,5.078968048095703,0.0891012198989366,0.8,0.001,124,0.0635532999986026,7.969114000032277,5.0,5.0,0.0898909003798936,True,124,baseline-20260606T024656Z-71ca5239,baseline,none,,,,,
1.2512131077902655,0.7698110597474235,0.769811042717525,0.4195763170719147,0.4377934208938053,5.3554036276681085,1.069851577281952,0.623900830745697,0.6239008605480194,0.3316767662763595,0.3652800917625427,4.96102237701416,0.0898909003798936,0.8,0.001,125,0.0584576000001106,8.027571600032388,5.0,5.0,0.0895011241500352,True,125,baseline-20260606T024656Z-71ca5239,baseline,none,,,,,
1.251861538205828,0.7824586204120091,0.7824586033821106,0.4265654299940382,0.4448664784431457,5.244659083230155,1.056111752986908,0.6198971569538116,0.6198971569538116,0.3303955048322677,0.3618770837783813,4.873844861984253,0.0895011241500352,0.8,0.0007,126,0.0588628000004973,8.086434400032886,5.0,5.0,0.0882395727698777,True,126,baseline-20260606T024656Z-71ca5239,baseline,none,,,,,
1.2461710657392229,0.7811448318617684,0.7811448233468192,0.425396523305348,0.4446853825024196,5.270041942596436,1.0760650038719175,0.6165296733379364,0.6165296733379364,0.3272972404956817,0.3615405559539795,5.207814693450928,0.0882395727698777,0.8,0.0007,127,0.0611238999990746,8.14755830003196,5.0,5.0,0.090317719704387,True,127,baseline-20260606T024656Z-71ca5239,baseline,none,,,,,
1.2501942770821708,0.7693954110145569,0.7693954110145569,0.4182510248252323,0.4389304646423885,5.323416641780308,1.0455475449562073,0.612808108329773,0.6128081381320953,0.3251319676637649,0.3595951944589615,4.791301965713501,0.090317719704387,0.8,0.0007,128,0.0598945999990974,8.207452900031058,5.0,5.0,0.088230739361522,True,128,baseline-20260606T024656Z-71ca5239,baseline,none,,,,,
1.2438231025423323,0.7841492806162152,0.7841492721012661,0.4271333387919834,0.4462698996067047,5.209905828748431,1.0809009075164795,0.6099511981010437,0.6099511981010437,0.3226331323385238,0.3591475784778595,5.337705850601196,0.088230739361522,0.8,0.0007,129,0.0628323999990243,8.270285300030082,5.0,5.0,0.091607797867534,True,129,baseline-20260606T024656Z-71ca5239,baseline,none,,,,,
1.2516130208969116,0.7646576421601432,0.7646576336451939,0.4138760098389217,0.4384770223072597,5.315654073442731,1.0608503818511963,0.6179406940937042,0.6179406940937042,0.3283833116292953,0.3619467318058014,4.8348469734191895,0.091607797867534,0.8,0.0007,130,0.0591335000026447,8.329418800032727,5.0,5.0,0.0899562676017259,True,130,baseline-20260606T024656Z-71ca5239,baseline,none,,,,,
1.2552593094961983,0.7756293501172747,0.7756293075425285,0.4200340551989419,0.4444940728800637,5.331812790461949,1.078458845615387,0.6148125529289246,0.6148125231266022,0.326500654220581,0.3603897988796234,5.15412974357605,0.0899562676017259,0.8,0.00049,131,0.0604946999992535,8.38991350003198,5.0,5.0,0.0914975650374864,True,131,baseline-20260606T024656Z-71ca5239,baseline,none,,,,,
1.2451754127229964,0.7662664651870728,0.7662664822169712,0.4167417969022478,0.4369058523859296,5.2341171673366,1.045284867286682,0.6144634187221527,0.6144634187221527,0.3262374252080917,0.3602825105190277,4.708556175231934,0.0914975650374864,0.8,0.00049,132,0.0676811999983328,8.457594700030313,5.0,5.0,0.0885831267898057,True,132,baseline-20260606T024656Z-71ca5239,baseline,none,,,,,
1.239831498691014,0.7742293136460441,0.7742293136460441,0.4196979275771549,0.4431642081056322,5.256104673658099,1.076026737689972,0.607702910900116,0.607702910900116,0.3221975564956665,0.3568817228078842,5.286828994750977,0.0885831267898057,0.8,0.00049,133,0.0628593000001274,8.52045400003044,5.0,5.0,0.0914514167373155,True,133,baseline-20260606T024656Z-71ca5239,baseline,none,,,,,
1.232332808630807,0.7495099646704537,0.7495099561555045,0.4084262464727674,0.4263546168804168,5.279555933816092,1.0383217930793762,0.6157603561878204,0.6157603561878204,0.327137291431427,0.3607788383960724,4.620610952377319,0.0914514167373155,0.8,0.00049,134,0.0601096999998844,8.580563700030325,5.0,5.0,0.0876575262610887,True,134,baseline-20260606T024656Z-71ca5239,baseline,none,,,,,
1.218976974487305,0.7710339171545846,0.7710339341844831,0.4219779159341539,0.4363200153623308,5.110149451664516,1.058807551860809,0.6093243956565857,0.6093243956565857,0.3225306570529938,0.3584921658039093,5.127718448638916,0.0876575262610887,0.8,0.00049,135,0.0618561000010231,8.642419800031348,5.0,5.0,0.0889347107474778,True,135,baseline-20260606T024656Z-71ca5239,baseline,none,,,,,
1.220964823450361,0.7483380351747785,0.74833801814488,0.4071251962866102,0.426516022000994,5.314311640603202,1.047360897064209,0.6125575304031372,0.6125575602054596,0.3245541900396347,0.360004186630249,4.889018058776856,0.0889347107474778,0.8,0.00049,136,0.0622358000000531,8.704655600031401,5.0,5.0,0.0878248913352464,True,136,baseline-20260606T024656Z-71ca5239,baseline,none,,,,,
1.217535410608564,0.7636176432882037,0.7636176347732544,0.4151508382388523,0.4355834807668413,5.168441091264997,1.0533912777900696,0.6134469509124756,0.6134469509124756,0.3252812474966049,0.360207125544548,5.009335517883301,0.0878248913352464,0.8,0.00049,137,0.0626746999987517,8.767330300030153,5.0,5.0,0.0879182465140794,True,137,baseline-20260606T024656Z-71ca5239,baseline,none,,,,,
1.2403665610722132,0.7676370229039874,0.7676370058740888,0.4183707662991115,0.4365827909537724,5.376921926225935,1.059708535671234,0.6102889478206635,0.6102889478206635,0.3236086964607239,0.3583503067493438,5.11178994178772,0.0879182465140794,0.8,0.00049,138,0.0609772999996494,8.828307600029802,5.0,5.0,0.0890361459319566,True,138,baseline-20260606T024656Z-71ca5239,baseline,none,,,,,
1.2272716079439436,0.7614909751074654,0.7614909836224147,0.4127594232559204,0.4359144440719059,5.231365953172956,1.0443098545074463,0.6066670417785645,0.6066670417785645,0.3218037933111191,0.3560790419578552,4.915338516235352,0.0890361459319566,0.8,0.00049,139,0.0639153000010992,8.892222900030902,5.0,5.0,0.0881895310943101,True,139,baseline-20260606T024656Z-71ca5239,baseline,none,,,,,
1.2201489550726754,0.7475264157567706,0.7475264157567706,0.4060148426464626,0.4268894621304103,5.359168461390904,1.0526408553123474,0.6043634712696075,0.6043634712696075,0.320274293422699,0.3551114797592163,5.0831139087677,0.0881895310943101,0.8,0.00049,140,0.0614535999993677,8.95367650003027,5.0,5.0,0.0890206701819871,True,140,baseline-20260606T024656Z-71ca5239,baseline,none,,,,,
1.228359852518354,0.7601605313164848,0.7601605313164848,0.411978074482509,0.4352280710424696,5.259445190429688,1.055877506732941,0.6109417080879211,0.6109417080879211,0.3228318393230438,0.3601373136043548,4.998117446899414,0.0890206701819871,0.8,0.00049,141,0.0601100999992922,9.013786600029562,5.0,5.0,0.0890018446509813,True,141,baseline-20260606T024656Z-71ca5239,baseline,none,,,,,
1.219474298613412,0.7436480266707284,0.7436480096408299,0.4045326496873583,0.4238942180361066,5.346251828329904,1.056215226650238,0.6101828515529633,0.6101828217506409,0.3236495405435562,0.3581666052341461,5.011496305465698,0.0890018446509813,0.8,0.00049,142,0.0640432000000146,9.077829800029576,5.0,5.0,0.0891168077056382,True,142,baseline-20260606T024656Z-71ca5239,baseline,none,,,,,
1.2186478206089564,0.754735699721745,0.754735699721745,0.4109629222324916,0.4297159654753549,5.205663885389056,1.0479103326797483,0.6106979250907898,0.6106979548931122,0.324050173163414,0.358309730887413,4.906060457229614,0.0891168077056382,0.8,0.00049,143,0.0603835999972943,9.13821340002687,5.0,5.0,0.0881774122779344,True,143,baseline-20260606T024656Z-71ca5239,baseline,none,,,,,
1.2157907315662928,0.7555488092558724,0.7555488007409232,0.4098882632596152,0.4320756665297917,5.219498974936349,1.049029529094696,0.6140801310539246,0.6140801310539246,0.325992688536644,0.3601092994213104,4.93266224861145,0.0881774122779344,0.8,0.00049,144,0.0624471000010089,9.20066050002788,5.0,5.0,0.0875040347640489,True,144,baseline-20260606T024656Z-71ca5239,baseline,none,,,,,
1.2149290357317244,0.7616709045001439,0.7616709045001439,0.4132455970559801,0.4355316289833614,5.1798538480486185,1.053026020526886,0.6096104383468628,0.6096104383468628,0.323590487241745,0.357524961233139,5.067373037338257,0.0875040347640489,0.8,0.00049,145,0.0602546999980404,9.26091520002592,5.0,5.0,0.0881777651374315,True,145,baseline-20260606T024656Z-71ca5239,baseline,none,,,,,
1.2172156742640905,0.7363336682319641,0.7363336426871163,0.3995361583573477,0.4209968532834734,5.453551837376186,1.0437358617782593,0.6072007119655609,0.6072007119655609,0.3217242509126663,0.3568455576896667,4.950625896453857,0.0881777651374315,0.8,0.00049,146,0.066122299998824,9.327037500024744,5.0,5.0,0.08768402410197,True,146,baseline-20260606T024656Z-71ca5239,baseline,none,,,,,
1.2151413304465155,0.7670924322945731,0.7670924408095223,0.4153986488069807,0.4396172378744398,5.109812532152448,1.0461453199386597,0.6131411194801331,0.6131411194801331,0.3251900970935821,0.3599387556314468,4.938234090805054,0.08768402410197,0.8,0.00049,147,0.0623111999993852,9.38934870002413,5.0,5.0,0.0870663650100206,True,147,baseline-20260606T024656Z-71ca5239,baseline,none,,,,,
1.207338912146432,0.7429526363100324,0.7429526363100324,0.4038056773798806,0.4239336890833718,5.333704539707729,1.0496761202812197,0.6087344288825989,0.6087343990802765,0.3236490935087204,0.3563566505908966,5.064431667327881,0.0870663650100206,0.8,0.00049,148,0.058760699997947,9.448109400022076,5.0,5.0,0.0877106816832994,True,148,baseline-20260606T024656Z-71ca5239,baseline,none,,,,,
1.2135479961122786,0.7534316437585014,0.7534316267286029,0.4098586227212633,0.4294662475585937,5.245841843741281,1.0437836647033691,0.6070525646209717,0.6070525646209717,0.3227037936449051,0.3554359674453735,4.979223728179932,0.0877106816832994,0.8,0.00049,149,0.0606979000003775,9.508807300022454,5.0,5.0,0.0875029189650987,True,149,baseline-20260606T024656Z-71ca5239,baseline,none,,,,,
1.2129353966031755,0.7518762605530875,0.7518762605530875,0.4066501813275473,0.4315325873238699,5.269071647099087,1.0525620579719543,0.6063036918640137,0.6063036918640137,0.3205664157867431,0.3571715950965881,5.099925756454468,0.0875029189650987,0.8,0.00049,150,0.0590286000006017,9.567835900023056,5.0,5.0,0.0885021765296434,True,150,baseline-20260606T024656Z-71ca5239,baseline,none,,,,,
1.2187189715249198,0.741426374231066,0.741426374231066,0.4036992064544132,0.4221589735576084,5.39300400870187,1.045673370361328,0.6058481335639954,0.6058481335639954,0.3212757557630539,0.3557154685258865,4.969654321670532,0.0885021765296434,0.8,0.00049,151,0.0613871999994444,9.6292231000225,5.0,5.0,0.0881987197463487,True,151,baseline-20260606T024656Z-71ca5239,baseline,none,,,,,
1.2109390497207642,0.7514997720718384,0.7514997550419399,0.4094432081495012,0.4275706836155483,5.2091377803257535,1.046760618686676,0.606534332036972,0.6065343022346497,0.3213249146938324,0.3565117418766022,4.991300106048584,0.0881987197463487,0.8,0.000343,152,0.0602433999993081,9.689466500021808,5.0,5.0,0.0881117208068345,True,152,baseline-20260606T024656Z-71ca5239,baseline,none,,,,,
1.2149141005107336,0.7489674517086574,0.7489674261638096,0.406950980424881,0.4275205603667668,5.288134506770542,1.0462412238121033,0.6038794219493866,0.603879451751709,0.319717139005661,0.3552028834819793,5.020464897155762,0.0881117208068345,0.8,0.000343,153,0.0613169999996898,9.750783500021498,5.0,5.0,0.0883163697783921,True,153,baseline-20260606T024656Z-71ca5239,baseline,none,,,,,
1.2120256934847151,0.7407793743269784,0.7407793743269784,0.4036290688174112,0.4214378680501665,5.335888930729458,1.046551764011383,0.6075601279735565,0.6075601577758789,0.3219439834356308,0.3570202142000198,4.970671653747559,0.0883163697783921,0.8,0.000343,154,0.0651235999976052,9.815907100019103,5.0,5.0,0.0880230863158677,True,154,baseline-20260606T024656Z-71ca5239,baseline,none,,,,,
1.2221425942012245,0.7608492374420166,0.7608492374420166,0.4130416895662035,0.4347594252654484,5.240594863891602,1.0574079751968384,0.6059775948524475,0.6059775948524475,0.3213122189044952,0.3558317124843597,5.12854528427124,0.0880230863158677,0.8,0.000343,155,0.0606507999982568,9.87655790001736,5.0,5.0,0.0893085391585801,True,155,baseline-20260606T024656Z-71ca5239,baseline,none,,,,,
1.224357111113412,0.7385820405823844,0.7385820490973336,0.4013403994696481,0.4215520620346069,5.439290455409458,1.0561969876289368,0.6064757108688354,0.6064757108688354,0.321253091096878,0.3565282970666885,5.035590887069702,0.0893085391585801,0.8,0.000343,156,0.0648906999995233,9.941448600016884,5.0,5.0,0.0896644480292772,True,156,baseline-20260606T024656Z-71ca5239,baseline,none,,,,,
1.2187479393822809,0.7544937133789062,0.7544937133789062,0.4080500560147421,0.4330545578684125,5.177684920174735,1.038205623626709,0.6065401136875153,0.6065401136875153,0.3212703168392181,0.356587216258049,4.81423282623291,0.0896644480292772,0.8,0.0002400999999999,157,0.0619813999983307,10.003430000015214,5.0,5.0,0.0878067762916063,True,157,baseline-20260606T024656Z-71ca5239,baseline,none,,,,,
1.2097878115517753,0.7586044584001813,0.7586044839450291,0.4136144604001726,0.431237518787384,5.138366154261997,1.0431254506111145,0.60621577501297,0.60621577501297,0.3210121244192123,0.3565046042203903,4.975808382034302,0.0878067762916063,0.8,0.0002400999999999,158,0.0632684000011067,10.06669840001632,5.0,5.0,0.0875648601119493,True,158,baseline-20260606T024656Z-71ca5239,baseline,none,,,,,
1.2102075474602836,0.7385752711977277,0.7385752626827785,0.3997518164770944,0.423529314143317,5.386090551103864,1.0549821257591248,0.6035986840724945,0.6035987138748169,0.3196155279874801,0.3549789637327194,5.154846906661987,0.0875648601119493,0.8,0.0002400999999999,159,0.0630950999984634,10.129793500014785,5.0,5.0,0.0891133291785691,True,159,baseline-20260606T024656Z-71ca5239,baseline,none,,,,,
1.2122081518173218,0.7371147530419486,0.7371147615568978,0.3999824609075273,0.4214153374944414,5.331339154924665,1.0505841374397278,0.6045353412628174,0.6045353710651398,0.3202600628137588,0.3553441166877746,5.005410194396973,0.0891133291785691,0.8,0.0002400999999999,160,0.0609135000013338,10.190707000016118,5.0,5.0,0.0891674311225389,True,160,baseline-20260606T024656Z-71ca5239,baseline,none,,,,,
1.2156399829047069,0.7412594556808472,0.7412594386509487,0.4025858172348567,0.4233420150620596,5.320109776088169,1.052789568901062,0.602046012878418,0.602046012878418,0.3187597692012787,0.3541077822446823,5.055024862289429,0.0891674311225389,0.8,0.0002400999999999,161,0.0585799999971641,10.249287000013284,5.0,5.0,0.0897176797454332,True,161,baseline-20260606T024656Z-71ca5239,baseline,none,,,,,
1.2053062575204032,0.7305162974766323,0.730516288961683,0.3961981279509408,0.4178977012634277,5.2920443671090265,1.0446606278419497,0.6007885634899139,0.6007885634899139,0.3180993944406509,0.3533614724874496,4.947431802749634,0.0897176797454332,0.8,0.0001680699999999,162,0.063536199999362,10.312823200012645,5.0,5.0,0.0891919977729295,True,162,baseline-20260606T024656Z-71ca5239,baseline,none,,,,,
1.2063823086874823,0.7477637188775199,0.7477637188775199,0.4057749850409372,0.4274858917508806,5.141925607408796,1.0326988101005554,0.6036709845066071,0.6036709845066071,0.3201742321252823,0.3543709367513656,4.810160398483276,0.0891919977729295,0.8,0.0001680699999999,163,0.0627752000000327,10.375598400012676,5.0,5.0,0.0872936017577623,True,163,baseline-20260606T024656Z-71ca5239,baseline,none,,,,,
1.2083033323287964,0.7611082792282104,0.7611082792282104,0.4118067537035261,0.4366268941334316,5.122884750366211,1.0383265018463137,0.6032238006591797,0.6032238006591797,0.3194950819015503,0.3546608835458755,4.984359264373779,0.0872936017577623,0.8,0.0001680699999999,164,0.0620893000013893,10.437687700014068,5.0,5.0,0.0871371944015,True,164,baseline-20260606T024656Z-71ca5239,baseline,none,,,,,
1.2034980399268014,0.7389357515743801,0.7389357515743801,0.4007384691919599,0.4227465902056013,5.331389154706683,1.0498775243759155,0.601789653301239,0.601789653301239,0.3185429722070694,0.3540583550930023,5.142326831817627,0.0871371944015,0.8,0.0001680699999999,165,0.0665045999994617,10.504192300013528,5.0,5.0,0.0885604627196763,True,165,baseline-20260606T024656Z-71ca5239,baseline,none,,,,,
1.214413012777056,0.7379048807280404,0.7379048892429897,0.3986776982034956,0.4240339738982064,5.380596569606236,1.049290418624878,0.6028951704502106,0.602895200252533,0.3195951581001282,0.354125052690506,5.0405707359313965,0.0885604627196763,0.8,0.0001680699999999,166,0.0640638000004401,10.568256100013969,5.0,5.0,0.0889661700789903,True,166,baseline-20260606T024656Z-71ca5239,baseline,none,,,,,
1.212512527193342,0.7431974155562264,0.7431973985263279,0.4045107279505048,0.4233583382197788,5.275208950042725,1.046996831893921,0.604663074016571,0.6046631038188934,0.3207768946886062,0.3548577427864074,4.9719319343566895,0.0889661700789903,0.8,0.0001680699999999,167,0.0593823000017437,10.627638400015712,5.0,5.0,0.0886854894225572,True,167,baseline-20260606T024656Z-71ca5239,baseline,none,,,,,
1.2090889045170374,0.7424018638474601,0.7424018723624093,0.4031511119433811,0.4240634569099971,5.262270450592041,1.0468037128448486,0.6027595400810242,0.6027595102787018,0.3193046152591705,0.3543186336755752,5.006953954696655,0.0886854894225572,0.8,0.0001176489999999,168,0.0640468000019609,10.691685200017671,5.0,5.0,0.0887550289695237,True,168,baseline-20260606T024656Z-71ca5239,baseline,none,,,,,
1.212603279522487,0.7455766797065735,0.7455766711916242,0.4050125692571912,0.4257051263536726,5.261973517281668,1.0446588397026062,0.5998774766921997,0.5998775064945221,0.317483976483345,0.3529918789863586,5.011337041854858,0.0887550289695237,0.8,0.0001176489999999,169,0.0587063000020862,10.75039150001976,5.0,5.0,0.0888683993880723,True,169,baseline-20260606T024656Z-71ca5239,baseline,none,,,,,
1.2002850089754378,0.729432727609362,0.729432727609362,0.3972962200641632,0.4151706440108163,5.298309394291469,1.044591248035431,0.6000077128410339,0.6000077128410339,0.3176751583814621,0.3529156595468521,5.002717733383179,0.0888683993880723,0.8,0.0001176489999999,170,0.0658760000005713,10.81626750002033,5.0,5.0,0.0888955767219041,True,170,baseline-20260606T024656Z-71ca5239,baseline,none,,,,,
1.2082289797919137,0.7405390909739903,0.7405390824590411,0.4018198464597974,0.4233990481921604,5.261115482875279,1.0420392751693726,0.5998747646808624,0.5998747646808624,0.3175744116306305,0.3528754413127899,4.9739766120910645,0.0888955767219041,0.8,0.0001176489999999,171,0.0652785999991465,10.881546100019476,5.0,5.0,0.0886353428428147,True,171,baseline-20260606T024656Z-71ca5239,baseline,none,,,,,
1.204111099243164,0.737418029989515,0.7374180385044643,0.4002969137259892,0.4214014070374625,5.265315600803921,1.044365644454956,0.6002491414546967,0.6002491414546967,0.3177350461483001,0.3531426340341568,5.010603189468384,0.0886353428428147,0.8,0.0001176489999999,172,0.0659171000006608,10.947463200020138,5.0,5.0,0.0887413747374986,True,172,baseline-20260606T024656Z-71ca5239,baseline,none,,,,,
1.2068944658551897,0.7391179203987122,0.7391179289136615,0.4020673334598541,0.4213132262229919,5.271233967372349,1.0447663068771362,0.601179838180542,0.601179838180542,0.3181648999452591,0.3537686914205551,4.998643159866333,0.0887413747374986,0.8,8.235429999999999e-05,173,0.0645218999998178,11.011985100019956,5.0,5.0,0.0887278063361619,True,173,baseline-20260606T024656Z-71ca5239,baseline,none,,,,,
1.1983282906668526,0.7320818134716579,0.7320818219866071,0.3969189609800066,0.4189535762582506,5.254795210702079,1.0444214344024658,0.601935088634491,0.601935088634491,0.3187692314386368,0.3539573103189468,4.987008571624756,0.0887278063361619,0.8,8.235429999999999e-05,174,0.0610011999997368,11.072986300019693,5.0,5.0,0.0885978920524094,True,174,baseline-20260606T024656Z-71ca5239,baseline,none,,,,,
1.196245619228908,0.7295945371900286,0.7295945457049778,0.3953963134969984,0.4177477700369699,5.2670672961643765,1.041933000087738,0.6029646396636963,0.6029646396636963,0.3196481466293335,0.3541456013917923,4.954613924026489,0.0885978920524094,0.8,8.235429999999999e-05,175,0.0615830999995523,11.134569400019243,5.0,5.0,0.0881440312926743,True,175,baseline-20260606T024656Z-71ca5239,baseline,none,,,,,
1.2002338852201189,0.7417076826095581,0.7417077081544059,0.4018967194216592,0.4247637220791408,5.202010631561279,1.03670996427536,0.6018663942813873,0.6018663644790649,0.318953663110733,0.3536408692598343,4.933329343795776,0.0881440312926743,0.8,8.235429999999999e-05,176,0.062735600000451,11.197305000019696,5.0,5.0,0.0874773247306321,True,176,baseline-20260606T024656Z-71ca5239,baseline,none,,,,,
1.211791924067906,0.7519361121313912,0.751936103616442,0.4082092515059879,0.4296585491725376,5.256857122693743,1.039276957511902,0.6009313762187958,0.6009314060211182,0.3182647079229355,0.3533333390951156,5.010962247848511,0.0874773247306321,0.8,8.235429999999999e-05,177,0.0609470999988843,11.25825210001858,5.0,5.0,0.0875869472091172,True,177,baseline-20260606T024656Z-71ca5239,baseline,none,,,,,
1.2032589742115565,0.7377582277570452,0.737758219242096,0.3999328442982265,0.4222817122936249,5.314727646963937,1.0433300733566284,0.6002408564090729,0.6002408266067505,0.3178069740533829,0.3530423492193222,5.058850288391113,0.0875869472091172,0.8,8.235429999999999e-05,178,0.0611380000009376,11.319390100019518,5.0,5.0,0.0881754500930283,True,178,baseline-20260606T024656Z-71ca5239,baseline,none,,,,,
1.1988883359091622,0.727698700768607,0.7276986922536578,0.3940364420413971,0.4170778223446437,5.343773228781564,1.0447508096694946,0.6003379225730896,0.6003379225730896,0.3179246932268142,0.3530165255069732,5.04009747505188,0.0881754500930283,0.8,8.235429999999999e-05,179,0.0631548999990627,11.38254500001858,5.0,5.0,0.0885764248435471,True,179,baseline-20260606T024656Z-71ca5239,baseline,none,,,,,
1.20047470501491,0.7301180277551923,0.7301180192402431,0.3956809767654964,0.4180462786129543,5.310179233551025,1.0435107350349426,0.6011856496334076,0.6011856198310852,0.3182997405529022,0.3536073416471481,4.993711709976196,0.0885764248435471,0.8,8.235429999999999e-05,180,0.0622622999981103,11.444807300016691,5.0,5.0,0.0885135419433091,True,180,baseline-20260606T024656Z-71ca5239,baseline,none,,,,,
1.2108125856944494,0.7443877032824925,0.7443877032824925,0.4041542538574764,0.4252918064594269,5.269531522478376,1.0442935824394226,0.6011538803577423,0.6011538505554199,0.3180968761444092,0.3538212031126022,5.006462812423706,0.0885135419433091,0.8,8.235429999999999e-05,181,0.0647462000015366,11.509553500018228,5.0,5.0,0.0885781700675462,True,181,baseline-20260606T024656Z-71ca5239,baseline,none,,,,,
1.1980925798416138,0.7309355991227287,0.7309355991227287,0.3986493051052093,0.4153578579425812,5.273951734815325,1.0438464879989624,0.600806474685669,0.600806474685669,0.3178171515464782,0.3537366539239883,5.001683712005615,0.0885781700675462,0.8,8.235429999999999e-05,182,0.0601989999995566,11.569752500017785,5.0,5.0,0.0885950071876023,True,182,baseline-20260606T024656Z-71ca5239,baseline,none,,,,,
1.204299007143293,0.7389061876705715,0.7389061961855207,0.4030770531722477,0.4197864191872733,5.2530364990234375,1.0415720343589785,0.601312518119812,0.601312518119812,0.3181920796632767,0.3539005219936371,4.969348907470703,0.0885950071876023,0.8,8.235429999999999e-05,183,0.0617128999983833,11.631465400016168,5.0,5.0,0.0882884962623093,True,183,baseline-20260606T024656Z-71ca5239,baseline,none,,,,,
1.1968764066696167,0.7330068094389779,0.7330068179539272,0.3983518183231354,0.4183187569890703,5.254020827157157,1.0429149270057678,0.6008041203022003,0.6008041203022003,0.3178195804357528,0.3537306785583496,5.007569789886475,0.0882884962623093,0.8,8.235429999999999e-05,184,0.0618519999989075,11.693317400015076,5.0,5.0,0.0883641941611741,True,184,baseline-20260606T024656Z-71ca5239,baseline,none,,,,,
1.2098701851708549,0.7420619215284076,0.7420619130134583,0.4026370474270412,0.4242810692105974,5.294093132019043,1.045585036277771,0.600092887878418,0.6000928580760956,0.3173906803131103,0.3533777296543121,5.041546583175659,0.0883641941611741,0.8,5.764800999999999e-05,185,0.0613788000009662,11.754696200016042,5.0,5.0,0.0887796599929307,True,185,baseline-20260606T024656Z-71ca5239,baseline,none,,,,,
1.2035437652042933,0.7307811805180141,0.7307811890329633,0.3953756221703121,0.4192569383553096,5.325122901371548,1.0489267706871033,0.5996647477149963,0.5996647477149963,0.317204087972641,0.3530758172273636,5.060416221618652,0.0887796599929307,0.8,5.764800999999999e-05,186,0.0637542999975266,11.818450500013569,5.0,5.0,0.0893838222091172,True,186,baseline-20260606T024656Z-71ca5239,baseline,none,,,,,
1.1990102529525757,0.72229551417487,0.72229551417487,0.3901056221553257,0.4152373458657946,5.333344663892474,1.0478952527046204,0.5999949276447296,0.5999949276447296,0.3174227625131607,0.3532152026891708,5.010977506637573,0.0893838222091172,0.8,5.764800999999999e-05,187,0.0651868000022659,11.883637300015836,5.0,5.0,0.0894935972754929,True,187,baseline-20260606T024656Z-71ca5239,baseline,none,,,,,
1.2083603484289986,0.737236601965768,0.737236601965768,0.4015662457261766,0.4195879314626966,5.26432922908238,1.0430886149406433,0.6007627248764038,0.6007627248764038,0.317852646112442,0.3536375910043716,4.942542314529419,0.0894935972754929,0.8,5.764800999999999e-05,188,0.0591634000011254,11.94280070001696,5.0,5.0,0.0889190204207871,True,188,baseline-20260606T024656Z-71ca5239,baseline,none,,,,,
1.1987162147249495,0.7371026532990592,0.7371026532990592,0.4006720994200025,0.4205381827695029,5.191392830439976,1.039035141468048,0.5998717248439789,0.5998717248439789,0.3173755705356598,0.3531201779842376,4.93891453742981,0.0889190204207871,0.8,5.764800999999999e-05,189,0.0644890000003215,12.007289700017282,5.0,5.0,0.0883081657950852,True,189,baseline-20260606T024656Z-71ca5239,baseline,none,,,,,
1.2066337721688407,0.7433307596615383,0.7433307596615383,0.4028649543012891,0.4255822428635188,5.246434620448521,1.0444761514663696,0.5989297330379486,0.5989297330379486,0.3166979551315307,0.3527897000312805,5.045359373092651,0.0883081657950852,0.8,5.764800999999999e-05,190,0.0670006999971519,12.074290400014434,5.0,5.0,0.0887617595260117,True,190,baseline-20260606T024656Z-71ca5239,baseline,none,,,,,
1.205563681466239,0.7293844733919416,0.7293844904218402,0.3947795672076089,0.4182561295373099,5.364688532693045,1.0528563857078552,0.5985893905162811,0.5985893607139587,0.3165044784545898,0.3526061028242111,5.117823600769043,0.0887617595260117,0.8,5.764800999999999e-05,191,0.0695616000011796,12.143852000015611,5.0,5.0,0.0899399955337022,True,191,baseline-20260606T024656Z-71ca5239,baseline,none,,,,,
1.2036694969449724,0.7217729432242257,0.721772951739175,0.3923743409769876,0.4117482347147805,5.357978343963623,1.054496347904205,0.5990247130393982,0.5990247130393982,0.3170210421085357,0.3525046110153198,5.0641725063323975,0.0899399955337022,0.8,5.764800999999999e-05,192,0.0671892999998817,12.211041300015497,5.0,5.0,0.0905817205970262,True,192,baseline-20260606T024656Z-71ca5239,baseline,none,,,,,
1.2150662796837943,0.7335614562034607,0.7335614562034607,0.3989051112106868,0.4183204216616494,5.315695013318743,1.051573634147644,0.599830836057663,0.599830836057663,0.317583367228508,0.3528093099594116,4.98712968826294,0.0905817205970262,0.8,4.035360699999999e-05,193,0.0620498999996925,12.273091200015187,5.0,5.0,0.0904530174796555,True,193,baseline-20260606T024656Z-71ca5239,baseline,none,,,,,
1.2112179143088204,0.7395459072930473,0.739545898778098,0.4013006176267351,0.4228065993104662,5.214552811213902,1.046416461467743,0.6007174849510193,0.6007175147533417,0.3181094527244568,0.3532600700855255,4.927408456802368,0.0904530174796555,0.8,4.035360699999999e-05,194,0.0653421000024536,12.33843330001764,5.0,5.0,0.0897271020476792,True,194,baseline-20260606T024656Z-71ca5239,baseline,none,,,,,
1.207997100693839,0.7423122014318194,0.7423122014318194,0.404081642627716,0.4227881985051291,5.190013613019671,1.041370451450348,0.6009160876274109,0.6009160876274109,0.3182129263877868,0.35337895154953,4.908822059631348,0.0897271020476792,0.8,4.035360699999999e-05,195,0.0634900000004563,12.401923300018098,5.0,5.0,0.0888153226439927,True,195,baseline-20260606T024656Z-71ca5239,baseline,none,,,,,
1.1972702741622925,0.7379189559391567,0.7379189644541059,0.4017832151481083,0.4201696557658059,5.171982492719378,1.0389471650123596,0.6003532409667969,0.6003532409667969,0.3178166598081589,0.3531707376241684,4.938268661499023,0.0888153226439927,0.8,4.035360699999999e-05,196,0.0610162999983003,12.462939600016398,5.0,5.0,0.0881980092589829,True,196,baseline-20260606T024656Z-71ca5239,baseline,none,,,,,
1.195151618548802,0.7344383597373962,0.7344383597373962,0.4002528658935002,0.4177318555968148,5.22362436567034,1.0377514362335205,0.5994611084461212,0.5994611084461212,0.317218080163002,0.3528037667274475,4.969390630722046,0.0881980092589829,0.8,4.035360699999999e-05,197,0.0601189999979396,12.523058600014338,5.0,5.0,0.0878919155662034,True,197,baseline-20260606T024656Z-71ca5239,baseline,none,,,,,
1.2061889512198312,0.7425266930035183,0.742526718548366,0.4045942212854113,0.4224155970982143,5.275368826729911,1.0392362475395205,0.5989863276481628,0.5989863276481628,0.3168826103210449,0.352629616856575,5.0089921951293945,0.0878919155662034,0.8,2.8247524899999997e-05,198,0.0652631000011751,12.588321700015513,5.0,5.0,0.0879818375174973,True,198,baseline-20260606T024656Z-71ca5239,baseline,none,,,,,
1.201524019241333,0.7351269211087909,0.7351269211087909,0.3976552699293409,0.4218395480087825,5.301061425890241,1.0417639017105105,0.5985993146896362,0.5985993146896362,0.3165831416845321,0.3525201827287674,5.037001609802246,0.0879818375174973,0.8,2.8247524899999997e-05,199,0.0595007000010809,12.647822400016594,5.0,5.0,0.0883518536155198,True,199,baseline-20260606T024656Z-71ca5239,baseline,none,,,,,
0.9660215718405588,0.9660215718405588,0.9660215718405588,0.9660215718405588,1.021775918347495,4.116244179861886,0.838886022567749,0.838886022567749,0.838886022567749,0.838886022567749,1.126839101314545,28.55197238922119,0.0,0.0,0.001,0,0.2803310999988753,0.2803310999988753,50.0,5.0,0.0,True,0,pix_only-20260606T024719Z-14dbbe72,pix_only,none,,,,,
0.7509333065577916,0.7509333065577916,0.7509333065577916,0.7509333065577916,1.12702134677342,35.01284599304199,0.6645531058311462,0.6645531058311462,0.6645531058311462,0.6645531058311462,1.135568141937256,39.001220703125,0.0,0.0,0.001,1,0.0597387999987404,0.3400698999976157,50.0,5.0,0.0,True,1,pix_only-20260606T024719Z-14dbbe72,pix_only,none,,,,,
0.6164294821875436,0.6164294821875436,0.6164294821875436,0.6164294821875436,1.155214616230556,46.3568240574428,0.5556038618087769,0.5556038618087769,0.5556038618087769,0.5556038618087769,1.1658520102500916,53.6166877746582,0.0,0.0,0.001,2,0.0588348999990557,0.3989047999966715,50.0,5.0,0.0,True,2,pix_only-20260606T024719Z-14dbbe72,pix_only,none,,,,,
0.5254003575869969,0.5254003575869969,0.5254003575869969,0.5254003575869969,1.173551218850272,56.85947636195591,0.4866121262311935,0.4866121262311935,0.4866121262311935,0.4866121262311935,1.1687103509902954,60.841047286987305,0.0,0.0,0.001,3,0.0612710000023071,0.4601757999989786,50.0,5.0,0.0,True,3,pix_only-20260606T024719Z-14dbbe72,pix_only,none,,,,,
0.4650077649525234,0.4650077649525234,0.4650077649525234,0.4650077649525234,1.1734311921255929,61.6581916809082,0.4426969885826111,0.4426969885826111,0.4426969885826111,0.4426969885826111,1.1738709211349487,64.27778625488281,0.0,0.0,0.001,4,0.0605320000031497,0.5207078000021284,50.0,5.0,0.0,True,4,pix_only-20260606T024719Z-14dbbe72,pix_only,none,,,,,
0.4175180196762085,0.4175180196762085,0.4175180196762085,0.4175180196762085,1.1807685238974437,66.1199449811663,0.4052289873361587,0.4052289873361587,0.4052289873361587,0.4052289873361587,1.1680756211280825,66.10018539428711,0.0,0.0,0.001,5,0.0597523000033106,0.580460100005439,50.0,5.0,0.0,True,5,pix_only-20260606T024719Z-14dbbe72,pix_only,none,,,,,
0.3828193247318268,0.3828193247318268,0.3828193247318268,0.3828193247318268,1.1822148050580703,69.18396977015904,0.3767070919275284,0.3767070919275284,0.3767070919275284,0.3767070919275284,1.177577018737793,68.96016693115234,0.0,0.0,0.001,6,0.0595189000014215,0.6399790000068606,50.0,5.0,0.0,True,6,pix_only-20260606T024719Z-14dbbe72,pix_only,none,,,,,
0.3552294884409223,0.3552294884409223,0.3552294884409223,0.3552294884409223,1.1911712203707014,72.27793884277344,0.3563328832387924,0.3563328832387924,0.3563328832387924,0.3563328832387924,1.1888474822044373,72.51789474487305,0.0,0.0,0.001,7,0.0585286999994423,0.6985077000063029,50.0,5.0,0.0,True,7,pix_only-20260606T024719Z-14dbbe72,pix_only,none,,,,,
0.3361096467290606,0.3361096467290606,0.3361096467290606,0.3361096467290606,1.196446146283831,74.49912588936942,0.3419769704341888,0.3419769704341888,0.3419769704341888,0.3419769704341888,1.191652536392212,74.56546401977539,0.0,0.0,0.001,8,0.0600663000004715,0.7585740000067744,50.0,5.0,0.0,True,8,pix_only-20260606T024719Z-14dbbe72,pix_only,none,,,,,
0.3219785732882363,0.3219785732882363,0.3219785732882363,0.3219785732882363,1.2075444289616175,77.22132219587054,0.329486221075058,0.329486221075058,0.329486221075058,0.329486221075058,1.2014663815498352,77.19204711914062,0.0,0.0,0.001,9,0.0582140000005892,0.8167880000073637,50.0,5.0,0.0,True,9,pix_only-20260606T024719Z-14dbbe72,pix_only,none,,,,,
0.3078383590493883,0.3078383590493883,0.3078383590493883,0.3078383590493883,1.214407597269331,79.11251504080636,0.3199060708284378,0.3199060708284378,0.3199060708284378,0.3199060708284378,1.2095900177955627,80.34800338745117,0.0,0.0,0.001,10,0.0604406000020389,0.8772286000094027,50.0,5.0,0.001,True,10,pix_only-20260606T024719Z-14dbbe72,pix_only,none,,,,,
0.3658448372568403,0.3002168195588248,0.3002168195588248,0.3002168195588248,1.1983380487986974,65.6280130658831,0.3606416583061218,0.3170101642608642,0.3170101642608642,0.3170101642608642,1.1765276789665222,43.63150215148926,0.001,0.0,0.001,11,0.0630086999990453,0.940237300008448,46.1864406779661,5.0,0.0,True,11,pix_only-20260606T024719Z-14dbbe72,pix_only,none,,,,,
0.2978707253932953,0.2978707253932953,0.2978707253932953,0.2978707253932953,1.1917071512767248,37.6728390284947,0.3083228021860122,0.3083228021860122,0.3083228021860122,0.3083228021860122,1.1930204033851624,35.075096130371094,0.0,0.0,0.001,12,0.0643171000010625,1.0045544000095106,42.91338582677166,5.0,0.0,True,12,pix_only-20260606T024719Z-14dbbe72,pix_only,none,,,,,
0.2884822189807892,0.2884822189807892,0.2884822189807892,0.2884822189807892,1.2036651883806502,40.68049076625279,0.3019064366817474,0.3019064366817474,0.3019064366817474,0.3019064366817474,1.2033032774925232,47.61458015441895,0.0,0.0,0.001,13,0.0582388000002538,1.0627932000097644,40.0735294117647,5.0,0.001,True,13,pix_only-20260606T024719Z-14dbbe72,pix_only,none,,,,,
0.3249639315264566,0.2792732502732958,0.2792732502732958,0.2792732502732958,1.19279374395098,45.6906749180385,0.3382029384374618,0.2997151017189026,0.2997151017189026,0.2997151017189026,1.181864321231842,38.48783302307129,0.001,0.0,0.001,14,0.0598836999997729,1.1226769000095371,37.58620689655172,5.0,0.002,True,14,pix_only-20260606T024719Z-14dbbe72,pix_only,none,,,,,
0.3465118663651602,0.2863027538572039,0.2863027538572039,0.2863027538572039,1.173304659979684,30.10455594744001,0.3461234867572784,0.3003251403570175,0.3003251403570175,0.3003251403570175,1.1691341400146484,22.899168014526367,0.002,0.0,0.001,15,0.0601593999999749,1.1828363000095123,35.3896103896104,5.0,0.001,True,15,pix_only-20260606T024719Z-14dbbe72,pix_only,none,,,,,
0.3123568679605211,0.2869002946785518,0.2869002946785518,0.2869002946785518,1.180294053895133,25.456573213849747,0.3240644782781601,0.2946394234895706,0.2946394234895706,0.2946394234895706,1.1650463342666626,29.425061225891117,0.001,0.0,0.001,16,0.0586361000023316,1.241472400011844,33.435582822085884,5.0,0.0,True,16,pix_only-20260606T024719Z-14dbbe72,pix_only,none,,,,,
0.2705524946962084,0.2705524946962084,0.2705524946962084,0.2705524946962084,1.1896561213902064,36.01252474103655,0.2895269095897674,0.2895269095897674,0.2895269095897674,0.2895269095897674,1.1799450516700745,41.67167472839356,0.0,0.0,0.001,17,0.0586246000020764,1.3000970000139205,31.68604651162791,5.0,0.001,True,17,pix_only-20260606T024719Z-14dbbe72,pix_only,none,,,,,
0.304485729762486,0.2625216799122946,0.2625216799122946,0.2625216799122946,1.182099223136902,41.96404811314174,0.3230260014533996,0.2861157208681106,0.2861157208681106,0.2861157208681106,1.1691958904266355,36.910274505615234,0.001,0.0,0.001,18,0.059460599997692,1.3595576000116123,30.11049723756906,5.0,0.002,True,18,pix_only-20260606T024719Z-14dbbe72,pix_only,none,,,,,
0.3222570249012538,0.2619379035064152,0.2619379035064152,0.2619379035064152,1.1654644863946098,30.15955570765904,0.3309589177370071,0.2881941646337509,0.2881941646337509,0.2881941646337509,1.1512988805770874,21.382378578186035,0.002,0.0,0.001,19,0.0601329999990412,1.4196906000106535,28.684210526315788,5.0,0.001,True,19,pix_only-20260606T024719Z-14dbbe72,pix_only,none,,,,,
0.2952583432197571,0.2731695132596152,0.2731695132596152,0.2731695132596152,1.171020303453718,22.088825498308456,0.310772106051445,0.2876084893941879,0.2876084893941879,0.2876084893941879,1.162003993988037,23.163613319396973,0.001,0.0,0.001,20,0.0583447000026353,1.478035300013289,27.38693467336684,5.0,0.0,True,20,pix_only-20260606T024719Z-14dbbe72,pix_only,none,,,,,
0.2626558329377855,0.2626558329377855,0.2626558329377855,0.2626558329377855,1.178350533757891,29.321800231933597,0.2853962779045105,0.2853962779045105,0.2853962779045105,0.2853962779045105,1.1819881796836853,35.894643783569336,0.0,0.0,0.001,21,0.0590707999981532,1.5371061000114423,26.20192307692308,5.0,0.001,True,21,pix_only-20260606T024719Z-14dbbe72,pix_only,none,,,,,
0.2893126990113939,0.2521027347871235,0.2521027347871235,0.2521027347871235,1.1783564261027746,37.209968021937776,0.3169287145137787,0.2820883393287658,0.2820883393287658,0.2820883393287658,1.1653580069541931,34.84036636352539,0.001,0.0,0.001,22,0.0604391000015311,1.5975452000129735,25.11520737327189,5.0,0.002,True,22,pix_only-20260606T024719Z-14dbbe72,pix_only,none,,,,,
0.312835876430784,0.2538087644747325,0.2538087644747325,0.2538087644747325,1.1601533378873552,29.51355525425502,0.3274416178464889,0.2828418016433716,0.2828418016433716,0.2828418016433716,1.1517187356948853,22.299906730651852,0.002,0.0,0.001,23,0.0583033000002615,1.655848500013235,24.11504424778761,5.0,0.001,True,23,pix_only-20260606T024719Z-14dbbe72,pix_only,none,,,,,
0.2816601097583771,0.2593966850212642,0.2593966850212642,0.2593966850212642,1.1683738572256903,22.26342718941825,0.3019255995750427,0.2795586585998535,0.2795586585998535,0.2795586585998535,1.1608926057815552,22.36694431304932,0.001,0.0,0.001,24,0.0647487999995064,1.7205973000127417,23.191489361702125,5.0,0.0,True,24,pix_only-20260606T024719Z-14dbbe72,pix_only,none,,,,,
0.2496350301163537,0.2496350301163537,0.2496350301163537,0.2496350301163537,1.174065351486206,27.32680238996233,0.2778816372156143,0.2778816372156143,0.2778816372156143,0.2778816372156143,1.1747846603393557,32.44490051269531,0.0,0.0,0.001,25,0.0597731999987445,1.780370500011486,22.33606557377049,5.0,0.001,True,25,pix_only-20260606T024719Z-14dbbe72,pix_only,none,,,,,
0.2778606542519161,0.2438066835914339,0.2438066835914339,0.2438066835914339,1.1801711661475045,34.05397360665457,0.3089059591293335,0.2762688845396042,0.2762688845396042,0.2762688845396042,1.1657951474189758,32.63706588745117,0.001,0.0,0.001,26,0.0602109000028576,1.840581400014344,21.541501976284582,5.0,0.002,True,26,pix_only-20260606T024719Z-14dbbe72,pix_only,none,,,,,
0.2991364385400499,0.2426051327160426,0.2426051327160426,0.2426051327160426,1.1598783731460571,28.265654700143,0.3194076716899872,0.2748117297887802,0.2748117297887802,0.2748117297887802,1.150169551372528,22.2979736328125,0.002,0.0,0.001,27,0.0585097000002861,1.8990911000146296,20.80152671755725,5.0,0.003,True,27,pix_only-20260606T024719Z-14dbbe72,pix_only,none,,,,,
0.3151286031518663,0.2557819123779024,0.2557819123779024,0.2557819123779024,1.1574062960488456,19.782229559762136,0.3296068906784057,0.2764717191457748,0.2764717191457748,0.2764717191457748,1.1472476720809937,17.71172332763672,0.003,0.0,0.001,28,0.0582423999985621,1.957333500013192,20.11070110701107,5.0,0.002,True,28,pix_only-20260606T024719Z-14dbbe72,pix_only,none,,,,,
0.2938966027327946,0.2533765477793557,0.2533765477793557,0.2533765477793557,1.161365985870361,20.260028839111328,0.3173369169235229,0.2734514623880386,0.2734514623880386,0.2734514623880386,1.1481715440750122,21.942727088928223,0.002,0.0,0.001,29,0.0605802999998559,2.017913800013048,19.46428571428571,5.0,0.003,True,29,pix_only-20260606T024719Z-14dbbe72,pix_only,none,,,,,
0.3123717052595956,0.2461489311286381,0.2461489311286381,0.2461489311286381,1.1443099805286951,22.07425662449428,0.3370612114667892,0.2756458520889282,0.2756458520889282,0.2756458520889282,1.1427961587905884,20.47178363800049,0.003,0.0,0.001,30,0.0647327000006043,2.0826465000136523,18.858131487889278,5.0,0.004,True,30,pix_only-20260606T024719Z-14dbbe72,pix_only,none,,,,,
0.3300093497548784,0.2560081141335623,0.2560081141335623,0.2560081141335623,1.1394924095698766,18.500308445521764,0.3440660536289215,0.2791658937931061,0.2791658937931061,0.2791658937931061,1.129710018634796,16.225038528442383,0.004,0.0,0.001,31,0.0658189999994647,2.148465500013117,18.288590604026847,5.0,0.003,True,31,pix_only-20260606T024719Z-14dbbe72,pix_only,none,,,,,
0.3125469982624054,0.2588000233684267,0.2588000233684267,0.2588000233684267,1.1492961645126345,17.91565786089216,0.3347061574459076,0.2790648490190506,0.2790648490190506,0.2790648490190506,1.1357450485229492,18.54710102081299,0.003,0.0,0.001,32,0.0615695999986201,2.210035100011737,17.752442996742666,5.0,0.004,True,32,pix_only-20260606T024719Z-14dbbe72,pix_only,none,,,,,
0.32947724206107,0.2527859892163958,0.2527859892163958,0.2527859892163958,1.1350438935416085,19.17281259809221,0.3454103618860245,0.2760862112045288,0.2760862112045288,0.2760862112045288,1.1238742470741272,17.33103847503662,0.004,0.0,0.001,33,0.0632647999991604,2.273299900010897,17.246835443037973,5.0,0.0048420303199864,True,33,pix_only-20260606T024719Z-14dbbe72,pix_only,none,,,,,
0.3395857214927673,0.2588324546813965,0.2588324546813965,0.2588324546813965,1.135338851383754,16.677561351231166,0.3468911945819855,0.2748669683933258,0.2748669683933258,0.2748669683933258,1.122330129146576,14.874800682067873,0.0048420303199864,0.0,0.001,34,0.0631117999982961,2.3364117000091937,16.769230769230766,5.0,0.0038420303199864,True,34,pix_only-20260606T024719Z-14dbbe72,pix_only,none,,,,,
0.3201083413192204,0.2558823440756116,0.2558823440756116,0.2558823440756116,1.1418812615530831,16.716679164341517,0.3407484889030456,0.2751576155424118,0.2751576155424118,0.2751576155424118,1.1234804391860962,17.07192897796631,0.0038420303199864,0.0,0.001,35,0.0703687999994144,2.406780500008608,16.317365269461078,5.0,0.0048420303199864,True,35,pix_only-20260606T024719Z-14dbbe72,pix_only,none,,,,,
0.3358966112136841,0.25159438593047,0.25159438593047,0.25159438593047,1.1315080438341414,17.410511561802455,0.350742369890213,0.2725174129009247,0.2725174129009247,0.2725174129009247,1.1228126883506775,16.155404090881348,0.0048420303199864,0.0,0.001,36,0.0640346000000136,2.470815100008622,15.889212827988338,5.0,0.0058420303199864,True,36,pix_only-20260606T024719Z-14dbbe72,pix_only,none,,,,,
0.347922716821943,0.2585851081780025,0.2585851081780025,0.2585851081780025,1.1279975516455514,15.292219298226494,0.3588446527719497,0.2729811072349548,0.2729811072349548,0.2729811072349548,1.124129831790924,14.697553157806396,0.0058420303199864,0.0,0.001,37,0.0600295000003825,2.5308446000090044,15.482954545454549,5.0,0.0048420303199864,True,37,pix_only-20260606T024719Z-14dbbe72,pix_only,none,,,,,
0.3303422459534236,0.2539696927581514,0.2539696927581514,0.2539696927581514,1.1317173412867956,15.772834641592842,0.3517942428588867,0.2741908133029938,0.2741908133029938,0.2741908133029938,1.1173316836357117,16.0270414352417,0.0048420303199864,0.0,0.001,38,0.0625273000005108,2.5933719000095152,15.096952908587255,5.0,0.0058420303199864,True,38,pix_only-20260606T024719Z-14dbbe72,pix_only,none,,,,,
0.3486257238047464,0.2561498582363128,0.2561498582363128,0.2561498582363128,1.1306201560156686,15.829404285975864,0.3589654564857483,0.2714251726865768,0.2714251726865768,0.2714251726865768,1.1182997226715088,14.98456335067749,0.0058420303199864,0.0,0.001,39,0.0592083000010461,2.6525802000105614,14.729729729729732,5.0,0.0068420303199864,True,39,pix_only-20260606T024719Z-14dbbe72,pix_only,none,,,,,
0.3592298414025988,0.2609436810016632,0.2609436810016632,0.2609436810016632,1.1218300887516566,14.365057672773087,0.3666936457157135,0.2712855041027069,0.2712855041027069,0.2712855041027069,1.1159687042236328,13.944419860839844,0.0068420303199864,0.0,0.001,40,0.0633501999982399,2.7159304000088014,14.379947229551448,5.0,0.0058420303199864,True,40,pix_only-20260606T024719Z-14dbbe72,pix_only,none,,,,,
0.3427612611225673,0.2564387960093362,0.2564387960093362,0.2564387960093362,1.126356567655291,14.776107106889995,0.3617693334817886,0.2707953006029129,0.2707953006029129,0.2707953006029129,1.1162259578704834,15.572332859039308,0.0058420303199864,0.0,0.001,41,0.0620258999988436,2.777956300007645,14.046391752577314,5.0,0.0068420303199864,True,41,pix_only-20260606T024719Z-14dbbe72,pix_only,none,,,,,
0.3565538568156106,0.2531069112675531,0.2531069112675531,0.2531069112675531,1.1229074171611242,15.119335038321358,0.3652678430080414,0.2690806984901428,0.2690806984901428,0.2690806984901428,1.1135119199752808,14.05827569961548,0.0068420303199864,0.0,0.001,42,0.0588228999986313,2.8367792000062764,13.727959697733,5.0,0.0078420303199864,True,42,pix_only-20260606T024719Z-14dbbe72,pix_only,none,,,,,
0.3705566440309797,0.2639906087091991,0.2639906087091991,0.2639906087091991,1.1227789606366838,13.589087213788714,0.3754395991563797,0.272211343050003,0.272211343050003,0.272211343050003,1.112358033657074,13.163458824157717,0.0078420303199864,0.0,0.001,43,0.0581993000014335,2.89497850000771,13.423645320197046,5.0,0.0068420303199864,True,43,pix_only-20260606T024719Z-14dbbe72,pix_only,none,,,,,
0.3561650684901646,0.2580347827502659,0.2580347827502659,0.2580347827502659,1.1230569737298148,14.342276300702776,0.3686572462320328,0.2683398723602295,0.2683398723602295,0.2683398723602295,1.1129082441329956,14.661930084228516,0.0068420303199864,0.0,0.001,44,0.0581932000022789,2.953171700009989,13.132530120481931,5.0,0.0078420303199864,True,44,pix_only-20260606T024719Z-14dbbe72,pix_only,none,,,,,
0.3688943471227373,0.2575636825391224,0.2575636825391224,0.2575636825391224,1.116730877331325,14.196663584027972,0.3736993074417114,0.2703527212142944,0.2703527212142944,0.2703527212142944,1.1097782850265503,13.17854928970337,0.0078420303199864,0.0,0.001,45,0.0591754000015498,3.0123471000115387,12.85377358490566,5.0,0.0088420303199864,True,45,pix_only-20260606T024719Z-14dbbe72,pix_only,none,,,,,
0.3804144646440233,0.2666772433689662,0.2666772433689662,0.2666772433689662,1.122991612979344,12.863247735159735,0.3798331618309021,0.2710477709770202,0.2710477709770202,0.2710477709770202,1.1063166856765747,12.303213596343994,0.0088420303199864,0.0,0.001,46,0.0654304999989108,3.077777600010449,12.586605080831404,5.0,0.0078420303199864,True,46,pix_only-20260606T024719Z-14dbbe72,pix_only,none,,,,,
0.3675754283155714,0.2606695975576128,0.2606695975576128,0.2606695975576128,1.1155064276286537,13.632417133876256,0.3765172511339187,0.2731048166751861,0.2731048166751861,0.2731048166751861,1.102773666381836,13.186946392059326,0.0078420303199864,0.0,0.001,47,0.0592403999980888,3.1370180000085384,12.33031674208145,5.0,0.0088420303199864,True,47,pix_only-20260606T024719Z-14dbbe72,pix_only,none,,,,,
0.3776106791836874,0.2591076365539005,0.2591076365539005,0.2591076365539005,1.1135306698935372,13.402243477957589,0.3807251453399658,0.2729038894176483,0.2729038894176483,0.2729038894176483,1.1013650298118591,12.19417428970337,0.0088420303199864,0.0,0.001,48,0.0583660999982384,3.195384100006777,12.084257206208427,5.0,0.0098420303199864,True,48,pix_only-20260606T024719Z-14dbbe72,pix_only,none,,,,,
0.3924188273293631,0.2701279350689479,0.2701279350689479,0.2701279350689479,1.1167906863348824,12.425372123718262,0.3925686776638031,0.2715387493371963,0.2715387493371963,0.2715387493371963,1.1063083410263062,12.297250270843506,0.0098420303199864,0.0,0.001,49,0.0585324999992735,3.2539166000060504,11.847826086956523,5.0,0.0108420303199864,True,49,pix_only-20260606T024719Z-14dbbe72,pix_only,none,,,,,
0.4052360909325735,0.2721793396132333,0.2721793396132333,0.2721793396132333,1.1076023748942785,12.272309712001256,0.3988711088895798,0.2695288956165313,0.2695288956165313,0.2695288956165313,1.101386845111847,11.929704666137695,0.0108420303199864,0.0,0.001,50,0.0708340999990468,3.3247507000050973,11.620469083155657,5.0,0.0118420303199864,True,50,pix_only-20260606T024719Z-14dbbe72,pix_only,none,,,,,
0.4167314171791076,0.2757672241755894,0.2757672241755894,0.2757672241755894,1.109200852257865,11.903718539646691,0.4093654453754425,0.2719556093215942,0.2719556093215942,0.2719556093215942,1.0994622111320496,11.603570938110352,0.0118420303199864,0.0,0.001,51,0.0635175000024901,3.3882682000075874,11.40167364016736,5.0,0.0128420303199864,True,51,pix_only-20260606T024719Z-14dbbe72,pix_only,none,,,,,
0.4266396462917328,0.2782601288386753,0.2782601288386753,0.2782601288386753,1.1121098484311784,11.554210117885043,0.4113304615020752,0.2732957005500793,0.2732957005500793,0.2732957005500793,1.0959954261779783,10.748671054840088,0.0128420303199864,0.0,0.001,52,0.0614048999996157,3.449673100007203,11.190965092402465,5.0,0.0118420303199864,True,52,pix_only-20260606T024719Z-14dbbe72,pix_only,none,,,,,
0.4124352037906647,0.2739580486501966,0.2739580486501966,0.2739580486501966,1.1064424685069494,11.693700517926898,0.4089241772890091,0.2730377167463302,0.2730377167463302,0.2730377167463302,1.0994439721107483,11.47493028640747,0.0118420303199864,0.0,0.001,53,0.062034800001129,3.511707900008332,10.987903225806448,5.0,0.0128420303199864,True,53,pix_only-20260606T024719Z-14dbbe72,pix_only,none,,,,,
0.4256577023438045,0.27747899719647,0.27747899719647,0.27747899719647,1.1089693818773545,11.538573128836497,0.4117504358291626,0.2694149166345596,0.2694149166345596,0.2694149166345596,1.0968335270881653,11.083568096160889,0.0128420303199864,0.0,0.001,54,0.0608683999998902,3.5725763000082225,10.792079207920786,5.0,0.0138420303199864,True,54,pix_only-20260606T024719Z-14dbbe72,pix_only,none,,,,,
0.4361848149980817,0.2823693198817117,0.2823693198817117,0.2823693198817117,1.1089596067156111,11.112206050327844,0.4190460592508316,0.2731282860040664,0.2731282860040664,0.2731282860040664,1.099805474281311,10.54164457321167,0.0138420303199864,0.0,0.001,55,0.0635647000017343,3.6361410000099568,10.603112840466927,5.0,0.0132273476474339,True,55,pix_only-20260606T024719Z-14dbbe72,pix_only,none,,,,,
0.4286497448171888,0.2768996826239994,0.2768996826239994,0.2768996826239994,1.1082268612725394,11.472449030194964,0.4147061854600906,0.2739122956991195,0.2739122956991195,0.2739122956991195,1.0900830030441284,10.644152164459229,0.0132273476474339,0.0,0.001,56,0.0620482000012998,3.6981892000112566,10.42065009560229,5.0,0.0142273476474339,True,56,pix_only-20260606T024719Z-14dbbe72,pix_only,none,,,,,
0.4378012589045933,0.2812888835157667,0.2812888835157667,0.2812888835157667,1.1074038403374808,11.000811985560826,0.4218867570161819,0.2717799693346023,0.2717799693346023,0.2717799693346023,1.0933073163032532,10.550581932067873,0.0142273476474339,0.0,0.001,57,0.0601122999978542,3.758301500009111,10.244360902255636,5.0,0.0152273476474339,True,57,pix_only-20260606T024719Z-14dbbe72,pix_only,none,,,,,
0.4485004799706595,0.2852100048746381,0.2852100048746381,0.2852100048746381,1.109173161642892,10.723501341683525,0.4260492026805877,0.274986058473587,0.274986058473587,0.274986058473587,1.0906540751457214,9.92051649093628,0.0152273476474339,0.0,0.001,58,0.062888100001146,3.821189600010257,10.073937153419593,5.0,0.0142273476474339,True,58,pix_only-20260606T024719Z-14dbbe72,pix_only,none,,,,,
0.4380357648645128,0.2822122020380838,0.2822122020380838,0.2822122020380838,1.1136701107025146,10.952397346496582,0.4242227077484131,0.2730166912078857,0.2730166912078857,0.2730166912078857,1.0933853387832642,10.62784194946289,0.0142273476474339,0.0,0.001,59,0.059391400001914,3.880581000012171,9.909090909090908,5.0,0.0152273476474339,True,59,pix_only-20260606T024719Z-14dbbe72,pix_only,none,,,,,
0.4453674895422799,0.2840620407036373,0.2840620407036373,0.2840620407036373,1.1075411524091447,10.593141828264509,0.4223756790161133,0.2736649662256241,0.2736649662256241,0.2736649662256241,1.0912129282951355,9.766027927398682,0.0152273476474339,0.0,0.001,60,0.0643855999987863,3.944966600010957,9.749552772808585,5.0,0.0153920991933348,True,60,pix_only-20260606T024719Z-14dbbe72,pix_only,none,,,,,
0.448766997882298,0.2849434231008802,0.2849434231008802,0.2849434231008802,1.1016157695225306,10.643355097089495,0.4313640594482422,0.2706455439329147,0.2706455439329147,0.2706455439329147,1.0948017835617063,10.441623210906982,0.0153920991933348,0.0,0.001,61,0.0619869000001926,4.00695350001115,9.595070422535208,5.0,0.0163920991933348,True,61,pix_only-20260606T024719Z-14dbbe72,pix_only,none,,,,,
0.4596133530139923,0.2908576428890228,0.2908576428890228,0.2908576428890228,1.1067005566188268,10.294942447117396,0.4382780790328979,0.2729815989732742,0.2729815989732742,0.2729815989732742,1.0946354269981384,10.083911895751951,0.0163920991933348,0.0,0.001,62,0.0594521999992139,4.066405700010364,9.44540727902946,5.0,0.0173920991933348,True,62,pix_only-20260606T024719Z-14dbbe72,pix_only,none,,,,,
0.4687871975558145,0.2909631133079529,0.2909631133079529,0.2909631133079529,1.10609655720847,10.224417550223214,0.4426937401294708,0.2728985249996185,0.2728985249996185,0.2728985249996185,1.0886358618736267,9.762779235839844,0.0173920991933348,0.0,0.001,63,0.0646563000009337,4.131062000011298,9.300341296928323,5.0,0.0183920991933348,True,63,pix_only-20260606T024719Z-14dbbe72,pix_only,none,,,,,
0.4782679549285343,0.2964874804019928,0.2964874804019928,0.2964874804019928,1.103335210255214,9.883617401123049,0.4542175233364105,0.2760494202375412,0.2760494202375412,0.2760494202375412,1.0926562547683716,9.68720817565918,0.0183920991933348,0.0,0.001,64,0.062616799998068,4.193678800009366,9.15966386554622,5.0,0.0193920991933348,True,64,pix_only-20260606T024719Z-14dbbe72,pix_only,none,,,,,
0.4890133227620806,0.3044309445789882,0.3044309445789882,0.3044309445789882,1.0986120019640242,9.518432072230748,0.4606625586748123,0.280597060918808,0.280597060918808,0.280597060918808,1.0870034098625183,9.285508155822754,0.0193920991933348,0.0,0.001,65,0.0640258999992511,4.257704700008617,9.02317880794702,5.0,0.0203920991933348,True,65,pix_only-20260606T024719Z-14dbbe72,pix_only,none,,,,,
0.4984220308916909,0.3049258206571851,0.3049258206571851,0.3049258206571851,1.0973980597087316,9.488783155168806,0.4622721374034881,0.2756153643131256,0.2756153643131256,0.2756153643131256,1.0875772833824158,9.153386116027832,0.0203920991933348,0.0,0.001,66,0.066203400001541,4.323908100010158,8.890701468189235,5.0,0.0213920991933348,True,66,pix_only-20260606T024719Z-14dbbe72,pix_only,none,,,,,
0.5054511087281364,0.3080904015472957,0.3080904015472957,0.3080904015472957,1.101095710481916,9.225868497576032,0.4732167422771454,0.2820400595664978,0.2820400595664978,0.2820400595664978,1.0839428305625916,8.936788558959961,0.0213920991933348,0.0,0.001,67,0.0610426999992341,4.384950800009392,8.762057877813504,5.0,0.0223920991933348,True,67,pix_only-20260606T024719Z-14dbbe72,pix_only,none,,,,,
0.5159181186131069,0.312462363924299,0.312462363924299,0.312462363924299,1.101139324051993,9.086050851004464,0.4627629965543747,0.27774778008461,0.27774778008461,0.27774778008461,1.0821152329444883,8.262522220611572,0.0223920991933348,0.0,0.001,68,0.0625478000001749,4.447498600009567,8.637083993660859,5.0,0.0213920991933348,True,68,pix_only-20260606T024719Z-14dbbe72,pix_only,none,,,,,
0.5096878068787711,0.3165091446467808,0.3165091446467808,0.3165091446467808,1.0987095151628767,9.030374254499163,0.4714900851249695,0.2773186266422272,0.2773186266422272,0.2773186266422272,1.0825015306472778,9.076783180236816,0.0213920991933348,0.0,0.001,69,0.0612924999986717,4.508791100008239,8.515625,5.0,0.0223920991933348,True,69,pix_only-20260606T024719Z-14dbbe72,pix_only,none,,,,,
0.5171044554029193,0.3124570548534393,0.3124570548534393,0.3124570548534393,1.0949149131774902,9.139267921447754,0.4789613932371139,0.2790264934301376,0.2790264934301376,0.2790264934301376,1.083004891872406,8.92881441116333,0.0223920991933348,0.0,0.001,70,0.0645824000021093,4.573373500010348,8.397534668721107,5.0,0.0233920991933348,True,70,pix_only-20260606T024719Z-14dbbe72,pix_only,none,,,,,
0.524887672492436,0.3208720343453543,0.3208720343453543,0.3208720343453543,1.092410751751491,8.721561023167201,0.4844428449869156,0.2758795022964477,0.2758795022964477,0.2758795022964477,1.0839504599571228,8.91597318649292,0.0233920991933348,0.0,0.001,71,0.0676815000006172,4.641055000010965,8.282674772036472,5.0,0.0243920991933348,True,71,pix_only-20260606T024719Z-14dbbe72,pix_only,none,,,,,
0.5314283456121173,0.3175958267280033,0.3175958267280033,0.3175958267280033,1.092370595250811,8.766465868268694,0.4784619957208633,0.2805418372154236,0.2805418372154236,0.2805418372154236,1.075308620929718,8.11410903930664,0.0243920991933348,0.0,0.001,72,0.06061469999986,4.701669700010825,8.170914542728639,5.0,0.0238240441591149,True,72,pix_only-20260606T024719Z-14dbbe72,pix_only,none,,,,,
0.5266638653618949,0.3171911878245217,0.3171911878245217,0.3171911878245217,1.0902875661849976,8.79249109540667,0.4738523960113525,0.2787635028362274,0.2787635028362274,0.2787635028362274,1.0804163217544556,8.188739776611328,0.0238240441591149,0.0,0.001,73,0.0617170999976224,4.763386800008448,8.062130177514796,5.0,0.0248240441591149,True,73,pix_only-20260606T024719Z-14dbbe72,pix_only,none,,,,,
0.5336265563964844,0.3268481407846723,0.3268481407846723,0.3268481407846723,1.096643056188311,8.329763684953962,0.4860294610261917,0.2795143723487854,0.2795143723487854,0.2795143723487854,1.0780591368675232,8.319156169891357,0.0248240441591149,0.0,0.001,74,0.0594564000020909,4.822843200010539,7.956204379562045,5.0,0.0258240441591149,True,74,pix_only-20260606T024719Z-14dbbe72,pix_only,none,,,,,
0.5437921796526227,0.324855055127825,0.324855055127825,0.324855055127825,1.0923725025994435,8.478033883231026,0.4886322617530823,0.2814122438430786,0.2814122438430786,0.2814122438430786,1.073228657245636,8.02430510520935,0.0258240441591149,0.0,0.001,75,0.0596494999990682,4.882492700009607,7.853025936599423,5.0,0.0268240441591149,True,75,pix_only-20260606T024719Z-14dbbe72,pix_only,none,,,,,
0.550998159817287,0.3296061030455998,0.3296061030455998,0.3296061030455998,1.090794801712036,8.253492559705462,0.4894938021898269,0.2826587706804275,0.2826587706804275,0.2826587706804275,1.0762730836868286,7.710807085037231,0.0268240441591149,0.0,0.001,76,0.0641648999990138,4.946657600008621,7.752489331436699,5.0,0.0264072216951202,True,76,pix_only-20260606T024719Z-14dbbe72,pix_only,none,,,,,
0.547418338911874,0.3290459258215768,0.3290459258215768,0.3290459258215768,1.09304940700531,8.269420623779297,0.500617504119873,0.2792618870735168,0.2792618870735168,0.2792618870735168,1.0810713171958923,8.382389068603516,0.0264072216951202,0.0,0.001,77,0.0612806999997701,5.007938300008391,7.65449438202247,5.0,0.0274072216951202,True,77,pix_only-20260606T024719Z-14dbbe72,pix_only,none,,,,,
0.5570600799151829,0.3358140162059239,0.3358140162059239,0.3358140162059239,1.0870201417378016,8.072546754564558,0.4977064728736877,0.2806291431188583,0.2806291431188583,0.2806291431188583,1.0782654881477356,7.920443058013916,0.0274072216951202,0.0,0.001,78,0.0602996999987226,5.068238000007113,7.558945908460473,5.0,0.0284072216951202,True,78,pix_only-20260606T024719Z-14dbbe72,pix_only,none,,,,,
0.5685581564903259,0.3362719544342586,0.3362719544342586,0.3362719544342586,1.0901795795985632,8.17701257978167,0.5096636414527893,0.2836460322141647,0.2836460322141647,0.2836460322141647,1.079374134540558,7.956342697143555,0.0284072216951202,0.0,0.001,79,0.0590650000012829,5.127303000008396,7.465753424657535,5.0,0.0294072216951202,True,79,pix_only-20260606T024719Z-14dbbe72,pix_only,none,,,,,
0.5679994821548462,0.341937495129449,0.341937495129449,0.341937495129449,1.083331721169608,7.687295368739536,0.492783322930336,0.2824153900146484,0.2824153900146484,0.2824153900146484,1.0673478841781616,7.153614282608032,0.0294072216951202,0.0,0.001,80,0.0627365000000281,5.1900395000084245,7.374830852503379,5.0,0.0284072216951202,True,80,pix_only-20260606T024719Z-14dbbe72,pix_only,none,,,,,
0.5601141282490322,0.333466112613678,0.333466112613678,0.333466112613678,1.090769342013768,7.978535311562674,0.4966544508934021,0.287971556186676,0.287971556186676,0.287971556186676,1.0707643032073977,7.346120834350586,0.0284072216951202,0.0,0.001,81,0.0620970999989367,5.252136600007361,7.286096256684488,5.0,0.0290074674717812,True,81,pix_only-20260606T024719Z-14dbbe72,pix_only,none,,,,,
0.5676561083112445,0.3441721796989441,0.3441721796989441,0.3441721796989441,1.0807625225612096,7.704358305249896,0.5080380141735077,0.2829915732145309,0.2829915732145309,0.2829915732145309,1.0733477473258972,7.758224010467529,0.0290074674717812,0.0,0.001,82,0.0626021999996737,5.314738800007035,7.199471598414796,5.0,0.0300074674717812,True,82,pix_only-20260606T024719Z-14dbbe72,pix_only,none,,,,,
0.5740715435573033,0.3441506624221802,0.3441506624221802,0.3441506624221802,1.078202451978411,7.6621221133640836,0.5164421498775482,0.2859150618314743,0.2859150618314743,0.2859150618314743,1.0755969882011414,7.682323932647705,0.0300074674717812,0.0,0.001,83,0.0637839999981224,5.3785228000051575,7.114882506527415,5.0,0.0310074674717812,True,83,pix_only-20260606T024719Z-14dbbe72,pix_only,none,,,,,
0.5859518051147461,0.345059905733381,0.345059905733381,0.345059905733381,1.082606588091169,7.768835612705776,0.5066595077514648,0.2850043475627899,0.2850043475627899,0.2850043475627899,1.0693439245224,7.148443937301636,0.0310074674717812,0.0,0.001,84,0.060101899998699,5.438624700003857,7.032258064516128,5.0,0.0320074674717812,True,84,pix_only-20260606T024719Z-14dbbe72,pix_only,none,,,,,
0.5896019084112984,0.3515396586486271,0.3515396586486271,0.3515396586486271,1.086412446839469,7.437709399632046,0.5151731073856354,0.2879286557435989,0.2879286557435989,0.2879286557435989,1.069504976272583,7.099731922149658,0.0320074674717812,0.0,0.001,85,0.0591007000002719,5.4977254000041285,6.951530612244902,5.0,0.0330074674717812,True,85,pix_only-20260606T024719Z-14dbbe72,pix_only,none,,,,,
0.5970121026039124,0.3519493852342878,0.3519493852342878,0.3519493852342878,1.0819799218858992,7.424462182181222,0.5188060104846954,0.2912627458572387,0.2912627458572387,0.2912627458572387,1.06969952583313,6.893690347671509,0.0330074674717812,0.0,0.001,86,0.0629464000012376,5.560671800005366,6.872635561160152,5.0,0.0332180153368947,True,86,pix_only-20260606T024719Z-14dbbe72,pix_only,none,,,,,
0.5951087900570461,0.3535412635122026,0.3535412635122026,0.3535412635122026,1.079418080193656,7.27218450818743,0.5146161019802094,0.2894245535135269,0.2894245535135269,0.2894245535135269,1.063632309436798,6.779199838638306,0.0332180153368947,0.0,0.001,87,0.0644743000011658,5.625146100006532,6.795511221945134,5.0,0.0330549015038265,True,87,pix_only-20260606T024719Z-14dbbe72,pix_only,none,,,,,
0.58810898235866,0.344839687858309,0.344839687858309,0.344839687858309,1.0822080884660994,7.359552383422852,0.5004730522632599,0.2894481569528579,0.2894481569528579,0.2894481569528579,1.0649237632751465,6.384072542190552,0.0330549015038265,0.0,0.001,88,0.0615986000011616,5.686744700007694,6.720098643649813,5.0,0.0320549015038265,True,88,pix_only-20260606T024719Z-14dbbe72,pix_only,none,,,,,
0.588731620992933,0.3573031723499298,0.3573031723499298,0.3573031723499298,1.0780456747327531,7.219752720424107,0.5278683304786682,0.2832319736480713,0.2832319736480713,0.2832319736480713,1.0698155760765076,7.631792306900024,0.0320549015038265,0.0,0.001,89,0.0631200999996508,5.7498648000073445,6.646341463414636,5.0,0.0330549015038265,True,89,pix_only-20260606T024719Z-14dbbe72,pix_only,none,,,,,
0.5930983679635184,0.3546957416193826,0.3546957416193826,0.3546957416193826,1.0794907467705863,7.212322575705392,0.5255308747291565,0.2916233539581299,0.2916233539581299,0.2916233539581299,1.0682541131973269,7.07633376121521,0.0330549015038265,0.0,0.001,90,0.0596846999978879,5.809549500005232,6.57418576598311,5.0,0.0340549015038265,True,90,pix_only-20260606T024719Z-14dbbe72,pix_only,none,,,,,
0.6009837729590279,0.3596159432615552,0.3596159432615552,0.3596159432615552,1.0743452651160104,7.087609086717878,0.5256364941596985,0.2857968211174011,0.2857968211174011,0.2857968211174011,1.0665661692619324,7.042736053466797,0.0340549015038265,0.0,0.001,91,0.0646221999995759,5.874171700004808,6.503579952267302,5.0,0.0350549015038265,True,91,pix_only-20260606T024719Z-14dbbe72,pix_only,none,,,,,
0.6053979481969561,0.3556859620979854,0.3556859620979854,0.3556859620979854,1.0757907629013062,7.123454366411481,0.5151657164096832,0.2932594418525696,0.2932594418525696,0.2932594418525696,1.0606675148010254,6.330250024795532,0.0350549015038265,0.0,0.001,92,0.0614863999981025,5.935658100002911,6.434474616292796,5.0,0.0340549015038265,True,92,pix_only-20260606T024719Z-14dbbe72,pix_only,none,,,,,
0.6011880125318255,0.3596656450203487,0.3596656450203487,0.3596656450203487,1.073857375553676,7.092147145952497,0.5217835605144501,0.289919376373291,0.289919376373291,0.289919376373291,1.063033938407898,6.808540344238281,0.0340549015038265,0.0,0.001,93,0.0612001000008604,5.996858200003771,6.3668224299065415,5.0,0.0350549015038265,True,93,pix_only-20260606T024719Z-14dbbe72,pix_only,none,,,,,
0.6060168657984052,0.3659984384264265,0.3659984384264265,0.3659984384264265,1.0810659102031164,6.846929550170898,0.5256434381008148,0.2909159362316131,0.2909159362316131,0.2909159362316131,1.0625171065330503,6.695997476577759,0.0350549015038265,0.0,0.001,94,0.0612522999981592,6.058110500001931,6.300578034682083,5.0,0.0360549015038265,True,94,pix_only-20260606T024719Z-14dbbe72,pix_only,none,,,,,
0.6111691849572318,0.3574867418834141,0.3574867418834141,0.3574867418834141,1.0772215809140886,7.036004475184849,0.5222389400005341,0.2908264398574829,0.2908264398574829,0.2908264398574829,1.0639625787734983,6.418337106704712,0.0360549015038265,0.0,0.001,95,0.0623871999996481,6.120497700001579,6.235697940503435,5.0,0.0370549015038265,True,95,pix_only-20260606T024719Z-14dbbe72,pix_only,none,,,,,
0.6210457767759051,0.369181364774704,0.369181364774704,0.369181364774704,1.0759084224700928,6.7970613070896695,0.5388483107089996,0.2960815578699112,0.2960815578699112,0.2960815578699112,1.0597338676452637,6.551542043685913,0.0370549015038265,0.0,0.001,96,0.0597796000001835,6.180277300001762,6.172140430351078,5.0,0.0380549015038265,True,96,pix_only-20260606T024719Z-14dbbe72,pix_only,none,,,,,
0.6251012853213719,0.3680141908781869,0.3680141908781869,0.3680141908781869,1.0723614181791032,6.755689484732492,0.532343864440918,0.2967675626277923,0.2967675626277923,0.2967675626277923,1.0582244396209717,6.19043231010437,0.0380549015038265,0.0,0.001,97,0.0584445000022242,6.238721800003987,6.109865470852014,5.0,0.03886056989635,True,97,pix_only-20260606T024719Z-14dbbe72,pix_only,none,,,,,
0.631866088935307,0.3725688585213252,0.3725688585213252,0.3725688585213252,1.0700041396277291,6.672501904623849,0.5310066640377045,0.2934095561504364,0.2934095561504364,0.2934095561504364,1.0564087629318235,6.114092111587524,0.03886056989635,0.0,0.001,98,0.0627482000018062,6.301470000005793,6.048834628190896,5.0,0.0395131447303163,True,98,pix_only-20260606T024719Z-14dbbe72,pix_only,none,,,,,
0.6333832144737244,0.3827622319970812,0.3827622319970812,0.3827622319970812,1.0719642639160156,6.342724459511893,0.5415695905685425,0.2973291128873825,0.2973291128873825,0.2973291128873825,1.062301516532898,6.181246519088745,0.0395131447303163,0.0,0.001,99,0.0621049000001221,6.363574900005915,5.989010989010993,5.0,0.0405131447303163,True,99,pix_only-20260606T024719Z-14dbbe72,pix_only,none,,,,,
0.6377938645226615,0.3746747885431562,0.3746747885431562,0.3746747885431562,1.0705561978476388,6.494659219469343,0.5382210314273834,0.2996617257595062,0.2996617257595062,0.2996617257595062,1.0579702854156494,5.888441801071167,0.0405131447303163,0.0,0.001,100,0.0600520999978471,6.423627000003762,5.930359085963005,5.0,0.0400939718813979,True,100,pix_only-20260606T024719Z-14dbbe72,pix_only,none,,,,,
0.6351045795849392,0.3821666921888079,0.3821666921888079,0.3821666921888079,1.0695631674357824,6.308626174926758,0.5436067879199982,0.2958779335021972,0.2958779335021972,0.2958779335021972,1.0564067363739014,6.178705930709839,0.0400939718813979,0.0,0.001,101,0.0651921999997284,6.4888192000034906,5.872844827586206,5.0,0.0410939718813979,True,101,pix_only-20260606T024719Z-14dbbe72,pix_only,none,,,,,
0.6390395249639239,0.3838855539049421,0.3838855539049421,0.3838855539049421,1.0667909043175834,6.2090365546090265,0.5432390570640564,0.2963312417268753,0.2963312417268753,0.2963312417268753,1.0562071800231934,6.008370637893677,0.0410939718813979,0.0,0.001,102,0.0617246000001614,6.550543800003652,5.81643543223052,5.0,0.0420939718813979,True,102,pix_only-20260606T024719Z-14dbbe72,pix_only,none,,,,,
0.6395456790924072,0.377790766102927,0.377790766102927,0.377790766102927,1.0647194215229578,6.218346323285784,0.5444901585578918,0.302560344338417,0.302560344338417,0.302560344338417,1.0536991357803345,5.7473742961883545,0.0420939718813979,0.0,0.001,103,0.0590943999995943,6.609638200003246,5.761099365750525,5.0,0.0419567211857762,True,103,pix_only-20260606T024719Z-14dbbe72,pix_only,none,,,,,
0.6485959036009652,0.3913462928363255,0.3913462928363255,0.3913462928363255,1.0719772747584753,6.131308828081403,0.5504343509674072,0.3017264306545257,0.3017264306545257,0.3017264306545257,1.0532014966011047,5.927724838256836,0.0419567211857762,0.0,0.001,104,0.0585817999999562,6.668220000003203,5.706806282722511,5.0,0.0429567211857762,True,104,pix_only-20260606T024719Z-14dbbe72,pix_only,none,,,,,
0.6590919239180428,0.3911587468215397,0.3911587468215397,0.3911587468215397,1.0618996620178225,6.2372821399143765,0.5610136091709137,0.2962435185909271,0.2962435185909271,0.2962435185909271,1.0598739385604858,6.163647413253784,0.0429567211857762,0.0,0.001,105,0.0607591000007232,6.728979100003926,5.65352697095436,5.0,0.0439567211857762,True,105,pix_only-20260606T024719Z-14dbbe72,pix_only,none,,,,,
0.6552952953747341,0.3831428757735661,0.3831428757735661,0.3831428757735661,1.0632817574909754,6.19137259892055,0.5434856414794922,0.302897036075592,0.302897036075592,0.302897036075592,1.0524322390556335,5.473306894302368,0.0439567211857762,0.0,0.001,106,0.06255930000043,6.791538400004356,5.601233299075027,5.0,0.0429567211857762,True,106,pix_only-20260606T024719Z-14dbbe72,pix_only,none,,,,,
0.6534355963979449,0.3936163655349186,0.3936163655349186,0.3936163655349186,1.0712334258215768,6.048395020621164,0.5590211153030396,0.3026818335056305,0.3026818335056305,0.3026818335056305,1.0541727542877195,5.967384576797485,0.0429567211857762,0.0,0.001,107,0.0585691999986011,6.850107600002957,5.549898167006106,5.0,0.0439567211857762,True,107,pix_only-20260606T024719Z-14dbbe72,pix_only,none,,,,,
0.660769624369485,0.3965821649347033,0.3965821649347033,0.3965821649347033,1.06578300680433,6.010172230856759,0.5535301864147186,0.3002516776323318,0.3002516776323318,0.3002516776323318,1.0542062520980835,5.761997699737549,0.0439567211857762,0.0,0.001,108,0.0581337000003259,6.908241300003283,5.499495459132191,5.0,0.0449567211857762,True,108,pix_only-20260606T024719Z-14dbbe72,pix_only,none,,,,,
0.663905782358987,0.390277875321252,0.390277875321252,0.390277875321252,1.0684760298047746,6.086473805563791,0.5496841669082642,0.3029937595129013,0.3029937595129013,0.3029937595129013,1.0533515214920044,5.487285852432251,0.0449567211857762,0.0,0.001,109,0.0638023999999859,6.972043700003269,5.450000000000003,5.0,0.0453295797100987,True,109,pix_only-20260606T024719Z-14dbbe72,pix_only,none,,,,,
0.6649581704820905,0.4046549456460135,0.4046549456460135,0.4046549456460135,1.0595569099698747,5.742458411625454,0.5700061619281769,0.3005546927452087,0.3005546927452087,0.3005546927452087,1.0556309223175049,5.94427490234375,0.0453295797100987,0.0,0.001,110,0.0642778000001271,7.036321500003396,5.401387512388503,5.0,0.0463295797100987,True,110,pix_only-20260606T024719Z-14dbbe72,pix_only,none,,,,,
0.6755870750972203,0.3976886570453644,0.3976886570453644,0.3976886570453644,1.0611509084701538,5.998293536049979,0.5544071197509766,0.3075986355543136,0.3075986355543136,0.3075986355543136,1.0483168959617617,5.32723331451416,0.0463295797100987,0.0,0.001,111,0.0600267999980133,7.096348300001409,5.353634577603145,5.0,0.0460655670792089,True,111,pix_only-20260606T024719Z-14dbbe72,pix_only,none,,,,,
0.6701277153832572,0.4029108541352408,0.4029108541352408,0.4029108541352408,1.0602935893195016,5.800793784005301,0.5695202350616455,0.3040530234575271,0.3040530234575271,0.3040530234575271,1.0516358017921448,5.762811660766602,0.0460655670792089,0.0,0.001,112,0.0604128000013588,7.156761100002768,5.306718597857838,5.0,0.0470655670792089,True,112,pix_only-20260606T024719Z-14dbbe72,pix_only,none,,,,,
0.6751296775681632,0.4091095158032009,0.4091095158032009,0.4091095158032009,1.0576049770627702,5.652118682861328,0.5564828515052795,0.3099356442689895,0.3099356442689895,0.3099356442689895,1.0462617874145508,5.238377094268799,0.0470655670792089,0.0,0.001,113,0.0592522999977518,7.21601340000052,5.260617760617762,5.0,0.0468431604157192,True,113,pix_only-20260606T024719Z-14dbbe72,pix_only,none,,,,,
0.6771696550505502,0.4065680844443185,0.4065680844443185,0.4065680844443185,1.060902578490121,5.776757717132568,0.5661525130271912,0.3072977513074875,0.3072977513074875,0.3072977513074875,1.0483407974243164,5.525988340377808,0.0468431604157192,0.0,0.001,114,0.0606880999985151,7.276701499999035,5.215311004784688,5.0,0.0478431604157192,True,114,pix_only-20260606T024719Z-14dbbe72,pix_only,none,,,,,
0.6780676330838885,0.4121637344360351,0.4121637344360351,0.4121637344360351,1.05669823714665,5.557824543544224,0.5631557106971741,0.3082335442304611,0.3082335442304611,0.3082335442304611,1.0489073395729065,5.328288793563843,0.0478431604157192,0.0,0.001,115,0.0661786999989999,7.342880199998035,5.170777988614802,5.0,0.0488431604157192,True,115,pix_only-20260606T024719Z-14dbbe72,pix_only,none,,,,,
0.6900410907609122,0.407474615744182,0.407474615744182,0.407474615744182,1.050755296434675,5.785180228097098,0.565949559211731,0.305979460477829,0.305979460477829,0.305979460477829,1.0486854314804075,5.322548866271973,0.0488431604157192,0.0,0.001,116,0.060995300002105,7.40387550000014,5.126999059266225,5.0,0.0498431604157192,True,116,pix_only-20260606T024719Z-14dbbe72,pix_only,none,,,,,
0.6837551253182548,0.4207982463496072,0.4207982463496072,0.4207982463496072,1.0604472160339355,5.275686468396868,0.565447986125946,0.3101783394813537,0.3101783394813537,0.3101783394813537,1.0462724566459656,5.12145733833313,0.0498431604157192,0.0,0.001,117,0.0619323999999323,7.465807900000072,5.083955223880601,5.0,0.0502181815602445,True,117,pix_only-20260606T024719Z-14dbbe72,pix_only,none,,,,,
0.6980218291282654,0.4158372282981872,0.4158372282981872,0.4158372282981872,1.0531337261199951,5.619172232491629,0.5817567408084869,0.3125113248825073,0.3125113248825073,0.3125113248825073,1.0475926995277405,5.361512899398804,0.0502181815602445,0.0,0.001,118,0.0632316999981412,7.529039599998214,5.04162812210916,5.0,0.0512181815602445,True,118,pix_only-20260606T024719Z-14dbbe72,pix_only,none,,,,,
0.7000314337866647,0.4231178845678057,0.4231178845678057,0.4231178845678057,1.0545484849384852,5.4065479551042825,0.5812703371047974,0.308627039194107,0.308627039194107,0.308627039194107,1.048720359802246,5.323174476623535,0.0512181815602445,0.0,0.001,119,0.061262400002306,7.59030200000052,5.0,5.0,0.0522181815602445,True,119,pix_only-20260606T024719Z-14dbbe72,pix_only,none,,,,,
0.7028245074408395,0.425506408725466,0.425506408725466,0.425506408725466,1.0534964288984026,5.310757500784738,0.5811145901679993,0.3136545866727829,0.3136545866727829,0.3136545866727829,1.0457540154457092,5.121971368789673,0.0522181815602445,0.0,0.001,120,0.0614023999987694,7.651704399999289,5.0,5.0,0.0534378952481413,True,120,pix_only-20260606T024719Z-14dbbe72,pix_only,none,,,,,
0.7084419812474932,0.415629437991551,0.415629437991551,0.415629437991551,1.0546327659061976,5.479492596217564,0.5734536349773407,0.3119410574436188,0.3119410574436188,0.3119410574436188,1.0450198650360107,4.893765926361084,0.0534378952481413,0.0,0.001,121,0.0616181000004871,7.713322499999776,5.0,5.0,0.0523755545117521,True,121,pix_only-20260606T024719Z-14dbbe72,pix_only,none,,,,,
0.7029806290354047,0.4197550969464438,0.4197550969464438,0.4197550969464438,1.055056027003697,5.407590184892927,0.5705924034118652,0.3164785653352737,0.3164785653352737,0.3164785653352737,1.040927529335022,4.85176420211792,0.0523755545117521,0.0,0.001,122,0.0590984000009484,7.772420900000725,5.0,5.0,0.0508931965329313,True,122,pix_only-20260606T024719Z-14dbbe72,pix_only,none,,,,,
0.6979841419628688,0.4315133988857269,0.4315133988857269,0.4315133988857269,1.0571119274411882,5.235881669180734,0.5836517512798309,0.3132458925247192,0.3132458925247192,0.3132458925247192,1.0474303364753723,5.313202619552612,0.0508931965329313,0.0,0.001,123,0.060149500000989,7.832570400001714,5.0,5.0,0.0540252227284574,True,123,pix_only-20260606T024719Z-14dbbe72,pix_only,none,,,,,
0.7088527679443359,0.4283031480652945,0.4283031480652945,0.4283031480652945,1.0480659689222065,5.192937782832554,0.5771846175193787,0.3143377900123596,0.3143377900123596,0.3143377900123596,1.0430124998092651,4.865261554718018,0.0540252227284574,0.0,0.001,124,0.0599443000028259,7.89251470000454,5.0,5.0,0.0526778382756376,True,124,pix_only-20260606T024719Z-14dbbe72,pix_only,none,,,,,
0.7021889856883458,0.4194331339427403,0.4194331339427403,0.4194331339427403,1.0517982585089547,5.367643288203648,0.5853189527988434,0.3139170110225677,0.3139170110225677,0.3139170110225677,1.0446498394012451,5.152108669281006,0.0526778382756376,0.0,0.001,125,0.0604198000000906,7.9529345000046305,5.0,5.0,0.0541989249684477,True,125,pix_only-20260606T024719Z-14dbbe72,pix_only,none,,,,,
0.7075750998088292,0.4324659066540854,0.4324659066540854,0.4324659066540854,1.0493567330496651,5.075916085924421,0.5855152010917664,0.3223461955785751,0.3223461955785751,0.3223461955785751,1.0460131764411926,4.8556129932403564,0.0541989249684477,0.0,0.001,126,0.0633243999982369,8.016258900002867,5.0,5.0,0.0527550549008512,True,126,pix_only-20260606T024719Z-14dbbe72,pix_only,none,,,,,
0.7028865984507969,0.4266491787774222,0.4266491787774222,0.4266491787774222,1.0549409559794836,5.236226899283273,0.5819833278656006,0.3170424997806549,0.3170424997806549,0.3170424997806549,1.0431791543960571,5.0220935344696045,0.0527550549008512,0.0,0.0007,127,0.065778299998783,8.08203720000165,5.0,5.0,0.0529759902455473,True,127,pix_only-20260606T024719Z-14dbbe72,pix_only,none,,,,,
0.6966672369412014,0.4240601233073643,0.4240601233073643,0.4240601233073643,1.05121225970132,5.145861557551792,0.5695621073246002,0.3157265186309814,0.3157265186309814,0.3157265186309814,1.041604220867157,4.791521787643433,0.0529759902455473,0.0,0.0007,128,0.0643339000016567,8.146371100003307,5.0,5.0,0.0508912081219816,True,128,pix_only-20260606T024719Z-14dbbe72,pix_only,none,,,,,
0.68753582239151,0.4136593171528407,0.4136593171528407,0.4136593171528407,1.050217594419207,5.381607396262033,0.5745747089385986,0.3109526336193084,0.3109526336193084,0.3109526336193084,1.0459429025650024,5.180110692977905,0.0508912081219816,0.0,0.0007,129,0.0681307000013475,8.214501800004655,5.0,5.0,0.0526923150517606,True,129,pix_only-20260606T024719Z-14dbbe72,pix_only,none,,,,,
0.7030866486685616,0.4280269827161516,0.4280269827161516,0.4280269827161516,1.0552366631371637,5.220109462738037,0.5794478058815002,0.3132994920015335,0.3132994920015335,0.3132994920015335,1.0455472469329834,5.050988435745239,0.0526923150517606,0.0,0.0007,130,0.0625189000020327,8.277020700006688,5.0,5.0,0.053202199409213,True,130,pix_only-20260606T024719Z-14dbbe72,pix_only,none,,,,,
0.6998840740748814,0.4207195937633514,0.4207195937633514,0.4207195937633514,1.05437057358878,5.247235093797956,0.5802884101867676,0.3157625049352646,0.3157625049352646,0.3157625049352646,1.0433641076087952,4.97208571434021,0.053202199409213,0.0,0.0007,131,0.0635550999977567,8.340575800004444,5.0,5.0,0.0529230565526151,True,131,pix_only-20260606T024719Z-14dbbe72,pix_only,none,,,,,
0.6929649370057243,0.4125229503427233,0.4125229503427233,0.4125229503427233,1.0531478098460607,5.299051284790039,0.5723773241043091,0.3133969008922577,0.3133969008922577,0.3133969008922577,1.0438504219055176,4.893526792526245,0.0529230565526151,0.0,0.0007,132,0.0674121000010927,8.407987900005537,5.0,5.0,0.0518583244778776,True,132,pix_only-20260606T024719Z-14dbbe72,pix_only,none,,,,,
0.6873270273208618,0.4211678036621639,0.4211678036621639,0.4211678036621639,1.053535086768014,5.132430076599121,0.5769737362861633,0.3112412989139557,0.3112412989139557,0.3112412989139557,1.0467491149902344,5.124200820922852,0.0518583244778776,0.0,0.0007,133,0.0620980999992752,8.470086000004812,5.0,5.0,0.0531003326871061,True,133,pix_only-20260606T024719Z-14dbbe72,pix_only,none,,,,,
0.6941036411694118,0.4150114740644182,0.4150114740644182,0.4150114740644182,1.0534435851233346,5.255939756120954,0.5693540573120117,0.3150476068258285,0.3150476068258285,0.3150476068258285,1.0415387749671936,4.7891685962677,0.0531003326871061,0.0,0.0007,134,0.061965599998075,8.532051600002887,5.0,5.0,0.0509920186497831,True,134,pix_only-20260606T024719Z-14dbbe72,pix_only,none,,,,,
0.6867171611104693,0.4175109991005489,0.4175109991005489,0.4175109991005489,1.0503814561026437,5.27937820979527,0.5794270038604736,0.3116811364889145,0.3116811364889145,0.3116811364889145,1.0447078943252563,5.25074028968811,0.0509920186497831,0.0,0.0007,135,0.0650808000027609,8.597132400005648,5.0,5.0,0.0534994215466642,True,135,pix_only-20260606T024719Z-14dbbe72,pix_only,none,,,,,
0.6964847019740513,0.4127895534038543,0.4127895534038543,0.4127895534038543,1.049908995628357,5.302770069667271,0.5693168342113495,0.3112640231847763,0.3112640231847763,0.3112640231847763,1.0431494116783142,4.823468923568726,0.0534994215466642,0.0,0.0007,136,0.0689105999990715,8.66604300000472,5.0,5.0,0.0517341107823515,True,136,pix_only-20260606T024719Z-14dbbe72,pix_only,none,,,,,
0.6907552054950169,0.4213370638234274,0.4213370638234274,0.4213370638234274,1.0584168774741036,5.20774643761771,0.5775546431541443,0.3109505772590637,0.3109505772590637,0.3109505772590637,1.0434672832489014,5.153351545333862,0.0517341107823515,0.0,0.0007,137,0.0659842999993998,8.73202730000412,5.0,5.0,0.0532676262356901,True,137,pix_only-20260606T024719Z-14dbbe72,pix_only,none,,,,,
0.6919648221560887,0.411867652620588,0.411867652620588,0.411867652620588,1.0497951337269371,5.258299895695278,0.5665304362773895,0.3122231215238571,0.3122231215238571,0.3122231215238571,1.043207347393036,4.77414345741272,0.0532676262356901,0.0,0.00049,138,0.0638416000001598,8.79586890000428,5.0,5.0,0.0510090608098173,True,138,pix_only-20260606T024719Z-14dbbe72,pix_only,none,,,,,
0.6834751112120492,0.417292194707053,0.417292194707053,0.417292194707053,1.055249197142465,5.218346050807408,0.5768714547157288,0.308431476354599,0.308431476354599,0.308431476354599,1.0444257259368896,5.262593746185303,0.0510090608098173,0.0,0.00049,139,0.0640837000028113,8.859952600007091,5.0,5.0,0.0536349982716703,True,139,pix_only-20260606T024719Z-14dbbe72,pix_only,none,,,,,
0.6860528758593968,0.3997323342732021,0.3997323342732021,0.3997323342732021,1.0553709438868932,5.338315691266741,0.5594007074832916,0.3121894598007202,0.3121894598007202,0.3121894598007202,1.039753496646881,4.609140872955322,0.0536349982716703,0.0,0.00049,140,0.0670078000002831,8.926960400007374,5.0,5.0,0.0497264070012235,True,140,pix_only-20260606T024719Z-14dbbe72,pix_only,none,,,,,
0.6776889647756305,0.4241477634225573,0.4241477634225573,0.4241477634225573,1.0465425934110368,5.098723343440464,0.580305814743042,0.3079344928264618,0.3079344928264618,0.3079344928264618,1.0452478528022766,5.477397918701172,0.0497264070012235,0.0,0.00049,141,0.0812124999974912,9.008172900004864,5.0,5.0,0.0545003861882353,True,141,pix_only-20260606T024719Z-14dbbe72,pix_only,none,,,,,
0.7012243270874023,0.4020720592566899,0.4020720592566899,0.4020720592566899,1.048282197543553,5.488993576594761,0.5604617595672607,0.3120881915092468,0.3120881915092468,0.3120881915092468,1.0412510633468628,4.5572803020477295,0.0545003861882353,0.0,0.00049,142,0.0843869000018457,9.092559800006711,5.0,5.0,0.0500731892087125,True,142,pix_only-20260606T024719Z-14dbbe72,pix_only,none,,,,,
0.6778069990021842,0.4278805128165653,0.4278805128165653,0.4278805128165653,1.0541238614491053,4.991224084581647,0.5712152123451233,0.3076953738927841,0.3076953738927841,0.3076953738927841,1.0450453758239746,5.26269268989563,0.0500731892087125,0.0,0.00049,143,0.069061000001966,9.161620800008675,5.0,5.0,0.0527001161076688,True,143,pix_only-20260606T024719Z-14dbbe72,pix_only,none,,,,,
0.6910726938928876,0.3943417029721396,0.3943417029721396,0.3943417029721396,1.05033734866551,5.630556719643729,0.5732290148735046,0.3076639026403427,0.3076639026403427,0.3076639026403427,1.0432063341140747,5.039174795150757,0.0527001161076688,0.0,0.00049,144,0.0584747000029892,9.220095500011666,5.0,5.0,0.0530918640591764,True,144,pix_only-20260606T024719Z-14dbbe72,pix_only,none,,,,,
0.6934923614774432,0.4250535666942596,0.4250535666942596,0.4250535666942596,1.0518930639539446,5.056118965148926,0.5631748735904694,0.3085202872753143,0.3085202872753143,0.3085202872753143,1.0419164299964905,4.796489477157593,0.0530918640591764,0.0,0.00049,145,0.0632106000011845,9.283306100012853,5.0,5.0,0.0510567588307523,True,145,pix_only-20260606T024719Z-14dbbe72,pix_only,none,,,,,
0.6786348053387233,0.4027801283768245,0.4027801283768245,0.4027801283768245,1.0474343470164709,5.402902330671038,0.5759618878364563,0.3062632828950882,0.3062632828950882,0.3062632828950882,1.0439966917037964,5.282329082489014,0.0510567588307523,0.0,0.00049,146,0.0648220000002766,9.348128100013128,5.0,5.0,0.0538800496556425,True,146,pix_only-20260606T024719Z-14dbbe72,pix_only,none,,,,,
0.6910388554845538,0.4085276935781751,0.4085276935781751,0.4085276935781751,1.056932500430516,5.243334906441825,0.56293585896492,0.3097837418317795,0.3097837418317795,0.3097837418317795,1.0424413084983826,4.698439121246338,0.0538800496556425,0.0,0.00049,147,0.0692629999975906,9.417391100010718,5.0,5.0,0.0508644408681059,True,147,pix_only-20260606T024719Z-14dbbe72,pix_only,none,,,,,
0.6756603121757507,0.4095184632710048,0.4095184632710048,0.4095184632710048,1.0538991008486067,5.232375485556466,0.5784748792648315,0.306788831949234,0.306788831949234,0.306788831949234,1.0452857613563538,5.341374635696411,0.0508644408681059,0.0,0.00049,148,0.0619659000003594,9.479357000011078,5.0,5.0,0.05427818722507,True,148,pix_only-20260606T024719Z-14dbbe72,pix_only,none,,,,,
0.6948671681540353,0.4026362044470651,0.4026362044470651,0.4026362044470651,1.055819749832153,5.383948598589216,0.56418776512146,0.3099384009838104,0.3099384009838104,0.3099384009838104,1.0416736006736755,4.684190511703491,0.05427818722507,0.0,0.00049,149,0.063219299998309,9.542576300009388,5.0,5.0,0.0511200923421049,True,149,pix_only-20260606T024719Z-14dbbe72,pix_only,none,,,,,
0.6729903221130371,0.4173657723835536,0.4173657723835536,0.4173657723835536,1.0507856607437134,5.0004713875906805,0.5630766749382019,0.3076351135969162,0.3076351135969162,0.3076351135969162,1.0446110367774963,4.996892213821411,0.0511200923421049,0.0,0.000343,150,0.0608453999993798,9.603421700008766,5.0,5.0,0.051089014480319,True,150,pix_only-20260606T024719Z-14dbbe72,pix_only,none,,,,,
0.6752265095710754,0.3993255027702876,0.3993255027702876,0.3993255027702876,1.053118245942252,5.400397981916155,0.5693908631801605,0.3047208338975906,0.3047208338975906,0.3047208338975906,1.044342279434204,5.180566549301148,0.051089014480319,0.0,0.000343,151,0.06675499999983,9.670176700008597,5.0,5.0,0.0528946799733305,True,151,pix_only-20260606T024719Z-14dbbe72,pix_only,none,,,,,
0.6825261286326817,0.4000150178159986,0.4000150178159986,0.4000150178159986,1.0446226341383795,5.34101152420044,0.5669768452644348,0.3078255802392959,0.3078255802392959,0.3078255802392959,1.0418273210525513,4.89938235282898,0.0528946799733305,0.0,0.000343,152,0.0610642999999981,9.731241000008596,5.0,5.0,0.0518885035016203,True,152,pix_only-20260606T024719Z-14dbbe72,pix_only,none,,,,,
0.6761250155312675,0.4087589510849544,0.4087589510849544,0.4087589510849544,1.0575836726597376,5.152703557695661,0.5669336915016174,0.3079414814710617,0.3079414814710617,0.3079414814710617,1.0442865490913391,4.991321563720703,0.0518885035016203,0.0,0.000343,153,0.0611957000000984,9.792436700008691,5.0,5.0,0.0518017191388273,True,153,pix_only-20260606T024719Z-14dbbe72,pix_only,none,,,,,
0.6774112156459263,0.4005643682820456,0.4005643682820456,0.4005643682820456,1.0527826377323697,5.344356400626046,0.572649210691452,0.3064741641283035,0.3064741641283035,0.3064741641283035,1.045423150062561,5.138343572616577,0.0518017191388273,0.0,0.000343,154,0.061928799997986,9.85436550000668,5.0,5.0,0.0531851548649931,True,154,pix_only-20260606T024719Z-14dbbe72,pix_only,none,,,,,
0.6872181211199079,0.4021480679512024,0.4021480679512024,0.4021480679512024,1.0628904104232788,5.359955378941128,0.567276805639267,0.3062553703784942,0.3062553703784942,0.3062553703784942,1.0434616804122925,4.907787322998047,0.0531851548649931,0.0,0.0002400999999999,155,0.0632079000024532,9.917573400009132,5.0,5.0,0.0522630280949735,True,155,pix_only-20260606T024719Z-14dbbe72,pix_only,none,,,,,
0.677479224545615,0.4102776050567627,0.4102776050567627,0.4102776050567627,1.051086698259626,5.112631729670933,0.5604870915412903,0.3057595640420913,0.3057595640420913,0.3057595640420913,1.04314386844635,4.873952388763428,0.0522630280949735,0.0,0.0002400999999999,156,0.0613099000001966,9.978883300009327,5.0,5.0,0.0510025519826078,True,156,pix_only-20260606T024719Z-14dbbe72,pix_only,none,,,,,
0.6709775243486676,0.4038507512637547,0.4038507512637547,0.4038507512637547,1.057750599724906,5.237517629350935,0.5632899403572083,0.3040134012699127,0.3040134012699127,0.3040134012699127,1.044119358062744,5.08359956741333,0.0510025519826078,0.0,0.0002400999999999,157,0.0640848999973968,10.042968200006726,5.0,5.0,0.0518385476567411,True,157,pix_only-20260606T024719Z-14dbbe72,pix_only,none,,,,,
0.6808440685272217,0.4004314030919756,0.4004314030919756,0.4004314030919756,1.0558990921292986,5.409346716744559,0.56814044713974,0.3051045686006546,0.3051045686006546,0.3051045686006546,1.0442951321601868,5.074136734008789,0.0518385476567411,0.0,0.0002400999999999,158,0.0583686000027228,10.101336800009449,5.0,5.0,0.052579914996829,True,158,pix_only-20260606T024719Z-14dbbe72,pix_only,none,,,,,
0.6837385722569057,0.4035377715315137,0.4035377715315137,0.4035377715315137,1.049107296126229,5.329046385628836,0.5699806809425354,0.3046936392784118,0.3046936392784118,0.3046936392784118,1.0444863438606262,5.0454065799713135,0.052579914996829,0.0,0.0002400999999999,159,0.0582672000018646,10.159604000011312,5.0,5.0,0.0530339807965421,True,159,pix_only-20260606T024719Z-14dbbe72,pix_only,none,,,,,
0.6808812618255615,0.4004467555454799,0.4004467555454799,0.4004467555454799,1.0534252609525407,5.28782708304269,0.5670880079269409,0.3044047951698303,0.3044047951698303,0.3044047951698303,1.0438387393951416,4.953111171722412,0.0530339807965421,0.0,0.0001680699999999,160,0.0652243000004091,10.224828300011724,5.0,5.0,0.0525650925137662,True,160,pix_only-20260606T024719Z-14dbbe72,pix_only,none,,,,,
0.6772774457931519,0.4060670563152858,0.4060670563152858,0.4060670563152858,1.051879678453718,5.159514904022217,0.5611445307731628,0.304366797208786,0.304366797208786,0.304366797208786,1.043458342552185,4.884947776794434,0.0525650925137662,0.0,0.0001680699999999,161,0.0619897000033233,10.286818000015046,5.0,5.0,0.0514145702817106,True,161,pix_only-20260606T024719Z-14dbbe72,pix_only,none,,,,,
0.6745482938630241,0.4077731456075396,0.4077731456075396,0.4077731456075396,1.0513798679624284,5.188706942967007,0.5610998272895813,0.303173080086708,0.303173080086708,0.303173080086708,1.043834567070007,5.016607761383057,0.0514145702817106,0.0,0.0001680699999999,162,0.0621879999998782,10.349006000014924,5.0,5.0,0.0515806478955411,True,162,pix_only-20260606T024719Z-14dbbe72,pix_only,none,,,,,
0.6832730599812099,0.4058667634214674,0.4058667634214674,0.4058667634214674,1.0567274604524886,5.378107752118792,0.5735966861248016,0.301968440413475,0.301968440413475,0.301968440413475,1.045608639717102,5.266087770462036,0.0515806478955411,0.0,0.0001680699999999,163,0.0678148000006331,10.416820800015556,5.0,5.0,0.0542415256001615,True,163,pix_only-20260606T024719Z-14dbbe72,pix_only,none,,,,,
0.6929171766553607,0.3938145296914236,0.3938145296914236,0.3938145296914236,1.05451762676239,5.514273915972028,0.5795401632785797,0.3034203797578811,0.3034203797578811,0.3034203797578811,1.0446374416351318,5.090560674667358,0.0542415256001615,0.0,0.0001680699999999,164,0.0638182999973651,10.480639100012922,5.0,5.0,0.0551471323468351,True,164,pix_only-20260606T024719Z-14dbbe72,pix_only,none,,,,,
0.6932946273258754,0.4051492810249328,0.4051492810249328,0.4051492810249328,1.0561775139399938,5.2250286511012485,0.572581946849823,0.3061274290084839,0.3061274290084839,0.3061274290084839,1.0438995361328125,4.831701993942261,0.0551471323468351,0.0,0.0001680699999999,165,0.0607555999995383,10.54139470001246,5.0,5.0,0.0534641522862577,True,165,pix_only-20260606T024719Z-14dbbe72,pix_only,none,,,,,
0.6804019383021763,0.4070415794849396,0.4070415794849396,0.4070415794849396,1.0521565164838518,5.112965311322894,0.5689715147018433,0.3063506186008453,0.3063506186008453,0.3063506186008453,1.044503688812256,4.912093639373779,0.0534641522862577,0.0,0.0001680699999999,166,0.0581358999988879,10.599530600011349,5.0,5.0,0.0525850886799955,True,166,pix_only-20260606T024719Z-14dbbe72,pix_only,none,,,,,
0.6724975960595267,0.3982845459665571,0.3982845459665571,0.3982845459665571,1.0572994947433472,5.21465403693063,0.5674450397491455,0.3058873265981674,0.3058873265981674,0.3058873265981674,1.0447529554367063,4.973989963531494,0.0525850886799955,0.0,0.0001680699999999,167,0.0632044999983918,10.66273510000974,5.0,5.0,0.0523249883153104,True,167,pix_only-20260606T024719Z-14dbbe72,pix_only,none,,,,,
0.6811099222728184,0.4079852913107191,0.4079852913107191,0.4079852913107191,1.0534932783671789,5.2197739737374445,0.5655385553836823,0.3058244884014129,0.3058244884014129,0.3058244884014129,1.0440442562103271,4.963480710983276,0.0523249883153104,0.0,0.0001680699999999,168,0.059289600001648,10.722024700011389,5.0,5.0,0.0519597954251432,True,168,pix_only-20260606T024719Z-14dbbe72,pix_only,none,,,,,
0.6766994595527649,0.4036025660378592,0.4036025660378592,0.4036025660378592,1.049968617303031,5.255927290235247,0.5685848295688629,0.305324450135231,0.305324450135231,0.305324450135231,1.0443438291549685,5.066617012023926,0.0519597954251432,0.0,0.0001680699999999,169,0.0606230999983381,10.782647800009729,5.0,5.0,0.0526259655453825,True,169,pix_only-20260606T024719Z-14dbbe72,pix_only,none,,,,,
0.6764136467661176,0.3942591292517526,0.3942591292517526,0.3942591292517526,1.056073648588998,5.361507892608643,0.5706399083137512,0.3046631962060928,0.3046631962060928,0.3046631962060928,1.044986605644226,5.054096698760986,0.0526259655453825,0.0,0.0001176489999999,170,0.0611140000000887,10.843761800009815,5.0,5.0,0.0531669325329923,True,170,pix_only-20260606T024719Z-14dbbe72,pix_only,none,,,,,
0.6824074302400861,0.4017489339624132,0.4017489339624132,0.4017489339624132,1.0502240657806396,5.278816631862095,0.5666099488735199,0.3052767962217331,0.3052767962217331,0.3052767962217331,1.0444063544273376,4.915332078933716,0.0531669325329923,0.0,0.0001176489999999,171,0.0638939999989816,10.907655800008795,5.0,5.0,0.0523202533223295,True,171,pix_only-20260606T024719Z-14dbbe72,pix_only,none,,,,,
0.6718473860195705,0.4020205480711801,0.4020205480711801,0.4020205480711801,1.0561003344399589,5.157216140202114,0.5616748034954071,0.3059814423322677,0.3059814423322677,0.3059814423322677,1.0440255403518677,4.887082099914551,0.0523202533223295,0.0,0.0001176489999999,172,0.0610237000000779,10.968679500008877,5.0,5.0,0.051191074321475,True,172,pix_only-20260606T024719Z-14dbbe72,pix_only,none,,,,,
0.6701438086373466,0.4045476487704685,0.4045476487704685,0.4045476487704685,1.0510706050055367,5.188329628535679,0.5600771605968475,0.3051451295614242,0.3051451295614242,0.3051451295614242,1.0434564352035522,4.980009317398071,0.051191074321475,0.0,0.0001176489999999,173,0.0648139000004448,11.03349340000932,5.0,5.0,0.0509911674954557,True,173,pix_only-20260606T024719Z-14dbbe72,pix_only,none,,,,,
0.6650692224502563,0.3955769709178379,0.3955769709178379,0.3955769709178379,1.0540810653141566,5.285077095031738,0.5602097511291504,0.3035190403461456,0.3035190403461456,0.3035190403461456,1.043664574623108,5.034023761749268,0.0509911674954557,0.0,0.0001176489999999,174,0.0589453000029607,11.09243870001228,5.0,5.0,0.0513314051129484,True,174,pix_only-20260606T024719Z-14dbbe72,pix_only,none,,,,,
0.6752929602350507,0.4019966125488281,0.4019966125488281,0.4019966125488281,1.053447893687657,5.324155194418771,0.5633839070796967,0.3029664307832718,0.3029664307832718,0.3029664307832718,1.0444295406341553,5.073257923126221,0.0513314051129484,0.0,8.235429999999999e-05,175,0.0648618999985046,11.157300600010783,5.0,5.0,0.0520639843442106,True,175,pix_only-20260606T024719Z-14dbbe72,pix_only,none,,,,,
0.6742963450295585,0.3944640415055411,0.3944640415055411,0.3944640415055411,1.054434163229806,5.374776976449149,0.5677580535411835,0.3030748665332794,0.3030748665332794,0.3030748665332794,1.0446139574050903,5.083806276321411,0.0520639843442106,0.0,8.235429999999999e-05,176,0.0615111000006436,11.218811700011427,5.0,5.0,0.0529020471074247,True,176,pix_only-20260606T024719Z-14dbbe72,pix_only,none,,,,,
0.6817679830959865,0.3988647120339529,0.3988647120339529,0.3988647120339529,1.0569857018334523,5.347681181771415,0.5697989761829376,0.3031116425991058,0.3031116425991058,0.3031116425991058,1.0440562963485718,5.0411536693573,0.0529020471074247,0.0,8.235429999999999e-05,177,0.0590381999973033,11.277849900008732,5.0,5.0,0.0533135838009977,True,177,pix_only-20260606T024719Z-14dbbe72,pix_only,none,,,,,
0.6804705687931606,0.398862532206944,0.398862532206944,0.398862532206944,1.0489907945905412,5.282106876373291,0.5707522332668304,0.3035324513912201,0.3035324513912201,0.3035324513912201,1.0439926981925964,5.0122270584106445,0.0533135838009977,0.0,8.235429999999999e-05,178,0.0590594999994209,11.336909400008151,5.0,5.0,0.0534358543851041,True,178,pix_only-20260606T024719Z-14dbbe72,pix_only,none,,,,,
0.6827157650675092,0.4006413519382477,0.4006413519382477,0.4006413519382477,1.055864862033299,5.278748103550503,0.5698652863502502,0.3040242046117782,0.3040242046117782,0.3040242046117782,1.0441792011260986,4.97495698928833,0.0534358543851041,0.0,8.235429999999999e-05,179,0.0586151999996218,11.395524600007777,5.0,5.0,0.0531854242779874,True,179,pix_only-20260606T024719Z-14dbbe72,pix_only,none,,,,,
0.6817251784460885,0.4043942264148167,0.4043942264148167,0.4043942264148167,1.0474724769592283,5.21441650390625,0.5691979825496674,0.3040178567171097,0.3040178567171097,0.3040178567171097,1.044144332408905,4.985954761505127,0.0531854242779874,0.0,5.764800999999999e-05,180,0.0607323000003816,11.456256900008157,5.0,5.0,0.0530449718930387,True,180,pix_only-20260606T024719Z-14dbbe72,pix_only,none,,,,,
0.6747188738414219,0.3965214150292532,0.3965214150292532,0.3965214150292532,1.0526475736073084,5.244558470589774,0.5674043893814087,0.3040203005075454,0.3040203005075454,0.3040203005075454,1.0438831448554993,4.9652979373931885,0.0530449718930387,0.0,5.764800999999999e-05,181,0.0584007000034034,11.51465760001156,5.0,5.0,0.0526979512669706,True,181,pix_only-20260606T024719Z-14dbbe72,pix_only,none,,,,,
0.6777851070676532,0.4032129858221326,0.4032129858221326,0.4032129858221326,1.0533096620014737,5.210299832480295,0.5647871494293213,0.3041644990444183,0.3041644990444183,0.3041644990444183,1.044024109840393,4.945592880249023,0.0526979512669706,0.0,5.764800999999999e-05,182,0.0626474999990023,11.577305100010562,5.0,5.0,0.0521538800694608,True,182,pix_only-20260606T024719Z-14dbbe72,pix_only,none,,,,,
0.6795746854373387,0.4070927628449031,0.4070927628449031,0.4070927628449031,1.0572734900883265,5.224575928279331,0.5635404884815216,0.3035252094268799,0.3035252094268799,0.3035252094268799,1.0444429516792295,4.985540390014648,0.0521538800694608,0.0,5.764800999999999e-05,183,0.061797900001693,11.639103000012256,5.0,5.0,0.0520092839696073,True,183,pix_only-20260606T024719Z-14dbbe72,pix_only,none,,,,,
0.6756055099623544,0.4004063733986446,0.4004063733986446,0.4004063733986446,1.0565078088215418,5.291346549987793,0.5648291110992432,0.3027926534414291,0.3027926534414291,0.3027926534414291,1.044969379901886,5.038262844085693,0.0520092839696073,0.0,5.764800999999999e-05,184,0.0616698000012547,11.70077280001351,5.0,5.0,0.0523919124104642,True,184,pix_only-20260606T024719Z-14dbbe72,pix_only,none,,,,,
0.6821528247424534,0.4020066218716757,0.4020066218716757,0.4020066218716757,1.0582401752471924,5.347126756395612,0.567681223154068,0.3026605546474457,0.3026605546474457,0.3026605546474457,1.0451504588127136,5.058427333831787,0.0523919124104642,0.0,4.035360699999999e-05,185,0.0607408999967447,11.761513700010257,5.0,5.0,0.0529761857487821,True,185,pix_only-20260606T024719Z-14dbbe72,pix_only,none,,,,,
0.6775788579668317,0.3951982004301889,0.3951982004301889,0.3951982004301889,1.0552945137023926,5.330331870487759,0.570010244846344,0.3027049601078033,0.3027049601078033,0.3027049601078033,1.0447499752044678,5.0457634925842285,0.0529761857487821,0.0,4.035360699999999e-05,186,0.0608788000026834,11.822392500012938,5.0,5.0,0.0534338206746244,True,186,pix_only-20260606T024719Z-14dbbe72,pix_only,none,,,,,
0.6792301365307399,0.3973225568022047,0.3973225568022047,0.3973225568022047,1.0516200746808733,5.27582699911935,0.5699301362037659,0.3029575049877167,0.3029575049877167,0.3029575049877167,1.0442450046539309,4.9963226318359375,0.0534338206746244,0.0,4.035360699999999e-05,187,0.0637623000002349,11.886154800013172,5.0,5.0,0.0533970469929838,True,187,pix_only-20260606T024719Z-14dbbe72,pix_only,none,,,,,
0.6794739621026176,0.3997476100921631,0.3997476100921631,0.3997476100921631,1.0475952795573644,5.238610812595913,0.5681417286396027,0.30286905169487,0.30286905169487,0.30286905169487,1.0439605712890625,4.967927932739258,0.0533970469929838,0.0,4.035360699999999e-05,188,0.0607754999982717,11.946930300011443,5.0,5.0,0.0530763263203763,True,188,pix_only-20260606T024719Z-14dbbe72,pix_only,none,,,,,
0.6731742790767125,0.3963057696819305,0.3963057696819305,0.3963057696819305,1.0537302834647042,5.216422080993652,0.5656629800796509,0.3028702884912491,0.3028702884912491,0.3028702884912491,1.0441706776618958,4.9512224197387695,0.0530763263203763,0.0,4.035360699999999e-05,189,0.0578711999987717,12.004801500010217,5.0,5.0,0.052588550517764,True,189,pix_only-20260606T024719Z-14dbbe72,pix_only,none,,,,,
0.6751564400536674,0.4010857003075735,0.4010857003075735,0.4010857003075735,1.0520878519330703,5.2116047995431085,0.563612699508667,0.3028885126113891,0.3028885126113891,0.3028885126113891,1.0445292592048645,4.957813024520874,0.052588550517764,0.0,2.8247524899999997e-05,190,0.0630339999988791,12.067835500009096,5.0,5.0,0.0521666807629728,True,190,pix_only-20260606T024719Z-14dbbe72,pix_only,none,,,,,
0.676747168813433,0.4023823525224413,0.4023823525224413,0.4023823525224413,1.0593676226479667,5.259387969970703,0.5627486705780029,0.3027220368385315,0.3027220368385315,0.3027220368385315,1.0448094606399536,4.984534740447998,0.0521666807629728,0.0,2.8247524899999997e-05,191,0.061342600001808,12.129178100010904,5.0,5.0,0.0520120281674527,True,191,pix_only-20260606T024719Z-14dbbe72,pix_only,none,,,,,
0.6691359622137887,0.3954702956335885,0.3954702956335885,0.3954702956335885,1.0505730935505455,5.261584622519357,0.5631436109542847,0.3025401085615158,0.3025401085615158,0.3025401085615158,1.0448085069656372,5.010447025299072,0.0520120281674527,0.0,2.8247524899999997e-05,192,0.0605782000020553,12.18975630001296,5.0,5.0,0.0521164984204435,True,192,pix_only-20260606T024719Z-14dbbe72,pix_only,none,,,,,
0.6725830691201347,0.3977408494268145,0.3977408494268145,0.3977408494268145,1.0555917365210397,5.273612703595843,0.5642493367195129,0.3024463653564453,0.3024463653564453,0.3024463653564453,1.0448490977287292,5.023418664932251,0.0521164984204435,0.0,2.8247524899999997e-05,193,0.06143560000055,12.25119190001351,5.0,5.0,0.052350685069766,True,193,pix_only-20260606T024719Z-14dbbe72,pix_only,none,,,,,
0.6761121579578945,0.3973295135157449,0.3973295135157449,0.3973295135157449,1.0571740014212472,5.325291565486363,0.5662960410118103,0.3023723661899566,0.3023723661899566,0.3023723661899566,1.044974684715271,5.0414557456970215,0.052350685069766,0.0,2.8247524899999997e-05,194,0.0643839000003936,12.315575800013905,5.0,5.0,0.0527652425267362,True,194,pix_only-20260606T024719Z-14dbbe72,pix_only,none,,,,,
0.676505080291203,0.3958772165434701,0.3958772165434701,0.3958772165434701,1.0562793186732702,5.318422998700823,0.5690429210662842,0.3021906018257141,0.3021906018257141,0.3021906018257141,1.0450774431228638,5.0573506355285645,0.0527652425267362,0.0,1.9773267429999995e-05,195,0.0678797000000486,12.383455500013952,5.0,5.0,0.0533387488820218,True,195,pix_only-20260606T024719Z-14dbbe72,pix_only,none,,,,,
0.6741055846214294,0.3905447466032846,0.3905447466032846,0.3905447466032846,1.049658519881112,5.316225937434605,0.5708198547363281,0.3021795600652694,0.3021795600652694,0.3021795600652694,1.044975221157074,5.036494255065918,0.0533387488820218,0.0,1.9773267429999995e-05,196,0.0609306999976979,12.44438620001165,5.0,5.0,0.053703691432681,True,196,pix_only-20260606T024719Z-14dbbe72,pix_only,none,,,,,
0.6829072066715786,0.3969641838754926,0.3969641838754926,0.3969641838754926,1.055124112537929,5.32445764541626,0.5711276233196259,0.302241563796997,0.302241563796997,0.302241563796997,1.0448874831199646,5.006844758987427,0.053703691432681,0.0,1.9773267429999995e-05,197,0.0680332999982056,12.512419500009855,5.0,5.0,0.0537721390225553,True,197,pix_only-20260606T024719Z-14dbbe72,pix_only,none,,,,,
0.6858708432742527,0.4033123254776001,0.4033123254776001,0.4033123254776001,1.0540418113980974,5.25473826272147,0.5700398087501526,0.3024014234542846,0.3024014234542846,0.3024014234542846,1.0446786880493164,4.977268695831299,0.0537721390225553,0.0,1.9773267429999995e-05,198,0.0609270999993896,12.573346600009245,5.0,5.0,0.0535448259808683,True,198,pix_only-20260606T024719Z-14dbbe72,pix_only,none,,,,,
0.6843242134366717,0.4046960345336369,0.4046960345336369,0.4046960345336369,1.0528205803462438,5.22231912612915,0.5685371458530426,0.3025324195623398,0.3025324195623398,0.3025324195623398,1.0445626974105835,4.967888593673706,0.0535448259808683,0.0,1.9773267429999995e-05,199,0.0593168999985209,12.632663500007766,5.0,5.0,0.0532237119176053,True,199,pix_only-20260606T024719Z-14dbbe72,pix_only,none,,,,,
1.7525071927479334,1.7525071927479334,1.7525071927479334,0.9770485247884478,0.9693233285631452,3.827802956104279,1.5691840648651123,1.5691840648651123,1.5691840648651123,0.8732964992523193,0.8698594272136688,25.7631950378418,0.0,0.8,0.001,0,0.2493230000000039,0.2493230000000039,50.0,5.0,0.0,True,0,shapley-20260606T024743Z-6e742d25,shapley,baseline,A,True,False,0.0,0.0
1.4151487350463867,1.4151487350463867,1.4151487350463867,0.7903257352965218,0.7810287134987968,33.16134779793875,1.2283716797828674,1.2283716797828674,1.2283716797828674,0.6804951131343842,0.6848457157611847,44.679298400878906,0.0,0.8,0.001,1,0.0619832000011228,0.3113062000011268,50.0,5.0,0.0,True,1,shapley-20260606T024743Z-6e742d25,shapley,baseline,A,True,False,0.0,0.0
1.142359699521746,1.142359699521746,1.1423597165516444,0.6298275930540902,0.6406651224408831,49.490147181919646,1.0434830784797668,1.0434830784797668,1.0434830784797668,0.5696857869625092,0.5922466218471527,53.96591758728027,0.0,0.8,0.001,2,0.0604389000000082,0.3717451000011351,50.0,5.0,0.0,True,2,shapley-20260606T024743Z-6e742d25,shapley,baseline,A,True,False,0.0,0.0
0.993085869721004,0.993085869721004,0.9930858782359532,0.5427896891321454,0.5628702214785984,57.02609198434012,0.9342227578163148,0.9342227578163148,0.9342227578163148,0.5122603327035904,0.5274530351161957,56.621530532836914,0.0,0.8,0.001,3,0.0634115000029851,0.4351566000041202,50.0,5.0,0.0,True,3,shapley-20260606T024743Z-6e742d25,shapley,baseline,A,True,False,0.0,0.0
0.8958115322249276,0.8958115322249276,0.8958115407398769,0.4918557831219264,0.5049446778638023,59.414850507463726,0.8586621284484863,0.8586621284484863,0.8586621284484863,0.4691249430179596,0.4869214445352554,60.19986152648926,0.0,0.8,0.001,4,0.0584917000014684,0.4936483000055887,50.0,5.0,0.0,True,4,shapley-20260606T024743Z-6e742d25,shapley,baseline,A,True,False,0.0,0.0
0.8174080763544355,0.8174080763544355,0.8174080848693848,0.4440301656723022,0.4667223904814039,63.39195251464844,0.8046125173568726,0.8046125173568726,0.804612547159195,0.4360502660274505,0.4607028365135193,64.12708473205566,0.0,0.8,0.001,5,0.0585146000012173,0.552162900006806,50.0,5.0,0.0,True,5,shapley-20260606T024743Z-6e742d25,shapley,baseline,A,True,False,0.0,0.0
0.7730605857712882,0.7730605857712882,0.7730605942862374,0.4159698869500841,0.4463633852345602,66.71050480433873,0.7599040269851685,0.7599040269851685,0.7599040269851685,0.4088067412376404,0.4388716071844101,67.697021484375,0.0,0.8,0.001,6,0.0606857999991916,0.6128487000059977,50.0,5.0,0.0,True,6,shapley-20260606T024743Z-6e742d25,shapley,baseline,A,True,False,0.0,0.0
0.7259736657142639,0.7259736657142639,0.7259736827441624,0.3891424749578748,0.4210390022822788,70.21192714146206,0.7270584106445312,0.7270584106445312,0.7270584106445312,0.3899118155241012,0.4214332401752472,70.7884292602539,0.0,0.8,0.001,7,0.061225800000102,0.6740745000060997,50.0,5.0,0.0,True,7,shapley-20260606T024743Z-6e742d25,shapley,baseline,A,True,False,0.0,0.0
0.6943913698196411,0.6943913698196411,0.6943913613046918,0.3697460676942553,0.4058066180774143,72.9661145891462,0.6999212205410004,0.6999212205410004,0.6999212503433228,0.3736352026462555,0.4078575372695923,73.02890396118164,0.0,0.8,0.001,8,0.0654361000015342,0.7395106000076339,50.0,5.0,0.0,True,8,shapley-20260606T024743Z-6e742d25,shapley,baseline,A,True,False,0.0,0.0
0.6714423043387276,0.6714423043387276,0.6714422873088292,0.3551216806684221,0.3954007455280849,75.83614458356585,0.6767656207084656,0.6767656207084656,0.6767656207084656,0.3582584410905838,0.3981339484453201,75.75589752197266,0.0,0.8,0.001,9,0.0623793000013392,0.8018899000089732,50.0,5.0,0.0,True,9,shapley-20260606T024743Z-6e742d25,shapley,baseline,A,True,False,0.0,0.0
0.6424223525183541,0.6424223525183541,0.6424223610333034,0.338733719927924,0.379610789673669,79.13964080810547,0.6596480309963226,0.6596480309963226,0.659648060798645,0.3483498096466064,0.3891228139400482,79.22093963623047,0.0,0.8,0.001,10,0.0617727999997441,0.8636627000087174,50.0,5.0,0.001,True,10,shapley-20260606T024743Z-6e742d25,shapley,baseline,A,True,False,0.0,0.0
0.6952116744858878,0.6262725676809039,0.6262725676809039,0.3277101218700409,0.37320305619921,68.93910435267857,0.6937770843505859,0.6446710228919983,0.6446709930896759,0.3385846465826034,0.3826079070568084,49.10605430603027,0.001,0.8,0.001,11,0.0690926000024774,0.9327553000111948,46.1864406779661,5.0,0.002,True,11,shapley-20260606T024743Z-6e742d25,shapley,baseline,A,True,False,0.0,0.0
0.6984648704528809,0.6268466455595834,0.6268466370446342,0.3279248476028442,0.3736522197723388,35.80911391122,0.6946353912353516,0.6428576409816742,0.6428576111793518,0.3384068012237549,0.3805635124444961,25.888869285583496,0.002,0.8,0.001,12,0.0638469000004988,0.9966022000116936,42.91338582677166,5.0,0.001,True,12,shapley-20260606T024743Z-6e742d25,shapley,baseline,A,True,False,0.0,0.0
0.6465219514710563,0.6162780693599156,0.6162780693599156,0.3217732565743582,0.368131011724472,30.24388667515346,0.6644191443920135,0.6288981437683105,0.6288981437683105,0.328486680984497,0.3755143284797668,35.521005630493164,0.001,0.8,0.001,13,0.0587871000025188,1.0553893000142125,40.0735294117647,5.0,0.0,True,13,shapley-20260606T024743Z-6e742d25,shapley,baseline,A,True,False,0.0,0.0
0.5878662892750331,0.5878662892750331,0.5878662892750331,0.305615565606526,0.3528133801051548,42.25680596487863,0.6176047921180725,0.6176047921180725,0.6176047921180725,0.3218458890914917,0.3696986436843872,47.91550636291504,0.0,0.8,0.001,14,0.0616552999999839,1.1170446000141965,37.58620689655172,5.0,0.001,True,14,shapley-20260606T024743Z-6e742d25,shapley,baseline,A,True,False,0.0,0.0
0.6195905719484601,0.5711699724197388,0.5711699639047895,0.2950407522065298,0.345161497592926,48.42059544154576,0.6514075398445129,0.6072109639644623,0.6072109341621399,0.3153010904788971,0.3648873120546341,44.19656944274902,0.001,0.8,0.001,15,0.0617775000027904,1.178822100016987,35.3896103896104,5.0,0.002,True,15,shapley-20260606T024743Z-6e742d25,shapley,baseline,A,True,False,0.0,0.0
0.6409517867224557,0.5665724618094308,0.5665724532944816,0.2915455060345785,0.3437836936541966,37.18965775626047,0.6590645015239716,0.6049885451793671,0.6049885451793671,0.3140512704849243,0.3636715710163116,27.037970542907715,0.002,0.8,0.001,16,0.0621777000014844,1.2409998000184714,33.435582822085884,5.0,0.001,True,16,shapley-20260606T024743Z-6e742d25,shapley,baseline,A,True,False,0.0,0.0
0.5988003952162606,0.5722401056970868,0.5722401056970868,0.2946713098457881,0.3469609916210174,26.56030000959124,0.6221539676189423,0.5951310098171234,0.5951310396194458,0.3078219890594482,0.3591362833976745,27.02295207977295,0.001,0.8,0.001,17,0.060824500000308,1.3018243000187797,31.68604651162791,5.0,0.0,True,17,shapley-20260606T024743Z-6e742d25,shapley,baseline,A,True,False,0.0,0.0
0.5602427806173053,0.5602427806173053,0.5602427635874067,0.2865245512553623,0.3421477760587419,32.59632246834891,0.5914088487625122,0.5914088487625122,0.5914088487625122,0.3050487637519836,0.3579500913619995,38.636526107788086,0.0,0.8,0.001,18,0.0612022999994223,1.363026600018202,30.11049723756906,5.0,0.001,True,18,shapley-20260606T024743Z-6e742d25,shapley,baseline,A,True,False,0.0,0.0
0.5801146285874503,0.5392268300056458,0.5392268214906965,0.2754730326788766,0.3296922274998256,40.88778904506138,0.6231878697872162,0.5847526788711548,0.5847526788711548,0.3021599352359772,0.3532409220933914,38.4351921081543,0.001,0.8,0.001,19,0.0595266000018455,1.4225532000200474,28.684210526315788,5.0,0.002,True,19,shapley-20260606T024743Z-6e742d25,shapley,baseline,A,True,False,0.0,0.0
0.602521904877254,0.5329608065741402,0.532960798059191,0.2715835230691092,0.3267215916088649,34.7805483681815,0.6353680193424225,0.5802480280399323,0.5802480280399323,0.2991113513708114,0.3514208346605301,27.5599946975708,0.002,0.8,0.001,20,0.0622633000020869,1.4848165000221345,27.38693467336684,5.0,0.003,True,20,shapley-20260606T024743Z-6e742d25,shapley,baseline,A,True,False,0.0,0.0
0.616766904081617,0.5430050236838204,0.5430050151688712,0.2779047276292528,0.3313753392015184,24.5872928074428,0.643713504076004,0.5786130428314209,0.5786130428314209,0.2980433851480484,0.3507120311260223,21.700156211853027,0.003,0.8,0.001,21,0.0625478000001749,1.5473643000223092,26.20192307692308,5.0,0.002,True,21,shapley-20260606T024743Z-6e742d25,shapley,baseline,A,True,False,0.0,0.0
0.5883785656520298,0.5403157132012504,0.5403157046863011,0.2765381591660635,0.3297219233853476,24.031420843941824,0.6298786401748657,0.5773415267467499,0.5773415267467499,0.296422928571701,0.351148247718811,26.26855087280273,0.002,0.8,0.001,22,0.0602504000016779,1.607614700023987,25.11520737327189,5.0,0.003,True,22,shapley-20260606T024743Z-6e742d25,shapley,baseline,A,True,False,0.0,0.0
0.6114929659026009,0.5309069752693176,0.5309069752693176,0.2702897787094116,0.3257714935711452,26.86199923924037,0.6466383337974548,0.5740047693252563,0.5740047693252563,0.2962706387042999,0.3471676409244537,24.211183547973636,0.003,0.8,0.001,23,0.0615811999996367,1.6691959000236238,24.11504424778761,5.0,0.0039613930018602,True,23,shapley-20260606T024743Z-6e742d25,shapley,baseline,A,True,False,0.0,0.0
0.6184534430503845,0.528836326939719,0.5288363184247699,0.2701135235173361,0.3234034691538129,22.62262644086565,0.6493014395236969,0.571552574634552,0.571552574634552,0.2940552234649658,0.3468717038631439,19.62664794921875,0.0039613930018602,0.8,0.001,24,0.0604762000002665,1.7296721000238904,23.191489361702125,5.0,0.0029613930018602,True,24,shapley-20260606T024743Z-6e742d25,shapley,baseline,A,True,False,0.0,0.0
0.5957071610859462,0.5334089738982064,0.5334089738982064,0.2732064936842237,0.3252530992031097,21.036783490862167,0.6343332231044769,0.5687048733234406,0.5687048435211182,0.2917966246604919,0.3461352884769439,22.16131401062012,0.0029613930018602,0.8,0.001,25,0.0603623999995761,1.7900345000234663,22.33606557377049,5.0,0.0019613930018602,True,25,shapley-20260606T024743Z-6e742d25,shapley,baseline,A,True,False,0.0,0.0
0.5648213284356254,0.5154857465199062,0.5154857380049569,0.2620684249060495,0.3167716307299478,25.153336933680944,0.6175382137298584,0.5671309530735016,0.567130982875824,0.2921250462532043,0.3437573909759521,25.699721336364743,0.0019613930018602,0.8,0.001,26,0.0616641999986313,1.851698700022098,21.541501976284582,5.0,0.0029613930018602,True,26,shapley-20260606T024743Z-6e742d25,shapley,baseline,A,True,False,0.0,0.0
0.5838595373289925,0.5093538590839931,0.5093538505690438,0.258890049798148,0.3130797488348825,25.159000941685267,0.6264009177684784,0.5607278645038605,0.5607278347015381,0.2876802682876587,0.3413094580173492,22.176403999328613,0.0029613930018602,0.8,0.001,27,0.0655245999987528,1.9172233000208507,20.80152671755725,5.0,0.0039613930018602,True,27,shapley-20260606T024743Z-6e742d25,shapley,baseline,A,True,False,0.0,0.0
0.600595303944179,0.5175947291510445,0.5175947376659938,0.2643577073301588,0.3165462868554251,20.952368600027903,0.6363452076911926,0.5594112575054169,0.5594112575054169,0.2862472534179687,0.3414550125598907,19.42092990875244,0.0039613930018602,0.8,0.001,28,0.0624107000003277,1.9796340000211785,20.11070110701107,5.0,0.0029613930018602,True,28,shapley-20260606T024743Z-6e742d25,shapley,baseline,A,True,False,0.0,0.0
0.57167991570064,0.5099213463919503,0.5099213378770011,0.2599648705550602,0.3124455767018454,20.854566301618306,0.6244670152664185,0.5583803057670593,0.5583802759647369,0.2856101095676422,0.3409626930952072,22.31608009338379,0.0029613930018602,0.8,0.001,29,0.0621243999994476,2.041758400020626,19.46428571428571,5.0,0.0039613930018602,True,29,shapley-20260606T024743Z-6e742d25,shapley,baseline,A,True,False,0.0,0.0
0.5949666159493583,0.5064516067504883,0.5064516067504883,0.2563160679170063,0.312669426202774,22.344411305018838,0.6376841962337494,0.5556164383888245,0.5556164383888245,0.2844160050153732,0.3390005230903625,20.716898918151852,0.0039613930018602,0.8,0.001,30,0.0597802000011142,2.1015386000217404,18.858131487889278,5.0,0.0049613930018602,True,30,shapley-20260606T024743Z-6e742d25,shapley,baseline,A,True,False,0.0,0.0
0.6101230468068805,0.5135834472520011,0.5135834557669503,0.2617901308195932,0.3147416455405099,19.458163942609517,0.646023154258728,0.5572386384010315,0.5572386384010315,0.2848881185054779,0.3404381722211838,17.89508056640625,0.0049613930018602,0.8,0.001,31,0.0620135000026493,2.16355210002439,18.288590604026847,5.0,0.0039613930018602,True,31,shapley-20260606T024743Z-6e742d25,shapley,baseline,A,True,False,0.0,0.0
0.5864420107432774,0.5086881944111415,0.5086881944111415,0.2597079021590097,0.3112253674439021,19.627896445138116,0.6374098658561707,0.5573429763317108,0.5573429763317108,0.2860117405653,0.3391640335321426,20.21179485321045,0.0039613930018602,0.8,0.001,32,0.0596245999986422,2.223176700023032,17.752442996742666,5.0,0.0049613930018602,True,32,shapley-20260606T024743Z-6e742d25,shapley,baseline,A,True,False,0.0,0.0
0.6027001483099801,0.5021704350199018,0.5021704307624272,0.2559164081301008,0.3078175144536154,20.262397493634904,0.6484488248825073,0.5567862391471863,0.5567862391471863,0.2851409465074539,0.3395566493272781,18.47517204284668,0.0049613930018602,0.8,0.001,33,0.0615934999987075,2.28477020002174,17.246835443037973,5.0,0.0059613930018602,True,33,shapley-20260606T024743Z-6e742d25,shapley,baseline,A,True,False,0.0,0.0
0.6164778045245579,0.509178659745625,0.5091786469732013,0.2612722601209368,0.3098829856940678,17.99900790623256,0.6532000005245209,0.55363929271698,0.55363929271698,0.2834175080060959,0.3377772271633148,16.700912475585938,0.0059613930018602,0.8,0.001,34,0.0600984999982756,2.3448687000200152,16.769230769230766,5.0,0.0052782100654119,True,34,shapley-20260606T024743Z-6e742d25,shapley,baseline,A,True,False,0.0,0.0
0.6021643621580941,0.5069523879459926,0.5069523709160941,0.2589572817087173,0.3099938716207231,18.038687297276088,0.6495014429092407,0.552372008562088,0.552372008562088,0.2825931161642074,0.337223619222641,18.40196228027344,0.0052782100654119,0.8,0.001,35,0.061583700000483,2.4064524000204983,16.317365269461078,5.0,0.0062782100654119,True,35,shapley-20260606T024743Z-6e742d25,shapley,baseline,A,True,False,0.0,0.0
0.6145748240607125,0.4994877704552242,0.499487783227648,0.2554999462195805,0.3049847909382411,18.33118792942592,0.6557806432247162,0.5510196089744568,0.5510196089744568,0.2821094542741775,0.3361377120018005,16.68644618988037,0.0062782100654119,0.8,0.001,36,0.0624367999989772,2.4688892000194755,15.889212827988338,5.0,0.0072782100654119,True,36,shapley-20260606T024743Z-6e742d25,shapley,baseline,A,True,False,0.0,0.0
0.634546194757734,0.5127012091023582,0.5127012091023582,0.2626721858978271,0.3125362694263458,16.741065161568777,0.6695968508720398,0.5522778928279877,0.5522778928279877,0.2824702858924866,0.3372594863176346,16.119206428527832,0.0072782100654119,0.8,0.001,37,0.0612579000007826,2.530147100020258,15.482954545454549,5.0,0.0082782100654119,True,37,shapley-20260606T024743Z-6e742d25,shapley,baseline,A,True,False,0.0,0.0
0.6474352308682033,0.512937571321215,0.512937571321215,0.2630872513566698,0.3123128882476261,16.247192110334122,0.6938911974430084,0.5602028369903564,0.5602028369903564,0.2887703329324722,0.3392906486988067,16.149428367614746,0.0082782100654119,0.8,0.001,38,0.0632132999999157,2.593360400020174,15.096952908587255,5.0,0.0092782100654119,True,38,shapley-20260606T024743Z-6e742d25,shapley,baseline,A,True,False,0.0,0.0
0.664979909147535,0.5190229926790509,0.5190230011940002,0.2669304694448198,0.3151156604290008,15.731149128505162,0.7010080814361572,0.5593912601470947,0.5593912601470947,0.2879800051450729,0.3392640948295593,15.26337957382202,0.0092782100654119,0.8,0.001,39,0.0591214000014588,2.652481800021633,14.729729729729732,5.0,0.0102782100654119,True,39,shapley-20260606T024743Z-6e742d25,shapley,baseline,A,True,False,0.0,0.0
0.6795506221907479,0.5247847182410104,0.5247847097260612,0.2713339413915361,0.316813451903207,15.057671683175224,0.7106610536575317,0.5609920918941498,0.5609920918941498,0.2886679321527481,0.340405210852623,14.561771869659424,0.0102782100654119,0.8,0.001,40,0.0626663000002736,2.7151481000219064,14.379947229551448,5.0,0.0112782100654119,True,40,shapley-20260606T024743Z-6e742d25,shapley,baseline,A,True,False,0.0,0.0
0.6886918459619794,0.5258745465959821,0.5258745423385075,0.2720803916454315,0.317242681980133,14.436447279793876,0.7196022570133209,0.5608636140823364,0.5608636140823364,0.2880899459123611,0.3409670740365982,14.074809074401855,0.0112782100654119,0.8,0.001,41,0.0598052000023017,2.774953300024208,14.046391752577314,5.0,0.0115623832836573,True,41,shapley-20260606T024743Z-6e742d25,shapley,baseline,A,True,False,0.0,0.0
0.693362661770412,0.5262690186500549,0.5262690101351056,0.2716379250798906,0.3182888541902814,14.451486723763605,0.7147836089134216,0.5530122220516205,0.5530122220516205,0.2828375101089477,0.3377183973789215,13.991177082061768,0.0115623832836573,0.8,0.001,42,0.0600583999985246,2.835011700022733,13.727959697733,5.0,0.0125623832836573,True,42,shapley-20260606T024743Z-6e742d25,shapley,baseline,A,True,False,0.0,0.0
0.7007359606879098,0.5261610405785697,0.5261610576084682,0.2725349536963871,0.3170326096670968,13.89664009639195,0.7208872437477112,0.5515726208686829,0.5515726208686829,0.2833231389522552,0.3353118300437927,13.47790813446045,0.0125623832836573,0.8,0.001,43,0.0613430000012158,2.8963547000239487,13.423645320197046,5.0,0.0131050114262913,True,43,shapley-20260606T024743Z-6e742d25,shapley,baseline,A,True,False,0.0,0.0
0.7080110566956657,0.5287220648356846,0.5287220563207354,0.2736405772822244,0.3188518498625074,13.680948529924663,0.7296242415904999,0.5550104677677155,0.5550104677677155,0.2859170436859131,0.3363667726516723,13.32419776916504,0.0131050114262913,0.8,0.001,44,0.0612965000000258,2.9576512000239745,13.132530120481931,5.0,0.0141050114262913,True,44,shapley-20260606T024743Z-6e742d25,shapley,baseline,A,True,False,0.0,0.0
0.7216911741665432,0.5291414771761213,0.5291414771761213,0.2725266558783395,0.3207685223647526,13.651154790605815,0.7301185727119446,0.5500857532024384,0.5500857532024384,0.2821071445941925,0.3349732458591461,12.76374626159668,0.0141050114262913,0.8,0.001,45,0.0614027000010537,3.0190539000250283,12.85377358490566,5.0,0.0132047381932015,True,45,shapley-20260606T024743Z-6e742d25,shapley,baseline,A,True,False,0.0,0.0
0.7057824901172093,0.5293407355036054,0.5293407184737069,0.2737777658871242,0.3194536822182791,13.362002645220077,0.7318992614746094,0.5560634732246399,0.5560635030269623,0.2853130549192428,0.3384380638599396,13.316112995147703,0.0132047381932015,0.8,0.001,46,0.0597644000008585,3.078818300025887,12.586605080831404,5.0,0.0142047381932015,True,46,shapley-20260606T024743Z-6e742d25,shapley,baseline,A,True,False,0.0,0.0
0.7230047242982047,0.5327052814619881,0.5327052814619881,0.2768431007862091,0.3198277226516178,13.396898678370883,0.7385624051094055,0.552900642156601,0.552900642156601,0.2839839905500412,0.3361457735300064,13.070411205291748,0.0142047381932015,0.8,0.001,47,0.0608608000002277,3.1396791000261146,12.33031674208145,5.0,0.0152047381932015,True,47,shapley-20260606T024743Z-6e742d25,shapley,baseline,A,True,False,0.0,0.0
0.7331490686961583,0.5367865306990487,0.5367865306990487,0.2791244047028677,0.3220776447228023,12.914562906537736,0.7485349476337433,0.5540531575679779,0.5540531575679779,0.2848634421825409,0.336487129330635,12.790868759155272,0.0152047381932015,0.8,0.001,48,0.0610339000013482,3.200713000027463,12.084257206208427,5.0,0.0162047381932015,True,48,shapley-20260606T024743Z-6e742d25,shapley,baseline,A,True,False,0.0,0.0
0.7466255596705845,0.5402052743094308,0.5402052913393293,0.2804114137377058,0.3247423299721309,12.738265854971749,0.7546689510345459,0.5491968989372253,0.5491969287395477,0.2824529707431793,0.3334299623966217,12.679751873016356,0.0162047381932015,0.8,0.001,49,0.058890499996778,3.259603500024241,11.847826086956523,5.0,0.0172047381932015,True,49,shapley-20260606T024743Z-6e742d25,shapley,baseline,A,True,False,0.0,0.0
0.7537852781159537,0.5402659348079136,0.5402659348079136,0.2789212039538792,0.3266809242112296,12.410497120448522,0.7544712424278259,0.5517801642417908,0.5517801642417908,0.2840222865343094,0.3346973210573196,11.781120777130129,0.0172047381932015,0.8,0.001,50,0.0688888000004226,3.328492300024664,11.620469083155657,5.0,0.0182047381932015,True,50,shapley-20260606T024743Z-6e742d25,shapley,baseline,A,True,False,1.0,1.0
0.7643849679401943,0.5394395164081028,0.5394394993782043,0.2799456417560577,0.3243673230920519,12.356423786708287,0.7599904537200928,0.5526569187641144,0.5526569187641144,0.2852547764778137,0.334252655506134,11.388988494873049,0.0182047381932015,0.8,0.001,51,0.0682366999972146,3.396729000021878,11.40167364016736,5.0,0.0180778867402584,True,51,shapley-20260606T024743Z-6e742d25,shapley,baseline,A,True,False,1.0,1.0
0.7607900244849068,0.5395899840763637,0.5395899925913129,0.2802293300628662,0.3242008302892957,12.235944475446429,0.7578892409801483,0.5504149198532104,0.5504149198532104,0.2831159830093384,0.3341236412525177,11.476689338684082,0.0180778867402584,0.8,0.001,52,0.0589902000028814,3.45571920002476,11.190965092402465,5.0,0.0190778867402584,True,52,shapley-20260606T024743Z-6e742d25,shapley,baseline,A,True,False,1.0,1.0
0.763267959867205,0.5356866206441607,0.5356866291591099,0.2784891128540039,0.3214968826089586,11.929065295628138,0.7600935101509094,0.5495772659778595,0.5495772659778595,0.2832231074571609,0.3329426795244217,11.034568786621094,0.0190778867402584,0.8,0.001,53,0.0610888000010163,3.516808000025776,10.987903225806448,5.0,0.0195445423484048,True,53,shapley-20260606T024743Z-6e742d25,shapley,baseline,A,True,False,1.0,1.0
0.7821668216160366,0.5505354830196926,0.5505354659897941,0.286327851670129,0.33025951896395,11.851459775652204,0.7867408394813538,0.55692058801651,0.5569205582141876,0.2862371206283569,0.3383543044328689,11.758793830871582,0.0195445423484048,0.8,0.001,54,0.0591495000007853,3.5759575000265613,10.792079207920786,5.0,0.0205445423484048,True,54,shapley-20260606T024743Z-6e742d25,shapley,baseline,A,True,False,1.0,1.0
0.7931549208504813,0.5518513066428048,0.5518513066428048,0.2878391742706299,0.3300151526927948,11.74538734980992,0.7877191305160522,0.5634657442569733,0.5634657442569733,0.2918457835912704,0.3395249247550964,10.915472507476808,0.0205445423484048,0.8,0.001,55,0.062233799999376,3.6381913000259374,10.603112840466927,5.0,0.0215445423484048,True,55,shapley-20260606T024743Z-6e742d25,shapley,baseline,A,True,False,1.0,1.0
0.7967016611780439,0.5543832182884216,0.5543832182884216,0.291291173015322,0.3288650597844805,11.247324534824916,0.7890579700469971,0.5550223588943481,0.5550223290920258,0.2861338257789612,0.3361106365919113,10.862872123718262,0.0215445423484048,0.8,0.001,56,0.0608318000013241,3.6990231000272615,10.42065009560229,5.0,0.0225445423484048,True,56,shapley-20260606T024743Z-6e742d25,shapley,baseline,A,True,False,1.0,1.0
0.8029831307274955,0.5518854686192104,0.5518854601042611,0.2884084710053035,0.3293462310518537,11.137846674237933,0.7947088778018951,0.5560037195682526,0.5560037195682526,0.2873814702033996,0.3357778191566467,10.588157176971436,0.0225445423484048,0.8,0.001,57,0.0630176999984541,3.762040800025716,10.244360902255636,5.0,0.0235445423484048,True,57,shapley-20260606T024743Z-6e742d25,shapley,baseline,A,True,False,1.0,1.0
0.821197373526437,0.5655679191861834,0.5655679277011326,0.2951055807726724,0.3380779198237827,10.857270104544504,0.7991129159927368,0.5518670976161957,0.5518670976161957,0.2842953503131866,0.3344646841287613,10.5011944770813,0.0235445423484048,0.8,0.001,58,0.0729533999983687,3.834994200024085,10.073937153419593,5.0,0.0245445423484048,True,58,shapley-20260606T024743Z-6e742d25,shapley,baseline,A,True,False,1.0,1.0
0.8264621581350055,0.559853562286922,0.5598535708018711,0.2915254831314087,0.3354101010731288,10.862235341753278,0.8079785108566284,0.5528703927993774,0.5528703927993774,0.285244956612587,0.3345317840576172,10.393681049346924,0.0245445423484048,0.8,0.001,59,0.0603105000009236,3.895304700025008,9.909090909090908,5.0,0.0255445423484048,True,59,shapley-20260606T024743Z-6e742d25,shapley,baseline,A,True,False,1.0,1.0
0.8385142683982849,0.5649613823209491,0.5649613908358982,0.2965126633644104,0.335560883794512,10.708857945033484,0.8129351437091827,0.5553716421127319,0.5553716421127319,0.2851456850767135,0.3377824276685714,10.08291721343994,0.0255445423484048,0.8,0.001,60,0.05954919999931,3.954853900024318,9.749552772808585,5.0,0.0265445423484048,True,60,shapley-20260606T024743Z-6e742d25,shapley,baseline,A,True,False,1.0,1.0
0.8443123357636588,0.5662249667303902,0.5662249667303902,0.2975403027875082,0.3358558331217084,10.476254190717423,0.8264804482460022,0.5547328889369965,0.5547329187393188,0.2863137274980545,0.3355239480733871,10.237416744232178,0.0265445423484048,0.8,0.001,61,0.0625550000004295,4.017408900024748,9.595070422535208,5.0,0.0275445423484048,True,61,shapley-20260606T024743Z-6e742d25,shapley,baseline,A,True,False,1.0,1.0
0.8522408604621887,0.5706501007080078,0.5706501007080078,0.298477189881461,0.3402161300182342,10.223105021885464,0.8271798491477966,0.5535397827625275,0.5535397827625275,0.2852919399738312,0.3353098034858703,9.934457302093506,0.0275445423484048,0.8,0.001,62,0.0640459000023838,4.081454800027132,9.44540727902946,5.0,0.0285445423484048,True,62,shapley-20260606T024743Z-6e742d25,shapley,baseline,A,True,False,1.0,1.0
0.8590916991233826,0.5705377459526062,0.5705377459526062,0.3002093732357025,0.3379104648317609,10.108901023864746,0.8261658847332001,0.5531388521194458,0.5531388521194458,0.2852889597415924,0.3348123729228973,9.564947605133057,0.0285445423484048,0.8,0.001,63,0.058767300000909,4.140222100028041,9.300341296928323,5.0,0.0295445423484049,True,63,shapley-20260606T024743Z-6e742d25,shapley,baseline,A,True,False,1.0,1.0
0.873613008431026,0.5780119981084552,0.5780119981084552,0.302589863538742,0.344277662890298,10.005266325814384,0.853213757276535,0.5539969205856323,0.5539969205856323,0.2847422510385513,0.3365683704614639,10.127651691436768,0.0295445423484049,0.8,0.001,64,0.0583899000012024,4.198612000029243,9.15966386554622,5.0,0.0305445423484049,True,64,shapley-20260606T024743Z-6e742d25,shapley,baseline,A,True,False,1.0,1.0
0.8810747265815735,0.5808732509613037,0.580873259476253,0.3039459075246538,0.3461591899394989,9.828318187168666,0.8488831222057343,0.5542817711830139,0.5542817711830139,0.2845305949449539,0.3371889740228653,9.644974708557127,0.0305445423484049,0.8,0.001,65,0.064417699999467,4.26302970002871,9.02317880794702,5.0,0.0315445423484049,True,65,shapley-20260606T024743Z-6e742d25,shapley,baseline,A,True,False,1.0,1.0
0.8957720824650356,0.5886381779398236,0.5886381779398236,0.3089982611792428,0.3495498810495649,9.736514636448453,0.8475546836853027,0.551829993724823,0.551829993724823,0.2845388054847717,0.3341140151023865,9.374828815460203,0.0315445423484049,0.8,0.001,66,0.0620708999995258,4.325100600028236,8.890701468189235,5.0,0.0325445423484049,True,66,shapley-20260606T024743Z-6e742d25,shapley,baseline,A,True,False,1.0,1.0
0.8979359524590629,0.5862308825765338,0.5862308740615845,0.3090297537190573,0.346501384462629,9.577798570905411,0.8517330884933472,0.5537993907928467,0.5537994205951691,0.285658597946167,0.3351760059595108,9.154643058776855,0.0325445423484049,0.8,0.001,67,0.0611238999990746,4.386224500027311,8.762057877813504,5.0,0.0335445423484049,True,67,shapley-20260606T024743Z-6e742d25,shapley,baseline,A,True,False,1.0,1.0
0.9141833526747568,0.5951540299824306,0.5951540214674813,0.3144268223217555,0.3509089819022587,9.51061739240374,0.8612217605113983,0.5606715679168701,0.5606715679168701,0.2896367758512497,0.3387934565544128,8.959733963012695,0.0335445423484049,0.8,0.001,68,0.0613871999994444,4.447611700026755,8.637083993660859,5.0,0.0345445423484049,True,68,shapley-20260606T024743Z-6e742d25,shapley,baseline,A,True,False,1.0,1.0
0.919339520590646,0.5976071613175529,0.5976071698325021,0.3157163773264204,0.3523634501865932,9.31355094909668,0.8763849139213562,0.5526324212551117,0.5526324212551117,0.2860156148672104,0.3332710117101669,9.37203073501587,0.0345445423484049,0.8,0.001,69,0.0608301000029314,4.508441800029686,8.515625,5.0,0.0355445423484049,True,69,shapley-20260606T024743Z-6e742d25,shapley,baseline,A,True,False,1.0,1.0
0.9211602125849042,0.5935138123376029,0.5935138123376029,0.3128117450645992,0.3508775574820382,9.217910630362374,0.8694345057010651,0.5561636388301849,0.5561636388301849,0.2869718074798584,0.3364897817373276,8.813473224639893,0.0355445423484049,0.8,0.001,70,0.0645034999979543,4.572945300027641,8.397534668721107,5.0,0.0365445423484049,True,70,shapley-20260606T024743Z-6e742d25,shapley,baseline,A,True,False,2.0,2.0
0.9320884432111468,0.5970986655780247,0.5970986570630755,0.3154842512948172,0.3520180114677974,9.166615894862584,0.8815374374389648,0.5571219325065613,0.5571219325065613,0.2879385650157928,0.3364791721105575,8.877262592315674,0.0365445423484049,0.8,0.001,71,0.0640125999998417,4.6369579000274825,8.282674772036472,5.0,0.0375445423484049,True,71,shapley-20260606T024743Z-6e742d25,shapley,baseline,A,True,False,2.0,2.0
0.9471026829310826,0.6078306010791233,0.6078306095940726,0.3214151518685477,0.3580193093844822,9.036522320338658,0.8686601221561432,0.558881551027298,0.558881551027298,0.2887110263109207,0.3377131372690201,8.250961780548096,0.0375445423484049,0.8,0.001,72,0.0622827000006509,4.6992406000281335,8.170914542728639,5.0,0.0383450147265994,True,72,shapley-20260606T024743Z-6e742d25,shapley,baseline,A,True,False,2.0,2.0
0.9489231620516096,0.6090256656919207,0.6090256571769714,0.3216521441936493,0.3592168944222586,8.864189420427595,0.8784846365451813,0.5613908171653748,0.5613908171653748,0.2916153073310852,0.3372194021940231,8.269492149353027,0.0383450147265994,0.8,0.001,73,0.062017399999604,4.761258000027738,8.062130177514796,5.0,0.0393450147265994,True,73,shapley-20260606T024743Z-6e742d25,shapley,baseline,A,True,False,2.0,2.0
0.9609248042106628,0.6144201244626727,0.6144201244626727,0.3260598565850939,0.3604503231389181,8.806825229099818,0.9083741307258606,0.556736409664154,0.5567364394664764,0.2885187119245529,0.3352721184492111,8.9372878074646,0.0393450147265994,0.8,0.001,74,0.0598656999973172,4.821123700025055,7.956204379562045,5.0,0.0403450147265994,True,74,shapley-20260606T024743Z-6e742d25,shapley,baseline,A,True,False,2.0,2.0
0.9613175307001386,0.6102878366197858,0.6102878281048366,0.3239448368549347,0.3579287443842207,8.700696468353271,0.8804746568202972,0.5707536041736603,0.5707536041736603,0.2979756891727447,0.340972363948822,7.676811695098877,0.0403450147265994,0.8,0.001,75,0.061885600000096,4.883009300025151,7.853025936599423,5.0,0.0393450147265994,True,75,shapley-20260606T024743Z-6e742d25,shapley,baseline,A,True,False,2.0,2.0
0.95863390820367,0.6103648117610386,0.6103647947311401,0.3235239258834294,0.3585510764803205,8.851670401436943,0.8888776898384094,0.5647401809692383,0.5647401809692383,0.2933683693408966,0.3392147719860077,8.238337516784668,0.0393450147265994,0.8,0.001,76,0.0641618000008747,4.947171100026026,7.752489331436699,5.0,0.0403450147265994,True,76,shapley-20260606T024743Z-6e742d25,shapley,baseline,A,True,False,2.0,2.0
0.9699207884924752,0.6296616622379848,0.629661670752934,0.3334871530532837,0.3702181322234018,8.433734485081263,0.9004877805709839,0.5587472915649414,0.558747261762619,0.289897933602333,0.3360616862773895,8.470452308654785,0.0403450147265994,0.8,0.001,77,0.0600766999996267,5.007247800025652,7.65449438202247,5.0,0.0413450147265994,True,77,shapley-20260606T024743Z-6e742d25,shapley,baseline,A,True,False,2.0,2.0
0.9778196130480084,0.6166585768972125,0.6166585768972125,0.3280929710183825,0.3607069935117449,8.735298020499092,0.9241085946559906,0.5615367293357849,0.5615367591381073,0.2918949574232101,0.3370522409677505,8.769421100616455,0.0413450147265994,0.8,0.001,78,0.0592039000002841,5.066451700025937,7.558945908460473,5.0,0.0423450147265994,True,78,shapley-20260606T024743Z-6e742d25,shapley,baseline,A,True,False,2.0,2.0
0.978611775806972,0.6222480365208217,0.6222480450357709,0.3310152505125318,0.3640410048621041,8.415719168526786,0.9090836644172668,0.5587559044361115,0.5587558746337891,0.2896828800439834,0.3363412618637085,8.273176193237305,0.0423450147265994,0.8,0.001,79,0.0605438999991747,5.126995600025111,7.465753424657535,5.0,0.0433450147265994,True,79,shapley-20260606T024743Z-6e742d25,shapley,baseline,A,True,False,2.0,2.0
0.982667190687997,0.6202483517783028,0.6202483517783028,0.3297385232789175,0.3631372792380197,8.361257553100586,0.9090762734413148,0.5626861155033112,0.5626861155033112,0.2932257801294327,0.3368254005908966,7.991464614868164,0.0433450147265994,0.8,0.001,80,0.064995100001397,5.191990700026508,7.374830852503379,5.0,0.0443450147265994,True,80,shapley-20260606T024743Z-6e742d25,shapley,baseline,A,True,False,2.0,2.0
0.9946270074163164,0.6217647790908813,0.6217647790908813,0.3304863742419651,0.3640979996749333,8.40821123123169,0.8932932615280151,0.5660512745380402,0.5660512745380402,0.2942671030759811,0.3397301882505417,7.379453182220459,0.0443450147265994,0.8,0.001,81,0.0657043999999587,5.257695100026467,7.286096256684488,5.0,0.0452785839819591,True,81,shapley-20260606T024743Z-6e742d25,shapley,baseline,A,True,False,2.0,2.0
1.0039027759007044,0.6293280635561261,0.6293280635561261,0.3346799228872572,0.3683101577418191,8.2726685660226,0.9077431559562684,0.5626708269119263,0.5626708269119263,0.2941348254680633,0.335669994354248,7.62109375,0.0452785839819591,0.8,0.001,82,0.0623220999987097,5.320017200025177,7.199471598414796,5.0,0.0462785839819591,True,82,shapley-20260606T024743Z-6e742d25,shapley,baseline,A,True,False,2.0,2.0
1.0112053155899048,0.6418066280228751,0.6418066365378243,0.3413459020001547,0.3755758873053959,7.982065268925258,0.9286723732948304,0.5618845820426941,0.5618845820426941,0.2923758178949356,0.336885929107666,7.92564845085144,0.0462785839819591,0.8,0.001,83,0.0587004000008164,5.378717600025993,7.114882506527415,5.0,0.0472785839819591,True,83,shapley-20260606T024743Z-6e742d25,shapley,baseline,A,True,False,2.0,2.0
1.0205522605351038,0.637116619518825,0.6371166024889264,0.3398829868861607,0.3715420067310333,8.110134260995048,0.913025289773941,0.5629537105560303,0.5629537105560303,0.2938878238201141,0.3363323360681534,7.404442548751831,0.0472785839819591,0.8,0.001,84,0.058837599997787,5.43755520002378,7.032258064516128,5.0,0.0482785839819591,True,84,shapley-20260606T024743Z-6e742d25,shapley,baseline,A,True,False,2.0,2.0
1.0239834785461426,0.6471874373299735,0.647187420300075,0.3453679084777832,0.3772743812629154,7.804619925362723,0.9350936114788057,0.5721214413642883,0.5721214413642883,0.2987624108791351,0.3416987806558609,7.518285036087036,0.0482785839819591,0.8,0.001,85,0.0599293999985093,5.49748460002229,6.951530612244902,5.0,0.0492785839819591,True,85,shapley-20260606T024743Z-6e742d25,shapley,baseline,A,True,False,2.0,2.0
1.0358826773507257,0.6503474286624363,0.6503474371773856,0.3472254957471575,0.3789024182728359,7.823586327689035,0.9356579780578612,0.5634326934814453,0.5634326934814453,0.2938500493764877,0.3369783014059067,7.553489923477173,0.0492785839819591,0.8,0.001,86,0.0594493999997212,5.556934000022011,6.872635561160152,5.0,0.0502785839819591,True,86,shapley-20260606T024743Z-6e742d25,shapley,baseline,A,True,False,2.0,2.0
1.0399501834596907,0.652074898992266,0.652074898992266,0.3495077788829803,0.3782089012009756,7.714522702353341,0.9258235096931458,0.5701808929443359,0.5701808929443359,0.2966619580984115,0.3418986648321152,7.073441505432129,0.0502785839819591,0.8,0.001,87,0.0609738999992259,5.617907900021237,6.795511221945134,5.0,0.0512785839819592,True,87,shapley-20260606T024743Z-6e742d25,shapley,baseline,A,True,False,2.0,2.0
1.0488256216049194,0.6462815063340324,0.6462815148489816,0.3452907970973423,0.3762383929320744,7.850140707833426,0.94631826877594,0.5694356560707092,0.5694356560707092,0.2981004267930984,0.3391690552234649,7.349707841873169,0.0512785839819592,0.8,0.001,88,0.0584613999999419,5.676369300021179,6.720098643649813,5.0,0.0522785839819592,True,88,shapley-20260606T024743Z-6e742d25,shapley,baseline,A,True,False,2.0,2.0
1.0664001873561315,0.6673756837844849,0.6673756752695356,0.3566655261175973,0.3883876843111856,7.632656642368862,0.9573177099227904,0.5711236000061035,0.5711236000061035,0.2973462492227554,0.3422216773033142,7.38723349571228,0.0522785839819592,0.8,0.001,89,0.0586815999995451,5.735050900020724,6.646341463414636,5.0,0.0532785839819592,True,89,shapley-20260606T024743Z-6e742d25,shapley,baseline,A,True,False,2.0,2.0
1.0259163890566143,0.622377906526838,0.6650273970195225,0.3558940206255231,0.3864167077200753,7.574121202741351,0.9644360542297364,0.5751601457595825,0.5751601457595825,0.2980071306228637,0.3464412689208984,7.306423664093018,0.0532785839819592,0.8,0.001,90,0.0684228999998595,5.803473800020583,6.57418576598311,5.0,0.0542785839819592,True,90,shapley-20260606T024743Z-6e742d25,shapley,baseline,A,True,True,3.0,3.0
1.0396608114242554,0.629099462713514,0.6702892524855477,0.3559968684400831,0.3928654747349875,7.563966138022287,0.9669488668441772,0.5752688944339752,0.5752688944339752,0.2993268221616745,0.344927579164505,7.216105461120605,0.0542785839819592,0.8,0.001,91,0.0637735999989672,5.867247400019551,6.503579952267302,5.0,0.0552785839819592,True,91,shapley-20260606T024743Z-6e742d25,shapley,baseline,A,True,True,3.0,3.0
1.0337742737361364,0.6207256487437657,0.6652560319219317,0.3541721361024039,0.3888548740318843,7.4721278463091165,0.9672931134700776,0.5795852541923523,0.5795852541923523,0.3022072166204452,0.3467225134372711,7.013708591461182,0.0552785839819592,0.8,0.001,92,0.062388500002271,5.929635900021822,6.434474616292796,5.0,0.0562785839819592,True,92,shapley-20260606T024743Z-6e742d25,shapley,baseline,A,True,True,3.0,3.0
1.031470673424857,0.6240268179348537,0.6685993330819267,0.3552942999771663,0.3916312754154205,7.239767551422119,0.9707279801368712,0.5685527324676514,0.5685527324676514,0.2943391352891922,0.342766985297203,7.146150827407837,0.0562785839819592,0.8,0.001,93,0.0658896999993885,5.99552560002121,6.3668224299065415,5.0,0.0572785839819592,True,93,shapley-20260606T024743Z-6e742d25,shapley,baseline,A,True,True,3.0,3.0
1.0358567067555018,0.625483546938215,0.6723800471850804,0.3578095478670938,0.39321311882564,7.164512770516532,0.9710691571235656,0.5788506865501404,0.5788507163524628,0.3016552478075027,0.3464943021535873,6.847558975219727,0.0572785839819592,0.8,0.001,94,0.0637052999991283,6.059230900020339,6.300578034682083,5.0,0.0582785839819592,True,94,shapley-20260606T024743Z-6e742d25,shapley,baseline,A,True,True,3.0,3.0
1.0468673365456718,0.620522039277213,0.6663063934871128,0.3542308722223554,0.3900944079671587,7.315643174307687,0.9527754485607148,0.5773614346981049,0.5773614346981049,0.3005672395229339,0.3459927588701248,6.4417150020599365,0.0582785839819592,0.8,0.001,95,0.0711108000032254,6.130341700023564,6.235697940503435,5.0,0.0592785839819592,True,95,shapley-20260606T024743Z-6e742d25,shapley,baseline,A,True,True,3.0,3.0
1.0527987139565604,0.6359641466821943,0.6821866205760411,0.3642695205552237,0.3973963643823351,7.03179018838065,0.9930413961410522,0.5773714184761047,0.5773714482784271,0.299510195851326,0.3473265618085861,7.012144565582275,0.0592785839819592,0.8,0.001,96,0.0674436000008427,6.197785300024407,6.172140430351078,5.0,0.0602785839819592,True,96,shapley-20260606T024743Z-6e742d25,shapley,baseline,A,True,True,3.0,3.0
1.0634667021887645,0.6547678027834211,0.7015511052949088,0.3729566804000309,0.410743032182966,6.780167852129255,1.0064512491226196,0.5787279009819031,0.5787279307842255,0.3000694513320923,0.3483230769634247,7.0957770347595215,0.0602785839819592,0.8,0.001,97,0.0667183999976259,6.264503700022033,6.109865470852014,5.0,0.0612785839819592,True,97,shapley-20260606T024743Z-6e742d25,shapley,baseline,A,True,True,3.0,3.0
1.076502868107387,0.6386338812964303,0.6846006257193429,0.3638275904314859,0.4009662738868168,7.145546231951032,0.9692253470420836,0.5871443450450897,0.5871443450450897,0.3074638694524765,0.3496005684137344,6.23514723777771,0.0612785839819592,0.8,0.001,98,0.0699308000002929,6.334434500022326,6.048834628190896,5.0,0.0622785839819592,True,98,shapley-20260606T024743Z-6e742d25,shapley,baseline,A,True,True,3.0,3.0
1.0770056758608135,0.6386290873800006,0.6849151083401271,0.3649623053414481,0.3999409888471876,7.038962023598807,0.9800941646099092,0.5888874232769012,0.5888874232769012,0.3083606660366058,0.3506584614515304,6.281561374664307,0.0622785839819592,0.8,0.001,99,0.0732410000018717,6.407675500024197,5.989010989010993,5.0,0.0632785839819592,True,99,shapley-20260606T024743Z-6e742d25,shapley,baseline,A,True,True,3.0,3.0
1.0945184912000383,0.6622177617890495,0.7086398601531982,0.3762234832559313,0.4155204679284777,6.8317061151777,1.0246751308441162,0.5773046910762787,0.5773046612739563,0.3010063171386719,0.3453729450702667,7.069855690002441,0.0632785839819592,0.8,0.001,100,0.0656770000023243,6.473352500026522,5.930359085963005,5.0,0.0642785839819592,True,100,shapley-20260606T024743Z-6e742d25,shapley,baseline,A,True,True,3.0,3.0
1.093683396066938,0.6544706991740635,0.7026552472795758,0.3739517373698098,0.410879373550415,6.832955360412598,1.0070606768131256,0.5895062983036041,0.5895062983036041,0.3086588084697723,0.3510593473911285,6.496010780334473,0.0642785839819592,0.8,0.001,101,0.0637439999991329,6.537096500025655,5.872844827586206,5.0,0.0652785839819592,True,101,shapley-20260606T024743Z-6e742d25,shapley,baseline,A,True,True,3.0,3.0
1.0970794984272547,0.6545279792376927,0.7026937859398978,0.3727894382817404,0.4123804356370653,6.779429163251605,1.0004026591777802,0.5816192328929901,0.5816192626953125,0.3036326617002487,0.347483217716217,6.415326356887817,0.0652785839819592,0.8,0.001,102,0.0640934000002744,6.601189900025929,5.81643543223052,5.0,0.0662785839819592,True,102,shapley-20260606T024743Z-6e742d25,shapley,baseline,A,True,True,3.0,3.0
1.096789870943342,0.646715794290815,0.6938530632427761,0.3703044865812574,0.4044357197625296,6.790641103472028,0.9776422381401062,0.5848555564880371,0.5848555564880371,0.3048944324254989,0.3499513864517212,5.92629861831665,0.0662785839819592,0.8,0.001,103,0.0625073999981395,6.663697300024069,5.761099365750525,5.0,0.0672785839819592,True,103,shapley-20260606T024743Z-6e742d25,shapley,baseline,A,True,True,3.0,3.0
1.110559173992702,0.6653527958052499,0.7113361869539533,0.3812897886548723,0.4125580021313259,6.617356504712786,1.0242611169815063,0.5880475640296936,0.5880475640296936,0.3076153546571731,0.3505402356386184,6.4836907386779785,0.0672785839819592,0.8,0.001,104,0.0628658000023278,6.726563100026397,5.706806282722511,5.0,0.0682785839819592,True,104,shapley-20260606T024743Z-6e742d25,shapley,baseline,A,True,True,3.0,3.0
1.1018007482801164,0.6672976357596261,0.7147904804774693,0.3818994079317365,0.4161138279097421,6.363681248256138,0.9967513680458068,0.5874063968658447,0.5874063670635223,0.3072657734155655,0.3501757532358169,5.995218515396118,0.0682785839819592,0.8,0.001,105,0.0653772000005119,6.7919403000269085,5.65352697095436,5.0,0.0692785839819592,True,105,shapley-20260606T024743Z-6e742d25,shapley,baseline,A,True,True,3.0,3.0
1.114228980881827,0.6654878684452602,0.7116768785885402,0.3810676804610661,0.4132615029811859,6.477342469351632,1.0017277598381042,0.5925863981246948,0.5925863981246948,0.3101884871721267,0.3529974073171615,5.905740737915039,0.0692785839819592,0.8,0.001,106,0.0665575000020908,6.858497800028999,5.601233299075027,5.0,0.0702785839819592,True,106,shapley-20260606T024743Z-6e742d25,shapley,baseline,A,True,True,3.0,3.0
1.1180065359388078,0.6780005608286176,0.7282177635601589,0.3870943997587476,0.4264041951724461,6.26088285446167,1.0242597460746763,0.5906448364257812,0.5906448066234589,0.3088323920965194,0.3522655367851257,6.169943809509277,0.0702785839819592,0.8,0.001,107,0.0641679999971529,6.922665800026152,5.549898167006106,5.0,0.0712785839819592,True,107,shapley-20260606T024743Z-6e742d25,shapley,baseline,A,True,True,3.0,3.0
1.1195218222481864,0.6616994057382856,0.710552453994751,0.3785625781331743,0.4149873384407588,6.423000540052142,1.0122825503349304,0.5933729708194733,0.5933730006217957,0.3100947588682174,0.35409776866436,5.877074241638184,0.0712785839819592,0.8,0.001,108,0.0643586000005598,6.987024400026712,5.499495459132191,5.0,0.0722785839819592,True,108,shapley-20260606T024743Z-6e742d25,shapley,baseline,A,True,True,3.0,3.0
1.1329229729516166,0.6797245911189488,0.7265546321868896,0.389583728143147,0.4212136268615722,6.27016190120152,1.028348684310913,0.5904833674430847,0.5904833674430847,0.3085789382457733,0.3523804843425751,6.058023452758789,0.0722785839819592,0.8,0.001,109,0.0701903000008314,7.057214700027544,5.450000000000003,5.0,0.0732785839819592,True,109,shapley-20260606T024743Z-6e742d25,shapley,baseline,A,True,True,3.0,3.0
1.1475927489144462,0.6755000097411019,0.7232567327363151,0.3871904398713793,0.4200828586305891,6.442438329969134,1.0312379598617554,0.5973644256591797,0.5973643660545349,0.3131323605775833,0.3552900403738022,5.920877695083618,0.0732785839819592,0.8,0.001,110,0.0693361000012373,7.126550800028781,5.401387512388503,5.0,0.0742785839819592,True,110,shapley-20260606T024743Z-6e742d25,shapley,baseline,A,True,True,4.0,4.0
1.1428324495043074,0.6770179101399013,0.7249448384557452,0.3865184996809278,0.4230329053742545,6.271181924002511,1.037440001964569,0.5976925194263458,0.5976925492286682,0.3135041147470474,0.3552355021238327,5.920246124267578,0.0742785839819592,0.8,0.001,111,0.0674827999973786,7.19403360002616,5.353634577603145,5.0,0.0752785839819592,True,111,shapley-20260606T024743Z-6e742d25,shapley,baseline,A,True,True,4.0,4.0
1.1361549070903234,0.6964881675583976,0.7442587869507926,0.4004614906651633,0.4297466235501425,5.840528896876744,1.047176480293274,0.5932838916778564,0.5932838916778564,0.3100217431783676,0.3540776371955871,6.029504299163818,0.0752785839819592,0.8,0.001,112,0.068392599998333,7.262426200024493,5.306718597857838,5.0,0.0762785839819592,True,112,shapley-20260606T024743Z-6e742d25,shapley,baseline,A,True,True,4.0,4.0
1.1500547272818429,0.6721098508153643,0.7221613270895821,0.3855516697679247,0.4207620620727539,6.26578072139195,1.0311843156814575,0.5969843864440918,0.5969843864440918,0.3131465464830398,0.3547972738742828,5.692291498184204,0.0762785839819592,0.8,0.001,113,0.0711135000019567,7.333539700026449,5.260617760617762,5.0,0.0772785839819592,True,113,shapley-20260606T024743Z-6e742d25,shapley,baseline,A,True,True,4.0,4.0
1.162229061126709,0.6992115804127285,0.7507179634911674,0.3988249429634639,0.4398662618228367,5.991536889757429,1.0531134605407717,0.594182014465332,0.594182014465332,0.3126754760742187,0.3518831729888916,5.938662528991699,0.0772785839819592,0.8,0.001,114,0.0716490000013436,7.405188700027793,5.215311004784688,5.0,0.0782785839819592,True,114,shapley-20260606T024743Z-6e742d25,shapley,baseline,A,True,True,4.0,4.0
1.1655675172805786,0.703005816255297,0.7502576453345162,0.4034774771758488,0.4334752133914402,5.909172875540597,1.036980152130127,0.6069589555263519,0.6069589853286743,0.3203253448009491,0.3582920581102371,5.493471145629883,0.0782785839819592,0.8,0.001,115,0.0667017999985546,7.471890500026348,5.170777988614802,5.0,0.0792785839819592,True,115,shapley-20260606T024743Z-6e742d25,shapley,baseline,A,True,True,4.0,4.0
1.1725902897971017,0.6905482751982552,0.7399392979485648,0.3944472627980368,0.4318650535174778,6.080355848584857,1.0410197377204895,0.5999328792095184,0.5999328792095184,0.314884752035141,0.3563101589679718,5.563757658004761,0.0792785839819592,0.8,0.001,116,0.068359100001544,7.540249600027892,5.126999059266225,5.0,0.0802785839819592,True,116,shapley-20260606T024743Z-6e742d25,shapley,baseline,A,True,True,4.0,4.0
1.1728251661573137,0.6942199298313686,0.7425998279026577,0.3985670464379446,0.4300409768308912,5.961804730551584,1.0591405034065249,0.6029236316680908,0.6029236316680908,0.3168545961380005,0.3575862646102905,5.682921409606934,0.0802785839819592,0.8,0.001,117,0.0709179999976186,7.61116760002551,5.083955223880601,5.0,0.0812785839819592,True,117,shapley-20260606T024743Z-6e742d25,shapley,baseline,A,True,True,4.0,4.0
1.1867788178580148,0.7149296913828168,0.7639846886907306,0.4111092473779406,0.4410942963191441,5.805331298283169,1.048816800117493,0.5982392430305481,0.5982392430305481,0.3143380880355835,0.3548764437437057,5.543619871139526,0.0812785839819592,0.8,0.001,118,0.0646816000007675,7.675849200026278,5.04162812210916,5.0,0.0822785839819592,True,118,shapley-20260606T024743Z-6e742d25,shapley,baseline,A,True,True,4.0,4.0
1.181015627724784,0.7092510802405221,0.7562779188156128,0.4072338172367641,0.4363051312310355,5.733746188027518,1.0469626784324646,0.6112015247344971,0.6112015247344971,0.3220827281475067,0.3613985180854797,5.296167135238648,0.0822785839819592,0.8,0.001,119,0.0629128000000491,7.738762000026327,5.0,5.0,0.0832785839819592,True,119,shapley-20260606T024743Z-6e742d25,shapley,baseline,A,True,True,4.0,4.0
1.1885991947991508,0.6979789904185704,0.7477708288601467,0.3993172006947653,0.4355670426573072,5.891313212258475,1.0637373328208923,0.6144202351570129,0.6144202351570129,0.3245680928230285,0.3623151779174804,5.395350217819214,0.0832785839819592,0.8,0.001,120,0.0622164999986125,7.800978500024939,5.0,5.0,0.0872320861601513,True,120,shapley-20260606T024743Z-6e742d25,shapley,baseline,A,True,True,4.0,4.0
1.2218669823237829,0.7432284099715096,0.7888413497379848,0.4252085174833025,0.4545410318034036,5.486955778939383,1.095715880393982,0.6097643375396729,0.6097643375396729,0.3218410015106201,0.3599041700363159,5.570788621902466,0.0872320861601513,0.8,0.001,121,0.0619743000024755,7.862952800027415,5.0,5.0,0.092939972379176,True,121,shapley-20260606T024743Z-6e742d25,shapley,baseline,A,True,True,4.0,4.0
1.2498470374516075,0.7342251879828317,0.7851763197353908,0.4210818537643978,0.4551180728844234,5.5479021072387695,1.0865409970283508,0.6225972175598145,0.6225971877574921,0.3301630765199661,0.3655426502227783,4.991865158081055,0.092939972379176,0.8,0.001,122,0.0622892999999749,7.92524210002739,5.0,5.0,0.0928586239599865,True,122,shapley-20260606T024743Z-6e742d25,shapley,baseline,A,True,True,4.0,4.0
1.256179792540414,0.7402159571647644,0.7888043437685285,0.4228365506444658,0.4574597222464425,5.556444849286761,1.094687283039093,0.6189691722393036,0.6189691424369812,0.32649926841259,0.3655873835086822,5.12303614616394,0.0928586239599865,0.8,0.001,123,0.0702305999984673,7.995472700025857,5.0,5.0,0.0940889854216259,True,123,shapley-20260606T024743Z-6e742d25,shapley,baseline,A,True,True,4.0,4.0
1.2523452724729265,0.7704196146556309,0.8191802501678467,0.4389589003154209,0.4752766702856336,5.122019835880825,1.1004626154899595,0.6230647563934326,0.6230647265911102,0.329108253121376,0.3674455732107162,5.073897361755371,0.0940889854216259,0.8,0.001,124,0.0625103999991552,8.057983100025012,5.0,5.0,0.0948279590391796,True,124,shapley-20260606T024743Z-6e742d25,shapley,baseline,A,True,True,4.0,4.0
1.2593459572110857,0.7446587596620832,0.7928350993565151,0.4273113395486559,0.4569046965667179,5.427589348384312,1.0895697474479675,0.6197679936885834,0.619767963886261,0.3271567821502685,0.3657639920711517,4.954254150390625,0.0948279590391796,0.8,0.001,125,0.0637853999978688,8.121768500022881,5.0,5.0,0.0943705005430859,True,125,shapley-20260606T024743Z-6e742d25,shapley,baseline,A,True,True,4.0,4.0
1.2483335733413696,0.758371182850429,0.8070943185261318,0.4355161828654153,0.4644726727690015,5.191901751926968,1.1108477115631104,0.6139962673187256,0.6139962375164032,0.3247517347335815,0.3615556359291076,5.264901638031006,0.0943705005430859,0.8,0.0007,126,0.0632800999992468,8.185048600022128,5.0,5.0,0.097019516923396,True,126,shapley-20260606T024743Z-6e742d25,shapley,baseline,A,True,True,4.0,4.0
1.249855365071978,0.7323266778673444,0.7802433797291347,0.4207843031202044,0.4493238372462136,5.334273678915841,1.0850945711135864,0.61973837018013,0.6197383999824524,0.3288941532373428,0.3635552823543548,4.796521663665772,0.097019516923396,0.8,0.0007,127,0.0679614999971818,8.25301010001931,5.0,5.0,0.0949847335600537,True,127,shapley-20260606T024743Z-6e742d25,shapley,baseline,A,True,True,4.0,4.0
1.2400538410459243,0.7518228718212673,0.8005033305713108,0.4323991707393101,0.4601301636014666,5.140099593571255,1.0927098989486694,0.6166282892227173,0.6166282594203949,0.3262994289398193,0.3629110455513,5.0121910572052,0.0949847335600537,0.8,0.0007,128,0.0675507000014477,8.320560800020758,5.0,5.0,0.0951066441321057,True,128,shapley-20260606T024743Z-6e742d25,shapley,baseline,A,True,True,4.0,4.0
1.2456185477120536,0.7480541127068656,0.7976395828383309,0.4282027781009674,0.4617959899561746,5.231647150857108,1.0974624752998352,0.617496907711029,0.6174969375133514,0.3264384716749191,0.3638230562210083,5.046603679656982,0.0951066441321057,0.8,0.0007,129,0.0651165999988734,8.385677400019631,5.0,5.0,0.0955726809286755,True,129,shapley-20260606T024743Z-6e742d25,shapley,baseline,A,True,True,4.0,4.0
1.2461167403629847,0.7337015611784798,0.7825203197343009,0.4217226760728018,0.450997029032026,5.361523491995675,1.0853146314620972,0.615497887134552,0.6154979169368744,0.3266408145427704,0.36107137799263,4.915805816650391,0.0955726809286755,0.8,0.0007,130,0.0653903999991598,8.45106780001879,5.0,5.0,0.0947307390951794,True,130,shapley-20260606T024743Z-6e742d25,shapley,baseline,A,True,True,5.0,5.0
1.2346261058534895,0.7436424664088658,0.7949308582714626,0.4259765829358782,0.4611928250108446,5.182938848223005,1.0813462138175964,0.6124100983142853,0.6124100983142853,0.32337486743927,0.3612940311431885,4.950199842453003,0.0947307390951794,0.8,0.00049,131,0.0680452000015066,8.519113000020297,5.0,5.0,0.0942327375197094,True,131,shapley-20260606T024743Z-6e742d25,shapley,baseline,A,True,True,5.0,5.0
1.2177356481552124,0.7309765134538923,0.7806975245475769,0.4193342328071594,0.4517041061605726,5.165499210357666,1.074998676776886,0.6112942099571228,0.6112942397594452,0.3225231319665909,0.3609638810157776,4.920842409133911,0.0942327375197094,0.8,0.00049,132,0.0640372000016213,8.583150200021919,5.0,5.0,0.0934411616110486,True,132,shapley-20260606T024743Z-6e742d25,shapley,baseline,A,True,True,5.0,5.0
1.2354325907570975,0.7286285843167987,0.7791273764201573,0.4167424014636448,0.452981208051954,5.42377723966326,1.099311590194702,0.610623300075531,0.610623300075531,0.3223918080329895,0.3602893650531769,5.229903697967529,0.0934411616110486,0.8,0.00049,133,0.0631756000002496,8.646325800022169,5.0,5.0,0.0957401985907238,True,133,shapley-20260606T024743Z-6e742d25,shapley,baseline,A,True,True,5.0,5.0
1.245462247303554,0.7401441846575055,0.7882848637444633,0.4238591960498264,0.4555320824895586,5.278013501848493,1.0836852192878723,0.612860769033432,0.6128607392311096,0.323858380317688,0.361252948641777,4.917729616165161,0.0957401985907238,0.8,0.00049,134,0.0731513999999151,8.719477200022084,5.0,5.0,0.0949174947523755,True,134,shapley-20260606T024743Z-6e742d25,shapley,baseline,A,True,True,5.0,5.0
1.2303736550467357,0.7308139630726406,0.780167145388467,0.4189252087048122,0.4515524165970938,5.263094084603446,1.0805442333221436,0.6124032735824585,0.6124032735824585,0.3239724189043045,0.3605385571718216,4.932082653045654,0.0949174947523755,0.8,0.00049,135,0.0661518000015348,8.785629000023619,5.0,5.0,0.094238321282832,True,135,shapley-20260606T024743Z-6e742d25,shapley,baseline,A,True,True,5.0,5.0
1.2335068328039986,0.7454465542520795,0.7951106769698006,0.4270992151328495,0.4600143219743456,5.179000377655029,1.0858142971992493,0.6097348630428314,0.6097348630428314,0.3221165239810943,0.3595229089260101,5.051867246627808,0.094238321282832,0.8,0.000343,136,0.0684655999975802,8.854094600021199,5.0,5.0,0.0947569937491101,True,136,shapley-20260606T024743Z-6e742d25,shapley,baseline,A,True,True,5.0,5.0
1.2261921678270613,0.7156752347946167,0.7664464967591422,0.4103130953652518,0.4451667240687779,5.38764408656529,1.0889251828193665,0.6088836491107941,0.6088836193084717,0.3214987963438034,0.3592310547828674,5.066027641296387,0.0947569937491101,0.8,0.000343,137,0.0678605000030074,8.921955100024206,5.0,5.0,0.0954172701620739,True,137,shapley-20260606T024743Z-6e742d25,shapley,baseline,A,True,True,5.0,5.0
1.221639599118914,0.7300690242222377,0.7812222412654332,0.4191908410617283,0.4525392438684191,5.151798657008579,1.0678768754005432,0.6090664565563202,0.6090664565563202,0.3211138248443603,0.3599407821893692,4.8084635734558105,0.0954172701620739,0.8,0.000343,138,0.0690784999969764,8.991033600021183,5.0,5.0,0.0935019058966321,True,138,shapley-20260606T024743Z-6e742d25,shapley,baseline,A,True,True,5.0,5.0
1.2214814935411726,0.7394701412745884,0.7871610011373248,0.4237044709069388,0.4543206521442958,5.155096667153495,1.0937261581420898,0.6022270917892456,0.6022270917892456,0.3172094672918319,0.3562720566987991,5.256567716598511,0.0935019058966321,0.8,0.000343,139,0.0726934999984223,9.063727100019603,5.0,5.0,0.0960675830626172,True,139,shapley-20260606T024743Z-6e742d25,shapley,baseline,A,True,True,5.0,5.0
1.2402126448495048,0.7110477004732404,0.7597389732088361,0.4086303285190037,0.4388857952186039,5.508256775992257,1.103192925453186,0.6069428026676178,0.6069428026676178,0.320272758603096,0.3583375662565231,5.165635347366333,0.0960675830626172,0.8,0.000343,140,0.0793370000028517,9.143064100022457,5.0,5.0,0.0977239365362805,True,140,shapley-20260606T024743Z-6e742d25,shapley,baseline,A,True,True,5.0,5.0
1.2423559256962369,0.7317949278014046,0.7827737842287336,0.4192059252943311,0.454459799187524,5.224523408072336,1.0843790769577026,0.6094005405902863,0.6094005405902863,0.3218595087528229,0.359426274895668,4.8604114055633545,0.0977239365362805,0.8,0.0002400999999999,141,0.0774345999998331,9.22049870002229,5.0,5.0,0.096328050591914,True,141,shapley-20260606T024743Z-6e742d25,shapley,baseline,A,True,True,5.0,5.0
1.2267678805759974,0.7250848838261196,0.7777175647871835,0.4172162200723375,0.4506266670567648,5.20806748526437,1.0939475297927856,0.6067492961883545,0.6067492663860321,0.3203393369913101,0.3580124229192734,5.057698488235474,0.096328050591914,0.8,0.0002400999999999,142,0.0691050000023096,9.2896037000246,5.0,5.0,0.0969050354742688,True,142,shapley-20260606T024743Z-6e742d25,shapley,baseline,A,True,True,5.0,5.0
1.2297316108431136,0.7243893827710833,0.7730082699230739,0.4150699206760951,0.4474229259150369,5.214819022587368,1.0862234234809875,0.6075206995010376,0.6075206995010376,0.3211376219987869,0.3579787909984588,4.939915418624878,0.0969050354742688,0.8,0.0002400999999999,143,0.0680148000028566,9.357618500027456,5.0,5.0,0.0963041896605175,True,143,shapley-20260606T024743Z-6e742d25,shapley,baseline,A,True,True,5.0,5.0
1.2298811333520072,0.733441914830889,0.7813683492796761,0.4216645870889936,0.4496296857084547,5.15490756716047,1.0823209881782532,0.604377031326294,0.604377031326294,0.318891316652298,0.3568571358919143,4.962857484817505,0.0963041896605175,0.8,0.0002400999999999,144,0.0650416999997105,9.422660200027169,5.0,5.0,0.0959327645086926,True,144,shapley-20260606T024743Z-6e742d25,shapley,baseline,A,True,True,5.0,5.0
1.2351093632834298,0.7320692368916103,0.7832305686814445,0.4186103940010071,0.4557752098355974,5.2436740057809015,1.085675060749054,0.6074617207050323,0.6074617207050323,0.3205153495073318,0.3586829304695129,4.984879732131958,0.0959327645086926,0.8,0.0002400999999999,145,0.0678818000014871,9.490542000028654,5.0,5.0,0.0957815618300122,True,145,shapley-20260606T024743Z-6e742d25,shapley,baseline,A,True,True,5.0,5.0
1.222458839416504,0.7228330884660993,0.7758955018860954,0.4138682016304561,0.4525341093540191,5.216303893498012,1.0839874744415283,0.6076599657535553,0.6076599657535553,0.3203255385160446,0.3591680079698562,4.973060369491577,0.0957815618300122,0.8,0.0001680699999999,146,0.06954979999864,9.560091800027294,5.0,5.0,0.0955121655249279,True,146,shapley-20260606T024743Z-6e742d25,shapley,baseline,A,True,True,5.0,5.0
1.22917606149401,0.7190180420875549,0.7688970225197929,0.4131896325520107,0.4446342204298292,5.341288566589356,1.0915045738220217,0.6056506633758545,0.6056506633758545,0.319341704249382,0.3578861653804779,5.086826801300049,0.0955121655249279,0.8,0.0001680699999999,147,0.0702063999997335,9.630298200027028,5.0,5.0,0.0963804335379284,True,147,shapley-20260606T024743Z-6e742d25,shapley,baseline,A,True,True,5.0,5.0
1.2272601638521468,0.7197440181459699,0.7715744376182556,0.4122451671532222,0.4491615806307111,5.265758923121861,1.084540605545044,0.6065341532230377,0.6065341234207153,0.3200768679380417,0.3580715507268905,4.959579706192017,0.0963804335379284,0.8,0.0001680699999999,148,0.0687796999991405,9.699077900026168,5.0,5.0,0.0959762305998486,True,148,shapley-20260606T024743Z-6e742d25,shapley,baseline,A,True,True,5.0,5.0
1.2309636388506209,0.733481866972787,0.7832004768507821,0.4215500312192099,0.4520630538463592,5.183384963444301,1.0864880681037905,0.607135683298111,0.6071357131004333,0.3203585147857666,0.3584714978933334,4.994490623474121,0.0959762305998486,0.8,0.0001680699999999,149,0.0688441999991482,9.767922100025316,5.0,5.0,0.0959211368345898,True,149,shapley-20260606T024743Z-6e742d25,shapley,baseline,A,True,True,5.0,5.0
1.223344053540911,0.7200965370450702,0.7677536606788635,0.4145730308123997,0.4414757830756051,5.246471405029297,1.084232747554779,0.6085048615932465,0.6085048615932465,0.3210078477859497,0.3593712747097015,4.959572792053223,0.0959211368345898,0.8,0.0001680699999999,150,0.0665339000006497,9.834456000025966,5.0,5.0,0.095516864755122,True,150,shapley-20260606T024743Z-6e742d25,shapley,baseline,A,True,True,5.0,5.0
1.231740525790623,0.7356695788247245,0.786319477217538,0.4225163587502071,0.4547539183071681,5.193542957305908,1.081885576248169,0.6065858602523804,0.6065858602523804,0.3198534250259399,0.3584155142307281,4.976081371307373,0.095516864755122,0.8,0.0001176489999999,151,0.0669105000015406,9.901366500027509,5.0,5.0,0.0952776784681958,True,151,shapley-20260606T024743Z-6e742d25,shapley,baseline,A,True,True,5.0,5.0
1.2181830065590995,0.7181765692574638,0.7672106879098075,0.4128267083849226,0.4429799701486315,5.247886044638498,1.0850762128829956,0.6027834117412567,0.6027834415435791,0.3177152723073959,0.3563351929187774,5.061970233917236,0.0952776784681958,0.8,0.0001176489999999,152,0.07233510000151,9.973701600029017,5.0,5.0,0.0958973808073681,True,152,shapley-20260606T024743Z-6e742d25,shapley,baseline,A,True,True,5.0,5.0
1.2131395510264806,0.7033592547689166,0.7532434889248439,0.4035739813532148,0.4370868844645364,5.315893854413714,1.0894063711166382,0.6012802422046661,0.6012802422046661,0.3168559223413467,0.3555303961038589,5.090088129043579,0.0958973808073681,0.8,0.0001176489999999,153,0.0671762999991187,10.040877900028136,5.0,5.0,0.0967982620978039,True,153,shapley-20260606T024743Z-6e742d25,shapley,baseline,A,True,True,5.0,5.0
1.226610609463283,0.7124021904809135,0.7613225068364825,0.4091478628771646,0.4402183038847787,5.3121657371521,1.0903028845787048,0.6024720668792725,0.6024720668792725,0.3175466954708099,0.3561566770076751,5.0396647453308105,0.0967982620978039,0.8,0.0001176489999999,154,0.0672006999993755,10.108078600027511,5.0,5.0,0.097194909551112,True,154,shapley-20260606T024743Z-6e742d25,shapley,baseline,A,True,True,5.0,5.0
1.2309019906180243,0.7218931061880929,0.7717428207397461,0.4150943543229784,0.4458105649266924,5.236991201128278,1.0913434028625488,0.6032840609550476,0.60328409075737,0.3180124163627624,0.35658960044384,5.021449327468872,0.097194909551112,0.8,0.0001176489999999,155,0.0630262999984552,10.171104900025966,5.0,5.0,0.0974094028258008,True,155,shapley-20260606T024743Z-6e742d25,shapley,baseline,A,True,True,5.0,5.0
1.2446329593658447,0.7336122904505048,0.7839839884213039,0.4207848395620073,0.4539989403315952,5.246112210409982,1.097196877002716,0.6036471426486969,0.6036471426486969,0.3181058168411255,0.3569266349077225,5.066756963729858,0.0974094028258008,0.8,8.235429999999999e-05,156,0.0665651000017533,10.23767000002772,5.0,5.0,0.0980769724630993,True,156,shapley-20260606T024743Z-6e742d25,shapley,baseline,A,True,True,5.0,5.0
1.233015469142369,0.711009315082005,0.7604485154151917,0.4078356112752642,0.44076612165996,5.322413103921073,1.0965992212295532,0.6041287779808044,0.6041287779808044,0.318380057811737,0.3571858704090118,5.021265268325806,0.0980769724630993,0.8,8.235429999999999e-05,157,0.0628524999992805,10.300522500027,5.0,5.0,0.0982896251463574,True,157,shapley-20260606T024743Z-6e742d25,shapley,baseline,A,True,True,5.0,5.0
1.2332311187471665,0.7216484887259347,0.7722831112997872,0.4143356595720563,0.447434310402189,5.204848834446499,1.0844164490699768,0.6047724187374115,0.6047724485397339,0.318884864449501,0.3573594689369201,4.879904747009277,0.0982896251463574,0.8,8.235429999999999e-05,158,0.0653142999981355,10.365836800025136,5.0,5.0,0.0970886726164502,True,158,shapley-20260606T024743Z-6e742d25,shapley,baseline,A,True,True,5.0,5.0
1.2370367561067854,0.7403102091380528,0.7895197442599705,0.4248970108372824,0.4557784242289407,5.116215297154018,1.0771706104278564,0.6049160361289978,0.6049160361289978,0.319118469953537,0.3572469651699066,4.864157676696777,0.0970886726164502,0.8,8.235429999999999e-05,159,0.0658299999995506,10.431666800024686,5.0,5.0,0.0957302493834179,True,159,shapley-20260606T024743Z-6e742d25,shapley,baseline,A,True,True,5.0,5.0
1.2177690608160836,0.7253819278308323,0.7746585777827671,0.4153218141623905,0.4491709428174155,5.143485137394497,1.0814494490623474,0.6042863726615906,0.6042863726615906,0.3187031894922256,0.3569789826869964,4.984454393386841,0.0957302493834179,0.8,8.235429999999999e-05,160,0.0662238000004435,10.49789060002513,5.0,5.0,0.0955747933172863,True,160,shapley-20260606T024743Z-6e742d25,shapley,baseline,A,True,True,5.0,5.0
1.2176245621272497,0.7128506047385079,0.7648517404283796,0.4084240538733346,0.4455346124512808,5.281454699380057,1.085690200328827,0.6035307049751282,0.6035307049751282,0.318165510892868,0.3567064851522445,5.044839143753052,0.0955747933172863,0.8,5.764800999999999e-05,161,0.0686860999994678,10.566576700024598,5.0,5.0,0.0960231847548169,True,161,shapley-20260606T024743Z-6e742d25,shapley,baseline,A,True,True,5.0,5.0
1.2185383183615548,0.7082839693341937,0.7595796414784023,0.4047130644321441,0.4435832074710301,5.31386593409947,1.091340184211731,0.6033321619033813,0.6033321619033813,0.3180036097764969,0.3566606938838959,5.082189083099365,0.0960231847548169,0.8,5.764800999999999e-05,162,0.0644223999988753,10.630999100023471,5.0,5.0,0.0968450755858105,True,162,shapley-20260606T024743Z-6e742d25,shapley,baseline,A,True,True,5.0,5.0
1.2277294737952096,0.7108990124293736,0.7621794087546212,0.4079984894820622,0.4427261395113809,5.336672510419573,1.0925459265708923,0.6033216416835785,0.6033216416835785,0.3178714662790298,0.3568127155303955,5.051617860794067,0.0968450755858105,0.8,5.764800999999999e-05,163,0.0651717000000644,10.696170800023538,5.0,5.0,0.0973612541937512,True,163,shapley-20260606T024743Z-6e742d25,shapley,baseline,A,True,True,5.0,5.0
1.2266252381461007,0.7140402282987323,0.7619964480400085,0.4107737370899745,0.4390283652714321,5.264774186270578,1.089975655078888,0.6032698452472687,0.6032698452472687,0.3178788423538208,0.3567387461662292,4.998968124389648,0.0973612541937512,0.8,5.764800999999999e-05,164,0.0650960999992094,10.761266900022749,5.0,5.0,0.0973509354376477,True,164,shapley-20260606T024743Z-6e742d25,shapley,baseline,A,True,True,5.0,5.0
1.2319047451019287,0.7213501845087323,0.773458446775164,0.4134635244097028,0.4499936359269278,5.244475160326276,1.086706817150116,0.6033107340335846,0.6033107042312622,0.3179976493120193,0.3566413521766662,4.965500593185425,0.0973509354376477,0.8,5.764800999999999e-05,165,0.0751522999998997,10.836419200022648,5.0,5.0,0.0970059413695019,True,165,shapley-20260606T024743Z-6e742d25,shapley,baseline,A,True,True,5.0,5.0
1.2360188109534127,0.7292586650167193,0.7795870729855129,0.4197648082460676,0.44977782028062,5.224011216844831,1.0849657654762268,0.6028483510017395,0.6028483211994171,0.3176616430282593,0.3564833551645279,4.969978332519531,0.0970059413695019,0.8,4.035360699999999e-05,166,0.0660242999983893,10.902443500021036,5.0,5.0,0.0967057246946972,True,166,shapley-20260606T024743Z-6e742d25,shapley,baseline,A,True,True,5.0,5.0
1.214416435786656,0.7098706705229623,0.7609274131911141,0.4082801214286259,0.4408091008663177,5.217330728258405,1.083231508731842,0.6026196181774139,0.6026196181774139,0.3173771649599075,0.3565530478954315,4.969839334487915,0.0967057246946972,0.8,4.035360699999999e-05,167,0.0643794999996316,10.966823000020668,5.0,5.0,0.0964041180395764,True,167,shapley-20260606T024743Z-6e742d25,shapley,baseline,A,True,True,5.0,5.0
1.2186696529388428,0.7150479895727975,0.7651501638548714,0.4102686728749956,0.4436018552098955,5.224067824227469,1.0823208689689636,0.6022143363952637,0.6022143363952637,0.3171280920505523,0.3563577979803085,4.980145692825317,0.0964041180395764,0.8,4.035360699999999e-05,168,0.0657976000002236,11.032620600020891,5.0,5.0,0.0962055749678295,True,168,shapley-20260606T024743Z-6e742d25,shapley,baseline,A,True,True,5.0,5.0
1.2162499257496424,0.7134648050580706,0.7636412807873317,0.4106890388897487,0.441190310886928,5.226153646196638,1.079089343547821,0.6021625399589539,0.6021625399589539,0.3172009289264679,0.3562020063400268,4.957372188568115,0.0962055749678295,0.8,4.035360699999999e-05,169,0.0678564999980153,11.100477100018908,5.0,5.0,0.0957792968535107,True,169,shapley-20260606T024743Z-6e742d25,shapley,baseline,A,True,True,5.0,5.0
1.209719487598964,0.7136793306895665,0.7681566647120884,0.4123763271740505,0.4447254112788609,5.178991453988211,1.0758443474769592,0.6023455858230591,0.6023455858230591,0.3174175471067428,0.3561600297689438,4.943643808364868,0.0957792968535107,0.8,4.035360699999999e-05,170,0.064082299999427,11.164559400018334,5.0,5.0,0.0952157349371594,True,170,shapley-20260606T024743Z-6e742d25,shapley,baseline,A,True,True,6.0,6.0
1.2041693585259574,0.7085038508687701,0.7618591019085476,0.4093765488692692,0.4406032008784158,5.205709866115025,1.0740928053855896,0.6021323800086975,0.6021323800086975,0.31733138859272,0.3560012280941009,4.956747770309448,0.0952157349371594,0.8,2.8247524899999997e-05,171,0.0732822000027226,11.237841600021056,5.0,5.0,0.0947832126402539,True,171,shapley-20260606T024743Z-6e742d25,shapley,baseline,A,True,True,6.0,6.0
1.2025061675480433,0.7082850762775966,0.7606475097792489,0.4090081581047603,0.439549160855157,5.214226450238909,1.0721837282180786,0.6023015975952148,0.6023015975952148,0.3174689412117004,0.356040820479393,4.957440614700317,0.0947832126402539,0.8,2.8247524899999997e-05,172,0.0728115999991132,11.31065320002017,5.0,5.0,0.094357618787257,True,172,shapley-20260606T024743Z-6e742d25,shapley,baseline,A,True,True,6.0,6.0
1.201218502862113,0.7092891080038888,0.7637022478239877,0.4102026053837367,0.4418745338916778,5.21345717566354,1.0702118873596191,0.6023271679878235,0.6023271679878235,0.3174643367528915,0.3560785800218582,4.958632230758667,0.094357618787257,0.8,2.8247524899999997e-05,173,0.069232900001225,11.379886100021396,5.0,5.0,0.0939439410948437,True,173,shapley-20260606T024743Z-6e742d25,shapley,baseline,A,True,True,6.0,6.0
1.1953057731900896,0.7051441839763096,0.7583157249859401,0.408060678413936,0.4378188167299543,5.217597007751465,1.0689144730567932,0.6021834313869476,0.6021834313869476,0.3173161298036575,0.3560841232538223,4.968186616897583,0.0939439410948437,0.8,2.8247524899999997e-05,174,0.0628731999968295,11.442759300018224,5.0,5.0,0.0936258072638195,True,174,shapley-20260606T024743Z-6e742d25,shapley,baseline,A,True,True,6.0,6.0
1.1954724107469832,0.7058605466570173,0.758238673210144,0.4080851674079895,0.437691867351532,5.229454176766532,1.0687008500099182,0.602107971906662,0.602107971906662,0.317215085029602,0.3561161011457443,4.983592748641968,0.0936258072638195,0.8,2.8247524899999997e-05,175,0.0618200999997498,11.504579400017974,5.0,5.0,0.0934617347502392,True,175,shapley-20260606T024743Z-6e742d25,shapley,baseline,A,True,True,6.0,6.0
1.1988687344959803,0.7104927556855338,0.7636896116392953,0.4107743501663208,0.4411440789699554,5.225410802023752,1.0682876110076904,0.60198575258255,0.60198575258255,0.3171495348215103,0.3560452312231064,4.989227533340454,0.0934617347502392,0.8,1.9773267429999995e-05,176,0.0622842999982822,11.566863700016256,5.0,5.0,0.0933540100836437,True,176,shapley-20260606T024743Z-6e742d25,shapley,baseline,A,True,True,6.0,6.0
1.2025694165910994,0.7125733324459621,0.7678664411817279,0.4107372335025242,0.4464115117277418,5.248795236860003,1.0689151883125303,0.601759672164917,0.601759672164917,0.3170258104801178,0.355917289853096,5.004129409790039,0.0933540100836437,0.8,1.9773267429999995e-05,177,0.0626972000027308,11.629560900018989,5.0,5.0,0.0933953041815441,True,177,shapley-20260606T024743Z-6e742d25,shapley,baseline,A,True,True,6.0,6.0
1.1952238593782698,0.7025448594774518,0.7554536972727094,0.4046953661101205,0.4384479096957615,5.275200639452253,1.070220112800598,0.601595401763916,0.601595401763916,0.3169028460979461,0.3558656871318817,5.01764726638794,0.0933953041815441,0.8,1.9773267429999995e-05,178,0.0651064000012411,11.694667300020228,5.0,5.0,0.0935717768454235,True,178,shapley-20260606T024743Z-6e742d25,shapley,baseline,A,True,True,6.0,6.0
1.208998714174543,0.7133519308907645,0.7672903537750244,0.4116007132189614,0.4446120517594473,5.29696866444179,1.072332799434662,0.6013914048671722,0.6013914048671722,0.3167355805635452,0.3558197915554046,5.0329430103302,0.0935717768454235,0.8,1.9773267429999995e-05,179,0.0638991000014357,11.758566400021664,5.0,5.0,0.0939012069487255,True,179,shapley-20260606T024743Z-6e742d25,shapley,baseline,A,True,True,6.0,6.0
1.208782638822283,0.712727963924408,0.7697015149252755,0.4107098068509783,0.4487396138054983,5.282729353223528,1.075674593448639,0.60107421875,0.6010742485523224,0.3165390938520431,0.3556689471006393,5.0542521476745605,0.0939012069487255,0.8,1.9773267429999995e-05,180,0.0661399000018718,11.824706300023536,5.0,5.0,0.0944437284254711,True,180,shapley-20260606T024743Z-6e742d25,shapley,baseline,A,True,True,6.0,6.0
1.1944866521017892,0.6926256758826119,0.746850345815931,0.4002480251448495,0.433252888066428,5.313862255641392,1.0782854557037354,0.600856751203537,0.6008567214012146,0.3164014518260956,0.3555690944194793,5.055165767669678,0.0944437284254711,0.8,1.3841287200999995e-05,181,0.0656509000000369,11.890357200023573,5.0,5.0,0.0949953861021679,True,181,shapley-20260606T024743Z-6e742d25,shapley,baseline,A,True,True,6.0,6.0
1.2193854536328996,0.714797990662711,0.7669656787599836,0.4135508494717734,0.4417685440608433,5.3117048399789,1.081149160861969,0.6007713377475739,0.6007713079452515,0.3163492530584335,0.3555275499820709,5.056854009628296,0.0949953861021679,0.8,1.3841287200999995e-05,182,0.0625669000000925,11.952924100023663,5.0,5.0,0.0955639261984509,True,182,shapley-20260606T024743Z-6e742d25,shapley,baseline,A,True,True,6.0,6.0
1.2162024804524012,0.7065686498369489,0.7585529003824506,0.4078949647290366,0.4383224163736616,5.332910265241351,1.083588421344757,0.6007418930530548,0.6007418930530548,0.3163404166698456,0.3555018454790115,5.052602767944336,0.0955639261984509,0.8,1.3841287200999995e-05,183,0.0649712000013096,12.017895300024977,5.0,5.0,0.0960899538778942,True,183,shapley-20260606T024743Z-6e742d25,shapley,baseline,A,True,True,6.0,6.0
1.209751418658665,0.7008350321224758,0.7548897351537432,0.4046104763235364,0.4378490575722286,5.296250002724784,1.0848343968391418,0.6007632315158844,0.6007632315158844,0.3163622319698334,0.3555012494325638,5.03768801689148,0.0960899538778942,0.8,1.3841287200999995e-05,184,0.0631455000002461,12.08104080002522,5.0,5.0,0.096466834046809,True,184,shapley-20260606T024743Z-6e742d25,shapley,baseline,A,True,True,6.0,6.0
1.2253849506378174,0.7162534849984306,0.7712523766926357,0.4149064804826464,0.4454323649406433,5.277787617274693,1.0854929685592651,0.6009665727615356,0.6009665727615356,0.3164851367473602,0.3556017875671386,5.022725343704224,0.096466834046809,0.8,1.3841287200999995e-05,185,0.0626321000017924,12.143672900027012,5.0,5.0,0.0966940874838513,True,185,shapley-20260606T024743Z-6e742d25,shapley,baseline,A,True,True,6.0,6.0
1.2149285078048706,0.704402574471065,0.757396970476423,0.4070115217140743,0.437981801373618,5.279804774693081,1.08584064245224,0.6010181903839111,0.6010181903839111,0.3165141195058822,0.3556300848722458,5.013982057571411,0.0966940874838513,0.8,9.688901040699997e-06,186,0.0654732000002695,12.209146100027285,5.0,5.0,0.0968339080595654,True,186,shapley-20260606T024743Z-6e742d25,shapley,baseline,A,True,True,6.0,6.0
1.2143070697784424,0.7066911033221653,0.7618763361658368,0.4080211009298052,0.4423190355300903,5.24213034766061,1.0857420563697815,0.6011286377906799,0.6011286377906799,0.3165883123874664,0.3556754142045975,5.004584312438965,0.0968339080595654,0.8,9.688901040699997e-06,187,0.0659201999987999,12.275066300026085,5.0,5.0,0.096879751183955,True,187,shapley-20260606T024743Z-6e742d25,shapley,baseline,A,True,True,6.0,6.0
1.2015237637928553,0.6905331781932286,0.7450332982199532,0.4001487961837223,0.4311056137084961,5.274482931409564,1.0849804282188416,0.6012967824935913,0.6012967824935913,0.3166899234056473,0.3557586073875427,4.992619037628174,0.096879751183955,0.8,9.688901040699997e-06,188,0.0746767000018735,12.349743000027956,5.0,5.0,0.0968059415602368,True,188,shapley-20260606T024743Z-6e742d25,shapley,baseline,A,True,True,6.0,6.0
1.2120273964745658,0.7063914367130825,0.760429859161377,0.4066981928689139,0.4421645743506295,5.223191125052316,1.0831249952316284,0.6014835238456726,0.6014834940433502,0.3168011754751205,0.355852872133255,4.975329399108887,0.0968059415602368,0.8,9.688901040699997e-06,189,0.0662110000012035,12.41595400002916,5.0,5.0,0.0965592355513256,True,189,shapley-20260606T024743Z-6e742d25,shapley,baseline,A,True,True,6.0,6.0
1.227472901344299,0.7236203636441912,0.7760506698063442,0.4157745114394596,0.4503452011517116,5.218066760471889,1.0815195441246033,0.6015797257423401,0.6015797555446625,0.3168622106313705,0.3558969348669052,4.970418691635132,0.0965592355513256,0.8,9.688901040699997e-06,190,0.0673795000002428,12.483333500029405,5.0,5.0,0.096263422467677,True,190,shapley-20260606T024743Z-6e742d25,shapley,baseline,A,True,True,6.0,6.0
1.2157073702130998,0.7134436964988708,0.7634657110486712,0.4114972140107836,0.4399606117180415,5.217596258435931,1.080948829650879,0.6016024947166443,0.6016024947166443,0.3168805837631225,0.3559023886919021,4.97952675819397,0.096263422467677,0.8,6.782230728489997e-06,191,0.0623612000017601,12.545694700031165,5.0,5.0,0.0960586900496166,True,191,shapley-20260606T024743Z-6e742d25,shapley,baseline,A,True,True,6.0,6.0
1.209600363458906,0.710364852632795,0.7639918753079006,0.410278503383909,0.4421417074544089,5.197192532675607,1.080480933189392,0.6016348004341125,0.6016347408294678,0.3168960213661194,0.3559233844280243,4.984933376312256,0.0960586900496166,0.8,6.782230728489997e-06,192,0.0657762000009825,12.611470900032144,5.0,5.0,0.0959080238127392,True,192,shapley-20260606T024743Z-6e742d25,shapley,baseline,A,True,True,6.0,6.0
1.2280974558421545,0.7234065362385341,0.7767456769943237,0.4169181372438158,0.4497844023363931,5.262238638741629,1.08046954870224,0.6016648709774017,0.6016649007797241,0.3169142305850982,0.3559383153915405,4.9923317432403564,0.0959080238127392,0.8,6.782230728489997e-06,193,0.0653869999987364,12.676857900030882,5.0,5.0,0.0958313412451428,True,193,shapley-20260606T024743Z-6e742d25,shapley,baseline,A,True,True,6.0,6.0
1.2234226976122176,0.7200114045824323,0.7745270388466972,0.4145239378724779,0.4500038879258292,5.253096512385777,1.0811198353767395,0.6016009747982025,0.6016010046005249,0.3168858736753464,0.3558938652276993,5.00377893447876,0.0958313412451428,0.8,6.782230728489997e-06,194,0.0676859000013792,12.74454380003226,5.0,5.0,0.0958691305899304,True,194,shapley-20260606T024743Z-6e742d25,shapley,baseline,A,True,True,6.0,6.0
1.2312134674617223,0.7264847329684666,0.7777287704604012,0.4174762879099165,0.4503155989306314,5.264767714909145,1.0824378728866575,0.6015533804893494,0.6015534102916718,0.3168558478355407,0.3558719158172607,5.016051530838013,0.0958691305899304,0.8,6.782230728489997e-06,195,0.0626914999993459,12.807235300031609,5.0,5.0,0.0960296458983105,True,195,shapley-20260606T024743Z-6e742d25,shapley,baseline,A,True,True,6.0,6.0
1.2218696900776451,0.7155367391450065,0.7674160344260079,0.4125761347157614,0.4435498586722782,5.272673470633371,1.0838245153427124,0.601556122303009,0.601556122303009,0.3168498426675796,0.3558828383684158,5.022078514099121,0.0960296458983105,0.8,4.747561509942998e-06,196,0.0674215999970329,12.87465690002864,5.0,5.0,0.0962504310393017,True,196,shapley-20260606T024743Z-6e742d25,shapley,baseline,A,True,True,6.0,6.0
1.2170510973249162,0.7110420635768345,0.7640075853892735,0.4101729733603341,0.4422932352338518,5.257213320050921,1.0853052735328674,0.6015163660049438,0.6015163660049438,0.3168249726295471,0.3558642119169235,5.026355743408203,0.0962504310393017,0.8,4.747561509942998e-06,197,0.0658423999993829,12.940499300028025,5.0,5.0,0.0965139884733837,True,197,shapley-20260606T024743Z-6e742d25,shapley,baseline,A,True,True,6.0,6.0
1.2168231351034982,0.7060400077274868,0.7606244427817208,0.406888199704034,0.4421702921390533,5.292322363172259,1.0864989757537842,0.6014910936355591,0.6014910638332367,0.3168055862188339,0.3558568656444549,5.025259971618652,0.0965139884733837,0.8,4.747561509942998e-06,198,0.0637443000014172,13.00424360002944,5.0,5.0,0.0967665881895702,True,198,shapley-20260606T024743Z-6e742d25,shapley,baseline,A,True,True,6.0,6.0
1.2149434770856584,0.7049427713666644,0.759527828012194,0.4051506689616612,0.4429714722292764,5.270421096256801,1.0874448418617249,0.601462334394455,0.601462334394455,0.3167881071567535,0.3558427840471267,5.022213935852051,0.0967665881895702,0.8,4.747561509942998e-06,199,0.0647902999990037,13.069033900028444,5.0,5.0,0.0969887275480907,True,199,shapley-20260606T024743Z-6e742d25,shapley,baseline,A,True,True,6.0,6.0
1.748380320412772,1.748380320412772,1.748380320412772,0.9721860459872654,0.970242840903146,4.203543785959482,1.5326933860778809,1.5326933860778809,1.5326933860778809,0.8371782302856445,0.869393914937973,29.156542778015137,0.0,0.8,0.001,0,0.2490304999992076,0.2490304999992076,50.0,5.0,0.0,True,0,shapley-20260606T024807Z-7a0d37e1,shapley,marginal,A,True,False,0.0,0.0
1.3923531430108207,1.3923531430108207,1.3923531430108207,0.7711472085544041,0.7765074031693595,32.80430548531668,1.235772728919983,1.235772728919983,1.235772728919983,0.6812239289283752,0.6931860446929932,42.93635749816895,0.0,0.8,0.001,1,0.0645664999974542,0.3135969999966619,50.0,5.0,0.0,True,1,shapley-20260606T024807Z-7a0d37e1,shapley,marginal,A,True,False,0.0,0.0
1.1525500331606184,1.1525500331606184,1.1525500331606184,0.6355831112180438,0.646208643913269,48.83654621669224,1.041861355304718,1.041861355304718,1.041861355304718,0.5688573122024536,0.5912550389766693,55.20019721984863,0.0,0.8,0.001,2,0.0586586999997962,0.3722556999964581,50.0,5.0,0.0,True,2,shapley-20260606T024807Z-7a0d37e1,shapley,marginal,A,True,False,0.0,0.0
0.9974955320358276,0.9974955320358276,0.9974955320358276,0.5422062618391854,0.5691115685871669,58.608934129987446,0.9255383610725404,0.9255383610725404,0.925538331270218,0.5053753107786179,0.5252037644386292,62.65132522583008,0.0,0.8,0.001,3,0.0597736000017903,0.4320292999982484,50.0,5.0,0.0,True,3,shapley-20260606T024807Z-7a0d37e1,shapley,marginal,A,True,False,0.0,0.0
0.8879076838493347,0.8879076838493347,0.8879076838493347,0.4805770899568285,0.5091632306575775,63.62510190691267,0.8465758562088013,0.8465758562088013,0.8465758562088013,0.4592597484588623,0.4841451197862625,65.73571014404297,0.0,0.8,0.001,4,0.060909800002264,0.4929391000005125,50.0,5.0,0.0,True,4,shapley-20260606T024807Z-7a0d37e1,shapley,marginal,A,True,False,0.0,0.0
0.8057123933519635,0.8057123933519635,0.8057123933519635,0.4340206001486097,0.4646147191524505,65.53004128592355,0.7898597121238708,0.7898597121238708,0.7898597121238708,0.4267511516809463,0.4538857042789459,66.55516815185547,0.0,0.8,0.001,5,0.0628641999974206,0.5558032999979332,50.0,5.0,0.0,True,5,shapley-20260606T024807Z-7a0d37e1,shapley,marginal,A,True,False,0.0,0.0
0.7542018464633397,0.7542018464633397,0.754201854978289,0.4036500709397452,0.4381897066320692,66.98541477748326,0.7505260109901428,0.7505260109901428,0.7505260109901428,0.4040096998214721,0.4331453591585159,68.07373428344727,0.0,0.8,0.001,6,0.0655058999982429,0.6213091999961762,50.0,5.0,0.0,True,6,shapley-20260606T024807Z-7a0d37e1,shapley,marginal,A,True,False,0.0,0.0
0.714380042893546,0.714380042893546,0.7143800343785968,0.381467342376709,0.4161408628736223,69.0881587437221,0.7194189429283142,0.7194189429283142,0.7194188833236694,0.3846220076084137,0.4184960871934891,70.99980926513672,0.0,0.8,0.001,7,0.0617631999994046,0.6830723999955808,50.0,5.0,0.0,True,7,shapley-20260606T024807Z-7a0d37e1,shapley,marginal,A,True,False,0.0,0.0
0.6817241566521781,0.6817241566521781,0.6817241651671273,0.3612273505755833,0.4006210054670061,72.50784083775112,0.6918861865997314,0.6918861865997314,0.6918861865997314,0.3678975999355316,0.4049856960773468,73.1861457824707,0.0,0.8,0.001,8,0.0622432999989541,0.745315699994535,50.0,5.0,0.0,True,8,shapley-20260606T024807Z-7a0d37e1,shapley,marginal,A,True,False,0.0,0.0
0.6567283613341195,0.6567283613341195,0.6567283528191703,0.3464387229510716,0.3878620224339621,74.96782684326172,0.6708496510982513,0.6708496510982513,0.6708496510982513,0.3543403595685959,0.3956365883350372,76.10020446777344,0.0,0.8,0.001,9,0.0594429000011587,0.8047585999956937,50.0,5.0,0.0,True,9,shapley-20260606T024807Z-7a0d37e1,shapley,marginal,A,True,False,0.0,0.0
0.6299922210829598,0.6299922210829598,0.6299922210829598,0.3301490374973842,0.3748039730957576,78.1956547328404,0.6537944674491882,0.6537944674491882,0.6537944674491882,0.344246044754982,0.3869355320930481,79.46743392944336,0.0,0.8,0.001,10,0.0607480999969993,0.865506699992693,50.0,5.0,0.001,True,10,shapley-20260606T024807Z-7a0d37e1,shapley,marginal,A,True,False,0.0,0.0
0.6839459793908256,0.6160517930984497,0.6160517845835004,0.3227876254490444,0.3665802010468074,67.89418520246234,0.6881580054759979,0.639088898897171,0.6390888690948486,0.3360901921987533,0.3787483721971512,49.069091796875,0.001,0.8,0.001,11,0.0666498999999021,0.9321565999925951,46.1864406779661,5.0,0.002,True,11,shapley-20260606T024807Z-7a0d37e1,shapley,marginal,A,True,False,0.0,0.0
0.6868361404963902,0.6158615180424282,0.6158615095274789,0.322485544851848,0.3667199441364833,35.48731286185129,0.6874566972255707,0.6340261697769165,0.6340261697769165,0.332300454378128,0.3771571218967438,26.71526527404785,0.002,0.8,0.001,12,0.064789700001711,0.9969462999943062,42.91338582677166,5.0,0.001,True,12,shapley-20260606T024807Z-7a0d37e1,shapley,marginal,A,True,False,0.0,0.0
0.6330127375466483,0.6010328360966274,0.6010328360966274,0.3126585398401533,0.3604678639343807,31.97990199497768,0.6578631699085236,0.6203497648239136,0.620349794626236,0.3230170160531997,0.3716659545898437,37.51340293884277,0.001,0.8,0.001,13,0.0643128999981854,1.0612591999924916,40.0735294117647,5.0,0.0,True,13,shapley-20260606T024807Z-7a0d37e1,shapley,marginal,A,True,False,0.0,0.0
0.5738106199673244,0.5738106199673244,0.5738106114523751,0.2962013440472739,0.3470115874494825,43.30512619018555,0.6108526289463043,0.6108526289463043,0.6108526289463043,0.3186154514551162,0.3652964532375335,48.28089141845703,0.0,0.8,0.001,14,0.0586642000016581,1.1199233999941498,37.58620689655172,5.0,0.001,True,14,shapley-20260606T024807Z-7a0d37e1,shapley,marginal,A,True,False,0.0,0.0
0.6135261569704328,0.5652344737734113,0.5652344482285636,0.2917660559926714,0.3418354732649667,48.29166957310268,0.641993910074234,0.5990725159645081,0.5990725159645081,0.3118414729833603,0.3590387850999832,42.921382904052734,0.001,0.8,0.001,15,0.0606814000020676,1.1806047999962177,35.3896103896104,5.0,0.002,True,15,shapley-20260606T024807Z-7a0d37e1,shapley,marginal,A,True,False,0.0,0.0
0.6305590271949768,0.5573158945356097,0.5573158860206604,0.2871097581727164,0.3377576342650822,36.62156350272043,0.6504632830619812,0.5963197648525238,0.5963197648525238,0.3099762797355652,0.3579293489456177,27.071760177612305,0.002,0.8,0.001,16,0.0610943000028783,1.2416990999990958,33.435582822085884,5.0,0.001,True,16,shapley-20260606T024807Z-7a0d37e1,shapley,marginal,A,True,False,0.0,0.0
0.5833852461406163,0.556747385433742,0.556747385433742,0.2869087585381099,0.3372982782976968,26.637854167393275,0.6196851432323456,0.5924147665500641,0.5924147665500641,0.3072794079780578,0.3564192056655884,27.27035617828369,0.001,0.8,0.001,17,0.0623734000000695,1.3040724999991653,31.68604651162791,5.0,0.0,True,17,shapley-20260606T024807Z-7a0d37e1,shapley,marginal,A,True,False,0.0,0.0
0.5410377979278564,0.5410377979278564,0.5410377979278564,0.2779079164777483,0.3289123518126352,33.37000220162528,0.5851163268089294,0.5851163268089294,0.5851163268089294,0.3027520179748535,0.3529553711414337,40.08856773376465,0.0,0.8,0.001,18,0.0618290999991586,1.365901599998324,30.11049723756906,5.0,0.001,True,18,shapley-20260606T024807Z-7a0d37e1,shapley,marginal,A,True,False,0.0,0.0
0.5739164522715977,0.5320284707205636,0.5320284536906651,0.2736695749419076,0.3229485920497349,41.88798032488142,0.6173100471496582,0.5770480036735535,0.5770480036735535,0.2978424578905105,0.3490069508552551,40.26205253601074,0.001,0.8,0.001,19,0.0622879000002285,1.4281894999985525,28.684210526315788,5.0,0.002,True,19,shapley-20260606T024807Z-7a0d37e1,shapley,marginal,A,True,False,0.0,0.0
0.5996541380882263,0.528250345161983,0.5282503536769322,0.2688692850725991,0.3242263070174626,35.70188903808594,0.6314836144447327,0.5760424435138702,0.5760424435138702,0.2971398830413818,0.3486281782388687,27.720592498779297,0.002,0.8,0.001,20,0.0594844999977794,1.487673999996332,27.38693467336684,5.0,0.003,True,20,shapley-20260606T024807Z-7a0d37e1,shapley,marginal,A,True,False,0.0,0.0
0.6104611584118435,0.5366483160427639,0.5366483075278146,0.2756484278610774,0.3262498293604169,24.60427965436663,0.637030839920044,0.573990523815155,0.5739904940128326,0.2961738407611847,0.3472708016633987,21.01344490051269,0.003,0.8,0.001,21,0.0589852999983122,1.5466592999946442,26.20192307692308,5.0,0.002,True,21,shapley-20260606T024807Z-7a0d37e1,shapley,marginal,A,True,False,0.0,0.0
0.5836953435625348,0.5345375537872314,0.5345375452722821,0.2759442584855215,0.3232416127409254,24.578893661499023,0.6277214288711548,0.5732376575469971,0.5732376277446747,0.2954856604337692,0.3471899628639221,27.241878509521484,0.002,0.8,0.001,22,0.0589221999980509,1.6055814999926952,25.11520737327189,5.0,0.003,True,22,shapley-20260606T024807Z-7a0d37e1,shapley,marginal,A,True,False,0.0,0.0
0.5986010006495884,0.5164537259510585,0.5164537344660077,0.264065078326634,0.3154858223029545,27.382422310965403,0.6424704194068909,0.5669519305229187,0.5669519305229187,0.2926919013261795,0.3428249955177307,25.172828674316406,0.003,0.8,0.001,23,0.0636063999991165,1.6691878999918115,24.11504424778761,5.0,0.004,True,23,shapley-20260606T024807Z-7a0d37e1,shapley,marginal,A,True,False,0.0,0.0
0.6142089792660305,0.5235573010785239,0.5235573053359985,0.2694898843765259,0.3175842761993408,22.662919725690568,0.6423101425170898,0.564305990934372,0.564305990934372,0.2905378341674804,0.3422102034091949,19.501036643981934,0.004,0.8,0.001,24,0.0662981000023137,1.7354859999941257,23.191489361702125,5.0,0.003,True,24,shapley-20260606T024807Z-7a0d37e1,shapley,marginal,A,True,False,0.0,0.0
0.5852090716362,0.5215693882533482,0.5215694052832467,0.2678746921675546,0.3171183807509286,21.213225773402623,0.6370047628879547,0.569081038236618,0.569081038236618,0.2928900867700577,0.3452386558055877,22.64123916625977,0.003,0.8,0.001,25,0.061566500000481,1.7970524999946065,22.33606557377049,5.0,0.004,True,25,shapley-20260606T024807Z-7a0d37e1,shapley,marginal,A,True,False,0.0,0.0
0.6073684692382812,0.5148589270455497,0.5148589185306004,0.2641751638480595,0.3133546922888074,23.127384458269397,0.6476063430309296,0.5609732866287231,0.5609732866287231,0.2891936004161834,0.3397245705127716,21.658263206481934,0.004,0.8,0.001,26,0.0604810000004363,1.8575334999950428,21.541501976284582,5.0,0.005,True,26,shapley-20260606T024807Z-7a0d37e1,shapley,marginal,A,True,False,0.0,0.0
0.6192539504596165,0.5184882623808724,0.5184882708958217,0.2664565231118883,0.3150396815368107,20.15313584463937,0.6547358632087708,0.5646336674690247,0.5646336674690247,0.2915843874216079,0.3413115888833999,18.02043914794922,0.005,0.8,0.001,27,0.0587771999998949,1.9163106999949375,20.80152671755725,5.0,0.004,True,27,shapley-20260606T024807Z-7a0d37e1,shapley,marginal,A,True,False,0.0,0.0
0.5989204219409398,0.5206813727106366,0.5206813641956874,0.2667849361896515,0.3173705382006509,19.559763499668662,0.6406672298908234,0.5589391589164734,0.5589391589164734,0.2872244864702225,0.3396433442831039,20.432018280029297,0.004,0.8,0.001,28,0.0623430000014195,1.978653699996357,20.11070110701107,5.0,0.005,True,28,shapley-20260606T024807Z-7a0d37e1,shapley,marginal,A,True,False,0.0,0.0
0.6101873176438468,0.5074018793446677,0.5074018878596169,0.2604620371546064,0.3086748080594199,20.55708830697196,0.6547053754329681,0.5580008924007416,0.5580008924007416,0.2866386771202087,0.3392027467489242,19.34089946746826,0.005,0.8,0.001,29,0.062485900001775,2.0411395999981323,19.46428571428571,5.0,0.004,True,29,shapley-20260606T024807Z-7a0d37e1,shapley,marginal,A,True,False,0.0,0.0
0.5883351479257856,0.5107725943837848,0.5107725943837848,0.2616458109446934,0.311408485685076,19.39063889639718,0.6339854001998901,0.5568509995937347,0.5568509697914124,0.2870200425386429,0.3372886478900909,19.283595085144043,0.004,0.8,0.001,30,0.0585602999999537,2.099699899998086,18.858131487889278,5.0,0.005,True,30,shapley-20260606T024807Z-7a0d37e1,shapley,marginal,A,True,False,0.0,0.0
0.5998329179627555,0.5012118731226239,0.5012118560927254,0.2566983912672315,0.3056418342249734,19.72420964922224,0.6443033516407013,0.5525851845741272,0.5525851845741272,0.2840102314949035,0.3357186615467071,18.343636512756348,0.005,0.8,0.001,31,0.0622072000005573,2.1619070999986434,18.288590604026847,5.0,0.005550459087295,True,31,shapley-20260606T024807Z-7a0d37e1,shapley,marginal,A,True,False,0.0,0.0
0.6057648829051426,0.5031979169164386,0.5031979084014893,0.2575427613088062,0.3070689397198813,18.479006358555385,0.6471249163150787,0.5500584840774536,0.5500584840774536,0.2822590619325638,0.3347492516040802,17.48799991607666,0.005550459087295,0.8,0.001,32,0.0650419999983569,2.2269490999970003,17.752442996742666,5.0,0.004550459087295,True,32,shapley-20260606T024807Z-7a0d37e1,shapley,marginal,A,True,False,0.0,0.0
0.5869504298482623,0.5013419943196433,0.5013419900621686,0.2568926193884441,0.3055616957800729,18.813143593924387,0.6374258100986481,0.5498120188713074,0.5498120188713074,0.2818383723497391,0.3349670320749283,19.253830909729004,0.004550459087295,0.8,0.001,33,0.0669543000003614,2.2939033999973617,17.246835443037973,5.0,0.005550459087295,True,33,shapley-20260606T024807Z-7a0d37e1,shapley,marginal,A,True,False,0.0,0.0
0.6035637940679278,0.4969028447355543,0.4969028575079782,0.2541166480098452,0.3034827538899013,19.21660123552595,0.6496883630752563,0.5510471761226654,0.5510471761226654,0.2836645692586899,0.3342282623052597,17.77171802520752,0.005550459087295,0.8,0.001,34,0.0623372000009112,2.356240599998273,16.769230769230766,5.0,0.006550459087295,True,34,shapley-20260606T024807Z-7a0d37e1,shapley,marginal,A,True,False,0.0,0.0
0.6171364103044782,0.5040131509304047,0.5040131466729301,0.2580020810876574,0.3075138245310102,17.26951571873256,0.6555804312229156,0.5440921783447266,0.5440921783447266,0.2788754105567932,0.3315209448337555,17.019914627075195,0.006550459087295,0.8,0.001,35,0.0650672000010672,2.42130779999934,16.317365269461078,5.0,0.007550459087295,True,35,shapley-20260606T024807Z-7a0d37e1,shapley,marginal,A,True,False,0.0,0.0
0.6336989317621503,0.5065099511827741,0.5065099596977234,0.2601713751043592,0.30792321903365,16.845198495047434,0.6729738116264343,0.5461593568325043,0.5461593568325043,0.2797514349222183,0.3330099135637283,16.795592308044434,0.007550459087295,0.8,0.001,36,0.0648263000002771,2.4861340999996173,15.889212827988338,5.0,0.008550459087295,True,36,shapley-20260606T024807Z-7a0d37e1,shapley,marginal,A,True,False,0.0,0.0
0.6502928818975177,0.5101409426757267,0.5101409469332013,0.2614083609410694,0.3109157255717686,16.391159875052317,0.6813004910945892,0.5476820468902588,0.5476820468902588,0.2812911868095398,0.3329886049032211,15.627047538757324,0.008550459087295,0.8,0.001,37,0.0607834000002185,2.546917499999836,15.482954545454549,5.0,0.009550459087295,True,37,shapley-20260606T024807Z-7a0d37e1,shapley,marginal,A,True,False,0.0,0.0
0.6656066179275513,0.51777902671269,0.51777902671269,0.2677002506596701,0.3125984413283212,15.478585515703474,0.6977750957012177,0.5518323183059692,0.5518323183059692,0.2838737666606903,0.3349482119083404,15.281229496002195,0.009550459087295,0.8,0.001,38,0.0677094000020588,2.6146269000018947,15.096952908587255,5.0,0.010550459087295,True,38,shapley-20260606T024807Z-7a0d37e1,shapley,marginal,A,True,False,0.0,0.0
0.6771015439714704,0.5183438403265817,0.5183438403265817,0.2668264593396868,0.3143967177186693,15.047468049185616,0.7020150125026703,0.5504533052444458,0.5504533052444458,0.2836747467517853,0.3334732204675674,14.36541509628296,0.010550459087295,0.8,0.001,39,0.0662105999981577,2.6808375000000524,14.729729729729732,5.0,0.009550459087295,True,39,shapley-20260606T024807Z-7a0d37e1,shapley,marginal,A,True,False,0.0,0.0
0.6614364981651306,0.5176604219845363,0.5176604304994855,0.2671212724276951,0.3131739412035261,15.05436256953648,0.6934137344360352,0.5491551458835602,0.5491551160812378,0.2822746187448501,0.3336006551980972,15.104886054992676,0.009550459087295,0.8,0.001,40,0.0617756999999983,2.7426132000000507,14.379947229551448,5.0,0.010550459087295,True,40,shapley-20260606T024807Z-7a0d37e1,shapley,marginal,A,True,False,0.0,0.0
0.668495910508292,0.5084072649478912,0.5084072606904166,0.2617612608841487,0.3083074859210423,15.17361831665039,0.698772668838501,0.5479252934455872,0.5479252934455872,0.2811107039451599,0.3335182517766952,14.29770851135254,0.010550459087295,0.8,0.001,41,0.067847399997845,2.810460599997896,14.046391752577314,5.0,0.011550459087295,True,41,shapley-20260606T024807Z-7a0d37e1,shapley,marginal,A,True,False,0.0,0.0
0.6836606178964887,0.5200298173086983,0.5200298258236477,0.2689120556627001,0.3138972052506038,14.166605404445104,0.7040037214756012,0.5431027412414551,0.5431027412414551,0.2789168506860733,0.3302323669195175,13.93026876449585,0.011550459087295,0.8,0.001,42,0.0619727999983297,2.872433399996225,13.727959697733,5.0,0.012550459087295,True,42,shapley-20260606T024807Z-7a0d37e1,shapley,marginal,A,True,False,0.0,0.0
0.695907746042524,0.5196991222245353,0.5196991222245353,0.2675985097885132,0.3151257634162903,14.040013858250209,0.7247562408447266,0.5479608476161957,0.5479607880115509,0.2811798602342605,0.333476185798645,14.086766242980955,0.012550459087295,0.8,0.001,43,0.0612738999989233,2.933707299995149,13.423645320197046,5.0,0.013550459087295,True,43,shapley-20260606T024807Z-7a0d37e1,shapley,marginal,A,True,False,0.0,0.0
0.7124874762126377,0.5268259303910392,0.5268259303910392,0.2727634395871843,0.317578124148505,13.701494898114886,0.7308517098426819,0.549744188785553,0.549744188785553,0.2818424105644226,0.3348771780729294,13.365417003631592,0.013550459087295,0.8,0.001,44,0.0596632999986468,2.993370599993796,13.132530120481931,5.0,0.014550459087295,True,44,shapley-20260606T024807Z-7a0d37e1,shapley,marginal,A,True,False,0.0,0.0
0.7198441539491925,0.5273976496287754,0.5273976411138263,0.2731730767658779,0.3177806947912489,13.226146834237236,0.7357301115989685,0.5483467876911163,0.5483467876911163,0.2817979156970978,0.3331861048936844,12.878172874450684,0.014550459087295,0.8,0.001,45,0.0630830000009154,3.056453599994711,12.85377358490566,5.0,0.0147944519827452,True,45,shapley-20260606T024807Z-7a0d37e1,shapley,marginal,A,True,False,0.0,0.0
0.7262885400227138,0.5350737827164787,0.5350737742015294,0.2776806354522705,0.3217414064066751,12.92476054600307,0.7435256540775299,0.5501794815063477,0.55017951130867,0.2825246602296829,0.3345685303211212,13.068830013275146,0.0147944519827452,0.8,0.001,46,0.059390300000814,3.115843899995525,12.586605080831404,5.0,0.0157944519827452,True,46,shapley-20260606T024807Z-7a0d37e1,shapley,marginal,A,True,False,0.0,0.0
0.7338311927659171,0.5303357498986381,0.5303357413836888,0.2747435740062168,0.3194902156080518,12.88398265838623,0.7449725270271301,0.5478930771350861,0.5478930771350861,0.2819167673587799,0.3324703574180603,12.477764129638672,0.0157944519827452,0.8,0.001,47,0.0643522999998822,3.180196199995408,12.33031674208145,5.0,0.0167944519827452,True,47,shapley-20260606T024807Z-7a0d37e1,shapley,marginal,A,True,False,0.0,0.0
0.7466512748173305,0.5361476455415998,0.5361476540565491,0.2795182423932211,0.3207867528711046,12.534116744995115,0.7553130090236664,0.5476053357124329,0.5476053059101105,0.2814513295888901,0.332692489027977,12.367635726928713,0.0167944519827452,0.8,0.001,48,0.062450199999148,3.2426463999945554,12.084257206208427,5.0,0.0177944519827452,True,48,shapley-20260606T024807Z-7a0d37e1,shapley,marginal,A,True,False,0.0,0.0
0.7561133844511849,0.5338145920208522,0.5338145920208522,0.2767280723367418,0.3213581485407693,12.49258954184396,0.7575632035732269,0.5442250370979309,0.5442250370979309,0.2803773581981659,0.3298095911741256,11.989026546478271,0.0177944519827452,0.8,0.001,49,0.0650377999991178,3.307684199993673,11.847826086956523,5.0,0.0187944519827452,True,49,shapley-20260606T024807Z-7a0d37e1,shapley,marginal,A,True,False,0.0,0.0
0.765088609286717,0.5361782397542681,0.5361782227243695,0.2803333784852709,0.3198060521057674,12.17967700958252,0.7687702178955078,0.5501345098018646,0.5501345098018646,0.2835396081209183,0.3332436233758926,11.63299322128296,0.0187944519827452,0.8,0.001,50,0.061770799999067,3.3694549999927403,11.620469083155657,5.0,0.0189196933640182,True,50,shapley-20260606T024807Z-7a0d37e1,shapley,marginal,A,True,False,1.0,1.0
0.7691632849829537,0.5462376815932137,0.5462376730782645,0.2857590658324105,0.3255982654435294,11.78272805895124,0.7716422080993652,0.5532085597515106,0.5532085597515106,0.2847175300121307,0.335613802075386,11.545305728912354,0.0189196933640182,0.8,0.001,51,0.0618724999985715,3.431327499991312,11.40167364016736,5.0,0.0199196933640182,True,51,shapley-20260606T024807Z-7a0d37e1,shapley,marginal,A,True,False,1.0,1.0
0.7824900661196027,0.5466170992170062,0.5466171077319554,0.2845887882368905,0.3275353951113565,11.841194425310407,0.7716870009899139,0.5455611348152161,0.5455611348152161,0.2811685353517532,0.3304907381534576,11.351874351501465,0.0199196933640182,0.8,0.001,52,0.0649688999983482,3.49629639998966,11.190965092402465,5.0,0.0209196933640182,True,52,shapley-20260606T024807Z-7a0d37e1,shapley,marginal,A,True,False,1.0,1.0
0.7878050378390721,0.5469668337277004,0.5469668252127511,0.2850831747055053,0.3273545716490064,11.512511389596122,0.7789893746376038,0.5507029294967651,0.5507029294967651,0.2838431447744369,0.3335746973752975,10.912513732910156,0.0209196933640182,0.8,0.001,53,0.0628887000020768,3.559185099991737,10.987903225806448,5.0,0.0201657984350553,True,53,shapley-20260606T024807Z-7a0d37e1,shapley,marginal,A,True,False,1.0,1.0
0.7798093131610325,0.5458562629563468,0.545856237411499,0.2841164256845201,0.3271747614656176,11.6014769417899,0.7823342680931091,0.5513282418251038,0.5513282716274261,0.2850516438484192,0.3328457921743393,11.45533800125122,0.0201657984350553,0.8,0.001,54,0.0608749999992142,3.620060099990951,10.792079207920786,5.0,0.0211657984350553,True,54,shapley-20260606T024807Z-7a0d37e1,shapley,marginal,A,True,False,1.0,1.0
0.7912890996251788,0.5477522952216012,0.5477522781917027,0.2856074741908482,0.327681017773492,11.506147248404366,0.7723080813884735,0.5437805652618408,0.5437805652618408,0.2792835086584091,0.3306213468313217,10.79701805114746,0.0211657984350553,0.8,0.001,55,0.0594711000012466,3.679531199992198,10.603112840466927,5.0,0.0221657984350553,True,55,shapley-20260606T024807Z-7a0d37e1,shapley,marginal,A,True,False,1.0,1.0
0.7992214730807713,0.5514659115246364,0.5514659200395856,0.2882036439010075,0.3290778483663286,11.17738083430699,0.7850119471549988,0.5460208654403687,0.5460208654403687,0.2819081246852875,0.3301409035921097,10.781974792480469,0.0221657984350553,0.8,0.001,56,0.0678974000002199,3.7474285999924177,10.42065009560229,5.0,0.0231657984350553,True,56,shapley-20260606T024807Z-7a0d37e1,shapley,marginal,A,True,False,1.0,1.0
0.8108279960496085,0.5526365041732788,0.5526365041732788,0.2878287093979971,0.3310097455978393,11.145374161856514,0.7956723272800446,0.5464602112770081,0.5464602112770081,0.2809210270643234,0.3319239765405655,10.757761478424072,0.0231657984350553,0.8,0.001,57,0.0623837999992247,3.8098123999916425,10.244360902255636,5.0,0.0241657984350553,True,57,shapley-20260606T024807Z-7a0d37e1,shapley,marginal,A,True,False,1.0,1.0
0.82009528364454,0.5534424781799316,0.5534424952098301,0.2886219578129904,0.3310256600379944,11.03430584498814,0.8016963601112366,0.5462678372859955,0.5462678372859955,0.282176211476326,0.3301145285367965,10.56983518600464,0.0241657984350553,0.8,0.001,58,0.0634948000006261,3.8733071999922686,10.073937153419593,5.0,0.0251657984350553,True,58,shapley-20260606T024807Z-7a0d37e1,shapley,marginal,A,True,False,1.0,1.0
0.831673800945282,0.5580881493432182,0.5580881578581673,0.2917847079890115,0.3328793048858642,10.8713287625994,0.7993396818637848,0.5439375936985016,0.5439375638961792,0.2797399163246155,0.3302470445632934,10.148778438568115,0.0251657984350553,0.8,0.001,59,0.0624551000000792,3.935762299992348,9.909090909090908,5.0,0.0261657984350553,True,59,shapley-20260606T024807Z-7a0d37e1,shapley,marginal,A,True,False,1.0,1.0
0.8388678431510925,0.5605693118912833,0.560569303376334,0.2943625152111053,0.3327584777559553,10.63596589224679,0.8130024969577789,0.5449825823307037,0.5449825525283813,0.2803107798099518,0.3308397233486175,10.243139743804932,0.0261657984350553,0.8,0.001,60,0.061469100000977,3.997231399993325,9.749552772808585,5.0,0.0271657984350553,True,60,shapley-20260606T024807Z-7a0d37e1,shapley,marginal,A,True,False,1.0,1.0
0.847692208630698,0.5644723347255162,0.5644723347255162,0.2957662982600076,0.3358825317450932,10.42560522896903,0.8207426369190216,0.5517207384109497,0.5517207384109497,0.2851626724004745,0.3331975936889648,9.902962684631348,0.0271657984350553,0.8,0.001,61,0.0655887000029906,4.062820099996316,9.595070422535208,5.0,0.0281657984350553,True,61,shapley-20260606T024807Z-7a0d37e1,shapley,marginal,A,True,False,1.0,1.0
0.8614798358508519,0.5669080359595162,0.5669080444744655,0.2973304007734571,0.3369720365319933,10.4584926877703,0.8217985033988953,0.5514545440673828,0.5514545440673828,0.2850269228219986,0.3330345004796982,9.59830617904663,0.0281657984350553,0.8,0.001,62,0.0622204999999667,4.125040599996282,9.44540727902946,5.0,0.0291657984350553,True,62,shapley-20260606T024807Z-7a0d37e1,shapley,marginal,A,True,False,1.0,1.0
0.8695322019713265,0.5721390332494464,0.5721390417643956,0.3000159902232034,0.3401537963322231,10.19664055960519,0.8241604268550873,0.5504172444343567,0.5504172444343567,0.2839035838842392,0.3331420719623565,9.385759830474854,0.0291657984350553,0.8,0.001,63,0.0642707999977574,4.18931139999404,9.300341296928323,5.0,0.0300199837705206,True,63,shapley-20260606T024807Z-7a0d37e1,shapley,marginal,A,True,False,1.0,1.0
0.8796081457819257,0.578557014465332,0.578557014465332,0.3040078495229993,0.3431864423411233,10.028357914515905,0.8545096516609192,0.5421708226203918,0.5421708226203918,0.2796125411987304,0.3281978368759155,10.404363632202148,0.0300199837705206,0.8,0.001,64,0.0635390999996161,4.252850499993656,9.15966386554622,5.0,0.0310199837705206,True,64,shapley-20260606T024807Z-7a0d37e1,shapley,marginal,A,True,False,1.0,1.0
0.879717230796814,0.5810000470706395,0.5810000470706395,0.304364195891789,0.345794813973563,9.629830496651786,0.8376337587833405,0.5417229235172272,0.5417228937149048,0.2792515605688095,0.32808917760849,9.539361476898192,0.0310199837705206,0.8,0.001,65,0.0615548999994643,4.31440539999312,9.02317880794702,5.0,0.0320199837705206,True,65,shapley-20260606T024807Z-7a0d37e1,shapley,marginal,A,True,False,1.0,1.0
0.8937232664653233,0.5783898149217878,0.5783898319516864,0.3037094260965075,0.3433504913534437,9.848020281110491,0.8443281352519989,0.5447567105293274,0.5447567105293274,0.2819663137197494,0.3284879773855209,9.355764865875244,0.0320199837705206,0.8,0.001,66,0.063109999999142,4.377515399992262,8.890701468189235,5.0,0.0330199837705206,True,66,shapley-20260606T024807Z-7a0d37e1,shapley,marginal,A,True,False,1.0,1.0
0.8911404609680176,0.5769858275141034,0.5769858104842049,0.3047171660831996,0.3403358204024179,9.51407664162772,0.8494551777839661,0.54701828956604,0.5470182597637177,0.2832319140434265,0.3297329545021057,9.159208297729492,0.0330199837705206,0.8,0.001,67,0.0602685999983805,4.437783999990643,8.762057877813504,5.0,0.0340199837705206,True,67,shapley-20260606T024807Z-7a0d37e1,shapley,marginal,A,True,False,1.0,1.0
0.9106843641826085,0.5862381713730949,0.5862381543431964,0.3088336246354239,0.3467556706496647,9.536929539271764,0.850280374288559,0.5471620559692383,0.5471620857715607,0.2829487323760986,0.3302666842937469,8.910006999969482,0.0340199837705206,0.8,0.001,68,0.0659793999984685,4.503763399989111,8.637083993660859,5.0,0.0350199837705206,True,68,shapley-20260606T024807Z-7a0d37e1,shapley,marginal,A,True,False,1.0,1.0
0.9155810901096888,0.5906677331243243,0.5906677331243243,0.311826399394444,0.3485516692910875,9.277941840035576,0.8685692548751831,0.5564582943916321,0.5564582943916321,0.28882896900177,0.334536612033844,8.912368297576904,0.0350199837705206,0.8,0.001,69,0.0593380999998771,4.5631014999889885,8.515625,5.0,0.0360199837705206,True,69,shapley-20260606T024807Z-7a0d37e1,shapley,marginal,A,True,False,1.0,1.0
0.9337067774363926,0.6024820719446454,0.6024820719446454,0.3178831126008715,0.3557486917291368,9.195581572396415,0.8799940943717957,0.5537596344947815,0.5537596344947815,0.2878974676132202,0.3323276937007904,9.057040691375732,0.0360199837705206,0.8,0.001,70,0.0602364000005763,4.623337899989565,8.397534668721107,5.0,0.0370199837705206,True,70,shapley-20260606T024807Z-7a0d37e1,shapley,marginal,A,True,False,2.0,2.0
0.9306289979389736,0.5947223220552716,0.594722330570221,0.3144103075776781,0.3503900255475725,9.073658125741142,0.8890270888805389,0.5528311729431152,0.5528311729431152,0.2857590764760971,0.33384008705616,9.08147144317627,0.0370199837705206,0.8,0.001,71,0.0590023999975528,4.682340299987118,8.282674772036472,5.0,0.0380199837705206,True,71,shapley-20260606T024807Z-7a0d37e1,shapley,marginal,A,True,False,2.0,2.0
0.9392308507646832,0.6005628364426749,0.6005628364426749,0.3190907623086657,0.3518401001180921,8.907631737845284,0.8848269283771515,0.5538903474807739,0.5538903474807739,0.2866586446762085,0.334039643406868,8.70427942276001,0.0380199837705206,0.8,0.001,72,0.0636764999981096,4.746016799985227,8.170914542728639,5.0,0.0390199837705206,True,72,shapley-20260606T024807Z-7a0d37e1,shapley,marginal,A,True,False,2.0,2.0
0.950771084853581,0.601343171937125,0.6013431634221759,0.3182837579931531,0.3538242663655962,8.955101421901158,0.8924522399902344,0.5622304677963257,0.5622304677963257,0.2924405187368393,0.3372374027967453,8.462888717651367,0.0390199837705206,0.8,0.001,73,0.0644374000003153,4.810454199985543,8.062130177514796,5.0,0.0400199837705206,True,73,shapley-20260606T024807Z-7a0d37e1,shapley,marginal,A,True,False,2.0,2.0
0.9493649431637357,0.6043553096907479,0.6043553096907479,0.3213525755064828,0.3537534134728567,8.620933396475655,0.8673115372657776,0.5614205598831177,0.5614205598831177,0.2925710827112198,0.3360618352890014,7.64345645904541,0.0400199837705206,0.8,0.001,74,0.0671505999998771,4.87760479998542,7.956204379562045,5.0,0.0390199837705206,True,74,shapley-20260606T024807Z-7a0d37e1,shapley,marginal,A,True,False,2.0,2.0
0.9481762988226754,0.6134750332151141,0.6134750247001648,0.3254145554133824,0.3600755972521646,8.577688489641462,0.8950881361961365,0.5526734590530396,0.5526734590530396,0.2869801670312881,0.3321165889501571,8.775366306304932,0.0390199837705206,0.8,0.001,75,0.0623520999979518,4.939956899983372,7.853025936599423,5.0,0.0400199837705206,True,75,shapley-20260606T024807Z-7a0d37e1,shapley,marginal,A,True,False,2.0,2.0
0.9484297462872096,0.6039906825338092,0.6039906740188599,0.3200988599232265,0.3548647548471178,8.606676510402135,0.875363290309906,0.5539110898971558,0.5539110898971558,0.2887250632047653,0.3314825594425201,8.032291412353516,0.0400199837705206,0.8,0.001,76,0.0658428999995521,5.005799799982924,7.752489331436699,5.0,0.0410199837705206,True,76,shapley-20260606T024807Z-7a0d37e1,shapley,marginal,A,True,False,2.0,2.0
0.9626153111457824,0.6094149947166443,0.6094149947166443,0.3217370126928602,0.3595974658216749,8.610445158822197,0.8800653517246246,0.5566949844360352,0.5566949844360352,0.2896971851587295,0.3337472379207611,7.88323974609375,0.0410199837705206,0.8,0.001,77,0.0628040999981749,5.068603899981099,7.65449438202247,5.0,0.0420199837705206,True,77,shapley-20260606T024807Z-7a0d37e1,shapley,marginal,A,True,False,2.0,2.0
0.967685375894819,0.6130311403955732,0.6130311489105225,0.3263216359274728,0.3583868827138628,8.440132413591657,0.9005158245563507,0.5524774789810181,0.5524774789810181,0.286093145608902,0.3329803645610809,8.282686233520508,0.0420199837705206,0.8,0.001,78,0.062537699999666,5.131141599980765,7.558945908460473,5.0,0.0430199837705206,True,78,shapley-20260606T024807Z-7a0d37e1,shapley,marginal,A,True,False,2.0,2.0
0.9862606866019112,0.6296784366880145,0.629678453717913,0.3367819743497031,0.3661205896309444,8.288758618491036,0.9225353598594666,0.5526686608791351,0.5526686608791351,0.2871824651956558,0.33185775578022,8.59755563735962,0.0430199837705206,0.8,0.001,79,0.0611867000006896,5.192328299981455,7.465753424657535,5.0,0.0440199837705206,True,79,shapley-20260606T024807Z-7a0d37e1,shapley,marginal,A,True,False,2.0,2.0
0.9895843948636736,0.6239199127469744,0.6239199042320251,0.3317590611321585,0.3652010517460959,8.306783880506243,0.8949989676475525,0.5581426024436951,0.5581426024436951,0.2913605272769928,0.333477571606636,7.652351140975952,0.0440199837705206,0.8,0.001,80,0.0602610999994794,5.252589399980934,7.374830852503379,5.0,0.0450199837705206,True,80,shapley-20260606T024807Z-7a0d37e1,shapley,marginal,A,True,False,2.0,2.0
1.0095735447747367,0.6279464108603341,0.6279464023453849,0.3365785990442548,0.3642097541264125,8.476838656834193,0.912607729434967,0.5536545217037201,0.5536545217037201,0.288110002875328,0.3319306373596191,7.973197221755981,0.0450199837705206,0.8,0.001,81,0.0588317000001552,5.311421099981089,7.286096256684488,5.0,0.0460199837705206,True,81,shapley-20260606T024807Z-7a0d37e1,shapley,marginal,A,True,False,2.0,2.0
1.0073184626443046,0.618251621723175,0.618251621723175,0.3285547835486276,0.3621210583618709,8.454302515302386,0.9009622931480408,0.5588967204093933,0.5588966906070709,0.2900928258895874,0.3360048532485962,7.432979345321655,0.0460199837705206,0.8,0.001,82,0.0583229999974719,5.369744099978561,7.199471598414796,5.0,0.0470199837705206,True,82,shapley-20260606T024807Z-7a0d37e1,shapley,marginal,A,True,False,2.0,2.0
1.0095686401639663,0.6412859729358128,0.6412859729358128,0.3406932141099657,0.375740932566779,7.832471575055804,0.9312434196472168,0.5534218549728394,0.5534218549728394,0.2867311388254165,0.3333633840084076,8.035340547561646,0.0470199837705206,0.8,0.001,83,0.0600238000006356,5.429767899979197,7.114882506527415,5.0,0.0480199837705206,True,83,shapley-20260606T024807Z-7a0d37e1,shapley,marginal,A,True,False,2.0,2.0
1.0221823794501168,0.6403627821377346,0.6403627821377346,0.3396724164485931,0.3758629432746342,7.951264517647879,0.9391411244869232,0.5635565519332886,0.5635565519332886,0.2939736843109131,0.3369785845279693,7.821422338485718,0.0480199837705206,0.8,0.001,84,0.0591649999987566,5.488932899977954,7.032258064516128,5.0,0.0490199837705206,True,84,shapley-20260606T024807Z-7a0d37e1,shapley,marginal,A,True,False,2.0,2.0
1.0274686813354492,0.6236734560557774,0.6236734560557774,0.3296156993934086,0.367572192634855,8.237359523773193,0.9280897676944732,0.5639627277851105,0.5639627277851105,0.2947225421667099,0.336550235748291,7.428134202957153,0.0490199837705206,0.8,0.001,85,0.0593053000011423,5.548238199979096,6.951530612244902,5.0,0.0500199837705206,True,85,shapley-20260606T024807Z-7a0d37e1,shapley,marginal,A,True,False,2.0,2.0
1.033628191266741,0.648775747844151,0.648775747844151,0.3478222659655979,0.376191850219454,7.693973881857736,0.929101973772049,0.5616257190704346,0.5616257190704346,0.2928686738014221,0.3359462767839432,7.346588850021362,0.0500199837705206,0.8,0.001,86,0.0604578999991645,5.6086960999782605,6.872635561160152,5.0,0.0510199837705206,True,86,shapley-20260606T024807Z-7a0d37e1,shapley,marginal,A,True,False,2.0,2.0
1.0433683395385742,0.6502764735903058,0.6502764735903058,0.3448148199490138,0.3818270649228777,7.704664298466274,0.949454128742218,0.5618860423564911,0.5618860125541687,0.2929655462503433,0.3361506164073944,7.596397399902344,0.0510199837705206,0.8,0.001,87,0.0581974000015179,5.666893499979778,6.795511221945134,5.0,0.0520199837705206,True,87,shapley-20260606T024807Z-7a0d37e1,shapley,marginal,A,True,False,2.0,2.0
1.0533574989863803,0.655471750668117,0.6554717762129647,0.3501979964120047,0.3815922183649881,7.64870970589774,0.9417944252490996,0.5727048516273499,0.5727048516273499,0.2989504039287567,0.3421930372714996,7.095150232315064,0.0520199837705206,0.8,0.001,88,0.0585960000025806,5.725489499982359,6.720098643649813,5.0,0.0530199837705206,True,88,shapley-20260606T024807Z-7a0d37e1,shapley,marginal,A,True,False,2.0,2.0
1.0627159902027674,0.6586388690131051,0.6586388775280544,0.3509556225367954,0.3846040666103363,7.621222768511091,0.9384896159172058,0.5707744359970093,0.5707744359970093,0.2993422299623489,0.3392902463674545,6.935406923294067,0.0530199837705206,0.8,0.001,89,0.0588328000012552,5.784322299983614,6.646341463414636,5.0,0.0540199837705206,True,89,shapley-20260606T024807Z-7a0d37e1,shapley,marginal,A,True,False,2.0,2.0
1.0116335834775652,0.6055388706071037,0.6594416584287371,0.3526464743273599,0.3834939854485648,7.517490523202079,0.9516645967960358,0.5647156238555908,0.5647156238555908,0.2928415983915329,0.3398425430059433,7.163071155548096,0.0540199837705206,0.8,0.001,90,0.0695124000012583,5.853834699984873,6.57418576598311,5.0,0.0550199837705207,True,90,shapley-20260606T024807Z-7a0d37e1,shapley,marginal,A,True,True,3.0,3.0
1.0290640081678115,0.6084247061184475,0.6605377452714103,0.3527564661843436,0.3847265669277736,7.645209448678153,0.9447313845157624,0.5702732503414154,0.5702732503414154,0.2972020655870437,0.341338962316513,6.805857419967651,0.0550199837705207,0.8,0.001,91,0.0631353000026138,5.916969999987487,6.503579952267302,5.0,0.0560199837705207,True,91,shapley-20260606T024807Z-7a0d37e1,shapley,marginal,A,True,True,3.0,3.0
1.0337029354912894,0.6096311211585999,0.662785027708326,0.3527315940175737,0.3875667835984911,7.570009640284947,0.9712916016578674,0.5656233727931976,0.5656233429908752,0.2950630336999893,0.3382003903388977,7.241491556167602,0.0560199837705207,0.8,0.001,92,0.0636229999981878,5.980592999985674,6.434474616292796,5.0,0.0570199837705207,True,92,shapley-20260606T024807Z-7a0d37e1,shapley,marginal,A,True,True,3.0,3.0
1.0218117237091064,0.6203664456095014,0.6751739808491298,0.3598879022257669,0.3941075716699873,7.040431227002825,0.9647039175033568,0.567841500043869,0.5678414702415466,0.2954658567905426,0.3404695093631744,6.960058212280273,0.0570199837705207,0.8,0.001,93,0.0664721000030112,6.047065099988686,6.3668224299065415,5.0,0.0580199837705207,True,93,shapley-20260606T024807Z-7a0d37e1,shapley,marginal,A,True,True,3.0,3.0
1.0408289432525637,0.6054009710039411,0.662657116140638,0.3501565669264112,0.3906256769384656,7.504792417798724,0.9602467715740204,0.5685916841030121,0.5685916841030121,0.2958107888698578,0.3409761190414428,6.750347852706909,0.0580199837705207,0.8,0.001,94,0.0622686999995494,6.109333799988235,6.300578034682083,5.0,0.0590199837705207,True,94,shapley-20260606T024807Z-7a0d37e1,shapley,marginal,A,True,True,3.0,3.0
1.0418619768960136,0.6234013438224792,0.6773590190070016,0.3614557002271925,0.3948791325092315,7.090151854923794,0.9958953857421876,0.5770077109336853,0.5770077109336853,0.3023413568735122,0.3433329612016678,7.097387313842773,0.0590199837705207,0.8,0.001,95,0.0660104000016872,6.175344199989922,6.235697940503435,5.0,0.0600199837705207,True,95,shapley-20260606T024807Z-7a0d37e1,shapley,marginal,A,True,True,3.0,3.0
1.0428706918443953,0.6177446501595634,0.6744164313588824,0.3603481863226209,0.3925853073596954,7.083074842180524,0.9518268704414368,0.5698848962783813,0.5698848962783813,0.2969450503587723,0.3411747813224792,6.363579988479614,0.0600199837705207,0.8,0.001,96,0.0662543999969784,6.241598599986901,6.172140430351078,5.0,0.0610199837705207,True,96,shapley-20260606T024807Z-7a0d37e1,shapley,marginal,A,True,True,3.0,3.0
1.0474629402160645,0.6347543341772897,0.6902396423476083,0.3678055363042014,0.4030426272324153,6.7634992599487305,0.9880483150482178,0.5688621997833252,0.5688621699810028,0.2973029613494873,0.3394490033388138,6.86965274810791,0.0610199837705207,0.8,0.001,97,0.0623845000009168,6.303983099987818,6.109865470852014,5.0,0.0620199837705207,True,97,shapley-20260606T024807Z-7a0d37e1,shapley,marginal,A,True,True,3.0,3.0
1.0556210620062692,0.626867277281625,0.6839893460273743,0.3644461844648634,0.3994289551462446,6.913155555725098,0.9929523169994354,0.5766861438751221,0.5766861438751221,0.3014267683029175,0.3440741747617721,6.711806774139404,0.0620199837705207,0.8,0.001,98,0.0622373000005609,6.366220399988379,6.048834628190896,5.0,0.0630199837705207,True,98,shapley-20260606T024807Z-7a0d37e1,shapley,marginal,A,True,True,3.0,3.0
1.056772572653634,0.6274869016238621,0.6838670032364982,0.3645931184291839,0.3990923336574009,6.811897414071219,0.9621821641921996,0.5826363265514374,0.5826363265514374,0.3040405213832855,0.3482447415590286,6.022626638412476,0.0630199837705207,0.8,0.001,99,0.0641030999977374,6.430323499986116,5.989010989010993,5.0,0.0633561402645355,True,99,shapley-20260606T024807Z-7a0d37e1,shapley,marginal,A,True,True,3.0,3.0
1.0558308703558783,0.6288781421525138,0.6856253317424229,0.3660478464194706,0.3994718449456351,6.738931928362165,0.9944384694099426,0.5836519598960876,0.5836519598960876,0.3064619153738022,0.3464875519275665,6.483767747879028,0.0633561402645355,0.8,0.001,100,0.0631820999988121,6.493505599984928,5.930359085963005,5.0,0.0643561402645355,True,100,shapley-20260606T024807Z-7a0d37e1,shapley,marginal,A,True,True,3.0,3.0
1.0705421311514718,0.6380640608923775,0.6947430457387652,0.3711017966270447,0.4045515315873282,6.720074449266706,0.9993364810943604,0.5738468170166016,0.5738468170166016,0.2991532385349273,0.3433669358491897,6.61148476600647,0.0643561402645355,0.8,0.001,101,0.0624379000000772,6.5559434999850055,5.872844827586206,5.0,0.0653561402645355,True,101,shapley-20260606T024807Z-7a0d37e1,shapley,marginal,A,True,True,3.0,3.0
1.0767070395605904,0.6421446033886501,0.7005434462002346,0.3733417476926531,0.4090021124907902,6.649144172668457,0.9891594350337982,0.5796792507171631,0.5796792507171631,0.3027964532375335,0.3461034893989563,6.265366315841675,0.0653561402645355,0.8,0.001,102,0.0647853999980725,6.620728899983078,5.81643543223052,5.0,0.0663561402645355,True,102,shapley-20260606T024807Z-7a0d37e1,shapley,marginal,A,True,True,3.0,3.0
1.080344591821943,0.6384896721158709,0.6975188170160566,0.3709355294704437,0.4082291041101728,6.658840315682547,0.9887067675590516,0.5914368033409119,0.5914368033409119,0.3114885091781616,0.3499353677034378,5.986936092376709,0.0663561402645355,0.8,0.001,103,0.0641813000002002,6.684910199983278,5.761099365750525,5.0,0.0673561402645355,True,103,shapley-20260606T024807Z-7a0d37e1,shapley,marginal,A,True,True,3.0,3.0
1.090605480330331,0.6590466925076076,0.7161374517849514,0.3832102375371115,0.4161589954580579,6.407118729182652,1.0363667607307434,0.5842213034629822,0.5842213034629822,0.3060863316059112,0.347668707370758,6.712758541107178,0.0673561402645355,0.8,0.001,104,0.0636793000012403,6.748589499984519,5.706806282722511,5.0,0.0683561402645355,True,104,shapley-20260606T024807Z-7a0d37e1,shapley,marginal,A,True,True,3.0,3.0
1.0950423989977156,0.6551032747541156,0.7100549851145063,0.3811489003045218,0.411132595368794,6.435985224587577,1.0147044658660889,0.5891477465629578,0.5891477763652802,0.307863786816597,0.3516049981117248,6.225581645965576,0.0683561402645355,0.8,0.001,105,0.0625275000020337,6.811116999986552,5.65352697095436,5.0,0.0693561402645355,True,105,shapley-20260606T024807Z-7a0d37e1,shapley,marginal,A,True,True,3.0,3.0
1.101275546210153,0.6388904707772392,0.6994428975241525,0.3724109062126705,0.4087899880749838,6.6668218203953336,0.9873506724834442,0.5909644663333893,0.5909644663333893,0.3107758313417434,0.3502357602119446,5.715228319168091,0.0693561402645355,0.8,0.001,106,0.0660480000005918,6.877164999987144,5.601233299075027,5.0,0.0703561402645355,True,106,shapley-20260606T024807Z-7a0d37e1,shapley,marginal,A,True,True,3.0,3.0
1.101490548678807,0.6643703920500619,0.7232959015028817,0.3862599262169429,0.4212949659143175,6.212963853563581,1.025179743766785,0.5875483751296997,0.5875483751296997,0.3081898242235183,0.3491981923580169,6.220230340957642,0.0703561402645355,0.8,0.001,107,0.0731047999979637,6.950269799985108,5.549898167006106,5.0,0.0713561402645355,True,107,shapley-20260606T024807Z-7a0d37e1,shapley,marginal,A,True,True,3.0,3.0
1.1105963843209403,0.6665785993848529,0.727519052369254,0.3893479449408395,0.4227138757705688,6.222558838980539,1.0269455313682556,0.591475784778595,0.5914757549762726,0.3110008537769317,0.3505935966968536,6.102765321731567,0.0713561402645355,0.8,0.001,108,0.0690618999979051,7.019331699983013,5.499495459132191,5.0,0.0723561402645355,True,108,shapley-20260606T024807Z-7a0d37e1,shapley,marginal,A,True,True,3.0,3.0
1.120012334414891,0.6617785692214966,0.7200033153806414,0.3856050542422703,0.4179978157792772,6.333032471793039,1.0206463932991028,0.5937820971012115,0.5937821269035339,0.3126433193683624,0.3514234870672226,5.899489402770996,0.0723561402645355,0.8,0.001,109,0.066973400000279,7.086305099983292,5.450000000000003,5.0,0.0733561402645355,True,109,shapley-20260606T024807Z-7a0d37e1,shapley,marginal,A,True,True,3.0,3.0
1.10786395413535,0.6703859227044242,0.7307877881186349,0.390072362763541,0.4258942774363926,5.963755062648228,1.021370768547058,0.5872140824794769,0.5872140824794769,0.3087546825408935,0.3480742573738098,5.91847825050354,0.0733561402645355,0.8,0.001,110,0.0641398999978264,7.150444999981119,5.401387512388503,5.0,0.0743561402645355,True,110,shapley-20260606T024807Z-7a0d37e1,shapley,marginal,A,True,True,4.0,4.0
1.122992992401123,0.6627457227025714,0.722473646913256,0.3866150379180908,0.4198232463427952,6.189768382481167,1.0243083238601685,0.591718316078186,0.591718316078186,0.3106738030910492,0.3513056337833404,5.8178112506866455,0.0743561402645355,0.8,0.001,111,0.0634385000012116,7.21388349998233,5.353634577603145,5.0,0.0753561402645355,True,111,shapley-20260606T024807Z-7a0d37e1,shapley,marginal,A,True,True,4.0,4.0
1.1315559319087438,0.679301381111145,0.739289905343737,0.3944118959563119,0.4310974861894335,6.001562118530273,1.0445576310157776,0.5914993286132812,0.5914993286132812,0.3103861957788467,0.3513914346694946,6.012228012084961,0.0753561402645355,0.8,0.001,112,0.0626259000018762,7.2765093999842065,5.306718597857838,5.0,0.0763561402645355,True,112,shapley-20260606T024807Z-7a0d37e1,shapley,marginal,A,True,True,4.0,4.0
1.1399468183517456,0.6768536141940525,0.7381821530205863,0.3940144010952541,0.4302096835204533,6.064910820552281,1.0404818058013916,0.6004590392112732,0.6004590094089508,0.3170561343431473,0.3542536199092865,5.762768983840942,0.0763561402645355,0.8,0.001,113,0.0650788999992073,7.341588299983414,5.260617760617762,5.0,0.0773561402645355,True,113,shapley-20260606T024807Z-7a0d37e1,shapley,marginal,A,True,True,4.0,4.0
1.1488844837461198,0.6902411154338292,0.7480778609003339,0.4009968084948404,0.4338513016700744,5.928984846387591,1.0470341444015503,0.5973144769668579,0.5973144769668579,0.3151629269123077,0.3526894301176071,5.813626050949097,0.0773561402645355,0.8,0.001,114,0.0638517000006686,7.405439999984082,5.215311004784688,5.0,0.0783561402645355,True,114,shapley-20260606T024807Z-7a0d37e1,shapley,marginal,A,True,True,4.0,4.0
1.1653565508978707,0.6752527526446751,0.7370963777814593,0.3943047566073281,0.4284895062446594,6.2548233440944125,1.040738224983215,0.6006357073783875,0.6006357073783875,0.3166798055171966,0.3549448996782303,5.616694211959839,0.0783561402645355,0.8,0.001,115,0.0622388000010687,7.467678799985151,5.170777988614802,5.0,0.0793561402645355,True,115,shapley-20260606T024807Z-7a0d37e1,shapley,marginal,A,True,True,4.0,4.0
1.1726219654083252,0.7021377682685852,0.7650332450866699,0.4084332968507494,0.4457499299730573,5.928768702915737,1.0851306319236755,0.5971269309520721,0.5971269309520721,0.3151713609695434,0.3524444848299026,6.14953875541687,0.0793561402645355,0.8,0.001,116,0.0639420999978028,7.531620899982954,5.126999059266225,5.0,0.0803561402645355,True,116,shapley-20260606T024807Z-7a0d37e1,shapley,marginal,A,True,True,4.0,4.0
1.1599571534565516,0.6871775303568158,0.7478626114981515,0.3985191030161721,0.4366793887955801,5.8835530281066895,1.0246209502220154,0.6002960801124573,0.6002960503101349,0.3157156109809875,0.3557255566120147,5.280552864074707,0.0803561402645355,0.8,0.001,117,0.0666065000004891,7.598227399983443,5.083955223880601,5.0,0.0813561402645355,True,117,shapley-20260606T024807Z-7a0d37e1,shapley,marginal,A,True,True,4.0,4.0
1.187854187829154,0.6913383177348545,0.7512802481651306,0.4030389743191855,0.4353015805993761,6.102991853441511,1.0647620558738708,0.5993379950523376,0.5993379950523376,0.3158867806196213,0.3543140441179275,5.720823526382446,0.0813561402645355,0.8,0.001,118,0.0646040999999968,7.66283149998344,5.04162812210916,5.0,0.0823561402645355,True,118,shapley-20260606T024807Z-7a0d37e1,shapley,marginal,A,True,True,4.0,4.0
1.16432866028377,0.7022889937673297,0.7615067192486354,0.4092921955244882,0.4402681376252855,5.610263756343296,1.075469970703125,0.6040332019329071,0.6040331721305847,0.3188192993402481,0.3565173745155334,5.724366426467896,0.0823561402645355,0.8,0.001,119,0.0652589000019361,7.728090399985376,5.0,5.0,0.0833561402645355,True,119,shapley-20260606T024807Z-7a0d37e1,shapley,marginal,A,True,True,4.0,4.0
1.1800851821899414,0.7060369338308062,0.7657787544386727,0.4099673160484859,0.4447642947946276,5.687022413526263,1.0576277375221252,0.6147137880325317,0.6147137880325317,0.3242339789867401,0.3630997985601425,5.313512802124023,0.0833561402645355,0.8,0.001,120,0.0652233000000706,7.793313699985447,5.0,5.0,0.0864912682857757,True,120,shapley-20260606T024807Z-7a0d37e1,shapley,marginal,A,True,True,4.0,4.0
1.1990673882620675,0.7071041975702558,0.7692499671663556,0.4121643219675336,0.4463570373398917,5.688009738922119,1.065897822380066,0.6094944775104523,0.6094945073127747,0.3221088349819183,0.3592320382595062,5.276871919631958,0.0864912682857757,0.8,0.001,121,0.0659201999987999,7.859233899984247,5.0,5.0,0.0892599874820953,True,121,shapley-20260606T024807Z-7a0d37e1,shapley,marginal,A,True,True,4.0,4.0
1.22211754322052,0.720118590763637,0.7822356905255999,0.4194969407149723,0.453423444713865,5.62400872366769,1.0878076553344729,0.6165983378887177,0.6165983378887177,0.3257023692131042,0.3636199384927749,5.279065132141113,0.0892599874820953,0.8,0.001,122,0.068556999998691,7.927790899982938,5.0,5.0,0.0920506388035065,True,122,shapley-20260606T024807Z-7a0d37e1,shapley,marginal,A,True,True,4.0,4.0
1.2327010801860263,0.7546597974640983,0.8154173152787345,0.437565416097641,0.4723148686545236,5.193242413657052,1.1190983057022097,0.6261217296123505,0.6261217296123505,0.3320376574993133,0.367605060338974,5.355492830276489,0.0920506388035065,0.8,0.001,123,0.0665098999998008,7.994300799982739,5.0,5.0,0.0956055671062714,True,123,shapley-20260606T024807Z-7a0d37e1,shapley,marginal,A,True,True,4.0,4.0
1.2571218184062414,0.7462723170007978,0.8024606449263436,0.4352671205997467,0.4589919149875641,5.343302862984793,1.0482140183448792,0.621955394744873,0.621955394744873,0.3296126127243042,0.3654284626245498,4.4585120677948,0.0956055671062714,0.8,0.001,124,0.0706189999982598,8.064919799980999,5.0,5.0,0.0901906877842193,True,124,shapley-20260606T024807Z-7a0d37e1,shapley,marginal,A,True,True,4.0,4.0
1.2235628536769323,0.7272096616881234,0.7871496081352234,0.4229209508214678,0.4552858088697706,5.5033754621233255,1.0867393016815186,0.6270935833454132,0.6270935833454132,0.3323616981506347,0.3684148341417312,5.09637713432312,0.0901906877842193,0.8,0.001,125,0.064283499999874,8.129203299980873,5.0,5.0,0.0911544591274505,True,125,shapley-20260606T024807Z-7a0d37e1,shapley,marginal,A,True,True,4.0,4.0
1.226319364139012,0.7489675964627948,0.8087575435638428,0.4358475761754172,0.4661374432700021,5.2367353439331055,1.1041613817214966,0.6145501136779785,0.6145501136779785,0.325186476111412,0.3617045134305954,5.37122654914856,0.0911544591274505,0.8,0.0007,126,0.0710829999989073,8.20028629997978,5.0,5.0,0.0948667246189361,True,126,shapley-20260606T024807Z-7a0d37e1,shapley,marginal,A,True,True,4.0,4.0
1.2282287733895438,0.7166161366871425,0.7792990377971104,0.4175464808940887,0.452190705708095,5.392962387629917,1.0600681900978088,0.6159927845001221,0.6159927546977997,0.3259276896715164,0.3625813573598861,4.681044816970825,0.0948667246189361,0.8,0.0007,127,0.0662360999995144,8.266522399979294,5.0,5.0,0.0916771727886444,True,127,shapley-20260606T024807Z-7a0d37e1,shapley,marginal,A,True,True,4.0,4.0
1.2188009193965368,0.7403872949736459,0.8018978749002729,0.4308747351169586,0.4637789343084608,5.218459401811872,1.1146280169487,0.6132222414016724,0.6132222414016724,0.3235269337892532,0.3621191084384918,5.469254493713379,0.0916771727886444,0.8,0.0007,128,0.0703983999992488,8.336920799978543,5.0,5.0,0.0963697177257782,True,128,shapley-20260606T024807Z-7a0d37e1,shapley,marginal,A,True,True,4.0,4.0
1.2435893671853202,0.7296801294599261,0.7927005546433585,0.4254880462374006,0.45901563337871,5.332683767591204,1.075967788696289,0.62198406457901,0.62198406457901,0.3286443948745727,0.366674542427063,4.7108540534973145,0.0963697177257782,0.8,0.0007,129,0.0691394999994372,8.40606029997798,5.0,5.0,0.0934782582607513,True,129,shapley-20260606T024807Z-7a0d37e1,shapley,marginal,A,True,True,4.0,4.0
1.2208294016974313,0.7302570853914533,0.7883981892040798,0.4232236402375357,0.4564681819507054,5.247983319418771,1.0921462178230286,0.6128997206687927,0.6128997206687927,0.3240257352590561,0.3610924929380417,5.126823663711548,0.0934782582607513,0.8,0.0007,130,0.0635503000012249,8.469610599979205,5.0,5.0,0.0947464948978668,True,130,shapley-20260606T024807Z-7a0d37e1,shapley,marginal,A,True,True,5.0,5.0
1.2303341797419958,0.7329078401838031,0.7910477008138385,0.4255275045122419,0.4569002304758344,5.250076634543283,1.091949701309204,0.6177488267421722,0.6177487969398499,0.3274550437927246,0.3628672212362289,5.00494384765625,0.0947464948978668,0.8,0.00049,131,0.0638748000019404,8.533485399981146,5.0,5.0,0.0947959333744293,True,131,shapley-20260606T024807Z-7a0d37e1,shapley,marginal,A,True,True,5.0,5.0
1.22411128452846,0.7218397004263741,0.7794071521077838,0.4195947476795741,0.4497654778616769,5.298450946807861,1.0904993414878843,0.6186982095241547,0.6186982095241547,0.3275106996297836,0.3639843761920929,4.9770188331604,0.0947959333744293,0.8,0.00049,132,0.0645514999996521,8.598036899980798,5.0,5.0,0.0945661217060333,True,132,shapley-20260606T024807Z-7a0d37e1,shapley,marginal,A,True,True,5.0,5.0
1.2191864081791468,0.739883942263467,0.7955021432467869,0.4308782603059496,0.4557798504829407,5.068437371935163,1.0702252984046936,0.6163619756698608,0.6163620054721832,0.3263952285051346,0.3624584525823593,4.799428462982178,0.0945661217060333,0.8,0.00049,133,0.0666980999994848,8.664734999980283,5.0,5.0,0.0925604063358551,True,133,shapley-20260606T024807Z-7a0d37e1,shapley,marginal,A,True,True,5.0,5.0
1.2037976128714425,0.7199877841132027,0.7812101330075946,0.4170232883521488,0.4552335568836757,5.2269633156912665,1.0874277353286743,0.6131469309329987,0.6131469309329987,0.3243469148874283,0.3610000014305115,5.124013900756836,0.0925604063358551,0.8,0.00049,134,0.0669739000004483,8.731708899980731,5.0,5.0,0.0938005453434234,True,134,shapley-20260606T024807Z-7a0d37e1,shapley,marginal,A,True,True,5.0,5.0
1.2035373789923531,0.7158097965376717,0.7747925264494759,0.415397937808718,0.4492432262216295,5.19962385722569,1.0644670724868774,0.6174970865249634,0.6174970865249634,0.3275354504585266,0.3624520599842071,4.765111446380615,0.0938005453434234,0.8,0.00049,135,0.067370500000834,8.799079399981565,5.0,5.0,0.0914516598072296,True,135,shapley-20260606T024807Z-7a0d37e1,shapley,marginal,A,True,True,5.0,5.0
1.1850202083587646,0.7191718646458217,0.7790149705750602,0.4171707843031202,0.4523052317755563,5.093930040087018,1.0635380148887634,0.6089904308319092,0.6089904308319092,0.3218487352132797,0.3589271157979965,4.9703590869903564,0.0914516598072296,0.8,0.000343,136,0.0641056000022217,8.863184999983787,5.0,5.0,0.0911552506771332,True,136,shapley-20260606T024807Z-7a0d37e1,shapley,marginal,A,True,True,5.0,5.0
1.197761450495039,0.71334137235369,0.7716669610568455,0.414722591638565,0.44618045432227,5.314230987003872,1.0764923691749573,0.6060104668140411,0.6060104370117188,0.3196329772472381,0.3579718321561813,5.161325454711914,0.0911552506771332,0.8,0.000343,137,0.0655685999990964,8.928753599982883,5.0,5.0,0.0927685052242523,True,137,shapley-20260606T024807Z-7a0d37e1,shapley,marginal,A,True,True,5.0,5.0
1.199636595589774,0.7123542513166156,0.772223813193185,0.4150775798729488,0.4464327820709773,5.252670015607562,1.059370517730713,0.6058293282985687,0.6058293282985687,0.3198710829019546,0.3574477732181549,4.888956069946289,0.0927685052242523,0.8,0.000343,138,0.0727235999984259,9.00147719998131,5.0,5.0,0.0916580659237152,True,138,shapley-20260606T024807Z-7a0d37e1,shapley,marginal,A,True,True,5.0,5.0
1.2080467087881903,0.7301241159439087,0.7891706483704704,0.4236070471150534,0.4569544877324785,5.214190278734479,1.087191104888916,0.6087241172790527,0.6087241172790527,0.3218209445476532,0.3586289584636688,5.220129728317261,0.0916580659237152,0.8,0.000343,139,0.0808705999988887,9.082347799980198,5.0,5.0,0.0938593632068878,True,139,shapley-20260606T024807Z-7a0d37e1,shapley,marginal,A,True,True,5.0,5.0
1.2028585842677526,0.6890203186443874,0.7513606207711356,0.4016622006893158,0.4371230133942195,5.474555424281529,1.078197181224823,0.6077665090560913,0.6077665090560913,0.3213058859109878,0.3580757677555084,5.012080669403076,0.0938593632068878,0.8,0.000343,140,0.0927996999998868,9.175147499980085,5.0,5.0,0.0939801699009185,True,140,shapley-20260606T024807Z-7a0d37e1,shapley,marginal,A,True,True,5.0,5.0
1.2040418216160365,0.7345627120562962,0.7936911242348808,0.4279745944908687,0.4571456355707986,4.9955123492649625,1.057316541671753,0.60927414894104,0.60927414894104,0.3216209560632705,0.3595664948225021,4.767413854598999,0.0939801699009185,0.8,0.000343,141,0.0984914000000571,9.273638899980142,5.0,5.0,0.0916543084469085,True,141,shapley-20260606T024807Z-7a0d37e1,shapley,marginal,A,True,True,5.0,5.0
1.1904924937656949,0.7053808059011187,0.7649607828685215,0.4109863638877868,0.4424680088247572,5.292841366359165,1.0958444476127625,0.6061981618404388,0.6061981916427612,0.3199281990528106,0.3578374832868576,5.342316389083862,0.0916543084469085,0.8,0.000343,142,0.0901921999975456,9.363831099977688,5.0,5.0,0.0950774723377472,True,142,shapley-20260606T024807Z-7a0d37e1,shapley,marginal,A,True,True,5.0,5.0
1.2159678425107685,0.6948639239583697,0.7527060849325997,0.4037843602044241,0.4361521516527448,5.4808349609375,1.0753329992294312,0.611566424369812,0.611566424369812,0.3242254108190536,0.35917629301548,4.87777590751648,0.0950774723377472,0.8,0.000343,143,0.0702934000000823,9.43412449997777,5.0,5.0,0.093855231412912,True,143,shapley-20260606T024807Z-7a0d37e1,shapley,marginal,A,True,True,5.0,5.0
1.2207098347800118,0.7429350529398236,0.8020416923931667,0.4297924935817718,0.4653114974498749,5.090550354548863,1.079532027244568,0.6093338131904602,0.6093338131904602,0.3223456740379333,0.3587351888418197,5.009823799133301,0.093855231412912,0.8,0.000343,144,0.0651122999988729,9.499236799976645,5.0,5.0,0.093953469404245,True,144,shapley-20260606T024807Z-7a0d37e1,shapley,marginal,A,True,True,5.0,5.0
1.200082881110055,0.6950504864965167,0.7557711771556309,0.4042917106832777,0.4393493235111236,5.375345706939697,1.083802342414856,0.6087319254875183,0.6087319254875183,0.3219761997461319,0.3584446907043457,5.056443929672241,0.093953469404245,0.8,0.000343,145,0.065915600000153,9.565152399976796,5.0,5.0,0.0945179087009674,True,145,shapley-20260606T024807Z-7a0d37e1,shapley,marginal,A,True,True,5.0,5.0
1.223573889051165,0.7301292078835624,0.7887544802256993,0.4237806499004364,0.4562172847134726,5.220647607530866,1.0770146250724792,0.6081339716911316,0.6081339716911316,0.3216954618692398,0.3580481559038162,4.960759878158569,0.0945179087009674,0.8,0.0002400999999999,146,0.062045599999692,9.627197999976488,5.0,5.0,0.0941255074825531,True,146,shapley-20260606T024807Z-7a0d37e1,shapley,marginal,A,True,True,5.0,5.0
1.2037158863885062,0.7106573155948094,0.771696754864284,0.4136079336915697,0.4476110211440495,5.238309792109898,1.0895860195159912,0.6071576476097107,0.6071576476097107,0.3206026554107666,0.3581936955451965,5.125373363494873,0.0941255074825531,0.8,0.0002400999999999,147,0.063205000002199,9.690402999978687,5.0,5.0,0.0953792411175018,True,147,shapley-20260606T024807Z-7a0d37e1,shapley,marginal,A,True,True,5.0,5.0
1.2211303200040544,0.7146735531943185,0.7747886266027179,0.414175237928118,0.4507667507444109,5.30992671421596,1.0865461826324463,0.6066941320896149,0.6066941022872925,0.3201765567064285,0.358146920800209,5.030990362167358,0.0953792411175018,0.8,0.0002400999999999,148,0.0636931000008189,9.754096099979506,5.0,5.0,0.0956891447391754,True,148,shapley-20260606T024807Z-7a0d37e1,shapley,marginal,A,True,True,5.0,5.0
1.2137699127197266,0.7151933567864555,0.7754095877919879,0.415850784097399,0.4494484833308628,5.210377284458706,1.0776163935661316,0.6048920750617981,0.6048920750617981,0.3192577511072159,0.3570429235696792,4.940208435058594,0.0956891447391754,0.8,0.0002400999999999,149,0.0650262000017392,9.819122299981244,5.0,5.0,0.0950912290897613,True,149,shapley-20260606T024807Z-7a0d37e1,shapley,marginal,A,True,True,5.0,5.0
1.210542048726763,0.7187303389821734,0.7783874613898141,0.4173166113240378,0.4513385721615383,5.171998841421945,1.0869572758674622,0.6068026423454285,0.6068026423454285,0.3203540444374084,0.358060747385025,5.049409627914429,0.0950912290897613,0.8,0.0002400999999999,150,0.0639348000004247,9.88305709998167,5.0,5.0,0.0955853253689056,True,150,shapley-20260606T024807Z-7a0d37e1,shapley,marginal,A,True,True,5.0,5.0
1.1960755756923132,0.6939971702439445,0.754802235535213,0.4048588573932647,0.4374292152268546,5.252672467912946,1.086800992488861,0.6100015044212341,0.6100015044212341,0.3224434405565262,0.359447568655014,4.988208293914795,0.0955853253689056,0.8,0.0001680699999999,151,0.0672124000011535,9.950269499982824,5.0,5.0,0.0954674083080535,True,151,shapley-20260606T024807Z-7a0d37e1,shapley,marginal,A,True,True,5.0,5.0
1.206813131059919,0.7164322733879089,0.778965175151825,0.4162647085530417,0.453375586441585,5.136630875723703,1.0755038261413574,0.6068934798240662,0.6068934798240662,0.3205982446670532,0.3578690141439438,4.908590078353882,0.0954674083080535,0.8,0.0001680699999999,152,0.0655074999995122,10.015776999982336,5.0,5.0,0.0945533090915924,True,152,shapley-20260606T024807Z-7a0d37e1,shapley,marginal,A,True,True,5.0,5.0
1.1975204944610596,0.7065320100103106,0.7684012225696019,0.4110124196325029,0.4467359908989498,5.19271605355399,1.0809366703033447,0.6049707531929016,0.6049707233905792,0.3192193359136581,0.3571892231702804,5.033836603164673,0.0945533090915924,0.8,0.0001680699999999,153,0.0621238999992783,10.077900899981614,5.0,5.0,0.0948916751232391,True,153,shapley-20260606T024807Z-7a0d37e1,shapley,marginal,A,True,True,5.0,5.0
1.2033365624291557,0.707192233630589,0.7670938117163522,0.4109704324177333,0.4451542326382228,5.228533744812012,1.076304852962494,0.6067607402801514,0.6067607402801514,0.3202432096004486,0.3581469058990478,4.948211908340454,0.0948916751232391,0.8,0.0001680699999999,154,0.0648234999971464,10.14272439997876,5.0,5.0,0.0943737942066436,True,154,shapley-20260606T024807Z-7a0d37e1,shapley,marginal,A,True,True,5.0,5.0
1.195776837212699,0.7096290673528399,0.7717886652265277,0.4129982505525861,0.4484879970550537,5.151300362178257,1.0713590383529663,0.6076960265636444,0.607695996761322,0.3211202323436737,0.3582196980714798,4.913048267364502,0.0943737942066436,0.8,0.0001680699999999,155,0.0726954999990994,10.21541989997786,5.0,5.0,0.0935042768802886,True,155,shapley-20260606T024807Z-7a0d37e1,shapley,marginal,A,True,True,5.0,5.0
1.1959491286958968,0.7142680713108608,0.7749576398304531,0.4157465313162122,0.4490138675485338,5.151433263506208,1.071012020111084,0.6058937609195709,0.6058937609195709,0.3199261128902435,0.357459545135498,4.974298477172852,0.0935042768802886,0.8,0.0001176489999999,156,0.0643836999988707,10.27980359997673,5.0,5.0,0.0932472616520172,True,156,shapley-20260606T024807Z-7a0d37e1,shapley,marginal,A,True,True,5.0,5.0
1.2001097372600011,0.7069298539842878,0.771316042968205,0.410658061504364,0.450822468314852,5.288947786603655,1.0809018015861511,0.6039093434810638,0.6039093434810638,0.31838059425354,0.3569109588861465,5.115350723266602,0.0932472616520172,0.8,0.0001176489999999,157,0.0626364999989164,10.342440099975647,5.0,5.0,0.0944007688846832,True,157,shapley-20260606T024807Z-7a0d37e1,shapley,marginal,A,True,True,5.0,5.0
1.196720974785941,0.6939691305160522,0.7548616698810032,0.4047407124723707,0.4376511786665235,5.325717857905796,1.081039309501648,0.6037244498729706,0.6037243902683258,0.3180922269821167,0.357040211558342,5.056260347366333,0.0944007688846832,0.8,0.0001176489999999,158,0.0627853000005416,10.405225399976189,5.0,5.0,0.0949633723583465,True,158,shapley-20260606T024807Z-7a0d37e1,shapley,marginal,A,True,True,5.0,5.0
1.1956819636481149,0.6977829933166504,0.7569739137377057,0.4059998478208269,0.4387175781386239,5.243063449859619,1.0714781284332275,0.603717029094696,0.603717029094696,0.318122535943985,0.356993094086647,4.925699949264526,0.0949633723583465,0.8,0.0001176489999999,159,0.0629960000005667,10.468221399976755,5.0,5.0,0.0942203718509918,True,159,shapley-20260606T024807Z-7a0d37e1,shapley,marginal,A,True,True,5.0,5.0
1.1887232235499792,0.7045059714998517,0.7642192925725665,0.4095711026872907,0.4433102352278573,5.139199256896973,1.067855179309845,0.6038165390491486,0.6038165092468262,0.3182177245616913,0.3569984883069992,4.925035238265991,0.0942203718509918,0.8,0.0001176489999999,160,0.0642095000002882,10.532430899977044,5.0,5.0,0.0934707242336517,True,160,shapley-20260606T024807Z-7a0d37e1,shapley,marginal,A,True,True,5.0,5.0
1.1990411962781633,0.7119428515434265,0.7732977781976972,0.4131137090069907,0.4502300747803279,5.211239678519113,1.0716119408607483,0.6032242774963379,0.6032242774963379,0.3179370015859604,0.356609046459198,5.01106333732605,0.0934707242336517,0.8,8.235429999999999e-05,161,0.0621553999990283,10.594586299976072,5.0,5.0,0.0935813576069122,True,161,shapley-20260606T024807Z-7a0d37e1,shapley,marginal,A,True,True,5.0,5.0
1.187362211091178,0.6933730414935521,0.7556636844362531,0.4034663523946489,0.4402466586657932,5.278713362557547,1.0775514841079712,0.6018299758434296,0.6018299758434296,0.317089170217514,0.3559260070323944,5.083507299423218,0.0935813576069122,0.8,8.235429999999999e-05,162,0.0651305999999749,10.659716899976049,5.0,5.0,0.0944164306011444,True,162,shapley-20260606T024807Z-7a0d37e1,shapley,marginal,A,True,True,5.0,5.0
1.1987497806549072,0.697424020086016,0.75960225718362,0.4063354688031332,0.4415834886687143,5.309730052947998,1.078400731086731,0.6019375026226044,0.6019375324249268,0.3170793056488037,0.3560727387666702,5.046401739120483,0.0944164306011444,0.8,8.235429999999999e-05,163,0.0661306000001786,10.725847499976226,5.0,5.0,0.0948804479923492,True,163,shapley-20260606T024807Z-7a0d37e1,shapley,marginal,A,True,True,5.0,5.0
1.1899422236851285,0.691408063684191,0.7545033523014614,0.4016964137554168,0.4410086742469242,5.254340376172747,1.0781459212303162,0.6026526391506195,0.6026526689529419,0.3174804002046585,0.3564652949571609,5.011499404907227,0.0948804479923492,0.8,8.235429999999999e-05,164,0.0675808000014512,10.793428299977675,5.0,5.0,0.0949954420414214,True,164,shapley-20260606T024807Z-7a0d37e1,shapley,marginal,A,True,True,5.0,5.0
1.1955193962369646,0.7011935540607998,0.7624276450702122,0.4072555857045309,0.4439650774002075,5.2036799022129605,1.0758973360061646,0.6030859053134918,0.6030859053134918,0.3178760707378387,0.3565122932195663,4.977201461791992,0.0949954420414214,0.8,8.235429999999999e-05,165,0.0660081000023637,10.85943639998004,5.0,5.0,0.0947674566593414,True,165,shapley-20260606T024807Z-7a0d37e1,shapley,marginal,A,True,True,5.0,5.0
1.1966407809938704,0.7054910319192069,0.7655373811721802,0.4106051198073795,0.4436653000967843,5.182683399745396,1.074311375617981,0.6031062006950378,0.6031062006950378,0.3179303109645843,0.3564698696136474,4.972225427627564,0.0947674566593414,0.8,5.764800999999999e-05,166,0.0688770999986445,10.928313499978684,5.0,5.0,0.094489710935617,True,166,shapley-20260606T024807Z-7a0d37e1,shapley,marginal,A,True,True,5.0,5.0
1.1887966564723425,0.696422917502267,0.7570249012538365,0.4045356171471732,0.4406115923609052,5.210871696472168,1.0743660926818848,0.6028490662574768,0.6028490662574768,0.3176867365837097,0.3564529120922088,4.990141868591309,0.094489710935617,0.8,5.764800999999999e-05,167,0.065232000000833,10.993545499979518,5.0,5.0,0.0943911296215301,True,167,shapley-20260606T024807Z-7a0d37e1,shapley,marginal,A,True,True,5.0,5.0
1.1912511416843958,0.7012486628123692,0.7615094355174473,0.4075891545840672,0.4424003447805132,5.191191877637591,1.0732805132865906,0.6028142273426056,0.6028141677379608,0.3176288157701492,0.3564817011356354,4.98422122001648,0.0943911296215301,0.8,5.764800999999999e-05,168,0.066076899998734,11.059622399978252,5.0,5.0,0.0942333418216949,True,168,shapley-20260606T024807Z-7a0d37e1,shapley,marginal,A,True,True,5.0,5.0
1.1888869319643294,0.6978525008474078,0.7565971953528268,0.4066617829459054,0.4374192655086517,5.21083538872855,1.074588418006897,0.6028406918048859,0.6028406918048859,0.3176516890525818,0.3564862459897995,5.0061657428741455,0.0942333418216949,0.8,5.764800999999999e-05,169,0.0652923999987251,11.124914799976978,5.0,5.0,0.0942949992504363,True,169,shapley-20260606T024807Z-7a0d37e1,shapley,marginal,A,True,True,5.0,5.0
1.1963602134159632,0.701865656035287,0.760725234236036,0.4067787655762264,0.4424330847603934,5.244122573307583,1.0770980715751648,0.6027088463306427,0.6027087867259979,0.3175244331359863,0.3564804345369339,5.030905246734619,0.0942949992504363,0.8,5.764800999999999e-05,170,0.0645822000005864,11.189496999977564,5.0,5.0,0.0946040517177825,True,170,shapley-20260606T024807Z-7a0d37e1,shapley,marginal,A,True,True,6.0,6.0
1.192794782774789,0.695500808102744,0.756172171660832,0.403240157025201,0.4411650044577462,5.2565821920122415,1.077482044696808,0.6026116609573364,0.6026116609573364,0.3175094574689865,0.3563777357339859,5.019556283950806,0.0946040517177825,0.8,4.035360699999999e-05,171,0.0648737000010442,11.254370699978608,5.0,5.0,0.0947996145572906,True,171,shapley-20260606T024807Z-7a0d37e1,shapley,marginal,A,True,True,6.0,6.0
1.1952592645372664,0.7002736159733364,0.7595395360674176,0.4068456590175628,0.4408673558916364,5.221388612474714,1.0758628845214844,0.6023816764354706,0.6023817360401154,0.3174425661563873,0.3561739325523376,4.994548082351685,0.0947996145572906,0.8,4.035360699999999e-05,172,0.0666810000002442,11.321051699978852,5.0,5.0,0.0947450953808074,True,172,shapley-20260606T024807Z-7a0d37e1,shapley,marginal,A,True,True,6.0,6.0
1.1905030182429723,0.6988473875182015,0.7553212642669678,0.4041581281593868,0.4389539318425314,5.189246450151716,1.0718679428100586,0.602332353591919,0.602332353591919,0.3175334185361862,0.3559986799955368,4.955777883529663,0.0947450953808074,0.8,4.035360699999999e-05,173,0.0726279000009526,11.393679599979803,5.0,5.0,0.0943028742161041,True,173,shapley-20260606T024807Z-7a0d37e1,shapley,marginal,A,True,True,6.0,6.0
1.2036444970539637,0.7129459721701485,0.7720414400100708,0.4117305278778076,0.4503886146204812,5.203431061335972,1.0684952139854431,0.6022785604000092,0.6022785902023315,0.3176014870405197,0.3558463752269745,4.943822145462036,0.0943028742161041,0.8,4.035360699999999e-05,174,0.067332599999645,11.46101219997945,5.0,5.0,0.0937410956707244,True,174,shapley-20260606T024807Z-7a0d37e1,shapley,marginal,A,True,True,6.0,6.0
1.1975195407867432,0.7087856871741158,0.7659527063369751,0.4120055394513266,0.4424339618001665,5.213656493595669,1.0693430304527285,0.6017855107784271,0.6017855405807495,0.3172066658735275,0.3557235598564148,4.987753629684448,0.0937410956707244,0.8,4.035360699999999e-05,175,0.0634601000019756,11.524472299981426,5.0,5.0,0.0936186319675689,True,175,shapley-20260606T024807Z-7a0d37e1,shapley,marginal,A,True,True,6.0,6.0
1.196482811655317,0.7041109119142804,0.7629843098776681,0.4078071159975869,0.4439714763845716,5.259336471557617,1.0718417167663574,0.6015658378601074,0.601565808057785,0.316960409283638,0.3557567596435547,5.023315191268921,0.0936186319675689,0.8,2.8247524899999997e-05,176,0.0664815000018279,11.590953799983254,5.0,5.0,0.0938517838802581,True,176,shapley-20260606T024807Z-7a0d37e1,shapley,marginal,A,True,True,6.0,6.0
1.1934837102890017,0.6979111433029175,0.7556472080094474,0.4047432669571468,0.4386299124785832,5.280374390738351,1.0741998553276062,0.6015400290489197,0.6015400290489197,0.3168845921754837,0.3558193147182464,5.036237001419067,0.0938517838802581,0.8,2.8247524899999997e-05,177,0.0699136000002909,11.660867399983545,5.0,5.0,0.0942141538944488,True,177,shapley-20260606T024807Z-7a0d37e1,shapley,marginal,A,True,True,6.0,6.0
1.1963578803198678,0.6996840749468122,0.758716310773577,0.4047289064952305,0.44248423406056,5.271753651755197,1.076721429824829,0.6014670133590698,0.6014670133590698,0.3168274015188217,0.3557994961738586,5.044405937194824,0.0942141538944488,0.8,2.8247524899999997e-05,178,0.0662374000021372,11.727104799985682,5.0,5.0,0.094658213266397,True,178,shapley-20260606T024807Z-7a0d37e1,shapley,marginal,A,True,True,6.0,6.0
1.1959691899163385,0.6967995762825012,0.7543494616236005,0.4039102366992405,0.4380490098680769,5.273389475686209,1.0790048241615295,0.6013742685317993,0.6013742685317993,0.3167530000209808,0.3557765930891037,5.045843839645386,0.094658213266397,0.8,2.8247524899999997e-05,179,0.063264500000514,11.790369299986196,5.0,5.0,0.0951166516628509,True,179,shapley-20260606T024807Z-7a0d37e1,shapley,marginal,A,True,True,6.0,6.0
1.2114290169307165,0.709094592503139,0.7726431914738247,0.409822268145425,0.4535261350018637,5.281245844704764,1.0801233053207395,0.6013890504837036,0.6013890504837036,0.3168167918920517,0.3557153046131134,5.033127784729004,0.0951166516628509,0.8,2.8247524899999997e-05,180,0.0698988000003737,11.86026809998657,5.0,5.0,0.0954479295101409,True,180,shapley-20260606T024807Z-7a0d37e1,shapley,marginal,A,True,True,6.0,6.0
1.199148348399571,0.6999578646251133,0.7563042896134513,0.4061417877674103,0.4377031113420214,5.22997692653111,1.0800610780715942,0.6012932360172272,0.6012932360172272,0.3168220221996307,0.3555889874696731,5.016011476516724,0.0954479295101409,0.8,1.9773267429999995e-05,181,0.0652765999984694,11.92554469998504,5.0,5.0,0.0956080442753082,True,181,shapley-20260606T024807Z-7a0d37e1,shapley,marginal,A,True,True,6.0,6.0
1.206851874079023,0.7076009426798139,0.765910974570683,0.4095956214836665,0.4453941796507154,5.221850872039795,1.0803681015968325,0.601391077041626,0.6013911068439484,0.3169030100107193,0.3556101024150848,5.009798288345337,0.0956080442753082,0.8,1.9773267429999995e-05,182,0.0642432999993616,11.9897879999844,5.0,5.0,0.0957060271587615,True,182,shapley-20260606T024807Z-7a0d37e1,shapley,marginal,A,True,True,6.0,6.0
1.214157053402492,0.7121169311659676,0.7692192367144993,0.4128860746111188,0.4454164377280644,5.245647771017892,1.0796558260917664,0.601535975933075,0.6015360057353973,0.3170171678066253,0.3556485176086426,4.995712995529175,0.0957060271587615,0.8,1.9773267429999995e-05,183,0.0633863999973982,12.0531743999818,5.0,5.0,0.0956631571140533,True,183,shapley-20260606T024807Z-7a0d37e1,shapley,marginal,A,True,True,6.0,6.0
1.2049069234303065,0.7065407974379403,0.7641698632921491,0.4093775153160095,0.443490411554064,5.209592955453055,1.0793642401695251,0.601617306470871,0.601617306470871,0.3170683085918426,0.3556862622499466,4.99405312538147,0.0956631571140533,0.8,1.9773267429999995e-05,184,0.0657095999995363,12.118883999981335,5.0,5.0,0.095603688367868,True,184,shapley-20260606T024807Z-7a0d37e1,shapley,marginal,A,True,True,6.0,6.0
1.216894371168954,0.715620117528098,0.7717543499810355,0.413588285446167,0.4477075721536364,5.24325214113508,1.0803014636039734,0.6017224788665771,0.6017224788665771,0.3171297907829284,0.3557408452033996,5.005863428115845,0.095603688367868,0.8,1.9773267429999995e-05,185,0.0704576999996788,12.189341699981014,5.0,5.0,0.0956623226490264,True,185,shapley-20260606T024807Z-7a0d37e1,shapley,marginal,A,True,True,6.0,6.0
1.1960535560335432,0.6945382356643677,0.752946777003152,0.4019339808395931,0.4387659898826054,5.242558479309082,1.081082105636597,0.6016979813575745,0.6016979813575745,0.3171241283416748,0.3557173013687134,5.011211156845093,0.0956623226490264,0.8,1.3841287200999995e-05,186,0.0671440999976766,12.256485799978693,5.0,5.0,0.0957744342174773,True,186,shapley-20260606T024807Z-7a0d37e1,shapley,marginal,A,True,True,6.0,6.0
1.196375608444214,0.6930851340293884,0.7534697822162083,0.4010934957436153,0.4404703506401607,5.254956177302769,1.079791247844696,0.6017933487892151,0.6017933785915375,0.3171832859516144,0.3557626157999038,4.9908716678619385,0.0957744342174773,0.8,1.3841287200999995e-05,187,0.0656034999992698,12.32208929997796,5.0,5.0,0.0956831508960967,True,187,shapley-20260606T024807Z-7a0d37e1,shapley,marginal,A,True,True,6.0,6.0
1.1936988489968436,0.6931881989751544,0.7515665718487331,0.4021175674029759,0.4368112257548741,5.230917385646275,1.0779995322227478,0.6017788350582123,0.6017788350582123,0.3171748071908951,0.3557550460100174,4.9770588874816895,0.0956831508960967,0.8,1.3841287200999995e-05,188,0.0643295000008947,12.386418799978856,5.0,5.0,0.0954537397709136,True,188,shapley-20260606T024807Z-7a0d37e1,shapley,marginal,A,True,True,6.0,6.0
1.2040925877434867,0.7096700838633946,0.7680710554122925,0.4108472509043557,0.4465297588280269,5.179708072117397,1.0755016207695007,0.601725310087204,0.6017252802848816,0.3171493858098984,0.3557198792695999,4.963413238525391,0.0954537397709136,0.8,1.3841287200999995e-05,189,0.0729286999994656,12.45934749997832,5.0,5.0,0.0950878721561675,True,189,shapley-20260606T024807Z-7a0d37e1,shapley,marginal,A,True,True,6.0,6.0
1.2094473668507166,0.7158192992210388,0.7732640845435006,0.4136260577610561,0.4495475164481571,5.191283021654401,1.0739912390708923,0.6015975177288055,0.6015975177288055,0.3170641809701919,0.3556666523218155,4.967970371246338,0.0950878721561675,0.8,1.3841287200999995e-05,190,0.0670449999997799,12.5263924999781,5.0,5.0,0.0947675758686309,True,190,shapley-20260606T024807Z-7a0d37e1,shapley,marginal,A,True,True,6.0,6.0
1.1928894179207938,0.6992329103606088,0.7568852135113308,0.4067694459642683,0.4376446945326669,5.209128720419748,1.0737293362617493,0.6014362573623657,0.6014362573623657,0.316945344209671,0.3556136339902878,4.983698844909668,0.0947675758686309,0.8,1.3841287200999995e-05,191,0.0696020999967004,12.595994599974802,5.0,5.0,0.0946045643177276,True,191,shapley-20260606T024807Z-7a0d37e1,shapley,marginal,A,True,True,6.0,6.0
1.1866020475115096,0.693141153880528,0.7501666290419442,0.4023074379989079,0.4348239856106894,5.216036455971854,1.073142170906067,0.6014804840087891,0.6014804840087891,0.3169720768928528,0.3556354939937591,4.985612154006958,0.0946045643177276,0.8,1.3841287200999995e-05,192,0.0690817000031529,12.665076299977954,5.0,5.0,0.0944606858577972,True,192,shapley-20260606T024807Z-7a0d37e1,shapley,marginal,A,True,True,6.0,6.0
1.1890910352979387,0.6969272068568638,0.7560250844274249,0.4046867532389505,0.4391729022775377,5.210250309535435,1.0717076063156128,0.6014913022518158,0.6014913022518158,0.3169870525598526,0.3556303083896637,4.977904796600342,0.0944606858577972,0.8,9.688901040699997e-06,193,0.0677732000003743,12.732849499978329,5.0,5.0,0.0942397338238006,True,193,shapley-20260606T024807Z-7a0d37e1,shapley,marginal,A,True,True,6.0,6.0
1.2007741246904646,0.708531745842525,0.7681409631456647,0.4095401338168553,0.4482510302747999,5.223299435206822,1.07028329372406,0.6014432013034821,0.6014432013034821,0.3169633597135544,0.3555997908115387,4.974972486495972,0.0942397338238006,0.8,9.688901040699997e-06,194,0.0657247999988612,12.79857429997719,5.0,5.0,0.0939894586887603,True,194,shapley-20260606T024807Z-7a0d37e1,shapley,marginal,A,True,True,6.0,6.0
1.1920853001730782,0.7020271420478821,0.7599221893719265,0.4054955967835018,0.4430332396711622,5.213969162532261,1.0696593523025513,0.6013631224632263,0.6013631224632263,0.3169311136007309,0.3555399924516678,4.982433080673218,0.0939894586887603,0.8,9.688901040699997e-06,195,0.0628668999997899,12.86144119997698,5.0,5.0,0.0938137894954925,True,195,shapley-20260606T024807Z-7a0d37e1,shapley,marginal,A,True,True,6.0,6.0
1.1910508189882552,0.7002994843891689,0.7589442389351981,0.404517195054463,0.4430337846279144,5.23112119947161,1.0695434212684631,0.6012714207172394,0.6012714207172394,0.3168844133615494,0.3554837703704834,4.991504907608032,0.0938137894954925,0.8,9.688901040699997e-06,196,0.0657656000003044,12.927206799977284,5.0,5.0,0.0937288385715728,True,196,shapley-20260606T024807Z-7a0d37e1,shapley,marginal,A,True,True,6.0,6.0
1.193539994103568,0.7039670859064374,0.7620803117752075,0.4065251478127071,0.4444439453738076,5.22328976222447,1.0700830221176147,0.6012033224105835,0.6012033224105835,0.316847950220108,0.3554442077875137,5.002512454986572,0.0937288385715728,0.8,9.688901040699997e-06,197,0.0721928000020852,12.99939959997937,5.0,5.0,0.0937539631214386,True,197,shapley-20260606T024807Z-7a0d37e1,shapley,marginal,A,True,True,6.0,6.0
1.1845403909683228,0.6930117351668221,0.7509461300713676,0.4003682093960898,0.4382223955222538,5.242750780923026,1.0706583261489868,0.6011898815631866,0.6011898219585419,0.3168382048606872,0.35543954372406,5.00745153427124,0.0937539631214386,0.8,6.782230728489997e-06,198,0.0692554999986896,13.06865509997806,5.0,5.0,0.093828478464151,True,198,shapley-20260606T024807Z-7a0d37e1,shapley,marginal,A,True,True,6.0,6.0
1.1876105581011092,0.6977443269320897,0.7540221810340881,0.4044001528194972,0.4370275352682386,5.2208694730486185,1.071208894252777,0.601217657327652,0.601217657327652,0.3168498277664184,0.3554597496986389,5.009046792984009,0.093828478464151,0.8,6.782230728489997e-06,199,0.0729131000007328,13.141568199978792,5.0,5.0,0.093918946393991,True,199,shapley-20260606T024807Z-7a0d37e1,shapley,marginal,A,True,True,6.0,6.0
1.7490708998271398,1.7490708998271398,1.7490709168570382,0.9769116554941448,0.9651991043772016,4.316218088780131,1.5590893626213074,1.5590893626213074,1.5590893030166626,0.8541750907897949,0.8811428248882294,23.294909477233887,0.0,0.8,0.001,0,0.2544675000026473,0.2544675000026473,50.0,5.0,0.0,True,0,shapley-20260606T024831Z-1670e62a,shapley,conditional,A,True,False,0.0,0.0
1.394875202860151,1.394875202860151,1.394875202860151,0.7742318766457694,0.7758041194507054,31.583397729056223,1.226809322834015,1.226809322834015,1.22680926322937,0.6803147792816162,0.6831181645393372,45.73036575317383,0.0,0.8,0.001,1,0.0641670000004523,0.3186345000030997,50.0,5.0,0.0,True,1,shapley-20260606T024831Z-1670e62a,shapley,conditional,A,True,False,0.0,0.0
1.1507175139018468,1.1507175139018468,1.1507175139018468,0.6365378754479545,0.6427245565823146,47.56485857282366,1.064867913722992,1.064867913722992,1.0648679733276367,0.5901567041873932,0.5933890342712402,49.89380645751953,0.0,0.8,0.001,2,0.0610797999979695,0.3797143000010692,50.0,5.0,0.0,True,2,shapley-20260606T024831Z-1670e62a,shapley,conditional,A,True,False,0.0,0.0
1.0112281015941076,1.0112281015941076,1.0112280760492598,0.5588470101356506,0.5654763494219098,53.36774117606027,0.9587043523788452,0.9587043523788452,0.9587042927742004,0.5262101590633392,0.5406176745891571,57.20067024230957,0.0,0.8,0.001,3,0.0638815999991493,0.4435959000002185,50.0,5.0,0.0,True,3,shapley-20260606T024831Z-1670e62a,shapley,conditional,A,True,False,0.0,0.0
0.9238160422870092,0.9238160422870092,0.9238160508019584,0.5046509078570774,0.5239564222948891,59.7117543901716,0.8809385001659393,0.8809385001659393,0.8809385299682617,0.479739710688591,0.5014985054731369,61.90097618103027,0.0,0.8,0.001,4,0.0604951999994227,0.5040910999996413,50.0,5.0,0.0,True,4,shapley-20260606T024831Z-1670e62a,shapley,conditional,A,True,False,0.0,0.0
0.8414505124092102,0.8414505124092102,0.8414505209241595,0.4550293896879469,0.4830263980797359,65.41061619349888,0.8195118010044098,0.8195118010044098,0.8195118010044098,0.4426720291376114,0.4710496962070465,65.92496871948242,0.0,0.8,0.001,5,0.0633474999995087,0.56743859999915,50.0,5.0,0.0,True,5,shapley-20260606T024831Z-1670e62a,shapley,conditional,A,True,False,0.0,0.0
0.7794678722109113,0.7794678722109113,0.7794678807258606,0.4173307376248495,0.4526714256831577,69.57337188720703,0.7663419544696808,0.7663419544696808,0.7663419246673584,0.4108244627714157,0.4443968385457992,69.09214782714844,0.0,0.8,0.001,6,0.0666085999982897,0.6340471999974397,50.0,5.0,0.0,True,6,shapley-20260606T024831Z-1670e62a,shapley,conditional,A,True,False,0.0,0.0
0.7361878752708435,0.7361878752708435,0.7361878752708435,0.3925200147288186,0.4295848054545266,71.94882638113839,0.7300529181957245,0.7300529181957245,0.7300529479980469,0.3883792459964752,0.4270920753479004,71.4854736328125,0.0,0.8,0.001,7,0.0601227000006474,0.6941698999980872,50.0,5.0,0.0,True,7,shapley-20260606T024831Z-1670e62a,shapley,conditional,A,True,False,0.0,0.0
0.6964448179517474,0.6964448179517474,0.6964448094367981,0.369393595627376,0.4088140172617776,73.923581804548,0.7025580406188965,0.7025580406188965,0.7025580406188965,0.3723848462104797,0.4127164632081985,73.3695182800293,0.0,0.8,0.001,8,0.0649468000010529,0.7591166999991401,50.0,5.0,0.0,True,8,shapley-20260606T024831Z-1670e62a,shapley,conditional,A,True,False,0.0,0.0
0.6692422032356262,0.6692422032356262,0.6692422032356262,0.3526805298668997,0.3957021108695439,75.77771759033203,0.6788730621337891,0.6788730621337891,0.6788730621337891,0.358344629406929,0.4006604999303818,75.88015747070312,0.0,0.8,0.001,9,0.0586406999973405,0.8177573999964807,50.0,5.0,0.0,True,9,shapley-20260606T024831Z-1670e62a,shapley,conditional,A,True,False,0.0,0.0
0.6480644260134015,0.6480644260134015,0.6480644260134015,0.3402336452688489,0.3847884620938982,78.70473153250558,0.6597071290016174,0.6597071290016174,0.6597071588039398,0.3469093143939972,0.3909973204135895,78.67670059204102,0.0,0.8,0.001,10,0.0620687999980873,0.879826199994568,50.0,5.0,0.001,True,10,shapley-20260606T024831Z-1670e62a,shapley,conditional,A,True,False,0.0,0.0
0.6980605466025216,0.6288906506129673,0.6288906420980181,0.3294430673122406,0.3743094589029039,69.16989353724888,0.6986437439918518,0.6486065685749054,0.648606538772583,0.3400724232196808,0.3856676518917084,50.037160873413086,0.001,0.8,0.001,11,0.0682139000018651,0.9480400999964332,46.1864406779661,5.0,0.002,True,11,shapley-20260606T024831Z-1670e62a,shapley,conditional,A,True,False,0.0,0.0
0.703803539276123,0.630043659891401,0.630043659891401,0.3299340009689331,0.3751370693956102,36.879944392613005,0.6957904100418091,0.6444647312164307,0.6444647312164307,0.3382672816514969,0.3827467858791351,25.6628360748291,0.002,0.8,0.001,12,0.0602407999977003,1.0082808999941335,42.91338582677166,5.0,0.001,True,12,shapley-20260606T024831Z-1670e62a,shapley,conditional,A,True,False,0.0,0.0
0.6517950466700962,0.6213142701557705,0.621314253125872,0.3248948540006365,0.3705242446490696,30.48077038356236,0.6684230268001556,0.6325502395629883,0.6325502395629883,0.3296416103839874,0.3786358088254928,35.87278747558594,0.001,0.8,0.001,13,0.0622481999998854,1.070529099994019,40.0735294117647,5.0,0.0,True,13,shapley-20260606T024831Z-1670e62a,shapley,conditional,A,True,False,0.0,0.0
0.5958879249436515,0.5958879249436515,0.5958879164287022,0.3084150339875902,0.3593410721846989,42.715293884277344,0.6194295287132263,0.6194295287132263,0.6194294989109039,0.320951908826828,0.3730969876050949,48.380388259887695,0.0,0.8,0.001,14,0.0613419000001158,1.1318709999941348,37.58620689655172,5.0,0.001,True,14,shapley-20260606T024831Z-1670e62a,shapley,conditional,A,True,False,0.0,0.0
0.6259541170937675,0.5770955596651349,0.5770955511501857,0.2980024516582489,0.3488663690430777,48.8585444859096,0.6520159244537354,0.607402503490448,0.607402503490448,0.3144444674253464,0.3661974966526031,44.61343002319336,0.001,0.8,0.001,15,0.0633284999967145,1.1951994999908493,35.3896103896104,5.0,0.002,True,15,shapley-20260606T024831Z-1670e62a,shapley,conditional,A,True,False,0.0,0.0
0.6467116645404271,0.5712100608008248,0.5712100608008248,0.2940129978316171,0.3464963223252977,37.75079672677176,0.6571469604969025,0.6010907292366028,0.6010907292366028,0.3116685301065445,0.3617777526378631,28.028120040893555,0.002,0.8,0.001,16,0.0624053999999887,1.257604899990838,33.435582822085884,5.0,0.001,True,16,shapley-20260606T024831Z-1670e62a,shapley,conditional,A,True,False,0.0,0.0
0.5988371287073407,0.5716522250856672,0.5716522250856672,0.2934583893844059,0.3477422850472586,27.184896196637837,0.6247177124023438,0.5975093245506287,0.5975093245506287,0.308899238705635,0.3607625961303711,27.208383560180664,0.001,0.8,0.001,17,0.0631921000021975,1.3207969999930356,31.68604651162791,5.0,0.0,True,17,shapley-20260606T024831Z-1670e62a,shapley,conditional,A,True,False,0.0,0.0
0.5582328864506313,0.5582328864506313,0.5582328864506313,0.2875915680612836,0.3383016458579472,32.87806292942592,0.5916245579719543,0.5916245579719543,0.5916245579719543,0.3059827983379364,0.3570522367954254,39.69455337524414,0.0,0.8,0.001,18,0.0674486000025353,1.388245599995571,30.11049723756906,5.0,0.001,True,18,shapley-20260606T024831Z-1670e62a,shapley,conditional,A,True,False,0.0,0.0
0.5850266643932888,0.543684048312051,0.543684048312051,0.2796510756015777,0.3300411914076124,41.34261213030134,0.6240587830543518,0.5834386646747589,0.5834386944770813,0.3013014942407608,0.3526714444160461,40.620134353637695,0.001,0.8,0.001,19,0.058822399998462,1.447067999994033,28.684210526315788,5.0,0.002,True,19,shapley-20260606T024831Z-1670e62a,shapley,conditional,A,True,False,0.0,0.0
0.6074017030852181,0.535392301423209,0.535392301423209,0.2745540354933057,0.3260478462491716,36.00469643729074,0.6348141729831696,0.5780368745326996,0.5780368447303772,0.2975828796625137,0.3505674451589584,28.388648986816406,0.002,0.8,0.001,20,0.0608044000000518,1.5078723999940848,27.38693467336684,5.0,0.003,True,20,shapley-20260606T024831Z-1670e62a,shapley,conditional,A,True,False,0.0,0.0
0.6254641498838153,0.5503609350749424,0.5503609350749424,0.2825798392295837,0.3347263634204864,25.034409386771067,0.6456257104873657,0.5795981585979462,0.5795981585979462,0.2984136790037155,0.351480558514595,22.00918292999268,0.003,0.8,0.001,21,0.0594548000008217,1.5673271999949066,26.20192307692308,5.0,0.002,True,21,shapley-20260606T024831Z-1670e62a,shapley,conditional,A,True,False,0.0,0.0
0.5961384517805917,0.5478605202266148,0.5478605031967163,0.2822694778442383,0.3319887816905975,24.13896587916783,0.6255320012569427,0.5725160539150238,0.5725160241127014,0.2946009784936905,0.3473938405513763,26.50797462463379,0.002,0.8,0.001,22,0.0623396000009961,1.6296667999959027,25.11520737327189,5.0,0.003,True,22,shapley-20260606T024831Z-1670e62a,shapley,conditional,A,True,False,0.0,0.0
0.6122010605675834,0.5317732521465847,0.5317732521465847,0.2723371727125985,0.3242950780051095,26.809269768851145,0.6439869105815887,0.569225013256073,0.569225013256073,0.2917478382587433,0.3468464910984039,24.920631408691406,0.003,0.8,0.001,23,0.0634066999991773,1.69307349999508,24.11504424778761,5.0,0.004,True,23,shapley-20260606T024831Z-1670e62a,shapley,conditional,A,True,False,0.0,0.0
0.6276631866182599,0.5371395945549011,0.5371395945549011,0.2750386510576521,0.3276261729853494,22.63090133666992,0.6495228707790375,0.5691134035587311,0.5691133737564087,0.2929144650697708,0.34524866938591,20.10236167907715,0.004,0.8,0.001,24,0.0625693999973009,1.755642899992381,23.191489361702125,5.0,0.003,True,24,shapley-20260606T024831Z-1670e62a,shapley,conditional,A,True,False,0.0,0.0
0.5967669827597482,0.5332018988473075,0.5332018903323582,0.2732500348772321,0.3249398171901703,21.18835885184152,0.6359467506408691,0.5671656131744385,0.5671656131744385,0.2901891767978668,0.3462205231189728,22.927051544189453,0.003,0.8,0.001,25,0.0655411000007006,1.8211839999930817,22.33606557377049,5.0,0.004,True,25,shapley-20260606T024831Z-1670e62a,shapley,conditional,A,True,False,0.0,0.0
0.6145232660429818,0.522501357964107,0.522501357964107,0.2672500950949533,0.3190640722002302,23.005476270403182,0.6474528610706329,0.5615547001361847,0.5615547299385071,0.2881411761045456,0.341766893863678,21.47454166412353,0.004,0.8,0.001,26,0.0589591999996628,1.8801431999927445,21.541501976284582,5.0,0.0033303968783894,True,26,shapley-20260606T024831Z-1670e62a,shapley,conditional,A,True,False,0.0,0.0
0.5947956698281425,0.5234801598957607,0.5234801684107099,0.2682615433420454,0.3190232600484575,21.413517543247767,0.6269420385360718,0.5590393543243408,0.5590393543243408,0.2856951057910919,0.3416803032159805,20.388772010803223,0.0033303968783894,0.8,0.001,27,0.0606537999992724,1.940796999992017,20.80152671755725,5.0,0.0023303968783894,True,27,shapley-20260606T024831Z-1670e62a,shapley,conditional,A,True,False,0.0,0.0
0.5651659454618182,0.5127704398972648,0.5127704228673663,0.2621554434299469,0.3132687423910413,22.483517510550364,0.6182979941368103,0.5642595589160919,0.5642595589160919,0.2878636121749878,0.3454949110746383,23.18850612640381,0.0023303968783894,0.8,0.001,28,0.0605633999985002,2.001360399990517,20.11070110701107,5.0,0.0033303968783894,True,28,shapley-20260606T024831Z-1670e62a,shapley,conditional,A,True,False,0.0,0.0
0.5858668684959412,0.5075580520289285,0.5075580477714539,0.2579386127846582,0.3120242953300476,23.513357979910715,0.6272667348384857,0.5556516945362091,0.5556516945362091,0.2838372886180877,0.3397679924964905,21.503448486328125,0.0033303968783894,0.8,0.001,29,0.0656073999998625,2.06696779999038,19.46428571428571,5.0,0.0043303968783894,True,29,shapley-20260606T024831Z-1670e62a,shapley,conditional,A,True,False,0.0,0.0
0.6053538577897208,0.5166292020252773,0.516629193510328,0.2630687994616372,0.3169505000114441,20.48880522591727,0.6317165493965149,0.552110344171524,0.5521103739738464,0.2823440134525299,0.3372078984975815,18.383122444152832,0.0043303968783894,0.8,0.001,30,0.0654660000000149,2.1324337999903946,18.858131487889278,5.0,0.0033303968783894,True,30,shapley-20260606T024831Z-1670e62a,shapley,conditional,A,True,False,0.0,0.0
0.5774444341659546,0.5103043445519039,0.5103043573243278,0.2600251904555729,0.3128489341054644,20.159788404192245,0.6199124753475189,0.5508701205253601,0.5508701503276825,0.2802103757858276,0.338324710726738,20.730966567993164,0.0033303968783894,0.8,0.001,31,0.0589820999994117,2.1914158999898063,18.288590604026847,5.0,0.0043303968783894,True,31,shapley-20260606T024831Z-1670e62a,shapley,conditional,A,True,False,0.0,0.0
0.5942952888352531,0.5025339807782855,0.5025339680058616,0.2557739615440368,0.3084500133991241,21.19005012512207,0.6326998770236969,0.5483733415603638,0.5483733415603638,0.2803139239549637,0.3350743055343628,19.473170280456543,0.0043303968783894,0.8,0.001,32,0.0637304999982006,2.255146399988007,17.752442996742666,5.0,0.0053303968783894,True,32,shapley-20260606T024831Z-1670e62a,shapley,conditional,A,True,False,0.0,0.0
0.6060320649828229,0.5056886162076678,0.5056886034352439,0.2579851831708635,0.3096292657511575,18.82476016453334,0.6394217908382416,0.547757089138031,0.547757089138031,0.2794395536184311,0.3353969007730484,17.19660186767578,0.0053303968783894,0.8,0.001,33,0.0646823999995831,2.31982879998759,17.246835443037973,5.0,0.0048280611247675,True,33,shapley-20260606T024831Z-1670e62a,shapley,conditional,A,True,False,0.0,0.0
0.6009220140320914,0.5102487206459045,0.5102487121309552,0.2607291553701673,0.3118994534015655,18.780480521065847,0.6393614709377289,0.5483240187168121,0.5483240485191345,0.2791962921619415,0.3364096730947494,18.85590171813965,0.0048280611247675,0.8,0.001,34,0.0632306999978027,2.383059499985393,16.769230769230766,5.0,0.0058280611247675,True,34,shapley-20260606T024831Z-1670e62a,shapley,conditional,A,True,False,0.0,0.0
0.6143308877944946,0.5027848737580436,0.5027848695005689,0.2567848584481648,0.3075000005108969,19.1394715990339,0.6469810605049133,0.5456600785255432,0.5456600785255432,0.2778141349554062,0.3348074555397033,17.385022163391113,0.0058280611247675,0.8,0.001,35,0.0606189999998605,2.443678499985253,16.317365269461078,5.0,0.0068280611247675,True,35,shapley-20260606T024831Z-1670e62a,shapley,conditional,A,True,False,0.0,0.0
0.6250382491520473,0.5086222759314946,0.5086222759314946,0.2605177121503012,0.3101306898253305,17.049638748168945,0.6559550166130066,0.5455854833126068,0.5455855131149292,0.2784735709428787,0.3338898867368698,16.164109230041504,0.0068280611247675,0.8,0.001,36,0.0664689000004727,2.5101473999857262,15.889212827988338,5.0,0.0078280611247675,True,36,shapley-20260606T024831Z-1670e62a,shapley,conditional,A,True,False,0.0,0.0
0.6431404522487095,0.5122852580887931,0.5122852666037423,0.2625839284488133,0.3121266620499747,16.716169902256556,0.672978937625885,0.5461768507957458,0.5461768507957458,0.2788429707288742,0.3341673463582992,16.19839859008789,0.0078280611247675,0.8,0.001,37,0.0615986000011616,2.571745999986888,15.482954545454549,5.0,0.0088280611247675,True,37,shapley-20260606T024831Z-1670e62a,shapley,conditional,A,True,False,0.0,0.0
0.6558379871504647,0.51365384885243,0.5136538318225315,0.2635510734149388,0.3126284437520163,16.105930055890763,0.6770158410072327,0.5433474779129028,0.5433474779129028,0.2768655121326446,0.3331024497747421,15.14130449295044,0.0088280611247675,0.8,0.001,38,0.0591571000004478,2.630903099987336,15.096952908587255,5.0,0.0092715769683994,True,38,shapley-20260606T024831Z-1670e62a,shapley,conditional,A,True,False,0.0,0.0
0.6578128167561123,0.5145099077905927,0.514509916305542,0.2644194449697222,0.3126130700111389,15.456151962280272,0.6805586814880371,0.5459265112876892,0.5459264814853668,0.2783276438713074,0.3344985544681549,14.520956993103027,0.0092715769683994,0.8,0.001,39,0.0655419000031543,2.69644499999049,14.729729729729732,5.0,0.0082715769683994,True,39,shapley-20260606T024831Z-1670e62a,shapley,conditional,A,True,False,0.0,0.0
0.6433141486985343,0.5125021679060799,0.5125021764210292,0.2639052101543971,0.3107461844171796,15.814637184143066,0.6813390851020813,0.5498111844062805,0.5498111844062805,0.2809460461139679,0.3360814154148102,15.901188373565674,0.0082715769683994,0.8,0.001,40,0.0677400000022316,2.7641849999927217,14.379947229551448,5.0,0.0092715769683994,True,40,shapley-20260606T024831Z-1670e62a,shapley,conditional,A,True,False,0.0,0.0
0.656521703515734,0.511091308934348,0.511091308934348,0.2618056876318795,0.311607015984399,15.68561553955078,0.6784186661243439,0.541265606880188,0.541265606880188,0.275927186012268,0.3316730111837387,14.792851448059082,0.0092715769683994,0.8,0.001,41,0.0627896000005421,2.826974599993264,14.046391752577314,5.0,0.0102715769683994,True,41,shapley-20260606T024831Z-1670e62a,shapley,conditional,A,True,False,0.0,0.0
0.6677066939217704,0.5172359432492938,0.5172359602791923,0.266495223556246,0.3134259028094155,14.649235044206891,0.6952435970306396,0.543597936630249,0.543597936630249,0.277925580739975,0.3320903927087784,14.763617992401125,0.0102715769683994,0.8,0.001,42,0.0612309999996796,2.8882055999929435,13.727959697733,5.0,0.0112715769683994,True,42,shapley-20260606T024831Z-1670e62a,shapley,conditional,A,True,False,0.0,0.0
0.6810198085648673,0.5159751347133091,0.5159751347133091,0.2657455503940582,0.3127869623047964,14.642553465706962,0.7011293470859528,0.5423092842102051,0.5423092842102051,0.2768815606832504,0.3317846655845642,14.090314865112305,0.0112715769683994,0.8,0.001,43,0.0650234999993699,2.953229099992313,13.423645320197046,5.0,0.0122715769683994,True,43,shapley-20260606T024831Z-1670e62a,shapley,conditional,A,True,False,0.0,0.0
0.6936250414167132,0.5219848155975342,0.5219848070825849,0.2683742301804678,0.3170132083552224,13.986811910356794,0.7136546671390533,0.5466832518577576,0.5466832220554352,0.2800546139478683,0.33328577876091,13.606351852416992,0.0122715769683994,0.8,0.001,44,0.06131550000282,3.014544599995133,13.132530120481931,5.0,0.0132715769683994,True,44,shapley-20260606T024831Z-1670e62a,shapley,conditional,A,True,False,0.0,0.0
0.7182583553450448,0.5308110969407218,0.5308110969407218,0.2726922333240509,0.3226485550403595,14.123963219778878,0.7170060873031616,0.543643057346344,0.543643057346344,0.2776667475700378,0.3324703723192215,13.062729835510254,0.0132715769683994,0.8,0.001,45,0.0604071000016119,3.074951699996745,12.85377358490566,5.0,0.0142715769683994,True,45,shapley-20260606T024831Z-1670e62a,shapley,conditional,A,True,False,0.0,0.0
0.7228397641863141,0.5342922721590314,0.5342922551291329,0.2766579517296382,0.3220428696700504,13.21139921460833,0.7284851372241974,0.5475246906280518,0.5475246906280518,0.2787993848323822,0.3359066545963287,12.679779052734377,0.0142715769683994,0.8,0.001,46,0.0634752000005391,3.1384268999972846,12.586605080831404,5.0,0.0152033166874291,True,46,shapley-20260606T024831Z-1670e62a,shapley,conditional,A,True,False,0.0,0.0
0.7276889085769653,0.5288451569420951,0.5288451399121966,0.2725103284631456,0.320418506860733,13.078971862792969,0.7323313653469086,0.5499008595943451,0.5499008595943451,0.2807756215333938,0.3364065140485763,11.999388217926024,0.0152033166874291,0.8,0.001,47,0.0626941000009537,3.2011209999982384,12.33031674208145,5.0,0.0142033166874291,True,47,shapley-20260606T024831Z-1670e62a,shapley,conditional,A,True,False,0.0,0.0
0.7186747023037502,0.5334355235099792,0.53343551499503,0.274834999016353,0.3232506385871342,13.041965757097516,0.722229540348053,0.5509172677993774,0.5509172677993774,0.2812680453062057,0.3370614796876907,12.0614275932312,0.0142033166874291,0.8,0.001,48,0.0656689000024925,3.266789900000731,12.084257206208427,5.0,0.0139750205576568,True,48,shapley-20260606T024831Z-1670e62a,shapley,conditional,A,True,False,0.0,0.0
0.7155168311936515,0.5305022256714957,0.5305022256714957,0.2743421707834516,0.3202000643525804,13.238951138087682,0.7236143946647644,0.5484600365161896,0.5484600067138672,0.2789451777935028,0.3368935286998749,12.53338861465454,0.0139750205576568,0.8,0.001,49,0.0660223999984737,3.3328122999992047,11.847826086956523,5.0,0.0149750205576568,True,49,shapley-20260606T024831Z-1670e62a,shapley,conditional,A,True,False,0.0,0.0
0.7232356071472168,0.5279622673988342,0.5279622759137835,0.2726504462105887,0.3191397743565695,13.039936883108956,0.7328891158103943,0.542854368686676,0.542854368686676,0.2764465063810348,0.3330097943544388,12.69011402130127,0.0149750205576568,0.8,0.001,50,0.0602758000022731,3.393088100001478,11.620469083155657,5.0,0.0159750205576568,True,50,shapley-20260606T024831Z-1670e62a,shapley,conditional,A,True,False,1.0,1.0
0.7293442913464138,0.5281265207699367,0.5281265207699367,0.2723000049591064,0.3197831383773258,12.595775331769673,0.7411100268363953,0.5438407361507416,0.5438407361507416,0.2779591232538223,0.3323520123958587,12.34860897064209,0.0159750205576568,0.8,0.001,51,0.0591773000014654,3.452265400002944,11.40167364016736,5.0,0.0169750205576568,True,51,shapley-20260606T024831Z-1670e62a,shapley,conditional,A,True,False,1.0,1.0
0.7508168561117989,0.5395414488656181,0.5395414573805672,0.2789954074791499,0.3256825634411403,12.446253504071915,0.7510983645915985,0.5472952723503113,0.5472952723503113,0.279436931014061,0.3348228931427002,12.006058692932127,0.0169750205576568,0.8,0.001,52,0.0658470999987912,3.5181125000017346,11.190965092402465,5.0,0.0179750205576568,True,52,shapley-20260606T024831Z-1670e62a,shapley,conditional,A,True,False,1.0,1.0
0.7555238008499146,0.5327979837145124,0.5327979837145124,0.2761166478906359,0.3208516665867397,12.39085156576974,0.7507299184799194,0.5467888414859772,0.5467888414859772,0.2789788693189621,0.3347624838352203,11.345805644989014,0.0179750205576568,0.8,0.001,53,0.0631305999995675,3.581243100001302,10.987903225806448,5.0,0.0189750205576568,True,53,shapley-20260606T024831Z-1670e62a,shapley,conditional,A,True,False,1.0,1.0
0.7700032336371285,0.547460309096745,0.547460309096745,0.2828065582684108,0.3308171587330954,11.728204454694476,0.7663710713386536,0.5502009093761444,0.5502009093761444,0.2805840373039245,0.3370210975408554,11.392354011535645,0.0189750205576568,0.8,0.001,54,0.0657009999995352,3.646944100000837,10.792079207920786,5.0,0.0199750205576568,True,54,shapley-20260606T024831Z-1670e62a,shapley,conditional,A,True,False,1.0,1.0
0.7781522614615304,0.5404980267797198,0.5404980438096183,0.2808440370219094,0.3245674967765808,11.897571018763951,0.7641148269176483,0.5457707643508911,0.5457707345485687,0.27922523021698,0.3331818431615829,10.93085527420044,0.0199750205576568,0.8,0.001,55,0.0588170000009995,3.705761100001837,10.603112840466927,5.0,0.0209750205576568,True,55,shapley-20260606T024831Z-1670e62a,shapley,conditional,A,True,False,1.0,1.0
0.7880002856254578,0.5502059289387294,0.5502059289387294,0.2864148276192801,0.3297388681343624,11.337026732308525,0.770314484834671,0.5455766916275024,0.54557666182518,0.2800164073705673,0.3319503366947174,10.714545249938965,0.0209750205576568,0.8,0.001,56,0.0610249999990628,3.7667861000009,10.42065009560229,5.0,0.0219750205576568,True,56,shapley-20260606T024831Z-1670e62a,shapley,conditional,A,True,False,1.0,1.0
0.7966003503118243,0.5435205783162799,0.5435205783162799,0.282917320728302,0.3257540762424469,11.516703060695104,0.783810168504715,0.5460244715213776,0.5460244417190552,0.2794042825698852,0.333275243639946,10.820727348327637,0.0219750205576568,0.8,0.001,57,0.0622161999999661,3.829002300000866,10.244360902255636,5.0,0.0229750205576568,True,57,shapley-20260606T024831Z-1670e62a,shapley,conditional,A,True,False,1.0,1.0
0.813083393233163,0.5573846527508327,0.5573846612657819,0.290643219436918,0.3334267863205501,11.12942395891462,0.7895609140396118,0.5411600470542908,0.5411600470542908,0.2770023494958877,0.3301971107721329,10.811780452728271,0.0229750205576568,0.8,0.001,58,0.0642397000010532,3.8932420000019192,10.073937153419593,5.0,0.0239750205576568,True,58,shapley-20260606T024831Z-1670e62a,shapley,conditional,A,True,False,1.0,1.0
0.8217136348996844,0.5573389274733407,0.5573389274733407,0.2904570485864367,0.3336023219994136,11.027090345110212,0.7956799268722534,0.5448719561100006,0.544871985912323,0.2778206765651703,0.3338141143321991,10.461220741271973,0.0239750205576568,0.8,0.001,59,0.0650205000019923,3.958262500003912,9.909090909090908,5.0,0.0249750205576568,True,59,shapley-20260606T024831Z-1670e62a,shapley,conditional,A,True,False,1.0,1.0
0.8247701099940709,0.5578712480408805,0.5578712480408805,0.290913028376443,0.3336977575506483,10.686632701328822,0.7903610467910767,0.5433075428009033,0.5433075428009033,0.2775213867425918,0.3322326838970184,9.892023086547852,0.0249750205576568,0.8,0.001,60,0.0611868999985745,4.019449400002486,9.749552772808585,5.0,0.0259750205576568,True,60,shapley-20260606T024831Z-1670e62a,shapley,conditional,A,True,False,1.0,1.0
0.8370162163461957,0.5637408494949341,0.5637408580098834,0.2948342774595533,0.3361332203660692,10.52069868360247,0.8095480799674988,0.5471646189689636,0.5471646189689636,0.2796367704868316,0.3344098329544067,10.101376056671144,0.0259750205576568,0.8,0.001,61,0.0636879000012413,4.083137300003727,9.595070422535208,5.0,0.0269750205576568,True,61,shapley-20260606T024831Z-1670e62a,shapley,conditional,A,True,False,1.0,1.0
0.8425238047327314,0.5640324013573783,0.564032392842429,0.2945383659430912,0.3368675325598035,10.324047769818987,0.8060049116611481,0.5466380715370178,0.5466380417346954,0.2807292491197586,0.3323859572410583,9.615074634552002,0.0269750205576568,0.8,0.001,62,0.057993999998871,4.141131300002598,9.44540727902946,5.0,0.0279750205576568,True,62,shapley-20260606T024831Z-1670e62a,shapley,conditional,A,True,False,1.0,1.0
0.8580178533281598,0.5716040815625872,0.5716040815625872,0.2988817691802978,0.3409028649330139,10.23819637298584,0.8277310132980347,0.5462492406368256,0.546249270439148,0.2796874344348907,0.3332022875547409,10.061895847320557,0.0279750205576568,0.8,0.001,63,0.061686599998211,4.2028179000008095,9.300341296928323,5.0,0.0289750205576568,True,63,shapley-20260606T024831Z-1670e62a,shapley,conditional,A,True,False,1.0,1.0
0.8689558506011963,0.5786713276590619,0.5786713361740112,0.3035726121493748,0.3438733986445835,10.018440110342842,0.83489590883255,0.5434272587299347,0.5434272587299347,0.27815081179142,0.3315955251455307,10.05930757522583,0.0289750205576568,0.8,0.001,64,0.0638068000007479,4.266624700001557,9.15966386554622,5.0,0.0299750205576568,True,64,shapley-20260606T024831Z-1670e62a,shapley,conditional,A,True,False,1.0,1.0
0.8741600087710789,0.5788823195866176,0.5788823195866176,0.3036648162773677,0.3440218695572444,9.850791386195592,0.8343929648399353,0.5486427843570709,0.5486428141593933,0.2817343026399612,0.333635613322258,9.53294324874878,0.0299750205576568,0.8,0.001,65,0.0660456999976304,4.332670399999188,9.02317880794702,5.0,0.0309750205576568,True,65,shapley-20260606T024831Z-1670e62a,shapley,conditional,A,True,False,1.0,1.0
0.8793668746948242,0.5759705134800502,0.5759705219949994,0.3021878259522574,0.3422283572810037,9.794871194022042,0.8479620814323425,0.5448887050151825,0.5448887050151825,0.2800228893756866,0.331082284450531,9.78444528579712,0.0309750205576568,0.8,0.001,66,0.0607047000012244,4.393375100000412,8.890701468189235,5.0,0.0319750205576568,True,66,shapley-20260606T024831Z-1670e62a,shapley,conditional,A,True,False,1.0,1.0
0.8959581341062274,0.5860508510044643,0.5860508339745658,0.3085689374378749,0.3468523706708635,9.692168235778809,0.8539922833442688,0.5465392470359802,0.5465392172336578,0.2804764211177826,0.3325784653425216,9.615414142608644,0.0319750205576568,0.8,0.001,67,0.0613151999968977,4.45469029999731,8.762057877813504,5.0,0.0329750205576568,True,67,shapley-20260606T024831Z-1670e62a,shapley,conditional,A,True,False,1.0,1.0
0.906036138534546,0.5870482751301357,0.5870482666151864,0.3070198212351118,0.3500355269227709,9.673621586390905,0.8696258664131165,0.545844554901123,0.545844554901123,0.2791267037391662,0.333397313952446,9.818986892700195,0.0329750205576568,0.8,0.001,68,0.0656167000015557,4.520306999998866,8.637083993660859,5.0,0.0339750205576568,True,68,shapley-20260606T024831Z-1670e62a,shapley,conditional,A,True,False,1.0,1.0
0.9112785458564758,0.5885901280811855,0.5885901365961347,0.3092087124075208,0.3492267600127628,9.49781390598842,0.8592277467250824,0.5513947010040283,0.5513947010040283,0.284001275897026,0.3342417627573013,9.060570240020752,0.0339750205576568,0.8,0.001,69,0.0596294999995734,4.579936499998439,8.515625,5.0,0.0349750205576568,True,69,shapley-20260606T024831Z-1670e62a,shapley,conditional,A,True,False,1.0,1.0
0.91934449332101,0.5991989544459752,0.5991989374160767,0.3155744288648878,0.3545306410108294,9.153548104422432,0.8790478706359863,0.5516197383403778,0.5516197085380554,0.2836115658283233,0.335010215640068,9.36177110671997,0.0349750205576568,0.8,0.001,70,0.060809300000983,4.640745799999422,8.397534668721107,5.0,0.0359750205576568,True,70,shapley-20260606T024831Z-1670e62a,shapley,conditional,A,True,False,2.0,2.0
0.935026935168675,0.599941781588963,0.599941781588963,0.3163366488048008,0.3545063989503043,9.314384051731654,0.8735381364822388,0.551756352186203,0.551756352186203,0.2836063206195831,0.335187554359436,8.944589614868164,0.0359750205576568,0.8,0.001,71,0.0641074999984994,4.704853299997922,8.282674772036472,5.0,0.0369750205576568,True,71,shapley-20260606T024831Z-1670e62a,shapley,conditional,A,True,False,2.0,2.0
0.9377714650971548,0.6033493535859245,0.6033493706158229,0.3177850544452667,0.3569553707327161,9.044540677751812,0.8759586811065674,0.5599742531776428,0.5599742531776428,0.2882387042045593,0.3396694511175155,8.545889377593994,0.0369750205576568,0.8,0.001,72,0.0595055000012507,4.764358799999172,8.170914542728639,5.0,0.0379750205576568,True,72,shapley-20260606T024831Z-1670e62a,shapley,conditional,A,True,False,2.0,2.0
0.9569220628057208,0.6096651298659188,0.6096651298659188,0.3223647858415331,0.3591254268373762,9.144351278032577,0.8948478698730469,0.5596324503421783,0.5596324503421783,0.2881480008363724,0.3393555581569671,8.827260971069336,0.0379750205576568,0.8,0.001,73,0.0661727999977301,4.830531599996903,8.062130177514796,5.0,0.0389750205576568,True,73,shapley-20260606T024831Z-1670e62a,shapley,conditional,A,True,False,2.0,2.0
0.9615329333714075,0.618069759437016,0.618069759437016,0.326692168201719,0.3642219730785915,8.812392779758998,0.9007618427276612,0.5573692619800568,0.5573692321777344,0.2882955223321914,0.3363421410322189,8.81058120727539,0.0389750205576568,0.8,0.001,74,0.0607788000015716,4.891310399998474,7.956204379562045,5.0,0.0399750205576568,True,74,shapley-20260606T024831Z-1670e62a,shapley,conditional,A,True,False,2.0,2.0
0.9630271962710788,0.6192445244107928,0.6192445158958435,0.3272776859147208,0.3649585289614541,8.599936757768903,0.8953439593315125,0.556756854057312,0.556756854057312,0.2875230312347412,0.3365422785282135,8.469966411590576,0.0399750205576568,0.8,0.001,75,0.0585792000019864,4.949889600000461,7.853025936599423,5.0,0.0409750205576568,True,75,shapley-20260606T024831Z-1670e62a,shapley,conditional,A,True,False,2.0,2.0
0.9722839338438852,0.6129000612667629,0.6129000527518136,0.3238553958279745,0.3613058200904301,8.770803996494838,0.8875860571861267,0.5596195459365845,0.5596195459365845,0.2884002774953842,0.3390240520238876,8.004059791564941,0.0409750205576568,0.8,0.001,76,0.0621219999993627,5.012011599999823,7.752489331436699,5.0,0.0419750205576568,True,76,shapley-20260606T024831Z-1670e62a,shapley,conditional,A,True,False,2.0,2.0
0.9838579722813198,0.6313853774751935,0.631385360445295,0.3336308215345655,0.3721931747027805,8.397198677062988,0.9049246907234192,0.5629112720489502,0.5629112720489502,0.2909346669912338,0.3399707227945328,8.148023128509521,0.0419750205576568,0.8,0.001,77,0.0619617999982438,5.073973399998067,7.65449438202247,5.0,0.0429750205576568,True,77,shapley-20260606T024831Z-1670e62a,shapley,conditional,A,True,False,2.0,2.0
0.9929537177085876,0.6410256028175354,0.6410255943025861,0.3394525136266436,0.3769663529736655,8.189132009233747,0.9062840342521667,0.5678273737430573,0.567827433347702,0.2944245934486389,0.3417535126209259,7.875661134719849,0.0429750205576568,0.8,0.001,78,0.0583409999999275,5.132314399997995,7.558945908460473,5.0,0.0439750205576568,True,78,shapley-20260606T024831Z-1670e62a,shapley,conditional,A,True,False,2.0,2.0
0.999236021723066,0.6242655175072807,0.6242655175072807,0.3307510444096156,0.3668930998870304,8.52689722606114,0.884518563747406,0.5654054880142212,0.5654054880142212,0.292548730969429,0.3410709053277969,7.256689548492432,0.0439750205576568,0.8,0.001,79,0.059193499997491,5.191507899995486,7.465753424657535,5.0,0.0429750205576568,True,79,shapley-20260606T024831Z-1670e62a,shapley,conditional,A,True,False,2.0,2.0
0.9854520814759392,0.6301289626530239,0.6301289541380746,0.3346077586923326,0.3694014804703848,8.268131596701485,0.9275431931018828,0.5602744221687317,0.5602744519710541,0.2895974516868591,0.3383462429046631,8.546098709106445,0.0429750205576568,0.8,0.001,80,0.0590477999976428,5.250555699993129,7.374830852503379,5.0,0.0439750205576568,True,80,shapley-20260606T024831Z-1670e62a,shapley,conditional,A,True,False,2.0,2.0
0.9959639821733748,0.6360952939305987,0.6360952939305987,0.3376935294696263,0.3730022140911647,8.183479581560407,0.9200803637504578,0.5567263960838318,0.5567264258861542,0.2877806723117828,0.3361821621656418,8.262735366821289,0.0439750205576568,0.8,0.001,81,0.0638265000015962,5.314382199994725,7.286096256684488,5.0,0.0449750205576568,True,81,shapley-20260606T024831Z-1670e62a,shapley,conditional,A,True,False,2.0,2.0
0.9995211277689252,0.6233311295509338,0.6233311210359845,0.3293412029743194,0.3674873837402889,8.364421027047294,0.8953981995582581,0.5645773410797119,0.5645773410797119,0.2934544086456299,0.3389036506414413,7.355657339096069,0.0449750205576568,0.8,0.001,82,0.0626469000017095,5.3770290999964345,7.199471598414796,5.0,0.0459750205576568,True,82,shapley-20260606T024831Z-1670e62a,shapley,conditional,A,True,False,2.0,2.0
1.006037141595568,0.6370752879551479,0.6370752964700971,0.3381394275597164,0.3736698201724461,8.025268077850342,0.9266580939292908,0.5658711194992065,0.5658711194992065,0.2929809242486954,0.3411127179861069,7.847456455230713,0.0459750205576568,0.8,0.001,83,0.0687269000009109,5.4457559999973455,7.114882506527415,5.0,0.0469750205576568,True,83,shapley-20260606T024831Z-1670e62a,shapley,conditional,A,True,False,2.0,2.0
0.9998318978718348,0.623589141028268,0.623589141028268,0.3309378411088671,0.3658141323498317,8.00942141669137,0.89847132563591,0.562351256608963,0.562351256608963,0.2921060174703598,0.3378065228462219,7.155293941497803,0.0469750205576568,0.8,0.001,84,0.063418300000194,5.50917429999754,7.032258064516128,5.0,0.0479750205576568,True,84,shapley-20260606T024831Z-1670e62a,shapley,conditional,A,True,False,2.0,2.0
1.017250554902213,0.6443859509059361,0.6443859594208854,0.3418315478733608,0.3781929910182953,7.772056647709438,0.9318977892398834,0.5617651343345642,0.5617651343345642,0.2909107059240341,0.3385680615901947,7.71511173248291,0.0479750205576568,0.8,0.001,85,0.0627353999989281,5.571909699996468,6.951530612244902,5.0,0.0489750205576568,True,85,shapley-20260606T024831Z-1670e62a,shapley,conditional,A,True,False,2.0,2.0
1.0272553648267473,0.6501199347632272,0.650119926248278,0.3453749247959682,0.3809312582015991,7.70056710924421,0.9330191314220428,0.5578208267688751,0.5578208267688751,0.28729909658432,0.3381521552801132,7.661013603210449,0.0489750205576568,0.8,0.001,86,0.0580679000013333,5.629977599997801,6.872635561160152,5.0,0.0499750205576568,True,86,shapley-20260606T024831Z-1670e62a,shapley,conditional,A,True,False,2.0,2.0
1.0354458774839128,0.6421110374586922,0.6421110374586922,0.3416848352977207,0.3755327505724771,7.870629242488316,0.932883232831955,0.5600864291191101,0.5600864291191101,0.2903701514005661,0.3371453434228897,7.459662914276123,0.0499750205576568,0.8,0.001,87,0.0620159999998577,5.691993599997659,6.795511221945134,5.0,0.0509750205576568,True,87,shapley-20260606T024831Z-1670e62a,shapley,conditional,A,True,False,2.0,2.0
1.0380947930472235,0.6464943289756775,0.6464943204607282,0.3444716802665165,0.3775282970496586,7.682202611650739,0.9498551189899443,0.572573184967041,0.572573184967041,0.2981765419244766,0.3429957926273346,7.401310443878174,0.0509750205576568,0.8,0.001,88,0.060541099999682,5.752534699997341,6.720098643649813,5.0,0.0519750205576569,True,88,shapley-20260606T024831Z-1670e62a,shapley,conditional,A,True,False,2.0,2.0
1.0478134155273438,0.6529421806335449,0.6529421891484942,0.3467010642801012,0.3828014007636479,7.597327368600028,0.9430643916130066,0.5621621310710907,0.5621621310710907,0.2915798276662826,0.3382278680801391,7.328564405441284,0.0519750205576569,0.8,0.001,89,0.06018849999964,5.812723199996981,6.646341463414636,5.0,0.0529750205576569,True,89,shapley-20260606T024831Z-1670e62a,shapley,conditional,A,True,False,2.0,2.0
1.0131031019347054,0.613155552319118,0.6520245160375323,0.3464173035962241,0.3820089910711561,7.54973840713501,0.9558467864990234,0.5679545700550079,0.5679545700550079,0.2920264899730682,0.3449100852012634,7.322171688079834,0.0529750205576569,0.8,0.001,90,0.0681235000010929,5.880846699998074,6.57418576598311,5.0,0.0539750205576569,True,90,shapley-20260606T024831Z-1670e62a,shapley,conditional,A,True,True,3.0,3.0
1.0208554097584317,0.6149471657616752,0.659191199711391,0.3466368062155587,0.3906929876123156,7.520297867911203,0.9613775610923768,0.5757663249969482,0.5757663249969482,0.2962495982646942,0.3493959456682205,7.144254207611084,0.0539750205576569,0.8,0.001,91,0.0626693999984127,5.9435160999964864,6.503579952267302,5.0,0.0549750205576569,True,91,shapley-20260606T024831Z-1670e62a,shapley,conditional,A,True,True,3.0,3.0
1.030420456613813,0.6170450108391898,0.6652712396212986,0.3479412368365696,0.3966624907084873,7.519332340785435,0.9564817547798156,0.5753622651100159,0.5753622651100159,0.2949767857789993,0.3504818379878998,6.93259334564209,0.0549750205576569,0.8,0.001,92,0.0654093000011926,6.008925399997679,6.434474616292796,5.0,0.0559750205576569,True,92,shapley-20260606T024831Z-1670e62a,shapley,conditional,A,True,True,3.0,3.0
1.035879067012242,0.6277873260634286,0.67282577923366,0.3555742927959987,0.3965643601758139,7.290604455130441,0.9853536486625672,0.5793518424034119,0.5793518722057343,0.297632485628128,0.3521492183208465,7.253267765045166,0.0559750205576569,0.8,0.001,93,0.0692780999997921,6.078203499997471,6.3668224299065415,5.0,0.0569750205576569,True,93,shapley-20260606T024831Z-1670e62a,shapley,conditional,A,True,True,3.0,3.0
1.0420187882014684,0.6275297488485064,0.671524431024279,0.3538067766598293,0.3971470636980874,7.274925231933594,0.9741127789020538,0.5715943872928619,0.5715943872928619,0.2926713675260544,0.3486537784337997,7.06482195854187,0.0569750205576569,0.8,0.001,94,0.0662540000012086,6.14445749999868,6.300578034682083,5.0,0.0579750205576569,True,94,shapley-20260606T024831Z-1670e62a,shapley,conditional,A,True,True,3.0,3.0
1.0382274900163924,0.6274581977299282,0.6742803709847587,0.3527306531156812,0.4019371398857662,7.08528116771153,0.9536737501621246,0.5844933390617371,0.5844933390617371,0.301588624715805,0.3536308705806732,6.367922067642212,0.0579750205576569,0.8,0.001,95,0.0628122999987681,6.207269799997448,6.235697940503435,5.0,0.0589750205576569,True,95,shapley-20260606T024831Z-1670e62a,shapley,conditional,A,True,True,3.0,3.0
1.0599921090262276,0.6327406167984009,0.6795679160526821,0.3568122855254582,0.4034445328371865,7.244618143354144,0.9626427292823792,0.5797867178916931,0.5797867178916931,0.2985265105962753,0.3515752404928207,6.491833686828613,0.0589750205576569,0.8,0.001,96,0.0667154000002483,6.273985199997696,6.172140430351078,5.0,0.0599750205576569,True,96,shapley-20260606T024831Z-1670e62a,shapley,conditional,A,True,True,3.0,3.0
1.0500320536749703,0.635473200253078,0.6854953680719648,0.3595181448119027,0.4074715375900268,6.912191799708775,0.9872240126132964,0.5796009600162506,0.5796009302139282,0.2975404411554336,0.3525756001472473,6.796546459197998,0.0599750205576569,0.8,0.001,97,0.0686898000021756,6.342674999999872,6.109865470852014,5.0,0.0609750205576569,True,97,shapley-20260606T024831Z-1670e62a,shapley,conditional,A,True,True,3.0,3.0
1.0605169704982214,0.6450045108795166,0.6921507205281939,0.3653259021895272,0.4085310186658586,6.814470427376883,1.0058874487876892,0.5833781957626343,0.5833781659603119,0.3004382848739624,0.3536748439073562,6.929219007492065,0.0609750205576569,0.8,0.001,98,0.0696475000004284,6.4123225000003,6.048834628190896,5.0,0.0619750205576569,True,98,shapley-20260606T024831Z-1670e62a,shapley,conditional,A,True,True,3.0,3.0
1.068631444658552,0.6472802247319903,0.699644114289965,0.3673081142561776,0.415419978754861,6.798726490565708,0.9825102090835572,0.5802517533302307,0.5802517533302307,0.2982579916715622,0.3524921983480453,6.490653991699219,0.0619750205576569,0.8,0.001,99,0.0642834000027505,6.476605900003051,5.989010989010993,5.0,0.0629750205576569,True,99,shapley-20260606T024831Z-1670e62a,shapley,conditional,A,True,True,3.0,3.0
1.0671338183539254,0.6374468037060329,0.6882821151188442,0.3616941613810403,0.4082349325929369,6.823134081704276,0.9765703082084656,0.5871407389640808,0.5871407389640808,0.3033217489719391,0.3547737151384353,6.183873891830444,0.0629750205576569,0.8,0.001,100,0.0703911999989941,6.546997100002045,5.930359085963005,5.0,0.0639750205576569,True,100,shapley-20260606T024831Z-1670e62a,shapley,conditional,A,True,True,3.0,3.0
1.079702377319336,0.6421680705887931,0.694223770073482,0.3635468482971191,0.4133461373192923,6.8391425268990655,0.9894186854362488,0.5847376585006714,0.5847376585006714,0.3011766523122787,0.3544512689113617,6.325609445571899,0.0639750205576569,0.8,0.001,101,0.0647839999983261,6.611781100000371,5.872844827586206,5.0,0.0649750205576569,True,101,shapley-20260606T024831Z-1670e62a,shapley,conditional,A,True,True,3.0,3.0
1.0867232935769218,0.6575417263167245,0.7080194098608834,0.3744335046836308,0.4169823697635105,6.605331693376813,0.9986910223960876,0.5824838876724243,0.5824838578701019,0.2997835725545883,0.3533753603696823,6.4056477546691895,0.0649750205576569,0.8,0.001,102,0.0641078999979072,6.675888999998279,5.81643543223052,5.0,0.0659750205576569,True,102,shapley-20260606T024831Z-1670e62a,shapley,conditional,A,True,True,3.0,3.0
1.084083352770124,0.6482211181095668,0.7024579388754708,0.3695432714053562,0.4161433449813297,6.60647439956665,0.9969188272953032,0.5951578617095947,0.5951578617095947,0.3070572018623352,0.3601258397102356,6.089592218399048,0.0659750205576569,0.8,0.001,103,0.0649167000010493,6.740805699999328,5.761099365750525,5.0,0.0669750205576569,True,103,shapley-20260606T024831Z-1670e62a,shapley,conditional,A,True,True,3.0,3.0
1.092586840902056,0.6532996211733136,0.7077756524085999,0.3703757013593401,0.4217499366828373,6.558970928192139,1.0161442160606384,0.5897092223167419,0.5897091925144196,0.3038817197084427,0.357284352183342,6.367075443267822,0.0669750205576569,0.8,0.001,104,0.0721694000021671,6.812975100001495,5.706806282722511,5.0,0.0679750205576569,True,104,shapley-20260606T024831Z-1670e62a,shapley,conditional,A,True,True,3.0,3.0
1.1084511961255754,0.671298256942204,0.7251995461327689,0.3810829647949764,0.4301457277366093,6.431081771850586,1.0259597897529602,0.5852946937084198,0.5852946937084198,0.3007363080978393,0.3556979596614837,6.482750415802002,0.0679750205576569,0.8,0.001,105,0.0670320999997784,6.880007200001273,5.65352697095436,5.0,0.0689750205576569,True,105,shapley-20260606T024831Z-1670e62a,shapley,conditional,A,True,True,3.0,3.0
1.104926926749093,0.6564388871192932,0.7076901367732457,0.3727384975978306,0.4186895404543195,6.50218003136771,0.9970353841781616,0.5925025641918182,0.5925025641918182,0.306157723069191,0.3579310625791549,5.864917278289795,0.0689750205576569,0.8,0.001,106,0.0672769000011612,6.947284100002435,5.601233299075027,5.0,0.0699750205576569,True,106,shapley-20260606T024831Z-1670e62a,shapley,conditional,A,True,True,3.0,3.0
1.11635650907244,0.6682594673974174,0.7201872042247227,0.3806010825293405,0.4244826308318546,6.403671605246408,1.0175127983093262,0.5931573808193207,0.5931573808193207,0.3064393848180771,0.3583974987268448,6.0643839836120605,0.0699750205576569,0.8,0.001,107,0.0688794999987294,7.016163600001164,5.549898167006106,5.0,0.0709750205576569,True,107,shapley-20260606T024831Z-1670e62a,shapley,conditional,A,True,True,3.0,3.0
1.1197044508797782,0.676689795085362,0.7320799742426191,0.3853542293821062,0.4334071661744799,6.241839136396136,1.0339295864105225,0.5981781482696533,0.5981781482696533,0.3084850758314132,0.3621163368225097,6.139504671096802,0.0709750205576569,0.8,0.001,108,0.0705810999970708,7.086744699998235,5.499495459132191,5.0,0.0719750205576569,True,108,shapley-20260606T024831Z-1670e62a,shapley,conditional,A,True,True,3.0,3.0
1.1176637751715524,0.6603801335607257,0.7132857441902161,0.3759099883692605,0.4217196873256138,6.353365625653948,1.0171830654144287,0.5948893427848816,0.5948893129825592,0.3061896413564682,0.360874593257904,5.8672263622283936,0.0719750205576569,0.8,0.001,109,0.0687298999982886,7.155474599996524,5.450000000000003,5.0,0.0729750205576569,True,109,shapley-20260606T024831Z-1670e62a,shapley,conditional,A,True,True,3.0,3.0
1.12452004637037,0.6716757501874652,0.7330468382154193,0.3844464038099561,0.435750527041299,6.205469880785261,1.0261901021003723,0.5980767607688904,0.5980767607688904,0.308732345700264,0.3616805225610733,5.866574048995972,0.0729750205576569,0.8,0.001,110,0.0637873999985458,7.219261999995069,5.401387512388503,5.0,0.0739750205576569,True,110,shapley-20260606T024831Z-1670e62a,shapley,conditional,A,True,True,4.0,4.0
1.1280543463570731,0.6789554612977164,0.7365069304193769,0.3890921260629381,0.4342684958662305,6.070953505379813,1.0474919080734253,0.6023609638214111,0.6023609638214111,0.3102944642305374,0.3650831282138824,6.017314910888672,0.0739750205576569,0.8,0.001,111,0.0643650000019988,7.283626999997068,5.353634577603145,5.0,0.0749750205576569,True,111,shapley-20260606T024831Z-1670e62a,shapley,conditional,A,True,True,4.0,4.0
1.1374797139848982,0.6728372573852539,0.7335302063396999,0.3858722490923745,0.4345724369798387,6.197296687534878,1.017343282699585,0.5966849029064178,0.5966849029064178,0.3055827021598816,0.3638777434825897,5.610646963119507,0.0749750205576569,0.8,0.001,112,0.0633760999990045,7.347003099996073,5.306718597857838,5.0,0.0759750205576569,True,112,shapley-20260606T024831Z-1670e62a,shapley,conditional,A,True,True,4.0,4.0
1.14942353112357,0.686643089566912,0.7469583324023655,0.3930416107177734,0.4423958914620535,6.091217790331159,1.0427654385566711,0.6123749315738678,0.6123749315738678,0.3169226795434952,0.3693153113126755,5.664894342422485,0.0759750205576569,0.8,0.001,113,0.0722392999996373,7.41924239999571,5.260617760617762,5.0,0.0769750205576569,True,113,shapley-20260606T024831Z-1670e62a,shapley,conditional,A,True,True,4.0,4.0
1.1555035625185286,0.6875264814921788,0.7498624324798584,0.3937708437442779,0.4451144933700561,6.079597132546561,1.0551385879516602,0.603512316942215,0.603512316942215,0.310739666223526,0.3659657984972,5.86717963218689,0.0769750205576569,0.8,0.001,114,0.0712454999993497,7.49048789999506,5.215311004784688,5.0,0.0779750205576569,True,114,shapley-20260606T024831Z-1670e62a,shapley,conditional,A,True,True,4.0,4.0
1.1546211412974767,0.7004365921020508,0.7611832107816424,0.401744042124067,0.4492989693369184,5.824744156428745,1.0714156031608582,0.6112548410892487,0.6112548410892487,0.3169946223497391,0.3678252696990967,5.9013872146606445,0.0779750205576569,0.8,0.001,115,0.0711622000017087,7.561650099996768,5.170777988614802,5.0,0.0789750205576569,True,115,shapley-20260606T024831Z-1670e62a,shapley,conditional,A,True,True,4.0,4.0
1.1566756793430872,0.6897291796548026,0.748860878603799,0.3957421779632568,0.4413983694144657,5.9125847816467285,1.0417881608009338,0.6090334057807922,0.6090334057807922,0.314676433801651,0.3679461628198623,5.479640245437622,0.0789750205576569,0.8,0.001,116,0.0638751000005868,7.625525199997355,5.126999059266225,5.0,0.0799750205576569,True,116,shapley-20260606T024831Z-1670e62a,shapley,conditional,A,True,True,4.0,4.0
1.157990608896528,0.6894659314836774,0.7524704081671578,0.3949786892959049,0.4468646390097482,5.858387742723737,1.0466458201408386,0.6199263632297516,0.6199263632297516,0.3228873163461685,0.3712988048791885,5.3356592655181885,0.0799750205576569,0.8,0.001,117,0.0650209000014001,7.690546099998755,5.083955223880601,5.0,0.0809750205576569,True,117,shapley-20260606T024831Z-1670e62a,shapley,conditional,A,True,True,4.0,4.0
1.1648757287434168,0.7175842864172799,0.775982780115945,0.4108457054410662,0.4564213369573865,5.523820195879255,1.062574565410614,0.6094469726085663,0.6094470322132111,0.3147786408662796,0.3683354556560516,5.595893383026123,0.0809750205576569,0.8,0.001,118,0.0618576000015309,7.752403700000286,5.04162812210916,5.0,0.0819750205576569,True,118,shapley-20260606T024831Z-1670e62a,shapley,conditional,A,True,True,4.0,4.0
1.1595396484647478,0.6946695702416557,0.7597975305148533,0.3990782158715384,0.450899132660457,5.670874663761684,1.0417193174362185,0.6166173219680786,0.6166173219680786,0.3194487392902374,0.3714607208967209,5.185750722885132,0.0819750205576569,0.8,0.001,119,0.0652599999993981,7.817663699999684,5.0,5.0,0.0829750205576569,True,119,shapley-20260606T024831Z-1670e62a,shapley,conditional,A,True,True,4.0,4.0
1.1812225409916468,0.7088062763214111,0.7701270069394793,0.4055827217442648,0.4556803405284881,5.6934758595057895,1.056147038936615,0.6185555458068848,0.6185555458068848,0.3202170729637146,0.3729230612516403,5.273773908615112,0.0829750205576569,0.8,0.001,120,0.0618267999998352,7.87949049999952,5.0,5.0,0.085712759643808,True,120,shapley-20260606T024831Z-1670e62a,shapley,conditional,A,True,True,4.0,4.0
1.205129197665623,0.7271409375326974,0.790099058832441,0.4159869040761675,0.4676401828016553,5.5766288212367465,1.0893114805221558,0.6180471777915955,0.6180471479892731,0.320063441991806,0.3724796026945114,5.498181104660034,0.085712759643808,0.8,0.001,121,0.063191099998221,7.942681599997741,5.0,5.0,0.0906945706904083,True,121,shapley-20260606T024831Z-1670e62a,shapley,conditional,A,True,True,4.0,4.0
1.2280953441347395,0.7322926947048732,0.7930209296090263,0.4170708102839334,0.469937652349472,5.466728823525565,1.0791825652122498,0.624998927116394,0.6249989569187164,0.3234674632549286,0.376914381980896,5.007837295532227,0.0906945706904083,0.8,0.001,122,0.0644964999992225,8.007178099996963,5.0,5.0,0.0907729436457306,True,122,shapley-20260606T024831Z-1670e62a,shapley,conditional,A,True,True,4.0,4.0
1.2178140878677368,0.7249418326786586,0.7876812985965184,0.4158571873392377,0.4647801348141261,5.429726668766567,1.0700774788856506,0.6298601627349854,0.6298601627349854,0.3273891359567642,0.3780887722969055,4.849653482437134,0.0907729436457306,0.8,0.001,123,0.0643847999999707,8.071562899996934,5.0,5.0,0.0892694784701019,True,123,shapley-20260606T024831Z-1670e62a,shapley,conditional,A,True,True,4.0,4.0
1.2194032839366369,0.7433880226952689,0.8120289019175938,0.4256788407053266,0.4829375786440713,5.332340649196079,1.0879786610603333,0.6235260367393494,0.6235260367393494,0.3230706006288528,0.3755692988634109,5.202815055847168,0.0892694784701019,0.8,0.001,124,0.0636978000002272,8.135260699997161,5.0,5.0,0.0912976290285736,True,124,shapley-20260606T024831Z-1670e62a,shapley,conditional,A,True,True,4.0,4.0
1.2110053130558558,0.7308350375720433,0.7912750669888088,0.4184404058115823,0.4660433232784271,5.259395054408482,1.0840262174606323,0.632024496793747,0.6320244669914246,0.3278281539678573,0.3802454024553299,4.950859546661377,0.0912976290285736,0.8,0.001,125,0.0626867999999376,8.197947499997099,5.0,5.0,0.0908062244951874,True,125,shapley-20260606T024831Z-1670e62a,shapley,conditional,A,True,True,4.0,4.0
1.205982072012765,0.7315225771495274,0.7921245609010968,0.4196041652134487,0.465650520154408,5.224966934749058,1.0955266952514648,0.6212666034698486,0.6212666034698486,0.3206682801246643,0.3757479339838028,5.222770929336548,0.0908062244951874,0.8,0.0007,126,0.0648129000001063,8.262760399997205,5.0,5.0,0.0930339337885529,True,126,shapley-20260606T024831Z-1670e62a,shapley,conditional,A,True,True,4.0,4.0
1.2269563334328788,0.7237075652394976,0.791508538382394,0.4153788430350167,0.4701621106692722,5.409303597041538,1.0795647501945496,0.6286102831363678,0.6286102831363678,0.3244661837816238,0.3801801204681396,4.847204685211182,0.0930339337885529,0.8,0.0007,127,0.0623847999995632,8.325145199996768,5.0,5.0,0.0915059806406647,True,127,shapley-20260606T024831Z-1670e62a,shapley,conditional,A,True,True,4.0,4.0
1.208029866218567,0.7250667554991586,0.7889893736158099,0.4167368028845106,0.4653157080922808,5.2779403414045065,1.1086325645446775,0.6225540935993195,0.6225540935993195,0.3210008144378662,0.3769416064023971,5.31198525428772,0.0915059806406647,0.8,0.0007,128,0.0695391000008385,8.394684299997607,5.0,5.0,0.0946258331835419,True,128,shapley-20260606T024831Z-1670e62a,shapley,conditional,A,True,True,4.0,4.0
1.2312960454395838,0.7336141126496452,0.8014543311936515,0.42051962018013,0.4761683898312704,5.259472165788923,1.0799317955970764,0.6245045959949493,0.624504566192627,0.323103204369545,0.3767517060041427,4.812926530838013,0.0946258331835419,0.8,0.0007,129,0.0707581999995454,8.465442499997152,5.0,5.0,0.092755098491922,True,129,shapley-20260606T024831Z-1670e62a,shapley,conditional,A,True,True,4.0,4.0
1.2047308342797416,0.7203969529696873,0.7870960235595703,0.4130953635488237,0.4675008271421705,5.221641540527344,1.0964076519012451,0.6295203268527985,0.6295202970504761,0.3256148993968963,0.3798817694187164,5.033548831939697,0.092755098491922,0.8,0.0007,130,0.0637378999999782,8.52918039999713,5.0,5.0,0.093090586811319,True,130,shapley-20260606T024831Z-1670e62a,shapley,conditional,A,True,True,5.0,5.0
1.2186783722468786,0.7393410631588527,0.807751442704882,0.4243624806404114,0.4792362068380628,5.149149077279227,1.086680829524994,0.6313957571983337,0.6313957571983337,0.3272838890552521,0.3801398277282715,4.890774488449097,0.093090586811319,0.8,0.00049,131,0.0625456000016129,8.591725999998744,5.0,5.0,0.0919983316958099,True,131,shapley-20260606T024831Z-1670e62a,shapley,conditional,A,True,True,5.0,5.0
1.2060340302331107,0.715201028755733,0.7840961388179234,0.4113561425890241,0.4659249867711748,5.33523804800851,1.102680265903473,0.620526909828186,0.620526909828186,0.3209179043769836,0.3745112717151642,5.240892648696899,0.0919983316958099,0.8,0.00049,132,0.0625207999983104,8.654246799997054,5.0,5.0,0.0944072581827789,True,132,shapley-20260606T024831Z-1670e62a,shapley,conditional,A,True,True,5.0,5.0
1.2117366279874529,0.7206567525863647,0.7855212688446045,0.4156346917152405,0.4623582107680185,5.201717444828579,1.063934564590454,0.6261309683322906,0.6261309683322906,0.3247878551483154,0.3766788840293884,4.637393236160278,0.0944072581827789,0.8,0.00049,133,0.0715467000009084,8.725793499997962,5.0,5.0,0.0907811905443817,True,133,shapley-20260606T024831Z-1670e62a,shapley,conditional,A,True,True,5.0,5.0
1.1875025374548775,0.7238125290189471,0.7904101184436253,0.4145571632044656,0.4698161823408944,5.107776301247733,1.1009026765823364,0.6222315430641174,0.6222315430641174,0.3210125714540481,0.3765237182378769,5.272801160812378,0.0907811905443817,0.8,0.00049,134,0.0699190999985148,8.795712599996477,5.0,5.0,0.0935092021525055,True,134,shapley-20260606T024831Z-1670e62a,shapley,conditional,A,True,True,5.0,5.0
1.2170402322496687,0.7131584797586713,0.7797787189483643,0.4099178527082716,0.4623260923794338,5.388579232352121,1.0826417803764343,0.6232753694057465,0.6232753992080688,0.3220545351505279,0.3765260726213455,4.9125261306762695,0.0935092021525055,0.8,0.00049,135,0.0650824000003922,8.86079499999687,5.0,5.0,0.0926344634592682,True,135,shapley-20260606T024831Z-1670e62a,shapley,conditional,A,True,True,5.0,5.0
1.2042389937809534,0.7187643817492894,0.7888986979212079,0.4131492461477007,0.4696868104594094,5.240755898611886,1.0861116647720337,0.6206668615341187,0.6206668317317963,0.320068746805191,0.3757475763559341,5.024531841278076,0.0926344634592682,0.8,0.000343,136,0.0702865999992354,8.931081599996105,5.0,5.0,0.092879781872049,True,136,shapley-20260606T024831Z-1670e62a,shapley,conditional,A,True,True,5.0,5.0
1.19225309576307,0.707013087613242,0.7738720093454633,0.4065386695521218,0.4591666843209948,5.224388122558594,1.0674833059310913,0.6162505745887756,0.6162505745887756,0.3177894204854965,0.3730764240026474,4.858245134353638,0.092879781872049,0.8,0.000343,137,0.0666313999972771,8.997712999993382,5.0,5.0,0.0914622332155853,True,137,shapley-20260606T024831Z-1670e62a,shapley,conditional,A,True,True,5.0,5.0
1.196735978126526,0.7237427745546613,0.7938155787331718,0.4147879779338836,0.4737844807761056,5.1714591298784525,1.085333228111267,0.6175014674663544,0.6175014674663544,0.3187804073095321,0.3734012991189956,5.115026950836182,0.0914622332155853,0.8,0.000343,138,0.0625607000001764,9.06027369999356,5.0,5.0,0.0926125027239472,True,138,shapley-20260606T024831Z-1670e62a,shapley,conditional,A,True,True,5.0,5.0
1.1856446777071272,0.685103782585689,0.7542640481676374,0.3940824312823159,0.4502270179135458,5.404679162161691,1.0884400010108948,0.6218122243881226,0.621812254190445,0.3214519470930099,0.3754504024982452,5.038496494293213,0.0926125027239472,0.8,0.000343,139,0.0665857999993022,9.12685949999286,5.0,5.0,0.0929974676668793,True,139,shapley-20260606T024831Z-1670e62a,shapley,conditional,A,True,True,5.0,5.0
1.201359680720738,0.7193896685327802,0.7867635573659625,0.4142034181526729,0.4657001750809805,5.182614530835833,1.0796653032302856,0.6220605373382568,0.6220605373382568,0.3215372264385223,0.3756541013717651,4.920615196228027,0.0929974676668793,0.8,0.000343,140,0.0642938000019057,9.191153299994768,5.0,5.0,0.0922036196291595,True,140,shapley-20260606T024831Z-1670e62a,shapley,conditional,A,True,True,5.0,5.0
1.1891771044049944,0.7108709727014814,0.7769526754106794,0.4096781824316297,0.4590931151594434,5.187498569488525,1.0763587355613708,0.6217708885669708,0.6217709183692932,0.3214577287435531,0.3753914535045624,4.930260896682739,0.0922036196291595,0.8,0.000343,141,0.0625163999975484,9.253669699992315,5.0,5.0,0.0915062285959869,True,141,shapley-20260606T024831Z-1670e62a,shapley,conditional,A,True,True,5.0,5.0
1.187812668936593,0.716035681111472,0.780402558190482,0.4114003138882773,0.4612527830260141,5.15568174634661,1.0753065347671509,0.6225332915782928,0.6225332915782928,0.322083055973053,0.375562772154808,4.948004484176636,0.0915062285959869,0.8,0.000343,142,0.0638394999987213,9.317509199991036,5.0,5.0,0.0909862734377533,True,142,shapley-20260606T024831Z-1670e62a,shapley,conditional,A,True,True,5.0,5.0
1.1990015847342357,0.706555255821773,0.771797639983041,0.4066677306379591,0.4564123707158224,5.412314210619245,1.0837627053260803,0.6194636821746826,0.6194636821746826,0.3200315535068512,0.3742901533842087,5.102956771850586,0.0909862734377533,0.8,0.000343,143,0.0630879999989701,9.380597199990008,5.0,5.0,0.0920158411562592,True,143,shapley-20260606T024831Z-1670e62a,shapley,conditional,A,True,True,5.0,5.0
1.195003288132804,0.7123484270913261,0.778515270778111,0.4098967867238181,0.4607731018747602,5.245345047542027,1.068028688430786,0.6188700199127197,0.6188700199127197,0.3195781111717224,0.3741148859262466,4.881319046020508,0.0920158411562592,0.8,0.000343,144,0.0662310000006982,9.446828199990703,5.0,5.0,0.0908290316164642,True,144,shapley-20260606T024831Z-1670e62a,shapley,conditional,A,True,True,5.0,5.0
1.1854423454829626,0.7171828491347176,0.7867541824068341,0.4134404105799539,0.4666422009468078,5.155394962855747,1.074715435504913,0.6161729097366333,0.6161729097366333,0.3179133236408233,0.3728244751691818,5.048413991928101,0.0908290316164642,0.8,0.0002400999999999,145,0.0654450000001816,9.512273199990886,5.0,5.0,0.0913131715357452,True,145,shapley-20260606T024831Z-1670e62a,shapley,conditional,A,True,True,5.0,5.0
1.1799493517194477,0.690595805644989,0.7573297194072178,0.398142899785723,0.4489835160119192,5.359069211142404,1.0764546990394592,0.615381121635437,0.615381121635437,0.317594438791275,0.3722333163022995,5.049365282058716,0.0913131715357452,0.8,0.0002400999999999,146,0.0728237000002991,9.585096899991186,5.0,5.0,0.0918068243563324,True,146,shapley-20260606T024831Z-1670e62a,shapley,conditional,A,True,True,5.0,5.0
1.1767051560538155,0.6965185063225883,0.7639307464872088,0.4005810916423797,0.4541870696204049,5.230402742113386,1.066665232181549,0.614531934261322,0.614531934261322,0.3168394267559051,0.3721156269311905,4.924833536148071,0.0918068243563324,0.8,0.0002400999999999,147,0.0691337999996903,9.654230699990876,5.0,5.0,0.0910551597178131,True,147,shapley-20260606T024831Z-1670e62a,shapley,conditional,A,True,True,5.0,5.0
1.1819776466914589,0.7091663139207023,0.7782415917941502,0.4073115289211273,0.4636625690119607,5.192581312997,1.0695742964744568,0.6144769489765167,0.6144769191741943,0.3167805820703506,0.3721204400062561,4.998040199279785,0.0910551597178131,0.8,0.0002400999999999,148,0.0664087000004656,9.720639399991342,5.0,5.0,0.091035561710611,True,148,shapley-20260606T024831Z-1670e62a,shapley,conditional,A,True,True,5.0,5.0
1.1790143762316023,0.698811948299408,0.7667489307267326,0.4023571951048715,0.4554896695273263,5.274888379233224,1.0716655254364014,0.6153039038181305,0.6153039336204529,0.3172867596149444,0.3725214153528213,5.0130040645599365,0.091035561710611,0.8,0.0002400999999999,149,0.070543899997574,9.791183299988916,5.0,5.0,0.0911656023562103,True,149,shapley-20260606T024831Z-1670e62a,shapley,conditional,A,True,True,5.0,5.0
1.1793571710586548,0.6987111653600421,0.7663219315665108,0.4016543797084263,0.4558344398226057,5.272229807717459,1.0714113116264343,0.6141184568405151,0.6141184866428375,0.3166299015283584,0.3718607127666473,5.016067981719971,0.0911656023562103,0.8,0.0001680699999999,150,0.0692615000007208,9.860444799989637,5.0,5.0,0.09132628217341,True,150,shapley-20260606T024831Z-1670e62a,shapley,conditional,A,True,True,5.0,5.0
1.1727922303336007,0.6945669565882001,0.7655400037765503,0.4006643465587071,0.4560945587498801,5.236447538648333,1.0663926601409912,0.6133214235305786,0.6133214235305786,0.3161486536264419,0.3714659512042999,4.961016893386841,0.09132628217341,0.8,0.0001680699999999,151,0.0624419000014313,9.922886699991068,5.0,5.0,0.0909364511072784,True,151,shapley-20260606T024831Z-1670e62a,shapley,conditional,A,True,True,5.0,5.0
1.1734586102621896,0.701119601726532,0.7661422491073608,0.4032113424369267,0.4536636216299874,5.194165910993304,1.0657291412353516,0.6131992936134338,0.6131992936134338,0.3159253895282745,0.3715923726558685,4.976330280303955,0.0909364511072784,0.8,0.0001680699999999,152,0.068692099997861,9.991578799988927,5.0,5.0,0.090699753910318,True,152,shapley-20260606T024831Z-1670e62a,shapley,conditional,A,True,True,5.0,5.0
1.1783579247338432,0.6972789253507342,0.7643018620354789,0.4009429556982858,0.4541986244065421,5.304082938602993,1.076064109802246,0.6123685538768768,0.6123685836791992,0.3151609301567077,0.3715095520019531,5.112423419952393,0.090699753910318,0.8,0.0001680699999999,153,0.0633097999998426,10.054888599988772,5.0,5.0,0.0918239881098419,True,153,shapley-20260606T024831Z-1670e62a,shapley,conditional,A,True,True,5.0,5.0
1.184279135295323,0.6936084968703133,0.7621244532721383,0.39917767899377,0.4536834614617483,5.34359986441476,1.0696008801460266,0.6118542850017548,0.6118542850017548,0.3149321228265762,0.3711526691913605,4.98504376411438,0.0918239881098419,0.8,0.0001680699999999,154,0.0681445999980496,10.12303319998682,5.0,5.0,0.0916744257509857,True,154,shapley-20260606T024831Z-1670e62a,shapley,conditional,A,True,True,5.0,5.0
1.1858002969196864,0.7065453444208417,0.7761000309671674,0.406009921005794,0.4626126331942422,5.22779335294451,1.0662012696266174,0.610888659954071,0.610888659954071,0.3144177347421646,0.3705886602401733,4.966626405715942,0.0916744257509857,0.8,0.0001176489999999,155,0.0726842000003671,10.195717399987188,5.0,5.0,0.0913406898081451,True,155,shapley-20260606T024831Z-1670e62a,shapley,conditional,A,True,True,5.0,5.0
1.1811219453811646,0.6981241362435477,0.7674511671066284,0.401216596364975,0.4577931932040623,5.287871088300433,1.075147271156311,0.6110084652900696,0.6110084652900696,0.3143068999052048,0.3708769679069519,5.081402540206909,0.0913406898081451,0.8,0.0001176489999999,156,0.0642178000016429,10.259935199988831,5.0,5.0,0.0921547152102142,True,156,shapley-20260606T024831Z-1670e62a,shapley,conditional,A,True,True,5.0,5.0
1.1864163875579834,0.6935390915189471,0.7633260658809117,0.4006669649056026,0.4533238623823438,5.348367486681257,1.076374351978302,0.6115180552005768,0.6115180552005768,0.3145275861024856,0.3712380826473236,5.044302463531494,0.0921547152102142,0.8,0.0001176489999999,157,0.0675231000022904,10.327458299991122,5.0,5.0,0.0925977398455292,True,157,shapley-20260606T024831Z-1670e62a,shapley,conditional,A,True,True,5.0,5.0
1.1878270762307304,0.7018679806164333,0.772404500416347,0.4040475402559553,0.4604461746556418,5.2480669021606445,1.0711472034454346,0.6131232678890228,0.6131232976913452,0.3157406002283096,0.3717283457517624,4.946383476257324,0.0925977398455292,0.8,0.0001176489999999,158,0.0626479999991715,10.390106299990292,5.0,5.0,0.0920615746081024,True,158,shapley-20260606T024831Z-1670e62a,shapley,conditional,A,True,True,5.0,5.0
1.1840945993150984,0.703997186252049,0.7713721564837864,0.4034008043152945,0.4599641902106149,5.214959962027414,1.073215126991272,0.6136338114738464,0.6136338114738464,0.3161566704511642,0.3718464076519012,4.992108583450317,0.0920615746081024,0.8,0.0001176489999999,159,0.0655629000029875,10.45566919999328,5.0,5.0,0.0919826604426056,True,159,shapley-20260606T024831Z-1670e62a,shapley,conditional,A,True,True,5.0,5.0
1.1856289420809063,0.7021227308682033,0.773872435092926,0.4040985788617815,0.462217309645244,5.2564930234636575,1.076785147190094,0.6139935255050659,0.6139935255050659,0.3162669688463211,0.3721581697463989,5.031291961669922,0.0919826604426056,0.8,8.235429999999999e-05,160,0.0699333999982627,10.525602599991544,5.0,5.0,0.0922955800593048,True,160,shapley-20260606T024831Z-1670e62a,shapley,conditional,A,True,True,5.0,5.0
1.1804109471184867,0.6961656638554165,0.7631722433226449,0.3996639975479671,0.4543852933815547,5.246678965432303,1.0720022320747375,0.6132388114929199,0.6132388114929199,0.3157183080911636,0.3719006329774856,4.970589637756348,0.0922955800593048,0.8,8.235429999999999e-05,161,0.0682463999983156,10.59384899998986,5.0,5.0,0.0920014764368683,True,161,shapley-20260606T024831Z-1670e62a,shapley,conditional,A,True,True,5.0,5.0
1.1863367557525637,0.7057275686945234,0.7758317589759827,0.4066359996795654,0.4614947055067335,5.223928655896868,1.0674540996551514,0.6124211847782135,0.6124211549758911,0.3153112083673477,0.3713874667882919,4.945930480957031,0.0920014764368683,0.8,8.235429999999999e-05,162,0.0660977000006823,10.659946699990542,5.0,5.0,0.0914607812464386,True,162,shapley-20260606T024831Z-1670e62a,shapley,conditional,A,True,True,5.0,5.0
1.1855448143822809,0.707197368144989,0.774498462677002,0.4060311147144863,0.4605841849531446,5.230082784380231,1.0722318887710571,0.6114655137062073,0.6114654839038849,0.3146671205759048,0.3709979206323623,5.037857055664063,0.0914607812464386,0.8,8.235429999999999e-05,163,0.062625400001707,10.722572099992249,5.0,5.0,0.0918393518030792,True,163,shapley-20260606T024831Z-1670e62a,shapley,conditional,A,True,True,5.0,5.0
1.1851414612361364,0.6958642261368888,0.7657790269170489,0.3996245903628213,0.4576930361134665,5.327533721923828,1.0783514976501465,0.6101506054401398,0.6101505756378174,0.3138966411352157,0.3703174144029617,5.098042249679565,0.0918393518030792,0.8,8.235429999999999e-05,164,0.0666582999983802,10.789230399990627,5.0,5.0,0.0928197742998749,True,164,shapley-20260606T024831Z-1670e62a,shapley,conditional,A,True,True,5.0,5.0
1.189072166170393,0.6949331675257001,0.7662435940333775,0.3987780213356018,0.4593319637434823,5.3236395972115655,1.0813801288604736,0.6102480888366699,0.6102480888366699,0.3140779584646225,0.3702126741409302,5.075772762298584,0.0928197742998749,0.8,5.764800999999999e-05,165,0.0625481999995827,10.851778599990212,5.0,5.0,0.0935775019228607,True,165,shapley-20260606T024831Z-1670e62a,shapley,conditional,A,True,True,5.0,5.0
1.1851829120091029,0.6855923107692173,0.7547992042132786,0.3953121304512024,0.4493588209152221,5.338789599282401,1.0806103944778442,0.6109738051891327,0.6109738051891327,0.3146286606788635,0.370431438088417,5.018691301345825,0.0935775019228607,0.8,5.764800999999999e-05,166,0.0659604000029503,10.917738999993162,5.0,5.0,0.093764414936319,True,166,shapley-20260606T024831Z-1670e62a,shapley,conditional,A,True,True,5.0,5.0
1.19585120677948,0.7049703342573983,0.7764220578329903,0.4052205766950335,0.4640018429074968,5.235257489340646,1.077623963356018,0.6110341250896454,0.6110341250896454,0.314681813120842,0.3704403936862945,4.976193428039551,0.093764414936319,0.8,5.764800999999999e-05,167,0.072878999999375,10.990617999992535,5.0,5.0,0.0935263492167145,True,167,shapley-20260606T024831Z-1670e62a,shapley,conditional,A,True,True,5.0,5.0
1.181579623903547,0.693216255732945,0.7611249004091535,0.3974786528519222,0.4545578019959586,5.221665859222412,1.0776398181915283,0.611295074224472,0.6112950146198273,0.3148121386766433,0.3706036210060119,4.986239671707153,0.0935263492167145,0.8,5.764800999999999e-05,168,0.0662496000004466,11.056867599992984,5.0,5.0,0.093388745933786,True,168,shapley-20260606T024831Z-1670e62a,shapley,conditional,A,True,True,5.0,5.0
1.1932034833090646,0.703359740121024,0.7682358622550964,0.4037723072937557,0.4555794383798326,5.245212009974888,1.0802345871925354,0.6107273101806641,0.6107273101806641,0.31449194252491,0.3702941983938217,5.027450084686279,0.093388745933786,0.8,5.764800999999999e-05,169,0.0665737000017543,11.123441299994738,5.0,5.0,0.0936632467806488,True,169,shapley-20260606T024831Z-1670e62a,shapley,conditional,A,True,True,5.0,5.0
1.1666427169527327,0.6736762608800616,0.7462264469691685,0.3893209312643323,0.4461318680218288,5.263179370335171,1.0790669322013855,0.6109746694564819,0.6109746694564819,0.3146850913763046,0.3703619837760925,4.9976091384887695,0.0936632467806488,0.8,4.035360699999999e-05,170,0.0678730999970866,11.191314399991825,5.0,5.0,0.0936393381655365,True,170,shapley-20260606T024831Z-1670e62a,shapley,conditional,A,True,True,6.0,6.0
1.1886462313788275,0.6989823579788208,0.7675625852176121,0.4043228966849191,0.4540496000221797,5.229253905160086,1.0770254135131836,0.6113497018814087,0.6113497018814087,0.3149963021278381,0.370441734790802,4.973078012466431,0.0936393381655365,0.8,4.035360699999999e-05,171,0.0650617999999667,11.256376199991792,5.0,5.0,0.0933701182902008,True,171,shapley-20260606T024831Z-1670e62a,shapley,conditional,A,True,True,6.0,6.0
1.1844651358468192,0.7003047381128583,0.7686326588903155,0.4051770056997026,0.4543195622307913,5.185389518737793,1.0756341814994812,0.611855536699295,0.6118555665016174,0.3152977377176285,0.3706972301006317,4.967098951339722,0.0933701182902008,0.8,4.035360699999999e-05,172,0.0650559999994584,11.32143219999125,5.0,5.0,0.093041107803598,True,172,shapley-20260606T024831Z-1670e62a,shapley,conditional,A,True,True,6.0,6.0
1.1781863485063826,0.6938736694199699,0.7675934519086566,0.4004128149577549,0.4589757919311523,5.205362456185477,1.0748793482780457,0.6116129457950592,0.6116129159927368,0.3151940703392029,0.3705235719680786,4.979158163070679,0.093041107803598,0.8,4.035360699999999e-05,173,0.0641795999981695,11.38561179998942,5.0,5.0,0.0928326894343048,True,173,shapley-20260606T024831Z-1670e62a,shapley,conditional,A,True,True,6.0,6.0
1.191247548375811,0.7047136425971985,0.7765223894800458,0.4074477255344391,0.4613433182239532,5.240975720541818,1.0761716961860657,0.6111243069171906,0.6111243367195129,0.3148864954710006,0.37029729783535,5.009521722793579,0.0928326894343048,0.8,4.035360699999999e-05,174,0.0657989999999699,11.45141079998939,5.0,5.0,0.0929279066622406,True,174,shapley-20260606T024831Z-1670e62a,shapley,conditional,A,True,True,6.0,6.0
1.1765187297548567,0.6848615748541695,0.761457085609436,0.3968362637928554,0.4557760187557765,5.290737288338797,1.0795528292655945,0.6110996305942535,0.6110996305942535,0.3149428516626358,0.3701959699392319,5.041038274765015,0.0929279066622406,0.8,4.035360699999999e-05,175,0.0657034000032581,11.517114199992648,5.0,5.0,0.0933382894098907,True,175,shapley-20260606T024831Z-1670e62a,shapley,conditional,A,True,True,6.0,6.0
1.1721690211977278,0.6809543796948024,0.7521116052355085,0.3946368736880166,0.4468434410435812,5.262734549386161,1.07912415266037,0.6110026836395264,0.611002653837204,0.3149970769882202,0.3700069785118103,5.015321254730225,0.0933382894098907,0.8,2.8247524899999997e-05,176,0.0624463000021933,11.57956049999484,5.0,5.0,0.093491501957193,True,176,shapley-20260606T024831Z-1670e62a,shapley,conditional,A,True,True,6.0,6.0
1.179358720779419,0.6878462093217033,0.7590596761022296,0.396036365202495,0.4537791184016636,5.257296085357666,1.077667057514191,0.6110384464263916,0.6110384166240692,0.3150767982006073,0.3699520379304886,4.99113392829895,0.093491501957193,0.8,2.8247524899999997e-05,177,0.0628876999981002,11.64244819999294,5.0,5.0,0.0934028412401825,True,177,shapley-20260606T024831Z-1670e62a,shapley,conditional,A,True,True,6.0,6.0
1.1762889112745012,0.6887876902307782,0.7598554151398795,0.398236129965101,0.4520240936960493,5.219340188162668,1.0764676332473757,0.6110564172267914,0.6110564172267914,0.3151369243860245,0.3698993772268295,4.982837915420532,0.0934028412401825,0.8,2.8247524899999997e-05,178,0.0651969999998982,11.70764519999284,5.0,5.0,0.0932312203943878,True,178,shapley-20260606T024831Z-1670e62a,shapley,conditional,A,True,True,6.0,6.0
1.175144978931972,0.688371309212276,0.7609211887632098,0.3987019615513937,0.4527740393366132,5.221144267490932,1.0749242901802063,0.6107761859893799,0.6107761859893799,0.3149042427539825,0.3698398917913437,4.978461980819702,0.0932312203943878,0.8,2.8247524899999997e-05,179,0.0617882999977155,11.769433499990557,5.0,5.0,0.0930158402025848,True,179,shapley-20260606T024831Z-1670e62a,shapley,conditional,A,True,True,6.0,6.0
1.1710130657468525,0.6853785003934588,0.7556969778878349,0.3974856904574803,0.4477641029017312,5.220987660544259,1.0727779269218445,0.6104269623756409,0.6104269325733185,0.3146829307079315,0.3696800172328949,4.97066855430603,0.0930158402025848,0.8,2.8247524899999997e-05,180,0.0646527999997488,11.834086299990304,5.0,5.0,0.0927225257456451,True,180,shapley-20260606T024831Z-1670e62a,shapley,conditional,A,True,True,6.0,6.0
1.1674792085375103,0.6853864789009094,0.7549373422350202,0.3962277088846479,0.4483870310442788,5.199305466243199,1.0700119137763977,0.6105211675167084,0.6105211675167084,0.314793199300766,0.3696599453687668,4.955545902252197,0.0927225257456451,0.8,1.9773267429999995e-05,181,0.0636187999989488,11.897705099989253,5.0,5.0,0.0922779847681671,True,181,shapley-20260606T024831Z-1670e62a,shapley,conditional,A,True,True,6.0,6.0
1.173795461654663,0.691730831350599,0.7614559360912868,0.3994035082204001,0.4525655210018158,5.224048478262765,1.0670954585075378,0.610520750284195,0.610520750284195,0.3148335367441177,0.3696089833974838,4.947818279266357,0.0922779847681671,0.8,1.9773267429999995e-05,182,0.0630012000001443,11.960706299989395,5.0,5.0,0.0917561675608307,True,182,shapley-20260606T024831Z-1670e62a,shapley,conditional,A,True,True,6.0,6.0
1.1715608835220337,0.6950864025524685,0.7671332614762443,0.4025713503360748,0.4557023814746311,5.192833491734096,1.0640193819999697,0.6104535758495331,0.6104535758495331,0.3147774338722229,0.3695951700210571,4.943164587020874,0.0917561675608307,0.8,1.9773267429999995e-05,183,0.0694693000004917,12.030175599989889,5.0,5.0,0.0911878134310394,True,183,shapley-20260606T024831Z-1670e62a,shapley,conditional,A,True,True,6.0,6.0
1.173888189452035,0.700437239238194,0.7687943066869464,0.4050009293215615,0.454741712127413,5.19204180581229,1.0628093481063845,0.6103573441505432,0.6103573441505432,0.3146607577800751,0.3696207553148269,4.961759805679321,0.0911878134310394,0.8,1.9773267429999995e-05,184,0.0667847000004258,12.096960299990316,5.0,5.0,0.0908054114878327,True,184,shapley-20260606T024831Z-1670e62a,shapley,conditional,A,True,True,6.0,6.0
1.17062475000109,0.6958262920379639,0.7677656667573112,0.4015049849237714,0.4578258395195007,5.228746209825788,1.0627477169036863,0.6100971102714539,0.6100971102714539,0.3144769370555877,0.3695251941680908,4.98484206199646,0.0908054114878327,0.8,1.9773267429999995e-05,185,0.0689918999996734,12.165952199989988,5.0,5.0,0.0906538321077972,True,185,shapley-20260606T024831Z-1670e62a,shapley,conditional,A,True,True,6.0,6.0
1.167852623122079,0.6915541631834847,0.7625899996076312,0.398118040391377,0.4555899330547878,5.254035677228655,1.0624151825904846,0.6099306046962738,0.6099305748939514,0.3144000023603439,0.369413211941719,4.991345167160034,0.0906538321077972,0.8,1.3841287200999995e-05,186,0.0648549000034108,12.2308070999934,5.0,5.0,0.0905672837793976,True,186,shapley-20260606T024831Z-1670e62a,shapley,conditional,A,True,True,6.0,6.0
1.165389861379351,0.6919899753161839,0.7639555845941816,0.4013516477176121,0.4532549168382372,5.227051871163504,1.0631495714187622,0.6099222898483276,0.60992231965065,0.314386636018753,0.3694196194410324,5.0043158531188965,0.0905672837793976,0.8,1.3841287200999995e-05,187,0.0648008999996818,12.29560799999308,5.0,5.0,0.0906104423105866,True,187,shapley-20260606T024831Z-1670e62a,shapley,conditional,A,True,True,6.0,6.0
1.1649634497506278,0.6898189101900373,0.7608520048005241,0.399801139320646,0.451313568013055,5.243816648210798,1.0642844438552856,0.6098363697528839,0.6098363697528839,0.314358651638031,0.3693471103906631,5.015405178070068,0.0906104423105866,0.8,1.3841287200999995e-05,188,0.0644222000009904,12.360030199994071,5.0,5.0,0.0907644940912872,True,188,shapley-20260606T024831Z-1670e62a,shapley,conditional,A,True,True,6.0,6.0
1.1731331178120203,0.6955176080976214,0.7653736557279315,0.4023549130984715,0.4537734304155622,5.262140682765415,1.0660943984985352,0.6096853911876678,0.6096853911876678,0.3142900913953781,0.3692440986633301,5.028497934341431,0.0907644940912872,0.8,1.3841287200999995e-05,189,0.0653515000012703,12.42538169999534,5.0,5.0,0.0910494734347015,True,189,shapley-20260606T024831Z-1670e62a,shapley,conditional,A,True,True,6.0,6.0
1.1790039709636144,0.6966125454221453,0.7646338428769793,0.4027204854147775,0.4523916968277522,5.2981245177132745,1.0684291124343872,0.6095826327800751,0.6095826327800751,0.3142262399196625,0.3691954910755157,5.03952956199646,0.0910494734347015,0.8,1.3841287200999995e-05,190,0.0675205999978061,12.492902299993148,5.0,5.0,0.0914447690546661,True,190,shapley-20260606T024831Z-1670e62a,shapley,conditional,A,True,True,6.0,6.0
1.1606438670839585,0.6760853443826947,0.7525010875293187,0.3904198919023786,0.4526014924049377,5.298919950212751,1.0706809759140017,0.6095962524414062,0.6095962822437286,0.3142392933368683,0.3691962361335754,5.042220830917358,0.0914447690546661,0.8,9.688901040699997e-06,191,0.0669272999984968,12.559829599991644,5.0,5.0,0.0918669773638397,True,191,shapley-20260606T024831Z-1670e62a,shapley,conditional,A,True,True,6.0,6.0
1.166212899344308,0.680169939994812,0.7502549375806536,0.3930635069097791,0.4464892957891737,5.29072550364903,1.071987807750702,0.6096594929695129,0.6096594929695129,0.3142848163843155,0.3692183345556259,5.03258490562439,0.0918669773638397,0.8,9.688901040699997e-06,192,0.0673857000001589,12.627215299991803,5.0,5.0,0.0921928264200836,True,192,shapley-20260606T024831Z-1670e62a,shapley,conditional,A,True,True,6.0,6.0
1.1849853822163172,0.6980670605387006,0.768104544707707,0.4039988049439021,0.4551321523530142,5.281520639147077,1.0732783675193789,0.609644740819931,0.6096447110176086,0.3142969310283661,0.3691847324371338,5.028955698013306,0.0921928264200836,0.8,9.688901040699997e-06,193,0.0674859000027936,12.694701199994595,5.0,5.0,0.0924823834002167,True,193,shapley-20260606T024831Z-1670e62a,shapley,conditional,A,True,True,6.0,6.0
1.1753389835357666,0.6871205312865121,0.7561513611248561,0.3979664955820356,0.4477310734135764,5.2790431295122415,1.0747682452201843,0.6095253527164459,0.6095253527164459,0.3142464011907577,0.3690986484289169,5.030611515045166,0.0924823834002167,0.8,9.688901040699997e-06,194,0.0658943999987968,12.760595599993394,5.0,5.0,0.0927884985506683,True,194,shapley-20260606T024831Z-1670e62a,shapley,conditional,A,True,True,6.0,6.0
1.1796664340155465,0.6911487749644688,0.7653911454336983,0.3992532406534467,0.4576723660741533,5.2648515701293945,1.0756468772888184,0.6094668805599213,0.6094669103622437,0.3142508566379547,0.3690200597047806,5.024113893508911,0.0927884985506683,0.8,9.688901040699997e-06,195,0.0657747000004747,12.826370299993869,5.0,5.0,0.0930296374857574,True,195,shapley-20260606T024831Z-1670e62a,shapley,conditional,A,True,True,6.0,6.0
1.1708709171840124,0.679831998688834,0.7496864880834307,0.3933455007416861,0.4454262256622314,5.278305871146066,1.0759276151657104,0.6094653010368347,0.6094653010368347,0.3142760992050171,0.3689864724874496,5.014125823974609,0.0930296374857574,0.8,6.782230728489997e-06,196,0.0667245000004186,12.893094799994287,5.0,5.0,0.0931708957255035,True,196,shapley-20260606T024831Z-1670e62a,shapley,conditional,A,True,True,6.0,6.0
1.179344756262643,0.6897322280066354,0.7594911711556571,0.398275579724993,0.4515194850308554,5.254994188036237,1.0760812759399414,0.609464704990387,0.6094647347927094,0.3142924308776855,0.3689653724431991,5.008179426193237,0.0931708957255035,0.8,6.782230728489997e-06,197,0.0641957000007096,12.957290499994995,5.0,5.0,0.0932526899874359,True,197,shapley-20260606T024831Z-1670e62a,shapley,conditional,A,True,True,6.0,6.0
1.179510968072074,0.6899576016834804,0.7573643582207816,0.399184661252158,0.4477246233395168,5.249750818525042,1.0761916637420654,0.609465092420578,0.6094651222229004,0.3143017888069153,0.3689541667699814,5.004966020584106,0.0932526899874359,0.8,6.782230728489997e-06,198,0.0712386999985028,13.0285291999935,5.0,5.0,0.093302350193277,True,198,shapley-20260606T024831Z-1670e62a,shapley,conditional,A,True,True,6.0,6.0
1.1878797497068132,0.6962807774543762,0.7682307277406965,0.4032836300986154,0.456183842250279,5.268881048474993,1.0764535665512085,0.609488308429718,0.609488308429718,0.3143060207366943,0.368977814912796,5.004860639572144,0.093302350193277,0.8,6.782230728489997e-06,199,0.0702449999989767,13.098774199992476,5.0,5.0,0.0933509565889984,True,199,shapley-20260606T024831Z-1670e62a,shapley,conditional,A,True,True,6.0,6.0
