run_id,shapley_tactic,phase,epoch,logical_epoch,elapsed_train_sec,shapley_value,baseline_value,metric,delta
shapley-20260606T020448Z-0f9aa28a,baseline,A,0,0,0.2575524999992922,0.9786500419889178,0.9831705008234296,train_pix_recon,-0.004520458834511798
shapley-20260606T020448Z-0f9aa28a,baseline,A,1,1,0.3185843999981443,0.7576570340565273,0.7951112048966544,train_pix_recon,-0.03745417084012714
shapley-20260606T020448Z-0f9aa28a,baseline,A,2,2,0.3798835999987204,0.6260256767272949,0.661698945931026,train_pix_recon,-0.03567326920373104
shapley-20260606T020448Z-0f9aa28a,baseline,A,3,3,0.4385029999975813,0.5327127064977374,0.5771929621696472,train_pix_recon,-0.04448025567190983
shapley-20260606T020448Z-0f9aa28a,baseline,A,4,4,0.4992649999985588,0.4767215762819562,0.5158295205661229,train_pix_recon,-0.03910794428416664
shapley-20260606T020448Z-0f9aa28a,baseline,A,5,5,0.5596678999991127,0.4375636449881962,0.4675552972725459,train_pix_recon,-0.02999165228434969
shapley-20260606T020448Z-0f9aa28a,baseline,A,6,6,0.619403799999418,0.409385655607496,0.4254539353506906,train_pix_recon,-0.01606827974319458
shapley-20260606T020448Z-0f9aa28a,baseline,A,7,7,0.6783355999996274,0.3837036362716129,0.3964169110570635,train_pix_recon,-0.01271327478545059
shapley-20260606T020448Z-0f9aa28a,baseline,A,8,8,0.7392261999993934,0.3635574834687369,0.3699499496391841,train_pix_recon,-0.0063924661704471974
shapley-20260606T020448Z-0f9aa28a,baseline,A,9,9,0.8003093999977864,0.346763721534184,0.3560269474983215,train_pix_recon,-0.009263225964137478
shapley-20260606T020448Z-0f9aa28a,baseline,A,10,10,0.8682174999976269,0.3344581850937435,0.3393710936818804,train_pix_recon,-0.004912908588136922
shapley-20260606T020448Z-0f9aa28a,baseline,A,11,11,0.9317282999982126,0.3202463899339948,0.3283717589718954,train_pix_recon,-0.00812536903790062
shapley-20260606T020448Z-0f9aa28a,baseline,A,12,12,0.990946999998414,0.3217544640813555,0.3291857029710497,train_pix_recon,-0.007431238889694214
shapley-20260606T020448Z-0f9aa28a,baseline,A,13,13,1.0549489999975776,0.3163808328764779,0.3264049419334957,train_pix_recon,-0.010024109057017783
shapley-20260606T020448Z-0f9aa28a,baseline,A,14,14,1.1178435999972862,0.3026748853070395,0.3080001516001565,train_pix_recon,-0.00532526629311697
shapley-20260606T020448Z-0f9aa28a,baseline,A,15,15,1.1776788999977723,0.2959032782486507,0.3010370859077999,train_pix_recon,-0.00513380765914917
shapley-20260606T020448Z-0f9aa28a,baseline,A,16,16,1.2387417999980244,0.2897801612104688,0.2994783435549055,train_pix_recon,-0.009698182344436701
shapley-20260606T020448Z-0f9aa28a,baseline,A,17,17,1.297111699997913,0.2938780869756426,0.3022645711898803,train_pix_recon,-0.00838648421423771
shapley-20260606T020448Z-0f9aa28a,baseline,A,18,18,1.3594625999976415,0.2834976017475128,0.2894242874213627,train_pix_recon,-0.005926685673849907
shapley-20260606T020448Z-0f9aa28a,baseline,A,19,19,1.4225694999968257,0.2764895004885537,0.2822942861488887,train_pix_recon,-0.005804785660334988
shapley-20260606T020448Z-0f9aa28a,baseline,A,20,20,1.4890575999961584,0.2746986321040562,0.278345593384334,train_pix_recon,-0.003646961280277805
shapley-20260606T020448Z-0f9aa28a,baseline,A,21,21,1.5503822999962722,0.2861814200878143,0.2770933295999254,train_pix_recon,0.009088090487888889
shapley-20260606T020448Z-0f9aa28a,baseline,A,22,22,1.6109786999950302,0.2802068889141083,0.2736686936446598,train_pix_recon,0.006538195269448488
shapley-20260606T020448Z-0f9aa28a,baseline,A,23,23,1.6705768999945576,0.2702717099870954,0.2716084590979984,train_pix_recon,-0.001336749110903035
shapley-20260606T020448Z-0f9aa28a,baseline,A,24,24,1.7293375999943237,0.2746430167130061,0.2735885679721832,train_pix_recon,0.0010544487408228886
shapley-20260606T020448Z-0f9aa28a,baseline,A,25,25,1.7940269999944576,0.2749590022223336,0.268053731748036,train_pix_recon,0.00690527047429762
shapley-20260606T020448Z-0f9aa28a,baseline,A,26,26,1.8571320999944876,0.2706444348607744,0.2721828648022243,train_pix_recon,-0.0015384299414499258
shapley-20260606T020448Z-0f9aa28a,baseline,A,27,27,1.9215541999947163,0.2675673748765673,0.2701240224497659,train_pix_recon,-0.0025566475731986227
shapley-20260606T020448Z-0f9aa28a,baseline,A,28,28,1.983664699993824,0.2663535092558179,0.2632354242461068,train_pix_recon,0.0031180850097111135
shapley-20260606T020448Z-0f9aa28a,baseline,A,29,29,2.044703399993523,0.2670196081910814,0.2690795234271458,train_pix_recon,-0.0020599152360644135
shapley-20260606T020448Z-0f9aa28a,baseline,A,30,30,2.109746099993572,0.2674723821026938,0.2665806114673614,train_pix_recon,0.0008917706353324117
shapley-20260606T020448Z-0f9aa28a,baseline,A,31,31,2.1717139999946085,0.2613216468266078,0.2613608837127685,train_pix_recon,-3.9236886160698425e-05
shapley-20260606T020448Z-0f9aa28a,baseline,A,32,32,2.240799399995012,0.2681882381439209,0.2655471520764487,train_pix_recon,0.002641086067472209
shapley-20260606T020448Z-0f9aa28a,baseline,A,33,33,2.3039100999940274,0.2627584763935634,0.2583756957735334,train_pix_recon,0.004382780620030002
shapley-20260606T020448Z-0f9aa28a,baseline,A,34,34,2.364635599993562,0.26213110770498,0.262965657881328,train_pix_recon,-0.0008345501763479812
shapley-20260606T020448Z-0f9aa28a,baseline,A,35,35,2.4256403999934264,0.2669568828174046,0.2629383674689701,train_pix_recon,0.004018515348434504
shapley-20260606T020448Z-0f9aa28a,baseline,A,36,36,2.48490889999448,0.2628874693598066,0.2603323927947453,train_pix_recon,0.0025550765650613205
shapley-20260606T020448Z-0f9aa28a,baseline,A,37,37,2.5469792999938363,0.2589115372725895,0.2686158120632171,train_pix_recon,-0.009704274790627632
shapley-20260606T020448Z-0f9aa28a,baseline,A,38,38,2.6070353999930376,0.2655523972851889,0.2646277291434152,train_pix_recon,0.0009246681417737213
shapley-20260606T020448Z-0f9aa28a,baseline,A,39,39,2.6692526999922848,0.2653783176626478,0.2686004894120352,train_pix_recon,-0.0032221717493873814
shapley-20260606T020448Z-0f9aa28a,baseline,A,40,40,2.7285207999921117,0.2677746713161468,0.2641217623438154,train_pix_recon,0.0036529089723313923
shapley-20260606T020448Z-0f9aa28a,baseline,A,41,41,2.7882279999921598,0.2682723615850721,0.2627136026109968,train_pix_recon,0.005558758974075317
shapley-20260606T020448Z-0f9aa28a,baseline,A,42,42,2.8507652999924176,0.2706069733415331,0.2673328731741224,train_pix_recon,0.0032741001674106984
shapley-20260606T020448Z-0f9aa28a,baseline,A,43,43,2.913518499994097,0.2749251552990505,0.2688457327229636,train_pix_recon,0.006079422576086901
shapley-20260606T020448Z-0f9aa28a,baseline,A,44,44,2.9755583999940427,0.2760205609457833,0.2737181101526533,train_pix_recon,0.0023024507931300175
shapley-20260606T020448Z-0f9aa28a,baseline,A,45,45,3.045751999994536,0.2734848473753248,0.2747009566852024,train_pix_recon,-0.0012161093098775888
shapley-20260606T020448Z-0f9aa28a,baseline,A,46,46,3.114891299994269,0.2743805178574153,0.2728392779827118,train_pix_recon,0.0015412398747035039
shapley-20260606T020448Z-0f9aa28a,baseline,A,47,47,3.1783630999925663,0.2737457709653036,0.2750227749347687,train_pix_recon,-0.0012770039694650626
shapley-20260606T020448Z-0f9aa28a,baseline,A,48,48,3.2389839999923424,0.2754607881818499,0.2771466502121517,train_pix_recon,-0.001685862030301799
shapley-20260606T020448Z-0f9aa28a,baseline,A,49,49,3.3005714999926568,0.2765784476484571,0.2777232612882341,train_pix_recon,-0.001144813639776976
shapley-20260606T020448Z-0f9aa28a,baseline,A,50,50,3.3632256999917445,0.2840043178626469,0.2784689835139683,train_pix_recon,0.005535334348678589
shapley-20260606T020448Z-0f9aa28a,baseline,A,51,51,3.424053599990657,0.2827845343521663,0.2822315735476358,train_pix_recon,0.000552960804530489
shapley-20260606T020448Z-0f9aa28a,baseline,A,52,52,3.484328299990011,0.2819073455674307,0.280273118189403,train_pix_recon,0.0016342273780277083
shapley-20260606T020448Z-0f9aa28a,baseline,A,53,53,3.542798299989954,0.2869478591850826,0.2798576056957245,train_pix_recon,0.0070902534893581
shapley-20260606T020448Z-0f9aa28a,baseline,A,54,54,3.604038999990735,0.2837602794170379,0.2816516331263951,train_pix_recon,0.002108646290642835
shapley-20260606T020448Z-0f9aa28a,baseline,A,55,55,3.663934199990763,0.2888148980481284,0.2823789119720459,train_pix_recon,0.006435986076082478
shapley-20260606T020448Z-0f9aa28a,baseline,A,56,56,3.722269699990648,0.2887023133890969,0.2863580627100808,train_pix_recon,0.0023442506790161133
shapley-20260606T020448Z-0f9aa28a,baseline,A,57,57,3.783133499990072,0.2884297541209629,0.2902848039354597,train_pix_recon,-0.0018550498144968008
shapley-20260606T020448Z-0f9aa28a,baseline,A,58,58,3.847849799991309,0.2960256806441715,0.2905112249510629,train_pix_recon,0.0055144556931086
shapley-20260606T020448Z-0f9aa28a,baseline,A,59,59,3.913334799992299,0.2941935913903372,0.2927302760737283,train_pix_recon,0.0014633153166088708
shapley-20260606T020448Z-0f9aa28a,baseline,A,60,60,3.974412799992933,0.2952244409493038,0.292459032365254,train_pix_recon,0.0027654085840497777
shapley-20260606T020448Z-0f9aa28a,baseline,A,61,61,4.036320199993497,0.3014212463583265,0.2972695742334638,train_pix_recon,0.004151672124862726
shapley-20260606T020448Z-0f9aa28a,baseline,A,62,62,4.096248799993191,0.3015615556921278,0.2996697042669569,train_pix_recon,0.0018918514251708984
shapley-20260606T020448Z-0f9aa28a,baseline,A,63,63,4.158035999993444,0.301108534846987,0.3018456186567034,train_pix_recon,-0.0007370838097163768
shapley-20260606T020448Z-0f9aa28a,baseline,A,64,64,4.222882899994147,0.3084834132875715,0.3000789880752563,train_pix_recon,0.008404425212315214
shapley-20260606T020448Z-0f9aa28a,baseline,A,65,65,4.282658499994795,0.3095021716185978,0.3044873348304203,train_pix_recon,0.00501483678817749
shapley-20260606T020448Z-0f9aa28a,baseline,A,66,66,4.346926999995048,0.3063449604170663,0.3053402006626129,train_pix_recon,0.0010047597544534104
shapley-20260606T020448Z-0f9aa28a,baseline,A,67,67,4.4152673999960825,0.3095182563577379,0.3085005751677921,train_pix_recon,0.0010176811899457738
shapley-20260606T020448Z-0f9aa28a,baseline,A,68,68,4.480629799994858,0.3107924120766775,0.3082331802163805,train_pix_recon,0.0025592318602969955
shapley-20260606T020448Z-0f9aa28a,baseline,A,69,69,4.543348399995011,0.3103307059832981,0.3135551214218139,train_pix_recon,-0.0032244154385158152
shapley-20260606T020448Z-0f9aa28a,baseline,A,70,70,4.604141499994512,0.3117256930896214,0.3150951436587742,train_pix_recon,-0.003369450569152832
shapley-20260606T020448Z-0f9aa28a,baseline,A,71,71,4.666783399994529,0.3146876990795135,0.3134334342820303,train_pix_recon,0.0012542647974831955
shapley-20260606T020448Z-0f9aa28a,baseline,A,72,72,4.735080599994035,0.3165333441325596,0.3196758840765272,train_pix_recon,-0.0031425399439675705
shapley-20260606T020448Z-0f9aa28a,baseline,A,73,73,4.805012499995428,0.3206920368330819,0.3290940012250627,train_pix_recon,-0.00840196439198082
shapley-20260606T020448Z-0f9aa28a,baseline,A,74,74,4.867674599996462,0.3182264523846762,0.3235231850828443,train_pix_recon,-0.005296732698168105
shapley-20260606T020448Z-0f9aa28a,baseline,A,75,75,4.928613599995515,0.3197181735719953,0.3283109920365469,train_pix_recon,-0.008592818464551621
shapley-20260606T020448Z-0f9aa28a,baseline,A,76,76,4.999870999994528,0.3228186283792768,0.3309601587908609,train_pix_recon,-0.008141530411584108
shapley-20260606T020448Z-0f9aa28a,baseline,A,77,77,5.067130599994925,0.3275667343820844,0.3329740464687347,train_pix_recon,-0.0054073120866502955
shapley-20260606T020448Z-0f9aa28a,baseline,A,78,78,5.138970699996207,0.3313146659306117,0.3304564782551357,train_pix_recon,0.0008581876754760187
shapley-20260606T020448Z-0f9aa28a,baseline,A,79,79,5.20582889999605,0.3315345900399344,0.3325218132563999,train_pix_recon,-0.0009872232164654937
shapley-20260606T020448Z-0f9aa28a,baseline,A,80,80,5.268353099996602,0.3308240388120924,0.335162660905293,train_pix_recon,-0.004338622093200628
shapley-20260606T020448Z-0f9aa28a,baseline,A,81,81,5.334165199996278,0.3360387555190495,0.3331383509295327,train_pix_recon,0.002900404589516792
shapley-20260606T020448Z-0f9aa28a,baseline,A,82,82,5.395787499997823,0.3338310846260616,0.3391764334269932,train_pix_recon,-0.005345348800931626
shapley-20260606T020448Z-0f9aa28a,baseline,A,83,83,5.463410799997291,0.3395901790687016,0.3433283184255872,train_pix_recon,-0.003738139356885606
shapley-20260606T020448Z-0f9aa28a,baseline,A,84,84,5.530208799997126,0.340013712644577,0.3428668252059391,train_pix_recon,-0.002853112561362059
shapley-20260606T020448Z-0f9aa28a,baseline,A,85,85,5.594083099997079,0.3462449014186859,0.3418776733534677,train_pix_recon,0.0043672280652182205
shapley-20260606T020448Z-0f9aa28a,baseline,A,86,86,5.653654399997322,0.3446759837014334,0.3508646488189697,train_pix_recon,-0.006188665117536352
shapley-20260606T020448Z-0f9aa28a,baseline,A,87,87,5.713050399997883,0.3486619549138205,0.3544938777174268,train_pix_recon,-0.005831922803606282
shapley-20260606T020448Z-0f9aa28a,baseline,A,88,88,5.772729399997843,0.3530551578317369,0.3516362479754856,train_pix_recon,0.0014189098562513158
shapley-20260606T020448Z-0f9aa28a,baseline,A,89,89,5.831270899996525,0.3518705623490469,0.3534514989171709,train_pix_recon,-0.001580936568124025
shapley-20260606T020448Z-0f9aa28a,baseline,A,90,90,5.902824199996758,0.3506440818309784,0.3613839319774082,train_pix_recon,-0.010739850146429808
shapley-20260606T020448Z-0f9aa28a,baseline,A,91,91,5.97712049999609,0.3533922348703657,0.3615572197096688,train_pix_recon,-0.008164984839303113
shapley-20260606T020448Z-0f9aa28a,baseline,A,92,92,6.046308299995872,0.3552792157445635,0.3554054370948246,train_pix_recon,-0.00012622135026107983
shapley-20260606T020448Z-0f9aa28a,baseline,A,93,93,6.1111704999948415,0.3548400614942823,0.3646571338176727,train_pix_recon,-0.009817072323390352
shapley-20260606T020448Z-0f9aa28a,baseline,A,94,94,6.180363799994666,0.3583537467888423,0.3739362316472189,train_pix_recon,-0.0155824848583766
shapley-20260606T020448Z-0f9aa28a,baseline,A,95,95,6.246904499994344,0.3631103805133274,0.3658185090337481,train_pix_recon,-0.002708128520420683
shapley-20260606T020448Z-0f9aa28a,baseline,A,96,96,6.318341899994266,0.367280010666166,0.3653934342520578,train_pix_recon,0.0018865764141082209
shapley-20260606T020448Z-0f9aa28a,baseline,A,97,97,6.38407969999389,0.3663637127195085,0.3663989007472992,train_pix_recon,-3.518802779067798e-05
shapley-20260606T020448Z-0f9aa28a,baseline,A,98,98,6.447133899993787,0.3703707414013998,0.3741679617336818,train_pix_recon,-0.0037972203322819698
shapley-20260606T020448Z-0f9aa28a,baseline,A,99,99,6.513175999993109,0.374546012708119,0.3724640054362161,train_pix_recon,0.002082007271902886
shapley-20260606T020448Z-0f9aa28a,baseline,A,100,100,6.580745099992782,0.3812332366194044,0.3764226479189737,train_pix_recon,0.004810588700430718
shapley-20260606T020448Z-0f9aa28a,baseline,A,101,101,6.647311399992759,0.3731981601033892,0.3839480195726667,train_pix_recon,-0.010749859469277534
shapley-20260606T020448Z-0f9aa28a,baseline,A,102,102,6.721327299992481,0.3758590562002999,0.3775771941457476,train_pix_recon,-0.001718137945447673
shapley-20260606T020448Z-0f9aa28a,baseline,A,103,103,6.788273299991488,0.3782719331128256,0.390310777085168,train_pix_recon,-0.012038843972342395
shapley-20260606T020448Z-0f9aa28a,baseline,A,104,104,6.852836399992157,0.3783074659960611,0.378954210451671,train_pix_recon,-0.0006467444556099156
shapley-20260606T020448Z-0f9aa28a,baseline,A,105,105,6.91919099999177,0.3871211622442518,0.3931713104248047,train_pix_recon,-0.006050148180552883
shapley-20260606T020448Z-0f9aa28a,baseline,A,106,106,6.990591399991899,0.393569963318961,0.389203063079289,train_pix_recon,0.004366900239672011
shapley-20260606T020448Z-0f9aa28a,baseline,A,107,107,7.060537799992744,0.3713237685816629,0.394212211881365,train_pix_recon,-0.022888443299702133
shapley-20260606T020448Z-0f9aa28a,baseline,A,108,108,7.132392699993943,0.3836025169917515,0.3912814472402845,train_pix_recon,-0.007678930248533
shapley-20260606T020448Z-0f9aa28a,baseline,A,109,109,7.197540099994512,0.3953415538583483,0.4003016352653503,train_pix_recon,-0.004960081407001993
shapley-20260606T020448Z-0f9aa28a,baseline,A,110,110,7.260495399994397,0.3772709029061453,0.3896675833633968,train_pix_recon,-0.012396680457251508
shapley-20260606T020448Z-0f9aa28a,baseline,A,111,111,7.322824899994885,0.390156192438943,0.3951538758618491,train_pix_recon,-0.004997683422906074
shapley-20260606T020448Z-0f9aa28a,baseline,A,112,112,7.391835899994476,0.3899109576429639,0.3944946357182094,train_pix_recon,-0.004583678075245512
shapley-20260606T020448Z-0f9aa28a,baseline,A,113,113,7.45548169999347,0.3855431633336203,0.4069861514227731,train_pix_recon,-0.021442988089152792
shapley-20260606T020448Z-0f9aa28a,baseline,A,114,114,7.51757469999211,0.3920430541038513,0.4037622766835348,train_pix_recon,-0.011719222579683497
shapley-20260606T020448Z-0f9aa28a,baseline,A,115,115,7.583934699991005,0.3975588083267212,0.4017914107867649,train_pix_recon,-0.0042326024600436996
shapley-20260606T020448Z-0f9aa28a,baseline,A,116,116,7.647902099992279,0.3920005857944488,0.4063792015824999,train_pix_recon,-0.014378615788051108
shapley-20260606T020448Z-0f9aa28a,baseline,A,117,117,7.715294999992693,0.3992826172283718,0.4030494775090898,train_pix_recon,-0.003766860280718043
shapley-20260606T020448Z-0f9aa28a,baseline,A,118,118,7.778992699992159,0.4004717682089124,0.4173117961202349,train_pix_recon,-0.016840027911322497
shapley-20260606T020448Z-0f9aa28a,baseline,A,119,119,7.8437359999934415,0.4039407159600939,0.4021950576986585,train_pix_recon,0.0017456582614354121
shapley-20260606T020448Z-0f9aa28a,baseline,A,120,120,7.906283899992559,0.3994986202035631,0.4190252295562199,train_pix_recon,-0.01952660935265682
shapley-20260606T020448Z-0f9aa28a,baseline,A,121,121,7.968458599993028,0.4203909422670092,0.4158303141593933,train_pix_recon,0.004560628107615872
shapley-20260606T020448Z-0f9aa28a,baseline,A,122,122,8.034051599992381,0.4103104429585593,0.4309822831835065,train_pix_recon,-0.020671840224947224
shapley-20260606T020448Z-0f9aa28a,baseline,A,123,123,8.099554999991597,0.4211747561182294,0.4275362704481397,train_pix_recon,-0.006361514329910278
shapley-20260606T020448Z-0f9aa28a,baseline,A,124,124,8.161650999991252,0.4304445173059191,0.4342236050537654,train_pix_recon,-0.003779087747846299
shapley-20260606T020448Z-0f9aa28a,baseline,A,125,125,8.22399809999115,0.4252137073448726,0.4349924155644008,train_pix_recon,-0.009778708219528198
shapley-20260606T020448Z-0f9aa28a,baseline,A,126,126,8.286204099989845,0.425657319171088,0.4306805346693311,train_pix_recon,-0.005023215498243083
shapley-20260606T020448Z-0f9aa28a,baseline,A,127,127,8.352232299988827,0.4355784654617309,0.4362627821309225,train_pix_recon,-0.0006843166691916092
shapley-20260606T020448Z-0f9aa28a,baseline,A,128,128,8.414163999988887,0.4207866873059954,0.4209024608135223,train_pix_recon,-0.00011577350752689508
shapley-20260606T020448Z-0f9aa28a,baseline,A,129,129,8.476886199989167,0.4304008483886719,0.4290058399949755,train_pix_recon,0.0013950083936963842
shapley-20260606T020448Z-0f9aa28a,baseline,A,130,130,8.542607299988958,0.4243458466870444,0.4295222929545811,train_pix_recon,-0.005176446267536716
shapley-20260606T020448Z-0f9aa28a,baseline,A,131,131,8.617518499990183,0.4240868815353938,0.4270060019833701,train_pix_recon,-0.0029191204479762645
shapley-20260606T020448Z-0f9aa28a,baseline,A,132,132,8.707243899991226,0.4174537828990391,0.4239977555615561,train_pix_recon,-0.006543972662516995
shapley-20260606T020448Z-0f9aa28a,baseline,A,133,133,8.797222499990312,0.4221201922212328,0.4248132279941014,train_pix_recon,-0.0026930357728685572
shapley-20260606T020448Z-0f9aa28a,baseline,A,134,134,8.890763299990795,0.4213790254933493,0.4149211432252611,train_pix_recon,0.006457882268088244
shapley-20260606T020448Z-0f9aa28a,baseline,A,135,135,8.96652689999064,0.4173686844961984,0.4350436542715345,train_pix_recon,-0.017674969775336113
shapley-20260606T020448Z-0f9aa28a,baseline,A,136,136,9.032000499990318,0.4270753349576677,0.4080903530120849,train_pix_recon,0.01898498194558279
shapley-20260606T020448Z-0f9aa28a,baseline,A,137,137,9.094421999991027,0.4000553999628339,0.4358761353152139,train_pix_recon,-0.035820735352380006
shapley-20260606T020448Z-0f9aa28a,baseline,A,138,138,9.1590172999895,0.4347667353493826,0.4163714264120374,train_pix_recon,0.0183953089373452
shapley-20260606T020448Z-0f9aa28a,baseline,A,139,139,9.231385699989914,0.4127472255911146,0.4213416065488543,train_pix_recon,-0.008594380957739678
shapley-20260606T020448Z-0f9aa28a,baseline,A,140,140,9.294794899989938,0.4164059162139892,0.4213300432477678,train_pix_recon,-0.004924127033778591
shapley-20260606T020448Z-0f9aa28a,baseline,A,141,141,9.358700999990106,0.4278186985424587,0.4276231825351715,train_pix_recon,0.00019551600728717755
shapley-20260606T020448Z-0f9aa28a,baseline,A,142,142,9.421597399988968,0.4149565058095114,0.42994481750897,train_pix_recon,-0.014988311699458634
shapley-20260606T020448Z-0f9aa28a,baseline,A,143,143,9.491611199988256,0.4108741496290479,0.4132857492991856,train_pix_recon,-0.0024115996701377096
shapley-20260606T020448Z-0f9aa28a,baseline,A,144,144,9.560184199986908,0.4096710469041552,0.4154292430196489,train_pix_recon,-0.005758196115493719
shapley-20260606T020448Z-0f9aa28a,baseline,A,145,145,9.6239581999871,0.4198352524212428,0.4275593970503126,train_pix_recon,-0.007724144629069785
shapley-20260606T020448Z-0f9aa28a,baseline,A,146,146,9.701244199986832,0.4141538654054914,0.4136051024709429,train_pix_recon,0.0005487629345484746
shapley-20260606T020448Z-0f9aa28a,baseline,A,147,147,9.770302699986132,0.4157996049949101,0.4136062136718205,train_pix_recon,0.0021933913230895996
shapley-20260606T020448Z-0f9aa28a,baseline,A,148,148,9.83968689998619,0.4095180247511182,0.4189742462975638,train_pix_recon,-0.009456221546445598
shapley-20260606T020448Z-0f9aa28a,baseline,A,149,149,9.91888689998632,0.417750848191125,0.4040217058999197,train_pix_recon,0.01372914229120531
shapley-20260606T020448Z-0f9aa28a,baseline,A,150,150,9.998108799985856,0.4167454498154776,0.4122054619448526,train_pix_recon,0.00453998787062504
shapley-20260606T020448Z-0f9aa28a,baseline,A,151,151,10.077093099986088,0.4092295595577785,0.418570054428918,train_pix_recon,-0.00934049487113947
shapley-20260606T020448Z-0f9aa28a,baseline,A,152,152,10.153985299986743,0.4142199754714966,0.4149170475346701,train_pix_recon,-0.0006970720631735428
shapley-20260606T020448Z-0f9aa28a,baseline,A,153,153,10.2334346999869,0.4060815785612379,0.4070161921637399,train_pix_recon,-0.0009346136025020213
shapley-20260606T020448Z-0f9aa28a,baseline,A,154,154,10.307997999987492,0.4081816588129316,0.4123961670058114,train_pix_recon,-0.004214508192879773
shapley-20260606T020448Z-0f9aa28a,baseline,A,155,155,10.381151599987788,0.4054405093193054,0.4134464476789747,train_pix_recon,-0.008005938359669285
shapley-20260606T020448Z-0f9aa28a,baseline,A,156,156,10.461604599988275,0.4068834185600281,0.4154665214674813,train_pix_recon,-0.008583102907453233
shapley-20260606T020448Z-0f9aa28a,baseline,A,157,157,10.530072399988056,0.406216847045081,0.4044844082423618,train_pix_recon,0.0017324388027191717
shapley-20260606T020448Z-0f9aa28a,baseline,A,158,158,10.596527199988486,0.4113188854285649,0.4070262610912323,train_pix_recon,0.004292624337332573
shapley-20260606T020448Z-0f9aa28a,baseline,A,159,159,10.66467309998916,0.4054512807301113,0.419707498380116,train_pix_recon,-0.014256217650004732
shapley-20260606T020448Z-0f9aa28a,baseline,A,160,160,10.732951999989382,0.4098235624177115,0.4176915798868452,train_pix_recon,-0.007868017469133681
shapley-20260606T020448Z-0f9aa28a,baseline,A,161,161,10.801335599990123,0.4071571869509561,0.4053287378379276,train_pix_recon,0.0018284491130284852
shapley-20260606T020448Z-0f9aa28a,baseline,A,162,162,10.86462469998878,0.4046172967978886,0.4026562316077096,train_pix_recon,0.0019610651901790233
shapley-20260606T020448Z-0f9aa28a,baseline,A,163,163,10.93440839998766,0.4071862314428602,0.4079433040959494,train_pix_recon,-0.0007570726530892191
shapley-20260606T020448Z-0f9aa28a,baseline,A,164,164,11.00329809998766,0.402129875762122,0.4132152966090611,train_pix_recon,-0.011085420846939087
shapley-20260606T020448Z-0f9aa28a,baseline,A,165,165,11.069774099987626,0.4145450379167284,0.4136832739625658,train_pix_recon,0.0008617639541625977
shapley-20260606T020448Z-0f9aa28a,baseline,A,166,166,11.134229999986928,0.4095515481063297,0.420618895973478,train_pix_recon,-0.011067347867148303
shapley-20260606T020448Z-0f9aa28a,baseline,A,167,167,11.201318499986884,0.4150519371032715,0.4051182525498526,train_pix_recon,0.009933684553418864
shapley-20260606T020448Z-0f9aa28a,baseline,A,168,168,11.267076399986763,0.4065923861094883,0.4068333464009421,train_pix_recon,-0.0002409602914538178
shapley-20260606T020448Z-0f9aa28a,baseline,A,169,169,11.337391799987016,0.4049908603940691,0.4098704627582005,train_pix_recon,-0.004879602364131375
shapley-20260606T020448Z-0f9aa28a,baseline,A,170,170,11.405715999986567,0.4101578763553074,0.4151575267314911,train_pix_recon,-0.004999650376183662
shapley-20260606T020448Z-0f9aa28a,baseline,A,171,171,11.470759499987253,0.4051748088427952,0.4183071170534406,train_pix_recon,-0.013132308210645371
shapley-20260606T020448Z-0f9aa28a,baseline,A,172,172,11.534784799987392,0.4034965080874307,0.4064594805240631,train_pix_recon,-0.002962972436632405
shapley-20260606T020448Z-0f9aa28a,baseline,A,173,173,11.604789099987102,0.4074527067797525,0.4033829271793365,train_pix_recon,0.00406977960041599
shapley-20260606T020448Z-0f9aa28a,baseline,A,174,174,11.675811999986763,0.406398309128625,0.4085730186530522,train_pix_recon,-0.0021747095244271653
shapley-20260606T020448Z-0f9aa28a,baseline,A,175,175,11.743811599986657,0.4056983206953321,0.4081367765154157,train_pix_recon,-0.0024384558200835627
shapley-20260606T020448Z-0f9aa28a,baseline,A,176,176,11.811567699985972,0.4044800187860216,0.4113179956163679,train_pix_recon,-0.006837976830346315
shapley-20260606T020448Z-0f9aa28a,baseline,A,177,177,11.87446759998602,0.4090030023029872,0.4169095797198159,train_pix_recon,-0.007906577416828708
shapley-20260606T020448Z-0f9aa28a,baseline,A,178,178,11.94012509998538,0.4068525263241359,0.4102407736437661,train_pix_recon,-0.003388247319630222
shapley-20260606T020448Z-0f9aa28a,baseline,A,179,179,12.009062099985384,0.4112186304160526,0.4033612353461129,train_pix_recon,0.00785739506993971
shapley-20260606T020448Z-0f9aa28a,baseline,A,180,180,12.075355199986006,0.4142313344138009,0.3997434335095541,train_pix_recon,0.014487900904246787
shapley-20260606T020448Z-0f9aa28a,baseline,A,181,181,12.14388619998681,0.4136872504438673,0.4098415970802307,train_pix_recon,0.0038456533636365697
shapley-20260606T020448Z-0f9aa28a,baseline,A,182,182,12.209442299985312,0.4081336302416665,0.4095468393393925,train_pix_recon,-0.0014132090977260203
shapley-20260606T020448Z-0f9aa28a,baseline,A,183,183,12.272250099986197,0.4016049589429583,0.4113626650401524,train_pix_recon,-0.009757706097194119
shapley-20260606T020448Z-0f9aa28a,baseline,A,184,184,12.335652499985372,0.4095754580838339,0.408925712108612,train_pix_recon,0.0006497459752218826
shapley-20260606T020448Z-0f9aa28a,baseline,A,185,185,12.400988299985327,0.4021609425544739,0.4003158807754516,train_pix_recon,0.0018450617790222723
shapley-20260606T020448Z-0f9aa28a,baseline,A,186,186,12.47176499998568,0.4010920056274959,0.4082877465656825,train_pix_recon,-0.00719574093818659
shapley-20260606T020448Z-0f9aa28a,baseline,A,187,187,12.536274899985074,0.4101896711758205,0.4034787161009652,train_pix_recon,0.006710955074855307
shapley-20260606T020448Z-0f9aa28a,baseline,A,188,188,12.605452999985571,0.4057762452534267,0.4155374339648655,train_pix_recon,-0.009761188711438773
shapley-20260606T020448Z-0f9aa28a,baseline,A,189,189,12.668787699985842,0.408184677362442,0.4068903625011444,train_pix_recon,0.0012943148612976074
shapley-20260606T020448Z-0f9aa28a,baseline,A,190,190,12.732813199985683,0.4089495497090475,0.4138353041240147,train_pix_recon,-0.004885754414967192
shapley-20260606T020448Z-0f9aa28a,baseline,A,191,191,12.798458899986144,0.4055358256612505,0.4086470816816602,train_pix_recon,-0.0031112560204096806
shapley-20260606T020448Z-0f9aa28a,baseline,A,192,192,12.868192699987048,0.4042934094156538,0.4031745961734226,train_pix_recon,0.0011188132422311758
shapley-20260606T020448Z-0f9aa28a,baseline,A,193,193,12.935614599988185,0.4071798026561737,0.4095519142491476,train_pix_recon,-0.0023721115929739023
shapley-20260606T020448Z-0f9aa28a,baseline,A,194,194,13.00336109998716,0.4038486906460353,0.409059145620891,train_pix_recon,-0.005210454974855727
shapley-20260606T020448Z-0f9aa28a,baseline,A,195,195,13.066271399986364,0.4120939586843763,0.401851692370006,train_pix_recon,0.010242266314370307
shapley-20260606T020448Z-0f9aa28a,baseline,A,196,196,13.12951889998658,0.3998613357543945,0.4074082630021231,train_pix_recon,-0.007546927247728652
shapley-20260606T020448Z-0f9aa28a,baseline,A,197,197,13.194911799986585,0.4084778385502951,0.4086990058422088,train_pix_recon,-0.000221167291913682
shapley-20260606T020448Z-0f9aa28a,baseline,A,198,198,13.262982399986868,0.405753276177815,0.4058245420455932,train_pix_recon,-7.126586777822519e-05
shapley-20260606T020448Z-0f9aa28a,baseline,A,199,199,13.336025299986431,0.4072317608765193,0.4125130815165383,train_pix_recon,-0.005281320640019016
shapley-20260606T020512Z-dd871c85,marginal,A,0,0,0.2489440999997896,0.9787671310561044,0.9831705008234296,train_pix_recon,-0.004403369767325249
shapley-20260606T020512Z-dd871c85,marginal,A,1,1,0.3117846999994071,0.7703441466603961,0.7951112048966544,train_pix_recon,-0.024767058236258355
shapley-20260606T020512Z-dd871c85,marginal,A,2,2,0.3824309999999968,0.6350687657083783,0.661698945931026,train_pix_recon,-0.026630180222647626
shapley-20260606T020512Z-dd871c85,marginal,A,3,3,0.4534401000000798,0.5387193645749774,0.5771929621696472,train_pix_recon,-0.03847359759466984
shapley-20260606T020512Z-dd871c85,marginal,A,4,4,0.5187683999993169,0.4790683005537305,0.5158295205661229,train_pix_recon,-0.03676122001239235
shapley-20260606T020512Z-dd871c85,marginal,A,5,5,0.5856542000001355,0.4386706011635916,0.4675552972725459,train_pix_recon,-0.028884696108954333
shapley-20260606T020512Z-dd871c85,marginal,A,6,6,0.6535696000009921,0.4102449331964765,0.4254539353506906,train_pix_recon,-0.015209002154214113
shapley-20260606T020512Z-dd871c85,marginal,A,7,7,0.7278406999994331,0.3870417645999363,0.3964169110570635,train_pix_recon,-0.009375146457127226
shapley-20260606T020512Z-dd871c85,marginal,A,8,8,0.7935813999993115,0.3675676328795297,0.3699499496391841,train_pix_recon,-0.0023823167596543904
shapley-20260606T020512Z-dd871c85,marginal,A,9,9,0.8655065999992075,0.3511657970292227,0.3560269474983215,train_pix_recon,-0.004861150469098796
shapley-20260606T020512Z-dd871c85,marginal,A,10,10,0.927353499999299,0.3324788681098393,0.3393710936818804,train_pix_recon,-0.006892225572041111
shapley-20260606T020512Z-dd871c85,marginal,A,11,11,0.9934919999996056,0.3202908422265734,0.3283717589718954,train_pix_recon,-0.00808091674532202
shapley-20260606T020512Z-dd871c85,marginal,A,12,12,1.0591755999994348,0.3229672397886003,0.3291857029710497,train_pix_recon,-0.006218463182449396
shapley-20260606T020512Z-dd871c85,marginal,A,13,13,1.1186412000006385,0.3157497772148677,0.3264049419334957,train_pix_recon,-0.010655164718627985
shapley-20260606T020512Z-dd871c85,marginal,A,14,14,1.178115799999432,0.2999925655978067,0.3080001516001565,train_pix_recon,-0.008007586002349798
shapley-20260606T020512Z-dd871c85,marginal,A,15,15,1.2402215999991313,0.2904941822801317,0.3010370859077999,train_pix_recon,-0.010542903627668188
shapley-20260606T020512Z-dd871c85,marginal,A,16,16,1.301049800000328,0.2886955993516104,0.2994783435549055,train_pix_recon,-0.010782744203295114
shapley-20260606T020512Z-dd871c85,marginal,A,17,17,1.360485100000005,0.2893833773476736,0.3022645711898803,train_pix_recon,-0.012881193842206706
shapley-20260606T020512Z-dd871c85,marginal,A,18,18,1.4266173999985767,0.2801523719515119,0.2894242874213627,train_pix_recon,-0.009271915469850844
shapley-20260606T020512Z-dd871c85,marginal,A,19,19,1.4915454999991198,0.2716684469154903,0.2822942861488887,train_pix_recon,-0.010625839233398382
shapley-20260606T020512Z-dd871c85,marginal,A,20,20,1.556392299999061,0.2715205422469547,0.278345593384334,train_pix_recon,-0.006825051137379301
shapley-20260606T020512Z-dd871c85,marginal,A,21,21,1.6240764999984094,0.2744354137352535,0.2770933295999254,train_pix_recon,-0.0026579158646719003
shapley-20260606T020512Z-dd871c85,marginal,A,22,22,1.683982599997762,0.2665098437241145,0.2736686936446598,train_pix_recon,-0.007158849920545274
shapley-20260606T020512Z-dd871c85,marginal,A,23,23,1.745893099996465,0.26577199782644,0.2716084590979984,train_pix_recon,-0.005836461271558402
shapley-20260606T020512Z-dd871c85,marginal,A,24,24,1.807220199996664,0.2661361055714743,0.2735885679721832,train_pix_recon,-0.0074524624007089035
shapley-20260606T020512Z-dd871c85,marginal,A,25,25,1.8651660999967132,0.2620986700057983,0.268053731748036,train_pix_recon,-0.0059550617422376995
shapley-20260606T020512Z-dd871c85,marginal,A,26,26,1.9272817999972176,0.2647465850625719,0.2721828648022243,train_pix_recon,-0.007436279739652385
shapley-20260606T020512Z-dd871c85,marginal,A,27,27,1.987651299996287,0.2622152439185551,0.2701240224497659,train_pix_recon,-0.007908778531210803
shapley-20260606T020512Z-dd871c85,marginal,A,28,28,2.0477942999968946,0.2618778433118547,0.2632354242461068,train_pix_recon,-0.0013575809342520895
shapley-20260606T020512Z-dd871c85,marginal,A,29,29,2.108507999997528,0.2645209516797747,0.2690795234271458,train_pix_recon,-0.004558571747371121
shapley-20260606T020512Z-dd871c85,marginal,A,30,30,2.1784138999973948,0.2625729995114462,0.2665806114673614,train_pix_recon,-0.004007611955915202
shapley-20260606T020512Z-dd871c85,marginal,A,31,31,2.2443263999975898,0.2580605447292328,0.2613608837127685,train_pix_recon,-0.003300338983535711
shapley-20260606T020512Z-dd871c85,marginal,A,32,32,2.306192399997599,0.2635415409292493,0.2655471520764487,train_pix_recon,-0.002005611147199382
shapley-20260606T020512Z-dd871c85,marginal,A,33,33,2.366024999997535,0.2620500113282885,0.2583756957735334,train_pix_recon,0.0036743155547550588
shapley-20260606T020512Z-dd871c85,marginal,A,34,34,2.430152499997348,0.2633070818015507,0.262965657881328,train_pix_recon,0.0003414239202227387
shapley-20260606T020512Z-dd871c85,marginal,A,35,35,2.4892938999983016,0.2629860341548919,0.2629383674689701,train_pix_recon,4.7666685921821106e-05
shapley-20260606T020512Z-dd871c85,marginal,A,36,36,2.549150199998621,0.2559366353920528,0.2603323927947453,train_pix_recon,-0.004395757402692491
shapley-20260606T020512Z-dd871c85,marginal,A,37,37,2.6136694999986503,0.263933858701161,0.2686158120632171,train_pix_recon,-0.004681953362056124
shapley-20260606T020512Z-dd871c85,marginal,A,38,38,2.678402299998197,0.2640089435236795,0.2646277291434152,train_pix_recon,-0.0006187856197357178
shapley-20260606T020512Z-dd871c85,marginal,A,39,39,2.738256499998897,0.2628459164074489,0.2686004894120352,train_pix_recon,-0.005754573004586261
shapley-20260606T020512Z-dd871c85,marginal,A,40,40,2.79942630000005,0.2614063918590545,0.2641217623438154,train_pix_recon,-0.002715370484760893
shapley-20260606T020512Z-dd871c85,marginal,A,41,41,2.8582870999998704,0.2624535816056387,0.2627136026109968,train_pix_recon,-0.000260021005358102
shapley-20260606T020512Z-dd871c85,marginal,A,42,42,2.916995399998996,0.2625322214194706,0.2673328731741224,train_pix_recon,-0.00480065175465183
shapley-20260606T020512Z-dd871c85,marginal,A,43,43,2.9835315000000264,0.2664409024374826,0.2688457327229636,train_pix_recon,-0.0024048302854809966
shapley-20260606T020512Z-dd871c85,marginal,A,44,44,3.0438491999993857,0.2627547127859933,0.2737181101526533,train_pix_recon,-0.010963397366659966
shapley-20260606T020512Z-dd871c85,marginal,A,45,45,3.1031375999991724,0.2602078190871647,0.2747009566852024,train_pix_recon,-0.014493137598037664
shapley-20260606T020512Z-dd871c85,marginal,A,46,46,3.1657819999982166,0.2676190563610622,0.2728392779827118,train_pix_recon,-0.00522022162164959
shapley-20260606T020512Z-dd871c85,marginal,A,47,47,3.2281529999982013,0.2666708656719753,0.2750227749347687,train_pix_recon,-0.008351909262793389
shapley-20260606T020512Z-dd871c85,marginal,A,48,48,3.2896373999974458,0.2732828259468078,0.2771466502121517,train_pix_recon,-0.0038638242653438737
shapley-20260606T020512Z-dd871c85,marginal,A,49,49,3.347674399998141,0.2725304748330797,0.2777232612882341,train_pix_recon,-0.005192786455154419
shapley-20260606T020512Z-dd871c85,marginal,A,50,50,3.407164099997317,0.2744252383708954,0.2784689835139683,train_pix_recon,-0.00404374514307293
shapley-20260606T020512Z-dd871c85,marginal,A,51,51,3.4657807999974466,0.2781100358281816,0.2822315735476358,train_pix_recon,-0.004121537719454171
shapley-20260606T020512Z-dd871c85,marginal,A,52,52,3.531732599996758,0.2791770909513746,0.280273118189403,train_pix_recon,-0.0010960272380283742
shapley-20260606T020512Z-dd871c85,marginal,A,53,53,3.5917481999968004,0.282820062977927,0.2798576056957245,train_pix_recon,0.002962457282202513
shapley-20260606T020512Z-dd871c85,marginal,A,54,54,3.655917499996576,0.2855085006781986,0.2816516331263951,train_pix_recon,0.0038568675518035334
shapley-20260606T020512Z-dd871c85,marginal,A,55,55,3.716937599996527,0.2850601971149444,0.2823789119720459,train_pix_recon,0.002681285142898504
shapley-20260606T020512Z-dd871c85,marginal,A,56,56,3.7772255999952895,0.2913391547543661,0.2863580627100808,train_pix_recon,0.004981092044285318
shapley-20260606T020512Z-dd871c85,marginal,A,57,57,3.836036199994851,0.2898074941975729,0.2902848039354597,train_pix_recon,-0.00047730973788678854
shapley-20260606T020512Z-dd871c85,marginal,A,58,58,3.9027348999952665,0.2904316655227116,0.2905112249510629,train_pix_recon,-7.95594283513057e-05
shapley-20260606T020512Z-dd871c85,marginal,A,59,59,3.962205699996048,0.2940092938286917,0.2927302760737283,train_pix_recon,0.001279017754963363
shapley-20260606T020512Z-dd871c85,marginal,A,60,60,4.0254689999947,0.2950740669454847,0.292459032365254,train_pix_recon,0.002615034580230713
shapley-20260606T020512Z-dd871c85,marginal,A,61,61,4.086144899994906,0.299204204763685,0.2972695742334638,train_pix_recon,0.001934630530221193
shapley-20260606T020512Z-dd871c85,marginal,A,62,62,4.144980499993835,0.2969358265399933,0.2996697042669569,train_pix_recon,-0.002733877726963596
shapley-20260606T020512Z-dd871c85,marginal,A,63,63,4.210081299992453,0.3011316699641091,0.3018456186567034,train_pix_recon,-0.0007139486925942795
shapley-20260606T020512Z-dd871c85,marginal,A,64,64,4.276640499992936,0.2989198352609362,0.3000789880752563,train_pix_recon,-0.001159152814320108
shapley-20260606T020512Z-dd871c85,marginal,A,65,65,4.337080099992818,0.3064046714987073,0.3044873348304203,train_pix_recon,0.0019173366682870285
shapley-20260606T020512Z-dd871c85,marginal,A,66,66,4.395574299991495,0.3099629623549325,0.3053402006626129,train_pix_recon,0.004622761692319566
shapley-20260606T020512Z-dd871c85,marginal,A,67,67,4.4567312999915885,0.3079272253172738,0.3085005751677921,train_pix_recon,-0.0005733498505183232
shapley-20260606T020512Z-dd871c85,marginal,A,68,68,4.517601799991098,0.3122688404151371,0.3082331802163805,train_pix_recon,0.004035660198756563
shapley-20260606T020512Z-dd871c85,marginal,A,69,69,4.576304599990181,0.3136566323893411,0.3135551214218139,train_pix_recon,0.00010151096752719635
shapley-20260606T020512Z-dd871c85,marginal,A,70,70,4.63907529998869,0.3189553916454315,0.3150951436587742,train_pix_recon,0.0038602479866572947
shapley-20260606T020512Z-dd871c85,marginal,A,71,71,4.698893999988286,0.3108914153916495,0.3134334342820303,train_pix_recon,-0.002542018890380804
shapley-20260606T020512Z-dd871c85,marginal,A,72,72,4.760698899988711,0.3236015141010284,0.3196758840765272,train_pix_recon,0.003925630024501192
shapley-20260606T020512Z-dd871c85,marginal,A,73,73,4.822736299989629,0.3177263864449092,0.3290940012250627,train_pix_recon,-0.011367614780153523
shapley-20260606T020512Z-dd871c85,marginal,A,74,74,4.885179299988522,0.3218249465738024,0.3235231850828443,train_pix_recon,-0.0016982385090418828
shapley-20260606T020512Z-dd871c85,marginal,A,75,75,4.946295599987934,0.3288736811705998,0.3283109920365469,train_pix_recon,0.000562689134052885
shapley-20260606T020512Z-dd871c85,marginal,A,76,76,5.005970399986836,0.3251498341560364,0.3309601587908609,train_pix_recon,-0.005810324634824504
shapley-20260606T020512Z-dd871c85,marginal,A,77,77,5.06514009998682,0.3274267699037279,0.3329740464687347,train_pix_recon,-0.005547276565006809
shapley-20260606T020512Z-dd871c85,marginal,A,78,78,5.130492499987668,0.3314730737890516,0.3304564782551357,train_pix_recon,0.0010165955339159205
shapley-20260606T020512Z-dd871c85,marginal,A,79,79,5.192596599987155,0.3274273148604801,0.3325218132563999,train_pix_recon,-0.0050944983959198
shapley-20260606T020512Z-dd871c85,marginal,A,80,80,5.25600209998629,0.3290131177221025,0.335162660905293,train_pix_recon,-0.006149543183190498
shapley-20260606T020512Z-dd871c85,marginal,A,81,81,5.317746499986242,0.3419730578150068,0.3331383509295327,train_pix_recon,0.008834706885474108
shapley-20260606T020512Z-dd871c85,marginal,A,82,82,5.383732899987081,0.338457703590393,0.3391764334269932,train_pix_recon,-0.0007187298366002071
shapley-20260606T020512Z-dd871c85,marginal,A,83,83,5.444952199986801,0.3391690637384142,0.3433283184255872,train_pix_recon,-0.004159254687172986
shapley-20260606T020512Z-dd871c85,marginal,A,84,84,5.506547099987074,0.3479820958205631,0.3428668252059391,train_pix_recon,0.0051152706146240234
shapley-20260606T020512Z-dd871c85,marginal,A,85,85,5.565922799987675,0.3430983466761453,0.3418776733534677,train_pix_recon,0.0012206733226776123
shapley-20260606T020512Z-dd871c85,marginal,A,86,86,5.629508099988016,0.3540051707199642,0.3508646488189697,train_pix_recon,0.003140521900994453
shapley-20260606T020512Z-dd871c85,marginal,A,87,87,5.695856199987247,0.3427998977048056,0.3544938777174268,train_pix_recon,-0.011693980012621175
shapley-20260606T020512Z-dd871c85,marginal,A,88,88,5.762599199986653,0.3509955448763711,0.3516362479754856,train_pix_recon,-0.0006407030991145146
shapley-20260606T020512Z-dd871c85,marginal,A,89,89,5.828558599985627,0.347663802759988,0.3534514989171709,train_pix_recon,-0.005787696157182942
shapley-20260606T020512Z-dd871c85,marginal,A,90,90,5.896827999986272,0.3440688295023782,0.3613839319774082,train_pix_recon,-0.017315102475029986
shapley-20260606T020512Z-dd871c85,marginal,A,91,91,5.963118599986046,0.3502290461744581,0.3615572197096688,train_pix_recon,-0.011328173535210706
shapley-20260606T020512Z-dd871c85,marginal,A,92,92,6.02550289998544,0.3524072340556553,0.3554054370948246,train_pix_recon,-0.002998203039169256
shapley-20260606T020512Z-dd871c85,marginal,A,93,93,6.095467499984807,0.3587006543363844,0.3646571338176727,train_pix_recon,-0.0059564794812883015
shapley-20260606T020512Z-dd871c85,marginal,A,94,94,6.164042899983542,0.3536904156208038,0.3739362316472189,train_pix_recon,-0.02024581602641512
shapley-20260606T020512Z-dd871c85,marginal,A,95,95,6.230376199982857,0.3582051481519426,0.3658185090337481,train_pix_recon,-0.007613360881805475
shapley-20260606T020512Z-dd871c85,marginal,A,96,96,6.298601699983919,0.3638708250863211,0.3653934342520578,train_pix_recon,-0.0015226091657366547
shapley-20260606T020512Z-dd871c85,marginal,A,97,97,6.365750499984642,0.3679928822176797,0.3663989007472992,train_pix_recon,0.0015939814703804789
shapley-20260606T020512Z-dd871c85,marginal,A,98,98,6.431074099984471,0.3632622701781137,0.3741679617336818,train_pix_recon,-0.010905691555568087
shapley-20260606T020512Z-dd871c85,marginal,A,99,99,6.496794199983924,0.361182485307966,0.3724640054362161,train_pix_recon,-0.011281520128250122
shapley-20260606T020512Z-dd871c85,marginal,A,100,100,6.563149799983876,0.3776367093835558,0.3764226479189737,train_pix_recon,0.001214061464582139
shapley-20260606T020512Z-dd871c85,marginal,A,101,101,6.630877599982341,0.3710803474698748,0.3839480195726667,train_pix_recon,-0.012867672102791938
shapley-20260606T020512Z-dd871c85,marginal,A,102,102,6.698150399983206,0.3674073602472033,0.3775771941457476,train_pix_recon,-0.010169833898544312
shapley-20260606T020512Z-dd871c85,marginal,A,103,103,6.766495299982125,0.3790702521800995,0.390310777085168,train_pix_recon,-0.011240524905068494
shapley-20260606T020512Z-dd871c85,marginal,A,104,104,6.832280999982686,0.38685371194567,0.378954210451671,train_pix_recon,0.007899501493998984
shapley-20260606T020512Z-dd871c85,marginal,A,105,105,6.895357399982458,0.376077013356345,0.3931713104248047,train_pix_recon,-0.017094297068459663
shapley-20260606T020512Z-dd871c85,marginal,A,106,106,6.957463699982327,0.3859218614442007,0.389203063079289,train_pix_recon,-0.003281201635088271
shapley-20260606T020512Z-dd871c85,marginal,A,107,107,7.021010199981902,0.3796876456056322,0.394212211881365,train_pix_recon,-0.014524566275732842
shapley-20260606T020512Z-dd871c85,marginal,A,108,108,7.083104599982107,0.3835126715047018,0.3912814472402845,train_pix_recon,-0.007768775735582711
shapley-20260606T020512Z-dd871c85,marginal,A,109,109,7.146382399982031,0.4001706370285579,0.4003016352653503,train_pix_recon,-0.0001309982367924123
shapley-20260606T020512Z-dd871c85,marginal,A,110,110,7.21032169998216,0.3910552603857858,0.3896675833633968,train_pix_recon,0.0013876770223890111
shapley-20260606T020512Z-dd871c85,marginal,A,111,111,7.275017699981618,0.3936011110033308,0.3951538758618491,train_pix_recon,-0.0015527648585182963
shapley-20260606T020512Z-dd871c85,marginal,A,112,112,7.337912299981326,0.3926991650036403,0.3944946357182094,train_pix_recon,-0.0017954707145690918
shapley-20260606T020512Z-dd871c85,marginal,A,113,113,7.40150039998116,0.3902203014918736,0.4069861514227731,train_pix_recon,-0.016765849930899523
shapley-20260606T020512Z-dd871c85,marginal,A,114,114,7.4657888999809074,0.4016703792980739,0.4037622766835348,train_pix_recon,-0.0020918973854608947
shapley-20260606T020512Z-dd871c85,marginal,A,115,115,7.530000899982042,0.3919174075126648,0.4017914107867649,train_pix_recon,-0.009874003274100096
shapley-20260606T020512Z-dd871c85,marginal,A,116,116,7.592075399981695,0.4097071545464651,0.4063792015824999,train_pix_recon,0.0033279529639652083
shapley-20260606T020512Z-dd871c85,marginal,A,117,117,7.655770799981838,0.4111299046448299,0.4030494775090898,train_pix_recon,0.008080427135740087
shapley-20260606T020512Z-dd871c85,marginal,A,118,118,7.718445599981351,0.4015347148690905,0.4173117961202349,train_pix_recon,-0.01577708125114441
shapley-20260606T020512Z-dd871c85,marginal,A,119,119,7.783034499982023,0.4023411444255284,0.4021950576986585,train_pix_recon,0.00014608672686988733
shapley-20260606T020512Z-dd871c85,marginal,A,120,120,7.852135799981625,0.4099024321351732,0.4190252295562199,train_pix_recon,-0.009122797421046713
shapley-20260606T020512Z-dd871c85,marginal,A,121,121,7.917604199981724,0.4231261823858533,0.4158303141593933,train_pix_recon,0.0072958682264600005
shapley-20260606T020512Z-dd871c85,marginal,A,122,122,7.982689299982667,0.4115840494632721,0.4309822831835065,train_pix_recon,-0.019398233720234415
shapley-20260606T020512Z-dd871c85,marginal,A,123,123,8.048296599983587,0.4224948031561715,0.4275362704481397,train_pix_recon,-0.0050414672919681935
shapley-20260606T020512Z-dd871c85,marginal,A,124,124,8.118759299984958,0.4305520526000431,0.4342236050537654,train_pix_recon,-0.0036715524537223043
shapley-20260606T020512Z-dd871c85,marginal,A,125,125,8.181907899985163,0.4315826509680067,0.4349924155644008,train_pix_recon,-0.003409764596394138
shapley-20260606T020512Z-dd871c85,marginal,A,126,126,8.248558699984642,0.4290912066187177,0.4306805346693311,train_pix_recon,-0.0015893280506134033
shapley-20260606T020512Z-dd871c85,marginal,A,127,127,8.313015599984283,0.4312311751501901,0.4362627821309225,train_pix_recon,-0.005031606980732406
shapley-20260606T020512Z-dd871c85,marginal,A,128,128,8.381306699982815,0.4262065930025918,0.4209024608135223,train_pix_recon,0.005304132189069499
shapley-20260606T020512Z-dd871c85,marginal,A,129,129,8.445955899982437,0.427194459097726,0.4290058399949755,train_pix_recon,-0.0018113808972494705
shapley-20260606T020512Z-dd871c85,marginal,A,130,130,8.50891909998245,0.4258358861718859,0.4295222929545811,train_pix_recon,-0.0036864067826952174
shapley-20260606T020512Z-dd871c85,marginal,A,131,131,8.573928799982241,0.4259959246431078,0.4270060019833701,train_pix_recon,-0.001010077340262261
shapley-20260606T020512Z-dd871c85,marginal,A,132,132,8.64047539998137,0.417069524526596,0.4239977555615561,train_pix_recon,-0.006928231034960097
shapley-20260606T020512Z-dd871c85,marginal,A,133,133,8.715154799981974,0.4299209117889404,0.4248132279941014,train_pix_recon,0.005107683794839002
shapley-20260606T020512Z-dd871c85,marginal,A,134,134,8.789995199982513,0.4059181766850607,0.4149211432252611,train_pix_recon,-0.009002966540200386
shapley-20260606T020512Z-dd871c85,marginal,A,135,135,8.856882799982486,0.4231097570487431,0.4350436542715345,train_pix_recon,-0.011933897222791423
shapley-20260606T020512Z-dd871c85,marginal,A,136,136,8.924978199982434,0.4099187169756208,0.4080903530120849,train_pix_recon,0.0018283639635359172
shapley-20260606T020512Z-dd871c85,marginal,A,137,137,8.997726499981582,0.4179524098123823,0.4358761353152139,train_pix_recon,-0.01792372550283161
shapley-20260606T020512Z-dd871c85,marginal,A,138,138,9.06383789998108,0.4098487836974008,0.4163714264120374,train_pix_recon,-0.006522642714636595
shapley-20260606T020512Z-dd871c85,marginal,A,139,139,9.126960699981282,0.4217709132603237,0.4213416065488543,train_pix_recon,0.0004293067114694016
shapley-20260606T020512Z-dd871c85,marginal,A,140,140,9.190341699981218,0.4276090732642582,0.4213300432477678,train_pix_recon,0.006279030016490383
shapley-20260606T020512Z-dd871c85,marginal,A,141,141,9.252679899982468,0.400977258171354,0.4276231825351715,train_pix_recon,-0.02664592436381752
shapley-20260606T020512Z-dd871c85,marginal,A,142,142,9.321501299982629,0.4146423595292227,0.42994481750897,train_pix_recon,-0.01530245797974733
shapley-20260606T020512Z-dd871c85,marginal,A,143,143,9.385894599983658,0.4198995786053793,0.4132857492991856,train_pix_recon,0.006613829306193697
shapley-20260606T020512Z-dd871c85,marginal,A,144,144,9.45615429998361,0.3982768739972795,0.4154292430196489,train_pix_recon,-0.017152369022369385
shapley-20260606T020512Z-dd871c85,marginal,A,145,145,9.518211999984487,0.4148983699934823,0.4275593970503126,train_pix_recon,-0.01266102705683031
shapley-20260606T020512Z-dd871c85,marginal,A,146,146,9.584821299984467,0.4119548882756914,0.4136051024709429,train_pix_recon,-0.0016502141952515204
shapley-20260606T020512Z-dd871c85,marginal,A,147,147,9.651044299984278,0.4084175186497824,0.4136062136718205,train_pix_recon,-0.0051886950220381145
shapley-20260606T020512Z-dd871c85,marginal,A,148,148,9.714244399983729,0.4070603123732975,0.4189742462975638,train_pix_recon,-0.011913933924266318
shapley-20260606T020512Z-dd871c85,marginal,A,149,149,9.78232889998435,0.4122711973530905,0.4040217058999197,train_pix_recon,0.008249491453170776
shapley-20260606T020512Z-dd871c85,marginal,A,150,150,9.84526739998364,0.412624363388334,0.4122054619448526,train_pix_recon,0.0004189014434814453
shapley-20260606T020512Z-dd871c85,marginal,A,151,151,9.91188989998409,0.4112150413649423,0.418570054428918,train_pix_recon,-0.0073550130639756794
shapley-20260606T020512Z-dd871c85,marginal,A,152,152,9.984646099983363,0.4151177832058498,0.4149170475346701,train_pix_recon,0.00020073567117967483
shapley-20260606T020512Z-dd871c85,marginal,A,153,153,10.04978789998313,0.395338420357023,0.4070161921637399,train_pix_recon,-0.011677771806716919
shapley-20260606T020512Z-dd871c85,marginal,A,154,154,10.1189322999835,0.4185119100979396,0.4123961670058114,train_pix_recon,0.006115743092128201
shapley-20260606T020512Z-dd871c85,marginal,A,155,155,10.189918099984425,0.4145644988332476,0.4134464476789747,train_pix_recon,0.001118051154272881
shapley-20260606T020512Z-dd871c85,marginal,A,156,156,10.261947299983149,0.4015874011175973,0.4154665214674813,train_pix_recon,-0.013879120349884033
shapley-20260606T020512Z-dd871c85,marginal,A,157,157,10.328696699982174,0.4125302519117083,0.4044844082423618,train_pix_recon,0.008045843669346464
shapley-20260606T020512Z-dd871c85,marginal,A,158,158,10.395302899982198,0.4152439704963139,0.4070262610912323,train_pix_recon,0.008217709405081597
shapley-20260606T020512Z-dd871c85,marginal,A,159,159,10.462228999982472,0.4076568867479052,0.419707498380116,train_pix_recon,-0.012050611632210828
shapley-20260606T020512Z-dd871c85,marginal,A,160,160,10.528123799982495,0.4019076355866023,0.4176915798868452,train_pix_recon,-0.01578394430024288
shapley-20260606T020512Z-dd871c85,marginal,A,161,161,10.598555299980944,0.403246351650783,0.4053287378379276,train_pix_recon,-0.0020823861871446248
shapley-20260606T020512Z-dd871c85,marginal,A,162,162,10.66669979998187,0.4096595517226628,0.4026562316077096,train_pix_recon,0.007003320114953193
shapley-20260606T020512Z-dd871c85,marginal,A,163,163,10.729734599981384,0.4035348849637167,0.4079433040959494,train_pix_recon,-0.0044084191322327215
shapley-20260606T020512Z-dd871c85,marginal,A,164,164,10.795796899981724,0.3971014065401895,0.4132152966090611,train_pix_recon,-0.016113890068871595
shapley-20260606T020512Z-dd871c85,marginal,A,165,165,10.862486299982264,0.4031207859516144,0.4136832739625658,train_pix_recon,-0.010562488010951443
shapley-20260606T020512Z-dd871c85,marginal,A,166,166,10.931156499982537,0.4020233580044338,0.420618895973478,train_pix_recon,-0.01859553796904423
shapley-20260606T020512Z-dd871c85,marginal,A,167,167,11.002051099982054,0.4064709757055555,0.4051182525498526,train_pix_recon,0.0013527231557028951
shapley-20260606T020512Z-dd871c85,marginal,A,168,168,11.0677793999821,0.4063694264207567,0.4068333464009421,train_pix_recon,-0.00046391998018541214
shapley-20260606T020512Z-dd871c85,marginal,A,169,169,11.135411999981445,0.3958507818835122,0.4098704627582005,train_pix_recon,-0.0140196808746883
shapley-20260606T020512Z-dd871c85,marginal,A,170,170,11.2008438999801,0.40462726354599,0.4151575267314911,train_pix_recon,-0.010530263185501099
shapley-20260606T020512Z-dd871c85,marginal,A,171,171,11.26519339997867,0.399108384336744,0.4183071170534406,train_pix_recon,-0.019198732716696587
shapley-20260606T020512Z-dd871c85,marginal,A,172,172,11.331796999978906,0.4021190404891968,0.4064594805240631,train_pix_recon,-0.004340440034866333
shapley-20260606T020512Z-dd871c85,marginal,A,173,173,11.396320199979527,0.4011368325778416,0.4033829271793365,train_pix_recon,-0.0022460946014948857
shapley-20260606T020512Z-dd871c85,marginal,A,174,174,11.458622599979208,0.4060983870710645,0.4085730186530522,train_pix_recon,-0.002474631581987685
shapley-20260606T020512Z-dd871c85,marginal,A,175,175,11.526426799979165,0.4041430950164795,0.4081367765154157,train_pix_recon,-0.003993681498936197
shapley-20260606T020512Z-dd871c85,marginal,A,176,176,11.588953199980097,0.4043874740600586,0.4113179956163679,train_pix_recon,-0.006930521556309299
shapley-20260606T020512Z-dd871c85,marginal,A,177,177,11.651401899978737,0.3993861249514988,0.4169095797198159,train_pix_recon,-0.017523454768317126
shapley-20260606T020512Z-dd871c85,marginal,A,178,178,11.713497399978223,0.3969770840236118,0.4102407736437661,train_pix_recon,-0.013263689620154284
shapley-20260606T020512Z-dd871c85,marginal,A,179,179,11.778626799978156,0.4104560400758471,0.4033612353461129,train_pix_recon,0.007094804729734172
shapley-20260606T020512Z-dd871c85,marginal,A,180,180,11.844144199976654,0.4084703751972743,0.3997434335095541,train_pix_recon,0.008726941687720202
shapley-20260606T020512Z-dd871c85,marginal,A,181,181,11.910352799975954,0.4074717249189104,0.4098415970802307,train_pix_recon,-0.0023698721613202856
shapley-20260606T020512Z-dd871c85,marginal,A,182,182,11.975074199976008,0.3997193532330649,0.4095468393393925,train_pix_recon,-0.00982748610632761
shapley-20260606T020512Z-dd871c85,marginal,A,183,183,12.039695099976598,0.4035356640815735,0.4113626650401524,train_pix_recon,-0.007827000958578911
shapley-20260606T020512Z-dd871c85,marginal,A,184,184,12.103627499976938,0.3935830422810146,0.408925712108612,train_pix_recon,-0.01534266982759741
shapley-20260606T020512Z-dd871c85,marginal,A,185,185,12.168349599976864,0.4003500768116542,0.4003158807754516,train_pix_recon,3.4196036202582825e-05
shapley-20260606T020512Z-dd871c85,marginal,A,186,186,12.232710699976453,0.404692679643631,0.4082877465656825,train_pix_recon,-0.0035950669220515263
shapley-20260606T020512Z-dd871c85,marginal,A,187,187,12.295804399975168,0.4000379528318132,0.4034787161009652,train_pix_recon,-0.003440763269151992
shapley-20260606T020512Z-dd871c85,marginal,A,188,188,12.363867899975958,0.4042426220008305,0.4155374339648655,train_pix_recon,-0.011294811964034979
shapley-20260606T020512Z-dd871c85,marginal,A,189,189,12.434334199977457,0.4088197265352521,0.4068903625011444,train_pix_recon,0.0019293640341077056
shapley-20260606T020512Z-dd871c85,marginal,A,190,190,12.498872699978165,0.4000730514526367,0.4138353041240147,train_pix_recon,-0.013762252671377984
shapley-20260606T020512Z-dd871c85,marginal,A,191,191,12.56095099997765,0.4072590938636234,0.4086470816816602,train_pix_recon,-0.0013879878180367844
shapley-20260606T020512Z-dd871c85,marginal,A,192,192,12.62780009997732,0.4070100017956325,0.4031745961734226,train_pix_recon,0.0038354056222099087
shapley-20260606T020512Z-dd871c85,marginal,A,193,193,12.692418399978123,0.4020741369043077,0.4095519142491476,train_pix_recon,-0.007477777344839898
shapley-20260606T020512Z-dd871c85,marginal,A,194,194,12.759912799978338,0.3973673709801265,0.409059145620891,train_pix_recon,-0.01169177464076454
shapley-20260606T020512Z-dd871c85,marginal,A,195,195,12.826577499978155,0.4061460069247654,0.401851692370006,train_pix_recon,0.004294314554759371
shapley-20260606T020512Z-dd871c85,marginal,A,196,196,12.88971479997781,0.4000899408544813,0.4074082630021231,train_pix_recon,-0.007318322147641831
shapley-20260606T020512Z-dd871c85,marginal,A,197,197,12.958654599977308,0.4013921363013131,0.4086990058422088,train_pix_recon,-0.007306869540895711
shapley-20260606T020512Z-dd871c85,marginal,A,198,198,13.021992699978,0.4039535777909415,0.4058245420455932,train_pix_recon,-0.0018709642546517191
shapley-20260606T020512Z-dd871c85,marginal,A,199,199,13.087895299979207,0.3922122589179447,0.4125130815165383,train_pix_recon,-0.020300822598593615
shapley-20260606T020537Z-8cdc8253,conditional,A,0,0,0.2564361999993707,0.9790239759853908,0.9831705008234296,train_pix_recon,-0.00414652483803879
shapley-20260606T020537Z-8cdc8253,conditional,A,1,1,0.3263028000001213,0.7905123063496181,0.7951112048966544,train_pix_recon,-0.004598898547036323
shapley-20260606T020537Z-8cdc8253,conditional,A,2,2,0.3872181999995518,0.6429045881543841,0.661698945931026,train_pix_recon,-0.018794357776641846
shapley-20260606T020537Z-8cdc8253,conditional,A,3,3,0.4454466999995929,0.5563200286456517,0.5771929621696472,train_pix_recon,-0.02087293352399555
shapley-20260606T020537Z-8cdc8253,conditional,A,4,4,0.5039465000008931,0.4940756389072963,0.5158295205661229,train_pix_recon,-0.02175388165882658
shapley-20260606T020537Z-8cdc8253,conditional,A,5,5,0.5668195000016567,0.4492798745632171,0.4675552972725459,train_pix_recon,-0.018275422709328804
shapley-20260606T020537Z-8cdc8253,conditional,A,6,6,0.6275409000008949,0.4183464178017207,0.4254539353506906,train_pix_recon,-0.007107517548969877
shapley-20260606T020537Z-8cdc8253,conditional,A,7,7,0.6896486000005098,0.3917131977421896,0.3964169110570635,train_pix_recon,-0.004703713314873903
shapley-20260606T020537Z-8cdc8253,conditional,A,8,8,0.7536952999998903,0.3712507018021175,0.3699499496391841,train_pix_recon,0.0013007521629334051
shapley-20260606T020537Z-8cdc8253,conditional,A,9,9,0.8208627999993041,0.3535406163760594,0.3560269474983215,train_pix_recon,-0.0024863311222620976
shapley-20260606T020537Z-8cdc8253,conditional,A,10,10,0.8820637999997416,0.3370306236403329,0.3393710936818804,train_pix_recon,-0.002340470041547471
shapley-20260606T020537Z-8cdc8253,conditional,A,11,11,0.9497704000004888,0.3253065262522016,0.3283717589718954,train_pix_recon,-0.0030652327196938334
shapley-20260606T020537Z-8cdc8253,conditional,A,12,12,1.008195299998988,0.3296127957957132,0.3291857029710497,train_pix_recon,0.00042709282466346643
shapley-20260606T020537Z-8cdc8253,conditional,A,13,13,1.071622400000706,0.3223040274211338,0.3264049419334957,train_pix_recon,-0.004100914512361886
shapley-20260606T020537Z-8cdc8253,conditional,A,14,14,1.130681500000719,0.3079960644245147,0.3080001516001565,train_pix_recon,-4.087175641764862e-06
shapley-20260606T020537Z-8cdc8253,conditional,A,15,15,1.1958839000017178,0.2991191531930651,0.3010370859077999,train_pix_recon,-0.0019179327147347824
shapley-20260606T020537Z-8cdc8253,conditional,A,16,16,1.2623383000027388,0.2929122575691768,0.2994783435549055,train_pix_recon,-0.006566085985728665
shapley-20260606T020537Z-8cdc8253,conditional,A,17,17,1.3238040000032925,0.2922717716012682,0.3022645711898803,train_pix_recon,-0.0099927995886121
shapley-20260606T020537Z-8cdc8253,conditional,A,18,18,1.3821335000029649,0.2870948144367763,0.2894242874213627,train_pix_recon,-0.0023294729845864115
shapley-20260606T020537Z-8cdc8253,conditional,A,19,19,1.4432126000028802,0.2792629727295467,0.2822942861488887,train_pix_recon,-0.0030313134193419855
shapley-20260606T020537Z-8cdc8253,conditional,A,20,20,1.502293000003192,0.2729109994002751,0.278345593384334,train_pix_recon,-0.005434593984058933
shapley-20260606T020537Z-8cdc8253,conditional,A,21,21,1.56102550000287,0.2764055260590145,0.2770933295999254,train_pix_recon,-0.000687803540910914
shapley-20260606T020537Z-8cdc8253,conditional,A,22,22,1.6218922000025486,0.2751167203698839,0.2736686936446598,train_pix_recon,0.0014480267252240941
shapley-20260606T020537Z-8cdc8253,conditional,A,23,23,1.680164600003991,0.2666018392358507,0.2716084590979984,train_pix_recon,-0.005006619862147732
shapley-20260606T020537Z-8cdc8253,conditional,A,24,24,1.742581100004827,0.2678368687629699,0.2735885679721832,train_pix_recon,-0.005751699209213312
shapley-20260606T020537Z-8cdc8253,conditional,A,25,25,1.8041321000055175,0.2700742440564291,0.268053731748036,train_pix_recon,0.0020205123083931187
shapley-20260606T020537Z-8cdc8253,conditional,A,26,26,1.8694980000054784,0.2628786649022783,0.2721828648022243,train_pix_recon,-0.00930419989994602
shapley-20260606T020537Z-8cdc8253,conditional,A,27,27,1.9279314000068557,0.2652182493891035,0.2701240224497659,train_pix_recon,-0.004905773060662422
shapley-20260606T020537Z-8cdc8253,conditional,A,28,28,1.9892238000065845,0.2655658977372305,0.2632354242461068,train_pix_recon,0.002330473491123697
shapley-20260606T020537Z-8cdc8253,conditional,A,29,29,2.050057000005836,0.2606829191957201,0.2690795234271458,train_pix_recon,-0.008396604231425686
shapley-20260606T020537Z-8cdc8253,conditional,A,30,30,2.114059200004704,0.2666725729193006,0.2665806114673614,train_pix_recon,9.196145193918204e-05
shapley-20260606T020537Z-8cdc8253,conditional,A,31,31,2.177618400004576,0.2621836875166212,0.2613608837127685,train_pix_recon,0.0008228038038526897
shapley-20260606T020537Z-8cdc8253,conditional,A,32,32,2.2419822000047134,0.2588655863489423,0.2655471520764487,train_pix_recon,-0.006681565727506389
shapley-20260606T020537Z-8cdc8253,conditional,A,33,33,2.302696200003993,0.2606537001473563,0.2583756957735334,train_pix_recon,0.0022780043738228617
shapley-20260606T020537Z-8cdc8253,conditional,A,34,34,2.3637145000029705,0.2568348028830119,0.262965657881328,train_pix_recon,-0.00613085499831606
shapley-20260606T020537Z-8cdc8253,conditional,A,35,35,2.426588200001788,0.2602421598775046,0.2629383674689701,train_pix_recon,-0.0026962075914654937
shapley-20260606T020537Z-8cdc8253,conditional,A,36,36,2.49302340000213,0.2637256681919098,0.2603323927947453,train_pix_recon,0.003393275397164497
shapley-20260606T020537Z-8cdc8253,conditional,A,37,37,2.556284900001629,0.262007257768086,0.2686158120632171,train_pix_recon,-0.0066085542951311305
shapley-20260606T020537Z-8cdc8253,conditional,A,38,38,2.618475300001592,0.2640140099184854,0.2646277291434152,train_pix_recon,-0.0006137192249298096
shapley-20260606T020537Z-8cdc8253,conditional,A,39,39,2.682551600002625,0.2670825719833374,0.2686004894120352,train_pix_recon,-0.0015179174286977792
shapley-20260606T020537Z-8cdc8253,conditional,A,40,40,2.743228100001943,0.2671498698847634,0.2641217623438154,train_pix_recon,0.0030281075409480107
shapley-20260606T020537Z-8cdc8253,conditional,A,41,41,2.803859800002101,0.2646013029984065,0.2627136026109968,train_pix_recon,0.0018877003874097076
shapley-20260606T020537Z-8cdc8253,conditional,A,42,42,2.8628724000027432,0.2633506527968815,0.2673328731741224,train_pix_recon,-0.003982220377240886
shapley-20260606T020537Z-8cdc8253,conditional,A,43,43,2.921693000002051,0.2657495694501059,0.2688457327229636,train_pix_recon,-0.003096163272857666
shapley-20260606T020537Z-8cdc8253,conditional,A,44,44,2.9811327000006718,0.2664557014192854,0.2737181101526533,train_pix_recon,-0.00726240873336792
shapley-20260606T020537Z-8cdc8253,conditional,A,45,45,3.0412388000022474,0.2709198381219591,0.2747009566852024,train_pix_recon,-0.003781118563243313
shapley-20260606T020537Z-8cdc8253,conditional,A,46,46,3.100446300002659,0.2702854829175131,0.2728392779827118,train_pix_recon,-0.002553795065198705
shapley-20260606T020537Z-8cdc8253,conditional,A,47,47,3.1592238000012003,0.2714874786990029,0.2750227749347687,train_pix_recon,-0.0035352962357657614
shapley-20260606T020537Z-8cdc8253,conditional,A,48,48,3.2220723000009457,0.2728748193808964,0.2771466502121517,train_pix_recon,-0.004271830831255263
shapley-20260606T020537Z-8cdc8253,conditional,A,49,49,3.2860902000011265,0.270987114736012,0.2777232612882341,train_pix_recon,-0.0067361465522221
shapley-20260606T020537Z-8cdc8253,conditional,A,50,50,3.346102299999984,0.2718621449811118,0.2784689835139683,train_pix_recon,-0.0066068385328565404
shapley-20260606T020537Z-8cdc8253,conditional,A,51,51,3.4069394999987708,0.2730014877659933,0.2822315735476358,train_pix_recon,-0.009230085781642472
shapley-20260606T020537Z-8cdc8253,conditional,A,52,52,3.4665088999972795,0.275737396308354,0.280273118189403,train_pix_recon,-0.004535721881049004
shapley-20260606T020537Z-8cdc8253,conditional,A,53,53,3.527897599997232,0.2759826609066554,0.2798576056957245,train_pix_recon,-0.003874944789069079
shapley-20260606T020537Z-8cdc8253,conditional,A,54,54,3.587794399998529,0.2850615509918758,0.2816516331263951,train_pix_recon,0.003409917865480727
shapley-20260606T020537Z-8cdc8253,conditional,A,55,55,3.6487703999991936,0.2864462562969753,0.2823789119720459,train_pix_recon,0.0040673443249293895
shapley-20260606T020537Z-8cdc8253,conditional,A,56,56,3.709938999998485,0.2877241330487387,0.2863580627100808,train_pix_recon,0.0013660703386578765
shapley-20260606T020537Z-8cdc8253,conditional,A,57,57,3.770754699999088,0.2861862012318202,0.2902848039354597,train_pix_recon,-0.004098602703639487
shapley-20260606T020537Z-8cdc8253,conditional,A,58,58,3.831622199999401,0.2914385838168008,0.2905112249510629,train_pix_recon,0.000927358865737915
shapley-20260606T020537Z-8cdc8253,conditional,A,59,59,3.8936415999996825,0.2917159966060093,0.2927302760737283,train_pix_recon,-0.001014279467719037
shapley-20260606T020537Z-8cdc8253,conditional,A,60,60,3.9538494999997056,0.2991312784808023,0.292459032365254,train_pix_recon,0.006672246115548286
shapley-20260606T020537Z-8cdc8253,conditional,A,61,61,4.012208300000566,0.2935994565486908,0.2972695742334638,train_pix_recon,-0.003670117684772989
shapley-20260606T020537Z-8cdc8253,conditional,A,62,62,4.073790000000372,0.2981669519628797,0.2996697042669569,train_pix_recon,-0.001502752304077204
shapley-20260606T020537Z-8cdc8253,conditional,A,63,63,4.131953800000701,0.3058471722262246,0.3018456186567034,train_pix_recon,0.004001553569521199
shapley-20260606T020537Z-8cdc8253,conditional,A,64,64,4.19003370000064,0.3080002920968192,0.3000789880752563,train_pix_recon,0.00792130402156288
shapley-20260606T020537Z-8cdc8253,conditional,A,65,65,4.253206100001989,0.3049448047365461,0.3044873348304203,train_pix_recon,0.00045746990612582916
shapley-20260606T020537Z-8cdc8253,conditional,A,66,66,4.311956600002304,0.3110477243150983,0.3053402006626129,train_pix_recon,0.005707523652485391
shapley-20260606T020537Z-8cdc8253,conditional,A,67,67,4.373523000002024,0.3106073566845485,0.3085005751677921,train_pix_recon,0.002106781516756362
shapley-20260606T020537Z-8cdc8253,conditional,A,68,68,4.43806620000214,0.3103147191660745,0.3082331802163805,train_pix_recon,0.002081538949693984
shapley-20260606T020537Z-8cdc8253,conditional,A,69,69,4.4990417000008165,0.3151719314711435,0.3135551214218139,train_pix_recon,0.0016168100493295645
shapley-20260606T020537Z-8cdc8253,conditional,A,70,70,4.55846830000155,0.3155394920281001,0.3150951436587742,train_pix_recon,0.0004443483693258865
shapley-20260606T020537Z-8cdc8253,conditional,A,71,71,4.61800100000255,0.3208064181464059,0.3134334342820303,train_pix_recon,0.007372983864375626
shapley-20260606T020537Z-8cdc8253,conditional,A,72,72,4.679523100001461,0.3171096358980451,0.3196758840765272,train_pix_recon,-0.002566248178482111
shapley-20260606T020537Z-8cdc8253,conditional,A,73,73,4.738340400001107,0.3227021651608603,0.3290940012250627,train_pix_recon,-0.006391836064202405
shapley-20260606T020537Z-8cdc8253,conditional,A,74,74,4.8012231000011525,0.3203699290752411,0.3235231850828443,train_pix_recon,-0.003153256007603189
shapley-20260606T020537Z-8cdc8253,conditional,A,75,75,4.860482899999624,0.3208921423980168,0.3283109920365469,train_pix_recon,-0.007418849638530123
shapley-20260606T020537Z-8cdc8253,conditional,A,76,76,4.922374599998875,0.3242152716432299,0.3309601587908609,train_pix_recon,-0.006744887147630996
shapley-20260606T020537Z-8cdc8253,conditional,A,77,77,4.987076499999603,0.324379563331604,0.3329740464687347,train_pix_recon,-0.008594483137130682
shapley-20260606T020537Z-8cdc8253,conditional,A,78,78,5.049573300000702,0.3331178256443569,0.3304564782551357,train_pix_recon,0.0026613473892211914
shapley-20260606T020537Z-8cdc8253,conditional,A,79,79,5.1115652000007685,0.3398335150309971,0.3325218132563999,train_pix_recon,0.0073117017745972235
shapley-20260606T020537Z-8cdc8253,conditional,A,80,80,5.174442199999248,0.3375426999160221,0.335162660905293,train_pix_recon,0.0023800390107290847
shapley-20260606T020537Z-8cdc8253,conditional,A,81,81,5.237015700000484,0.341395297220775,0.3331383509295327,train_pix_recon,0.008256946291242295
shapley-20260606T020537Z-8cdc8253,conditional,A,82,82,5.2955197999999655,0.3330992375101362,0.3391764334269932,train_pix_recon,-0.0060771959168570144
shapley-20260606T020537Z-8cdc8253,conditional,A,83,83,5.358217999999397,0.3371084630489349,0.3433283184255872,train_pix_recon,-0.006219855376652317
shapley-20260606T020537Z-8cdc8253,conditional,A,84,84,5.418799899998703,0.3406788877078465,0.3428668252059391,train_pix_recon,-0.002187937498092596
shapley-20260606T020537Z-8cdc8253,conditional,A,85,85,5.480249000000185,0.3473140469619206,0.3418776733534677,train_pix_recon,0.0054363736084528935
shapley-20260606T020537Z-8cdc8253,conditional,A,86,86,5.542333599998528,0.3428311305386679,0.3508646488189697,train_pix_recon,-0.008033518280301799
shapley-20260606T020537Z-8cdc8253,conditional,A,87,87,5.606556999997338,0.3439345572675977,0.3544938777174268,train_pix_recon,-0.010559320449829102
shapley-20260606T020537Z-8cdc8253,conditional,A,88,88,5.668699099996957,0.345923330102648,0.3516362479754856,train_pix_recon,-0.0057129178728376195
shapley-20260606T020537Z-8cdc8253,conditional,A,89,89,5.732690999995612,0.3504928861345563,0.3534514989171709,train_pix_recon,-0.0029586127826146114
shapley-20260606T020537Z-8cdc8253,conditional,A,90,90,5.801165499995477,0.3546067433697836,0.3613839319774082,train_pix_recon,-0.006777188607624607
shapley-20260606T020537Z-8cdc8253,conditional,A,91,91,5.8642281999946135,0.3497373035975865,0.3615572197096688,train_pix_recon,-0.01181991611208233
shapley-20260606T020537Z-8cdc8253,conditional,A,92,92,5.930653499994151,0.3545846853937421,0.3554054370948246,train_pix_recon,-0.0008207517010824783
shapley-20260606T020537Z-8cdc8253,conditional,A,93,93,6.001649299994824,0.3503049441746303,0.3646571338176727,train_pix_recon,-0.014352189643042357
shapley-20260606T020537Z-8cdc8253,conditional,A,94,94,6.0641279999945255,0.3569415083953312,0.3739362316472189,train_pix_recon,-0.016994723251887722
shapley-20260606T020537Z-8cdc8253,conditional,A,95,95,6.126209499994729,0.3624830969742366,0.3658185090337481,train_pix_recon,-0.003335412059511489
shapley-20260606T020537Z-8cdc8253,conditional,A,96,96,6.188507999993817,0.3689467694078173,0.3653934342520578,train_pix_recon,0.003553335155759507
shapley-20260606T020537Z-8cdc8253,conditional,A,97,97,6.253605999992942,0.361200532742909,0.3663989007472992,train_pix_recon,-0.005198368004390219
shapley-20260606T020537Z-8cdc8253,conditional,A,98,98,6.323076299993772,0.3636757220540728,0.3741679617336818,train_pix_recon,-0.010492239679608995
shapley-20260606T020537Z-8cdc8253,conditional,A,99,99,6.394758899992667,0.3651737911360604,0.3724640054362161,train_pix_recon,-0.007290214300155695
shapley-20260606T020537Z-8cdc8253,conditional,A,100,100,6.461622899993017,0.3636038516248975,0.3764226479189737,train_pix_recon,-0.012818796294076173
shapley-20260606T020537Z-8cdc8253,conditional,A,101,101,6.533085199993366,0.3718132419245584,0.3839480195726667,train_pix_recon,-0.01213477764810833
shapley-20260606T020537Z-8cdc8253,conditional,A,102,102,6.599807399992642,0.3714643844536373,0.3775771941457476,train_pix_recon,-0.00611280969211031
shapley-20260606T020537Z-8cdc8253,conditional,A,103,103,6.66715299999305,0.3715389115469796,0.390310777085168,train_pix_recon,-0.01877186553818838
shapley-20260606T020537Z-8cdc8253,conditional,A,104,104,6.73271269999168,0.370168924331665,0.378954210451671,train_pix_recon,-0.008785286120006008
shapley-20260606T020537Z-8cdc8253,conditional,A,105,105,6.801478299990777,0.3817612060478755,0.3931713104248047,train_pix_recon,-0.011410104376929187
shapley-20260606T020537Z-8cdc8253,conditional,A,106,106,6.867225199990571,0.3736015004771096,0.389203063079289,train_pix_recon,-0.015601562602179375
shapley-20260606T020537Z-8cdc8253,conditional,A,107,107,6.929482599989569,0.3792125029223306,0.394212211881365,train_pix_recon,-0.014999708959034408
shapley-20260606T020537Z-8cdc8253,conditional,A,108,108,6.997401999989961,0.3886601839746748,0.3912814472402845,train_pix_recon,-0.002621263265609741
shapley-20260606T020537Z-8cdc8253,conditional,A,109,109,7.059738899990407,0.3834899621350424,0.4003016352653503,train_pix_recon,-0.016811673130307903
shapley-20260606T020537Z-8cdc8253,conditional,A,110,110,7.123301599991464,0.3833676832062857,0.3896675833633968,train_pix_recon,-0.006299900157111071
shapley-20260606T020537Z-8cdc8253,conditional,A,111,111,7.187114399990605,0.3913453561919076,0.3951538758618491,train_pix_recon,-0.0038085196699415014
shapley-20260606T020537Z-8cdc8253,conditional,A,112,112,7.254459799991309,0.3915595838001796,0.3944946357182094,train_pix_recon,-0.0029350519180298407
shapley-20260606T020537Z-8cdc8253,conditional,A,113,113,7.3209477999917,0.3906834891864231,0.4069861514227731,train_pix_recon,-0.01630266223635002
shapley-20260606T020537Z-8cdc8253,conditional,A,114,114,7.385163499991904,0.3973477482795715,0.4037622766835348,train_pix_recon,-0.006414528403963338
shapley-20260606T020537Z-8cdc8253,conditional,A,115,115,7.45363909999287,0.3969341942242214,0.4017914107867649,train_pix_recon,-0.004857216562543509
shapley-20260606T020537Z-8cdc8253,conditional,A,116,116,7.516936299991357,0.3904987743922642,0.4063792015824999,train_pix_recon,-0.01588042719023569
shapley-20260606T020537Z-8cdc8253,conditional,A,117,117,7.582362599991029,0.3972367984907968,0.4030494775090898,train_pix_recon,-0.005812679018293021
shapley-20260606T020537Z-8cdc8253,conditional,A,118,118,7.655606299991632,0.4068575288568224,0.4173117961202349,train_pix_recon,-0.010454267263412476
shapley-20260606T020537Z-8cdc8253,conditional,A,119,119,7.720759099991483,0.4012800242219652,0.4021950576986585,train_pix_recon,-0.0009150334766933055
shapley-20260606T020537Z-8cdc8253,conditional,A,120,120,7.7893132999925,0.4081451381955828,0.4190252295562199,train_pix_recon,-0.010880091360637112
shapley-20260606T020537Z-8cdc8253,conditional,A,121,121,7.852620999992723,0.4114744237491062,0.4158303141593933,train_pix_recon,-0.004355890410287111
shapley-20260606T020537Z-8cdc8253,conditional,A,122,122,7.921612699992693,0.4191319005829947,0.4309822831835065,train_pix_recon,-0.0118503826005118
shapley-20260606T020537Z-8cdc8253,conditional,A,123,123,7.989307599993481,0.4126733584063394,0.4275362704481397,train_pix_recon,-0.014862912041800291
shapley-20260606T020537Z-8cdc8253,conditional,A,124,124,8.056455299993104,0.4253226220607757,0.4342236050537654,train_pix_recon,-0.008900982992989692
shapley-20260606T020537Z-8cdc8253,conditional,A,125,125,8.12217609999243,0.4181352598326547,0.4349924155644008,train_pix_recon,-0.01685715573174612
shapley-20260606T020537Z-8cdc8253,conditional,A,126,126,8.185919199991986,0.4254052426133837,0.4306805346693311,train_pix_recon,-0.0052752920559474
shapley-20260606T020537Z-8cdc8253,conditional,A,127,127,8.252661399990757,0.4224051833152771,0.4362627821309225,train_pix_recon,-0.013857598815645411
shapley-20260606T020537Z-8cdc8253,conditional,A,128,128,8.317197199990915,0.422563293150493,0.4209024608135223,train_pix_recon,0.00166083233697073
shapley-20260606T020537Z-8cdc8253,conditional,A,129,129,8.385069799989651,0.4184504577091762,0.4290058399949755,train_pix_recon,-0.010555382285799275
shapley-20260606T020537Z-8cdc8253,conditional,A,130,130,8.450696499990954,0.4250977507659367,0.4295222929545811,train_pix_recon,-0.004424542188644409
shapley-20260606T020537Z-8cdc8253,conditional,A,131,131,8.51669769999171,0.422947347164154,0.4270060019833701,train_pix_recon,-0.004058654819216079
shapley-20260606T020537Z-8cdc8253,conditional,A,132,132,8.579240999990361,0.419569935117449,0.4239977555615561,train_pix_recon,-0.004427820444107111
shapley-20260606T020537Z-8cdc8253,conditional,A,133,133,8.649326699989615,0.4096003259931292,0.4248132279941014,train_pix_recon,-0.015212902000972195
shapley-20260606T020537Z-8cdc8253,conditional,A,134,134,8.720502599988322,0.4256839496748788,0.4149211432252611,train_pix_recon,0.010762806449617746
shapley-20260606T020537Z-8cdc8253,conditional,A,135,135,8.786709099988002,0.4115147718361446,0.4350436542715345,train_pix_recon,-0.02352888243538992
shapley-20260606T020537Z-8cdc8253,conditional,A,136,136,8.854331699987597,0.4159654293741499,0.4080903530120849,train_pix_recon,0.00787507636206497
shapley-20260606T020537Z-8cdc8253,conditional,A,137,137,8.941100899988669,0.4217014738491603,0.4358761353152139,train_pix_recon,-0.014174661466053617
shapley-20260606T020537Z-8cdc8253,conditional,A,138,138,9.028394599989042,0.4026732572487422,0.4163714264120374,train_pix_recon,-0.013698169163295193
shapley-20260606T020537Z-8cdc8253,conditional,A,139,139,9.118755399988004,0.4228702741009848,0.4213416065488543,train_pix_recon,0.001528667552130547
shapley-20260606T020537Z-8cdc8253,conditional,A,140,140,9.198142399987772,0.4089426057679312,0.4213300432477678,train_pix_recon,-0.012387437479836616
shapley-20260606T020537Z-8cdc8253,conditional,A,141,141,9.260663799987014,0.4079751883234296,0.4276231825351715,train_pix_recon,-0.019647994211741904
shapley-20260606T020537Z-8cdc8253,conditional,A,142,142,9.32718999998542,0.4192251350198473,0.42994481750897,train_pix_recon,-0.010719682489122695
shapley-20260606T020537Z-8cdc8253,conditional,A,143,143,9.392682699986835,0.4123097913605826,0.4132857492991856,train_pix_recon,-0.0009759579386030004
shapley-20260606T020537Z-8cdc8253,conditional,A,144,144,9.454403299987462,0.406500939811979,0.4154292430196489,train_pix_recon,-0.008928303207669908
shapley-20260606T020537Z-8cdc8253,conditional,A,145,145,9.51694489998772,0.4119520740849631,0.4275593970503126,train_pix_recon,-0.015607322965349502
shapley-20260606T020537Z-8cdc8253,conditional,A,146,146,9.578518099988289,0.4132738666875021,0.4136051024709429,train_pix_recon,-0.0003312357834407975
shapley-20260606T020537Z-8cdc8253,conditional,A,147,147,9.641523699989191,0.4039478898048401,0.4136062136718205,train_pix_recon,-0.0096583238669804
shapley-20260606T020537Z-8cdc8253,conditional,A,148,148,9.703383999989455,0.4061882581029619,0.4189742462975638,train_pix_recon,-0.012785988194601916
shapley-20260606T020537Z-8cdc8253,conditional,A,149,149,9.766593399988778,0.4178040155342647,0.4040217058999197,train_pix_recon,0.013782309634345014
shapley-20260606T020537Z-8cdc8253,conditional,A,150,150,9.83083569998962,0.4131198057106563,0.4122054619448526,train_pix_recon,0.0009143437658037379
shapley-20260606T020537Z-8cdc8253,conditional,A,151,151,9.899952699990536,0.3969497297491346,0.418570054428918,train_pix_recon,-0.021620324679783365
shapley-20260606T020537Z-8cdc8253,conditional,A,152,152,9.965167799990011,0.4091508260795048,0.4149170475346701,train_pix_recon,-0.00576622145516531
shapley-20260606T020537Z-8cdc8253,conditional,A,153,153,10.030319799989227,0.4137595338480813,0.4070161921637399,train_pix_recon,0.006743341684341375
shapley-20260606T020537Z-8cdc8253,conditional,A,154,154,10.096659999990152,0.4099490940570831,0.4123961670058114,train_pix_recon,-0.0024470729487283127
shapley-20260606T020537Z-8cdc8253,conditional,A,155,155,10.16485209998973,0.3967044523784092,0.4134464476789747,train_pix_recon,-0.016741995300565526
shapley-20260606T020537Z-8cdc8253,conditional,A,156,156,10.23073649998878,0.4048241887773786,0.4154665214674813,train_pix_recon,-0.01064233269010273
shapley-20260606T020537Z-8cdc8253,conditional,A,157,157,10.298669499989046,0.4183944037982395,0.4044844082423618,train_pix_recon,0.013909995555877686
shapley-20260606T020537Z-8cdc8253,conditional,A,158,158,10.36590809998961,0.4156962675707681,0.4070262610912323,train_pix_recon,0.008670006479535808
shapley-20260606T020537Z-8cdc8253,conditional,A,159,159,10.432315199988809,0.3981050721236637,0.419707498380116,train_pix_recon,-0.021602426256452312
shapley-20260606T020537Z-8cdc8253,conditional,A,160,160,10.50302519998877,0.4099257375512804,0.4176915798868452,train_pix_recon,-0.0077658423355647654
shapley-20260606T020537Z-8cdc8253,conditional,A,161,161,10.574510299989925,0.4033399437155042,0.4053287378379276,train_pix_recon,-0.0019887941224234207
shapley-20260606T020537Z-8cdc8253,conditional,A,162,162,10.647072499990829,0.4103459843567439,0.4026562316077096,train_pix_recon,0.007689752749034329
shapley-20260606T020537Z-8cdc8253,conditional,A,163,163,10.713605099990671,0.4054085143974849,0.4079433040959494,train_pix_recon,-0.0025347896984645457
shapley-20260606T020537Z-8cdc8253,conditional,A,164,164,10.77838599999086,0.4036724226815359,0.4132152966090611,train_pix_recon,-0.009542873927525175
shapley-20260606T020537Z-8cdc8253,conditional,A,165,165,10.84581499998967,0.4055624731949397,0.4136832739625658,train_pix_recon,-0.008120800767626113
shapley-20260606T020537Z-8cdc8253,conditional,A,166,166,10.911325899989606,0.3996623030730656,0.420618895973478,train_pix_recon,-0.020956592900412407
shapley-20260606T020537Z-8cdc8253,conditional,A,167,167,10.98631979998936,0.4085085945469992,0.4051182525498526,train_pix_recon,0.0033903419971466064
shapley-20260606T020537Z-8cdc8253,conditional,A,168,168,11.059533199990256,0.4061500557831355,0.4068333464009421,train_pix_recon,-0.0006832906178065867
shapley-20260606T020537Z-8cdc8253,conditional,A,169,169,11.13101289999031,0.4057529866695404,0.4098704627582005,train_pix_recon,-0.004117476088660088
shapley-20260606T020537Z-8cdc8253,conditional,A,170,170,11.203683099991396,0.4025397045271737,0.4151575267314911,train_pix_recon,-0.012617822204317397
shapley-20260606T020537Z-8cdc8253,conditional,A,171,171,11.269193599990103,0.4039277732372284,0.4183071170534406,train_pix_recon,-0.014379343816212198
shapley-20260606T020537Z-8cdc8253,conditional,A,172,172,11.334816599990518,0.4001173887934003,0.4064594805240631,train_pix_recon,-0.006342091730662802
shapley-20260606T020537Z-8cdc8253,conditional,A,173,173,11.40642379999008,0.408007012946265,0.4033829271793365,train_pix_recon,0.004624085766928521
shapley-20260606T020537Z-8cdc8253,conditional,A,174,174,11.473695499989844,0.3985583654471806,0.4085730186530522,train_pix_recon,-0.010014653205871582
shapley-20260606T020537Z-8cdc8253,conditional,A,175,175,11.538975099991148,0.399038370166506,0.4081367765154157,train_pix_recon,-0.009098406348909682
shapley-20260606T020537Z-8cdc8253,conditional,A,176,176,11.604981299991778,0.4045599571296147,0.4113179956163679,train_pix_recon,-0.006758038486753215
shapley-20260606T020537Z-8cdc8253,conditional,A,177,177,11.673112599990418,0.4073434940406254,0.4169095797198159,train_pix_recon,-0.009566085679190484
shapley-20260606T020537Z-8cdc8253,conditional,A,178,178,11.73612379999031,0.3976664926324572,0.4102407736437661,train_pix_recon,-0.012574281011308919
shapley-20260606T020537Z-8cdc8253,conditional,A,179,179,11.801187199989728,0.4027730567114694,0.4033612353461129,train_pix_recon,-0.0005881786346434992
shapley-20260606T020537Z-8cdc8253,conditional,A,180,180,11.86696239999037,0.4037792214325496,0.3997434335095541,train_pix_recon,0.004035787922995471
shapley-20260606T020537Z-8cdc8253,conditional,A,181,181,11.934417899990876,0.4141588636807033,0.4098415970802307,train_pix_recon,0.004317266600472602
shapley-20260606T020537Z-8cdc8253,conditional,A,182,182,11.999485299991647,0.4051987358501979,0.4095468393393925,train_pix_recon,-0.004348103489194621
shapley-20260606T020537Z-8cdc8253,conditional,A,183,183,12.070139999992534,0.4050524617944445,0.4113626650401524,train_pix_recon,-0.006310203245707913
shapley-20260606T020537Z-8cdc8253,conditional,A,184,184,12.134931799993865,0.4081799260207585,0.408925712108612,train_pix_recon,-0.0007457860878535283
shapley-20260606T020537Z-8cdc8253,conditional,A,185,185,12.199143599993477,0.4022798878805978,0.4003158807754516,train_pix_recon,0.001964007105146215
shapley-20260606T020537Z-8cdc8253,conditional,A,186,186,12.273871299992608,0.4135344581944601,0.4082877465656825,train_pix_recon,0.0052467116287776006
shapley-20260606T020537Z-8cdc8253,conditional,A,187,187,12.345617599992693,0.4015724318368094,0.4034787161009652,train_pix_recon,-0.0019062842641557887
shapley-20260606T020537Z-8cdc8253,conditional,A,188,188,12.4148846999924,0.4045659175940922,0.4155374339648655,train_pix_recon,-0.01097151637077326
shapley-20260606T020537Z-8cdc8253,conditional,A,189,189,12.477590699993016,0.3972945937088558,0.4068903625011444,train_pix_recon,-0.009595768792288628
shapley-20260606T020537Z-8cdc8253,conditional,A,190,190,12.543193499992412,0.4013906759875161,0.4138353041240147,train_pix_recon,-0.012444628136498603
shapley-20260606T020537Z-8cdc8253,conditional,A,191,191,12.60531789999368,0.3959077426365444,0.4086470816816602,train_pix_recon,-0.012739339045115816
shapley-20260606T020537Z-8cdc8253,conditional,A,192,192,12.671071299993857,0.404571465083531,0.4031745961734226,train_pix_recon,0.001396868910108373
shapley-20260606T020537Z-8cdc8253,conditional,A,193,193,12.74018499999329,0.4030794969626835,0.4095519142491476,train_pix_recon,-0.006472417286464083
shapley-20260606T020537Z-8cdc8253,conditional,A,194,194,12.803146099993684,0.4065934036459241,0.409059145620891,train_pix_recon,-0.0024657419749669063
shapley-20260606T020537Z-8cdc8253,conditional,A,195,195,12.86991649999436,0.4042810031345912,0.401851692370006,train_pix_recon,0.002429310764585191
shapley-20260606T020537Z-8cdc8253,conditional,A,196,196,12.93288699999357,0.3990568901811327,0.4074082630021231,train_pix_recon,-0.00835137282099041
shapley-20260606T020537Z-8cdc8253,conditional,A,197,197,12.99579499999345,0.3983525591237204,0.4086990058422088,train_pix_recon,-0.010346446718488389
shapley-20260606T020537Z-8cdc8253,conditional,A,198,198,13.058554399995046,0.4014702609607151,0.4058245420455932,train_pix_recon,-0.00435428108487812
shapley-20260606T020537Z-8cdc8253,conditional,A,199,199,13.122989999996207,0.4074181488582066,0.4125130815165383,train_pix_recon,-0.005094932658331719
shapley-20260606T020448Z-0f9aa28a,baseline,A,0,0,0.2575524999992922,0.8460341691970825,0.881854236125946,test_pix_recon,-0.035820066928863525
shapley-20260606T020448Z-0f9aa28a,baseline,A,1,1,0.3185843999981443,0.671271950006485,0.6988519132137299,test_pix_recon,-0.027579963207244873
shapley-20260606T020448Z-0f9aa28a,baseline,A,2,2,0.3798835999987204,0.570603221654892,0.6073905527591705,test_pix_recon,-0.036787331104278564
shapley-20260606T020448Z-0f9aa28a,baseline,A,3,3,0.4385029999975813,0.5011822581291199,0.5413412153720856,test_pix_recon,-0.0401589572429657
shapley-20260606T020448Z-0f9aa28a,baseline,A,4,4,0.4992649999985588,0.4585296362638473,0.4871983081102371,test_pix_recon,-0.028668671846389826
shapley-20260606T020448Z-0f9aa28a,baseline,A,5,5,0.5596678999991127,0.4293631315231323,0.4473852068185806,test_pix_recon,-0.018022075295448303
shapley-20260606T020448Z-0f9aa28a,baseline,A,6,6,0.619403799999418,0.4041347652673721,0.4150449782609939,test_pix_recon,-0.010910212993621826
shapley-20260606T020448Z-0f9aa28a,baseline,A,7,7,0.6783355999996274,0.3831600248813629,0.3900911509990692,test_pix_recon,-0.006931126117706299
shapley-20260606T020448Z-0f9aa28a,baseline,A,8,8,0.7392261999993934,0.3675819039344787,0.3736549615859985,test_pix_recon,-0.006073057651519775
shapley-20260606T020448Z-0f9aa28a,baseline,A,9,9,0.8003093999977864,0.3530783206224441,0.361409455537796,test_pix_recon,-0.008331134915351923
shapley-20260606T020448Z-0f9aa28a,baseline,A,10,10,0.8682174999976269,0.3405999541282654,0.3509967029094696,test_pix_recon,-0.010396748781204224
shapley-20260606T020448Z-0f9aa28a,baseline,A,11,11,0.9317282999982126,0.3334590494632721,0.3430263996124267,test_pix_recon,-0.009567350149154608
shapley-20260606T020448Z-0f9aa28a,baseline,A,12,12,0.990946999998414,0.3304532468318939,0.3386442065238952,test_pix_recon,-0.008190959692001287
shapley-20260606T020448Z-0f9aa28a,baseline,A,13,13,1.0549489999975776,0.3234673291444778,0.3318894207477569,test_pix_recon,-0.008422091603279114
shapley-20260606T020448Z-0f9aa28a,baseline,A,14,14,1.1178435999972862,0.3177251070737839,0.3248137980699539,test_pix_recon,-0.007088690996170044
shapley-20260606T020448Z-0f9aa28a,baseline,A,15,15,1.1776788999977723,0.3122576922178268,0.3182136565446853,test_pix_recon,-0.0059559643268585205
shapley-20260606T020448Z-0f9aa28a,baseline,A,16,16,1.2387417999980244,0.3097989112138748,0.3170138597488403,test_pix_recon,-0.00721494853496546
shapley-20260606T020448Z-0f9aa28a,baseline,A,17,17,1.297111699997913,0.3064809292554855,0.3138369917869568,test_pix_recon,-0.007356062531471308
shapley-20260606T020448Z-0f9aa28a,baseline,A,18,18,1.3594625999976415,0.3039659857749939,0.3095352500677109,test_pix_recon,-0.00556926429271698
shapley-20260606T020448Z-0f9aa28a,baseline,A,19,19,1.4225694999968257,0.3015955835580826,0.3045959919691086,test_pix_recon,-0.003000408411026001
shapley-20260606T020448Z-0f9aa28a,baseline,A,20,20,1.4890575999961584,0.2977845668792724,0.3035925924777984,test_pix_recon,-0.005808025598526001
shapley-20260606T020448Z-0f9aa28a,baseline,A,21,21,1.5503822999962722,0.2974434345960617,0.3017043024301529,test_pix_recon,-0.0042608678340911865
shapley-20260606T020448Z-0f9aa28a,baseline,A,22,22,1.6109786999950302,0.2970268577337265,0.2973883301019668,test_pix_recon,-0.00036147236824030093
shapley-20260606T020448Z-0f9aa28a,baseline,A,23,23,1.6705768999945576,0.2944120168685913,0.2971255481243133,test_pix_recon,-0.0027135312557219904
shapley-20260606T020448Z-0f9aa28a,baseline,A,24,24,1.7293375999943237,0.2941534072160721,0.2957399189472198,test_pix_recon,-0.0015865117311477106
shapley-20260606T020448Z-0f9aa28a,baseline,A,25,25,1.7940269999944576,0.2938456982374191,0.2940034568309784,test_pix_recon,-0.00015775859355932065
shapley-20260606T020448Z-0f9aa28a,baseline,A,26,26,1.8571320999944876,0.293299987912178,0.2933099865913391,test_pix_recon,-9.998679161127288e-06
shapley-20260606T020448Z-0f9aa28a,baseline,A,27,27,1.9215541999947163,0.2911224365234375,0.2933010011911392,test_pix_recon,-0.002178564667701721
shapley-20260606T020448Z-0f9aa28a,baseline,A,28,28,1.983664699993824,0.2892455905675888,0.2894706279039383,test_pix_recon,-0.0002250373363494873
shapley-20260606T020448Z-0f9aa28a,baseline,A,29,29,2.044703399993523,0.2901102155447006,0.2909765243530273,test_pix_recon,-0.0008663088083266657
shapley-20260606T020448Z-0f9aa28a,baseline,A,30,30,2.109746099993572,0.2869011163711548,0.2901463061571121,test_pix_recon,-0.0032451897859573364
shapley-20260606T020448Z-0f9aa28a,baseline,A,31,31,2.1717139999946085,0.2875955402851105,0.2925307154655456,test_pix_recon,-0.004935175180435125
shapley-20260606T020448Z-0f9aa28a,baseline,A,32,32,2.240799399995012,0.2879345268011093,0.2890696376562118,test_pix_recon,-0.0011351108551024836
shapley-20260606T020448Z-0f9aa28a,baseline,A,33,33,2.3039100999940274,0.2866758555173874,0.2881417274475097,test_pix_recon,-0.00146587193012232
shapley-20260606T020448Z-0f9aa28a,baseline,A,34,34,2.364635599993562,0.2867861539125442,0.2873886525630951,test_pix_recon,-0.0006024986505508978
shapley-20260606T020448Z-0f9aa28a,baseline,A,35,35,2.4256403999934264,0.2861306518316269,0.2867833226919174,test_pix_recon,-0.0006526708602905273
shapley-20260606T020448Z-0f9aa28a,baseline,A,36,36,2.48490889999448,0.2827287018299103,0.2870627343654632,test_pix_recon,-0.004334032535552923
shapley-20260606T020448Z-0f9aa28a,baseline,A,37,37,2.5469792999938363,0.2837691307067871,0.2861426472663879,test_pix_recon,-0.0023735165596007746
shapley-20260606T020448Z-0f9aa28a,baseline,A,38,38,2.6070353999930376,0.2827930450439453,0.2864480912685394,test_pix_recon,-0.0036550462245940607
shapley-20260606T020448Z-0f9aa28a,baseline,A,39,39,2.6692526999922848,0.2827446460723877,0.2859933227300644,test_pix_recon,-0.0032486766576766968
shapley-20260606T020448Z-0f9aa28a,baseline,A,40,40,2.7285207999921117,0.283363327383995,0.2855803817510605,test_pix_recon,-0.002217054367065485
shapley-20260606T020448Z-0f9aa28a,baseline,A,41,41,2.7882279999921598,0.2841639220714569,0.2851099520921707,test_pix_recon,-0.0009460300207138062
shapley-20260606T020448Z-0f9aa28a,baseline,A,42,42,2.8507652999924176,0.2850439846515655,0.287102460861206,test_pix_recon,-0.002058476209640503
shapley-20260606T020448Z-0f9aa28a,baseline,A,43,43,2.913518499994097,0.2828727215528488,0.2854007184505462,test_pix_recon,-0.0025279968976973932
shapley-20260606T020448Z-0f9aa28a,baseline,A,44,44,2.9755583999940427,0.2888085693120956,0.2861025929450989,test_pix_recon,0.0027059763669967096
shapley-20260606T020448Z-0f9aa28a,baseline,A,45,45,3.045751999994536,0.2844776213169098,0.28611521422863,test_pix_recon,-0.0016375929117202204
shapley-20260606T020448Z-0f9aa28a,baseline,A,46,46,3.114891299994269,0.2851814031600952,0.2865701913833618,test_pix_recon,-0.0013887882232666016
shapley-20260606T020448Z-0f9aa28a,baseline,A,47,47,3.1783630999925663,0.2845347821712494,0.2878554910421371,test_pix_recon,-0.003320708870887701
shapley-20260606T020448Z-0f9aa28a,baseline,A,48,48,3.2389839999923424,0.2827691733837127,0.2853904366493225,test_pix_recon,-0.0026212632656097967
shapley-20260606T020448Z-0f9aa28a,baseline,A,49,49,3.3005714999926568,0.2834929823875427,0.2830577045679092,test_pix_recon,0.0004352778196335394
shapley-20260606T020448Z-0f9aa28a,baseline,A,50,50,3.3632256999917445,0.2894827425479889,0.2873170524835586,test_pix_recon,0.0021656900644302923
shapley-20260606T020448Z-0f9aa28a,baseline,A,51,51,3.424053599990657,0.2828604131937027,0.2854492664337158,test_pix_recon,-0.0025888532400131226
shapley-20260606T020448Z-0f9aa28a,baseline,A,52,52,3.484328299990011,0.2836760431528091,0.2863953411579132,test_pix_recon,-0.0027192980051041205
shapley-20260606T020448Z-0f9aa28a,baseline,A,53,53,3.542798299989954,0.2839709222316742,0.287273645401001,test_pix_recon,-0.0033027231693267822
shapley-20260606T020448Z-0f9aa28a,baseline,A,54,54,3.604038999990735,0.2849535644054413,0.286040335893631,test_pix_recon,-0.0010867714881896973
shapley-20260606T020448Z-0f9aa28a,baseline,A,55,55,3.663934199990763,0.283228263258934,0.2835098057985306,test_pix_recon,-0.0002815425395965576
shapley-20260606T020448Z-0f9aa28a,baseline,A,56,56,3.722269699990648,0.2858148664236069,0.2863431125879287,test_pix_recon,-0.0005282461643218439
shapley-20260606T020448Z-0f9aa28a,baseline,A,57,57,3.783133499990072,0.2858685851097107,0.2870022356510162,test_pix_recon,-0.0011336505413054865
shapley-20260606T020448Z-0f9aa28a,baseline,A,58,58,3.847849799991309,0.2882621586322784,0.2879473567008972,test_pix_recon,0.0003148019313811701
shapley-20260606T020448Z-0f9aa28a,baseline,A,59,59,3.913334799992299,0.2843575924634933,0.2832527756690979,test_pix_recon,0.0011048167943953913
shapley-20260606T020448Z-0f9aa28a,baseline,A,60,60,3.974412799992933,0.287604808807373,0.2873698323965072,test_pix_recon,0.0002349764108657837
shapley-20260606T020448Z-0f9aa28a,baseline,A,61,61,4.036320199993497,0.2845376431941986,0.2924054861068725,test_pix_recon,-0.007867842912673895
shapley-20260606T020448Z-0f9aa28a,baseline,A,62,62,4.096248799993191,0.2869905680418014,0.2846618592739105,test_pix_recon,0.0023287087678908747
shapley-20260606T020448Z-0f9aa28a,baseline,A,63,63,4.158035999993444,0.286201998591423,0.2847429662942886,test_pix_recon,0.0014590322971343994
shapley-20260606T020448Z-0f9aa28a,baseline,A,64,64,4.222882899994147,0.2853060364723205,0.2869295477867126,test_pix_recon,-0.0016235113143920898
shapley-20260606T020448Z-0f9aa28a,baseline,A,65,65,4.282658499994795,0.2857245355844497,0.2852060496807098,test_pix_recon,0.0005184859037399292
shapley-20260606T020448Z-0f9aa28a,baseline,A,66,66,4.346926999995048,0.285999059677124,0.2868103981018066,test_pix_recon,-0.0008113384246825617
shapley-20260606T020448Z-0f9aa28a,baseline,A,67,67,4.4152673999960825,0.2852880358695984,0.2884807884693146,test_pix_recon,-0.0031927525997161865
shapley-20260606T020448Z-0f9aa28a,baseline,A,68,68,4.480629799994858,0.2858947068452835,0.2864965498447418,test_pix_recon,-0.000601842999458313
shapley-20260606T020448Z-0f9aa28a,baseline,A,69,69,4.543348399995011,0.2872447073459625,0.2849089503288269,test_pix_recon,0.00233575701713562
shapley-20260606T020448Z-0f9aa28a,baseline,A,70,70,4.604141499994512,0.2856789231300354,0.287874698638916,test_pix_recon,-0.0021957755088806152
shapley-20260606T020448Z-0f9aa28a,baseline,A,71,71,4.666783399994529,0.2837958931922912,0.2906983643770218,test_pix_recon,-0.006902471184730585
shapley-20260606T020448Z-0f9aa28a,baseline,A,72,72,4.735080599994035,0.2890088558197021,0.2959879338741302,test_pix_recon,-0.006979078054428101
shapley-20260606T020448Z-0f9aa28a,baseline,A,73,73,4.805012499995428,0.2861376851797104,0.2960360050201416,test_pix_recon,-0.009898319840431213
shapley-20260606T020448Z-0f9aa28a,baseline,A,74,74,4.867674599996462,0.2855940610170364,0.2963171452283859,test_pix_recon,-0.010723084211349543
shapley-20260606T020448Z-0f9aa28a,baseline,A,75,75,4.928613599995515,0.2881604880094528,0.2919327318668365,test_pix_recon,-0.0037722438573836725
shapley-20260606T020448Z-0f9aa28a,baseline,A,76,76,4.999870999994528,0.2867624312639236,0.2946116328239441,test_pix_recon,-0.007849201560020502
shapley-20260606T020448Z-0f9aa28a,baseline,A,77,77,5.067130599994925,0.2861133068799972,0.2942752987146377,test_pix_recon,-0.008161991834640503
shapley-20260606T020448Z-0f9aa28a,baseline,A,78,78,5.138970699996207,0.2895396202802658,0.2938435077667236,test_pix_recon,-0.004303887486457769
shapley-20260606T020448Z-0f9aa28a,baseline,A,79,79,5.20582889999605,0.2868133634328842,0.2928919196128845,test_pix_recon,-0.006078556180000305
shapley-20260606T020448Z-0f9aa28a,baseline,A,80,80,5.268353099996602,0.2891690135002136,0.2929226160049438,test_pix_recon,-0.003753602504730169
shapley-20260606T020448Z-0f9aa28a,baseline,A,81,81,5.334165199996278,0.286138117313385,0.2969918847084045,test_pix_recon,-0.010853767395019476
shapley-20260606T020448Z-0f9aa28a,baseline,A,82,82,5.395787499997823,0.2923904508352279,0.2997903376817703,test_pix_recon,-0.007399886846542414
shapley-20260606T020448Z-0f9aa28a,baseline,A,83,83,5.463410799997291,0.2913952320814132,0.2951349169015884,test_pix_recon,-0.003739684820175171
shapley-20260606T020448Z-0f9aa28a,baseline,A,84,84,5.530208799997126,0.2932193577289581,0.2970262765884399,test_pix_recon,-0.0038069188594818115
shapley-20260606T020448Z-0f9aa28a,baseline,A,85,85,5.594083099997079,0.2967167794704437,0.2990247905254364,test_pix_recon,-0.0023080110549926758
shapley-20260606T020448Z-0f9aa28a,baseline,A,86,86,5.653654399997322,0.2966971099376678,0.2980438023805618,test_pix_recon,-0.001346692442893982
shapley-20260606T020448Z-0f9aa28a,baseline,A,87,87,5.713050399997883,0.2937823385000229,0.3012918680906296,test_pix_recon,-0.0075095295906066895
shapley-20260606T020448Z-0f9aa28a,baseline,A,88,88,5.772729399997843,0.2985887676477432,0.2991660684347152,test_pix_recon,-0.0005773007869719904
shapley-20260606T020448Z-0f9aa28a,baseline,A,89,89,5.831270899996525,0.2939125299453735,0.3025564700365066,test_pix_recon,-0.008643940091133118
shapley-20260606T020448Z-0f9aa28a,baseline,A,90,90,5.902824199996758,0.3020103275775909,0.3034863024950027,test_pix_recon,-0.0014759749174118042
shapley-20260606T020448Z-0f9aa28a,baseline,A,91,91,5.97712049999609,0.2946010529994964,0.3045583963394165,test_pix_recon,-0.0099573433399201
shapley-20260606T020448Z-0f9aa28a,baseline,A,92,92,6.046308299995872,0.3019535094499588,0.3059963434934616,test_pix_recon,-0.004042834043502808
shapley-20260606T020448Z-0f9aa28a,baseline,A,93,93,6.1111704999948415,0.2976056784391403,0.3052643984556198,test_pix_recon,-0.007658720016479492
shapley-20260606T020448Z-0f9aa28a,baseline,A,94,94,6.180363799994666,0.2986084073781967,0.3039939850568771,test_pix_recon,-0.005385577678680364
shapley-20260606T020448Z-0f9aa28a,baseline,A,95,95,6.246904499994344,0.296778991818428,0.3032992780208587,test_pix_recon,-0.006520286202430725
shapley-20260606T020448Z-0f9aa28a,baseline,A,96,96,6.318341899994266,0.3013351559638977,0.300652876496315,test_pix_recon,0.0006822794675827026
shapley-20260606T020448Z-0f9aa28a,baseline,A,97,97,6.38407969999389,0.306309625506401,0.3037983030080795,test_pix_recon,0.002511322498321533
shapley-20260606T020448Z-0f9aa28a,baseline,A,98,98,6.447133899993787,0.3012200593948364,0.3111628443002701,test_pix_recon,-0.009942784905433655
shapley-20260606T020448Z-0f9aa28a,baseline,A,99,99,6.513175999993109,0.308430552482605,0.3064346611499786,test_pix_recon,0.0019958913326263983
shapley-20260606T020448Z-0f9aa28a,baseline,A,100,100,6.580745099992782,0.303138792514801,0.3074205964803695,test_pix_recon,-0.004281803965568487
shapley-20260606T020448Z-0f9aa28a,baseline,A,101,101,6.647311399992759,0.3121725767850876,0.3099207878112793,test_pix_recon,0.0022517889738082886
shapley-20260606T020448Z-0f9aa28a,baseline,A,102,102,6.721327299992481,0.3043911904096603,0.3098688274621963,test_pix_recon,-0.005477637052536011
shapley-20260606T020448Z-0f9aa28a,baseline,A,103,103,6.788273299991488,0.3035264164209366,0.3093041926622391,test_pix_recon,-0.00577777624130249
shapley-20260606T020448Z-0f9aa28a,baseline,A,104,104,6.852836399992157,0.3083140850067138,0.3107339888811111,test_pix_recon,-0.002419903874397278
shapley-20260606T020448Z-0f9aa28a,baseline,A,105,105,6.91919099999177,0.3069521486759186,0.3134205192327499,test_pix_recon,-0.006468370556831304
shapley-20260606T020448Z-0f9aa28a,baseline,A,106,106,6.990591399991899,0.3022418469190597,0.3161055892705917,test_pix_recon,-0.013863742351531982
shapley-20260606T020448Z-0f9aa28a,baseline,A,107,107,7.060537799992744,0.3128173500299454,0.312846839427948,test_pix_recon,-2.9489398002624512e-05
shapley-20260606T020448Z-0f9aa28a,baseline,A,108,108,7.132392699993943,0.306084856390953,0.3162056356668472,test_pix_recon,-0.010120779275894165
shapley-20260606T020448Z-0f9aa28a,baseline,A,109,109,7.197540099994512,0.3060193806886673,0.3118731826543808,test_pix_recon,-0.005853801965713501
shapley-20260606T020448Z-0f9aa28a,baseline,A,110,110,7.260495399994397,0.3100588172674179,0.3177483379840851,test_pix_recon,-0.007689520716667175
shapley-20260606T020448Z-0f9aa28a,baseline,A,111,111,7.322824899994885,0.3105538189411163,0.3196309059858322,test_pix_recon,-0.009077087044715937
shapley-20260606T020448Z-0f9aa28a,baseline,A,112,112,7.391835899994476,0.309982880949974,0.3161323070526123,test_pix_recon,-0.0061494261026383
shapley-20260606T020448Z-0f9aa28a,baseline,A,113,113,7.45548169999347,0.3122831434011459,0.317219614982605,test_pix_recon,-0.004936471581459101
shapley-20260606T020448Z-0f9aa28a,baseline,A,114,114,7.51757469999211,0.3085484057664871,0.3186301589012146,test_pix_recon,-0.010081753134727478
shapley-20260606T020448Z-0f9aa28a,baseline,A,115,115,7.583934699991005,0.3149905949831009,0.3149081021547317,test_pix_recon,8.249282836919614e-05
shapley-20260606T020448Z-0f9aa28a,baseline,A,116,116,7.647902099992279,0.3136738836765289,0.3200101852416992,test_pix_recon,-0.006336301565170344
shapley-20260606T020448Z-0f9aa28a,baseline,A,117,117,7.715294999992693,0.3151836991310119,0.3211677819490433,test_pix_recon,-0.0059840828180313665
shapley-20260606T020448Z-0f9aa28a,baseline,A,118,118,7.778992699992159,0.3115452229976654,0.3217144012451172,test_pix_recon,-0.010169178247451782
shapley-20260606T020448Z-0f9aa28a,baseline,A,119,119,7.8437359999934415,0.3165638595819473,0.325279176235199,test_pix_recon,-0.008715316653251648
shapley-20260606T020448Z-0f9aa28a,baseline,A,120,120,7.906283899992559,0.3170228898525238,0.3242282122373581,test_pix_recon,-0.0072053223848342896
shapley-20260606T020448Z-0f9aa28a,baseline,A,121,121,7.968458599993028,0.3178543895483017,0.3333000689744949,test_pix_recon,-0.015445679426193182
shapley-20260606T020448Z-0f9aa28a,baseline,A,122,122,8.034051599992381,0.3226308077573776,0.3278092890977859,test_pix_recon,-0.00517848134040827
shapley-20260606T020448Z-0f9aa28a,baseline,A,123,123,8.099554999991597,0.3215430080890655,0.3326736092567444,test_pix_recon,-0.011130601167678889
shapley-20260606T020448Z-0f9aa28a,baseline,A,124,124,8.161650999991252,0.325709655880928,0.3308735489845276,test_pix_recon,-0.005163893103599604
shapley-20260606T020448Z-0f9aa28a,baseline,A,125,125,8.22399809999115,0.3268927782773971,0.3337423354387283,test_pix_recon,-0.006849557161331177
shapley-20260606T020448Z-0f9aa28a,baseline,A,126,126,8.286204099989845,0.3240631520748138,0.331728920340538,test_pix_recon,-0.007665768265724238
shapley-20260606T020448Z-0f9aa28a,baseline,A,127,127,8.352232299988827,0.32483571767807,0.3298434764146805,test_pix_recon,-0.005007758736610468
shapley-20260606T020448Z-0f9aa28a,baseline,A,128,128,8.414163999988887,0.3228805512189865,0.3311036974191665,test_pix_recon,-0.008223146200179998
shapley-20260606T020448Z-0f9aa28a,baseline,A,129,129,8.476886199989167,0.3203124403953552,0.329146072268486,test_pix_recon,-0.008833631873130798
shapley-20260606T020448Z-0f9aa28a,baseline,A,130,130,8.542607299988958,0.3267105668783188,0.3271972984075546,test_pix_recon,-0.00048673152923583984
shapley-20260606T020448Z-0f9aa28a,baseline,A,131,131,8.617518499990183,0.3217286318540573,0.3321756422519684,test_pix_recon,-0.010447010397911072
shapley-20260606T020448Z-0f9aa28a,baseline,A,132,132,8.707243899991226,0.3235250115394592,0.3256018310785293,test_pix_recon,-0.0020768195390701294
shapley-20260606T020448Z-0f9aa28a,baseline,A,133,133,8.797222499990312,0.3226739019155502,0.3285230994224548,test_pix_recon,-0.005849197506904602
shapley-20260606T020448Z-0f9aa28a,baseline,A,134,134,8.890763299990795,0.3210993111133575,0.3274425417184829,test_pix_recon,-0.006343230605125427
shapley-20260606T020448Z-0f9aa28a,baseline,A,135,135,8.96652689999064,0.3224777430295944,0.3276529163122177,test_pix_recon,-0.005175173282623291
shapley-20260606T020448Z-0f9aa28a,baseline,A,136,136,9.032000499990318,0.3196810632944107,0.3285586386919021,test_pix_recon,-0.0088775753974914
shapley-20260606T020448Z-0f9aa28a,baseline,A,137,137,9.094421999991027,0.3207952976226806,0.3283461034297943,test_pix_recon,-0.007550805807113703
shapley-20260606T020448Z-0f9aa28a,baseline,A,138,138,9.1590172999895,0.3201822489500046,0.3260046392679214,test_pix_recon,-0.005822390317916815
shapley-20260606T020448Z-0f9aa28a,baseline,A,139,139,9.231385699989914,0.3207676708698272,0.3289890587329864,test_pix_recon,-0.00822138786315918
shapley-20260606T020448Z-0f9aa28a,baseline,A,140,140,9.294794899989938,0.321554034948349,0.3266240954399109,test_pix_recon,-0.00507006049156189
shapley-20260606T020448Z-0f9aa28a,baseline,A,141,141,9.358700999990106,0.3206720948219299,0.33067387342453,test_pix_recon,-0.010001778602600098
shapley-20260606T020448Z-0f9aa28a,baseline,A,142,142,9.421597399988968,0.3189802765846252,0.3246220499277115,test_pix_recon,-0.005641773343086298
shapley-20260606T020448Z-0f9aa28a,baseline,A,143,143,9.491611199988256,0.3185655176639557,0.3276478052139282,test_pix_recon,-0.009082287549972534
shapley-20260606T020448Z-0f9aa28a,baseline,A,144,144,9.560184199986908,0.3195285052061081,0.3268666863441467,test_pix_recon,-0.00733818113803858
shapley-20260606T020448Z-0f9aa28a,baseline,A,145,145,9.6239581999871,0.3184559643268585,0.3265051394701004,test_pix_recon,-0.008049175143241882
shapley-20260606T020448Z-0f9aa28a,baseline,A,146,146,9.701244199986832,0.3175499141216278,0.328876182436943,test_pix_recon,-0.011326268315315191
shapley-20260606T020448Z-0f9aa28a,baseline,A,147,147,9.770302699986132,0.317441001534462,0.3256074637174606,test_pix_recon,-0.008166462182998602
shapley-20260606T020448Z-0f9aa28a,baseline,A,148,148,9.83968689998619,0.3175791501998901,0.3232102990150451,test_pix_recon,-0.005631148815155029
shapley-20260606T020448Z-0f9aa28a,baseline,A,149,149,9.91888689998632,0.3182540982961654,0.3226675689220428,test_pix_recon,-0.00441347062587738
shapley-20260606T020448Z-0f9aa28a,baseline,A,150,150,9.998108799985856,0.3176367133855819,0.3231398612260818,test_pix_recon,-0.005503147840499878
shapley-20260606T020448Z-0f9aa28a,baseline,A,151,151,10.077093099986088,0.3175151944160461,0.3241079896688461,test_pix_recon,-0.006592795252799988
shapley-20260606T020448Z-0f9aa28a,baseline,A,152,152,10.153985299986743,0.3168248981237411,0.3235253542661667,test_pix_recon,-0.006700456142425593
shapley-20260606T020448Z-0f9aa28a,baseline,A,153,153,10.2334346999869,0.3158974051475525,0.3226678222417831,test_pix_recon,-0.006770417094230596
shapley-20260606T020448Z-0f9aa28a,baseline,A,154,154,10.307997999987492,0.3155329823493957,0.3239485919475555,test_pix_recon,-0.00841560959815979
shapley-20260606T020448Z-0f9aa28a,baseline,A,155,155,10.381151599987788,0.3158236294984817,0.3229424357414245,test_pix_recon,-0.00711880624294281
shapley-20260606T020448Z-0f9aa28a,baseline,A,156,156,10.461604599988275,0.316446840763092,0.3223307579755783,test_pix_recon,-0.005883917212486323
shapley-20260606T020448Z-0f9aa28a,baseline,A,157,157,10.530072399988056,0.3168954402208328,0.3210955858230591,test_pix_recon,-0.004200145602226257
shapley-20260606T020448Z-0f9aa28a,baseline,A,158,158,10.596527199988486,0.3165042996406555,0.3225977271795273,test_pix_recon,-0.006093427538871765
shapley-20260606T020448Z-0f9aa28a,baseline,A,159,159,10.66467309998916,0.3161553144454956,0.3228138238191604,test_pix_recon,-0.0066585093736648004
shapley-20260606T020448Z-0f9aa28a,baseline,A,160,160,10.732951999989382,0.315768614411354,0.3221462368965149,test_pix_recon,-0.006377622485160883
shapley-20260606T020448Z-0f9aa28a,baseline,A,161,161,10.801335599990123,0.315029963850975,0.321559265255928,test_pix_recon,-0.006529301404953003
shapley-20260606T020448Z-0f9aa28a,baseline,A,162,162,10.86462469998878,0.314915269613266,0.3212402164936065,test_pix_recon,-0.006324946880340521
shapley-20260606T020448Z-0f9aa28a,baseline,A,163,163,10.93440839998766,0.3151357918977737,0.3216936141252517,test_pix_recon,-0.006557822227478027
shapley-20260606T020448Z-0f9aa28a,baseline,A,164,164,11.00329809998766,0.3155436962842941,0.3223297297954559,test_pix_recon,-0.006786033511161804
shapley-20260606T020448Z-0f9aa28a,baseline,A,165,165,11.069774099987626,0.3160439431667328,0.3224910497665405,test_pix_recon,-0.006447106599807739
shapley-20260606T020448Z-0f9aa28a,baseline,A,166,166,11.134229999986928,0.316097617149353,0.3211309313774109,test_pix_recon,-0.005033314228057861
shapley-20260606T020448Z-0f9aa28a,baseline,A,167,167,11.201318499986884,0.3160158544778824,0.3198912441730499,test_pix_recon,-0.0038753896951675415
shapley-20260606T020448Z-0f9aa28a,baseline,A,168,168,11.267076399986763,0.315698966383934,0.3210072666406631,test_pix_recon,-0.0053083002567290705
shapley-20260606T020448Z-0f9aa28a,baseline,A,169,169,11.337391799987016,0.3154727518558502,0.3221931457519531,test_pix_recon,-0.006720393896102905
shapley-20260606T020448Z-0f9aa28a,baseline,A,170,170,11.405715999986567,0.3151867091655731,0.322221577167511,test_pix_recon,-0.007034868001937866
shapley-20260606T020448Z-0f9aa28a,baseline,A,171,171,11.470759499987253,0.3149245083332062,0.3211849480867386,test_pix_recon,-0.00626043975353241
shapley-20260606T020448Z-0f9aa28a,baseline,A,172,172,11.534784799987392,0.3149683475494385,0.3205134868621826,test_pix_recon,-0.005545139312744141
shapley-20260606T020448Z-0f9aa28a,baseline,A,173,173,11.604789099987102,0.3153254389762878,0.3206689804792404,test_pix_recon,-0.005343541502952631
shapley-20260606T020448Z-0f9aa28a,baseline,A,174,174,11.675811999986763,0.3155084252357483,0.3210362046957016,test_pix_recon,-0.005527779459953308
shapley-20260606T020448Z-0f9aa28a,baseline,A,175,175,11.743811599986657,0.3157246857881546,0.321380540728569,test_pix_recon,-0.005655854940414373
shapley-20260606T020448Z-0f9aa28a,baseline,A,176,176,11.811567699985972,0.3159176111221313,0.3215610980987549,test_pix_recon,-0.005643486976623591
shapley-20260606T020448Z-0f9aa28a,baseline,A,177,177,11.87446759998602,0.3157912045717239,0.3212251514196396,test_pix_recon,-0.005433946847915705
shapley-20260606T020448Z-0f9aa28a,baseline,A,178,178,11.94012509998538,0.3155916482210159,0.3207462430000305,test_pix_recon,-0.005154594779014643
shapley-20260606T020448Z-0f9aa28a,baseline,A,179,179,12.009062099985384,0.3154754787683487,0.3204634040594101,test_pix_recon,-0.004987925291061401
shapley-20260606T020448Z-0f9aa28a,baseline,A,180,180,12.075355199986006,0.3152437955141067,0.3203502893447876,test_pix_recon,-0.005106493830680903
shapley-20260606T020448Z-0f9aa28a,baseline,A,181,181,12.14388619998681,0.3150772601366043,0.3202563673257828,test_pix_recon,-0.005179107189178467
shapley-20260606T020448Z-0f9aa28a,baseline,A,182,182,12.209442299985312,0.3149123340845108,0.3203299194574356,test_pix_recon,-0.005417585372924805
shapley-20260606T020448Z-0f9aa28a,baseline,A,183,183,12.272250099986197,0.3147870004177093,0.3202700763940811,test_pix_recon,-0.005483075976371821
shapley-20260606T020448Z-0f9aa28a,baseline,A,184,184,12.335652499985372,0.3147454559803009,0.3200264573097229,test_pix_recon,-0.005281001329421997
shapley-20260606T020448Z-0f9aa28a,baseline,A,185,185,12.400988299985327,0.3147817403078079,0.3200960606336593,test_pix_recon,-0.005314320325851385
shapley-20260606T020448Z-0f9aa28a,baseline,A,186,186,12.47176499998568,0.3148465156555176,0.3203786760568619,test_pix_recon,-0.005532160401344299
shapley-20260606T020448Z-0f9aa28a,baseline,A,187,187,12.536274899985074,0.3149541616439819,0.3205759078264236,test_pix_recon,-0.005621746182441711
shapley-20260606T020448Z-0f9aa28a,baseline,A,188,188,12.605452999985571,0.3150162845849991,0.3207311183214187,test_pix_recon,-0.005714833736419622
shapley-20260606T020448Z-0f9aa28a,baseline,A,189,189,12.668787699985842,0.3150140941143036,0.320667028427124,test_pix_recon,-0.005652934312820435
shapley-20260606T020448Z-0f9aa28a,baseline,A,190,190,12.732813199985683,0.3149466663599014,0.3205770254135132,test_pix_recon,-0.005630359053611811
shapley-20260606T020448Z-0f9aa28a,baseline,A,191,191,12.798458899986144,0.3149173557758331,0.3204352557659149,test_pix_recon,-0.005517899990081843
shapley-20260606T020448Z-0f9aa28a,baseline,A,192,192,12.868192699987048,0.3149661868810653,0.3203038275241852,test_pix_recon,-0.0053376406431198675
shapley-20260606T020448Z-0f9aa28a,baseline,A,193,193,12.935614599988185,0.3150253146886825,0.3203827142715454,test_pix_recon,-0.0053573995828629095
shapley-20260606T020448Z-0f9aa28a,baseline,A,194,194,13.00336109998716,0.3150217086076736,0.3205247372388839,test_pix_recon,-0.005503028631210327
shapley-20260606T020448Z-0f9aa28a,baseline,A,195,195,13.066271399986364,0.3149931728839874,0.3204783201217651,test_pix_recon,-0.0054851472377776544
shapley-20260606T020448Z-0f9aa28a,baseline,A,196,196,13.12951889998658,0.3149679005146026,0.3205012083053589,test_pix_recon,-0.005533307790756281
shapley-20260606T020448Z-0f9aa28a,baseline,A,197,197,13.194911799986585,0.314955398440361,0.3205729573965072,test_pix_recon,-0.005617558956146185
shapley-20260606T020448Z-0f9aa28a,baseline,A,198,198,13.262982399986868,0.3149323612451553,0.3205208629369735,test_pix_recon,-0.005588501691818237
shapley-20260606T020448Z-0f9aa28a,baseline,A,199,199,13.336025299986431,0.314928337931633,0.3204473555088043,test_pix_recon,-0.005519017577171326
shapley-20260606T020512Z-dd871c85,marginal,A,0,0,0.2489440999997896,0.8640598952770233,0.881854236125946,test_pix_recon,-0.01779434084892273
shapley-20260606T020512Z-dd871c85,marginal,A,1,1,0.3117846999994071,0.6836547255516052,0.6988519132137299,test_pix_recon,-0.015197187662124634
shapley-20260606T020512Z-dd871c85,marginal,A,2,2,0.3824309999999968,0.5772191882133484,0.6073905527591705,test_pix_recon,-0.030171364545822144
shapley-20260606T020512Z-dd871c85,marginal,A,3,3,0.4534401000000798,0.5088475048542023,0.5413412153720856,test_pix_recon,-0.0324937105178833
shapley-20260606T020512Z-dd871c85,marginal,A,4,4,0.5187683999993169,0.4615657180547714,0.4871983081102371,test_pix_recon,-0.025632590055465698
shapley-20260606T020512Z-dd871c85,marginal,A,5,5,0.5856542000001355,0.4282730519771576,0.4473852068185806,test_pix_recon,-0.019112154841423035
shapley-20260606T020512Z-dd871c85,marginal,A,6,6,0.6535696000009921,0.407560184597969,0.4150449782609939,test_pix_recon,-0.007484793663024902
shapley-20260606T020512Z-dd871c85,marginal,A,7,7,0.7278406999994331,0.387991264462471,0.3900911509990692,test_pix_recon,-0.0020998865365982056
shapley-20260606T020512Z-dd871c85,marginal,A,8,8,0.7935813999993115,0.3711871653795242,0.3736549615859985,test_pix_recon,-0.002467796206474304
shapley-20260606T020512Z-dd871c85,marginal,A,9,9,0.8655065999992075,0.3569535762071609,0.361409455537796,test_pix_recon,-0.004455879330635126
shapley-20260606T020512Z-dd871c85,marginal,A,10,10,0.927353499999299,0.3437279164791107,0.3509967029094696,test_pix_recon,-0.007268786430358887
shapley-20260606T020512Z-dd871c85,marginal,A,11,11,0.9934919999996056,0.3354220241308212,0.3430263996124267,test_pix_recon,-0.00760437548160553
shapley-20260606T020512Z-dd871c85,marginal,A,12,12,1.0591755999994348,0.3313331604003906,0.3386442065238952,test_pix_recon,-0.007311046123504583
shapley-20260606T020512Z-dd871c85,marginal,A,13,13,1.1186412000006385,0.3241140097379684,0.3318894207477569,test_pix_recon,-0.007775411009788513
shapley-20260606T020512Z-dd871c85,marginal,A,14,14,1.178115799999432,0.3177610635757446,0.3248137980699539,test_pix_recon,-0.007052734494209345
shapley-20260606T020512Z-dd871c85,marginal,A,15,15,1.2402215999991313,0.3114881813526153,0.3182136565446853,test_pix_recon,-0.006725475192070007
shapley-20260606T020512Z-dd871c85,marginal,A,16,16,1.301049800000328,0.3102192133665085,0.3170138597488403,test_pix_recon,-0.006794646382331793
shapley-20260606T020512Z-dd871c85,marginal,A,17,17,1.360485100000005,0.307019978761673,0.3138369917869568,test_pix_recon,-0.0068170130252838135
shapley-20260606T020512Z-dd871c85,marginal,A,18,18,1.4266173999985767,0.3044718503952026,0.3095352500677109,test_pix_recon,-0.005063399672508295
shapley-20260606T020512Z-dd871c85,marginal,A,19,19,1.4915454999991198,0.2998880445957184,0.3045959919691086,test_pix_recon,-0.004707947373390198
shapley-20260606T020512Z-dd871c85,marginal,A,20,20,1.556392299999061,0.297785609960556,0.3035925924777984,test_pix_recon,-0.005806982517242432
shapley-20260606T020512Z-dd871c85,marginal,A,21,21,1.6240764999984094,0.2958289831876755,0.3017043024301529,test_pix_recon,-0.005875319242477417
shapley-20260606T020512Z-dd871c85,marginal,A,22,22,1.683982599997762,0.2936858832836151,0.2973883301019668,test_pix_recon,-0.00370244681835169
shapley-20260606T020512Z-dd871c85,marginal,A,23,23,1.745893099996465,0.2936223745346069,0.2971255481243133,test_pix_recon,-0.003503173589706421
shapley-20260606T020512Z-dd871c85,marginal,A,24,24,1.807220199996664,0.2930991351604461,0.2957399189472198,test_pix_recon,-0.0026407837867736816
shapley-20260606T020512Z-dd871c85,marginal,A,25,25,1.8651660999967132,0.2895165830850601,0.2940034568309784,test_pix_recon,-0.004486873745918274
shapley-20260606T020512Z-dd871c85,marginal,A,26,26,1.9272817999972176,0.2914538532495498,0.2933099865913391,test_pix_recon,-0.0018561333417893011
shapley-20260606T020512Z-dd871c85,marginal,A,27,27,1.987651299996287,0.2900784909725189,0.2933010011911392,test_pix_recon,-0.0032225102186203003
shapley-20260606T020512Z-dd871c85,marginal,A,28,28,2.0477942999968946,0.2877937406301498,0.2894706279039383,test_pix_recon,-0.0016768872737885077
shapley-20260606T020512Z-dd871c85,marginal,A,29,29,2.108507999997528,0.2892796099185943,0.2909765243530273,test_pix_recon,-0.0016969144344329834
shapley-20260606T020512Z-dd871c85,marginal,A,30,30,2.1784138999973948,0.2861919850111007,0.2901463061571121,test_pix_recon,-0.003954321146011408
shapley-20260606T020512Z-dd871c85,marginal,A,31,31,2.2443263999975898,0.2844003140926361,0.2925307154655456,test_pix_recon,-0.00813040137290949
shapley-20260606T020512Z-dd871c85,marginal,A,32,32,2.306192399997599,0.284400150179863,0.2890696376562118,test_pix_recon,-0.0046694874763488214
shapley-20260606T020512Z-dd871c85,marginal,A,33,33,2.366024999997535,0.2864882051944732,0.2881417274475097,test_pix_recon,-0.001653522253036499
shapley-20260606T020512Z-dd871c85,marginal,A,34,34,2.430152499997348,0.2851049304008484,0.2873886525630951,test_pix_recon,-0.002283722162246704
shapley-20260606T020512Z-dd871c85,marginal,A,35,35,2.4892938999983016,0.2838959693908691,0.2867833226919174,test_pix_recon,-0.0028873533010483343
shapley-20260606T020512Z-dd871c85,marginal,A,36,36,2.549150199998621,0.2837859690189361,0.2870627343654632,test_pix_recon,-0.0032767653465270996
shapley-20260606T020512Z-dd871c85,marginal,A,37,37,2.6136694999986503,0.2837549895048141,0.2861426472663879,test_pix_recon,-0.0023876577615737915
shapley-20260606T020512Z-dd871c85,marginal,A,38,38,2.678402299998197,0.2861448228359222,0.2864480912685394,test_pix_recon,-0.0003032684326171875
shapley-20260606T020512Z-dd871c85,marginal,A,39,39,2.738256499998897,0.2828075438737869,0.2859933227300644,test_pix_recon,-0.003185778856277466
shapley-20260606T020512Z-dd871c85,marginal,A,40,40,2.79942630000005,0.2809583097696304,0.2855803817510605,test_pix_recon,-0.004622071981430109
shapley-20260606T020512Z-dd871c85,marginal,A,41,41,2.8582870999998704,0.283667653799057,0.2851099520921707,test_pix_recon,-0.0014422982931137085
shapley-20260606T020512Z-dd871c85,marginal,A,42,42,2.916995399998996,0.2797874957323074,0.287102460861206,test_pix_recon,-0.007314965128898621
shapley-20260606T020512Z-dd871c85,marginal,A,43,43,2.9835315000000264,0.2806177586317062,0.2854007184505462,test_pix_recon,-0.004782959818840027
shapley-20260606T020512Z-dd871c85,marginal,A,44,44,3.0438491999993857,0.2817344665527344,0.2861025929450989,test_pix_recon,-0.004368126392364502
shapley-20260606T020512Z-dd871c85,marginal,A,45,45,3.1031375999991724,0.2827127277851105,0.28611521422863,test_pix_recon,-0.0034024864435195368
shapley-20260606T020512Z-dd871c85,marginal,A,46,46,3.1657819999982166,0.2807933688163757,0.2865701913833618,test_pix_recon,-0.0057768225669861395
shapley-20260606T020512Z-dd871c85,marginal,A,47,47,3.2281529999982013,0.2835409641265869,0.2878554910421371,test_pix_recon,-0.004314526915550176
shapley-20260606T020512Z-dd871c85,marginal,A,48,48,3.2896373999974458,0.2810602188110351,0.2853904366493225,test_pix_recon,-0.004330217838287409
shapley-20260606T020512Z-dd871c85,marginal,A,49,49,3.347674399998141,0.2832935154438019,0.2830577045679092,test_pix_recon,0.00023581087589269467
shapley-20260606T020512Z-dd871c85,marginal,A,50,50,3.407164099997317,0.2817060947418213,0.2873170524835586,test_pix_recon,-0.00561095774173731
shapley-20260606T020512Z-dd871c85,marginal,A,51,51,3.4657807999974466,0.2821816205978393,0.2854492664337158,test_pix_recon,-0.0032676458358765204
shapley-20260606T020512Z-dd871c85,marginal,A,52,52,3.531732599996758,0.2830274105072021,0.2863953411579132,test_pix_recon,-0.003367930650711115
shapley-20260606T020512Z-dd871c85,marginal,A,53,53,3.5917481999968004,0.2837368845939636,0.287273645401001,test_pix_recon,-0.0035367608070373535
shapley-20260606T020512Z-dd871c85,marginal,A,54,54,3.655917499996576,0.2808435410261154,0.286040335893631,test_pix_recon,-0.005196794867515564
shapley-20260606T020512Z-dd871c85,marginal,A,55,55,3.716937599996527,0.2856541126966476,0.2835098057985306,test_pix_recon,0.00214430689811701
shapley-20260606T020512Z-dd871c85,marginal,A,56,56,3.7772255999952895,0.2896828055381775,0.2863431125879287,test_pix_recon,0.0033396929502487738
shapley-20260606T020512Z-dd871c85,marginal,A,57,57,3.836036199994851,0.2838234305381775,0.2870022356510162,test_pix_recon,-0.0031788051128386896
shapley-20260606T020512Z-dd871c85,marginal,A,58,58,3.9027348999952665,0.2864708602428436,0.2879473567008972,test_pix_recon,-0.0014764964580536444
shapley-20260606T020512Z-dd871c85,marginal,A,59,59,3.962205699996048,0.2846158295869827,0.2832527756690979,test_pix_recon,0.0013630539178848267
shapley-20260606T020512Z-dd871c85,marginal,A,60,60,4.0254689999947,0.2823939472436905,0.2873698323965072,test_pix_recon,-0.004975885152816717
shapley-20260606T020512Z-dd871c85,marginal,A,61,61,4.086144899994906,0.2834559082984924,0.2924054861068725,test_pix_recon,-0.008949577808380127
shapley-20260606T020512Z-dd871c85,marginal,A,62,62,4.144980499993835,0.2820224463939667,0.2846618592739105,test_pix_recon,-0.0026394128799438477
shapley-20260606T020512Z-dd871c85,marginal,A,63,63,4.210081299992453,0.2847855985164642,0.2847429662942886,test_pix_recon,4.2632222175598145e-05
shapley-20260606T020512Z-dd871c85,marginal,A,64,64,4.276640499992936,0.2875740677118301,0.2869295477867126,test_pix_recon,0.0006445199251174927
shapley-20260606T020512Z-dd871c85,marginal,A,65,65,4.337080099992818,0.2888286560773849,0.2852060496807098,test_pix_recon,0.00362260639667511
shapley-20260606T020512Z-dd871c85,marginal,A,66,66,4.395574299991495,0.2885369807481766,0.2868103981018066,test_pix_recon,0.0017265826463699896
shapley-20260606T020512Z-dd871c85,marginal,A,67,67,4.4567312999915885,0.2932548522949219,0.2884807884693146,test_pix_recon,0.0047740638256073
shapley-20260606T020512Z-dd871c85,marginal,A,68,68,4.517601799991098,0.2901244461536407,0.2864965498447418,test_pix_recon,0.0036278963088988703
shapley-20260606T020512Z-dd871c85,marginal,A,69,69,4.576304599990181,0.2862854897975921,0.2849089503288269,test_pix_recon,0.0013765394687652033
shapley-20260606T020512Z-dd871c85,marginal,A,70,70,4.63907529998869,0.2885233014822006,0.287874698638916,test_pix_recon,0.0006486028432846069
shapley-20260606T020512Z-dd871c85,marginal,A,71,71,4.698893999988286,0.2904496043920517,0.2906983643770218,test_pix_recon,-0.0002487599849700928
shapley-20260606T020512Z-dd871c85,marginal,A,72,72,4.760698899988711,0.2883577048778534,0.2959879338741302,test_pix_recon,-0.0076302289962768
shapley-20260606T020512Z-dd871c85,marginal,A,73,73,4.822736299989629,0.2887890338897705,0.2960360050201416,test_pix_recon,-0.007246971130371094
shapley-20260606T020512Z-dd871c85,marginal,A,74,74,4.885179299988522,0.2899599969387054,0.2963171452283859,test_pix_recon,-0.0063571482896805365
shapley-20260606T020512Z-dd871c85,marginal,A,75,75,4.946295599987934,0.2903296947479248,0.2919327318668365,test_pix_recon,-0.0016030371189116877
shapley-20260606T020512Z-dd871c85,marginal,A,76,76,5.005970399986836,0.2877774834632873,0.2946116328239441,test_pix_recon,-0.006834149360656794
shapley-20260606T020512Z-dd871c85,marginal,A,77,77,5.06514009998682,0.2879196852445602,0.2942752987146377,test_pix_recon,-0.006355613470077515
shapley-20260606T020512Z-dd871c85,marginal,A,78,78,5.130492499987668,0.2925447076559067,0.2938435077667236,test_pix_recon,-0.0012988001108169
shapley-20260606T020512Z-dd871c85,marginal,A,79,79,5.192596599987155,0.2920417487621307,0.2928919196128845,test_pix_recon,-0.0008501708507538397
shapley-20260606T020512Z-dd871c85,marginal,A,80,80,5.25600209998629,0.2931260019540787,0.2929226160049438,test_pix_recon,0.00020338594913488217
shapley-20260606T020512Z-dd871c85,marginal,A,81,81,5.317746499986242,0.2921572625637054,0.2969918847084045,test_pix_recon,-0.004834622144699097
shapley-20260606T020512Z-dd871c85,marginal,A,82,82,5.383732899987081,0.29489366710186,0.2997903376817703,test_pix_recon,-0.004896670579910334
shapley-20260606T020512Z-dd871c85,marginal,A,83,83,5.444952199986801,0.3027497977018356,0.2951349169015884,test_pix_recon,0.007614880800247192
shapley-20260606T020512Z-dd871c85,marginal,A,84,84,5.506547099987074,0.3006363064050674,0.2970262765884399,test_pix_recon,0.0036100298166275024
shapley-20260606T020512Z-dd871c85,marginal,A,85,85,5.565922799987675,0.2964966297149658,0.2990247905254364,test_pix_recon,-0.002528160810470581
shapley-20260606T020512Z-dd871c85,marginal,A,86,86,5.629508099988016,0.2969735115766525,0.2980438023805618,test_pix_recon,-0.0010702908039092462
shapley-20260606T020512Z-dd871c85,marginal,A,87,87,5.695856199987247,0.2981411963701248,0.3012918680906296,test_pix_recon,-0.0031506717205047607
shapley-20260606T020512Z-dd871c85,marginal,A,88,88,5.762599199986653,0.2975853681564331,0.2991660684347152,test_pix_recon,-0.00158070027828211
shapley-20260606T020512Z-dd871c85,marginal,A,89,89,5.828558599985627,0.296931654214859,0.3025564700365066,test_pix_recon,-0.0056248158216475885
shapley-20260606T020512Z-dd871c85,marginal,A,90,90,5.896827999986272,0.2975897192955017,0.3034863024950027,test_pix_recon,-0.005896583199500982
shapley-20260606T020512Z-dd871c85,marginal,A,91,91,5.963118599986046,0.2983131855726242,0.3045583963394165,test_pix_recon,-0.006245210766792297
shapley-20260606T020512Z-dd871c85,marginal,A,92,92,6.02550289998544,0.2988846600055694,0.3059963434934616,test_pix_recon,-0.007111683487892206
shapley-20260606T020512Z-dd871c85,marginal,A,93,93,6.095467499984807,0.2971145808696747,0.3052643984556198,test_pix_recon,-0.00814981758594513
shapley-20260606T020512Z-dd871c85,marginal,A,94,94,6.164042899983542,0.3007942289113998,0.3039939850568771,test_pix_recon,-0.003199756145477295
shapley-20260606T020512Z-dd871c85,marginal,A,95,95,6.230376199982857,0.304817646741867,0.3032992780208587,test_pix_recon,0.0015183687210083008
shapley-20260606T020512Z-dd871c85,marginal,A,96,96,6.298601699983919,0.3024391531944275,0.300652876496315,test_pix_recon,0.0017862766981124878
shapley-20260606T020512Z-dd871c85,marginal,A,97,97,6.365750499984642,0.3015442639589309,0.3037983030080795,test_pix_recon,-0.0022540390491485596
shapley-20260606T020512Z-dd871c85,marginal,A,98,98,6.431074099984471,0.3060070425271988,0.3111628443002701,test_pix_recon,-0.005155801773071289
shapley-20260606T020512Z-dd871c85,marginal,A,99,99,6.496794199983924,0.3050238788127899,0.3064346611499786,test_pix_recon,-0.0014107823371886652
shapley-20260606T020512Z-dd871c85,marginal,A,100,100,6.563149799983876,0.3041465878486633,0.3074205964803695,test_pix_recon,-0.003274008631706238
shapley-20260606T020512Z-dd871c85,marginal,A,101,101,6.630877599982341,0.3061373233795166,0.3099207878112793,test_pix_recon,-0.0037834644317626953
shapley-20260606T020512Z-dd871c85,marginal,A,102,102,6.698150399983206,0.3087568134069443,0.3098688274621963,test_pix_recon,-0.0011120140552520197
shapley-20260606T020512Z-dd871c85,marginal,A,103,103,6.766495299982125,0.3086846768856048,0.3093041926622391,test_pix_recon,-0.0006195157766342718
shapley-20260606T020512Z-dd871c85,marginal,A,104,104,6.832280999982686,0.3090548515319824,0.3107339888811111,test_pix_recon,-0.0016791373491286676
shapley-20260606T020512Z-dd871c85,marginal,A,105,105,6.895357399982458,0.3116893321275711,0.3134205192327499,test_pix_recon,-0.0017311871051787775
shapley-20260606T020512Z-dd871c85,marginal,A,106,106,6.957463699982327,0.3080992996692657,0.3161055892705917,test_pix_recon,-0.008006289601325989
shapley-20260606T020512Z-dd871c85,marginal,A,107,107,7.021010199981902,0.3086793571710586,0.312846839427948,test_pix_recon,-0.004167482256889399
shapley-20260606T020512Z-dd871c85,marginal,A,108,108,7.083104599982107,0.3188851922750473,0.3162056356668472,test_pix_recon,0.0026795566082001288
shapley-20260606T020512Z-dd871c85,marginal,A,109,109,7.146382399982031,0.3162178546190262,0.3118731826543808,test_pix_recon,0.004344671964645386
shapley-20260606T020512Z-dd871c85,marginal,A,110,110,7.21032169998216,0.3189505487680435,0.3177483379840851,test_pix_recon,0.001202210783958435
shapley-20260606T020512Z-dd871c85,marginal,A,111,111,7.275017699981618,0.3122352063655853,0.3196309059858322,test_pix_recon,-0.007395699620246887
shapley-20260606T020512Z-dd871c85,marginal,A,112,112,7.337912299981326,0.3168473988771438,0.3161323070526123,test_pix_recon,0.0007150918245314997
shapley-20260606T020512Z-dd871c85,marginal,A,113,113,7.40150039998116,0.3175281286239624,0.317219614982605,test_pix_recon,0.0003085136413574219
shapley-20260606T020512Z-dd871c85,marginal,A,114,114,7.4657888999809074,0.32061867415905,0.3186301589012146,test_pix_recon,0.001988515257835388
shapley-20260606T020512Z-dd871c85,marginal,A,115,115,7.530000899982042,0.3179598301649093,0.3149081021547317,test_pix_recon,0.0030517280101776123
shapley-20260606T020512Z-dd871c85,marginal,A,116,116,7.592075399981695,0.3181965500116348,0.3200101852416992,test_pix_recon,-0.001813635230064392
shapley-20260606T020512Z-dd871c85,marginal,A,117,117,7.655770799981838,0.3202472925186157,0.3211677819490433,test_pix_recon,-0.0009204894304275513
shapley-20260606T020512Z-dd871c85,marginal,A,118,118,7.718445599981351,0.3231395930051803,0.3217144012451172,test_pix_recon,0.0014251917600631159
shapley-20260606T020512Z-dd871c85,marginal,A,119,119,7.783034499982023,0.3197003453969955,0.325279176235199,test_pix_recon,-0.005578830838203486
shapley-20260606T020512Z-dd871c85,marginal,A,120,120,7.852135799981625,0.3198769241571426,0.3242282122373581,test_pix_recon,-0.00435128808021551
shapley-20260606T020512Z-dd871c85,marginal,A,121,121,7.917604199981724,0.3249628990888595,0.3333000689744949,test_pix_recon,-0.008337169885635376
shapley-20260606T020512Z-dd871c85,marginal,A,122,122,7.982689299982667,0.3274272829294204,0.3278092890977859,test_pix_recon,-0.0003820061683654785
shapley-20260606T020512Z-dd871c85,marginal,A,123,123,8.048296599983587,0.3265892714262008,0.3326736092567444,test_pix_recon,-0.006084337830543574
shapley-20260606T020512Z-dd871c85,marginal,A,124,124,8.118759299984958,0.3252861350774765,0.3308735489845276,test_pix_recon,-0.005587413907051086
shapley-20260606T020512Z-dd871c85,marginal,A,125,125,8.181907899985163,0.3377269059419632,0.3337423354387283,test_pix_recon,0.003984570503234919
shapley-20260606T020512Z-dd871c85,marginal,A,126,126,8.248558699984642,0.3294437825679779,0.331728920340538,test_pix_recon,-0.0022851377725601196
shapley-20260606T020512Z-dd871c85,marginal,A,127,127,8.313015599984283,0.3345643430948257,0.3298434764146805,test_pix_recon,0.004720866680145208
shapley-20260606T020512Z-dd871c85,marginal,A,128,128,8.381306699982815,0.3293049931526184,0.3311036974191665,test_pix_recon,-0.0017987042665481012
shapley-20260606T020512Z-dd871c85,marginal,A,129,129,8.445955899982437,0.3296596109867096,0.329146072268486,test_pix_recon,0.0005135387182235718
shapley-20260606T020512Z-dd871c85,marginal,A,130,130,8.50891909998245,0.3317023366689682,0.3271972984075546,test_pix_recon,0.004505038261413574
shapley-20260606T020512Z-dd871c85,marginal,A,131,131,8.573928799982241,0.3303454220294952,0.3321756422519684,test_pix_recon,-0.0018302202224732
shapley-20260606T020512Z-dd871c85,marginal,A,132,132,8.64047539998137,0.3260897845029831,0.3256018310785293,test_pix_recon,0.00048795342445379086
shapley-20260606T020512Z-dd871c85,marginal,A,133,133,8.715154799981974,0.3247536420822143,0.3285230994224548,test_pix_recon,-0.0037694573402404785
shapley-20260606T020512Z-dd871c85,marginal,A,134,134,8.789995199982513,0.325627326965332,0.3274425417184829,test_pix_recon,-0.00181521475315094
shapley-20260606T020512Z-dd871c85,marginal,A,135,135,8.856882799982486,0.3252568393945694,0.3276529163122177,test_pix_recon,-0.0023960769176483154
shapley-20260606T020512Z-dd871c85,marginal,A,136,136,8.924978199982434,0.3225419670343399,0.3285586386919021,test_pix_recon,-0.0060166716575622
shapley-20260606T020512Z-dd871c85,marginal,A,137,137,8.997726499981582,0.3251195251941681,0.3283461034297943,test_pix_recon,-0.0032265782356262207
shapley-20260606T020512Z-dd871c85,marginal,A,138,138,9.06383789998108,0.3249827176332474,0.3260046392679214,test_pix_recon,-0.0010219216346740168
shapley-20260606T020512Z-dd871c85,marginal,A,139,139,9.126960699981282,0.3277709186077118,0.3289890587329864,test_pix_recon,-0.0012181401252746027
shapley-20260606T020512Z-dd871c85,marginal,A,140,140,9.190341699981218,0.3253714740276336,0.3266240954399109,test_pix_recon,-0.0012526214122772772
shapley-20260606T020512Z-dd871c85,marginal,A,141,141,9.252679899982468,0.3243198841810226,0.33067387342453,test_pix_recon,-0.006353989243507385
shapley-20260606T020512Z-dd871c85,marginal,A,142,142,9.321501299982629,0.3217383027076721,0.3246220499277115,test_pix_recon,-0.0028837472200393677
shapley-20260606T020512Z-dd871c85,marginal,A,143,143,9.385894599983658,0.3228829354047775,0.3276478052139282,test_pix_recon,-0.004764869809150696
shapley-20260606T020512Z-dd871c85,marginal,A,144,144,9.45615429998361,0.3224883675575256,0.3268666863441467,test_pix_recon,-0.004378318786621094
shapley-20260606T020512Z-dd871c85,marginal,A,145,145,9.518211999984487,0.3228890597820282,0.3265051394701004,test_pix_recon,-0.0036160796880722046
shapley-20260606T020512Z-dd871c85,marginal,A,146,146,9.584821299984467,0.3230926543474197,0.328876182436943,test_pix_recon,-0.005783528089523315
shapley-20260606T020512Z-dd871c85,marginal,A,147,147,9.651044299984278,0.3224731087684631,0.3256074637174606,test_pix_recon,-0.0031343549489974976
shapley-20260606T020512Z-dd871c85,marginal,A,148,148,9.714244399983729,0.3214578181505203,0.3232102990150451,test_pix_recon,-0.0017524808645247858
shapley-20260606T020512Z-dd871c85,marginal,A,149,149,9.78232889998435,0.321873590350151,0.3226675689220428,test_pix_recon,-0.0007939785718917847
shapley-20260606T020512Z-dd871c85,marginal,A,150,150,9.84526739998364,0.3218066096305847,0.3231398612260818,test_pix_recon,-0.0013332515954970758
shapley-20260606T020512Z-dd871c85,marginal,A,151,151,9.91188989998409,0.3210669606924057,0.3241079896688461,test_pix_recon,-0.003041028976440374
shapley-20260606T020512Z-dd871c85,marginal,A,152,152,9.984646099983363,0.3212122321128845,0.3235253542661667,test_pix_recon,-0.0023131221532821655
shapley-20260606T020512Z-dd871c85,marginal,A,153,153,10.04978789998313,0.3221059441566467,0.3226678222417831,test_pix_recon,-0.0005618780851364136
shapley-20260606T020512Z-dd871c85,marginal,A,154,154,10.1189322999835,0.3237393796443939,0.3239485919475555,test_pix_recon,-0.00020921230316156558
shapley-20260606T020512Z-dd871c85,marginal,A,155,155,10.189918099984425,0.321813017129898,0.3229424357414245,test_pix_recon,-0.0011294186115264893
shapley-20260606T020512Z-dd871c85,marginal,A,156,156,10.261947299983149,0.3223767429590225,0.3223307579755783,test_pix_recon,4.598498344421387e-05
shapley-20260606T020512Z-dd871c85,marginal,A,157,157,10.328696699982174,0.3224508166313171,0.3210955858230591,test_pix_recon,0.0013552308082580011
shapley-20260606T020512Z-dd871c85,marginal,A,158,158,10.395302899982198,0.3230013996362686,0.3225977271795273,test_pix_recon,0.000403672456741333
shapley-20260606T020512Z-dd871c85,marginal,A,159,159,10.462228999982472,0.3214094638824463,0.3228138238191604,test_pix_recon,-0.0014043599367141169
shapley-20260606T020512Z-dd871c85,marginal,A,160,160,10.528123799982495,0.3200740963220596,0.3221462368965149,test_pix_recon,-0.0020721405744553167
shapley-20260606T020512Z-dd871c85,marginal,A,161,161,10.598555299980944,0.3204869478940964,0.321559265255928,test_pix_recon,-0.0010723173618316095
shapley-20260606T020512Z-dd871c85,marginal,A,162,162,10.66669979998187,0.3206693977117538,0.3212402164936065,test_pix_recon,-0.0005708187818527222
shapley-20260606T020512Z-dd871c85,marginal,A,163,163,10.729734599981384,0.3204233348369598,0.3216936141252517,test_pix_recon,-0.0012702792882919312
shapley-20260606T020512Z-dd871c85,marginal,A,164,164,10.795796899981724,0.319301500916481,0.3223297297954559,test_pix_recon,-0.003028228878974859
shapley-20260606T020512Z-dd871c85,marginal,A,165,165,10.862486299982264,0.3200722932815552,0.3224910497665405,test_pix_recon,-0.0024187564849853516
shapley-20260606T020512Z-dd871c85,marginal,A,166,166,10.931156499982537,0.3202090859413147,0.3211309313774109,test_pix_recon,-0.0009218454360961914
shapley-20260606T020512Z-dd871c85,marginal,A,167,167,11.002051099982054,0.32083760201931,0.3198912441730499,test_pix_recon,0.0009463578462600708
shapley-20260606T020512Z-dd871c85,marginal,A,168,168,11.0677793999821,0.3207907825708389,0.3210072666406631,test_pix_recon,-0.00021648406982421875
shapley-20260606T020512Z-dd871c85,marginal,A,169,169,11.135411999981445,0.3206317722797394,0.3221931457519531,test_pix_recon,-0.0015613734722137451
shapley-20260606T020512Z-dd871c85,marginal,A,170,170,11.2008438999801,0.3206168562173843,0.322221577167511,test_pix_recon,-0.0016047209501267035
shapley-20260606T020512Z-dd871c85,marginal,A,171,171,11.26519339997867,0.3202464878559112,0.3211849480867386,test_pix_recon,-0.000938460230827387
shapley-20260606T020512Z-dd871c85,marginal,A,172,172,11.331796999978906,0.3201561421155929,0.3205134868621826,test_pix_recon,-0.00035734474658971616
shapley-20260606T020512Z-dd871c85,marginal,A,173,173,11.396320199979527,0.3197258710861206,0.3206689804792404,test_pix_recon,-0.000943109393119812
shapley-20260606T020512Z-dd871c85,marginal,A,174,174,11.458622599979208,0.3195994794368744,0.3210362046957016,test_pix_recon,-0.0014367252588272095
shapley-20260606T020512Z-dd871c85,marginal,A,175,175,11.526426799979165,0.3192835301160812,0.321380540728569,test_pix_recon,-0.002097010612487793
shapley-20260606T020512Z-dd871c85,marginal,A,176,176,11.588953199980097,0.3192010521888733,0.3215610980987549,test_pix_recon,-0.002360045909881592
shapley-20260606T020512Z-dd871c85,marginal,A,177,177,11.651401899978737,0.3187759667634964,0.3212251514196396,test_pix_recon,-0.0024491846561431885
shapley-20260606T020512Z-dd871c85,marginal,A,178,178,11.713497399978223,0.3188233971595764,0.3207462430000305,test_pix_recon,-0.0019228458404541016
shapley-20260606T020512Z-dd871c85,marginal,A,179,179,11.778626799978156,0.3189938515424728,0.3204634040594101,test_pix_recon,-0.0014695525169373114
shapley-20260606T020512Z-dd871c85,marginal,A,180,180,11.844144199976654,0.3190737962722778,0.3203502893447876,test_pix_recon,-0.0012764930725098211
shapley-20260606T020512Z-dd871c85,marginal,A,181,181,11.910352799975954,0.319137305021286,0.3202563673257828,test_pix_recon,-0.0011190623044967651
shapley-20260606T020512Z-dd871c85,marginal,A,182,182,11.975074199976008,0.3192603886127472,0.3203299194574356,test_pix_recon,-0.0010695308446884155
shapley-20260606T020512Z-dd871c85,marginal,A,183,183,12.039695099976598,0.3189671635627746,0.3202700763940811,test_pix_recon,-0.001302912831306513
shapley-20260606T020512Z-dd871c85,marginal,A,184,184,12.103627499976938,0.3189267516136169,0.3200264573097229,test_pix_recon,-0.0010997056961060125
shapley-20260606T020512Z-dd871c85,marginal,A,185,185,12.168349599976864,0.3190755993127823,0.3200960606336593,test_pix_recon,-0.0010204613208770197
shapley-20260606T020512Z-dd871c85,marginal,A,186,186,12.232710699976453,0.319246307015419,0.3203786760568619,test_pix_recon,-0.001132369041442871
shapley-20260606T020512Z-dd871c85,marginal,A,187,187,12.295804399975168,0.3193672299385071,0.3205759078264236,test_pix_recon,-0.0012086778879165094
shapley-20260606T020512Z-dd871c85,marginal,A,188,188,12.363867899975958,0.3194379657506943,0.3207311183214187,test_pix_recon,-0.0012931525707244318
shapley-20260606T020512Z-dd871c85,marginal,A,189,189,12.434334199977457,0.3192035257816314,0.320667028427124,test_pix_recon,-0.0014635026454926092
shapley-20260606T020512Z-dd871c85,marginal,A,190,190,12.498872699978165,0.3190531879663467,0.3205770254135132,test_pix_recon,-0.0015238374471664984
shapley-20260606T020512Z-dd871c85,marginal,A,191,191,12.56095099997765,0.3190891891717911,0.3204352557659149,test_pix_recon,-0.0013460665941238403
shapley-20260606T020512Z-dd871c85,marginal,A,192,192,12.62780009997732,0.3189950436353683,0.3203038275241852,test_pix_recon,-0.001308783888816889
shapley-20260606T020512Z-dd871c85,marginal,A,193,193,12.692418399978123,0.3188177794218063,0.3203827142715454,test_pix_recon,-0.0015649348497391302
shapley-20260606T020512Z-dd871c85,marginal,A,194,194,12.759912799978338,0.3187405616044998,0.3205247372388839,test_pix_recon,-0.0017841756343840998
shapley-20260606T020512Z-dd871c85,marginal,A,195,195,12.826577499978155,0.3187157809734344,0.3204783201217651,test_pix_recon,-0.0017625391483306885
shapley-20260606T020512Z-dd871c85,marginal,A,196,196,12.88971479997781,0.3186392784118652,0.3205012083053589,test_pix_recon,-0.0018619298934937079
shapley-20260606T020512Z-dd871c85,marginal,A,197,197,12.958654599977308,0.3186244219541549,0.3205729573965072,test_pix_recon,-0.001948535442352295
shapley-20260606T020512Z-dd871c85,marginal,A,198,198,13.021992699978,0.3186099976301193,0.3205208629369735,test_pix_recon,-0.0019108653068541925
shapley-20260606T020512Z-dd871c85,marginal,A,199,199,13.087895299979207,0.3186944425106048,0.3204473555088043,test_pix_recon,-0.0017529129981995184
shapley-20260606T020537Z-8cdc8253,conditional,A,0,0,0.2564361999993707,0.8850487470626831,0.881854236125946,test_pix_recon,0.0031945109367370605
shapley-20260606T020537Z-8cdc8253,conditional,A,1,1,0.3263028000001213,0.6856304407119751,0.6988519132137299,test_pix_recon,-0.01322147250175476
shapley-20260606T020537Z-8cdc8253,conditional,A,2,2,0.3872181999995518,0.5844403207302094,0.6073905527591705,test_pix_recon,-0.02295023202896118
shapley-20260606T020537Z-8cdc8253,conditional,A,3,3,0.4454466999995929,0.5215944349765778,0.5413412153720856,test_pix_recon,-0.019746780395507812
shapley-20260606T020537Z-8cdc8253,conditional,A,4,4,0.5039465000008931,0.4766450822353363,0.4871983081102371,test_pix_recon,-0.010553225874900818
shapley-20260606T020537Z-8cdc8253,conditional,A,5,5,0.5668195000016567,0.4430912137031555,0.4473852068185806,test_pix_recon,-0.00429399311542511
shapley-20260606T020537Z-8cdc8253,conditional,A,6,6,0.6275409000008949,0.4151114076375961,0.4150449782609939,test_pix_recon,6.642937660217285e-05
shapley-20260606T020537Z-8cdc8253,conditional,A,7,7,0.6896486000005098,0.3926586657762527,0.3900911509990692,test_pix_recon,0.002567514777183477
shapley-20260606T020537Z-8cdc8253,conditional,A,8,8,0.7536952999998903,0.374917134642601,0.3736549615859985,test_pix_recon,0.0012621730566025335
shapley-20260606T020537Z-8cdc8253,conditional,A,9,9,0.8208627999993041,0.3607562780380249,0.361409455537796,test_pix_recon,-0.0006531774997711182
shapley-20260606T020537Z-8cdc8253,conditional,A,10,10,0.8820637999997416,0.3501132279634475,0.3509967029094696,test_pix_recon,-0.0008834749460220892
shapley-20260606T020537Z-8cdc8253,conditional,A,11,11,0.9497704000004888,0.3414338231086731,0.3430263996124267,test_pix_recon,-0.0015925765037536066
shapley-20260606T020537Z-8cdc8253,conditional,A,12,12,1.008195299998988,0.3387379944324493,0.3386442065238952,test_pix_recon,9.378790855407715e-05
shapley-20260606T020537Z-8cdc8253,conditional,A,13,13,1.071622400000706,0.3299917876720428,0.3318894207477569,test_pix_recon,-0.0018976330757141113
shapley-20260606T020537Z-8cdc8253,conditional,A,14,14,1.130681500000719,0.3229168504476547,0.3248137980699539,test_pix_recon,-0.0018969476222991943
shapley-20260606T020537Z-8cdc8253,conditional,A,15,15,1.1958839000017178,0.3185989260673523,0.3182136565446853,test_pix_recon,0.00038526952266698666
shapley-20260606T020537Z-8cdc8253,conditional,A,16,16,1.2623383000027388,0.3144868016242981,0.3170138597488403,test_pix_recon,-0.002527058124542181
shapley-20260606T020537Z-8cdc8253,conditional,A,17,17,1.3238040000032925,0.3088618814945221,0.3138369917869568,test_pix_recon,-0.004975110292434692
shapley-20260606T020537Z-8cdc8253,conditional,A,18,18,1.3821335000029649,0.3054732084274292,0.3095352500677109,test_pix_recon,-0.004062041640281677
shapley-20260606T020537Z-8cdc8253,conditional,A,19,19,1.4432126000028802,0.3026458770036697,0.3045959919691086,test_pix_recon,-0.0019501149654388983
shapley-20260606T020537Z-8cdc8253,conditional,A,20,20,1.502293000003192,0.2996201366186142,0.3035925924777984,test_pix_recon,-0.00397245585918421
shapley-20260606T020537Z-8cdc8253,conditional,A,21,21,1.56102550000287,0.2977810949087143,0.3017043024301529,test_pix_recon,-0.003923207521438599
shapley-20260606T020537Z-8cdc8253,conditional,A,22,22,1.6218922000025486,0.2949743121862411,0.2973883301019668,test_pix_recon,-0.002414017915725708
shapley-20260606T020537Z-8cdc8253,conditional,A,23,23,1.680164600003991,0.2943421006202698,0.2971255481243133,test_pix_recon,-0.0027834475040435236
shapley-20260606T020537Z-8cdc8253,conditional,A,24,24,1.742581100004827,0.2938091456890106,0.2957399189472198,test_pix_recon,-0.001930773258209173
shapley-20260606T020537Z-8cdc8253,conditional,A,25,25,1.8041321000055175,0.2902314662933349,0.2940034568309784,test_pix_recon,-0.003771990537643488
shapley-20260606T020537Z-8cdc8253,conditional,A,26,26,1.8694980000054784,0.2902054637670517,0.2933099865913391,test_pix_recon,-0.0031045228242874146
shapley-20260606T020537Z-8cdc8253,conditional,A,27,27,1.9279314000068557,0.2893001288175583,0.2933010011911392,test_pix_recon,-0.004000872373580933
shapley-20260606T020537Z-8cdc8253,conditional,A,28,28,1.9892238000065845,0.2886913865804672,0.2894706279039383,test_pix_recon,-0.0007792413234710693
shapley-20260606T020537Z-8cdc8253,conditional,A,29,29,2.050057000005836,0.2888701856136322,0.2909765243530273,test_pix_recon,-0.002106338739395086
shapley-20260606T020537Z-8cdc8253,conditional,A,30,30,2.114059200004704,0.2873390465974808,0.2901463061571121,test_pix_recon,-0.0028072595596313477
shapley-20260606T020537Z-8cdc8253,conditional,A,31,31,2.177618400004576,0.2860819846391678,0.2925307154655456,test_pix_recon,-0.006448730826377813
shapley-20260606T020537Z-8cdc8253,conditional,A,32,32,2.2419822000047134,0.285876452922821,0.2890696376562118,test_pix_recon,-0.003193184733390808
shapley-20260606T020537Z-8cdc8253,conditional,A,33,33,2.302696200003993,0.284251257777214,0.2881417274475097,test_pix_recon,-0.0038904696702957153
shapley-20260606T020537Z-8cdc8253,conditional,A,34,34,2.3637145000029705,0.2845243215560913,0.2873886525630951,test_pix_recon,-0.002864331007003784
shapley-20260606T020537Z-8cdc8253,conditional,A,35,35,2.426588200001788,0.2812286168336868,0.2867833226919174,test_pix_recon,-0.005554705858230646
shapley-20260606T020537Z-8cdc8253,conditional,A,36,36,2.49302340000213,0.2821471244096756,0.2870627343654632,test_pix_recon,-0.004915609955787603
shapley-20260606T020537Z-8cdc8253,conditional,A,37,37,2.556284900001629,0.284384548664093,0.2861426472663879,test_pix_recon,-0.0017580986022948664
shapley-20260606T020537Z-8cdc8253,conditional,A,38,38,2.618475300001592,0.2858908325433731,0.2864480912685394,test_pix_recon,-0.0005572587251662653
shapley-20260606T020537Z-8cdc8253,conditional,A,39,39,2.682551600002625,0.281864657998085,0.2859933227300644,test_pix_recon,-0.00412866473197937
shapley-20260606T020537Z-8cdc8253,conditional,A,40,40,2.743228100001943,0.2818035185337066,0.2855803817510605,test_pix_recon,-0.0037768632173538763
shapley-20260606T020537Z-8cdc8253,conditional,A,41,41,2.803859800002101,0.2847489267587662,0.2851099520921707,test_pix_recon,-0.000361025333404541
shapley-20260606T020537Z-8cdc8253,conditional,A,42,42,2.8628724000027432,0.2810672968626022,0.287102460861206,test_pix_recon,-0.006035163998603821
shapley-20260606T020537Z-8cdc8253,conditional,A,43,43,2.921693000002051,0.2822586596012115,0.2854007184505462,test_pix_recon,-0.003142058849334717
shapley-20260606T020537Z-8cdc8253,conditional,A,44,44,2.9811327000006718,0.2787779718637466,0.2861025929450989,test_pix_recon,-0.007324621081352289
shapley-20260606T020537Z-8cdc8253,conditional,A,45,45,3.0412388000022474,0.2804464250802994,0.28611521422863,test_pix_recon,-0.005668789148330633
shapley-20260606T020537Z-8cdc8253,conditional,A,46,46,3.100446300002659,0.2818962931632995,0.2865701913833618,test_pix_recon,-0.004673898220062311
shapley-20260606T020537Z-8cdc8253,conditional,A,47,47,3.1592238000012003,0.2797097414731979,0.2878554910421371,test_pix_recon,-0.008145749568939209
shapley-20260606T020537Z-8cdc8253,conditional,A,48,48,3.2220723000009457,0.2807993441820144,0.2853904366493225,test_pix_recon,-0.0045910924673081
shapley-20260606T020537Z-8cdc8253,conditional,A,49,49,3.2860902000011265,0.2796391993761062,0.2830577045679092,test_pix_recon,-0.0034185051918029785
shapley-20260606T020537Z-8cdc8253,conditional,A,50,50,3.346102299999984,0.2791037708520889,0.2873170524835586,test_pix_recon,-0.008213281631469727
shapley-20260606T020537Z-8cdc8253,conditional,A,51,51,3.4069394999987708,0.2803381979465484,0.2854492664337158,test_pix_recon,-0.005111068487167414
shapley-20260606T020537Z-8cdc8253,conditional,A,52,52,3.4665088999972795,0.2792884707450866,0.2863953411579132,test_pix_recon,-0.007106870412826594
shapley-20260606T020537Z-8cdc8253,conditional,A,53,53,3.527897599997232,0.2789213955402374,0.287273645401001,test_pix_recon,-0.00835224986076355
shapley-20260606T020537Z-8cdc8253,conditional,A,54,54,3.587794399998529,0.2848136872053146,0.286040335893631,test_pix_recon,-0.0012266486883164007
shapley-20260606T020537Z-8cdc8253,conditional,A,55,55,3.6487703999991936,0.2834594249725342,0.2835098057985306,test_pix_recon,-5.0380825996398926e-05
shapley-20260606T020537Z-8cdc8253,conditional,A,56,56,3.709938999998485,0.2813750803470611,0.2863431125879287,test_pix_recon,-0.004968032240867615
shapley-20260606T020537Z-8cdc8253,conditional,A,57,57,3.770754699999088,0.2815508097410202,0.2870022356510162,test_pix_recon,-0.005451425909995977
shapley-20260606T020537Z-8cdc8253,conditional,A,58,58,3.831622199999401,0.279606893658638,0.2879473567008972,test_pix_recon,-0.008340463042259216
shapley-20260606T020537Z-8cdc8253,conditional,A,59,59,3.8936415999996825,0.2801168113946914,0.2832527756690979,test_pix_recon,-0.0031359642744064886
shapley-20260606T020537Z-8cdc8253,conditional,A,60,60,3.9538494999997056,0.2814477533102035,0.2873698323965072,test_pix_recon,-0.005922079086303711
shapley-20260606T020537Z-8cdc8253,conditional,A,61,61,4.012208300000566,0.2854259610176086,0.2924054861068725,test_pix_recon,-0.006979525089263916
shapley-20260606T020537Z-8cdc8253,conditional,A,62,62,4.073790000000372,0.2824269384145736,0.2846618592739105,test_pix_recon,-0.0022349208593369085
shapley-20260606T020537Z-8cdc8253,conditional,A,63,63,4.131953800000701,0.2864072620868683,0.2847429662942886,test_pix_recon,0.0016642957925797064
shapley-20260606T020537Z-8cdc8253,conditional,A,64,64,4.19003370000064,0.2853745818138122,0.2869295477867126,test_pix_recon,-0.0015549659729003906
shapley-20260606T020537Z-8cdc8253,conditional,A,65,65,4.253206100001989,0.2883313000202179,0.2852060496807098,test_pix_recon,0.003125250339508112
shapley-20260606T020537Z-8cdc8253,conditional,A,66,66,4.311956600002304,0.2869801074266433,0.2868103981018066,test_pix_recon,0.00016970932483673096
shapley-20260606T020537Z-8cdc8253,conditional,A,67,67,4.373523000002024,0.2862698584794998,0.2884807884693146,test_pix_recon,-0.0022109299898147583
shapley-20260606T020537Z-8cdc8253,conditional,A,68,68,4.43806620000214,0.2853757739067077,0.2864965498447418,test_pix_recon,-0.0011207759380341131
shapley-20260606T020537Z-8cdc8253,conditional,A,69,69,4.4990417000008165,0.2829080373048782,0.2849089503288269,test_pix_recon,-0.002000913023948725
shapley-20260606T020537Z-8cdc8253,conditional,A,70,70,4.55846830000155,0.2826723754405975,0.287874698638916,test_pix_recon,-0.005202323198318537
shapley-20260606T020537Z-8cdc8253,conditional,A,71,71,4.61800100000255,0.2865802943706512,0.2906983643770218,test_pix_recon,-0.0041180700063706
shapley-20260606T020537Z-8cdc8253,conditional,A,72,72,4.679523100001461,0.2903846502304077,0.2959879338741302,test_pix_recon,-0.005603283643722479
shapley-20260606T020537Z-8cdc8253,conditional,A,73,73,4.738340400001107,0.2866413593292236,0.2960360050201416,test_pix_recon,-0.009394645690918024
shapley-20260606T020537Z-8cdc8253,conditional,A,74,74,4.8012231000011525,0.2870338857173919,0.2963171452283859,test_pix_recon,-0.009283259510994013
shapley-20260606T020537Z-8cdc8253,conditional,A,75,75,4.860482899999624,0.2880887538194656,0.2919327318668365,test_pix_recon,-0.0038439780473709106
shapley-20260606T020537Z-8cdc8253,conditional,A,76,76,4.922374599998875,0.2892370969057083,0.2946116328239441,test_pix_recon,-0.005374535918235779
shapley-20260606T020537Z-8cdc8253,conditional,A,77,77,4.987076499999603,0.2917367070913315,0.2942752987146377,test_pix_recon,-0.002538591623306219
shapley-20260606T020537Z-8cdc8253,conditional,A,78,78,5.049573300000702,0.293715551495552,0.2938435077667236,test_pix_recon,-0.00012795627117156982
shapley-20260606T020537Z-8cdc8253,conditional,A,79,79,5.1115652000007685,0.296048566699028,0.2928919196128845,test_pix_recon,0.0031566470861434937
shapley-20260606T020537Z-8cdc8253,conditional,A,80,80,5.174442199999248,0.2925397008657455,0.2929226160049438,test_pix_recon,-0.0003829151391983032
shapley-20260606T020537Z-8cdc8253,conditional,A,81,81,5.237015700000484,0.2900842726230621,0.2969918847084045,test_pix_recon,-0.006907612085342407
shapley-20260606T020537Z-8cdc8253,conditional,A,82,82,5.2955197999999655,0.2930436432361603,0.2997903376817703,test_pix_recon,-0.006746694445610046
shapley-20260606T020537Z-8cdc8253,conditional,A,83,83,5.358217999999397,0.2891611903905868,0.2951349169015884,test_pix_recon,-0.005973726511001587
shapley-20260606T020537Z-8cdc8253,conditional,A,84,84,5.418799899998703,0.2921467274427414,0.2970262765884399,test_pix_recon,-0.004879549145698492
shapley-20260606T020537Z-8cdc8253,conditional,A,85,85,5.480249000000185,0.2904055416584015,0.2990247905254364,test_pix_recon,-0.008619248867034912
shapley-20260606T020537Z-8cdc8253,conditional,A,86,86,5.542333599998528,0.2923956662416458,0.2980438023805618,test_pix_recon,-0.00564813613891596
shapley-20260606T020537Z-8cdc8253,conditional,A,87,87,5.606556999997338,0.2945294231176376,0.3012918680906296,test_pix_recon,-0.006762444972991999
shapley-20260606T020537Z-8cdc8253,conditional,A,88,88,5.668699099996957,0.294082835316658,0.2991660684347152,test_pix_recon,-0.0050832331180571955
shapley-20260606T020537Z-8cdc8253,conditional,A,89,89,5.732690999995612,0.2938353270292282,0.3025564700365066,test_pix_recon,-0.008721143007278387
shapley-20260606T020537Z-8cdc8253,conditional,A,90,90,5.801165499995477,0.2936491221189499,0.3034863024950027,test_pix_recon,-0.009837180376052801
shapley-20260606T020537Z-8cdc8253,conditional,A,91,91,5.8642281999946135,0.2992837876081466,0.3045583963394165,test_pix_recon,-0.005274608731269892
shapley-20260606T020537Z-8cdc8253,conditional,A,92,92,5.930653499994151,0.2949331551790237,0.3059963434934616,test_pix_recon,-0.011063188314437922
shapley-20260606T020537Z-8cdc8253,conditional,A,93,93,6.001649299994824,0.2967277467250824,0.3052643984556198,test_pix_recon,-0.008536651730537415
shapley-20260606T020537Z-8cdc8253,conditional,A,94,94,6.0641279999945255,0.3005942851305008,0.3039939850568771,test_pix_recon,-0.0033996999263762873
shapley-20260606T020537Z-8cdc8253,conditional,A,95,95,6.126209499994729,0.3046030253171921,0.3032992780208587,test_pix_recon,0.0013037472963333685
shapley-20260606T020537Z-8cdc8253,conditional,A,96,96,6.188507999993817,0.2994540929794311,0.300652876496315,test_pix_recon,-0.0011987835168839056
shapley-20260606T020537Z-8cdc8253,conditional,A,97,97,6.253605999992942,0.3052155971527099,0.3037983030080795,test_pix_recon,0.0014172941446304321
shapley-20260606T020537Z-8cdc8253,conditional,A,98,98,6.323076299993772,0.2990215420722961,0.3111628443002701,test_pix_recon,-0.012141302227973993
shapley-20260606T020537Z-8cdc8253,conditional,A,99,99,6.394758899992667,0.3023157566785812,0.3064346611499786,test_pix_recon,-0.0041189044713974
shapley-20260606T020537Z-8cdc8253,conditional,A,100,100,6.461622899993017,0.3009048104286194,0.3074205964803695,test_pix_recon,-0.006515786051750128
shapley-20260606T020537Z-8cdc8253,conditional,A,101,101,6.533085199993366,0.302885353565216,0.3099207878112793,test_pix_recon,-0.007035434246063288
shapley-20260606T020537Z-8cdc8253,conditional,A,102,102,6.599807399992642,0.3041136711835861,0.3098688274621963,test_pix_recon,-0.005755156278610174
shapley-20260606T020537Z-8cdc8253,conditional,A,103,103,6.66715299999305,0.3024470806121826,0.3093041926622391,test_pix_recon,-0.0068571120500564575
shapley-20260606T020537Z-8cdc8253,conditional,A,104,104,6.73271269999168,0.3027263581752777,0.3107339888811111,test_pix_recon,-0.00800763070583338
shapley-20260606T020537Z-8cdc8253,conditional,A,105,105,6.801478299990777,0.3085779100656509,0.3134205192327499,test_pix_recon,-0.004842609167098999
shapley-20260606T020537Z-8cdc8253,conditional,A,106,106,6.867225199990571,0.3078742921352386,0.3161055892705917,test_pix_recon,-0.008231297135353088
shapley-20260606T020537Z-8cdc8253,conditional,A,107,107,6.929482599989569,0.3081809878349304,0.312846839427948,test_pix_recon,-0.004665851593017578
shapley-20260606T020537Z-8cdc8253,conditional,A,108,108,6.997401999989961,0.3009053170681,0.3162056356668472,test_pix_recon,-0.015300318598747198
shapley-20260606T020537Z-8cdc8253,conditional,A,109,109,7.059738899990407,0.3078536689281463,0.3118731826543808,test_pix_recon,-0.0040195137262344915
shapley-20260606T020537Z-8cdc8253,conditional,A,110,110,7.123301599991464,0.3108429908752441,0.3177483379840851,test_pix_recon,-0.006905347108840998
shapley-20260606T020537Z-8cdc8253,conditional,A,111,111,7.187114399990605,0.3100575506687164,0.3196309059858322,test_pix_recon,-0.00957335531711584
shapley-20260606T020537Z-8cdc8253,conditional,A,112,112,7.254459799991309,0.313540980219841,0.3161323070526123,test_pix_recon,-0.0025913268327713013
shapley-20260606T020537Z-8cdc8253,conditional,A,113,113,7.3209477999917,0.3076457977294922,0.317219614982605,test_pix_recon,-0.009573817253112793
shapley-20260606T020537Z-8cdc8253,conditional,A,114,114,7.385163499991904,0.3148880451917648,0.3186301589012146,test_pix_recon,-0.0037421137094498236
shapley-20260606T020537Z-8cdc8253,conditional,A,115,115,7.45363909999287,0.3174288868904114,0.3149081021547317,test_pix_recon,0.002520784735679682
shapley-20260606T020537Z-8cdc8253,conditional,A,116,116,7.516936299991357,0.3130910843610763,0.3200101852416992,test_pix_recon,-0.006919100880622919
shapley-20260606T020537Z-8cdc8253,conditional,A,117,117,7.582362599991029,0.3113445043563843,0.3211677819490433,test_pix_recon,-0.009823277592658997
shapley-20260606T020537Z-8cdc8253,conditional,A,118,118,7.655606299991632,0.3167472630739212,0.3217144012451172,test_pix_recon,-0.004967138171195984
shapley-20260606T020537Z-8cdc8253,conditional,A,119,119,7.720759099991483,0.3195379227399826,0.325279176235199,test_pix_recon,-0.00574125349521637
shapley-20260606T020537Z-8cdc8253,conditional,A,120,120,7.7893132999925,0.3196426481008529,0.3242282122373581,test_pix_recon,-0.0045855641365051825
shapley-20260606T020537Z-8cdc8253,conditional,A,121,121,7.852620999992723,0.3218945860862732,0.3333000689744949,test_pix_recon,-0.011405482888221685
shapley-20260606T020537Z-8cdc8253,conditional,A,122,122,7.921612699992693,0.3215023577213287,0.3278092890977859,test_pix_recon,-0.006306931376457214
shapley-20260606T020537Z-8cdc8253,conditional,A,123,123,7.989307599993481,0.3231073319911957,0.3326736092567444,test_pix_recon,-0.009566277265548706
shapley-20260606T020537Z-8cdc8253,conditional,A,124,124,8.056455299993104,0.3157657384872436,0.3308735489845276,test_pix_recon,-0.015107810497283991
shapley-20260606T020537Z-8cdc8253,conditional,A,125,125,8.12217609999243,0.3339351415634155,0.3337423354387283,test_pix_recon,0.00019280612468725034
shapley-20260606T020537Z-8cdc8253,conditional,A,126,126,8.185919199991986,0.3211347609758377,0.331728920340538,test_pix_recon,-0.010594159364700317
shapley-20260606T020537Z-8cdc8253,conditional,A,127,127,8.252661399990757,0.3257623463869095,0.3298434764146805,test_pix_recon,-0.004081130027770996
shapley-20260606T020537Z-8cdc8253,conditional,A,128,128,8.317197199990915,0.3193885684013366,0.3311036974191665,test_pix_recon,-0.011715129017829895
shapley-20260606T020537Z-8cdc8253,conditional,A,129,129,8.385069799989651,0.3238364160060882,0.329146072268486,test_pix_recon,-0.005309656262397822
shapley-20260606T020537Z-8cdc8253,conditional,A,130,130,8.450696499990954,0.3273040950298309,0.3271972984075546,test_pix_recon,0.00010679662227625064
shapley-20260606T020537Z-8cdc8253,conditional,A,131,131,8.51669769999171,0.322296679019928,0.3321756422519684,test_pix_recon,-0.009878963232040405
shapley-20260606T020537Z-8cdc8253,conditional,A,132,132,8.579240999990361,0.3226164728403091,0.3256018310785293,test_pix_recon,-0.002985358238220215
shapley-20260606T020537Z-8cdc8253,conditional,A,133,133,8.649326699989615,0.3196888267993927,0.3285230994224548,test_pix_recon,-0.008834272623062078
shapley-20260606T020537Z-8cdc8253,conditional,A,134,134,8.720502599988322,0.3220867961645126,0.3274425417184829,test_pix_recon,-0.005355745553970337
shapley-20260606T020537Z-8cdc8253,conditional,A,135,135,8.786709099988002,0.3211802989244461,0.3276529163122177,test_pix_recon,-0.0064726173877716064
shapley-20260606T020537Z-8cdc8253,conditional,A,136,136,8.854331699987597,0.3209646791219711,0.3285586386919021,test_pix_recon,-0.00759395956993103
shapley-20260606T020537Z-8cdc8253,conditional,A,137,137,8.941100899988669,0.317620113492012,0.3283461034297943,test_pix_recon,-0.010725989937782288
shapley-20260606T020537Z-8cdc8253,conditional,A,138,138,9.028394599989042,0.319651648402214,0.3260046392679214,test_pix_recon,-0.0063529908657073975
shapley-20260606T020537Z-8cdc8253,conditional,A,139,139,9.118755399988004,0.3202457129955292,0.3289890587329864,test_pix_recon,-0.00874334573745722
shapley-20260606T020537Z-8cdc8253,conditional,A,140,140,9.198142399987772,0.3182235807180404,0.3266240954399109,test_pix_recon,-0.008400514721870478
shapley-20260606T020537Z-8cdc8253,conditional,A,141,141,9.260663799987014,0.3216844946146011,0.33067387342453,test_pix_recon,-0.008989378809928894
shapley-20260606T020537Z-8cdc8253,conditional,A,142,142,9.32718999998542,0.3198607265949249,0.3246220499277115,test_pix_recon,-0.00476132333278656
shapley-20260606T020537Z-8cdc8253,conditional,A,143,143,9.392682699986835,0.3177437931299209,0.3276478052139282,test_pix_recon,-0.009904012084007319
shapley-20260606T020537Z-8cdc8253,conditional,A,144,144,9.454403299987462,0.3196545541286468,0.3268666863441467,test_pix_recon,-0.007212132215499878
shapley-20260606T020537Z-8cdc8253,conditional,A,145,145,9.51694489998772,0.3189378678798675,0.3265051394701004,test_pix_recon,-0.007567271590232905
shapley-20260606T020537Z-8cdc8253,conditional,A,146,146,9.578518099988289,0.3181423395872116,0.328876182436943,test_pix_recon,-0.01073384284973139
shapley-20260606T020537Z-8cdc8253,conditional,A,147,147,9.641523699989191,0.3179042041301727,0.3256074637174606,test_pix_recon,-0.007703259587287903
shapley-20260606T020537Z-8cdc8253,conditional,A,148,148,9.703383999989455,0.3182070702314377,0.3232102990150451,test_pix_recon,-0.005003228783607427
shapley-20260606T020537Z-8cdc8253,conditional,A,149,149,9.766593399988778,0.3183536231517792,0.3226675689220428,test_pix_recon,-0.004313945770263616
shapley-20260606T020537Z-8cdc8253,conditional,A,150,150,9.83083569998962,0.3171378076076507,0.3231398612260818,test_pix_recon,-0.006002053618431091
shapley-20260606T020537Z-8cdc8253,conditional,A,151,151,9.899952699990536,0.316425547003746,0.3241079896688461,test_pix_recon,-0.007682442665100098
shapley-20260606T020537Z-8cdc8253,conditional,A,152,152,9.965167799990011,0.317338302731514,0.3235253542661667,test_pix_recon,-0.00618705153465271
shapley-20260606T020537Z-8cdc8253,conditional,A,153,153,10.030319799989227,0.3175482302904129,0.3226678222417831,test_pix_recon,-0.005119591951370184
shapley-20260606T020537Z-8cdc8253,conditional,A,154,154,10.096659999990152,0.3163316249847412,0.3239485919475555,test_pix_recon,-0.0076169669628142755
shapley-20260606T020537Z-8cdc8253,conditional,A,155,155,10.16485209998973,0.3152456134557724,0.3229424357414245,test_pix_recon,-0.007696822285652105
shapley-20260606T020537Z-8cdc8253,conditional,A,156,156,10.23073649998878,0.3156424909830093,0.3223307579755783,test_pix_recon,-0.006688266992569025
shapley-20260606T020537Z-8cdc8253,conditional,A,157,157,10.298669499989046,0.3156768828630447,0.3210955858230591,test_pix_recon,-0.005418702960014399
shapley-20260606T020537Z-8cdc8253,conditional,A,158,158,10.36590809998961,0.314928263425827,0.3225977271795273,test_pix_recon,-0.007669463753700256
shapley-20260606T020537Z-8cdc8253,conditional,A,159,159,10.432315199988809,0.3150705099105835,0.3228138238191604,test_pix_recon,-0.00774331390857691
shapley-20260606T020537Z-8cdc8253,conditional,A,160,160,10.50302519998877,0.315839484333992,0.3221462368965149,test_pix_recon,-0.006306752562522888
shapley-20260606T020537Z-8cdc8253,conditional,A,161,161,10.574510299989925,0.3156526088714599,0.321559265255928,test_pix_recon,-0.005906656384468079
shapley-20260606T020537Z-8cdc8253,conditional,A,162,162,10.647072499990829,0.3161158710718155,0.3212402164936065,test_pix_recon,-0.005124345421791021
shapley-20260606T020537Z-8cdc8253,conditional,A,163,163,10.713605099990671,0.3159102350473404,0.3216936141252517,test_pix_recon,-0.0057833790779113214
shapley-20260606T020537Z-8cdc8253,conditional,A,164,164,10.77838599999086,0.3152707517147064,0.3223297297954559,test_pix_recon,-0.007058978080749456
shapley-20260606T020537Z-8cdc8253,conditional,A,165,165,10.84581499998967,0.3152806609869003,0.3224910497665405,test_pix_recon,-0.007210388779640253
shapley-20260606T020537Z-8cdc8253,conditional,A,166,166,10.911325899989606,0.3152945637702942,0.3211309313774109,test_pix_recon,-0.005836367607116699
shapley-20260606T020537Z-8cdc8253,conditional,A,167,167,10.98631979998936,0.3151755183935165,0.3198912441730499,test_pix_recon,-0.004715725779533442
shapley-20260606T020537Z-8cdc8253,conditional,A,168,168,11.059533199990256,0.3156297653913498,0.3210072666406631,test_pix_recon,-0.005377501249313299
shapley-20260606T020537Z-8cdc8253,conditional,A,169,169,11.13101289999031,0.3153342455625534,0.3221931457519531,test_pix_recon,-0.006858900189399719
shapley-20260606T020537Z-8cdc8253,conditional,A,170,170,11.203683099991396,0.3144040703773498,0.322221577167511,test_pix_recon,-0.007817506790161188
shapley-20260606T020537Z-8cdc8253,conditional,A,171,171,11.269193599990103,0.3143861591815948,0.3211849480867386,test_pix_recon,-0.006798788905143793
shapley-20260606T020537Z-8cdc8253,conditional,A,172,172,11.334816599990518,0.3147875666618347,0.3205134868621826,test_pix_recon,-0.0057259202003479
shapley-20260606T020537Z-8cdc8253,conditional,A,173,173,11.40642379999008,0.3148569464683532,0.3206689804792404,test_pix_recon,-0.0058120340108872015
shapley-20260606T020537Z-8cdc8253,conditional,A,174,174,11.473695499989844,0.3145687729120254,0.3210362046957016,test_pix_recon,-0.006467431783676203
shapley-20260606T020537Z-8cdc8253,conditional,A,175,175,11.538975099991148,0.3146576881408691,0.321380540728569,test_pix_recon,-0.00672285258769989
shapley-20260606T020537Z-8cdc8253,conditional,A,176,176,11.604981299991778,0.3148987293243408,0.3215610980987549,test_pix_recon,-0.0066623687744140625
shapley-20260606T020537Z-8cdc8253,conditional,A,177,177,11.673112599990418,0.315092921257019,0.3212251514196396,test_pix_recon,-0.0061322301626206
shapley-20260606T020537Z-8cdc8253,conditional,A,178,178,11.73612379999031,0.3150630295276642,0.3207462430000305,test_pix_recon,-0.005683213472366333
shapley-20260606T020537Z-8cdc8253,conditional,A,179,179,11.801187199989728,0.3151634037494659,0.3204634040594101,test_pix_recon,-0.005300000309944208
shapley-20260606T020537Z-8cdc8253,conditional,A,180,180,11.86696239999037,0.3152504563331604,0.3203502893447876,test_pix_recon,-0.005099833011627197
shapley-20260606T020537Z-8cdc8253,conditional,A,181,181,11.934417899990876,0.3150452226400375,0.3202563673257828,test_pix_recon,-0.005211144685745295
shapley-20260606T020537Z-8cdc8253,conditional,A,182,182,11.999485299991647,0.3149264603853225,0.3203299194574356,test_pix_recon,-0.005403459072113093
shapley-20260606T020537Z-8cdc8253,conditional,A,183,183,12.070139999992534,0.3149862587451935,0.3202700763940811,test_pix_recon,-0.005283817648887634
shapley-20260606T020537Z-8cdc8253,conditional,A,184,184,12.134931799993865,0.3148060739040375,0.3200264573097229,test_pix_recon,-0.005220383405685425
shapley-20260606T020537Z-8cdc8253,conditional,A,185,185,12.199143599993477,0.3146353363990783,0.3200960606336593,test_pix_recon,-0.005460724234580994
shapley-20260606T020537Z-8cdc8253,conditional,A,186,186,12.273871299992608,0.3144884258508682,0.3203786760568619,test_pix_recon,-0.005890250205993652
shapley-20260606T020537Z-8cdc8253,conditional,A,187,187,12.345617599992693,0.3143264949321747,0.3205759078264236,test_pix_recon,-0.006249412894248907
shapley-20260606T020537Z-8cdc8253,conditional,A,188,188,12.4148846999924,0.3142629414796829,0.3207311183214187,test_pix_recon,-0.006468176841735784
shapley-20260606T020537Z-8cdc8253,conditional,A,189,189,12.477590699993016,0.3142082095146179,0.320667028427124,test_pix_recon,-0.0064588189125061035
shapley-20260606T020537Z-8cdc8253,conditional,A,190,190,12.543193499992412,0.3142971694469452,0.3205770254135132,test_pix_recon,-0.006279855966567993
shapley-20260606T020537Z-8cdc8253,conditional,A,191,191,12.60531789999368,0.3143277317285537,0.3204352557659149,test_pix_recon,-0.0061075240373612005
shapley-20260606T020537Z-8cdc8253,conditional,A,192,192,12.671071299993857,0.3143933117389679,0.3203038275241852,test_pix_recon,-0.005910515785217285
shapley-20260606T020537Z-8cdc8253,conditional,A,193,193,12.74018499999329,0.3144025951623916,0.3203827142715454,test_pix_recon,-0.005980119109153803
shapley-20260606T020537Z-8cdc8253,conditional,A,194,194,12.803146099993684,0.3143720924854278,0.3205247372388839,test_pix_recon,-0.006152644753456116
shapley-20260606T020537Z-8cdc8253,conditional,A,195,195,12.86991649999436,0.3143745362758636,0.3204783201217651,test_pix_recon,-0.006103783845901489
shapley-20260606T020537Z-8cdc8253,conditional,A,196,196,12.93288699999357,0.3144817501306534,0.3205012083053589,test_pix_recon,-0.006019458174705505
shapley-20260606T020537Z-8cdc8253,conditional,A,197,197,12.99579499999345,0.3145444989204407,0.3205729573965072,test_pix_recon,-0.006028458476066534
shapley-20260606T020537Z-8cdc8253,conditional,A,198,198,13.058554399995046,0.3146674633026123,0.3205208629369735,test_pix_recon,-0.005853399634361212
shapley-20260606T020537Z-8cdc8253,conditional,A,199,199,13.122989999996207,0.3146860748529434,0.3204473555088043,test_pix_recon,-0.005761280655860901
shapley-20260606T020448Z-0f9aa28a,baseline,A,0,0,0.2575524999992922,25.553436279296875,19.92030334472656,test_kl,5.633132934570316
shapley-20260606T020448Z-0f9aa28a,baseline,A,1,1,0.3185843999981443,43.13744163513184,38.01510429382324,test_kl,5.122337341308601
shapley-20260606T020448Z-0f9aa28a,baseline,A,2,2,0.3798835999987204,50.43496513366699,48.78622055053711,test_kl,1.6487445831298828
shapley-20260606T020448Z-0f9aa28a,baseline,A,3,3,0.4385029999975813,56.55038642883301,55.506784439086914,test_kl,1.0436019897460938
shapley-20260606T020448Z-0f9aa28a,baseline,A,4,4,0.4992649999985588,58.88589477539063,59.66401481628418,test_kl,-0.7781200408935476
shapley-20260606T020448Z-0f9aa28a,baseline,A,5,5,0.5596678999991127,60.597951889038086,63.36467361450195,test_kl,-2.766721725463867
shapley-20260606T020448Z-0f9aa28a,baseline,A,6,6,0.619403799999418,63.71845245361328,66.74247360229492,test_kl,-3.0240211486816406
shapley-20260606T020448Z-0f9aa28a,baseline,A,7,7,0.6783355999996274,67.28694915771484,69.09130477905273,test_kl,-1.8043556213378906
shapley-20260606T020448Z-0f9aa28a,baseline,A,8,8,0.7392261999993934,70.72771835327148,70.41416931152344,test_kl,0.3135490417480469
shapley-20260606T020448Z-0f9aa28a,baseline,A,9,9,0.8003093999977864,73.14533615112305,72.5271224975586,test_kl,0.6182136535644531
shapley-20260606T020448Z-0f9aa28a,baseline,A,10,10,0.8682174999976269,76.32732772827148,75.75554656982422,test_kl,0.5717811584472656
shapley-20260606T020448Z-0f9aa28a,baseline,A,11,11,0.9317282999982126,48.43276596069336,48.551666259765625,test_kl,-0.11890029907226562
shapley-20260606T020448Z-0f9aa28a,baseline,A,12,12,0.990946999998414,26.045859336853027,24.95960807800293,test_kl,1.0862512588500977
shapley-20260606T020448Z-0f9aa28a,baseline,A,13,13,1.0549489999975776,37.26906967163086,34.69913482666016,test_kl,2.569934844970696
shapley-20260606T020448Z-0f9aa28a,baseline,A,14,14,1.1178435999972862,48.77261924743652,47.15439796447754,test_kl,1.6182212829589844
shapley-20260606T020448Z-0f9aa28a,baseline,A,15,15,1.1776788999977723,43.17391395568848,43.23800849914551,test_kl,-0.06409454345703125
shapley-20260606T020448Z-0f9aa28a,baseline,A,16,16,1.2387417999980244,26.72089099884033,27.10187339782715,test_kl,-0.38098239898681996
shapley-20260606T020448Z-0f9aa28a,baseline,A,17,17,1.297111699997913,27.51041889190674,26.37533473968506,test_kl,1.1350841522216797
shapley-20260606T020448Z-0f9aa28a,baseline,A,18,18,1.3594625999976415,40.34852600097656,38.20593070983887,test_kl,2.1425952911376953
shapley-20260606T020448Z-0f9aa28a,baseline,A,19,19,1.4225694999968257,40.22764778137207,38.565866470336914,test_kl,1.6617813110351562
shapley-20260606T020448Z-0f9aa28a,baseline,A,20,20,1.4890575999961584,27.684505462646484,27.2492733001709,test_kl,0.43523216247558594
shapley-20260606T020448Z-0f9aa28a,baseline,A,21,21,1.5503822999962722,22.010308265686035,27.120342254638672,test_kl,-5.110033988952637
shapley-20260606T020448Z-0f9aa28a,baseline,A,22,22,1.6109786999950302,27.327136993408203,27.677668571472168,test_kl,-0.35053157806396484
shapley-20260606T020448Z-0f9aa28a,baseline,A,23,23,1.6705768999945576,24.578913688659668,23.36094570159912,test_kl,1.2179679870605469
shapley-20260606T020448Z-0f9aa28a,baseline,A,24,24,1.7293375999943237,19.776808738708496,24.93059635162353,test_kl,-5.1537876129150355
shapley-20260606T020448Z-0f9aa28a,baseline,A,25,25,1.7940269999944576,23.024715423583984,23.364920616149902,test_kl,-0.34020519256591797
shapley-20260606T020448Z-0f9aa28a,baseline,A,26,26,1.8571320999944876,21.20222282409668,19.88671493530273,test_kl,1.3155078887939489
shapley-20260606T020448Z-0f9aa28a,baseline,A,27,27,1.9215541999947163,21.399975776672363,22.414645195007324,test_kl,-1.014669418334961
shapley-20260606T020448Z-0f9aa28a,baseline,A,28,28,1.983664699993824,20.705825805664062,20.4317045211792,test_kl,0.2741212844848633
shapley-20260606T020448Z-0f9aa28a,baseline,A,29,29,2.044703399993523,18.53959560394287,18.331153869628903,test_kl,0.2084417343139684
shapley-20260606T020448Z-0f9aa28a,baseline,A,30,30,2.109746099993572,20.531635284423828,20.231263160705566,test_kl,0.3003721237182617
shapley-20260606T020448Z-0f9aa28a,baseline,A,31,31,2.1717139999946085,18.85360145568848,17.928133010864258,test_kl,0.9254684448242223
shapley-20260606T020448Z-0f9aa28a,baseline,A,32,32,2.240799399995012,16.9670467376709,19.6599645614624,test_kl,-2.6929178237915004
shapley-20260606T020448Z-0f9aa28a,baseline,A,33,33,2.3039100999940274,18.817103385925293,18.586127281188965,test_kl,0.23097610473632812
shapley-20260606T020448Z-0f9aa28a,baseline,A,34,34,2.364635599993562,16.921541213989258,16.744295120239258,test_kl,0.17724609375
shapley-20260606T020448Z-0f9aa28a,baseline,A,35,35,2.4256403999934264,16.136703491210938,18.03486728668213,test_kl,-1.8981637954711914
shapley-20260606T020448Z-0f9aa28a,baseline,A,36,36,2.48490889999448,18.43199062347412,16.56402587890625,test_kl,1.867964744567871
shapley-20260606T020448Z-0f9aa28a,baseline,A,37,37,2.5469792999938363,15.874306201934814,15.9754638671875,test_kl,-0.10115766525268555
shapley-20260606T020448Z-0f9aa28a,baseline,A,38,38,2.6070353999930376,15.702428817749023,15.15981101989746,test_kl,0.5426177978515643
shapley-20260606T020448Z-0f9aa28a,baseline,A,39,39,2.6692526999922848,15.417233943939207,14.548364162445068,test_kl,0.8688697814941388
shapley-20260606T020448Z-0f9aa28a,baseline,A,40,40,2.7285207999921117,14.39565134048462,15.783222198486328,test_kl,-1.387570858001709
shapley-20260606T020448Z-0f9aa28a,baseline,A,41,41,2.7882279999921598,14.63380002975464,14.21632194519043,test_kl,0.41747808456421076
shapley-20260606T020448Z-0f9aa28a,baseline,A,42,42,2.8507652999924176,13.909916877746582,13.84171724319458,test_kl,0.06819963455200195
shapley-20260606T020448Z-0f9aa28a,baseline,A,43,43,2.913518499994097,14.266685009002686,13.556285858154297,test_kl,0.7103991508483887
shapley-20260606T020448Z-0f9aa28a,baseline,A,44,44,2.9755583999940427,12.79707956314087,13.273019790649414,test_kl,-0.4759402275085449
shapley-20260606T020448Z-0f9aa28a,baseline,A,45,45,3.045751999994536,13.433516502380373,12.892873764038086,test_kl,0.5406427383422869
shapley-20260606T020448Z-0f9aa28a,baseline,A,46,46,3.114891299994269,12.917598724365234,13.11851453781128,test_kl,-0.20091581344604492
shapley-20260606T020448Z-0f9aa28a,baseline,A,47,47,3.1783630999925663,12.829206466674805,12.29804277420044,test_kl,0.5311636924743652
shapley-20260606T020448Z-0f9aa28a,baseline,A,48,48,3.2389839999923424,12.555885314941406,12.862632274627686,test_kl,-0.3067469596862793
shapley-20260606T020448Z-0f9aa28a,baseline,A,49,49,3.3005714999926568,12.733593463897703,12.569037437438965,test_kl,0.16455602645873846
shapley-20260606T020448Z-0f9aa28a,baseline,A,50,50,3.3632256999917445,12.53857135772705,12.20325756072998,test_kl,0.3353137969970703
shapley-20260606T020448Z-0f9aa28a,baseline,A,51,51,3.424053599990657,11.811267852783203,12.253555297851562,test_kl,-0.4422874450683594
shapley-20260606T020448Z-0f9aa28a,baseline,A,52,52,3.484328299990011,11.324645519256592,11.137832164764404,test_kl,0.1868133544921875
shapley-20260606T020448Z-0f9aa28a,baseline,A,53,53,3.542798299989954,10.931292533874512,11.505127906799316,test_kl,-0.5738353729248047
shapley-20260606T020448Z-0f9aa28a,baseline,A,54,54,3.604038999990735,11.408405303955078,11.107921600341797,test_kl,0.30048370361328125
shapley-20260606T020448Z-0f9aa28a,baseline,A,55,55,3.663934199990763,11.397576332092283,10.979435443878174,test_kl,0.41814088821410955
shapley-20260606T020448Z-0f9aa28a,baseline,A,56,56,3.722269699990648,11.138988018035889,11.055328845977783,test_kl,0.08365917205810547
shapley-20260606T020448Z-0f9aa28a,baseline,A,57,57,3.783133499990072,10.876312255859377,10.956920623779297,test_kl,-0.0806083679199201
shapley-20260606T020448Z-0f9aa28a,baseline,A,58,58,3.847849799991309,10.806451320648192,11.03995132446289,test_kl,-0.23350000381469904
shapley-20260606T020448Z-0f9aa28a,baseline,A,59,59,3.913334799992299,10.56094217300415,11.105262756347656,test_kl,-0.5443205833435059
shapley-20260606T020448Z-0f9aa28a,baseline,A,60,60,3.974412799992933,10.038978576660156,10.159762382507324,test_kl,-0.12078380584716797
shapley-20260606T020448Z-0f9aa28a,baseline,A,61,61,4.036320199993497,10.267230987548828,9.84420108795166,test_kl,0.42302989959716797
shapley-20260606T020448Z-0f9aa28a,baseline,A,62,62,4.096248799993191,9.973971366882324,10.122725009918211,test_kl,-0.1487536430358869
shapley-20260606T020448Z-0f9aa28a,baseline,A,63,63,4.158035999993444,9.729357719421388,9.98881721496582,test_kl,-0.2594594955444318
shapley-20260606T020448Z-0f9aa28a,baseline,A,64,64,4.222882899994147,10.113113403320312,9.787160873413086,test_kl,0.32595252990722656
shapley-20260606T020448Z-0f9aa28a,baseline,A,65,65,4.282658499994795,9.62769603729248,9.730067253112791,test_kl,-0.10237121582031072
shapley-20260606T020448Z-0f9aa28a,baseline,A,66,66,4.346926999995048,8.864048480987549,9.43806219100952,test_kl,-0.5740137100219709
shapley-20260606T020448Z-0f9aa28a,baseline,A,67,67,4.4152673999960825,9.360447883605955,9.173091411590576,test_kl,0.18735647201537908
shapley-20260606T020448Z-0f9aa28a,baseline,A,68,68,4.480629799994858,9.408052921295166,9.152950763702393,test_kl,0.25510215759277344
shapley-20260606T020448Z-0f9aa28a,baseline,A,69,69,4.543348399995011,9.036248683929443,9.636265754699709,test_kl,-0.6000170707702654
shapley-20260606T020448Z-0f9aa28a,baseline,A,70,70,4.604141499994512,8.974042415618896,9.299638748168944,test_kl,-0.32559633255004705
shapley-20260606T020448Z-0f9aa28a,baseline,A,71,71,4.666783399994529,8.921590328216553,9.124521732330322,test_kl,-0.20293140411376953
shapley-20260606T020448Z-0f9aa28a,baseline,A,72,72,4.735080599994035,8.453219890594482,8.914914608001709,test_kl,-0.46169471740722656
shapley-20260606T020448Z-0f9aa28a,baseline,A,73,73,4.805012499995428,8.111560344696045,8.728294372558594,test_kl,-0.6167340278625488
shapley-20260606T020448Z-0f9aa28a,baseline,A,74,74,4.867674599996462,8.34635877609253,7.968330144882202,test_kl,0.37802863121032715
shapley-20260606T020448Z-0f9aa28a,baseline,A,75,75,4.928613599995515,8.187248706817627,8.662322044372559,test_kl,-0.47507333755493164
shapley-20260606T020448Z-0f9aa28a,baseline,A,76,76,4.999870999994528,8.227169036865234,8.84276533126831,test_kl,-0.6155962944030762
shapley-20260606T020448Z-0f9aa28a,baseline,A,77,77,5.067130599994925,8.547950744628906,8.162994861602783,test_kl,0.38495588302612305
shapley-20260606T020448Z-0f9aa28a,baseline,A,78,78,5.138970699996207,7.957334995269775,7.77020263671875,test_kl,0.1871323585510254
shapley-20260606T020448Z-0f9aa28a,baseline,A,79,79,5.20582889999605,7.94067645072937,8.19978141784668,test_kl,-0.25910496711730957
shapley-20260606T020448Z-0f9aa28a,baseline,A,80,80,5.268353099996602,8.043849229812622,8.103365421295166,test_kl,-0.059516191482543945
shapley-20260606T020448Z-0f9aa28a,baseline,A,81,81,5.334165199996278,8.086684703826904,7.796481370925903,test_kl,0.290203332901001
shapley-20260606T020448Z-0f9aa28a,baseline,A,82,82,5.395787499997823,7.69751238822937,7.976424932479858,test_kl,-0.2789125442504883
shapley-20260606T020448Z-0f9aa28a,baseline,A,83,83,5.463410799997291,7.765432119369507,8.0086829662323,test_kl,-0.24325084686279297
shapley-20260606T020448Z-0f9aa28a,baseline,A,84,84,5.530208799997126,7.642412185668945,7.35612154006958,test_kl,0.28629064559936523
shapley-20260606T020448Z-0f9aa28a,baseline,A,85,85,5.594083099997079,7.418634176254272,7.171808481216431,test_kl,0.2468256950378409
shapley-20260606T020448Z-0f9aa28a,baseline,A,86,86,5.653654399997322,7.368414878845215,7.5647292137146,test_kl,-0.19631433486938477
shapley-20260606T020448Z-0f9aa28a,baseline,A,87,87,5.713050399997883,7.1266844272613525,7.388510227203369,test_kl,-0.2618257999420166
shapley-20260606T020448Z-0f9aa28a,baseline,A,88,88,5.772729399997843,7.665693998336792,7.05432391166687,test_kl,0.6113700866699219
shapley-20260606T020448Z-0f9aa28a,baseline,A,89,89,5.831270899996525,7.233914136886597,7.302617073059082,test_kl,-0.06870293617248535
shapley-20260606T020448Z-0f9aa28a,baseline,A,90,90,5.902824199996758,7.047348499298096,7.325287342071533,test_kl,-0.2779388427734375
shapley-20260606T020448Z-0f9aa28a,baseline,A,91,91,5.97712049999609,7.249428987503052,6.761029243469238,test_kl,0.4883997440338135
shapley-20260606T020448Z-0f9aa28a,baseline,A,92,92,6.046308299995872,6.844952583312988,6.691951990127564,test_kl,0.15300059318542392
shapley-20260606T020448Z-0f9aa28a,baseline,A,93,93,6.1111704999948415,6.925325393676758,7.165156602859497,test_kl,-0.23983120918273926
shapley-20260606T020448Z-0f9aa28a,baseline,A,94,94,6.180363799994666,6.846172332763672,7.0935046672821045,test_kl,-0.24733233451843262
shapley-20260606T020448Z-0f9aa28a,baseline,A,95,95,6.246904499994344,6.977033615112305,6.574246883392334,test_kl,0.4027867317199707
shapley-20260606T020448Z-0f9aa28a,baseline,A,96,96,6.318341899994266,6.932925462722778,6.7922751903533936,test_kl,0.14065027236938477
shapley-20260606T020448Z-0f9aa28a,baseline,A,97,97,6.38407969999389,6.829762935638428,6.727525949478149,test_kl,0.10223698616027832
shapley-20260606T020448Z-0f9aa28a,baseline,A,98,98,6.447133899993787,6.154814720153809,6.4776451587677,test_kl,-0.3228304386138916
shapley-20260606T020448Z-0f9aa28a,baseline,A,99,99,6.513175999993109,6.67101001739502,6.5033369064331055,test_kl,0.16767311096191495
shapley-20260606T020448Z-0f9aa28a,baseline,A,100,100,6.580745099992782,6.543012380599976,6.564294815063477,test_kl,-0.021282434463500977
shapley-20260606T020448Z-0f9aa28a,baseline,A,101,101,6.647311399992759,6.265470743179321,6.358482122421265,test_kl,-0.09301137924194336
shapley-20260606T020448Z-0f9aa28a,baseline,A,102,102,6.721327299992481,6.520609378814697,6.4872887134552,test_kl,0.03332066535949707
shapley-20260606T020448Z-0f9aa28a,baseline,A,103,103,6.788273299991488,6.217335939407349,6.420913934707642,test_kl,-0.20357799530029297
shapley-20260606T020448Z-0f9aa28a,baseline,A,104,104,6.852836399992157,5.687913179397583,5.8100903034210205,test_kl,-0.1221771240234375
shapley-20260606T020448Z-0f9aa28a,baseline,A,105,105,6.91919099999177,6.644099712371826,6.651869535446167,test_kl,-0.00776982307434082
shapley-20260606T020448Z-0f9aa28a,baseline,A,106,106,6.990591399991899,6.650603294372559,5.835461854934692,test_kl,0.8151414394378662
shapley-20260606T020448Z-0f9aa28a,baseline,A,107,107,7.060537799992744,5.444399833679199,5.7911036014556885,test_kl,-0.34670376777648926
shapley-20260606T020448Z-0f9aa28a,baseline,A,108,108,7.132392699993943,6.319518327713013,5.633600473403931,test_kl,0.685917854309082
shapley-20260606T020448Z-0f9aa28a,baseline,A,109,109,7.197540099994512,6.312865257263184,6.322854042053223,test_kl,-0.009988784790039062
shapley-20260606T020448Z-0f9aa28a,baseline,A,110,110,7.260495399994397,5.832869529724121,5.789170026779175,test_kl,0.04369950294494629
shapley-20260606T020448Z-0f9aa28a,baseline,A,111,111,7.322824899994885,6.4998087882995605,5.707522630691528,test_kl,0.7922861576080322
shapley-20260606T020448Z-0f9aa28a,baseline,A,112,112,7.391835899994476,6.10912299156189,5.493173837661743,test_kl,0.6159491539001465
shapley-20260606T020448Z-0f9aa28a,baseline,A,113,113,7.45548169999347,5.508026361465454,5.9474310874938965,test_kl,-0.4394047260284424
shapley-20260606T020448Z-0f9aa28a,baseline,A,114,114,7.51757469999211,5.866738557815552,5.493160963058472,test_kl,0.3735775947570801
shapley-20260606T020448Z-0f9aa28a,baseline,A,115,115,7.583934699991005,5.899174690246582,5.570298671722412,test_kl,0.3288760185241699
shapley-20260606T020448Z-0f9aa28a,baseline,A,116,116,7.647902099992279,5.611033201217651,5.033451795578003,test_kl,0.5775814056396484
shapley-20260606T020448Z-0f9aa28a,baseline,A,117,117,7.715294999992693,5.745015621185303,5.6920166015625,test_kl,0.052999019622802734
shapley-20260606T020448Z-0f9aa28a,baseline,A,118,118,7.778992699992159,5.884910106658936,5.534317970275879,test_kl,0.35059213638305753
shapley-20260606T020448Z-0f9aa28a,baseline,A,119,119,7.8437359999934415,5.592832326889038,5.476332902908325,test_kl,0.11649942398071289
shapley-20260606T020448Z-0f9aa28a,baseline,A,120,120,7.906283899992559,5.750536203384399,5.561120271682739,test_kl,0.18941593170166016
shapley-20260606T020448Z-0f9aa28a,baseline,A,121,121,7.968458599993028,5.125665903091431,5.107222080230713,test_kl,0.018443822860717773
shapley-20260606T020448Z-0f9aa28a,baseline,A,122,122,8.034051599992381,5.034041881561279,5.106379508972168,test_kl,-0.07233762741088867
shapley-20260606T020448Z-0f9aa28a,baseline,A,123,123,8.099554999991597,5.247355937957764,5.152873516082764,test_kl,0.094482421875
shapley-20260606T020448Z-0f9aa28a,baseline,A,124,124,8.161650999991252,4.911748886108398,5.024690628051758,test_kl,-0.11294174194335938
shapley-20260606T020448Z-0f9aa28a,baseline,A,125,125,8.22399809999115,5.127917528152466,4.994333267211914,test_kl,0.13358426094055176
shapley-20260606T020448Z-0f9aa28a,baseline,A,126,126,8.286204099989845,5.180873394012451,4.950949192047119,test_kl,0.22992420196533203
shapley-20260606T020448Z-0f9aa28a,baseline,A,127,127,8.352232299988827,4.928256511688232,5.164499044418335,test_kl,-0.23624253273010254
shapley-20260606T020448Z-0f9aa28a,baseline,A,128,128,8.414163999988887,5.23470664024353,4.956712007522583,test_kl,0.27799463272094727
shapley-20260606T020448Z-0f9aa28a,baseline,A,129,129,8.476886199989167,4.936294794082642,4.825556039810181,test_kl,0.11073875427246094
shapley-20260606T020448Z-0f9aa28a,baseline,A,130,130,8.542607299988958,4.843338251113892,5.227268934249878,test_kl,-0.38393068313598633
shapley-20260606T020448Z-0f9aa28a,baseline,A,131,131,8.617518499990183,5.111778259277344,4.856704473495483,test_kl,0.25507378578186035
shapley-20260606T020448Z-0f9aa28a,baseline,A,132,132,8.707243899991226,4.908745765686035,5.096383810043335,test_kl,-0.1876380443572998
shapley-20260606T020448Z-0f9aa28a,baseline,A,133,133,8.797222499990312,5.069912433624268,5.150904655456543,test_kl,-0.08099222183227539
shapley-20260606T020448Z-0f9aa28a,baseline,A,134,134,8.890763299990795,5.041097402572632,4.894811391830444,test_kl,0.1462860107421875
shapley-20260606T020448Z-0f9aa28a,baseline,A,135,135,8.96652689999064,4.855175256729126,5.08834981918335,test_kl,-0.23317456245422363
shapley-20260606T020448Z-0f9aa28a,baseline,A,136,136,9.032000499990318,5.277573108673096,4.897036790847778,test_kl,0.3805363178253174
shapley-20260606T020448Z-0f9aa28a,baseline,A,137,137,9.094421999991027,4.92981743812561,4.934485673904419,test_kl,-0.004668235778808594
shapley-20260606T020448Z-0f9aa28a,baseline,A,138,138,9.1590172999895,4.927780389785767,5.123973846435547,test_kl,-0.19619345664978027
shapley-20260606T020448Z-0f9aa28a,baseline,A,139,139,9.231385699989914,5.089735507965088,4.944122791290283,test_kl,0.1456127166748047
shapley-20260606T020448Z-0f9aa28a,baseline,A,140,140,9.294794899989938,4.7661895751953125,5.108746767044067,test_kl,-0.3425571918487549
shapley-20260606T020448Z-0f9aa28a,baseline,A,141,141,9.358700999990106,4.952331066131592,4.846080541610718,test_kl,0.10625052452087402
shapley-20260606T020448Z-0f9aa28a,baseline,A,142,142,9.421597399988968,5.256437063217163,5.085688352584839,test_kl,0.17074871063232422
shapley-20260606T020448Z-0f9aa28a,baseline,A,143,143,9.491611199988256,5.1857640743255615,5.128688097000122,test_kl,0.05707597732543945
shapley-20260606T020448Z-0f9aa28a,baseline,A,144,144,9.560184199986908,4.8958117961883545,4.842346906661987,test_kl,0.05346488952636719
shapley-20260606T020448Z-0f9aa28a,baseline,A,145,145,9.6239581999871,4.877887487411499,4.950317621231079,test_kl,-0.07243013381958008
shapley-20260606T020448Z-0f9aa28a,baseline,A,146,146,9.701244199986832,4.970969676971436,5.044756889343262,test_kl,-0.07378721237182528
shapley-20260606T020448Z-0f9aa28a,baseline,A,147,147,9.770302699986132,5.057289123535156,4.840514421463013,test_kl,0.21677470207214355
shapley-20260606T020448Z-0f9aa28a,baseline,A,148,148,9.83968689998619,5.093418598175049,4.994282007217407,test_kl,0.0991365909576416
shapley-20260606T020448Z-0f9aa28a,baseline,A,149,149,9.91888689998632,4.968454599380493,5.082103729248047,test_kl,-0.11364912986755371
shapley-20260606T020448Z-0f9aa28a,baseline,A,150,150,9.998108799985856,4.962508916854858,4.86827540397644,test_kl,0.09423351287841797
shapley-20260606T020448Z-0f9aa28a,baseline,A,151,151,10.077093099986088,4.911102294921875,4.928970336914063,test_kl,-0.017868041992188388
shapley-20260606T020448Z-0f9aa28a,baseline,A,152,152,10.153985299986743,4.941607713699341,5.019971609115601,test_kl,-0.07836389541625977
shapley-20260606T020448Z-0f9aa28a,baseline,A,153,153,10.2334346999869,5.037065267562866,5.032080888748169,test_kl,0.004984378814697266
shapley-20260606T020448Z-0f9aa28a,baseline,A,154,154,10.307997999987492,5.046914100646973,4.936986684799194,test_kl,0.10992741584777832
shapley-20260606T020448Z-0f9aa28a,baseline,A,155,155,10.381151599987788,5.08199954032898,5.123456716537476,test_kl,-0.041457176208495206
shapley-20260606T020448Z-0f9aa28a,baseline,A,156,156,10.461604599988275,5.035597562789917,5.14178991317749,test_kl,-0.10619235038757324
shapley-20260606T020448Z-0f9aa28a,baseline,A,157,157,10.530072399988056,4.924340009689331,5.096877813339233,test_kl,-0.17253780364990234
shapley-20260606T020448Z-0f9aa28a,baseline,A,158,158,10.596527199988486,4.929713487625122,4.821850538253784,test_kl,0.10786294937133789
shapley-20260606T020448Z-0f9aa28a,baseline,A,159,159,10.66467309998916,4.952594041824341,4.804076671600342,test_kl,0.14851737022399902
shapley-20260606T020448Z-0f9aa28a,baseline,A,160,160,10.732951999989382,5.008661270141602,5.064402103424072,test_kl,-0.0557408332824707
shapley-20260606T020448Z-0f9aa28a,baseline,A,161,161,10.801335599990123,5.034487247467041,5.171991348266602,test_kl,-0.13750410079956055
shapley-20260606T020448Z-0f9aa28a,baseline,A,162,162,10.86462469998878,5.022243022918701,5.094997882843018,test_kl,-0.0727548599243164
shapley-20260606T020448Z-0f9aa28a,baseline,A,163,163,10.93440839998766,5.023913145065308,4.9522340297698975,test_kl,0.07167911529541016
shapley-20260606T020448Z-0f9aa28a,baseline,A,164,164,11.00329809998766,4.983319044113159,4.969542503356934,test_kl,0.013776540756225586
shapley-20260606T020448Z-0f9aa28a,baseline,A,165,165,11.069774099987626,4.943705797195435,4.985896348953247,test_kl,-0.0421905517578125
shapley-20260606T020448Z-0f9aa28a,baseline,A,166,166,11.134229999986928,4.979274749755859,5.029197692871094,test_kl,-0.049922943115234375
shapley-20260606T020448Z-0f9aa28a,baseline,A,167,167,11.201318499986884,5.011474132537842,5.128858804702759,test_kl,-0.11738467216491699
shapley-20260606T020448Z-0f9aa28a,baseline,A,168,168,11.267076399986763,5.050587892532349,5.00336503982544,test_kl,0.04722285270690829
shapley-20260606T020448Z-0f9aa28a,baseline,A,169,169,11.337391799987016,5.035426139831543,4.9049999713897705,test_kl,0.13042616844177246
shapley-20260606T020448Z-0f9aa28a,baseline,A,170,170,11.405715999986567,5.011985301971436,4.886907815933228,test_kl,0.125077486038208
shapley-20260606T020448Z-0f9aa28a,baseline,A,171,171,11.470759499987253,5.015007257461548,5.001219749450684,test_kl,0.013787508010864258
shapley-20260606T020448Z-0f9aa28a,baseline,A,172,172,11.534784799987392,5.009967565536499,5.106821060180664,test_kl,-0.09685349464416504
shapley-20260606T020448Z-0f9aa28a,baseline,A,173,173,11.604789099987102,5.007606029510498,5.06851601600647,test_kl,-0.06090998649597168
shapley-20260606T020448Z-0f9aa28a,baseline,A,174,174,11.675811999986763,5.00208044052124,4.984490871429443,test_kl,0.017589569091796875
shapley-20260606T020448Z-0f9aa28a,baseline,A,175,175,11.743811599986657,4.980705261230469,4.918789863586426,test_kl,0.06191539764404297
shapley-20260606T020448Z-0f9aa28a,baseline,A,176,176,11.811567699985972,4.956680536270142,4.8903419971466064,test_kl,0.06633853912353516
shapley-20260606T020448Z-0f9aa28a,baseline,A,177,177,11.87446759998602,4.951956033706665,4.961925506591797,test_kl,-0.009969472885131836
shapley-20260606T020448Z-0f9aa28a,baseline,A,178,178,11.94012509998538,4.9667017459869385,5.042557716369629,test_kl,-0.07585597038269043
shapley-20260606T020448Z-0f9aa28a,baseline,A,179,179,12.009062099985384,4.971720457077026,5.069278240203857,test_kl,-0.09755778312683105
shapley-20260606T020448Z-0f9aa28a,baseline,A,180,180,12.075355199986006,4.984086513519287,5.063876390457153,test_kl,-0.07978987693786621
shapley-20260606T020448Z-0f9aa28a,baseline,A,181,181,12.14388619998681,5.003083944320679,5.024786949157715,test_kl,-0.021703004837036133
shapley-20260606T020448Z-0f9aa28a,baseline,A,182,182,12.209442299985312,5.021677255630493,4.988343954086304,test_kl,0.03333330154418945
shapley-20260606T020448Z-0f9aa28a,baseline,A,183,183,12.272250099986197,5.03255033493042,4.99530816078186,test_kl,0.03724217414855957
shapley-20260606T020448Z-0f9aa28a,baseline,A,184,184,12.335652499985372,5.032880783081055,5.027798652648926,test_kl,0.005082130432128906
shapley-20260606T020448Z-0f9aa28a,baseline,A,185,185,12.400988299985327,5.036846399307251,5.02658224105835,test_kl,0.010264158248901367
shapley-20260606T020448Z-0f9aa28a,baseline,A,186,186,12.47176499998568,5.027367830276489,5.010626316070557,test_kl,0.016741514205932617
shapley-20260606T020448Z-0f9aa28a,baseline,A,187,187,12.536274899985074,5.013978481292725,4.986027717590332,test_kl,0.027950763702392578
shapley-20260606T020448Z-0f9aa28a,baseline,A,188,188,12.605452999985571,5.008864164352417,4.981271743774414,test_kl,0.02759242057800293
shapley-20260606T020448Z-0f9aa28a,baseline,A,189,189,12.668787699985842,5.0052690505981445,5.005128383636475,test_kl,0.00014066696166992188
shapley-20260606T020448Z-0f9aa28a,baseline,A,190,190,12.732813199985683,5.00231409072876,5.017529487609863,test_kl,-0.015215396881103516
shapley-20260606T020448Z-0f9aa28a,baseline,A,191,191,12.798458899986144,4.996752738952637,5.011916160583496,test_kl,-0.015163421630859375
shapley-20260606T020448Z-0f9aa28a,baseline,A,192,192,12.868192699987048,4.991627931594849,5.003446340560913,test_kl,-0.011818408966064453
shapley-20260606T020448Z-0f9aa28a,baseline,A,193,193,12.935614599988185,4.986283779144287,4.994327545166016,test_kl,-0.008043766021728516
shapley-20260606T020448Z-0f9aa28a,baseline,A,194,194,13.00336109998716,4.983709335327148,4.985039710998535,test_kl,-0.0013303756713867188
shapley-20260606T020448Z-0f9aa28a,baseline,A,195,195,13.066271399986364,4.983194828033447,4.971251487731934,test_kl,0.011943340301513672
shapley-20260606T020448Z-0f9aa28a,baseline,A,196,196,13.12951889998658,4.982497215270996,4.962225914001465,test_kl,0.02027130126953125
shapley-20260606T020448Z-0f9aa28a,baseline,A,197,197,13.194911799986585,4.979631185531616,4.953638792037964,test_kl,0.025992393493652344
shapley-20260606T020448Z-0f9aa28a,baseline,A,198,198,13.262982399986868,4.981300115585327,4.954744577407837,test_kl,0.026555538177490234
shapley-20260606T020448Z-0f9aa28a,baseline,A,199,199,13.336025299986431,4.983389377593994,4.961002588272095,test_kl,0.022386789321899414
shapley-20260606T020512Z-dd871c85,marginal,A,0,0,0.2489440999997896,24.12125396728516,19.92030334472656,test_kl,4.200950622558601
shapley-20260606T020512Z-dd871c85,marginal,A,1,1,0.3117846999994071,42.25214385986328,38.01510429382324,test_kl,4.237039566040039
shapley-20260606T020512Z-dd871c85,marginal,A,2,2,0.3824309999999968,56.27349472045898,48.78622055053711,test_kl,7.487274169921868
shapley-20260606T020512Z-dd871c85,marginal,A,3,3,0.4534401000000798,62.77332496643066,55.506784439086914,test_kl,7.266540527343743
shapley-20260606T020512Z-dd871c85,marginal,A,4,4,0.5187683999993169,65.54876708984375,59.66401481628418,test_kl,5.88475227355957
shapley-20260606T020512Z-dd871c85,marginal,A,5,5,0.5856542000001355,68.24769592285156,63.36467361450195,test_kl,4.883022308349609
shapley-20260606T020512Z-dd871c85,marginal,A,6,6,0.6535696000009921,70.2996826171875,66.74247360229492,test_kl,3.557209014892578
shapley-20260606T020512Z-dd871c85,marginal,A,7,7,0.7278406999994331,72.40565872192383,69.09130477905273,test_kl,3.3143539428710938
shapley-20260606T020512Z-dd871c85,marginal,A,8,8,0.7935813999993115,74.1673698425293,70.41416931152344,test_kl,3.7532005310058594
shapley-20260606T020512Z-dd871c85,marginal,A,9,9,0.8655065999992075,77.81564712524414,72.5271224975586,test_kl,5.288524627685547
shapley-20260606T020512Z-dd871c85,marginal,A,10,10,0.927353499999299,79.83979797363281,75.75554656982422,test_kl,4.084251403808594
shapley-20260606T020512Z-dd871c85,marginal,A,11,11,0.9934919999996056,50.17816162109375,48.551666259765625,test_kl,1.626495361328125
shapley-20260606T020512Z-dd871c85,marginal,A,12,12,1.0591755999994348,25.628352165222168,24.95960807800293,test_kl,0.6687440872192383
shapley-20260606T020512Z-dd871c85,marginal,A,13,13,1.1186412000006385,35.43451118469238,34.69913482666016,test_kl,0.7353763580322195
shapley-20260606T020512Z-dd871c85,marginal,A,14,14,1.178115799999432,46.97569465637207,47.15439796447754,test_kl,-0.17870330810546875
shapley-20260606T020512Z-dd871c85,marginal,A,15,15,1.2402215999991313,42.74004364013672,43.23800849914551,test_kl,-0.49796485900878906
shapley-20260606T020512Z-dd871c85,marginal,A,16,16,1.301049800000328,27.40475273132324,27.10187339782715,test_kl,0.3028793334960902
shapley-20260606T020512Z-dd871c85,marginal,A,17,17,1.360485100000005,27.53476619720459,26.37533473968506,test_kl,1.1594314575195312
shapley-20260606T020512Z-dd871c85,marginal,A,18,18,1.4266173999985767,39.27266311645508,38.20593070983887,test_kl,1.066732406616211
shapley-20260606T020512Z-dd871c85,marginal,A,19,19,1.4915454999991198,38.6358699798584,38.565866470336914,test_kl,0.07000350952148438
shapley-20260606T020512Z-dd871c85,marginal,A,20,20,1.556392299999061,26.90012836456299,27.2492733001709,test_kl,-0.34914493560791016
shapley-20260606T020512Z-dd871c85,marginal,A,21,21,1.6240764999984094,27.23014736175537,27.120342254638672,test_kl,0.10980510711669922
shapley-20260606T020512Z-dd871c85,marginal,A,22,22,1.683982599997762,27.67692852020264,27.677668571472168,test_kl,-0.0007400512695276973
shapley-20260606T020512Z-dd871c85,marginal,A,23,23,1.745893099996465,22.751108169555664,23.36094570159912,test_kl,-0.609837532043457
shapley-20260606T020512Z-dd871c85,marginal,A,24,24,1.807220199996664,24.801865577697757,24.93059635162353,test_kl,-0.12873077392577414
shapley-20260606T020512Z-dd871c85,marginal,A,25,25,1.8651660999967132,23.72216510772705,23.364920616149902,test_kl,0.35724449157714844
shapley-20260606T020512Z-dd871c85,marginal,A,26,26,1.9272817999972176,20.21179676055908,19.88671493530273,test_kl,0.32508182525634766
shapley-20260606T020512Z-dd871c85,marginal,A,27,27,1.987651299996287,22.830699920654297,22.414645195007324,test_kl,0.41605472564697266
shapley-20260606T020512Z-dd871c85,marginal,A,28,28,2.0477942999968946,20.435954093933105,20.4317045211792,test_kl,0.00424957275390625
shapley-20260606T020512Z-dd871c85,marginal,A,29,29,2.108507999997528,18.386229515075684,18.331153869628903,test_kl,0.055075645446780896
shapley-20260606T020512Z-dd871c85,marginal,A,30,30,2.1784138999973948,20.376914024353027,20.231263160705566,test_kl,0.14565086364746094
shapley-20260606T020512Z-dd871c85,marginal,A,31,31,2.2443263999975898,18.69103145599365,17.928133010864258,test_kl,0.762898445129391
shapley-20260606T020512Z-dd871c85,marginal,A,32,32,2.306192399997599,17.742509841918945,19.6599645614624,test_kl,-1.9174547195434535
shapley-20260606T020512Z-dd871c85,marginal,A,33,33,2.366024999997535,18.11416721343994,18.586127281188965,test_kl,-0.47196006774902344
shapley-20260606T020512Z-dd871c85,marginal,A,34,34,2.430152499997348,16.256946563720703,16.744295120239258,test_kl,-0.4873485565185547
shapley-20260606T020512Z-dd871c85,marginal,A,35,35,2.4892938999983016,17.347688674926758,18.03486728668213,test_kl,-0.6871786117553711
shapley-20260606T020512Z-dd871c85,marginal,A,36,36,2.549150199998621,16.216156005859375,16.56402587890625,test_kl,-0.347869873046875
shapley-20260606T020512Z-dd871c85,marginal,A,37,37,2.6136694999986503,15.706316947937012,15.9754638671875,test_kl,-0.2691469192504883
shapley-20260606T020512Z-dd871c85,marginal,A,38,38,2.678402299998197,15.020711898803713,15.15981101989746,test_kl,-0.13909912109374645
shapley-20260606T020512Z-dd871c85,marginal,A,39,39,2.738256499998897,15.605010509490969,14.548364162445068,test_kl,1.0566463470459002
shapley-20260606T020512Z-dd871c85,marginal,A,40,40,2.79942630000005,14.399969577789308,15.783222198486328,test_kl,-1.3832526206970197
shapley-20260606T020512Z-dd871c85,marginal,A,41,41,2.8582870999998704,14.830504894256592,14.21632194519043,test_kl,0.6141829490661621
shapley-20260606T020512Z-dd871c85,marginal,A,42,42,2.916995399998996,14.20279026031494,13.84171724319458,test_kl,0.36107301712035955
shapley-20260606T020512Z-dd871c85,marginal,A,43,43,2.9835315000000264,13.354084014892578,13.556285858154297,test_kl,-0.20220184326171875
shapley-20260606T020512Z-dd871c85,marginal,A,44,44,3.0438491999993857,14.175621032714844,13.273019790649414,test_kl,0.9026012420654297
shapley-20260606T020512Z-dd871c85,marginal,A,45,45,3.1031375999991724,13.227270603179932,12.892873764038086,test_kl,0.3343968391418457
shapley-20260606T020512Z-dd871c85,marginal,A,46,46,3.1657819999982166,13.622838497161863,13.11851453781128,test_kl,0.5043239593505842
shapley-20260606T020512Z-dd871c85,marginal,A,47,47,3.2281529999982013,12.941927909851074,12.29804277420044,test_kl,0.6438851356506348
shapley-20260606T020512Z-dd871c85,marginal,A,48,48,3.2896373999974458,13.134856700897217,12.862632274627686,test_kl,0.27222442626953125
shapley-20260606T020512Z-dd871c85,marginal,A,49,49,3.347674399998141,12.566646099090576,12.569037437438965,test_kl,-0.002391338348388672
shapley-20260606T020512Z-dd871c85,marginal,A,50,50,3.407164099997317,12.340142726898192,12.20325756072998,test_kl,0.13688516616821111
shapley-20260606T020512Z-dd871c85,marginal,A,51,51,3.4657807999974466,11.737615585327148,12.253555297851562,test_kl,-0.5159397125244141
shapley-20260606T020512Z-dd871c85,marginal,A,52,52,3.531732599996758,11.32922887802124,11.137832164764404,test_kl,0.19139671325683594
shapley-20260606T020512Z-dd871c85,marginal,A,53,53,3.5917481999968004,11.356184482574465,11.505127906799316,test_kl,-0.14894342422485174
shapley-20260606T020512Z-dd871c85,marginal,A,54,54,3.655917499996576,11.433757781982422,11.107921600341797,test_kl,0.325836181640625
shapley-20260606T020512Z-dd871c85,marginal,A,55,55,3.716937599996527,10.644962787628174,10.979435443878174,test_kl,-0.33447265625
shapley-20260606T020512Z-dd871c85,marginal,A,56,56,3.7772255999952895,10.57842493057251,11.055328845977783,test_kl,-0.47690391540527344
shapley-20260606T020512Z-dd871c85,marginal,A,57,57,3.836036199994851,10.500200748443604,10.956920623779297,test_kl,-0.45671987533569336
shapley-20260606T020512Z-dd871c85,marginal,A,58,58,3.9027348999952665,10.454528331756592,11.03995132446289,test_kl,-0.5854229927062988
shapley-20260606T020512Z-dd871c85,marginal,A,59,59,3.962205699996048,10.376435279846191,11.105262756347656,test_kl,-0.7288274765014648
shapley-20260606T020512Z-dd871c85,marginal,A,60,60,4.0254689999947,10.47325325012207,10.159762382507324,test_kl,0.3134908676147461
shapley-20260606T020512Z-dd871c85,marginal,A,61,61,4.086144899994906,10.229116439819336,9.84420108795166,test_kl,0.3849153518676758
shapley-20260606T020512Z-dd871c85,marginal,A,62,62,4.144980499993835,10.035926818847656,10.122725009918211,test_kl,-0.08679819107055486
shapley-20260606T020512Z-dd871c85,marginal,A,63,63,4.210081299992453,10.016156673431396,9.98881721496582,test_kl,0.027339458465576172
shapley-20260606T020512Z-dd871c85,marginal,A,64,64,4.276640499992936,9.46238899230957,9.787160873413086,test_kl,-0.3247718811035156
shapley-20260606T020512Z-dd871c85,marginal,A,65,65,4.337080099992818,9.509732723236084,9.730067253112791,test_kl,-0.2203345298767072
shapley-20260606T020512Z-dd871c85,marginal,A,66,66,4.395574299991495,9.579895496368408,9.43806219100952,test_kl,0.1418333053588885
shapley-20260606T020512Z-dd871c85,marginal,A,67,67,4.4567312999915885,8.866137504577637,9.173091411590576,test_kl,-0.30695390701293945
shapley-20260606T020512Z-dd871c85,marginal,A,68,68,4.517601799991098,8.815393447875977,9.152950763702393,test_kl,-0.337557315826416
shapley-20260606T020512Z-dd871c85,marginal,A,69,69,4.576304599990181,9.010918140411375,9.636265754699709,test_kl,-0.6253476142883336
shapley-20260606T020512Z-dd871c85,marginal,A,70,70,4.63907529998869,9.094543933868408,9.299638748168944,test_kl,-0.20509481430053533
shapley-20260606T020512Z-dd871c85,marginal,A,71,71,4.698893999988286,8.44715929031372,9.124521732330322,test_kl,-0.6773624420166016
shapley-20260606T020512Z-dd871c85,marginal,A,72,72,4.760698899988711,8.291802883148193,8.914914608001709,test_kl,-0.6231117248535156
shapley-20260606T020512Z-dd871c85,marginal,A,73,73,4.822736299989629,7.967638254165649,8.728294372558594,test_kl,-0.7606561183929443
shapley-20260606T020512Z-dd871c85,marginal,A,74,74,4.885179299988522,8.284402847290039,7.968330144882202,test_kl,0.3160727024078369
shapley-20260606T020512Z-dd871c85,marginal,A,75,75,4.946295599987934,8.514524459838867,8.662322044372559,test_kl,-0.1477975845336914
shapley-20260606T020512Z-dd871c85,marginal,A,76,76,5.005970399986836,8.629095554351807,8.84276533126831,test_kl,-0.2136697769165039
shapley-20260606T020512Z-dd871c85,marginal,A,77,77,5.06514009998682,8.610282897949219,8.162994861602783,test_kl,0.44728803634643555
shapley-20260606T020512Z-dd871c85,marginal,A,78,78,5.130492499987668,8.184461116790771,7.77020263671875,test_kl,0.4142584800720215
shapley-20260606T020512Z-dd871c85,marginal,A,79,79,5.192596599987155,7.992544651031494,8.19978141784668,test_kl,-0.20723676681518555
shapley-20260606T020512Z-dd871c85,marginal,A,80,80,5.25600209998629,7.733225107192993,8.103365421295166,test_kl,-0.37014031410217285
shapley-20260606T020512Z-dd871c85,marginal,A,81,81,5.317746499986242,8.040605545043945,7.796481370925903,test_kl,0.244124174118042
shapley-20260606T020512Z-dd871c85,marginal,A,82,82,5.383732899987081,7.79588508605957,7.976424932479858,test_kl,-0.18053984642028809
shapley-20260606T020512Z-dd871c85,marginal,A,83,83,5.444952199986801,7.188625812530518,8.0086829662323,test_kl,-0.8200571537017822
shapley-20260606T020512Z-dd871c85,marginal,A,84,84,5.506547099987074,7.593494892120361,7.35612154006958,test_kl,0.23737335205078125
shapley-20260606T020512Z-dd871c85,marginal,A,85,85,5.565922799987675,7.559176921844482,7.171808481216431,test_kl,0.38736844062805176
shapley-20260606T020512Z-dd871c85,marginal,A,86,86,5.629508099988016,7.665398597717285,7.5647292137146,test_kl,0.10066938400268555
shapley-20260606T020512Z-dd871c85,marginal,A,87,87,5.695856199987247,7.411539554595947,7.388510227203369,test_kl,0.023029327392578125
shapley-20260606T020512Z-dd871c85,marginal,A,88,88,5.762599199986653,7.237297534942627,7.05432391166687,test_kl,0.18297362327575684
shapley-20260606T020512Z-dd871c85,marginal,A,89,89,5.828558599985627,7.143631458282471,7.302617073059082,test_kl,-0.15898561477661133
shapley-20260606T020512Z-dd871c85,marginal,A,90,90,5.896827999986272,7.019150733947754,7.325287342071533,test_kl,-0.3061366081237793
shapley-20260606T020512Z-dd871c85,marginal,A,91,91,5.963118599986046,7.293280363082886,6.761029243469238,test_kl,0.5322511196136475
shapley-20260606T020512Z-dd871c85,marginal,A,92,92,6.02550289998544,7.374770164489746,6.691951990127564,test_kl,0.6828181743621817
shapley-20260606T020512Z-dd871c85,marginal,A,93,93,6.095467499984807,7.314212083816528,7.165156602859497,test_kl,0.14905548095703125
shapley-20260606T020512Z-dd871c85,marginal,A,94,94,6.164042899983542,6.879936933517456,7.0935046672821045,test_kl,-0.21356773376464844
shapley-20260606T020512Z-dd871c85,marginal,A,95,95,6.230376199982857,6.576968431472778,6.574246883392334,test_kl,0.002721548080444336
shapley-20260606T020512Z-dd871c85,marginal,A,96,96,6.298601699983919,6.663559913635254,6.7922751903533936,test_kl,-0.12871527671813965
shapley-20260606T020512Z-dd871c85,marginal,A,97,97,6.365750499984642,6.866230249404907,6.727525949478149,test_kl,0.1387042999267578
shapley-20260606T020512Z-dd871c85,marginal,A,98,98,6.431074099984471,6.301405906677246,6.4776451587677,test_kl,-0.1762392520904541
shapley-20260606T020512Z-dd871c85,marginal,A,99,99,6.496794199983924,6.22838306427002,6.5033369064331055,test_kl,-0.27495384216308505
shapley-20260606T020512Z-dd871c85,marginal,A,100,100,6.563149799983876,7.246301174163818,6.564294815063477,test_kl,0.6820063591003418
shapley-20260606T020512Z-dd871c85,marginal,A,101,101,6.630877599982341,6.287089586257935,6.358482122421265,test_kl,-0.07139253616333008
shapley-20260606T020512Z-dd871c85,marginal,A,102,102,6.698150399983206,6.151419401168823,6.4872887134552,test_kl,-0.33586931228637695
shapley-20260606T020512Z-dd871c85,marginal,A,103,103,6.766495299982125,6.595442056655884,6.420913934707642,test_kl,0.1745281219482422
shapley-20260606T020512Z-dd871c85,marginal,A,104,104,6.832280999982686,6.195745944976807,5.8100903034210205,test_kl,0.38565564155578613
shapley-20260606T020512Z-dd871c85,marginal,A,105,105,6.895357399982458,6.087246417999268,6.651869535446167,test_kl,-0.5646231174468994
shapley-20260606T020512Z-dd871c85,marginal,A,106,106,6.957463699982327,6.114291429519653,5.835461854934692,test_kl,0.27882957458496094
shapley-20260606T020512Z-dd871c85,marginal,A,107,107,7.021010199981902,6.255215644836426,5.7911036014556885,test_kl,0.4641120433807373
shapley-20260606T020512Z-dd871c85,marginal,A,108,108,7.083104599982107,6.196168661117554,5.633600473403931,test_kl,0.562568187713623
shapley-20260606T020512Z-dd871c85,marginal,A,109,109,7.146382399982031,6.227429389953613,6.322854042053223,test_kl,-0.09542465209960938
shapley-20260606T020512Z-dd871c85,marginal,A,110,110,7.21032169998216,5.681842565536499,5.789170026779175,test_kl,-0.10732746124267578
shapley-20260606T020512Z-dd871c85,marginal,A,111,111,7.275017699981618,5.967146158218384,5.707522630691528,test_kl,0.25962352752685547
shapley-20260606T020512Z-dd871c85,marginal,A,112,112,7.337912299981326,5.798224449157715,5.493173837661743,test_kl,0.3050506114959717
shapley-20260606T020512Z-dd871c85,marginal,A,113,113,7.40150039998116,5.929458856582642,5.9474310874938965,test_kl,-0.017972230911254883
shapley-20260606T020512Z-dd871c85,marginal,A,114,114,7.4657888999809074,5.432733774185181,5.493160963058472,test_kl,-0.060427188873291016
shapley-20260606T020512Z-dd871c85,marginal,A,115,115,7.530000899982042,5.379826307296753,5.570298671722412,test_kl,-0.19047236442565918
shapley-20260606T020512Z-dd871c85,marginal,A,116,116,7.592075399981695,5.94983696937561,5.033451795578003,test_kl,0.9163851737976074
shapley-20260606T020512Z-dd871c85,marginal,A,117,117,7.655770799981838,5.335992336273193,5.6920166015625,test_kl,-0.35602426528930664
shapley-20260606T020512Z-dd871c85,marginal,A,118,118,7.718445599981351,5.383241176605225,5.534317970275879,test_kl,-0.1510767936706543
shapley-20260606T020512Z-dd871c85,marginal,A,119,119,7.783034499982023,5.420351028442383,5.476332902908325,test_kl,-0.05598187446594238
shapley-20260606T020512Z-dd871c85,marginal,A,120,120,7.852135799981625,5.701916694641113,5.561120271682739,test_kl,0.14079642295837402
shapley-20260606T020512Z-dd871c85,marginal,A,121,121,7.917604199981724,5.145915746688843,5.107222080230713,test_kl,0.03869366645812988
shapley-20260606T020512Z-dd871c85,marginal,A,122,122,7.982689299982667,4.955077171325684,5.106379508972168,test_kl,-0.15130233764648438
shapley-20260606T020512Z-dd871c85,marginal,A,123,123,8.048296599983587,5.1299028396606445,5.152873516082764,test_kl,-0.02297067642211914
shapley-20260606T020512Z-dd871c85,marginal,A,124,124,8.118759299984958,5.3638434410095215,5.024690628051758,test_kl,0.33915281295776367
shapley-20260606T020512Z-dd871c85,marginal,A,125,125,8.181907899985163,4.7221338748931885,4.994333267211914,test_kl,-0.2721993923187256
shapley-20260606T020512Z-dd871c85,marginal,A,126,126,8.248558699984642,5.405505657196045,4.950949192047119,test_kl,0.4545564651489258
shapley-20260606T020512Z-dd871c85,marginal,A,127,127,8.313015599984283,4.444133758544922,5.164499044418335,test_kl,-0.7203652858734131
shapley-20260606T020512Z-dd871c85,marginal,A,128,128,8.381306699982815,5.519474744796753,4.956712007522583,test_kl,0.5627627372741699
shapley-20260606T020512Z-dd871c85,marginal,A,129,129,8.445955899982437,4.8010337352752686,4.825556039810181,test_kl,-0.02452230453491211
shapley-20260606T020512Z-dd871c85,marginal,A,130,130,8.50891909998245,4.928646802902222,5.227268934249878,test_kl,-0.29862213134765625
shapley-20260606T020512Z-dd871c85,marginal,A,131,131,8.573928799982241,5.089664697647095,4.856704473495483,test_kl,0.23296022415161133
shapley-20260606T020512Z-dd871c85,marginal,A,132,132,8.64047539998137,4.764067649841309,5.096383810043335,test_kl,-0.33231616020202637
shapley-20260606T020512Z-dd871c85,marginal,A,133,133,8.715154799981974,4.967986106872559,5.150904655456543,test_kl,-0.18291854858398438
shapley-20260606T020512Z-dd871c85,marginal,A,134,134,8.789995199982513,5.161842584609985,4.894811391830444,test_kl,0.267031192779541
shapley-20260606T020512Z-dd871c85,marginal,A,135,135,8.856882799982486,4.809242010116577,5.08834981918335,test_kl,-0.27910780906677246
shapley-20260606T020512Z-dd871c85,marginal,A,136,136,8.924978199982434,5.084984302520752,4.897036790847778,test_kl,0.18794751167297363
shapley-20260606T020512Z-dd871c85,marginal,A,137,137,8.997726499981582,5.036546945571899,4.934485673904419,test_kl,0.10206127166748047
shapley-20260606T020512Z-dd871c85,marginal,A,138,138,9.06383789998108,5.047275543212891,5.123973846435547,test_kl,-0.07669830322265625
shapley-20260606T020512Z-dd871c85,marginal,A,139,139,9.126960699981282,4.708753347396851,4.944122791290283,test_kl,-0.23536944389343262
shapley-20260606T020512Z-dd871c85,marginal,A,140,140,9.190341699981218,5.176886320114136,5.108746767044067,test_kl,0.06813955307006836
shapley-20260606T020512Z-dd871c85,marginal,A,141,141,9.252679899982468,5.076507091522217,4.846080541610718,test_kl,0.23042654991149902
shapley-20260606T020512Z-dd871c85,marginal,A,142,142,9.321501299982629,4.785945177078247,5.085688352584839,test_kl,-0.2997431755065918
shapley-20260606T020512Z-dd871c85,marginal,A,143,143,9.385894599983658,5.034951210021973,5.128688097000122,test_kl,-0.09373688697814941
shapley-20260606T020512Z-dd871c85,marginal,A,144,144,9.45615429998361,5.085587978363037,4.842346906661987,test_kl,0.2432410717010498
shapley-20260606T020512Z-dd871c85,marginal,A,145,145,9.518211999984487,4.890866994857788,4.950317621231079,test_kl,-0.059450626373291016
shapley-20260606T020512Z-dd871c85,marginal,A,146,146,9.584821299984467,5.063634395599365,5.044756889343262,test_kl,0.018877506256103516
shapley-20260606T020512Z-dd871c85,marginal,A,147,147,9.651044299984278,5.01921820640564,4.840514421463013,test_kl,0.17870378494262695
shapley-20260606T020512Z-dd871c85,marginal,A,148,148,9.714244399983729,4.984158277511597,4.994282007217407,test_kl,-0.010123729705810547
shapley-20260606T020512Z-dd871c85,marginal,A,149,149,9.78232889998435,5.04999566078186,5.082103729248047,test_kl,-0.03210806846618652
shapley-20260606T020512Z-dd871c85,marginal,A,150,150,9.84526739998364,5.00102686882019,4.86827540397644,test_kl,0.13275146484375
shapley-20260606T020512Z-dd871c85,marginal,A,151,151,9.91188989998409,5.001526832580566,4.928970336914063,test_kl,0.07255649566650302
shapley-20260606T020512Z-dd871c85,marginal,A,152,152,9.984646099983363,5.121145725250244,5.019971609115601,test_kl,0.10117411613464355
shapley-20260606T020512Z-dd871c85,marginal,A,153,153,10.04978789998313,5.13365626335144,5.032080888748169,test_kl,0.10157537460327148
shapley-20260606T020512Z-dd871c85,marginal,A,154,154,10.1189322999835,4.747593402862549,4.936986684799194,test_kl,-0.1893932819366455
shapley-20260606T020512Z-dd871c85,marginal,A,155,155,10.189918099984425,5.051629543304443,5.123456716537476,test_kl,-0.07182717323303223
shapley-20260606T020512Z-dd871c85,marginal,A,156,156,10.261947299983149,5.160797595977783,5.14178991317749,test_kl,0.01900768280029297
shapley-20260606T020512Z-dd871c85,marginal,A,157,157,10.328696699982174,4.787355422973633,5.096877813339233,test_kl,-0.3095223903656006
shapley-20260606T020512Z-dd871c85,marginal,A,158,158,10.395302899982198,4.869822263717651,4.821850538253784,test_kl,0.04797172546386719
shapley-20260606T020512Z-dd871c85,marginal,A,159,159,10.462228999982472,5.066821813583374,4.804076671600342,test_kl,0.2627451419830322
shapley-20260606T020512Z-dd871c85,marginal,A,160,160,10.528123799982495,5.0420982837677,5.064402103424072,test_kl,-0.02230381965637207
shapley-20260606T020512Z-dd871c85,marginal,A,161,161,10.598555299980944,4.886034965515137,5.171991348266602,test_kl,-0.28595638275146484
shapley-20260606T020512Z-dd871c85,marginal,A,162,162,10.66669979998187,4.9371497631073,5.094997882843018,test_kl,-0.15784811973571777
shapley-20260606T020512Z-dd871c85,marginal,A,163,163,10.729734599981384,5.138878345489502,4.9522340297698975,test_kl,0.1866443157196045
shapley-20260606T020512Z-dd871c85,marginal,A,164,164,10.795796899981724,5.119896411895752,4.969542503356934,test_kl,0.15035390853881836
shapley-20260606T020512Z-dd871c85,marginal,A,165,165,10.862486299982264,4.964829683303833,4.985896348953247,test_kl,-0.021066665649414062
shapley-20260606T020512Z-dd871c85,marginal,A,166,166,10.931156499982537,4.904175996780396,5.029197692871094,test_kl,-0.12502169609069735
shapley-20260606T020512Z-dd871c85,marginal,A,167,167,11.002051099982054,4.904198169708252,5.128858804702759,test_kl,-0.22466063499450684
shapley-20260606T020512Z-dd871c85,marginal,A,168,168,11.0677793999821,5.08351469039917,5.00336503982544,test_kl,0.08014965057372958
shapley-20260606T020512Z-dd871c85,marginal,A,169,169,11.135411999981445,5.063480854034424,4.9049999713897705,test_kl,0.15848088264465332
shapley-20260606T020512Z-dd871c85,marginal,A,170,170,11.2008438999801,5.043603420257568,4.886907815933228,test_kl,0.15669560432433993
shapley-20260606T020512Z-dd871c85,marginal,A,171,171,11.26519339997867,5.0088050365448,5.001219749450684,test_kl,0.007585287094116211
shapley-20260606T020512Z-dd871c85,marginal,A,172,172,11.331796999978906,4.979658842086792,5.106821060180664,test_kl,-0.12716221809387207
shapley-20260606T020512Z-dd871c85,marginal,A,173,173,11.396320199979527,4.975443601608276,5.06851601600647,test_kl,-0.09307241439819336
shapley-20260606T020512Z-dd871c85,marginal,A,174,174,11.458622599979208,4.977497577667236,4.984490871429443,test_kl,-0.006993293762207031
shapley-20260606T020512Z-dd871c85,marginal,A,175,175,11.526426799979165,4.97765040397644,4.918789863586426,test_kl,0.05886054039001465
shapley-20260606T020512Z-dd871c85,marginal,A,176,176,11.588953199980097,5.00059700012207,4.8903419971466064,test_kl,0.11025500297546387
shapley-20260606T020512Z-dd871c85,marginal,A,177,177,11.651401899978737,5.036309719085693,4.961925506591797,test_kl,0.07438421249389648
shapley-20260606T020512Z-dd871c85,marginal,A,178,178,11.713497399978223,5.013455152511597,5.042557716369629,test_kl,-0.029102563858032227
shapley-20260606T020512Z-dd871c85,marginal,A,179,179,11.778626799978156,4.990495920181274,5.069278240203857,test_kl,-0.07878232002258301
shapley-20260606T020512Z-dd871c85,marginal,A,180,180,11.844144199976654,4.991065502166748,5.063876390457153,test_kl,-0.07281088829040527
shapley-20260606T020512Z-dd871c85,marginal,A,181,181,11.910352799975954,5.007720708847046,5.024786949157715,test_kl,-0.017066240310668945
shapley-20260606T020512Z-dd871c85,marginal,A,182,182,11.975074199976008,5.011409521102905,4.988343954086304,test_kl,0.023065567016601562
shapley-20260606T020512Z-dd871c85,marginal,A,183,183,12.039695099976598,5.051545858383179,4.99530816078186,test_kl,0.05623769760131836
shapley-20260606T020512Z-dd871c85,marginal,A,184,184,12.103627499976938,5.049371957778931,5.027798652648926,test_kl,0.021573305130004883
shapley-20260606T020512Z-dd871c85,marginal,A,185,185,12.168349599976864,5.0269317626953125,5.02658224105835,test_kl,0.0003495216369628906
shapley-20260606T020512Z-dd871c85,marginal,A,186,186,12.232710699976453,5.004683971405029,5.010626316070557,test_kl,-0.005942344665527344
shapley-20260606T020512Z-dd871c85,marginal,A,187,187,12.295804399975168,4.962430238723755,4.986027717590332,test_kl,-0.02359747886657715
shapley-20260606T020512Z-dd871c85,marginal,A,188,188,12.363867899975958,4.937423944473267,4.981271743774414,test_kl,-0.04384779930114746
shapley-20260606T020512Z-dd871c85,marginal,A,189,189,12.434334199977457,4.9329674243927,5.005128383636475,test_kl,-0.07216095924377441
shapley-20260606T020512Z-dd871c85,marginal,A,190,190,12.498872699978165,4.940271854400635,5.017529487609863,test_kl,-0.07725763320922852
shapley-20260606T020512Z-dd871c85,marginal,A,191,191,12.56095099997765,4.950721025466919,5.011916160583496,test_kl,-0.06119513511657715
shapley-20260606T020512Z-dd871c85,marginal,A,192,192,12.62780009997732,4.977502107620239,5.003446340560913,test_kl,-0.025944232940673828
shapley-20260606T020512Z-dd871c85,marginal,A,193,193,12.692418399978123,5.007944822311401,4.994327545166016,test_kl,0.013617277145385742
shapley-20260606T020512Z-dd871c85,marginal,A,194,194,12.759912799978338,5.019656658172607,4.985039710998535,test_kl,0.034616947174072266
shapley-20260606T020512Z-dd871c85,marginal,A,195,195,12.826577499978155,5.018543720245361,4.971251487731934,test_kl,0.047292232513427734
shapley-20260606T020512Z-dd871c85,marginal,A,196,196,12.88971479997781,5.020284175872803,4.962225914001465,test_kl,0.05805826187133789
shapley-20260606T020512Z-dd871c85,marginal,A,197,197,12.958654599977308,5.017129898071289,4.953638792037964,test_kl,0.0634911060333252
shapley-20260606T020512Z-dd871c85,marginal,A,198,198,13.021992699978,5.016193151473999,4.954744577407837,test_kl,0.06144857406616211
shapley-20260606T020512Z-dd871c85,marginal,A,199,199,13.087895299979207,5.004164934158325,4.961002588272095,test_kl,0.04316234588623047
shapley-20260606T020537Z-8cdc8253,conditional,A,0,0,0.2564361999993707,21.383532524108887,19.92030334472656,test_kl,1.4632291793823278
shapley-20260606T020537Z-8cdc8253,conditional,A,1,1,0.3263028000001213,37.04860305786133,38.01510429382324,test_kl,-0.9665012359619141
shapley-20260606T020537Z-8cdc8253,conditional,A,2,2,0.3872181999995518,48.10592460632324,48.78622055053711,test_kl,-0.6802959442138672
shapley-20260606T020537Z-8cdc8253,conditional,A,3,3,0.4454466999995929,55.3106689453125,55.506784439086914,test_kl,-0.19611549377441406
shapley-20260606T020537Z-8cdc8253,conditional,A,4,4,0.5039465000008931,59.15133666992188,59.66401481628418,test_kl,-0.5126781463622976
shapley-20260606T020537Z-8cdc8253,conditional,A,5,5,0.5668195000016567,61.90081596374512,63.36467361450195,test_kl,-1.463857650756836
shapley-20260606T020537Z-8cdc8253,conditional,A,6,6,0.6275409000008949,64.29454803466797,66.74247360229492,test_kl,-2.447925567626953
shapley-20260606T020537Z-8cdc8253,conditional,A,7,7,0.6896486000005098,67.94091796875,69.09130477905273,test_kl,-1.1503868103027344
shapley-20260606T020537Z-8cdc8253,conditional,A,8,8,0.7536952999998903,71.48096084594727,70.41416931152344,test_kl,1.0667915344238281
shapley-20260606T020537Z-8cdc8253,conditional,A,9,9,0.8208627999993041,74.7143440246582,72.5271224975586,test_kl,2.1872215270996094
shapley-20260606T020537Z-8cdc8253,conditional,A,10,10,0.8820637999997416,77.37630844116211,75.75554656982422,test_kl,1.6207618713378906
shapley-20260606T020537Z-8cdc8253,conditional,A,11,11,0.9497704000004888,49.32623863220215,48.551666259765625,test_kl,0.7745723724365234
shapley-20260606T020537Z-8cdc8253,conditional,A,12,12,1.008195299998988,24.77554416656494,24.95960807800293,test_kl,-0.18406391143798828
shapley-20260606T020537Z-8cdc8253,conditional,A,13,13,1.071622400000706,34.02669715881348,34.69913482666016,test_kl,-0.6724376678466868
shapley-20260606T020537Z-8cdc8253,conditional,A,14,14,1.130681500000719,47.30082511901856,47.15439796447754,test_kl,0.14642715454102273
shapley-20260606T020537Z-8cdc8253,conditional,A,15,15,1.1958839000017178,43.91270446777344,43.23800849914551,test_kl,0.6746959686279297
shapley-20260606T020537Z-8cdc8253,conditional,A,16,16,1.2623383000027388,27.41228008270264,27.10187339782715,test_kl,0.31040668487549183
shapley-20260606T020537Z-8cdc8253,conditional,A,17,17,1.3238040000032925,26.344871520996094,26.37533473968506,test_kl,-0.030463218688964844
shapley-20260606T020537Z-8cdc8253,conditional,A,18,18,1.3821335000029649,38.16289520263672,38.20593070983887,test_kl,-0.04303550720214844
shapley-20260606T020537Z-8cdc8253,conditional,A,19,19,1.4432126000028802,38.41564178466797,38.565866470336914,test_kl,-0.1502246856689453
shapley-20260606T020537Z-8cdc8253,conditional,A,20,20,1.502293000003192,27.43471908569336,27.2492733001709,test_kl,0.18544578552246094
shapley-20260606T020537Z-8cdc8253,conditional,A,21,21,1.56102550000287,22.829347610473636,27.120342254638672,test_kl,-4.2909946441650355
shapley-20260606T020537Z-8cdc8253,conditional,A,22,22,1.6218922000025486,28.70844841003418,27.677668571472168,test_kl,1.0307798385620117
shapley-20260606T020537Z-8cdc8253,conditional,A,23,23,1.680164600003991,26.309321403503414,23.36094570159912,test_kl,2.9483757019042933
shapley-20260606T020537Z-8cdc8253,conditional,A,24,24,1.742581100004827,20.686431884765625,24.93059635162353,test_kl,-4.244164466857907
shapley-20260606T020537Z-8cdc8253,conditional,A,25,25,1.8041321000055175,23.340580940246586,23.364920616149902,test_kl,-0.02433967590331676
shapley-20260606T020537Z-8cdc8253,conditional,A,26,26,1.8694980000054784,22.313989639282227,19.88671493530273,test_kl,2.4272747039794957
shapley-20260606T020537Z-8cdc8253,conditional,A,27,27,1.9279314000068557,18.64519023895264,22.414645195007324,test_kl,-3.769454956054684
shapley-20260606T020537Z-8cdc8253,conditional,A,28,28,1.9892238000065845,21.06646728515625,20.4317045211792,test_kl,0.6347627639770508
shapley-20260606T020537Z-8cdc8253,conditional,A,29,29,2.050057000005836,19.733667373657227,18.331153869628903,test_kl,1.4025135040283239
shapley-20260606T020537Z-8cdc8253,conditional,A,30,30,2.114059200004704,18.05572891235352,20.231263160705566,test_kl,-2.1755342483520472
shapley-20260606T020537Z-8cdc8253,conditional,A,31,31,2.177618400004576,19.34971046447754,17.928133010864258,test_kl,1.4215774536132812
shapley-20260606T020537Z-8cdc8253,conditional,A,32,32,2.2419822000047134,17.683329582214355,19.6599645614624,test_kl,-1.9766349792480433
shapley-20260606T020537Z-8cdc8253,conditional,A,33,33,2.302696200003993,18.585981369018555,18.586127281188965,test_kl,-0.00014591217041015625
shapley-20260606T020537Z-8cdc8253,conditional,A,34,34,2.3637145000029705,17.557744026184082,16.744295120239258,test_kl,0.8134489059448242
shapley-20260606T020537Z-8cdc8253,conditional,A,35,35,2.426588200001788,16.619892120361328,18.03486728668213,test_kl,-1.4149751663208008
shapley-20260606T020537Z-8cdc8253,conditional,A,36,36,2.49302340000213,16.69564151763916,16.56402587890625,test_kl,0.13161563873291016
shapley-20260606T020537Z-8cdc8253,conditional,A,37,37,2.556284900001629,15.49378490447998,15.9754638671875,test_kl,-0.48167896270751953
shapley-20260606T020537Z-8cdc8253,conditional,A,38,38,2.618475300001592,15.140161514282228,15.15981101989746,test_kl,-0.019649505615230822
shapley-20260606T020537Z-8cdc8253,conditional,A,39,39,2.682551600002625,15.062868595123293,14.548364162445068,test_kl,0.5145044326782244
shapley-20260606T020537Z-8cdc8253,conditional,A,40,40,2.743228100001943,14.274789810180664,15.783222198486328,test_kl,-1.508432388305664
shapley-20260606T020537Z-8cdc8253,conditional,A,41,41,2.803859800002101,15.169399738311768,14.21632194519043,test_kl,0.9530777931213379
shapley-20260606T020537Z-8cdc8253,conditional,A,42,42,2.8628724000027432,14.04692268371582,13.84171724319458,test_kl,0.20520544052124023
shapley-20260606T020537Z-8cdc8253,conditional,A,43,43,2.921693000002051,14.170122623443604,13.556285858154297,test_kl,0.6138367652893066
shapley-20260606T020537Z-8cdc8253,conditional,A,44,44,2.9811327000006718,13.702558040618896,13.273019790649414,test_kl,0.4295382499694824
shapley-20260606T020537Z-8cdc8253,conditional,A,45,45,3.0412388000022474,13.010632991790771,12.892873764038086,test_kl,0.11775922775268555
shapley-20260606T020537Z-8cdc8253,conditional,A,46,46,3.100446300002659,12.96400499343872,13.11851453781128,test_kl,-0.1545095443725586
shapley-20260606T020537Z-8cdc8253,conditional,A,47,47,3.1592238000012003,12.105556964874268,12.29804277420044,test_kl,-0.19248580932617188
shapley-20260606T020537Z-8cdc8253,conditional,A,48,48,3.2220723000009457,13.012702941894531,12.862632274627686,test_kl,0.1500706672668457
shapley-20260606T020537Z-8cdc8253,conditional,A,49,49,3.2860902000011265,12.331934928894045,12.569037437438965,test_kl,-0.2371025085449201
shapley-20260606T020537Z-8cdc8253,conditional,A,50,50,3.346102299999984,11.93514108657837,12.20325756072998,test_kl,-0.26811647415161133
shapley-20260606T020537Z-8cdc8253,conditional,A,51,51,3.4069394999987708,12.079932689666748,12.253555297851562,test_kl,-0.17362260818481445
shapley-20260606T020537Z-8cdc8253,conditional,A,52,52,3.4665088999972795,11.85775089263916,11.137832164764404,test_kl,0.7199187278747559
shapley-20260606T020537Z-8cdc8253,conditional,A,53,53,3.527897599997232,11.616039752960203,11.505127906799316,test_kl,0.1109118461608869
shapley-20260606T020537Z-8cdc8253,conditional,A,54,54,3.587794399998529,11.12863302230835,11.107921600341797,test_kl,0.020711421966552734
shapley-20260606T020537Z-8cdc8253,conditional,A,55,55,3.6487703999991936,11.134142875671388,10.979435443878174,test_kl,0.15470743179321467
shapley-20260606T020537Z-8cdc8253,conditional,A,56,56,3.709938999998485,10.895442008972168,11.055328845977783,test_kl,-0.15988683700561523
shapley-20260606T020537Z-8cdc8253,conditional,A,57,57,3.770754699999088,10.57000732421875,10.956920623779297,test_kl,-0.3869132995605469
shapley-20260606T020537Z-8cdc8253,conditional,A,58,58,3.831622199999401,10.779397010803224,11.03995132446289,test_kl,-0.2605543136596662
shapley-20260606T020537Z-8cdc8253,conditional,A,59,59,3.8936415999996825,10.326224327087402,11.105262756347656,test_kl,-0.7790384292602539
shapley-20260606T020537Z-8cdc8253,conditional,A,60,60,3.9538494999997056,10.496117115020752,10.159762382507324,test_kl,0.33635473251342773
shapley-20260606T020537Z-8cdc8253,conditional,A,61,61,4.012208300000566,10.084940910339355,9.84420108795166,test_kl,0.2407398223876953
shapley-20260606T020537Z-8cdc8253,conditional,A,62,62,4.073790000000372,10.28643560409546,10.122725009918211,test_kl,0.16371059417724965
shapley-20260606T020537Z-8cdc8253,conditional,A,63,63,4.131953800000701,9.583267211914062,9.98881721496582,test_kl,-0.4055500030517578
shapley-20260606T020537Z-8cdc8253,conditional,A,64,64,4.19003370000064,9.55090618133545,9.787160873413086,test_kl,-0.23625469207763672
shapley-20260606T020537Z-8cdc8253,conditional,A,65,65,4.253206100001989,9.4026837348938,9.730067253112791,test_kl,-0.3273835182189906
shapley-20260606T020537Z-8cdc8253,conditional,A,66,66,4.311956600002304,9.755799770355225,9.43806219100952,test_kl,0.3177375793457049
shapley-20260606T020537Z-8cdc8253,conditional,A,67,67,4.373523000002024,9.296615600585938,9.173091411590576,test_kl,0.12352418899536133
shapley-20260606T020537Z-8cdc8253,conditional,A,68,68,4.43806620000214,9.093193531036375,9.152950763702393,test_kl,-0.0597572326660174
shapley-20260606T020537Z-8cdc8253,conditional,A,69,69,4.4990417000008165,9.142125129699709,9.636265754699709,test_kl,-0.494140625
shapley-20260606T020537Z-8cdc8253,conditional,A,70,70,4.55846830000155,8.935368061065674,9.299638748168944,test_kl,-0.3642706871032697
shapley-20260606T020537Z-8cdc8253,conditional,A,71,71,4.61800100000255,8.531031608581543,9.124521732330322,test_kl,-0.5934901237487793
shapley-20260606T020537Z-8cdc8253,conditional,A,72,72,4.679523100001461,8.1658034324646,8.914914608001709,test_kl,-0.7491111755371094
shapley-20260606T020537Z-8cdc8253,conditional,A,73,73,4.738340400001107,8.689388751983643,8.728294372558594,test_kl,-0.03890562057495117
shapley-20260606T020537Z-8cdc8253,conditional,A,74,74,4.8012231000011525,8.430822372436523,7.968330144882202,test_kl,0.4624922275543213
shapley-20260606T020537Z-8cdc8253,conditional,A,75,75,4.860482899999624,7.924499750137329,8.662322044372559,test_kl,-0.7378222942352295
shapley-20260606T020537Z-8cdc8253,conditional,A,76,76,4.922374599998875,8.269001007080078,8.84276533126831,test_kl,-0.5737643241882324
shapley-20260606T020537Z-8cdc8253,conditional,A,77,77,4.987076499999603,8.222763538360596,8.162994861602783,test_kl,0.0597686767578125
shapley-20260606T020537Z-8cdc8253,conditional,A,78,78,5.049573300000702,7.929992198944092,7.77020263671875,test_kl,0.1597895622253418
shapley-20260606T020537Z-8cdc8253,conditional,A,79,79,5.1115652000007685,8.346235752105713,8.19978141784668,test_kl,0.1464543342590332
shapley-20260606T020537Z-8cdc8253,conditional,A,80,80,5.174442199999248,7.927429437637329,8.103365421295166,test_kl,-0.17593598365783691
shapley-20260606T020537Z-8cdc8253,conditional,A,81,81,5.237015700000484,8.21263599395752,7.796481370925903,test_kl,0.4161546230316162
shapley-20260606T020537Z-8cdc8253,conditional,A,82,82,5.2955197999999655,7.48764705657959,7.976424932479858,test_kl,-0.48877787590026855
shapley-20260606T020537Z-8cdc8253,conditional,A,83,83,5.358217999999397,7.520672082901001,8.0086829662323,test_kl,-0.48801088333129883
shapley-20260606T020537Z-8cdc8253,conditional,A,84,84,5.418799899998703,7.552780866622925,7.35612154006958,test_kl,0.19665932655334473
shapley-20260606T020537Z-8cdc8253,conditional,A,85,85,5.480249000000185,7.534805297851562,7.171808481216431,test_kl,0.36299681663513095
shapley-20260606T020537Z-8cdc8253,conditional,A,86,86,5.542333599998528,7.333073139190674,7.5647292137146,test_kl,-0.23165607452392578
shapley-20260606T020537Z-8cdc8253,conditional,A,87,87,5.606556999997338,7.164929151535034,7.388510227203369,test_kl,-0.22358107566833496
shapley-20260606T020537Z-8cdc8253,conditional,A,88,88,5.668699099996957,7.094947099685669,7.05432391166687,test_kl,0.04062318801879883
shapley-20260606T020537Z-8cdc8253,conditional,A,89,89,5.732690999995612,7.350763559341431,7.302617073059082,test_kl,0.04814648628234863
shapley-20260606T020537Z-8cdc8253,conditional,A,90,90,5.801165499995477,7.335605382919311,7.325287342071533,test_kl,0.010318040847777432
shapley-20260606T020537Z-8cdc8253,conditional,A,91,91,5.8642281999946135,6.789267539978027,6.761029243469238,test_kl,0.028238296508789062
shapley-20260606T020537Z-8cdc8253,conditional,A,92,92,5.930653499994151,7.123467206954956,6.691951990127564,test_kl,0.4315152168273917
shapley-20260606T020537Z-8cdc8253,conditional,A,93,93,6.001649299994824,6.45455265045166,7.165156602859497,test_kl,-0.7106039524078369
shapley-20260606T020537Z-8cdc8253,conditional,A,94,94,6.0641279999945255,6.575049161911011,7.0935046672821045,test_kl,-0.5184555053710938
shapley-20260606T020537Z-8cdc8253,conditional,A,95,95,6.126209499994729,6.709818124771118,6.574246883392334,test_kl,0.13557124137878418
shapley-20260606T020537Z-8cdc8253,conditional,A,96,96,6.188507999993817,7.121927738189697,6.7922751903533936,test_kl,0.3296525478363037
shapley-20260606T020537Z-8cdc8253,conditional,A,97,97,6.253605999992942,6.006899356842041,6.727525949478149,test_kl,-0.7206265926361084
shapley-20260606T020537Z-8cdc8253,conditional,A,98,98,6.323076299993772,6.619261026382446,6.4776451587677,test_kl,0.1416158676147461
shapley-20260606T020537Z-8cdc8253,conditional,A,99,99,6.394758899992667,6.65882420539856,6.5033369064331055,test_kl,0.1554872989654541
shapley-20260606T020537Z-8cdc8253,conditional,A,100,100,6.461622899993017,6.497235298156738,6.564294815063477,test_kl,-0.06705951690673828
shapley-20260606T020537Z-8cdc8253,conditional,A,101,101,6.533085199993366,6.396157741546631,6.358482122421265,test_kl,0.03767561912536621
shapley-20260606T020537Z-8cdc8253,conditional,A,102,102,6.599807399992642,6.561663866043091,6.4872887134552,test_kl,0.07437515258789062
shapley-20260606T020537Z-8cdc8253,conditional,A,103,103,6.66715299999305,6.04043984413147,6.420913934707642,test_kl,-0.3804740905761719
shapley-20260606T020537Z-8cdc8253,conditional,A,104,104,6.73271269999168,6.500427722930908,5.8100903034210205,test_kl,0.6903374195098877
shapley-20260606T020537Z-8cdc8253,conditional,A,105,105,6.801478299990777,6.336112976074219,6.651869535446167,test_kl,-0.31575655937194824
shapley-20260606T020537Z-8cdc8253,conditional,A,106,106,6.867225199990571,5.97996997833252,5.835461854934692,test_kl,0.14450812339782804
shapley-20260606T020537Z-8cdc8253,conditional,A,107,107,6.929482599989569,5.935334205627441,5.7911036014556885,test_kl,0.14423060417175293
shapley-20260606T020537Z-8cdc8253,conditional,A,108,108,6.997401999989961,6.320099830627441,5.633600473403931,test_kl,0.6864993572235107
shapley-20260606T020537Z-8cdc8253,conditional,A,109,109,7.059738899990407,5.94005274772644,6.322854042053223,test_kl,-0.3828012943267822
shapley-20260606T020537Z-8cdc8253,conditional,A,110,110,7.123301599991464,6.004544019699097,5.789170026779175,test_kl,0.21537399291992188
shapley-20260606T020537Z-8cdc8253,conditional,A,111,111,7.187114399990605,6.171318054199219,5.707522630691528,test_kl,0.46379542350769043
shapley-20260606T020537Z-8cdc8253,conditional,A,112,112,7.254459799991309,5.593299388885498,5.493173837661743,test_kl,0.10012555122375488
shapley-20260606T020537Z-8cdc8253,conditional,A,113,113,7.3209477999917,6.012898683547974,5.9474310874938965,test_kl,0.06546759605407715
shapley-20260606T020537Z-8cdc8253,conditional,A,114,114,7.385163499991904,6.068920373916626,5.493160963058472,test_kl,0.5757594108581543
shapley-20260606T020537Z-8cdc8253,conditional,A,115,115,7.45363909999287,5.5278918743133545,5.570298671722412,test_kl,-0.04240679740905762
shapley-20260606T020537Z-8cdc8253,conditional,A,116,116,7.516936299991357,5.548557281494141,5.033451795578003,test_kl,0.5151054859161377
shapley-20260606T020537Z-8cdc8253,conditional,A,117,117,7.582362599991029,5.738462686538696,5.6920166015625,test_kl,0.04644608497619629
shapley-20260606T020537Z-8cdc8253,conditional,A,118,118,7.655606299991632,5.557481527328491,5.534317970275879,test_kl,0.023163557052612305
shapley-20260606T020537Z-8cdc8253,conditional,A,119,119,7.720759099991483,5.452067852020264,5.476332902908325,test_kl,-0.024265050888061523
shapley-20260606T020537Z-8cdc8253,conditional,A,120,120,7.7893132999925,5.577702760696411,5.561120271682739,test_kl,0.016582489013671875
shapley-20260606T020537Z-8cdc8253,conditional,A,121,121,7.852620999992723,4.997016429901123,5.107222080230713,test_kl,-0.11020565032958984
shapley-20260606T020537Z-8cdc8253,conditional,A,122,122,7.921612699992693,5.203721284866333,5.106379508972168,test_kl,0.09734177589416504
shapley-20260606T020537Z-8cdc8253,conditional,A,123,123,7.989307599993481,5.026728391647339,5.152873516082764,test_kl,-0.1261451244354248
shapley-20260606T020537Z-8cdc8253,conditional,A,124,124,8.056455299993104,5.463343381881714,5.024690628051758,test_kl,0.43865275382995605
shapley-20260606T020537Z-8cdc8253,conditional,A,125,125,8.12217609999243,4.571781396865845,4.994333267211914,test_kl,-0.42255187034606934
shapley-20260606T020537Z-8cdc8253,conditional,A,126,126,8.185919199991986,5.569227933883667,4.950949192047119,test_kl,0.6182787418365479
shapley-20260606T020537Z-8cdc8253,conditional,A,127,127,8.252661399990757,4.671199560165405,5.164499044418335,test_kl,-0.4932994842529297
shapley-20260606T020537Z-8cdc8253,conditional,A,128,128,8.317197199990915,5.264293670654297,4.956712007522583,test_kl,0.30758166313171387
shapley-20260606T020537Z-8cdc8253,conditional,A,129,129,8.385069799989651,4.830369472503662,4.825556039810181,test_kl,0.004813432693481445
shapley-20260606T020537Z-8cdc8253,conditional,A,130,130,8.450696499990954,5.039947271347046,5.227268934249878,test_kl,-0.18732166290283203
shapley-20260606T020537Z-8cdc8253,conditional,A,131,131,8.51669769999171,4.93292236328125,4.856704473495483,test_kl,0.0762178897857666
shapley-20260606T020537Z-8cdc8253,conditional,A,132,132,8.579240999990361,4.989361763000488,5.096383810043335,test_kl,-0.10702204704284668
shapley-20260606T020537Z-8cdc8253,conditional,A,133,133,8.649326699989615,4.985329866409302,5.150904655456543,test_kl,-0.1655747890472412
shapley-20260606T020537Z-8cdc8253,conditional,A,134,134,8.720502599988322,5.050926923751831,4.894811391830444,test_kl,0.15611553192138672
shapley-20260606T020537Z-8cdc8253,conditional,A,135,135,8.786709099988002,5.078245401382446,5.08834981918335,test_kl,-0.01010441780090332
shapley-20260606T020537Z-8cdc8253,conditional,A,136,136,8.854331699987597,4.802120208740234,4.897036790847778,test_kl,-0.09491658210754395
shapley-20260606T020537Z-8cdc8253,conditional,A,137,137,8.941100899988669,5.195168733596802,4.934485673904419,test_kl,0.2606830596923828
shapley-20260606T020537Z-8cdc8253,conditional,A,138,138,9.028394599989042,4.98077392578125,5.123973846435547,test_kl,-0.14319992065429688
shapley-20260606T020537Z-8cdc8253,conditional,A,139,139,9.118755399988004,4.857843637466431,4.944122791290283,test_kl,-0.08627915382385254
shapley-20260606T020537Z-8cdc8253,conditional,A,140,140,9.198142399987772,5.237449884414673,5.108746767044067,test_kl,0.12870311737060547
shapley-20260606T020537Z-8cdc8253,conditional,A,141,141,9.260663799987014,4.88776159286499,4.846080541610718,test_kl,0.04168105125427246
shapley-20260606T020537Z-8cdc8253,conditional,A,142,142,9.32718999998542,4.849024534225464,5.085688352584839,test_kl,-0.236663818359375
shapley-20260606T020537Z-8cdc8253,conditional,A,143,143,9.392682699986835,5.1003358364105225,5.128688097000122,test_kl,-0.02835226058959961
shapley-20260606T020537Z-8cdc8253,conditional,A,144,144,9.454403299987462,5.020782232284546,4.842346906661987,test_kl,0.1784353256225586
shapley-20260606T020537Z-8cdc8253,conditional,A,145,145,9.51694489998772,4.9495368003845215,4.950317621231079,test_kl,-0.0007808208465576172
shapley-20260606T020537Z-8cdc8253,conditional,A,146,146,9.578518099988289,5.075973987579346,5.044756889343262,test_kl,0.031217098236083984
shapley-20260606T020537Z-8cdc8253,conditional,A,147,147,9.641523699989191,5.1300249099731445,4.840514421463013,test_kl,0.28951048851013184
shapley-20260606T020537Z-8cdc8253,conditional,A,148,148,9.703383999989455,4.873750925064087,4.994282007217407,test_kl,-0.12053108215332031
shapley-20260606T020537Z-8cdc8253,conditional,A,149,149,9.766593399988778,4.854743003845215,5.082103729248047,test_kl,-0.22736072540283203
shapley-20260606T020537Z-8cdc8253,conditional,A,150,150,9.83083569998962,5.067296981811523,4.86827540397644,test_kl,0.199021577835083
shapley-20260606T020537Z-8cdc8253,conditional,A,151,151,9.899952699990536,5.065448522567749,4.928970336914063,test_kl,0.13647818565368564
shapley-20260606T020537Z-8cdc8253,conditional,A,152,152,9.965167799990011,4.952775478363037,5.019971609115601,test_kl,-0.06719613075256348
shapley-20260606T020537Z-8cdc8253,conditional,A,153,153,10.030319799989227,4.913845300674439,5.032080888748169,test_kl,-0.11823558807372958
shapley-20260606T020537Z-8cdc8253,conditional,A,154,154,10.096659999990152,5.178033113479614,4.936986684799194,test_kl,0.24104642868041992
shapley-20260606T020537Z-8cdc8253,conditional,A,155,155,10.16485209998973,5.084492206573486,5.123456716537476,test_kl,-0.03896450996398926
shapley-20260606T020537Z-8cdc8253,conditional,A,156,156,10.23073649998878,4.876210689544678,5.14178991317749,test_kl,-0.2655792236328125
shapley-20260606T020537Z-8cdc8253,conditional,A,157,157,10.298669499989046,4.884975910186768,5.096877813339233,test_kl,-0.21190190315246582
shapley-20260606T020537Z-8cdc8253,conditional,A,158,158,10.36590809998961,5.063624382019043,4.821850538253784,test_kl,0.2417738437652588
shapley-20260606T020537Z-8cdc8253,conditional,A,159,159,10.432315199988809,5.112137317657471,4.804076671600342,test_kl,0.3080606460571289
shapley-20260606T020537Z-8cdc8253,conditional,A,160,160,10.50302519998877,5.09016752243042,5.064402103424072,test_kl,0.025765419006347656
shapley-20260606T020537Z-8cdc8253,conditional,A,161,161,10.574510299989925,4.992461681365967,5.171991348266602,test_kl,-0.17952966690063477
shapley-20260606T020537Z-8cdc8253,conditional,A,162,162,10.647072499990829,4.895651578903198,5.094997882843018,test_kl,-0.19934630393981934
shapley-20260606T020537Z-8cdc8253,conditional,A,163,163,10.713605099990671,4.9281165599823,4.9522340297698975,test_kl,-0.024117469787597656
shapley-20260606T020537Z-8cdc8253,conditional,A,164,164,10.77838599999086,5.0167012214660645,4.969542503356934,test_kl,0.04715871810913086
shapley-20260606T020537Z-8cdc8253,conditional,A,165,165,10.84581499998967,5.049798488616943,4.985896348953247,test_kl,0.06390213966369629
shapley-20260606T020537Z-8cdc8253,conditional,A,166,166,10.911325899989606,4.964252471923828,5.029197692871094,test_kl,-0.06494522094726562
shapley-20260606T020537Z-8cdc8253,conditional,A,167,167,10.98631979998936,4.913407325744629,5.128858804702759,test_kl,-0.21545147895812988
shapley-20260606T020537Z-8cdc8253,conditional,A,168,168,11.059533199990256,4.936506986618042,5.00336503982544,test_kl,-0.06685805320739835
shapley-20260606T020537Z-8cdc8253,conditional,A,169,169,11.13101289999031,5.0002601146698,4.9049999713897705,test_kl,0.0952601432800293
shapley-20260606T020537Z-8cdc8253,conditional,A,170,170,11.203683099991396,5.004286527633667,4.886907815933228,test_kl,0.11737871170043856
shapley-20260606T020537Z-8cdc8253,conditional,A,171,171,11.269193599990103,5.030884981155396,5.001219749450684,test_kl,0.029665231704712802
shapley-20260606T020537Z-8cdc8253,conditional,A,172,172,11.334816599990518,5.032386541366577,5.106821060180664,test_kl,-0.07443451881408691
shapley-20260606T020537Z-8cdc8253,conditional,A,173,173,11.40642379999008,5.014064311981201,5.06851601600647,test_kl,-0.054451704025268555
shapley-20260606T020537Z-8cdc8253,conditional,A,174,174,11.473695499989844,5.04803204536438,4.984490871429443,test_kl,0.06354117393493652
shapley-20260606T020537Z-8cdc8253,conditional,A,175,175,11.538975099991148,5.026810169219971,4.918789863586426,test_kl,0.10802030563354492
shapley-20260606T020537Z-8cdc8253,conditional,A,176,176,11.604981299991778,5.00925087928772,4.8903419971466064,test_kl,0.11890888214111328
shapley-20260606T020537Z-8cdc8253,conditional,A,177,177,11.673112599990418,5.020116806030273,4.961925506591797,test_kl,0.05819129943847656
shapley-20260606T020537Z-8cdc8253,conditional,A,178,178,11.73612379999031,5.016413450241089,5.042557716369629,test_kl,-0.02614426612854004
shapley-20260606T020537Z-8cdc8253,conditional,A,179,179,11.801187199989728,4.978837013244629,5.069278240203857,test_kl,-0.09044122695922852
shapley-20260606T020537Z-8cdc8253,conditional,A,180,180,11.86696239999037,4.932044506072998,5.063876390457153,test_kl,-0.13183188438415527
shapley-20260606T020537Z-8cdc8253,conditional,A,181,181,11.934417899990876,4.949916839599609,5.024786949157715,test_kl,-0.07487010955810547
shapley-20260606T020537Z-8cdc8253,conditional,A,182,182,11.999485299991647,4.970695972442627,4.988343954086304,test_kl,-0.017647981643676758
shapley-20260606T020537Z-8cdc8253,conditional,A,183,183,12.070139999992534,4.970287799835205,4.99530816078186,test_kl,-0.025020360946655273
shapley-20260606T020537Z-8cdc8253,conditional,A,184,184,12.134931799993865,4.99249792098999,5.027798652648926,test_kl,-0.03530073165893555
shapley-20260606T020537Z-8cdc8253,conditional,A,185,185,12.199143599993477,5.01597261428833,5.02658224105835,test_kl,-0.010609626770019531
shapley-20260606T020537Z-8cdc8253,conditional,A,186,186,12.273871299992608,5.033377647399902,5.010626316070557,test_kl,0.022751331329345703
shapley-20260606T020537Z-8cdc8253,conditional,A,187,187,12.345617599992693,5.058686494827271,4.986027717590332,test_kl,0.07265877723693936
shapley-20260606T020537Z-8cdc8253,conditional,A,188,188,12.4148846999924,5.0666468143463135,4.981271743774414,test_kl,0.08537507057189941
shapley-20260606T020537Z-8cdc8253,conditional,A,189,189,12.477590699993016,5.063647985458374,5.005128383636475,test_kl,0.058519601821899414
shapley-20260606T020537Z-8cdc8253,conditional,A,190,190,12.543193499992412,5.047264337539673,5.017529487609863,test_kl,0.02973484992980957
shapley-20260606T020537Z-8cdc8253,conditional,A,191,191,12.60531789999368,5.031421422958374,5.011916160583496,test_kl,0.01950526237487793
shapley-20260606T020537Z-8cdc8253,conditional,A,192,192,12.671071299993857,5.0002760887146,5.003446340560913,test_kl,-0.0031702518463134766
shapley-20260606T020537Z-8cdc8253,conditional,A,193,193,12.74018499999329,4.986633539199829,4.994327545166016,test_kl,-0.0076940059661865234
shapley-20260606T020537Z-8cdc8253,conditional,A,194,194,12.803146099993684,4.977725028991699,4.985039710998535,test_kl,-0.0073146820068359375
shapley-20260606T020537Z-8cdc8253,conditional,A,195,195,12.86991649999436,4.979126214981079,4.971251487731934,test_kl,0.007874727249145508
shapley-20260606T020537Z-8cdc8253,conditional,A,196,196,12.93288699999357,4.9771246910095215,4.962225914001465,test_kl,0.01489877700805664
shapley-20260606T020537Z-8cdc8253,conditional,A,197,197,12.99579499999345,4.96965217590332,4.953638792037964,test_kl,0.016013383865356445
shapley-20260606T020537Z-8cdc8253,conditional,A,198,198,13.058554399995046,4.956988573074341,4.954744577407837,test_kl,0.0022439956665039062
shapley-20260606T020537Z-8cdc8253,conditional,A,199,199,13.122989999996207,4.958896160125732,4.961002588272095,test_kl,-0.0021064281463623047
