node_id,mask,coalition_size,c_value,mean,second_moment,variance,effective_count,effective_count_pre,blend_weight,probability,n_new,global_progress,epoch,cycle,sampling_phase,run_id,training_type,shapley_tactic
0,0,0,1.0,-1.3648221492767334,2.1090686321258545,0.2463291883468628,32.0,0.0,1.0,0.1736686080694198,32,0.0,49,0,1,shapley-20260606T014903Z-d1f42e93,shapley,baseline
1,10000,1,0.4000000059604645,-1.276930332183838,2.092254161834717,0.4617030620574951,32.0,0.0,1.0,0.0955576822161674,32,0.0,49,0,1,shapley-20260606T014903Z-d1f42e93,shapley,baseline
2,1000,1,0.4000000059604645,-0.4698737859725952,0.2591014504432678,0.0383200794458389,32.0,0.0,1.0,0.0282413512468338,32,0.0,49,0,1,shapley-20260606T014903Z-d1f42e93,shapley,baseline
3,11000,2,0.2000000029802322,-0.3399096727371216,0.1379819810390472,0.0224433988332748,32.0,0.0,1.0,0.0114238886162638,32,0.0,49,0,1,shapley-20260606T014903Z-d1f42e93,shapley,baseline
4,100,1,0.4000000059604645,-1.2979860305786133,1.9842082262039185,0.2994405031204223,32.0,0.0,1.0,0.0771501436829567,32,0.0,49,0,1,shapley-20260606T014903Z-d1f42e93,shapley,baseline
5,10100,2,0.2000000029802322,-1.1968331336975098,1.702851414680481,0.2704418897628784,32.0,0.0,1.0,0.0371844843029975,32,0.0,49,0,1,shapley-20260606T014903Z-d1f42e93,shapley,baseline
6,1100,2,0.2000000029802322,-0.3049886524677276,0.1162168532609939,0.0231987759470939,32.0,0.0,1.0,0.0115978550165891,32,0.0,49,0,1,shapley-20260606T014903Z-d1f42e93,shapley,baseline
7,11100,3,0.2000000029802322,-0.153227612376213,0.0419506728649139,0.0184719711542129,32.0,0.0,1.0,0.0104567529633641,32,0.0,49,0,1,shapley-20260606T014903Z-d1f42e93,shapley,baseline
8,10,1,0.4000000059604645,-1.237412452697754,1.6973271369934082,0.1661375761032104,32.0,0.0,1.0,0.0577217116951942,32,0.0,49,0,1,shapley-20260606T014903Z-d1f42e93,shapley,baseline
9,10010,2,0.2000000029802322,-1.2129123210906982,1.6517856121063232,0.1806293725967407,32.0,0.0,1.0,0.0305719263851642,32,0.0,49,0,1,shapley-20260606T014903Z-d1f42e93,shapley,baseline
10,1010,2,0.2000000029802322,-0.307025134563446,0.1288231760263443,0.0345587432384491,32.0,0.0,1.0,0.0139349400997161,32,0.0,49,0,1,shapley-20260606T014903Z-d1f42e93,shapley,baseline
11,11010,3,0.2000000029802322,-0.2425503581762313,0.0728747472167015,0.0140440724790096,32.0,0.0,1.0,0.0092457849532365,32,0.0,49,0,1,shapley-20260606T014903Z-d1f42e93,shapley,baseline
12,110,2,0.2000000029802322,-1.0736992359161377,1.25116229057312,0.0983322858810424,32.0,0.0,1.0,0.0228189341723918,32,0.0,49,0,1,shapley-20260606T014903Z-d1f42e93,shapley,baseline
13,10110,3,0.2000000029802322,-0.9110827445983888,0.949083685874939,0.1190119385719299,32.0,0.0,1.0,0.0250038392841815,32,0.0,49,0,1,shapley-20260606T014903Z-d1f42e93,shapley,baseline
14,1110,3,0.2000000029802322,-0.1456252485513687,0.0373667925596237,0.0161600802093744,32.0,0.0,1.0,0.0098451906815171,32,0.0,49,0,1,shapley-20260606T014903Z-d1f42e93,shapley,baseline
15,11110,4,0.4000000059604645,-0.0297755226492881,0.0051683895289897,0.0042818076908588,32.0,0.0,1.0,0.0101060280576348,32,0.0,49,0,1,shapley-20260606T014903Z-d1f42e93,shapley,baseline
16,1,1,0.4000000059604645,-1.3057739734649658,1.921199083328247,0.2161533832550048,32.0,0.0,1.0,0.0656988322734832,32,0.0,49,0,1,shapley-20260606T014903Z-d1f42e93,shapley,baseline
17,10001,2,0.2000000029802322,-1.244006872177124,1.7993066310882568,0.251753568649292,32.0,0.0,1.0,0.0359118804335594,32,0.0,49,0,1,shapley-20260606T014903Z-d1f42e93,shapley,baseline
18,1001,2,0.2000000029802322,-0.3699532747268677,0.1496138870716095,0.0127484649419784,32.0,0.0,1.0,0.0088562341406941,32,0.0,49,0,1,shapley-20260606T014903Z-d1f42e93,shapley,baseline
19,11001,3,0.2000000029802322,-0.2708743512630462,0.0867356061935424,0.0133626908063888,32.0,0.0,1.0,0.0090432651340961,32,0.0,49,0,1,shapley-20260606T014903Z-d1f42e93,shapley,baseline
20,101,2,0.2000000029802322,-1.063720941543579,1.3931784629821775,0.2616761922836303,32.0,0.0,1.0,0.0365932397544384,32,0.0,49,0,1,shapley-20260606T014903Z-d1f42e93,shapley,baseline
21,10101,3,0.2000000029802322,-1.0714725255966189,1.4327898025512695,0.2847363948822021,32.0,0.0,1.0,0.0381284579634666,32,0.0,49,0,1,shapley-20260606T014903Z-d1f42e93,shapley,baseline
22,1101,3,0.2000000029802322,-0.206316277384758,0.0565699264407157,0.0140035189688205,32.0,0.0,1.0,0.0092338705435395,32,0.0,49,0,1,shapley-20260606T014903Z-d1f42e93,shapley,baseline
23,11101,4,0.4000000059604645,-0.0946087837219238,0.0160613320767879,0.0071105100214481,32.0,0.0,1.0,0.0127345323562622,32,0.0,49,0,1,shapley-20260606T014903Z-d1f42e93,shapley,baseline
24,11,2,0.2000000029802322,-1.2025439739227295,1.547942280769348,0.101830244064331,32.0,0.0,1.0,0.0232036225497722,32,0.0,49,0,1,shapley-20260606T014903Z-d1f42e93,shapley,baseline
25,10011,3,0.2000000029802322,-0.9999418258666992,1.152817964553833,0.1529343128204345,32.0,0.0,1.0,0.0282105859369039,32,0.0,49,0,1,shapley-20260606T014903Z-d1f42e93,shapley,baseline
26,1011,3,0.2000000029802322,-0.254529595375061,0.0732361823320388,0.0084508657455444,32.0,0.0,1.0,0.007396406494081,32,0.0,49,0,1,shapley-20260606T014903Z-d1f42e93,shapley,baseline
27,11011,4,0.4000000059604645,-0.1700659692287445,0.0317117348313331,0.0027893017977476,32.0,0.0,1.0,0.008349590934813,32,0.0,49,0,1,shapley-20260606T014903Z-d1f42e93,shapley,baseline
28,111,3,0.2000000029802322,-0.8892492055892944,0.9295708537101746,0.1388067007064819,32.0,0.0,1.0,0.0269233230501413,32,0.0,49,0,1,shapley-20260606T014903Z-d1f42e93,shapley,baseline
29,10111,4,0.4000000059604645,-0.8420620560646057,0.8629297614097595,0.1538612842559814,32.0,0.0,1.0,0.055585853755474,32,0.0,49,0,1,shapley-20260606T014903Z-d1f42e93,shapley,baseline
30,1111,4,0.4000000059604645,-0.0557683780789375,0.0060936440713703,0.002983532147482,32.0,0.0,1.0,0.0086011756211519,32,0.0,49,0,1,shapley-20260606T014903Z-d1f42e93,shapley,baseline
31,11111,5,1.0,0.0,0.0,0.0,32.0,0.0,1.0,0.0010000000474974,32,0.0,49,0,1,shapley-20260606T014903Z-d1f42e93,shapley,baseline
0,0,0,1.0,-1.5273089408874512,2.80234432220459,0.4696717262268066,256.0,31.7531795501709,0.929083287715912,0.2092228680849075,416,0.0077131409844037,69,1,2,shapley-20260606T014903Z-d1f42e93,shapley,baseline
1,10000,1,0.4000000059604645,-1.3441888093948364,2.1920652389526367,0.3852217197418213,127.75318145751952,31.7531795501709,0.7514489889144897,0.0764304399490356,96,0.0077131409844037,69,1,2,shapley-20260606T014903Z-d1f42e93,shapley,baseline
2,1000,1,0.4000000059604645,-0.4905021488666534,0.2907917201519012,0.0501993596553802,95.75318145751952,31.7531795501709,0.6683850884437561,0.0282295402139425,64,0.0077131409844037,69,1,2,shapley-20260606T014903Z-d1f42e93,shapley,baseline
3,11000,2,0.2000000029802322,-0.3557787537574768,0.1558188796043396,0.0292403548955917,63.75318145751953,31.7531795501709,0.5019357204437256,0.0113908844068646,32,0.0077131409844037,69,1,2,shapley-20260606T014903Z-d1f42e93,shapley,baseline
4,100,1,0.4000000059604645,-1.245381236076355,1.827059030532837,0.2760846614837646,191.753173828125,31.7531795501709,0.8344059586524963,0.0648575648665428,160,0.0077131409844037,69,1,2,shapley-20260606T014903Z-d1f42e93,shapley,baseline
5,10100,2,0.2000000029802322,-1.187732458114624,1.6603062152862549,0.2495977878570556,63.75318145751953,31.7531795501709,0.5019357204437256,0.0313585884869098,32,0.0077131409844037,69,1,2,shapley-20260606T014903Z-d1f42e93,shapley,baseline
6,1100,2,0.2000000029802322,-0.2536755204200744,0.0903555154800415,0.026004247367382,63.75318145751953,31.7531795501709,0.5019357204437256,0.0107990372925996,32,0.0077131409844037,69,1,2,shapley-20260606T014903Z-d1f42e93,shapley,baseline
7,11100,3,0.2000000029802322,-0.1625885367393493,0.0436827167868614,0.0172476842999458,63.75318145751953,31.7531795501709,0.5019357204437256,0.00898043718189,32,0.0077131409844037,69,1,2,shapley-20260606T014903Z-d1f42e93,shapley,baseline
8,10,1,0.4000000059604645,-1.2737599611282349,1.888020634651184,0.2655562162399292,63.75318145751953,31.7531795501709,0.5019357204437256,0.0636281371116638,32,0.0077131409844037,69,1,2,shapley-20260606T014903Z-d1f42e93,shapley,baseline
9,10010,2,0.2000000029802322,-1.3370261192321775,2.092005491256714,0.3043665885925293,127.75318145751952,31.7531795501709,0.7514489889144897,0.0345242992043495,96,0.0077131409844037,69,1,2,shapley-20260606T014903Z-d1f42e93,shapley,baseline
10,1010,2,0.2000000029802322,-0.307025134563446,0.1288231760263443,0.0345587432384491,32.0,0.0,1.0,0.0122964037582278,0,0.0077131409844037,69,1,2,shapley-20260606T014903Z-d1f42e93,shapley,baseline
11,11010,3,0.2000000029802322,-0.2425503581762313,0.0728747472167015,0.0140440724790096,32.0,0.0,1.0,0.0082012480124831,0,0.0077131409844037,69,1,2,shapley-20260606T014903Z-d1f42e93,shapley,baseline
12,110,2,0.2000000029802322,-1.0768721103668213,1.3247296810150146,0.1650761365890503,63.75318145751953,31.7531795501709,0.5019357204437256,0.0256889928132295,32,0.0077131409844037,69,1,2,shapley-20260606T014903Z-d1f42e93,shapley,baseline
13,10110,3,0.2000000029802322,-0.9564527869224548,1.097400188446045,0.1825982332229614,95.75318145751952,31.7531795501709,0.6683850884437561,0.026966268196702,64,0.0077131409844037,69,1,2,shapley-20260606T014903Z-d1f42e93,shapley,baseline
14,1110,3,0.2000000029802322,-0.1201462000608444,0.0332026071846485,0.0187674984335899,95.75318145751952,31.7531795501709,0.6683850884437561,0.0093246204778552,64,0.0077131409844037,69,1,2,shapley-20260606T014903Z-d1f42e93,shapley,baseline
15,11110,4,0.4000000059604645,-0.0297755226492881,0.0051683895289897,0.0042818076908588,32.0,0.0,1.0,0.0089525198563933,0,0.0077131409844037,69,1,2,shapley-20260606T014903Z-d1f42e93,shapley,baseline
16,1,1,0.4000000059604645,-1.3924081325531006,2.217888832092285,0.2790883779525757,63.75318145751953,31.7531795501709,0.5019357204437256,0.0652040094137191,32,0.0077131409844037,69,1,2,shapley-20260606T014903Z-d1f42e93,shapley,baseline
17,10001,2,0.2000000029802322,-1.2314423322677612,1.888993263244629,0.3725430965423584,127.75318145751952,31.7531795501709,0.7514489889144897,0.0380893722176551,96,0.0077131409844037,69,1,2,shapley-20260606T014903Z-d1f42e93,shapley,baseline
18,1001,2,0.2000000029802322,-0.3699532747268677,0.1496138870716095,0.0127484649419784,32.0,0.0,1.0,0.0078610433265566,0,0.0077131409844037,69,1,2,shapley-20260606T014903Z-d1f42e93,shapley,baseline
19,11001,3,0.2000000029802322,-0.2708743512630462,0.0867356061935424,0.0133626908063888,32.0,0.0,1.0,0.0080243833363056,0,0.0077131409844037,69,1,2,shapley-20260606T014903Z-d1f42e93,shapley,baseline
20,101,2,0.2000000029802322,-1.1506117582321167,1.6010332107543943,0.2771258354187011,63.75318145751953,31.7531795501709,0.5019357204437256,0.032988928258419,32,0.0077131409844037,69,1,2,shapley-20260606T014903Z-d1f42e93,shapley,baseline
21,10101,3,0.2000000029802322,-1.0714725255966189,1.4327898025512695,0.2847363948822021,32.0,0.0,1.0,0.0334252007305622,0,0.0077131409844037,69,1,2,shapley-20260606T014903Z-d1f42e93,shapley,baseline
22,1101,3,0.2000000029802322,-0.206316277384758,0.0565699264407157,0.0140035189688205,32.0,0.0,1.0,0.0081908423453569,0,0.0077131409844037,69,1,2,shapley-20260606T014903Z-d1f42e93,shapley,baseline
23,11101,4,0.4000000059604645,-0.1031418815255165,0.0194571744650602,0.0088189262896776,63.75318145751953,31.7531795501709,0.5019357204437256,0.0124129801988601,32,0.0077131409844037,69,1,2,shapley-20260606T014903Z-d1f42e93,shapley,baseline
24,11,2,0.2000000029802322,-1.2401609420776367,1.732839822769165,0.194840669631958,95.75318145751952,31.7531795501709,0.6683850884437561,0.0278226099908351,64,0.0077131409844037,69,1,2,shapley-20260606T014903Z-d1f42e93,shapley,baseline
25,10011,3,0.2000000029802322,-1.105133056640625,1.4851243495941162,0.2638052701950073,127.75318145751952,31.7531795501709,0.7514489889144897,0.0322106592357158,96,0.0077131409844037,69,1,2,shapley-20260606T014903Z-d1f42e93,shapley,baseline
26,1011,3,0.2000000029802322,-0.254529595375061,0.0732361823320388,0.0084508657455444,32.0,0.0,1.0,0.006586140487343,0,0.0077131409844037,69,1,2,shapley-20260606T014903Z-d1f42e93,shapley,baseline
27,11011,4,0.4000000059604645,-0.1700659692287445,0.0317117348313331,0.0027893017977476,32.0,0.0,1.0,0.00741858035326,0,0.0077131409844037,69,1,2,shapley-20260606T014903Z-d1f42e93,shapley,baseline
28,111,3,0.2000000029802322,-0.9353585243225098,1.0791844129562378,0.2042888402938842,95.75318145751952,31.7531795501709,0.6683850884437561,0.0284652505069971,64,0.0077131409844037,69,1,2,shapley-20260606T014903Z-d1f42e93,shapley,baseline
29,10111,4,0.4000000059604645,-0.8777536153793335,0.9452402591705322,0.1747888326644897,63.75318145751953,31.7531795501709,0.5019357204437256,0.0518098659813404,32,0.0077131409844037,69,1,2,shapley-20260606T014903Z-d1f42e93,shapley,baseline
30,1111,4,0.4000000059604645,-0.0557683780789375,0.0060936440713703,0.002983532147482,32.0,0.0,1.0,0.0076382956467568,0,0.0077131409844037,69,1,2,shapley-20260606T014903Z-d1f42e93,shapley,baseline
31,11111,5,1.0,0.0,0.0,0.0,32.0,0.0,1.0,0.0010000000474974,0,0.0077131409844037,69,1,2,shapley-20260606T014903Z-d1f42e93,shapley,baseline
0,0,0,1.0,-1.600961208343506,3.1017110347747803,0.5386343002319336,256.0,256.0,0.529411792755127,0.2041685581207275,288,0.0,89,2,3,shapley-20260606T014903Z-d1f42e93,shapley,baseline
1,10000,1,0.4000000059604645,-1.4694305658340454,2.655384063720703,0.4961578845977783,256.0,127.75318145751952,0.667095422744751,0.0789972692728042,256,0.0,89,2,3,shapley-20260606T014903Z-d1f42e93,shapley,baseline
2,1000,1,0.4000000059604645,-0.4988052248954773,0.3032297492027282,0.0544230937957763,127.75318145751952,95.75318145751952,0.2504830062389374,0.0268321800976991,32,0.0,89,2,3,shapley-20260606T014903Z-d1f42e93,shapley,baseline
3,11000,2,0.2000000029802322,-0.3557787537574768,0.1558188796043396,0.0292403548955917,63.75318145751953,31.7531795501709,0.5019357204437256,0.0104674007743597,0,0.0,89,2,3,shapley-20260606T014903Z-d1f42e93,shapley,baseline
4,100,1,0.4000000059604645,-1.245381236076355,1.827059030532837,0.2760846614837646,191.753173828125,31.7531795501709,0.8344059586524963,0.0591822564601898,0,0.0,89,2,3,shapley-20260606T014903Z-d1f42e93,shapley,baseline
5,10100,2,0.2000000029802322,-1.1906195878982544,1.7953479290008545,0.3777729272842407,159.753173828125,63.75318145751953,0.6009269952774048,0.0350294448435306,96,0.0,89,2,3,shapley-20260606T014903Z-d1f42e93,shapley,baseline
6,1100,2,0.2000000029802322,-0.2389661222696304,0.0901439487934112,0.033039141446352,95.75318145751952,63.75318145751953,0.334192544221878,0.0110636111348867,32,0.0,89,2,3,shapley-20260606T014903Z-d1f42e93,shapley,baseline
7,11100,3,0.2000000029802322,-0.1625885367393493,0.0436827167868614,0.0172476842999458,63.75318145751953,31.7531795501709,0.5019357204437256,0.0082711791619658,0,0.0,89,2,3,shapley-20260606T014903Z-d1f42e93,shapley,baseline
8,10,1,0.4000000059604645,-1.426743745803833,2.4922008514404297,0.4566030502319336,191.753173828125,63.75318145751953,0.6675247550010681,0.0758236423134803,128,0.0,89,2,3,shapley-20260606T014903Z-d1f42e93,shapley,baseline
9,10010,2,0.2000000029802322,-1.3495317697525024,2.14725923538208,0.3260232210159302,159.753173828125,127.75318145751952,0.2003089934587478,0.032612856477499,32,0.0,89,2,3,shapley-20260606T014903Z-d1f42e93,shapley,baseline
10,1010,2,0.2000000029802322,-0.307025134563446,0.1288231760263443,0.0345587432384491,32.0,0.0,1.0,0.0112924426794052,0,0.0,89,2,3,shapley-20260606T014903Z-d1f42e93,shapley,baseline
11,11010,3,0.2000000029802322,-0.2265601456165313,0.0665108487010002,0.0151813477277755,64.0,32.0,0.5,0.0078217312693595,32,0.0,89,2,3,shapley-20260606T014903Z-d1f42e93,shapley,baseline
12,110,2,0.2000000029802322,-1.1303317546844482,1.5030596256256104,0.2254097461700439,127.75318145751952,63.75318145751953,0.5009660124778748,0.0272860806435346,64,0.0,89,2,3,shapley-20260606T014903Z-d1f42e93,shapley,baseline
13,10110,3,0.2000000029802322,-0.9549580216407776,1.0987615585327148,0.1868167519569397,127.75318145751952,95.75318145751952,0.2504830062389374,0.0249302592128515,32,0.0,89,2,3,shapley-20260606T014903Z-d1f42e93,shapley,baseline
14,1110,3,0.2000000029802322,-0.1201462000608444,0.0332026071846485,0.0187674984335899,95.75318145751952,31.7531795501709,0.6683850884437561,0.0085847740992903,0,0.0,89,2,3,shapley-20260606T014903Z-d1f42e93,shapley,baseline
15,11110,4,0.4000000059604645,-0.0297755226492881,0.0051683895289897,0.0042818076908588,32.0,0.0,1.0,0.008245744742453,0,0.0,89,2,3,shapley-20260606T014903Z-d1f42e93,shapley,baseline
16,1,1,0.4000000059604645,-1.4194694757461548,2.431581497192383,0.4166879653930664,159.753173828125,63.75318145751953,0.6009269952774048,0.0724784210324287,96,0.0,89,2,3,shapley-20260606T014903Z-d1f42e93,shapley,baseline
17,10001,2,0.2000000029802322,-1.3304532766342163,2.277154922485352,0.5070489645004272,256.0,127.75318145751952,0.5560320615768433,0.0404243320226669,160,0.0,89,2,3,shapley-20260606T014903Z-d1f42e93,shapley,baseline
18,1001,2,0.2000000029802322,-0.3699532747268677,0.1496138870716095,0.0127484649419784,32.0,0.0,1.0,0.0072512729093432,0,0.0,89,2,3,shapley-20260606T014903Z-d1f42e93,shapley,baseline
19,11001,3,0.2000000029802322,-0.2708743512630462,0.0867356061935424,0.0133626908063888,32.0,0.0,1.0,0.007400095462799,0,0.0,89,2,3,shapley-20260606T014903Z-d1f42e93,shapley,baseline
20,101,2,0.2000000029802322,-1.1603355407714844,1.680129051208496,0.3337504863739013,127.75318145751952,63.75318145751953,0.5009660124778748,0.0329852998256683,64,0.0,89,2,3,shapley-20260606T014903Z-d1f42e93,shapley,baseline
21,10101,3,0.2000000029802322,-1.0714725255966189,1.4327898025512695,0.2847363948822021,32.0,0.0,1.0,0.0305434316396713,0,0.0,89,2,3,shapley-20260606T014903Z-d1f42e93,shapley,baseline
22,1101,3,0.2000000029802322,-0.206316277384758,0.0565699264407157,0.0140035189688205,32.0,0.0,1.0,0.0075517613440752,0,0.0,89,2,3,shapley-20260606T014903Z-d1f42e93,shapley,baseline
23,11101,4,0.4000000059604645,-0.0940936803817749,0.0167589765042066,0.0079053556546568,95.75318145751952,63.75318145751953,0.334192544221878,0.0108453277498483,32,0.0,89,2,3,shapley-20260606T014903Z-d1f42e93,shapley,baseline
24,11,2,0.2000000029802322,-1.2684295177459717,1.8701283931732176,0.2612149715423584,159.753173828125,95.75318145751952,0.4006179869174957,0.0292968768626451,64,0.0,89,2,3,shapley-20260606T014903Z-d1f42e93,shapley,baseline
25,10011,3,0.2000000029802322,-1.169218897819519,1.708300232887268,0.3412274122238159,191.753173828125,127.75318145751952,0.333762377500534,0.0333415940403938,64,0.0,89,2,3,shapley-20260606T014903Z-d1f42e93,shapley,baseline
26,1011,3,0.2000000029802322,-0.254529595375061,0.0732361823320388,0.0084508657455444,32.0,0.0,1.0,0.0060896757058799,0,0.0,89,2,3,shapley-20260606T014903Z-d1f42e93,shapley,baseline
27,11011,4,0.4000000059604645,-0.1651818752288818,0.0320039168000221,0.0047188643366098,64.0,32.0,0.5,0.0086065577343106,32,0.0,89,2,3,shapley-20260606T014903Z-d1f42e93,shapley,baseline
28,111,3,0.2000000029802322,-0.9661380052566528,1.1459174156188965,0.2124947905540466,159.753173828125,95.75318145751952,0.4006179869174957,0.0265219341963529,64,0.0,89,2,3,shapley-20260606T014903Z-d1f42e93,shapley,baseline
29,10111,4,0.4000000059604645,-0.8783932328224182,0.951777160167694,0.1802024841308593,95.75318145751952,63.75318145751953,0.334192544221878,0.0480056256055831,32,0.0,89,2,3,shapley-20260606T014903Z-d1f42e93,shapley,baseline
30,1111,4,0.4000000059604645,-0.0557683780789375,0.0060936440713703,0.002983532147482,32.0,0.0,1.0,0.0070483209565281,0,0.0,89,2,3,shapley-20260606T014903Z-d1f42e93,shapley,baseline
31,11111,5,1.0,0.0,0.0,0.0,32.0,0.0,1.0,0.0010000000474974,0,0.0,89,2,3,shapley-20260606T014903Z-d1f42e93,shapley,baseline
0,0,0,1.0,-1.7700488567352295,4.010526180267334,0.8774533271789551,256.0,256.0,0.6666666865348816,0.2276001125574112,512,0.0,109,3,4,shapley-20260606T014903Z-d1f42e93,shapley,baseline
1,10000,1,0.4000000059604645,-1.5030605792999268,2.8055648803710938,0.5463738441467285,256.0,256.0,0.1111111119389534,0.0725242123007774,32,0.0,109,3,4,shapley-20260606T014903Z-d1f42e93,shapley,baseline
2,1000,1,0.4000000059604645,-0.4760962128639221,0.2801127135753631,0.0534451156854629,159.753173828125,127.75318145751952,0.2003089934587478,0.023369800299406,32,0.0,109,3,4,shapley-20260606T014903Z-d1f42e93,shapley,baseline
3,11000,2,0.2000000029802322,-0.3265591263771057,0.1346013098955154,0.0279604494571685,127.75318145751952,63.75318145751953,0.5009660124778748,0.0090900314971804,64,0.0,109,3,4,shapley-20260606T014903Z-d1f42e93,shapley,baseline
4,100,1,0.4000000059604645,-1.3142216205596924,2.076436281204224,0.3492578268051147,255.753173828125,191.753173828125,0.2502412796020508,0.058184877038002,64,0.0,109,3,4,shapley-20260606T014903Z-d1f42e93,shapley,baseline
5,10100,2,0.2000000029802322,-1.1906195878982544,1.7953479290008545,0.3777729272842407,159.753173828125,63.75318145751953,0.6009269952774048,0.0307367537170648,0,0.0,109,3,4,shapley-20260606T014903Z-d1f42e93,shapley,baseline
6,1100,2,0.2000000029802322,-0.2389661222696304,0.0901439487934112,0.033039141446352,95.75318145751952,63.75318145751953,0.334192544221878,0.0097941225394606,0,0.0,109,3,4,shapley-20260606T014903Z-d1f42e93,shapley,baseline
7,11100,3,0.2000000029802322,-0.1625885367393493,0.0436827167868614,0.0172476842999458,63.75318145751953,31.7531795501709,0.5019357204437256,0.0073539465665817,0,0.0,109,3,4,shapley-20260606T014903Z-d1f42e93,shapley,baseline
8,10,1,0.4000000059604645,-1.5633708238601685,3.0205297470092773,0.5764014720916748,256.0,191.753173828125,0.4548644125461578,0.0744633451104164,160,0.0,109,3,4,shapley-20260606T014903Z-d1f42e93,shapley,baseline
9,10010,2,0.2000000029802322,-1.4210041761398315,2.466464042663574,0.4472112655639648,191.753173828125,159.753173828125,0.1668812036514282,0.0333544835448265,32,0.0,109,3,4,shapley-20260606T014903Z-d1f42e93,shapley,baseline
10,1010,2,0.2000000029802322,-0.2636811435222626,0.0950579643249511,0.0255302190780639,64.0,32.0,0.5,0.0087304599583148,32,0.0,109,3,4,shapley-20260606T014903Z-d1f42e93,shapley,baseline
11,11010,3,0.2000000029802322,-0.2265601456165313,0.0665108487010002,0.0151813477277755,64.0,32.0,0.5,0.0069611947983503,0,0.0,109,3,4,shapley-20260606T014903Z-d1f42e93,shapley,baseline
12,110,2,0.2000000029802322,-1.1481125354766846,1.5776516199111938,0.2594891786575317,159.753173828125,127.75318145751952,0.2003089934587478,0.0256455037742853,32,0.0,109,3,4,shapley-20260606T014903Z-d1f42e93,shapley,baseline
13,10110,3,0.2000000029802322,-1.003042459487915,1.2572264671325684,0.2511322498321533,191.753173828125,127.75318145751952,0.333762377500534,0.025245402008295,64,0.0,109,3,4,shapley-20260606T014903Z-d1f42e93,shapley,baseline
14,1110,3,0.2000000029802322,-0.1201462000608444,0.0332026071846485,0.0187674984335899,95.75318145751952,31.7531795501709,0.6683850884437561,0.0076279826462268,0,0.0,109,3,4,shapley-20260606T014903Z-d1f42e93,shapley,baseline
15,11110,4,0.4000000059604645,-0.0297755226492881,0.0051683895289897,0.0042818076908588,32.0,0.0,1.0,0.0073317200876772,0,0.0,109,3,4,shapley-20260606T014903Z-d1f42e93,shapley,baseline
16,1,1,0.4000000059604645,-1.584326982498169,3.260169744491577,0.7500777244567871,256.0,159.753173828125,0.5003859400749207,0.0848033279180526,160,0.0,109,3,4,shapley-20260606T014903Z-d1f42e93,shapley,baseline
17,10001,2,0.2000000029802322,-1.4284873008728027,2.7192535400390625,0.6786775588989258,256.0,256.0,0.3846153914928436,0.0408574827015399,160,0.0,109,3,4,shapley-20260606T014903Z-d1f42e93,shapley,baseline
18,1001,2,0.2000000029802322,-0.3699532747268677,0.1496138870716095,0.0127484649419784,32.0,0.0,1.0,0.0064626969397068,0,0.0,109,3,4,shapley-20260606T014903Z-d1f42e93,shapley,baseline
19,11001,3,0.2000000029802322,-0.2544146180152893,0.0785048454999923,0.0137780457735061,64.0,32.0,0.5,0.0066790007986128,32,0.0,109,3,4,shapley-20260606T014903Z-d1f42e93,shapley,baseline
20,101,2,0.2000000029802322,-1.190297245979309,1.8676143884658811,0.4508068561553955,191.753173828125,127.75318145751952,0.333762377500534,0.0334842875599861,64,0.0,109,3,4,shapley-20260606T014903Z-d1f42e93,shapley,baseline
21,10101,3,0.2000000029802322,-1.1885936260223389,1.8588217496871948,0.4460669755935669,64.0,32.0,0.5,0.0333130657672882,32,0.0,109,3,4,shapley-20260606T014903Z-d1f42e93,shapley,baseline
22,1101,3,0.2000000029802322,-0.1681115329265594,0.0398315861821174,0.0115700978785753,64.0,32.0,0.5,0.006204112432897,32,0.0,109,3,4,shapley-20260606T014903Z-d1f42e93,shapley,baseline
23,11101,4,0.4000000059604645,-0.0940936803817749,0.0167589765042066,0.0079053556546568,95.75318145751952,63.75318145751953,0.334192544221878,0.0096033746376633,0,0.0,109,3,4,shapley-20260606T014903Z-d1f42e93,shapley,baseline
24,11,2,0.2000000029802322,-1.2553447484970093,1.8649054765701292,0.2890150547027588,191.753173828125,159.753173828125,0.1668812036514282,0.0270098820328712,32,0.0,109,3,4,shapley-20260606T014903Z-d1f42e93,shapley,baseline
25,10011,3,0.2000000029802322,-1.169218897819519,1.708300232887268,0.3412274122238159,191.753173828125,127.75318145751952,0.333762377500534,0.0292618181556463,0,0.0,109,3,4,shapley-20260606T014903Z-d1f42e93,shapley,baseline
26,1011,3,0.2000000029802322,-0.254529595375061,0.0732361823320388,0.0084508657455444,32.0,0.0,1.0,0.0054476312361657,0,0.0,109,3,4,shapley-20260606T014903Z-d1f42e93,shapley,baseline
27,11011,4,0.4000000059604645,-0.1651818752288818,0.0320039168000221,0.0047188643366098,64.0,32.0,0.5,0.0076470179483294,0,0.0,109,3,4,shapley-20260606T014903Z-d1f42e93,shapley,baseline
28,111,3,0.2000000029802322,-1.0213212966918943,1.2900711297988892,0.2469739913940429,191.753173828125,159.753173828125,0.1668812036514282,0.025043835863471,32,0.0,109,3,4,shapley-20260606T014903Z-d1f42e93,shapley,baseline
29,10111,4,0.4000000059604645,-0.9257696866989136,1.1019277572631836,0.2448782324790954,127.75318145751952,95.75318145751952,0.2504830062389374,0.0488832034170627,32,0.0,109,3,4,shapley-20260606T014903Z-d1f42e93,shapley,baseline
30,1111,4,0.4000000059604645,-0.0557683780789375,0.0060936440713703,0.002983532147482,32.0,0.0,1.0,0.0062853470444679,0,0.0,109,3,4,shapley-20260606T014903Z-d1f42e93,shapley,baseline
31,11111,5,1.0,0.0,0.0,0.0,32.0,0.0,1.0,0.0010000000474974,0,0.0,109,3,4,shapley-20260606T014903Z-d1f42e93,shapley,baseline
0,0,0,1.0,-1.897040605545044,4.826267719268799,1.2275047302246094,256.0,256.0,0.529411792755127,0.2391535490751266,288,0.0,129,4,5,shapley-20260606T014903Z-d1f42e93,shapley,baseline
1,10000,1,0.4000000059604645,-1.6255125999450684,3.47857666015625,0.8362853527069092,256.0,256.0,0.3846153914928436,0.0796289965510368,160,0.0,129,4,5,shapley-20260606T014903Z-d1f42e93,shapley,baseline
2,1000,1,0.4000000059604645,-0.4256852567195892,0.2360180765390396,0.0548101365566253,223.753173828125,159.753173828125,0.2860294580459595,0.0211296342313289,64,0.0,129,4,5,shapley-20260606T014903Z-d1f42e93,shapley,baseline
3,11000,2,0.2000000029802322,-0.310383528470993,0.1233656480908393,0.0270277112722396,159.753173828125,127.75318145751952,0.2003089934587478,0.008067731745541,32,0.0,129,4,5,shapley-20260606T014903Z-d1f42e93,shapley,baseline
4,100,1,0.4000000059604645,-1.3142216205596924,2.076436281204224,0.3492578268051147,255.753173828125,191.753173828125,0.2502412796020508,0.0518134348094463,0,0.0,129,4,5,shapley-20260606T014903Z-d1f42e93,shapley,baseline
5,10100,2,0.2000000029802322,-1.2194788455963137,1.9137990474700928,0.4266704320907593,191.753173828125,159.753173828125,0.1668812036514282,0.029081592336297,32,0.0,129,4,5,shapley-20260606T014903Z-d1f42e93,shapley,baseline
6,1100,2,0.2000000029802322,-0.2389661222696304,0.0901439487934112,0.033039141446352,95.75318145751952,63.75318145751953,0.334192544221878,0.0088142966851592,0,0.0,129,4,5,shapley-20260606T014903Z-d1f42e93,shapley,baseline
7,11100,3,0.2000000029802322,-0.1625885367393493,0.0436827167868614,0.0172476842999458,63.75318145751953,31.7531795501709,0.5019357204437256,0.0066460003145039,0,0.0,129,4,5,shapley-20260606T014903Z-d1f42e93,shapley,baseline
8,10,1,0.4000000059604645,-1.5804896354675293,3.114933967590332,0.6169865131378174,256.0,256.0,0.3846153914928436,0.0685372427105903,160,0.0,129,4,5,shapley-20260606T014903Z-d1f42e93,shapley,baseline
9,10010,2,0.2000000029802322,-1.46742045879364,2.82534408569336,0.6720213890075684,256.0,191.753173828125,0.400308758020401,0.0362425222992897,128,0.0,129,4,5,shapley-20260606T014903Z-d1f42e93,shapley,baseline
10,1010,2,0.2000000029802322,-0.2636811435222626,0.0950579643249511,0.0255302190780639,64.0,32.0,0.5,0.0078691458329558,0,0.0,129,4,5,shapley-20260606T014903Z-d1f42e93,shapley,baseline
11,11010,3,0.2000000029802322,-0.2265601456165313,0.0665108487010002,0.0151813477277755,64.0,32.0,0.5,0.0062970086000859,0,0.0,129,4,5,shapley-20260606T014903Z-d1f42e93,shapley,baseline
12,110,2,0.2000000029802322,-1.188654899597168,1.8206584453582764,0.4077579975128174,255.753173828125,159.753173828125,0.3753619194030761,0.0284521747380495,96,0.0,129,4,5,shapley-20260606T014903Z-d1f42e93,shapley,baseline
13,10110,3,0.2000000029802322,-1.003042459487915,1.2572264671325684,0.2511322498321533,191.753173828125,127.75318145751952,0.333762377500534,0.0225440207868814,0,0.0,129,4,5,shapley-20260606T014903Z-d1f42e93,shapley,baseline
14,1110,3,0.2000000029802322,-0.0988965630531311,0.026423055678606,0.0166425257921218,127.75318145751952,95.75318145751952,0.2504830062389374,0.0065460666082799,32,0.0,129,4,5,shapley-20260606T014903Z-d1f42e93,shapley,baseline
15,11110,4,0.4000000059604645,-0.0297755226492881,0.0051683895289897,0.0042818076908588,32.0,0.0,1.0,0.0066262502223253,0,0.0,129,4,5,shapley-20260606T014903Z-d1f42e93,shapley,baseline
16,1,1,0.4000000059604645,-1.6932799816131592,3.874354362487793,1.007157325744629,256.0,256.0,0.4285714328289032,0.0872887372970581,192,0.0,129,4,5,shapley-20260606T014903Z-d1f42e93,shapley,baseline
17,10001,2,0.2000000029802322,-1.4531201124191284,2.8548412322998047,0.7432832717895508,256.0,256.0,0.2727272808551788,0.0380640290677547,96,0.0,129,4,5,shapley-20260606T014903Z-d1f42e93,shapley,baseline
18,1001,2,0.2000000029802322,-0.3699532747268677,0.1496138870716095,0.0127484649419784,32.0,0.0,1.0,0.005854052491486,0,0.0,129,4,5,shapley-20260606T014903Z-d1f42e93,shapley,baseline
19,11001,3,0.2000000029802322,-0.2544146180152893,0.0785048454999923,0.0137780457735061,64.0,32.0,0.5,0.0060462560504674,0,0.0,129,4,5,shapley-20260606T014903Z-d1f42e93,shapley,baseline
20,101,2,0.2000000029802322,-1.2252601385116575,2.0290541648864746,0.5277917385101318,223.753173828125,191.753173828125,0.1430147290229797,0.0322325006127357,32,0.0,129,4,5,shapley-20260606T014903Z-d1f42e93,shapley,baseline
21,10101,3,0.2000000029802322,-1.2559893131256104,2.409984827041626,0.8324756622314453,128.0,64.0,0.5,0.0402248427271842,64,0.0,129,4,5,shapley-20260606T014903Z-d1f42e93,shapley,baseline
22,1101,3,0.2000000029802322,-0.1681115329265594,0.0398315861821174,0.0115700978785753,64.0,32.0,0.5,0.0056242789141833,0,0.0,129,4,5,shapley-20260606T014903Z-d1f42e93,shapley,baseline
23,11101,4,0.4000000059604645,-0.0940936803817749,0.0167589765042066,0.0079053556546568,95.75318145751952,63.75318145751953,0.334192544221878,0.008644800633192,0,0.0,129,4,5,shapley-20260606T014903Z-d1f42e93,shapley,baseline
24,11,2,0.2000000029802322,-1.3507883548736572,2.309779167175293,0.4851499795913696,256.0,191.753173828125,0.400308758020401,0.030944250524044,128,0.0,129,4,5,shapley-20260606T014903Z-d1f42e93,shapley,baseline
25,10011,3,0.2000000029802322,-1.253401279449463,2.1305665969848637,0.5595518350601196,256.0,191.753173828125,0.3336192667484283,0.0331584885716438,96,0.0,129,4,5,shapley-20260606T014903Z-d1f42e93,shapley,baseline
26,1011,3,0.2000000029802322,-0.254529595375061,0.0732361823320388,0.0084508657455444,32.0,0.0,1.0,0.0049520838074386,0,0.0,129,4,5,shapley-20260606T014903Z-d1f42e93,shapley,baseline
27,11011,4,0.4000000059604645,-0.1651818752288818,0.0320039168000221,0.0047188643366098,64.0,32.0,0.5,0.006906418595463,0,0.0,129,4,5,shapley-20260606T014903Z-d1f42e93,shapley,baseline
28,111,3,0.2000000029802322,-1.0213212966918943,1.2900711297988892,0.2469739913940429,191.753173828125,159.753173828125,0.1668812036514282,0.0223649106919765,0,0.0,129,4,5,shapley-20260606T014903Z-d1f42e93,shapley,baseline
29,10111,4,0.4000000059604645,-0.9257696866989136,1.1019277572631836,0.2448782324790954,127.75318145751952,95.75318145751952,0.2504830062389374,0.0435481369495391,0,0.0,129,4,5,shapley-20260606T014903Z-d1f42e93,shapley,baseline
30,1111,4,0.4000000059604645,-0.0557683780789375,0.0060936440713703,0.002983532147482,32.0,0.0,1.0,0.0056964620016515,0,0.0,129,4,5,shapley-20260606T014903Z-d1f42e93,shapley,baseline
31,11111,5,1.0,0.0,0.0,0.0,32.0,0.0,1.0,0.0010000000474974,0,0.0,129,4,5,shapley-20260606T014903Z-d1f42e93,shapley,baseline
0,0,0,1.0,-1.9828588962554927,5.31074333190918,1.379014015197754,256.0,247.74034118652344,0.6078446507453918,0.2368173599243164,384,0.0322642932672752,169,5,6,shapley-20260606T014903Z-d1f42e93,shapley,baseline
1,10000,1,0.4000000059604645,-1.7072136402130127,3.905712604522705,0.9911341667175292,256.0,247.74034118652344,0.2792805731296539,0.0809682682156562,96,0.0322642932672752,169,5,6,shapley-20260606T014903Z-d1f42e93,shapley,baseline
2,1000,1,0.4000000059604645,-0.4256852567195892,0.2360180765390396,0.0548101365566253,223.753173828125,159.753173828125,0.2860294580459595,0.0198053698986768,0,0.0322642932672752,169,5,6,shapley-20260606T014903Z-d1f42e93,shapley,baseline
3,11000,2,0.2000000029802322,-0.310383528470993,0.1233656480908393,0.0270277112722396,159.753173828125,127.75318145751952,0.2003089934587478,0.007602768484503,0,0.0322642932672752,169,5,6,shapley-20260606T014903Z-d1f42e93,shapley,baseline
4,100,1,0.4000000059604645,-1.3351128101348877,2.183074474334717,0.4005482196807861,256.0,247.50148010253903,0.2054564803838729,0.0518368743360042,64,0.0322642932672752,169,5,6,shapley-20260606T014903Z-d1f42e93,shapley,baseline
5,10100,2,0.2000000029802322,-1.2172808647155762,1.9201700687408447,0.4383974075317383,217.5663909912109,185.5663909912109,0.1470815390348434,0.0275922734290361,32,0.0322642932672752,169,5,6,shapley-20260606T014903Z-d1f42e93,shapley,baseline
6,1100,2,0.2000000029802322,-0.2164061665534973,0.0758089572191238,0.0289773270487785,124.6637725830078,92.6637725830078,0.2566904425621032,0.0078367637470364,32,0.0322642932672752,169,5,6,shapley-20260606T014903Z-d1f42e93,shapley,baseline
7,11100,3,0.2000000029802322,-0.1625885367393493,0.0436827167868614,0.0172476842999458,63.75318145751953,31.7531795501709,0.5019357204437256,0.006274567451328,0,0.0322642932672752,169,5,6,shapley-20260606T014903Z-d1f42e93,shapley,baseline
8,10,1,0.4000000059604645,-1.631434440612793,3.45981502532959,0.798236608505249,256.0,247.74034118652344,0.2792805731296539,0.0727657601237297,96,0.0322642932672752,169,5,6,shapley-20260606T014903Z-d1f42e93,shapley,baseline
9,10010,2,0.2000000029802322,-1.5507508516311646,3.222123384475708,0.8172950744628906,256.0,247.74034118652344,0.2792805731296539,0.0373087152838707,96,0.0322642932672752,169,5,6,shapley-20260606T014903Z-d1f42e93,shapley,baseline
10,1010,2,0.2000000029802322,-0.240659475326538,0.0835519954562187,0.0256350114941597,93.93508911132812,61.93508529663086,0.3406607806682586,0.0074304034933447,32,0.0322642932672752,169,5,6,shapley-20260606T014903Z-d1f42e93,shapley,baseline
11,11010,3,0.2000000029802322,-0.1979255527257919,0.0556238479912281,0.016449324786663,93.93508911132812,61.93508529663086,0.3406607806682586,0.006151046603918,32,0.0322642932672752,169,5,6,shapley-20260606T014903Z-d1f42e93,shapley,baseline
12,110,2,0.2000000029802322,-1.2026050090789795,1.889667272567749,0.4434084892272949,256.0,247.50148010253903,0.1144895553588867,0.0277438219636678,32,0.0322642932672752,169,5,6,shapley-20260606T014903Z-d1f42e93,shapley,baseline
13,10110,3,0.2000000029802322,-0.9965027570724488,1.2583423852920532,0.2653246521949768,217.5663909912109,185.5663909912109,0.1470815390348434,0.0216876063495874,32,0.0322642932672752,169,5,6,shapley-20260606T014903Z-d1f42e93,shapley,baseline
14,1110,3,0.2000000029802322,-0.0988965630531311,0.026423055678606,0.0166425257921218,127.75318145751952,95.75318145751952,0.2504830062389374,0.0061812084168195,0,0.0322642932672752,169,5,6,shapley-20260606T014903Z-d1f42e93,shapley,baseline
15,11110,4,0.4000000059604645,-0.0297755226492881,0.0051683895289897,0.0042818076908588,32.0,0.0,1.0,0.0062561170198023,0,0.0322642932672752,169,5,6,shapley-20260606T014903Z-d1f42e93,shapley,baseline
16,1,1,0.4000000059604645,-1.826298832893372,4.590435028076172,1.2550675868988037,256.0,247.74034118652344,0.3406607806682586,0.0909880846738815,128,0.0322642932672752,169,5,6,shapley-20260606T014903Z-d1f42e93,shapley,baseline
17,10001,2,0.2000000029802322,-1.4531201124191284,2.8548412322998047,0.7432832717895508,256.0,256.0,0.2727272808551788,0.0356257036328315,0,0.0322642932672752,169,5,6,shapley-20260606T014903Z-d1f42e93,shapley,baseline
18,1001,2,0.2000000029802322,-0.3699532747268677,0.1496138870716095,0.0127484649419784,32.0,0.0,1.0,0.0055347196757793,0,0.0322642932672752,169,5,6,shapley-20260606T014903Z-d1f42e93,shapley,baseline
19,11001,3,0.2000000029802322,-0.2544146180152893,0.0785048454999923,0.0137780457735061,64.0,32.0,0.5,0.0057142791338264,0,0.0322642932672752,169,5,6,shapley-20260606T014903Z-d1f42e93,shapley,baseline
20,101,2,0.2000000029802322,-1.2961348295211792,2.2628989219665527,0.5829334259033203,256.0,216.533935546875,0.3071666359901428,0.0316641516983509,96,0.0322642932672752,169,5,6,shapley-20260606T014903Z-d1f42e93,shapley,baseline
21,10101,3,0.2000000029802322,-1.2015436887741089,2.192876100540161,0.749168872833252,155.87017822265625,123.87017059326172,0.2052990645170211,0.0357625223696231,32,0.0322642932672752,169,5,6,shapley-20260606T014903Z-d1f42e93,shapley,baseline
22,1101,3,0.2000000029802322,-0.1520759463310241,0.0337537676095962,0.0106266736984252,93.93508911132812,61.93508529663086,0.3406607806682586,0.0051401886157691,32,0.0322642932672752,169,5,6,shapley-20260606T014903Z-d1f42e93,shapley,baseline
23,11101,4,0.4000000059604645,-0.0940936803817749,0.0167589765042066,0.0079053556546568,95.75318145751952,63.75318145751953,0.334192544221878,0.0081418734043836,0,0.0322642932672752,169,5,6,shapley-20260606T014903Z-d1f42e93,shapley,baseline
24,11,2,0.2000000029802322,-1.4179236888885498,2.5985376834869385,0.5880300998687744,256.0,247.74034118652344,0.1143917962908744,0.0317979119718074,32,0.0322642932672752,169,5,6,shapley-20260606T014903Z-d1f42e93,shapley,baseline
25,10011,3,0.2000000029802322,-1.3134078979492188,2.3551645278930664,0.6301242113113403,256.0,247.74034118652344,0.2052990645170211,0.0328811854124069,64,0.0322642932672752,169,5,6,shapley-20260606T014903Z-d1f42e93,shapley,baseline
26,1011,3,0.2000000029802322,-0.2228151857852935,0.0587231144309043,0.0090765058994293,62.96754455566406,30.96754264831543,0.5081983208656311,0.0048263156786561,32,0.0322642932672752,169,5,6,shapley-20260606T014903Z-d1f42e93,shapley,baseline
27,11011,4,0.4000000059604645,-0.1651818752288818,0.0320039168000221,0.0047188643366098,64.0,32.0,0.5,0.0065178535878658,0,0.0322642932672752,169,5,6,shapley-20260606T014903Z-d1f42e93,shapley,baseline
28,111,3,0.2000000029802322,-1.0598758459091189,1.485753059387207,0.3624162673950195,256.0,185.5663909912109,0.4630079865455627,0.0251782741397619,160,0.0322642932672752,169,5,6,shapley-20260606T014903Z-d1f42e93,shapley,baseline
29,10111,4,0.4000000059604645,-0.9904221892356871,1.3467166423797607,0.3657805323600769,219.63131713867188,123.63131713867188,0.4370961487293243,0.0495804697275161,96,0.0322642932672752,169,5,6,shapley-20260606T014903Z-d1f42e93,shapley,baseline
30,1111,4,0.4000000059604645,-0.0557683780789375,0.0060936440713703,0.002983532147482,32.0,0.0,1.0,0.0053874966688454,0,0.0322642932672752,169,5,6,shapley-20260606T014903Z-d1f42e93,shapley,baseline
31,11111,5,1.0,0.0,0.0,0.0,32.0,0.0,1.0,0.0010000000474974,0,0.0322642932672752,169,5,6,shapley-20260606T014903Z-d1f42e93,shapley,baseline
0,0,0,1.0,-1.6187433004379272,3.11366868019104,0.4933388233184814,32.0,0.0,1.0,0.1963226646184921,32,0.0,49,0,1,shapley-20260606T014928Z-194dad01,shapley,marginal
1,10000,1,0.4000000059604645,-1.4966325759887695,2.5405619144439697,0.3006527423858642,32.0,0.0,1.0,0.0619919523596763,32,0.0,49,0,1,shapley-20260606T014928Z-194dad01,shapley,marginal
2,1000,1,0.4000000059604645,-0.6597608327865601,0.5582636594772339,0.1229793131351471,32.0,0.0,1.0,0.0400082059204578,32,0.0,49,0,1,shapley-20260606T014928Z-194dad01,shapley,marginal
3,11000,2,0.2000000029802322,-0.5003732442855835,0.3021126389503479,0.0517392456531524,32.0,0.0,1.0,0.0136508587747812,32,0.0,49,0,1,shapley-20260606T014928Z-194dad01,shapley,marginal
4,100,1,0.4000000059604645,-1.412459373474121,2.3470282554626465,0.3519867658615112,32.0,0.0,1.0,0.0669938027858734,32,0.0,49,0,1,shapley-20260606T014928Z-194dad01,shapley,marginal
5,10100,2,0.2000000029802322,-1.333173394203186,2.0453033447265625,0.2679520845413208,32.0,0.0,1.0,0.0297897923737764,32,0.0,49,0,1,shapley-20260606T014928Z-194dad01,shapley,marginal
6,1100,2,0.2000000029802322,-0.5084207057952881,0.3810639381408691,0.1225723326206207,32.0,0.0,1.0,0.0204718057066202,32,0.0,49,0,1,shapley-20260606T014928Z-194dad01,shapley,marginal
7,11100,3,0.2000000029802322,-0.3279871344566345,0.1529711782932281,0.0453956201672554,32.0,0.0,1.0,0.0128499614074826,32,0.0,49,0,1,shapley-20260606T014928Z-194dad01,shapley,marginal
8,10,1,0.4000000059604645,-1.238618016242981,1.8693844079971316,0.335209846496582,32.0,0.0,1.0,0.0654018521308898,32,0.0,49,0,1,shapley-20260606T014928Z-194dad01,shapley,marginal
9,10010,2,0.2000000029802322,-1.2124545574188232,1.684473991394043,0.2144279479980468,32.0,0.0,1.0,0.0267543550580739,32,0.0,49,0,1,shapley-20260606T014928Z-194dad01,shapley,marginal
10,1010,2,0.2000000029802322,-0.5344134569168091,0.3761694431304931,0.0905717015266418,32.0,0.0,1.0,0.017738102003932,32,0.0,49,0,1,shapley-20260606T014928Z-194dad01,shapley,marginal
11,11010,3,0.2000000029802322,-0.3737912774085998,0.1773363351821899,0.037616416811943,32.0,0.0,1.0,0.011786950752139,32,0.0,49,0,1,shapley-20260606T014928Z-194dad01,shapley,marginal
12,110,2,0.2000000029802322,-1.1755456924438477,1.554718255996704,0.1728105545043945,32.0,0.0,1.0,0.0241203866899013,32,0.0,49,0,1,shapley-20260606T014928Z-194dad01,shapley,marginal
13,10110,3,0.2000000029802322,-1.082874774932861,1.3453885316848757,0.1727707386016845,32.0,0.0,1.0,0.0241177212446928,32,0.0,49,0,1,shapley-20260606T014928Z-194dad01,shapley,marginal
14,1110,3,0.2000000029802322,-0.179983913898468,0.0487067401409149,0.0163125321269035,32.0,0.0,1.0,0.0081034712493419,32,0.0,49,0,1,shapley-20260606T014928Z-194dad01,shapley,marginal
15,11110,4,0.4000000059604645,-0.1004177629947662,0.0252384096384048,0.0151546820998191,32.0,0.0,1.0,0.01469346601516,32,0.0,49,0,1,shapley-20260606T014928Z-194dad01,shapley,marginal
16,1,1,0.4000000059604645,-1.406763792037964,2.21006178855896,0.2310774326324463,32.0,0.0,1.0,0.0544710531830787,32,0.0,49,0,1,shapley-20260606T014928Z-194dad01,shapley,marginal
17,10001,2,0.2000000029802322,-1.369786500930786,2.3064754009246826,0.4301602840423584,32.0,0.0,1.0,0.0374775007367134,32,0.0,49,0,1,shapley-20260606T014928Z-194dad01,shapley,marginal
18,1001,2,0.2000000029802322,-0.6242749094963074,0.5026964545249939,0.1129772961139679,32.0,0.0,1.0,0.0196941439062356,32,0.0,49,0,1,shapley-20260606T014928Z-194dad01,shapley,marginal
19,11001,3,0.2000000029802322,-0.4352735877037048,0.2092954516410827,0.019832357764244,32.0,0.0,1.0,0.0088324416428804,32,0.0,49,0,1,shapley-20260606T014928Z-194dad01,shapley,marginal
20,101,2,0.2000000029802322,-1.2129361629486084,1.666067361831665,0.1948531866073608,32.0,0.0,1.0,0.0255506914108991,32,0.0,49,0,1,shapley-20260606T014928Z-194dad01,shapley,marginal
21,10101,3,0.2000000029802322,-1.2418608665466309,1.7460923194885254,0.203873872756958,32.0,0.0,1.0,0.0261125471442937,32,0.0,49,0,1,shapley-20260606T014928Z-194dad01,shapley,marginal
22,1101,3,0.2000000029802322,-0.3258616328239441,0.1495599746704101,0.0433741733431816,32.0,0.0,1.0,0.0125831207260489,32,0.0,49,0,1,shapley-20260606T014928Z-194dad01,shapley,marginal
23,11101,4,0.4000000059604645,-0.2022360563278198,0.0734480619430542,0.0325486399233341,32.0,0.0,1.0,0.0210681054741144,32,0.0,49,0,1,shapley-20260606T014928Z-194dad01,shapley,marginal
24,11,2,0.2000000029802322,-1.405747890472412,2.266251802444458,0.2901246547698974,32.0,0.0,1.0,0.0309572741389274,32,0.0,49,0,1,shapley-20260606T014928Z-194dad01,shapley,marginal
25,10011,3,0.2000000029802322,-1.3125439882278442,1.9717602729797363,0.2489885091781616,32.0,0.0,1.0,0.0287523418664932,32,0.0,49,0,1,shapley-20260606T014928Z-194dad01,shapley,marginal
26,1011,3,0.2000000029802322,-0.3833027482032776,0.1735435128211975,0.0266225188970565,32.0,0.0,1.0,0.0100747467949986,32,0.0,49,0,1,shapley-20260606T014928Z-194dad01,shapley,marginal
27,11011,4,0.4000000059604645,-0.2605750560760498,0.0791152194142341,0.0112158581614494,32.0,0.0,1.0,0.0127802966162562,32,0.0,49,0,1,shapley-20260606T014928Z-194dad01,shapley,marginal
28,111,3,0.2000000029802322,-0.9917453527450562,1.1380624771118164,0.1545036435127258,32.0,0.0,1.0,0.0228614676743745,32,0.0,49,0,1,shapley-20260606T014928Z-194dad01,shapley,marginal
29,10111,4,0.4000000059604645,-1.0453407764434814,1.213896632194519,0.1211593151092529,32.0,0.0,1.0,0.0397184826433658,32,0.0,49,0,1,shapley-20260606T014928Z-194dad01,shapley,marginal
30,1111,4,0.4000000059604645,-0.1230153366923332,0.0273012816905975,0.0121685089543461,32.0,0.0,1.0,0.0132703986018896,32,0.0,49,0,1,shapley-20260606T014928Z-194dad01,shapley,marginal
31,11111,5,1.0,0.0,0.0,0.0,32.0,0.0,1.0,0.0010000000474974,32,0.0,49,0,1,shapley-20260606T014928Z-194dad01,shapley,marginal
0,0,0,1.0,-1.6511199474334717,3.139167070388794,0.4129700660705566,256.0,32.0,0.9090909361839294,0.1781063377857208,320,0.0,69,1,2,shapley-20260606T014928Z-194dad01,shapley,marginal
1,10000,1,0.4000000059604645,-1.4898812770843506,2.4999301433563232,0.2801840305328369,128.0,32.0,0.75,0.0593520961701869,96,0.0,69,1,2,shapley-20260606T014928Z-194dad01,shapley,marginal
2,1000,1,0.4000000059604645,-0.6597608327865601,0.5582636594772339,0.1229793131351471,32.0,0.0,1.0,0.0396590195596218,0,0.0,69,1,2,shapley-20260606T014928Z-194dad01,shapley,marginal
3,11000,2,0.2000000029802322,-0.5687088370323181,0.4150848388671875,0.0916551053524017,96.0,32.0,0.6666666865348816,0.0176871865987777,64,0.0,69,1,2,shapley-20260606T014928Z-194dad01,shapley,marginal
4,100,1,0.4000000059604645,-1.3949925899505615,2.2399284839630127,0.2939242124557495,160.0,32.0,0.800000011920929,0.0607657618820667,128,0.0,69,1,2,shapley-20260606T014928Z-194dad01,shapley,marginal
5,10100,2,0.2000000029802322,-1.333173394203186,2.0453033447265625,0.2679520845413208,32.0,0.0,1.0,0.0295320767909288,0,0.0,69,1,2,shapley-20260606T014928Z-194dad01,shapley,marginal
6,1100,2,0.2000000029802322,-0.5084207057952881,0.3810639381408691,0.1225723326206207,32.0,0.0,1.0,0.0202975012362003,0,0.0,69,1,2,shapley-20260606T014928Z-194dad01,shapley,marginal
7,11100,3,0.2000000029802322,-0.3279871344566345,0.1529711782932281,0.0453956201672554,32.0,0.0,1.0,0.012743885628879,0,0.0,69,1,2,shapley-20260606T014928Z-194dad01,shapley,marginal
8,10,1,0.4000000059604645,-1.468083143234253,2.601820468902588,0.4465522766113281,192.0,32.0,0.8333333134651184,0.0746666640043258,160,0.0,69,1,2,shapley-20260606T014928Z-194dad01,shapley,marginal
9,10010,2,0.2000000029802322,-1.2124545574188232,1.684473991394043,0.2144279479980468,32.0,0.0,1.0,0.0265238117426633,0,0.0,69,1,2,shapley-20260606T014928Z-194dad01,shapley,marginal
10,1010,2,0.2000000029802322,-0.4939665794372558,0.3146898746490478,0.0706868916749954,64.0,32.0,0.5,0.0156546104699373,32,0.0,69,1,2,shapley-20260606T014928Z-194dad01,shapley,marginal
11,11010,3,0.2000000029802322,-0.3737912774085998,0.1773363351821899,0.037616416811943,32.0,0.0,1.0,0.0116903893649578,0,0.0,69,1,2,shapley-20260606T014928Z-194dad01,shapley,marginal
12,110,2,0.2000000029802322,-1.1515934467315674,1.5134811401367188,0.1873136758804321,64.0,32.0,0.5,0.0248555559664964,32,0.0,69,1,2,shapley-20260606T014928Z-194dad01,shapley,marginal
13,10110,3,0.2000000029802322,-1.1169986724853516,1.4382314682006836,0.1905454397201538,64.0,32.0,0.5,0.0250604711472988,32,0.0,69,1,2,shapley-20260606T014928Z-194dad01,shapley,marginal
14,1110,3,0.2000000029802322,-0.2283468544483184,0.0918216034770011,0.0396793186664581,64.0,32.0,0.5,0.011979610659182,32,0.0,69,1,2,shapley-20260606T014928Z-194dad01,shapley,marginal
15,11110,4,0.4000000059604645,-0.1113909631967544,0.033523254096508,0.021115306764841,96.0,32.0,0.6666666865348816,0.0170189309865236,64,0.0,69,1,2,shapley-20260606T014928Z-194dad01,shapley,marginal
16,1,1,0.4000000059604645,-1.4210090637207031,2.267164468765259,0.2478976249694824,64.0,32.0,0.5,0.0558871887624263,32,0.0,69,1,2,shapley-20260606T014928Z-194dad01,shapley,marginal
17,10001,2,0.2000000029802322,-1.3896996974945068,2.204054117202759,0.2727888822555542,128.0,32.0,0.75,0.029788440093398,96,0.0,69,1,2,shapley-20260606T014928Z-194dad01,shapley,marginal
18,1001,2,0.2000000029802322,-0.5799888372421265,0.4227126836776733,0.0863256454467773,224.0,32.0,0.8571428656578064,0.0171947684139013,192,0.0,69,1,2,shapley-20260606T014928Z-194dad01,shapley,marginal
19,11001,3,0.2000000029802322,-0.4352735877037048,0.2092954516410827,0.019832357764244,32.0,0.0,1.0,0.0087623270228505,0,0.0,69,1,2,shapley-20260606T014928Z-194dad01,shapley,marginal
20,101,2,0.2000000029802322,-1.2857849597930908,1.871669888496399,0.2184269428253173,64.0,32.0,0.5,0.0267607159912586,32,0.0,69,1,2,shapley-20260606T014928Z-194dad01,shapley,marginal
21,10101,3,0.2000000029802322,-1.177905797958374,1.5863739252090454,0.1989119052886963,64.0,32.0,0.5,0.0255830194801092,32,0.0,69,1,2,shapley-20260606T014928Z-194dad01,shapley,marginal
22,1101,3,0.2000000029802322,-0.3258616328239441,0.1495599746704101,0.0433741733431816,32.0,0.0,1.0,0.0124794337898492,0,0.0,69,1,2,shapley-20260606T014928Z-194dad01,shapley,marginal
23,11101,4,0.4000000059604645,-0.1972761303186416,0.0640081912279129,0.02509031817317,64.0,32.0,0.5,0.0184617564082145,32,0.0,69,1,2,shapley-20260606T014928Z-194dad01,shapley,marginal
24,11,2,0.2000000029802322,-1.381114482879639,2.26448392868042,0.3570066690444946,96.0,32.0,0.6666666865348816,0.0339338816702365,64,0.0,69,1,2,shapley-20260606T014928Z-194dad01,shapley,marginal
25,10011,3,0.2000000029802322,-1.3125439882278442,1.9717602729797363,0.2489885091781616,32.0,0.0,1.0,0.0285039134323596,0,0.0,69,1,2,shapley-20260606T014928Z-194dad01,shapley,marginal
26,1011,3,0.2000000029802322,-0.3833027482032776,0.1735435128211975,0.0266225188970565,32.0,0.0,1.0,0.0099935131147503,0,0.0,69,1,2,shapley-20260606T014928Z-194dad01,shapley,marginal
27,11011,4,0.4000000059604645,-0.2605750560760498,0.0791152194142341,0.0112158581614494,32.0,0.0,1.0,0.0126748438924551,0,0.0,69,1,2,shapley-20260606T014928Z-194dad01,shapley,marginal
28,111,3,0.2000000029802322,-1.0885388851165771,1.4021519422531128,0.2172350883483886,64.0,32.0,0.5,0.02669033780694,32,0.0,69,1,2,shapley-20260606T014928Z-194dad01,shapley,marginal
29,10111,4,0.4000000059604645,-1.0609633922576904,1.371369481086731,0.2457261085510254,128.0,32.0,0.75,0.0556462593376636,96,0.0,69,1,2,shapley-20260606T014928Z-194dad01,shapley,marginal
30,1111,4,0.4000000059604645,-0.1262550055980682,0.0242443196475505,0.0083039924502372,64.0,32.0,0.5,0.0110456561669707,32,0.0,69,1,2,shapley-20260606T014928Z-194dad01,shapley,marginal
31,11111,5,1.0,0.0,0.0,0.0,32.0,0.0,1.0,0.0010000000474974,0,0.0,69,1,2,shapley-20260606T014928Z-194dad01,shapley,marginal
0,0,0,1.0,-1.642095923423767,3.186400413513184,0.4899213314056396,256.0,256.0,0.3846153914928436,0.1742168813943863,160,0.0,89,2,3,shapley-20260606T014928Z-194dad01,shapley,marginal
1,10000,1,0.4000000059604645,-1.4938931465148926,2.632227897644043,0.4005112648010254,256.0,128.0,0.6000000238418579,0.0636461600661277,192,0.0,89,2,3,shapley-20260606T014928Z-194dad01,shapley,marginal
2,1000,1,0.4000000059604645,-0.8197604417800903,0.8670046329498291,0.1949974298477172,96.0,32.0,0.6666666865348816,0.0447120778262615,64,0.0,89,2,3,shapley-20260606T014928Z-194dad01,shapley,marginal
3,11000,2,0.2000000029802322,-0.608680009841919,0.5032714009284973,0.1327800452709198,128.0,96.0,0.25,0.0190353039652109,32,0.0,89,2,3,shapley-20260606T014928Z-194dad01,shapley,marginal
4,100,1,0.4000000059604645,-1.408735990524292,2.3091132640838623,0.3245761394500732,224.0,160.0,0.2857142984867096,0.057395614683628,64,0.0,89,2,3,shapley-20260606T014928Z-194dad01,shapley,marginal
5,10100,2,0.2000000029802322,-1.31849467754364,2.2186923027038574,0.4802640676498413,128.0,32.0,0.75,0.0353002361953258,96,0.0,89,2,3,shapley-20260606T014928Z-194dad01,shapley,marginal
6,1100,2,0.2000000029802322,-0.5272963047027588,0.4111450314521789,0.1331036388874054,64.0,32.0,0.5,0.0190572664141654,32,0.0,89,2,3,shapley-20260606T014928Z-194dad01,shapley,marginal
7,11100,3,0.2000000029802322,-0.3661960661411285,0.2236410081386566,0.0895414501428604,64.0,32.0,0.5,0.0158104784786701,32,0.0,89,2,3,shapley-20260606T014928Z-194dad01,shapley,marginal
8,10,1,0.4000000059604645,-1.4734294414520264,2.640138626098633,0.469144344329834,256.0,192.0,0.4545454680919647,0.068801648914814,160,0.0,89,2,3,shapley-20260606T014928Z-194dad01,shapley,marginal
9,10010,2,0.2000000029802322,-1.2347913980484009,1.817799687385559,0.2930898666381836,64.0,32.0,0.5,0.0277952272444963,32,0.0,89,2,3,shapley-20260606T014928Z-194dad01,shapley,marginal
10,1010,2,0.2000000029802322,-0.5308012962341309,0.3752859830856323,0.0935359597206115,96.0,64.0,0.3333333432674408,0.0161372274160385,32,0.0,89,2,3,shapley-20260606T014928Z-194dad01,shapley,marginal
11,11010,3,0.2000000029802322,-0.3905802965164184,0.2068058103322982,0.0542528480291366,64.0,32.0,0.5,0.0125283813104033,32,0.0,89,2,3,shapley-20260606T014928Z-194dad01,shapley,marginal
12,110,2,0.2000000029802322,-1.2368342876434326,1.811707854270935,0.2819488048553467,96.0,64.0,0.3333333432674408,0.0272810198366642,32,0.0,89,2,3,shapley-20260606T014928Z-194dad01,shapley,marginal
13,10110,3,0.2000000029802322,-1.1646393537521362,1.6522650718688965,0.2958801984786987,128.0,64.0,0.5,0.0279224757105112,64,0.0,89,2,3,shapley-20260606T014928Z-194dad01,shapley,marginal
14,1110,3,0.2000000029802322,-0.2283468544483184,0.0918216034770011,0.0396793186664581,64.0,32.0,0.5,0.0108591429889202,0,0.0,89,2,3,shapley-20260606T014928Z-194dad01,shapley,marginal
15,11110,4,0.4000000059604645,-0.1215391159057617,0.0404355302453041,0.0256637744605541,128.0,96.0,0.25,0.0168579593300819,32,0.0,89,2,3,shapley-20260606T014928Z-194dad01,shapley,marginal
16,1,1,0.4000000059604645,-1.5231386423110962,2.8069944381713867,0.4870431423187256,192.0,64.0,0.6666666865348816,0.0700829327106475,128,0.0,89,2,3,shapley-20260606T014928Z-194dad01,shapley,marginal
17,10001,2,0.2000000029802322,-1.3896996974945068,2.204054117202759,0.2727888822555542,128.0,32.0,0.75,0.0268505848944187,0,0.0,89,2,3,shapley-20260606T014928Z-194dad01,shapley,marginal
18,1001,2,0.2000000029802322,-0.593773365020752,0.4387541711330414,0.0861873626708984,256.0,224.0,0.125,0.0155304428189992,32,0.0,89,2,3,shapley-20260606T014928Z-194dad01,shapley,marginal
19,11001,3,0.2000000029802322,-0.4352735877037048,0.2092954516410827,0.019832357764244,32.0,0.0,1.0,0.0079701831564307,0,0.0,89,2,3,shapley-20260606T014928Z-194dad01,shapley,marginal
20,101,2,0.2000000029802322,-1.2936663627624512,1.9075901508331297,0.2340174913406372,96.0,64.0,0.3333333432674408,0.0249431449919939,32,0.0,89,2,3,shapley-20260606T014928Z-194dad01,shapley,marginal
21,10101,3,0.2000000029802322,-1.1834347248077393,1.6429681777954102,0.242450475692749,160.0,64.0,0.6000000238418579,0.025370730087161,96,0.0,89,2,3,shapley-20260606T014928Z-194dad01,shapley,marginal
22,1101,3,0.2000000029802322,-0.3258616328239441,0.1495599746704101,0.0433741733431816,32.0,0.0,1.0,0.0113079594448208,0,0.0,89,2,3,shapley-20260606T014928Z-194dad01,shapley,marginal
23,11101,4,0.4000000059604645,-0.2172592878341674,0.0793899446725845,0.032188344746828,96.0,64.0,0.3333333432674408,0.0187597293406724,32,0.0,89,2,3,shapley-20260606T014928Z-194dad01,shapley,marginal
24,11,2,0.2000000029802322,-1.4158103466033936,2.390588760375977,0.3860697746276855,160.0,96.0,0.4000000059604645,0.0317531749606132,64,0.0,89,2,3,shapley-20260606T014928Z-194dad01,shapley,marginal
25,10011,3,0.2000000029802322,-1.2840697765350342,1.8752923011779783,0.2264571189880371,64.0,32.0,0.5,0.0245532058179378,32,0.0,89,2,3,shapley-20260606T014928Z-194dad01,shapley,marginal
26,1011,3,0.2000000029802322,-0.3833027482032776,0.1735435128211975,0.0266225188970565,32.0,0.0,1.0,0.0090757263824343,0,0.0,89,2,3,shapley-20260606T014928Z-194dad01,shapley,marginal
27,11011,4,0.4000000059604645,-0.256003201007843,0.0742390006780624,0.0087013617157936,64.0,32.0,0.5,0.0102338045835495,32,0.0,89,2,3,shapley-20260606T014928Z-194dad01,shapley,marginal
28,111,3,0.2000000029802322,-1.0885388851165771,1.4021519422531128,0.2172350883483886,64.0,32.0,0.5,0.0240686424076557,0,0.0,89,2,3,shapley-20260606T014928Z-194dad01,shapley,marginal
29,10111,4,0.4000000059604645,-1.0673072338104248,1.3974242210388184,0.2582794427871704,192.0,128.0,0.3333333432674408,0.0513074100017547,64,0.0,89,2,3,shapley-20260606T014928Z-194dad01,shapley,marginal
30,1111,4,0.4000000059604645,-0.1238719969987869,0.0233105458319187,0.007966274395585,96.0,64.0,0.3333333432674408,0.0098351659253239,32,0.0,89,2,3,shapley-20260606T014928Z-194dad01,shapley,marginal
31,11111,5,1.0,0.0,0.0,0.0,32.0,0.0,1.0,0.0010000000474974,0,0.0,89,2,3,shapley-20260606T014928Z-194dad01,shapley,marginal
0,0,0,1.0,-1.7130783796310425,3.722666740417481,0.7880291938781738,256.0,256.0,0.5555555820465088,0.1919535100460052,320,0.0,109,3,4,shapley-20260606T014928Z-194dad01,shapley,marginal
1,10000,1,0.4000000059604645,-1.5502817630767822,2.9119832515716557,0.5086097717285156,256.0,256.0,0.3333333432674408,0.0623633153736591,128,0.0,109,3,4,shapley-20260606T014928Z-194dad01,shapley,marginal
2,1000,1,0.4000000059604645,-0.7820098400115967,0.8051108717918396,0.1935715079307556,128.0,96.0,0.25,0.0388562157750129,32,0.0,109,3,4,shapley-20260606T014928Z-194dad01,shapley,marginal
3,11000,2,0.2000000029802322,-0.608680009841919,0.5032714009284973,0.1327800452709198,128.0,96.0,0.25,0.0166766364127397,0,0.0,109,3,4,shapley-20260606T014928Z-194dad01,shapley,marginal
4,100,1,0.4000000059604645,-1.4658410549163818,2.645172595977783,0.4964826107025146,256.0,224.0,0.3636363744735718,0.0616273432970047,128,0.0,109,3,4,shapley-20260606T014928Z-194dad01,shapley,marginal
5,10100,2,0.2000000029802322,-1.31849467754364,2.2186923027038574,0.4802640676498413,128.0,32.0,0.75,0.0308144334703683,0,0.0,109,3,4,shapley-20260606T014928Z-194dad01,shapley,marginal
6,1100,2,0.2000000029802322,-0.5272963047027588,0.4111450314521789,0.1331036388874054,64.0,32.0,0.5,0.0166957285255193,0,0.0,109,3,4,shapley-20260606T014928Z-194dad01,shapley,marginal
7,11100,3,0.2000000029802322,-0.3644453883171081,0.2321542054414749,0.0993337631225586,96.0,64.0,0.3333333432674408,0.0145592270419001,32,0.0,109,3,4,shapley-20260606T014928Z-194dad01,shapley,marginal
8,10,1,0.4000000059604645,-1.5425448417663574,2.9059371948242188,0.5264925956726074,256.0,256.0,0.4666666686534881,0.0634327754378318,224,0.0,109,3,4,shapley-20260606T014928Z-194dad01,shapley,marginal
9,10010,2,0.2000000029802322,-1.4125046730041504,2.51850700378418,0.5233376026153564,128.0,64.0,0.5,0.0321227125823497,64,0.0,109,3,4,shapley-20260606T014928Z-194dad01,shapley,marginal
10,1010,2,0.2000000029802322,-0.5722590684890747,0.4384803771972656,0.1109999418258667,160.0,96.0,0.4000000059604645,0.0153333554044365,64,0.0,109,3,4,shapley-20260606T014928Z-194dad01,shapley,marginal
11,11010,3,0.2000000029802322,-0.3905802965164184,0.2068058103322982,0.0542528480291366,64.0,32.0,0.5,0.0110206929966807,0,0.0,109,3,4,shapley-20260606T014928Z-194dad01,shapley,marginal
12,110,2,0.2000000029802322,-1.2891920804977417,2.0356876850128174,0.3736714124679565,128.0,96.0,0.25,0.0272985287010669,32,0.0,109,3,4,shapley-20260606T014928Z-194dad01,shapley,marginal
13,10110,3,0.2000000029802322,-1.2395652532577517,1.924095630645752,0.3875735998153686,192.0,128.0,0.3333333432674408,0.0277832709252834,64,0.0,109,3,4,shapley-20260606T014928Z-194dad01,shapley,marginal
14,1110,3,0.2000000029802322,-0.2283468544483184,0.0918216034770011,0.0396793186664581,64.0,32.0,0.5,0.0095697585493326,0,0.0,109,3,4,shapley-20260606T014928Z-194dad01,shapley,marginal
15,11110,4,0.4000000059604645,-0.1226443797349929,0.0423224382102489,0.0272807944566011,192.0,128.0,0.3333333432674408,0.0152116669341921,64,0.0,109,3,4,shapley-20260606T014928Z-194dad01,shapley,marginal
16,1,1,0.4000000059604645,-1.618248701095581,3.2025351524353027,0.5838062763214111,256.0,192.0,0.25,0.0667432099580764,64,0.0,109,3,4,shapley-20260606T014928Z-194dad01,shapley,marginal
17,10001,2,0.2000000029802322,-1.3896996974945068,2.204054117202759,0.2727888822555542,128.0,32.0,0.75,0.0234698317945003,0,0.0,109,3,4,shapley-20260606T014928Z-194dad01,shapley,marginal
18,1001,2,0.2000000029802322,-0.6030203104019165,0.4567564725875854,0.0931229889392852,256.0,256.0,0.1111111119389534,0.0141284940764307,32,0.0,109,3,4,shapley-20260606T014928Z-194dad01,shapley,marginal
19,11001,3,0.2000000029802322,-0.4352735877037048,0.2092954516410827,0.019832357764244,32.0,0.0,1.0,0.0070586190558969,0,0.0,109,3,4,shapley-20260606T014928Z-194dad01,shapley,marginal
20,101,2,0.2000000029802322,-1.4308345317840576,2.613166570663452,0.5658791065216064,224.0,96.0,0.5714285969734192,0.0333629623055458,128,0.0,109,3,4,shapley-20260606T014928Z-194dad01,shapley,marginal
21,10101,3,0.2000000029802322,-1.2365963459014893,1.8641154766082764,0.3349449634552002,192.0,160.0,0.1666666716337204,0.0258985012769699,32,0.0,109,3,4,shapley-20260606T014928Z-194dad01,shapley,marginal
22,1101,3,0.2000000029802322,-0.3646106123924255,0.2314456403255462,0.0985047370195388,64.0,32.0,0.5,0.0145025262609124,32,0.0,109,3,4,shapley-20260606T014928Z-194dad01,shapley,marginal
23,11101,4,0.4000000059604645,-0.2172592878341674,0.0793899446725845,0.032188344746828,96.0,64.0,0.3333333432674408,0.0164371021091938,0,0.0,109,3,4,shapley-20260606T014928Z-194dad01,shapley,marginal
24,11,2,0.2000000029802322,-1.4913105964660645,2.6802375316619877,0.4562301635742187,192.0,160.0,0.1666666716337204,0.0300588533282279,32,0.0,109,3,4,shapley-20260606T014928Z-194dad01,shapley,marginal
25,10011,3,0.2000000029802322,-1.3312535285949707,2.0480799674987797,0.2758439779281616,96.0,64.0,0.3333333432674408,0.0235953070223331,32,0.0,109,3,4,shapley-20260606T014928Z-194dad01,shapley,marginal
26,1011,3,0.2000000029802322,-0.3833027482032776,0.1735435128211975,0.0266225188970565,32.0,0.0,1.0,0.0080195786431431,0,0.0,109,3,4,shapley-20260606T014928Z-194dad01,shapley,marginal
27,11011,4,0.4000000059604645,-0.256003201007843,0.0742390006780624,0.0087013617157936,64.0,32.0,0.5,0.0090262023732066,0,0.0,109,3,4,shapley-20260606T014928Z-194dad01,shapley,marginal
28,111,3,0.2000000029802322,-1.3970024585723877,2.491715908050537,0.54010009765625,128.0,64.0,0.5,0.0326172150671482,64,0.0,109,3,4,shapley-20260606T014928Z-194dad01,shapley,marginal
29,10111,4,0.4000000059604645,-1.124822020530701,1.5906307697296145,0.3254061937332153,224.0,192.0,0.1428571492433548,0.0500828064978122,32,0.0,109,3,4,shapley-20260606T014928Z-194dad01,shapley,marginal
30,1111,4,0.4000000059604645,-0.1238719969987869,0.0233105458319187,0.007966274395585,96.0,64.0,0.3333333432674408,0.0086796982213854,0,0.0,109,3,4,shapley-20260606T014928Z-194dad01,shapley,marginal
31,11111,5,1.0,0.0,0.0,0.0,32.0,0.0,1.0,0.0010000000474974,0,0.0,109,3,4,shapley-20260606T014928Z-194dad01,shapley,marginal
0,0,0,1.0,-1.7341914176940918,3.838001728057861,0.8305819034576416,256.0,256.0,0.4285714328289032,0.1824541240930557,192,0.0,129,4,5,shapley-20260606T014928Z-194dad01,shapley,marginal
1,10000,1,0.4000000059604645,-1.6656451225280762,3.628675937652588,0.854302167892456,256.0,256.0,0.4285714328289032,0.0746107697486877,192,0.0,129,4,5,shapley-20260606T014928Z-194dad01,shapley,marginal
2,1000,1,0.4000000059604645,-0.8429615497589111,0.9401708841323853,0.2295867204666137,192.0,128.0,0.3333333432674408,0.0391600504517555,64,0.0,129,4,5,shapley-20260606T014928Z-194dad01,shapley,marginal
3,11000,2,0.2000000029802322,-0.6633425951004028,0.6168231964111328,0.1767998039722442,192.0,128.0,0.3333333432674408,0.0177435111254453,64,0.0,129,4,5,shapley-20260606T014928Z-194dad01,shapley,marginal
4,100,1,0.4000000059604645,-1.5717593431472778,3.129060745239258,0.6586332321166992,256.0,256.0,0.3333333432674408,0.0656334683299064,128,0.0,129,4,5,shapley-20260606T014928Z-194dad01,shapley,marginal
5,10100,2,0.2000000029802322,-1.4452080726623535,2.669987201690674,0.5813608169555664,192.0,128.0,0.3333333432674408,0.0313618667423725,64,0.0,129,4,5,shapley-20260606T014928Z-194dad01,shapley,marginal
6,1100,2,0.2000000029802322,-0.5272963047027588,0.4111450314521789,0.1331036388874054,64.0,32.0,0.5,0.015527824871242,0,0.0,129,4,5,shapley-20260606T014928Z-194dad01,shapley,marginal
7,11100,3,0.2000000029802322,-0.3535540103912353,0.2158492505550384,0.0908488184213638,128.0,96.0,0.25,0.0130023220553994,32,0.0,129,4,5,shapley-20260606T014928Z-194dad01,shapley,marginal
8,10,1,0.4000000059604645,-1.5662931203842163,3.027956008911133,0.5746817588806152,256.0,256.0,0.3333333432674408,0.0613739117980003,128,0.0,129,4,5,shapley-20260606T014928Z-194dad01,shapley,marginal
9,10010,2,0.2000000029802322,-1.4125046730041504,2.51850700378418,0.5233376026153564,128.0,64.0,0.5,0.0298069026321172,0,0.0,129,4,5,shapley-20260606T014928Z-194dad01,shapley,marginal
10,1010,2,0.2000000029802322,-0.5722590684890747,0.4384803771972656,0.1109999418258667,160.0,96.0,0.4000000059604645,0.014266824349761,0,0.0,129,4,5,shapley-20260606T014928Z-194dad01,shapley,marginal
11,11010,3,0.2000000029802322,-0.3905802965164184,0.2068058103322982,0.0542528480291366,64.0,32.0,0.5,0.0102750640362501,0,0.0,129,4,5,shapley-20260606T014928Z-194dad01,shapley,marginal
12,110,2,0.2000000029802322,-1.3504607677459717,2.2768337726593018,0.4530894756317138,192.0,128.0,0.3333333432674408,0.0278038755059242,64,0.0,129,4,5,shapley-20260606T014928Z-194dad01,shapley,marginal
13,10110,3,0.2000000029802322,-1.2395652532577517,1.924095630645752,0.3875735998153686,192.0,128.0,0.3333333432674408,0.0257903542369604,0,0.0,129,4,5,shapley-20260606T014928Z-194dad01,shapley,marginal
14,1110,3,0.2000000029802322,-0.2211593836545944,0.0912494957447052,0.0423380210995674,96.0,64.0,0.3333333432674408,0.0091935275122523,32,0.0,129,4,5,shapley-20260606T014928Z-194dad01,shapley,marginal
15,11110,4,0.4000000059604645,-0.1229006052017211,0.0423918738961219,0.0272873155772686,224.0,192.0,0.1428571492433548,0.0141557632014155,32,0.0,129,4,5,shapley-20260606T014928Z-194dad01,shapley,marginal
16,1,1,0.4000000059604645,-1.6256685256958008,3.2455413341522217,0.6027431488037109,256.0,256.0,0.1111111119389534,0.0628303587436676,32,0.0,129,4,5,shapley-20260606T014928Z-194dad01,shapley,marginal
17,10001,2,0.2000000029802322,-1.606812834739685,3.245750904083252,0.6639034748077393,192.0,128.0,0.3333333432674408,0.0334457643330097,64,0.0,129,4,5,shapley-20260606T014928Z-194dad01,shapley,marginal
18,1001,2,0.2000000029802322,-0.6030203104019165,0.4567564725875854,0.0931229889392852,256.0,256.0,0.1111111119389534,0.013151615858078,0,0.0,129,4,5,shapley-20260606T014928Z-194dad01,shapley,marginal
19,11001,3,0.2000000029802322,-0.4352735877037048,0.2092954516410827,0.019832357764244,32.0,0.0,1.0,0.0066078030504286,0,0.0,129,4,5,shapley-20260606T014928Z-194dad01,shapley,marginal
20,101,2,0.2000000029802322,-1.499380350112915,2.8987393379211426,0.6505978107452393,256.0,224.0,0.2222222238779068,0.0331189930438995,64,0.0,129,4,5,shapley-20260606T014928Z-194dad01,shapley,marginal
21,10101,3,0.2000000029802322,-1.3264594078063965,2.1988253593444824,0.4393308162689209,256.0,192.0,0.25,0.0273937713354825,64,0.0,129,4,5,shapley-20260606T014928Z-194dad01,shapley,marginal
22,1101,3,0.2000000029802322,-0.3808493614196777,0.2350182235240936,0.0899719893932342,128.0,64.0,0.5,0.0129442606121301,64,0.0,129,4,5,shapley-20260606T014928Z-194dad01,shapley,marginal
23,11101,4,0.4000000059604645,-0.1980930864810943,0.067953921854496,0.0287130512297153,192.0,96.0,0.5,0.0144950747489929,96,0.0,129,4,5,shapley-20260606T014928Z-194dad01,shapley,marginal
24,11,2,0.2000000029802322,-1.5646655559539795,3.023829460144043,0.5756511688232422,256.0,192.0,0.3333333432674408,0.0312124043703079,96,0.0,129,4,5,shapley-20260606T014928Z-194dad01,shapley,marginal
25,10011,3,0.2000000029802322,-1.5064027309417725,2.82134222984314,0.5520930290222168,192.0,96.0,0.5,0.0305877365171909,96,0.0,129,4,5,shapley-20260606T014928Z-194dad01,shapley,marginal
26,1011,3,0.2000000029802322,-0.3833027482032776,0.1735435128211975,0.0266225188970565,32.0,0.0,1.0,0.0074972589500248,0,0.0,129,4,5,shapley-20260606T014928Z-194dad01,shapley,marginal
27,11011,4,0.4000000059604645,-0.256003201007843,0.0742390006780624,0.0087013617157936,64.0,32.0,0.5,0.0084289805963635,0,0.0,129,4,5,shapley-20260606T014928Z-194dad01,shapley,marginal
28,111,3,0.2000000029802322,-1.4303117990493774,2.5978543758392334,0.5520625114440918,160.0,128.0,0.2000000029802322,0.0305869169533252,32,0.0,129,4,5,shapley-20260606T014928Z-194dad01,shapley,marginal
29,10111,4,0.4000000059604645,-1.124822020530701,1.5906307697296145,0.3254061937332153,224.0,192.0,0.1428571492433548,0.0464306026697158,0,0.0,129,4,5,shapley-20260606T014928Z-194dad01,shapley,marginal
30,1111,4,0.4000000059604645,-0.1238719969987869,0.0233105458319187,0.007966274395585,96.0,64.0,0.3333333432674408,0.008108259178698,0,0.0,129,4,5,shapley-20260606T014928Z-194dad01,shapley,marginal
31,11111,5,1.0,0.0,0.0,0.0,32.0,0.0,1.0,0.0010000000474974,0,0.0,129,4,5,shapley-20260606T014928Z-194dad01,shapley,marginal
0,0,0,1.0,-1.8135387897491453,4.20640754699707,0.9174845218658448,256.0,247.97918701171875,0.3404443860054016,0.1787709444761276,128,0.0313313282231258,169,5,6,shapley-20260606T014928Z-194dad01,shapley,marginal
1,10000,1,0.4000000059604645,-1.7246122360229492,3.852701187133789,0.8784139156341553,256.0,247.97918701171875,0.392176866531372,0.0705778524279594,160,0.0313313282231258,169,5,6,shapley-20260606T014928Z-194dad01,shapley,marginal
2,1000,1,0.4000000059604645,-0.8429615497589111,0.9401708841323853,0.2295867204666137,192.0,128.0,0.3333333432674408,0.0365708880126476,0,0.0313313282231258,169,5,6,shapley-20260606T014928Z-194dad01,shapley,marginal
3,11000,2,0.2000000029802322,-0.6875461339950562,0.6611684560775757,0.1884487569332122,217.98439025878903,185.98439025878903,0.1467995047569275,0.0171134304255247,32,0.0313313282231258,169,5,6,shapley-20260606T014928Z-194dad01,shapley,marginal
4,100,1,0.4000000059604645,-1.6525570154190063,3.53226375579834,0.8013191223144531,256.0,247.97918701171875,0.2051418870687484,0.0674544647336006,64,0.0313313282231258,169,5,6,shapley-20260606T014928Z-194dad01,shapley,marginal
5,10100,2,0.2000000029802322,-1.5316647291183472,3.015728235244751,0.6697313785552979,249.98439025878903,185.98439025878903,0.2560159862041473,0.0313767790794372,64,0.0313313282231258,169,5,6,shapley-20260606T014928Z-194dad01,shapley,marginal
6,1100,2,0.2000000029802322,-0.5211513042449951,0.3824934363365173,0.1108947396278381,125.99479675292967,61.99479675292969,0.5079574584960938,0.0133608086034655,64,0.0313313282231258,169,5,6,shapley-20260606T014928Z-194dad01,shapley,marginal
7,11100,3,0.2000000029802322,-0.3535540103912353,0.2158492505550384,0.0908488184213638,128.0,96.0,0.25,0.0121879633516073,0,0.0313313282231258,169,5,6,shapley-20260606T014928Z-194dad01,shapley,marginal
8,10,1,0.4000000059604645,-1.608790159225464,3.254333972930908,0.6661281585693359,256.0,247.97918701171875,0.2790866494178772,0.0615899041295051,96,0.0313313282231258,169,5,6,shapley-20260606T014928Z-194dad01,shapley,marginal
9,10010,2,0.2000000029802322,-1.5473361015319824,3.077451705932617,0.6832027435302734,155.98959350585938,123.98959350585938,0.2051418870687484,0.0316807627677917,32,0.0313313282231258,169,5,6,shapley-20260606T014928Z-194dad01,shapley,marginal
10,1010,2,0.2000000029802322,-0.5722590684890747,0.4384803771972656,0.1109999418258667,160.0,96.0,0.4000000059604645,0.0133666703477501,0,0.0313313282231258,169,5,6,shapley-20260606T014928Z-194dad01,shapley,marginal
11,11010,3,0.2000000029802322,-0.3763446807861328,0.1956965625286102,0.0540612488985061,93.99479675292967,61.99479675292969,0.3404443860054016,0.0096304696053266,32,0.0313313282231258,169,5,6,shapley-20260606T014928Z-194dad01,shapley,marginal
12,110,2,0.2000000029802322,-1.3504607677459717,2.2768337726593018,0.4530894756317138,192.0,128.0,0.3333333432674408,0.0259852316230535,0,0.0313313282231258,169,5,6,shapley-20260606T014928Z-194dad01,shapley,marginal
13,10110,3,0.2000000029802322,-1.307489037513733,2.2169103622436523,0.5073827505111694,217.98439025878903,185.98439025878903,0.1467995047569275,0.0274398662149906,32,0.0313313282231258,169,5,6,shapley-20260606T014928Z-194dad01,shapley,marginal
14,1110,3,0.2000000029802322,-0.2211593836545944,0.0912494957447052,0.0423380210995674,96.0,64.0,0.3333333432674408,0.0086375959217548,0,0.0313313282231258,169,5,6,shapley-20260606T014928Z-194dad01,shapley,marginal
15,11110,4,0.4000000059604645,-0.1229006052017211,0.0423918738961219,0.0272873155772686,224.0,192.0,0.1428571492433548,0.0132631435990333,0,0.0313313282231258,169,5,6,shapley-20260606T014928Z-194dad01,shapley,marginal
16,1,1,0.4000000059604645,-1.725966215133667,3.739667415618897,0.7607080936431885,256.0,247.97918701171875,0.392176866531372,0.0657486096024513,160,0.0313313282231258,169,5,6,shapley-20260606T014928Z-194dad01,shapley,marginal
17,10001,2,0.2000000029802322,-1.5925579071044922,3.2902212142944336,0.7539806365966797,256.0,185.98439025878903,0.3404443860054016,0.0332308299839496,96,0.0313313282231258,169,5,6,shapley-20260606T014928Z-194dad01,shapley,marginal
18,1001,2,0.2000000029802322,-0.6441986560821533,0.5642945766448975,0.1493026614189148,256.0,247.97918701171875,0.2051418870687484,0.0153425112366676,64,0.0313313282231258,169,5,6,shapley-20260606T014928Z-194dad01,shapley,marginal
19,11001,3,0.2000000029802322,-0.5494059324264526,0.3879566192626953,0.0861097276210784,62.99739837646485,30.997398376464844,0.5079574584960938,0.0118922479450702,32,0.0313313282231258,169,5,6,shapley-20260606T014928Z-194dad01,shapley,marginal
20,101,2,0.2000000029802322,-1.6057991981506348,3.3694334030151367,0.7908422946929932,256.0,247.97918701171875,0.3404443860054016,0.0340093001723289,128,0.0313313282231258,169,5,6,shapley-20260606T014928Z-194dad01,shapley,marginal
21,10101,3,0.2000000029802322,-1.3440955877304075,2.3165197372436523,0.5099267959594727,256.0,247.97918701171875,0.2051418870687484,0.0275060683488845,64,0.0313313282231258,169,5,6,shapley-20260606T014928Z-194dad01,shapley,marginal
22,1101,3,0.2000000029802322,-0.3808493614196777,0.2350182235240936,0.0899719893932342,128.0,64.0,0.5,0.0121338423341512,0,0.0313313282231258,169,5,6,shapley-20260606T014928Z-194dad01,shapley,marginal
23,11101,4,0.4000000059604645,-0.2134745419025421,0.0800044387578964,0.0344330593943595,217.98439025878903,185.98439025878903,0.1467995047569275,0.0147755565121769,32,0.0313313282231258,169,5,6,shapley-20260606T014928Z-194dad01,shapley,marginal
24,11,2,0.2000000029802322,-1.5875282287597656,3.1277904510498047,0.6075446605682373,256.0,247.97918701171875,0.2051418870687484,0.0299321357160806,64,0.0313313282231258,169,5,6,shapley-20260606T014928Z-194dad01,shapley,marginal
25,10011,3,0.2000000029802322,-1.6132410764694214,3.240872383117676,0.6383256912231445,256.0,185.98439025878903,0.4076635837554931,0.0306559987366199,128,0.0313313282231258,169,5,6,shapley-20260606T014928Z-194dad01,shapley,marginal
26,1011,3,0.2000000029802322,-0.3968628644943237,0.1906897872686386,0.0331896543502807,62.99739837646485,30.997398376464844,0.5079574584960938,0.0077622742392122,32,0.0313313282231258,169,5,6,shapley-20260606T014928Z-194dad01,shapley,marginal
27,11011,4,0.4000000059604645,-0.256003201007843,0.0742390006780624,0.0087013617157936,64.0,32.0,0.5,0.0079249236732721,0,0.0313313282231258,169,5,6,shapley-20260606T014928Z-194dad01,shapley,marginal
28,111,3,0.2000000029802322,-1.439391851425171,2.580282688140869,0.5084338188171387,186.98699951171875,154.98699951171875,0.1711348891258239,0.0274672396481037,32,0.0313313282231258,169,5,6,shapley-20260606T014928Z-194dad01,shapley,marginal
29,10111,4,0.4000000059604645,-1.223568081855774,2.006537914276123,0.5094190835952759,256.0,216.98178100585935,0.2277727723121643,0.0539857409894466,64,0.0313313282231258,169,5,6,shapley-20260606T014928Z-194dad01,shapley,marginal
30,1111,4,0.4000000059604645,-0.1238719969987869,0.0233105458319187,0.007966274395585,96.0,64.0,0.3333333432674408,0.0076259640045464,0,0.0313313282231258,169,5,6,shapley-20260606T014928Z-194dad01,shapley,marginal
31,11111,5,1.0,0.0,0.0,0.0,32.0,0.0,1.0,0.0010000000474974,0,0.0313313282231258,169,5,6,shapley-20260606T014928Z-194dad01,shapley,marginal
0,0,0,1.0,-0.862618088722229,0.9217851161956788,0.1776751279830932,32.0,0.0,1.0,0.1587451994419098,32,0.0,49,0,1,shapley-20260606T014953Z-345fbe0d,shapley,conditional
1,10000,1,0.4000000059604645,-0.8717539310455322,0.9663942456245422,0.2064393162727356,32.0,0.0,1.0,0.0690141096711158,32,0.0,49,0,1,shapley-20260606T014953Z-345fbe0d,shapley,conditional
2,1000,1,0.4000000059604645,-0.430326759815216,0.2207486480474472,0.0355675220489501,32.0,0.0,1.0,0.0292312204837799,32,0.0,49,0,1,shapley-20260606T014953Z-345fbe0d,shapley,conditional
3,11000,2,0.2000000029802322,-0.3425852656364441,0.1553383767604828,0.0379737094044685,32.0,0.0,1.0,0.0155852660536766,32,0.0,49,0,1,shapley-20260606T014953Z-345fbe0d,shapley,conditional
4,100,1,0.4000000059604645,-0.7348787784576416,0.7145656943321228,0.174518883228302,32.0,0.0,1.0,0.0635351315140724,32,0.0,49,0,1,shapley-20260606T014953Z-345fbe0d,shapley,conditional
5,10100,2,0.2000000029802322,-0.8256491422653198,0.9233707189559937,0.2416741847991943,32.0,0.0,1.0,0.0377949252724647,32,0.0,49,0,1,shapley-20260606T014953Z-345fbe0d,shapley,conditional
6,1100,2,0.2000000029802322,-0.1985392421483993,0.0687765479087829,0.0293587185442447,32.0,0.0,1.0,0.0138245290145277,32,0.0,49,0,1,shapley-20260606T014953Z-345fbe0d,shapley,conditional
7,11100,3,0.2000000029802322,-0.1536197811365127,0.0348492711782455,0.0112502332776784,32.0,0.0,1.0,0.0089387763291597,32,0.0,49,0,1,shapley-20260606T014953Z-345fbe0d,shapley,conditional
8,10,1,0.4000000059604645,-0.777421236038208,0.7755203247070312,0.1711365580558776,32.0,0.0,1.0,0.0629261657595634,32,0.0,49,0,1,shapley-20260606T014953Z-345fbe0d,shapley,conditional
9,10010,2,0.2000000029802322,-0.7901431322097778,0.7408429980278015,0.1165168285369873,32.0,0.0,1.0,0.0265486035495996,32,0.0,49,0,1,shapley-20260606T014953Z-345fbe0d,shapley,conditional
10,1010,2,0.2000000029802322,-0.2937719821929931,0.1120643764734268,0.0257624015212059,32.0,0.0,1.0,0.0130134020000696,32,0.0,49,0,1,shapley-20260606T014953Z-345fbe0d,shapley,conditional
11,11010,3,0.2000000029802322,-0.2085750997066497,0.0646339580416679,0.0211303867399692,32.0,0.0,1.0,0.0118799405172467,32,0.0,49,0,1,shapley-20260606T014953Z-345fbe0d,shapley,conditional
12,110,2,0.2000000029802322,-0.6533476114273071,0.6327974796295166,0.2059343755245208,32.0,0.0,1.0,0.0349654369056224,32,0.0,49,0,1,shapley-20260606T014953Z-345fbe0d,shapley,conditional
13,10110,3,0.2000000029802322,-0.607295572757721,0.5590276718139648,0.190219759941101,32.0,0.0,1.0,0.0336437933146953,32,0.0,49,0,1,shapley-20260606T014953Z-345fbe0d,shapley,conditional
14,1110,3,0.2000000029802322,-0.0636656656861305,0.0108707901090383,0.0068174730986356,32.0,0.0,1.0,0.0071799443103373,32,0.0,49,0,1,shapley-20260606T014953Z-345fbe0d,shapley,conditional
15,11110,4,0.4000000059604645,-0.0099282013252377,0.0006944282213225,0.0005958590190857,32.0,0.0,1.0,0.0046540508046746,32,0.0,49,0,1,shapley-20260606T014953Z-345fbe0d,shapley,conditional
16,1,1,0.4000000059604645,-1.0044023990631104,1.2463616132736206,0.2375373840332031,32.0,0.0,1.0,0.0739573091268539,32,0.0,49,0,1,shapley-20260606T014953Z-345fbe0d,shapley,conditional
17,10001,2,0.2000000029802322,-0.991147518157959,1.2806222438812256,0.298248827457428,32.0,0.0,1.0,0.0418754145503044,32,0.0,49,0,1,shapley-20260606T014953Z-345fbe0d,shapley,conditional
18,1001,2,0.2000000029802322,-0.3809724152088165,0.1799361258745193,0.0347961485385894,32.0,0.0,1.0,0.0149617036804556,32,0.0,49,0,1,shapley-20260606T014953Z-345fbe0d,shapley,conditional
19,11001,3,0.2000000029802322,-0.2876117825508117,0.1040091589093208,0.0212886184453964,32.0,0.0,1.0,0.0119206020608544,32,0.0,49,0,1,shapley-20260606T014953Z-345fbe0d,shapley,conditional
20,101,2,0.2000000029802322,-0.6279246807098389,0.5456750988960266,0.1513856947422027,32.0,0.0,1.0,0.0301216002553701,32,0.0,49,0,1,shapley-20260606T014953Z-345fbe0d,shapley,conditional
21,10101,3,0.2000000029802322,-0.6663818359375,0.5398603677749634,0.0957956314086914,32.0,0.0,1.0,0.0241657141596078,32,0.0,49,0,1,shapley-20260606T014953Z-345fbe0d,shapley,conditional
22,1101,3,0.2000000029802322,-0.1544694453477859,0.0374643728137016,0.0136035624891519,32.0,0.0,1.0,0.0097296964377164,32,0.0,49,0,1,shapley-20260606T014953Z-345fbe0d,shapley,conditional
23,11101,4,0.4000000059604645,-0.1069253534078598,0.0242704655975103,0.0128374341875314,32.0,0.0,1.0,0.0179606284946203,32,0.0,49,0,1,shapley-20260606T014953Z-345fbe0d,shapley,conditional
24,11,2,0.2000000029802322,-0.7578469514846802,0.7556310892105103,0.181299090385437,32.0,0.0,1.0,0.0328691564500331,32,0.0,49,0,1,shapley-20260606T014953Z-345fbe0d,shapley,conditional
25,10011,3,0.2000000029802322,-0.6859838962554932,0.6445760726928711,0.1740021705627441,32.0,0.0,1.0,0.0322212427854537,32,0.0,49,0,1,shapley-20260606T014953Z-345fbe0d,shapley,conditional
26,1011,3,0.2000000029802322,-0.25762540102005,0.074730098247528,0.0083592534065246,32.0,0.0,1.0,0.0078431582078337,32,0.0,49,0,1,shapley-20260606T014953Z-345fbe0d,shapley,conditional
27,11011,4,0.4000000059604645,-0.1929222494363784,0.0472138151526451,0.0099948197603225,32.0,0.0,1.0,0.0159654691815376,32,0.0,49,0,1,shapley-20260606T014953Z-345fbe0d,shapley,conditional
28,111,3,0.2000000029802322,-0.8392480611801147,0.8953720331192017,0.191034734249115,32.0,0.0,1.0,0.0337136462330818,32,0.0,49,0,1,shapley-20260606T014953Z-345fbe0d,shapley,conditional
29,10111,4,0.4000000059604645,-0.5967684388160706,0.4432682991027832,0.0871357321739196,32.0,0.0,1.0,0.0451876558363437,32,0.0,49,0,1,shapley-20260606T014953Z-345fbe0d,shapley,conditional
30,1111,4,0.4000000059604645,-0.0637795403599739,0.0128478650003671,0.0087800351902842,32.0,0.0,1.0,0.0150265535339713,32,0.0,49,0,1,shapley-20260606T014953Z-345fbe0d,shapley,conditional
31,11111,5,1.0,0.0,0.0,0.0,32.0,0.0,1.0,0.0010000000474974,32,0.0,49,0,1,shapley-20260606T014953Z-345fbe0d,shapley,conditional
0,0,0,1.0,-0.9603086113929749,1.1637003421783447,0.2415077090263366,256.0,32.0,0.875,0.182661160826683,224,0.0,69,1,2,shapley-20260606T014953Z-345fbe0d,shapley,conditional
1,10000,1,0.4000000059604645,-0.9022526144981384,1.052078366279602,0.2380185723304748,96.0,32.0,0.6666666865348816,0.0731376558542251,64,0.0,69,1,2,shapley-20260606T014953Z-345fbe0d,shapley,conditional
2,1000,1,0.4000000059604645,-0.430326759815216,0.2207486480474472,0.0355675220489501,32.0,0.0,1.0,0.0288858208805322,0,0.0,69,1,2,shapley-20260606T014953Z-345fbe0d,shapley,conditional
3,11000,2,0.2000000029802322,-0.3425852656364441,0.1553383767604828,0.0379737094044685,32.0,0.0,1.0,0.0154068190604448,0,0.0,69,1,2,shapley-20260606T014953Z-345fbe0d,shapley,conditional
4,100,1,0.4000000059604645,-0.6970009207725525,0.650499165058136,0.1646888852119445,128.0,32.0,0.75,0.0610051788389682,96,0.0,69,1,2,shapley-20260606T014953Z-345fbe0d,shapley,conditional
5,10100,2,0.2000000029802322,-0.6690636873245239,0.6204187870025635,0.1727725565433502,96.0,32.0,0.6666666865348816,0.0317301005125045,64,0.0,69,1,2,shapley-20260606T014953Z-345fbe0d,shapley,conditional
6,1100,2,0.2000000029802322,-0.1985392421483993,0.0687765479087829,0.0293587185442447,32.0,0.0,1.0,0.0136676244437694,0,0.0,69,1,2,shapley-20260606T014953Z-345fbe0d,shapley,conditional
7,11100,3,0.2000000029802322,-0.1536197811365127,0.0348492711782455,0.0112502332776784,32.0,0.0,1.0,0.008841648697853,0,0.0,69,1,2,shapley-20260606T014953Z-345fbe0d,shapley,conditional
8,10,1,0.4000000059604645,-0.7373509407043457,0.7004696726799011,0.1567832827568054,192.0,32.0,0.8333333134651184,0.0595472455024719,160,0.0,69,1,2,shapley-20260606T014953Z-345fbe0d,shapley,conditional
9,10010,2,0.2000000029802322,-0.7210740447044373,0.6865091323852539,0.1665613651275634,160.0,32.0,0.800000011920929,0.0311726685613393,128,0.0,69,1,2,shapley-20260606T014953Z-345fbe0d,shapley,conditional
10,1010,2,0.2000000029802322,-0.2937719821929931,0.1120643764734268,0.0257624015212059,32.0,0.0,1.0,0.0128664216026663,0,0.0,69,1,2,shapley-20260606T014953Z-345fbe0d,shapley,conditional
11,11010,3,0.2000000029802322,-0.2085750997066497,0.0646339580416679,0.0211303867399692,32.0,0.0,1.0,0.011746828444302,0,0.0,69,1,2,shapley-20260606T014953Z-345fbe0d,shapley,conditional
12,110,2,0.2000000029802322,-0.6287245750427246,0.5733684301376343,0.1780738532543182,64.0,32.0,0.5,0.032197993248701,32,0.0,69,1,2,shapley-20260606T014953Z-345fbe0d,shapley,conditional
13,10110,3,0.2000000029802322,-0.5861481428146362,0.4770585596561432,0.1334889233112335,64.0,32.0,0.5,0.0280115343630313,32,0.0,69,1,2,shapley-20260606T014953Z-345fbe0d,shapley,conditional
14,1110,3,0.2000000029802322,-0.0639698952436447,0.0108787296339869,0.0067865820601582,64.0,32.0,0.5,0.0070904893800616,32,0.0,69,1,2,shapley-20260606T014953Z-345fbe0d,shapley,conditional
15,11110,4,0.4000000059604645,-0.0099282013252377,0.0006944282213225,0.0005958590190857,32.0,0.0,1.0,0.0046093445271253,0,0.0,69,1,2,shapley-20260606T014953Z-345fbe0d,shapley,conditional
16,1,1,0.4000000059604645,-0.8464675545692444,0.9352221488952636,0.2187148332595825,192.0,32.0,0.8333333134651184,0.0701505616307258,160,0.0,69,1,2,shapley-20260606T014953Z-345fbe0d,shapley,conditional
17,10001,2,0.2000000029802322,-0.855652928352356,0.96117901802063,0.2290371060371399,96.0,32.0,0.6666666865348816,0.0363817662000656,64,0.0,69,1,2,shapley-20260606T014953Z-345fbe0d,shapley,conditional
18,1001,2,0.2000000029802322,-0.3425356149673462,0.1550989598035812,0.0377683117985725,96.0,32.0,0.6666666865348816,0.0153678031638264,64,0.0,69,1,2,shapley-20260606T014953Z-345fbe0d,shapley,conditional
19,11001,3,0.2000000029802322,-0.3035506904125213,0.1156197637319564,0.0234767422080039,96.0,32.0,0.6666666865348816,0.0123277986422181,64,0.0,69,1,2,shapley-20260606T014953Z-345fbe0d,shapley,conditional
20,101,2,0.2000000029802322,-0.6124049425125122,0.5300685167312622,0.1550287008285522,96.0,32.0,0.6666666865348816,0.0301093608140945,64,0.0,69,1,2,shapley-20260606T014953Z-345fbe0d,shapley,conditional
21,10101,3,0.2000000029802322,-0.6663818359375,0.5398603677749634,0.0957956314086914,32.0,0.0,1.0,0.0238822884857654,0,0.0,69,1,2,shapley-20260606T014953Z-345fbe0d,shapley,conditional
22,1101,3,0.2000000029802322,-0.1544694453477859,0.0374643728137016,0.0136035624891519,32.0,0.0,1.0,0.009622891433537,0,0.0,69,1,2,shapley-20260606T014953Z-345fbe0d,shapley,conditional
23,11101,4,0.4000000059604645,-0.1069253534078598,0.0242704655975103,0.0128374341875314,32.0,0.0,1.0,0.0177531205117702,0,0.0,69,1,2,shapley-20260606T014953Z-345fbe0d,shapley,conditional
24,11,2,0.2000000029802322,-0.7658602595329285,0.7925234436988831,0.2059814929962158,96.0,32.0,0.6666666865348816,0.0345537215471267,64,0.0,69,1,2,shapley-20260606T014953Z-345fbe0d,shapley,conditional
25,10011,3,0.2000000029802322,-0.7153835296630859,0.6639997363090515,0.1522261500358581,64.0,32.0,0.5,0.0298450458794832,32,0.0,69,1,2,shapley-20260606T014953Z-345fbe0d,shapley,conditional
26,1011,3,0.2000000029802322,-0.2379713654518127,0.0701579228043556,0.0135275535285472,64.0,32.0,0.5,0.0095987683162093,32,0.0,69,1,2,shapley-20260606T014953Z-345fbe0d,shapley,conditional
27,11011,4,0.4000000059604645,-0.1833217740058899,0.0439110472798347,0.0103041753172874,128.0,32.0,0.75,0.0160093959420919,96,0.0,69,1,2,shapley-20260606T014953Z-345fbe0d,shapley,conditional
28,111,3,0.2000000029802322,-0.656432032585144,0.5976197719573975,0.1667167544364929,128.0,32.0,0.75,0.0311867427080869,96,0.0,69,1,2,shapley-20260606T014953Z-345fbe0d,shapley,conditional
29,10111,4,0.4000000059604645,-0.5265222787857056,0.3648820519447326,0.0876563489437103,64.0,32.0,0.5,0.0447772331535816,32,0.0,69,1,2,shapley-20260606T014953Z-345fbe0d,shapley,conditional
30,1111,4,0.4000000059604645,-0.0637795403599739,0.0128478650003671,0.0087800351902842,32.0,0.0,1.0,0.0148549424484372,0,0.0,69,1,2,shapley-20260606T014953Z-345fbe0d,shapley,conditional
31,11111,5,1.0,0.0,0.0,0.0,32.0,0.0,1.0,0.0010000000474974,0,0.0,69,1,2,shapley-20260606T014953Z-345fbe0d,shapley,conditional
0,0,0,1.0,-0.9056763648986816,1.0569772720336914,0.2367275953292846,256.0,256.0,0.5555555820465088,0.1773177832365036,320,0.0,89,2,3,shapley-20260606T014953Z-345fbe0d,shapley,conditional
1,10000,1,0.4000000059604645,-0.9132717847824096,1.0579910278320312,0.2239256501197815,160.0,96.0,0.4000000059604645,0.069593608379364,64,0.0,89,2,3,shapley-20260606T014953Z-345fbe0d,shapley,conditional
2,1000,1,0.4000000059604645,-0.4096426963806152,0.2068493664264679,0.0390422344207763,64.0,32.0,0.5,0.0296417158097028,32,0.0,89,2,3,shapley-20260606T014953Z-345fbe0d,shapley,conditional
3,11000,2,0.2000000029802322,-0.3425852656364441,0.1553383767604828,0.0379737094044685,32.0,0.0,1.0,0.0151235284283757,0,0.0,89,2,3,shapley-20260606T014953Z-345fbe0d,shapley,conditional
4,100,1,0.4000000059604645,-0.7239978909492493,0.7205929756164551,0.1964200139045715,160.0,128.0,0.2000000029802322,0.0652428194880485,32,0.0,89,2,3,shapley-20260606T014953Z-345fbe0d,shapley,conditional
5,10100,2,0.2000000029802322,-0.6690636873245239,0.6204187870025635,0.1727725565433502,96.0,32.0,0.6666666865348816,0.0311258360743522,0,0.0,89,2,3,shapley-20260606T014953Z-345fbe0d,shapley,conditional
6,1100,2,0.2000000029802322,-0.2328379452228546,0.0848344415426254,0.0306209325790405,96.0,32.0,0.6666666865348816,0.0136826764792203,64,0.0,89,2,3,shapley-20260606T014953Z-345fbe0d,shapley,conditional
7,11100,3,0.2000000029802322,-0.1536197811365127,0.0348492711782455,0.0112502332776784,32.0,0.0,1.0,0.0086874524131417,0,0.0,89,2,3,shapley-20260606T014953Z-345fbe0d,shapley,conditional
8,10,1,0.4000000059604645,-0.7512725591659546,0.7557570934295654,0.1913466453552246,256.0,192.0,0.4545454680919647,0.0644077211618423,160,0.0,89,2,3,shapley-20260606T014953Z-345fbe0d,shapley,conditional
9,10010,2,0.2000000029802322,-0.7195400595664978,0.6830928325653076,0.1653549075126648,192.0,160.0,0.1666666716337204,0.0304720420390367,32,0.0,89,2,3,shapley-20260606T014953Z-345fbe0d,shapley,conditional
10,1010,2,0.2000000029802322,-0.2937719821929931,0.1120643764734268,0.0257624015212059,32.0,0.0,1.0,0.0126330843195319,0,0.0,89,2,3,shapley-20260606T014953Z-345fbe0d,shapley,conditional
11,11010,3,0.2000000029802322,-0.2018018960952758,0.0598669275641441,0.019142922013998,96.0,32.0,0.6666666865348816,0.0110278036445379,64,0.0,89,2,3,shapley-20260606T014953Z-345fbe0d,shapley,conditional
12,110,2,0.2000000029802322,-0.6011385917663574,0.5196868181228638,0.1583192050457,128.0,64.0,0.5,0.0298382230103015,64,0.0,89,2,3,shapley-20260606T014953Z-345fbe0d,shapley,conditional
13,10110,3,0.2000000029802322,-0.5838226675987244,0.4790445566177368,0.138195663690567,128.0,64.0,0.5,0.0279431845992803,64,0.0,89,2,3,shapley-20260606T014953Z-345fbe0d,shapley,conditional
14,1110,3,0.2000000029802322,-0.0555265806615352,0.0085050342604517,0.0054218331351876,128.0,64.0,0.5,0.0063367243856191,64,0.0,89,2,3,shapley-20260606T014953Z-345fbe0d,shapley,conditional
15,11110,4,0.4000000059604645,-0.0099282013252377,0.0006944282213225,0.0005958590190857,32.0,0.0,1.0,0.0045383716933429,0,0.0,89,2,3,shapley-20260606T014953Z-345fbe0d,shapley,conditional
16,1,1,0.4000000059604645,-0.8750280141830444,0.9995304346084596,0.2338563799858093,256.0,192.0,0.25,0.0710981115698814,64,0.0,89,2,3,shapley-20260606T014953Z-345fbe0d,shapley,conditional
17,10001,2,0.2000000029802322,-0.8140091300010681,0.8780390024185181,0.2154281139373779,192.0,96.0,0.5,0.03463976085186,96,0.0,89,2,3,shapley-20260606T014953Z-345fbe0d,shapley,conditional
18,1001,2,0.2000000029802322,-0.3536101579666137,0.1684587597846985,0.0434186160564422,128.0,96.0,0.25,0.0161021798849105,32,0.0,89,2,3,shapley-20260606T014953Z-345fbe0d,shapley,conditional
19,11001,3,0.2000000029802322,-0.3021249175071716,0.1192989647388458,0.0280194953083992,160.0,96.0,0.4000000059604645,0.0131319835782051,64,0.0,89,2,3,shapley-20260606T014953Z-345fbe0d,shapley,conditional
20,101,2,0.2000000029802322,-0.6436030864715576,0.5965749621391296,0.1823500394821167,160.0,96.0,0.4000000059604645,0.0319495685398578,64,0.0,89,2,3,shapley-20260606T014953Z-345fbe0d,shapley,conditional
21,10101,3,0.2000000029802322,-0.6663818359375,0.5398603677749634,0.0957956314086914,32.0,0.0,1.0,0.0234323367476463,0,0.0,89,2,3,shapley-20260606T014953Z-345fbe0d,shapley,conditional
22,1101,3,0.2000000029802322,-0.1544694453477859,0.0374643728137016,0.0136035624891519,32.0,0.0,1.0,0.0094533339142799,0,0.0,89,2,3,shapley-20260606T014953Z-345fbe0d,shapley,conditional
23,11101,4,0.4000000059604645,-0.0998833775520324,0.0185856744647026,0.0086089856922626,96.0,32.0,0.6666666865348816,0.0144495479762554,64,0.0,89,2,3,shapley-20260606T014953Z-345fbe0d,shapley,conditional
24,11,2,0.2000000029802322,-0.7482950687408447,0.7679324150085449,0.2079868912696838,128.0,96.0,0.25,0.0340536683797836,32,0.0,89,2,3,shapley-20260606T014953Z-345fbe0d,shapley,conditional
25,10011,3,0.2000000029802322,-0.6924381256103516,0.6679244041442871,0.1884538531303405,128.0,64.0,0.5,0.0324632935225963,64,0.0,89,2,3,shapley-20260606T014953Z-345fbe0d,shapley,conditional
26,1011,3,0.2000000029802322,-0.2360534071922302,0.0707765817642211,0.0150553695857524,96.0,64.0,0.3333333432674408,0.0098929814994335,32,0.0,89,2,3,shapley-20260606T014953Z-345fbe0d,shapley,conditional
27,11011,4,0.4000000059604645,-0.1832414716482162,0.0444174297153949,0.0108399912714958,160.0,128.0,0.2000000029802322,0.0160919781774282,32,0.0,89,2,3,shapley-20260606T014953Z-345fbe0d,shapley,conditional
28,111,3,0.2000000029802322,-0.6464833617210388,0.5851284861564636,0.167187750339508,160.0,128.0,0.2000000029802322,0.0306349322199821,32,0.0,89,2,3,shapley-20260606T014953Z-345fbe0d,shapley,conditional
29,10111,4,0.4000000059604645,-0.514514148235321,0.3762640655040741,0.1115392446517944,128.0,64.0,0.5,0.0494111627340316,64,0.0,89,2,3,shapley-20260606T014953Z-345fbe0d,shapley,conditional
30,1111,4,0.4000000059604645,-0.0637795403599739,0.0128478650003671,0.0087800351902842,32.0,0.0,1.0,0.0145825035870075,0,0.0,89,2,3,shapley-20260606T014953Z-345fbe0d,shapley,conditional
31,11111,5,1.0,0.0,0.0,0.0,32.0,0.0,1.0,0.0010000000474974,0,0.0,89,2,3,shapley-20260606T014953Z-345fbe0d,shapley,conditional
0,0,0,1.0,-0.8617842197418213,1.0142074823379517,0.2715354561805725,256.0,256.0,0.529411792755127,0.1853908747434616,288,0.0,109,3,4,shapley-20260606T014953Z-345fbe0d,shapley,conditional
1,10000,1,0.4000000059604645,-0.8719744682312012,0.9906347990036012,0.2302953004837036,224.0,160.0,0.2857142984867096,0.0689248517155647,64,0.0,109,3,4,shapley-20260606T014953Z-345fbe0d,shapley,conditional
2,1000,1,0.4000000059604645,-0.362859696149826,0.1693638563156128,0.0376967042684555,128.0,64.0,0.5,0.028481338173151,64,0.0,109,3,4,shapley-20260606T014953Z-345fbe0d,shapley,conditional
3,11000,2,0.2000000029802322,-0.3425852656364441,0.1553383767604828,0.0379737094044685,32.0,0.0,1.0,0.0147910611703991,0,0.0,109,3,4,shapley-20260606T014953Z-345fbe0d,shapley,conditional
4,100,1,0.4000000059604645,-0.7116059064865112,0.6968186497688293,0.1904357075691223,256.0,160.0,0.375,0.0627675428986549,96,0.0,109,3,4,shapley-20260606T014953Z-345fbe0d,shapley,conditional
5,10100,2,0.2000000029802322,-0.6874613165855408,0.6873396635055542,0.2147366106510162,160.0,96.0,0.4000000059604645,0.0337951183319091,64,0.0,109,3,4,shapley-20260606T014953Z-345fbe0d,shapley,conditional
6,1100,2,0.2000000029802322,-0.2209540605545044,0.079126551747322,0.0303058549761772,128.0,96.0,0.25,0.0133202476426959,32,0.0,109,3,4,shapley-20260606T014953Z-345fbe0d,shapley,conditional
7,11100,3,0.2000000029802322,-0.1536197811365127,0.0348492711782455,0.0112502332776784,32.0,0.0,1.0,0.0085064899176359,0,0.0,109,3,4,shapley-20260606T014953Z-345fbe0d,shapley,conditional
8,10,1,0.4000000059604645,-0.718177318572998,0.6975507736206055,0.1817721128463745,256.0,256.0,0.4285714328289032,0.0613461770117282,192,0.0,109,3,4,shapley-20260606T014953Z-345fbe0d,shapley,conditional
9,10010,2,0.2000000029802322,-0.7195400595664978,0.6830928325653076,0.1653549075126648,192.0,160.0,0.1666666716337204,0.0297782700508832,0,0.0,109,3,4,shapley-20260606T014953Z-345fbe0d,shapley,conditional
10,1010,2,0.2000000029802322,-0.2937719821929931,0.1120643764734268,0.0257624015212059,32.0,0.0,1.0,0.0123592419549822,0,0.0,109,3,4,shapley-20260606T014953Z-345fbe0d,shapley,conditional
11,11010,3,0.2000000029802322,-0.1926073729991912,0.0537724234163761,0.0166748240590095,160.0,96.0,0.4000000059604645,0.0101387500762939,64,0.0,109,3,4,shapley-20260606T014953Z-345fbe0d,shapley,conditional
12,110,2,0.2000000029802322,-0.6092835664749146,0.5296450853347778,0.1584186255931854,160.0,128.0,0.2000000029802322,0.0291682109236717,32,0.0,109,3,4,shapley-20260606T014953Z-345fbe0d,shapley,conditional
13,10110,3,0.2000000029802322,-0.5948611497879028,0.5024560689926147,0.1485962867736816,192.0,128.0,0.3333333432674408,0.0282809920608997,64,0.0,109,3,4,shapley-20260606T014953Z-345fbe0d,shapley,conditional
14,1110,3,0.2000000029802322,-0.0509354583919048,0.0073329652659595,0.004738544113934,160.0,128.0,0.2000000029802322,0.0058716787025332,32,0.0,109,3,4,shapley-20260606T014953Z-345fbe0d,shapley,conditional
15,11110,4,0.4000000059604645,-0.0099282013252377,0.0006944282213225,0.0005958590190857,32.0,0.0,1.0,0.0044550783932209,0,0.0,109,3,4,shapley-20260606T014953Z-345fbe0d,shapley,conditional
16,1,1,0.4000000059604645,-0.8709773421287537,1.0042424201965332,0.2456408739089965,256.0,256.0,0.1111111119389534,0.071151427924633,32,0.0,109,3,4,shapley-20260606T014953Z-345fbe0d,shapley,conditional
17,10001,2,0.2000000029802322,-0.803275465965271,0.8528382778167725,0.2075868248939514,256.0,192.0,0.25,0.0332445278763771,64,0.0,109,3,4,shapley-20260606T014953Z-345fbe0d,shapley,conditional
18,1001,2,0.2000000029802322,-0.3536101579666137,0.1684587597846985,0.0434186160564422,128.0,96.0,0.25,0.0157466754317283,0,0.0,109,3,4,shapley-20260606T014953Z-345fbe0d,shapley,conditional
19,11001,3,0.2000000029802322,-0.2960491776466369,0.1249405816197395,0.0372954681515693,224.0,160.0,0.2857142984867096,0.0146673461422324,64,0.0,109,3,4,shapley-20260606T014953Z-345fbe0d,shapley,conditional
20,101,2,0.2000000029802322,-0.6576378345489502,0.6134589910507202,0.180971473455429,192.0,160.0,0.1666666716337204,0.0311065651476383,32,0.0,109,3,4,shapley-20260606T014953Z-345fbe0d,shapley,conditional
21,10101,3,0.2000000029802322,-0.6901004314422607,0.6336184740066528,0.1573798656463623,64.0,32.0,0.5,0.0290757119655609,32,0.0,109,3,4,shapley-20260606T014953Z-345fbe0d,shapley,conditional
22,1101,3,0.2000000029802322,-0.1544694453477859,0.0374643728137016,0.0136035624891519,32.0,0.0,1.0,0.0092543428763747,0,0.0,109,3,4,shapley-20260606T014953Z-345fbe0d,shapley,conditional
23,11101,4,0.4000000059604645,-0.0998833775520324,0.0185856744647026,0.0086089856922626,96.0,32.0,0.6666666865348816,0.0141329457983374,0,0.0,109,3,4,shapley-20260606T014953Z-345fbe0d,shapley,conditional
24,11,2,0.2000000029802322,-0.7477559447288513,0.7568917870521545,0.197752833366394,160.0,128.0,0.2000000029802322,0.0324715077877044,32,0.0,109,3,4,shapley-20260606T014953Z-345fbe0d,shapley,conditional
25,10011,3,0.2000000029802322,-0.6924381256103516,0.6679244041442871,0.1884538531303405,128.0,64.0,0.5,0.0317226499319076,0,0.0,109,3,4,shapley-20260606T014953Z-345fbe0d,shapley,conditional
26,1011,3,0.2000000029802322,-0.2238309681415558,0.0657214224338531,0.0156211219727993,128.0,96.0,0.25,0.0098452940583229,32,0.0,109,3,4,shapley-20260606T014953Z-345fbe0d,shapley,conditional
27,11011,4,0.4000000059604645,-0.1832414716482162,0.0444174297153949,0.0108399912714958,160.0,128.0,0.2000000029802322,0.0157367121428251,0,0.0,109,3,4,shapley-20260606T014953Z-345fbe0d,shapley,conditional
28,111,3,0.2000000029802322,-0.6086632013320923,0.5179628729820251,0.1474919915199279,256.0,160.0,0.375,0.0281794313341379,96,0.0,109,3,4,shapley-20260606T014953Z-345fbe0d,shapley,conditional
29,10111,4,0.4000000059604645,-0.5208818912506104,0.411332905292511,0.1400149464607238,256.0,128.0,0.5555555820465088,0.0539630949497222,160,0.0,109,3,4,shapley-20260606T014953Z-345fbe0d,shapley,conditional
30,1111,4,0.4000000059604645,-0.0503061488270759,0.0078527852892875,0.0053220763802528,96.0,32.0,0.6666666865348816,0.0113258715718984,64,0.0,109,3,4,shapley-20260606T014953Z-345fbe0d,shapley,conditional
31,11111,5,1.0,0.0,0.0,0.0,32.0,0.0,1.0,0.0010000000474974,0,0.0,109,3,4,shapley-20260606T014953Z-345fbe0d,shapley,conditional
0,0,0,1.0,-0.8231606483459473,0.9836681485176086,0.3060746788978576,256.0,256.0,0.5789473652839661,0.1912760883569717,352,0.0,129,4,5,shapley-20260606T014953Z-345fbe0d,shapley,conditional
1,10000,1,0.4000000059604645,-0.8618308305740356,0.9740223288536072,0.2312699556350708,256.0,224.0,0.125,0.0671591833233833,32,0.0,129,4,5,shapley-20260606T014953Z-345fbe0d,shapley,conditional
2,1000,1,0.4000000059604645,-0.3245058953762054,0.1400744020938873,0.0347703248262405,224.0,128.0,0.4285714328289032,0.0266528073698282,96,0.0,129,4,5,shapley-20260606T014953Z-345fbe0d,shapley,conditional
3,11000,2,0.2000000029802322,-0.3425852656364441,0.1553383767604828,0.0379737094044685,32.0,0.0,1.0,0.01440423540771,0,0.0,129,4,5,shapley-20260606T014953Z-345fbe0d,shapley,conditional
4,100,1,0.4000000059604645,-0.6966626048088074,0.6841234564781189,0.1987846791744232,256.0,256.0,0.2000000029802322,0.0623369179666042,64,0.0,129,4,5,shapley-20260606T014953Z-345fbe0d,shapley,conditional
5,10100,2,0.2000000029802322,-0.6665423512458801,0.649649977684021,0.2053712606430053,192.0,160.0,0.1666666716337204,0.0321724079549312,32,0.0,129,4,5,shapley-20260606T014953Z-345fbe0d,shapley,conditional
6,1100,2,0.2000000029802322,-0.2037938833236694,0.068702295422554,0.0271703489124774,160.0,128.0,0.2000000029802322,0.0123383058235049,32,0.0,129,4,5,shapley-20260606T014953Z-345fbe0d,shapley,conditional
7,11100,3,0.2000000029802322,-0.1536197811365127,0.0348492711782455,0.0112502332776784,32.0,0.0,1.0,0.0082959402352571,0,0.0,129,4,5,shapley-20260606T014953Z-345fbe0d,shapley,conditional
8,10,1,0.4000000059604645,-0.728105902671814,0.7388613820075989,0.2087231874465942,256.0,256.0,0.2000000029802322,0.0638515353202819,64,0.0,129,4,5,shapley-20260606T014953Z-345fbe0d,shapley,conditional
9,10010,2,0.2000000029802322,-0.710168719291687,0.6724820137023926,0.1681423783302307,224.0,192.0,0.1428571492433548,0.0292058438062667,32,0.0,129,4,5,shapley-20260606T014953Z-345fbe0d,shapley,conditional
10,1010,2,0.2000000029802322,-0.2937719821929931,0.1120643764734268,0.0257624015212059,32.0,0.0,1.0,0.0120406253263354,0,0.0,129,4,5,shapley-20260606T014953Z-345fbe0d,shapley,conditional
11,11010,3,0.2000000029802322,-0.1926073729991912,0.0537724234163761,0.0166748240590095,160.0,96.0,0.4000000059604645,0.009882416576147,0,0.0,129,4,5,shapley-20260606T014953Z-345fbe0d,shapley,conditional
12,110,2,0.2000000029802322,-0.5921980738639832,0.5122429132461548,0.1615443527698516,192.0,160.0,0.1666666716337204,0.0286468975245952,32,0.0,129,4,5,shapley-20260606T014953Z-345fbe0d,shapley,conditional
13,10110,3,0.2000000029802322,-0.5675444006919861,0.4609835743904114,0.1388769149780273,256.0,192.0,0.25,0.0266339499503374,64,0.0,129,4,5,shapley-20260606T014953Z-345fbe0d,shapley,conditional
14,1110,3,0.2000000029802322,-0.0509354583919048,0.0073329652659595,0.004738544113934,160.0,128.0,0.2000000029802322,0.0057350327260792,0,0.0,129,4,5,shapley-20260606T014953Z-345fbe0d,shapley,conditional
15,11110,4,0.4000000059604645,-0.0099282013252377,0.0006944282213225,0.0005958590190857,32.0,0.0,1.0,0.0043581668287515,0,0.0,129,4,5,shapley-20260606T014953Z-345fbe0d,shapley,conditional
16,1,1,0.4000000059604645,-0.8469029068946838,0.9985291957855223,0.2812846899032593,256.0,256.0,0.3846153914928436,0.0739631503820419,160,0.0,129,4,5,shapley-20260606T014953Z-345fbe0d,shapley,conditional
17,10001,2,0.2000000029802322,-0.7650534510612488,0.799148440361023,0.2138416767120361,256.0,256.0,0.2727272808551788,0.0328087545931339,96,0.0,129,4,5,shapley-20260606T014953Z-345fbe0d,shapley,conditional
18,1001,2,0.2000000029802322,-0.3196927905082702,0.1460381597280502,0.0438346788287162,192.0,128.0,0.3333333432674408,0.0154015561565756,64,0.0,129,4,5,shapley-20260606T014953Z-345fbe0d,shapley,conditional
19,11001,3,0.2000000029802322,-0.2960491776466369,0.1249405816197395,0.0372954681515693,224.0,160.0,0.2857142984867096,0.0142839914187788,0,0.0,129,4,5,shapley-20260606T014953Z-345fbe0d,shapley,conditional
20,101,2,0.2000000029802322,-0.6420080065727234,0.5895029306411743,0.1773286461830139,224.0,192.0,0.1428571492433548,0.0299660954624414,32,0.0,129,4,5,shapley-20260606T014953Z-345fbe0d,shapley,conditional
21,10101,3,0.2000000029802322,-0.6590234041213989,0.6484612822532654,0.2141494452953338,192.0,64.0,0.6666666865348816,0.032831635326147,128,0.0,129,4,5,shapley-20260606T014953Z-345fbe0d,shapley,conditional
22,1101,3,0.2000000029802322,-0.1544694453477859,0.0374643728137016,0.0136035624891519,32.0,0.0,1.0,0.0090228160843253,0,0.0,129,4,5,shapley-20260606T014953Z-345fbe0d,shapley,conditional
23,11101,4,0.4000000059604645,-0.1062250137329101,0.0208159629255533,0.0095322094857692,160.0,96.0,0.4000000059604645,0.0144315864890813,64,0.0,129,4,5,shapley-20260606T014953Z-345fbe0d,shapley,conditional
24,11,2,0.2000000029802322,-0.7397159934043884,0.7558834552764893,0.2087036967277526,192.0,160.0,0.1666666716337204,0.032424297183752,32,0.0,129,4,5,shapley-20260606T014953Z-345fbe0d,shapley,conditional
25,10011,3,0.2000000029802322,-0.6753413677215576,0.6401113867759705,0.1840254366397857,160.0,128.0,0.2000000029802322,0.030507979914546,32,0.0,129,4,5,shapley-20260606T014953Z-345fbe0d,shapley,conditional
26,1011,3,0.2000000029802322,-0.2194129824638366,0.0651946738362312,0.0170526169240474,160.0,128.0,0.2000000029802322,0.0099824760109186,32,0.0,129,4,5,shapley-20260606T014953Z-345fbe0d,shapley,conditional
27,11011,4,0.4000000059604645,-0.1832414716482162,0.0444174297153949,0.0108399912714958,160.0,128.0,0.2000000029802322,0.0153233632445335,0,0.0,129,4,5,shapley-20260606T014953Z-345fbe0d,shapley,conditional
28,111,3,0.2000000029802322,-0.6008439064025879,0.5221673250198364,0.1611539125442505,256.0,256.0,0.2727272808551788,0.0286134667694568,96,0.0,129,4,5,shapley-20260606T014953Z-345fbe0d,shapley,conditional
29,10111,4,0.4000000059604645,-0.5351779460906982,0.4334022998809814,0.1469868719577789,256.0,256.0,0.1111111119389534,0.0537436008453369,32,0.0,129,4,5,shapley-20260606T014953Z-345fbe0d,shapley,conditional
30,1111,4,0.4000000059604645,-0.0484637208282947,0.0073250848799943,0.0049763526767492,128.0,96.0,0.25,0.0107047893106937,32,0.0,129,4,5,shapley-20260606T014953Z-345fbe0d,shapley,conditional
31,11111,5,1.0,0.0,0.0,0.0,32.0,0.0,1.0,0.0010000000474974,0,0.0,129,4,5,shapley-20260606T014953Z-345fbe0d,shapley,conditional
0,0,0,1.0,-0.8003700971603394,0.9194032549858092,0.278810977935791,256.0,251.2055511474609,0.5341191291809082,0.181237906217575,288,0.0187283242950716,169,5,6,shapley-20260606T014953Z-345fbe0d,shapley,conditional
1,10000,1,0.4000000059604645,-0.8437552452087402,0.9729206562042236,0.2609977126121521,256.0,251.2055511474609,0.2764932811260223,0.0707540661096572,96,0.0187283242950716,169,5,6,shapley-20260606T014953Z-345fbe0d,shapley,conditional
2,1000,1,0.4000000059604645,-0.3245058953762054,0.1400744020938873,0.0347703248262405,224.0,128.0,0.4285714328289032,0.0264598317444324,0,0.0187283242950716,169,5,6,shapley-20260606T014953Z-345fbe0d,shapley,conditional
3,11000,2,0.2000000029802322,-0.3425852656364441,0.1553383767604828,0.0379737094044685,32.0,0.0,1.0,0.0143034011125564,0,0.0187283242950716,169,5,6,shapley-20260606T014953Z-345fbe0d,shapley,conditional
4,100,1,0.4000000059604645,-0.6579640507698059,0.6354763507843018,0.2025596499443054,256.0,251.2055511474609,0.3375478088855743,0.0624508149921894,128,0.0187283242950716,169,5,6,shapley-20260606T014953Z-345fbe0d,shapley,conditional
5,10100,2,0.2000000029802322,-0.6894248723983765,0.7562645673751831,0.2809579074382782,256.0,188.40415954589844,0.3375478088855743,0.0371860973536968,96,0.0187283242950716,169,5,6,shapley-20260606T014953Z-345fbe0d,shapley,conditional
6,1100,2,0.2000000029802322,-0.2037938833236694,0.068702295422554,0.0271703489124774,160.0,128.0,0.2000000029802322,0.0122530125081539,0,0.0187283242950716,169,5,6,shapley-20260606T014953Z-345fbe0d,shapley,conditional
7,11100,3,0.2000000029802322,-0.125802993774414,0.0257037822157144,0.0098773892968893,63.40069580078125,31.400693893432617,0.5047263503074646,0.0077848811633884,32,0.0187283242950716,169,5,6,shapley-20260606T014953Z-345fbe0d,shapley,conditional
8,10,1,0.4000000059604645,-0.7225784659385681,0.7333171963691711,0.211197555065155,256.0,251.2055511474609,0.2764932811260223,0.0637473836541175,96,0.0187283242950716,169,5,6,shapley-20260606T014953Z-345fbe0d,shapley,conditional
9,10010,2,0.2000000029802322,-0.6871519684791565,0.6379452347755432,0.1657674014568328,251.8048553466797,219.8048553466797,0.1270825415849685,0.0287952572107315,32,0.0187283242950716,169,5,6,shapley-20260606T014953Z-345fbe0d,shapley,conditional
10,1010,2,0.2000000029802322,-0.2584494948387146,0.0925807058811187,0.0257845669984817,63.40069580078125,31.400693893432617,0.5047263503074646,0.0119622843340039,32,0.0187283242950716,169,5,6,shapley-20260606T014953Z-345fbe0d,shapley,conditional
11,11010,3,0.2000000029802322,-0.1926073729991912,0.0537724234163761,0.0166748240590095,160.0,96.0,0.4000000059604645,0.0098155979067087,0,0.0187283242950716,169,5,6,shapley-20260606T014953Z-345fbe0d,shapley,conditional
12,110,2,0.2000000029802322,-0.6004502773284912,0.5316665172576904,0.17112597823143,220.40415954589844,188.40415954589844,0.1451878249645233,0.0292409397661685,32,0.0187283242950716,169,5,6,shapley-20260606T014953Z-345fbe0d,shapley,conditional
13,10110,3,0.2000000029802322,-0.5675444006919861,0.4609835743904114,0.1388769149780273,256.0,192.0,0.25,0.0264411158859729,0,0.0187283242950716,169,5,6,shapley-20260606T014953Z-345fbe0d,shapley,conditional
14,1110,3,0.2000000029802322,-0.0509354583919048,0.0073329652659595,0.004738544113934,160.0,128.0,0.2000000029802322,0.0056994128972291,0,0.0187283242950716,169,5,6,shapley-20260606T014953Z-345fbe0d,shapley,conditional
15,11110,4,0.4000000059604645,-0.0099282013252377,0.0006944282213225,0.0005958590190857,32.0,0.0,1.0,0.0043329047039151,0,0.0187283242950716,169,5,6,shapley-20260606T014953Z-345fbe0d,shapley,conditional
16,1,1,0.4000000059604645,-0.8476897478103638,1.0446611642837524,0.326083242893219,256.0,251.2055511474609,0.4332075715065002,0.0789678245782852,192,0.0187283242950716,169,5,6,shapley-20260606T014953Z-345fbe0d,shapley,conditional
17,10001,2,0.2000000029802322,-0.7837252616882324,0.8270667195320129,0.2128414511680603,256.0,251.2055511474609,0.2030421048402786,0.032495554536581,64,0.0187283242950716,169,5,6,shapley-20260606T014953Z-345fbe0d,shapley,conditional
18,1001,2,0.2000000029802322,-0.3196927905082702,0.1460381597280502,0.0438346788287162,192.0,128.0,0.3333333432674408,0.0152932200580835,0,0.0187283242950716,169,5,6,shapley-20260606T014953Z-345fbe0d,shapley,conditional
19,11001,3,0.2000000029802322,-0.2975896000862121,0.1250707805156707,0.0365112125873565,251.8048553466797,219.8048553466797,0.1270825415849685,0.0140447057783603,32,0.0187283242950716,169,5,6,shapley-20260606T014953Z-345fbe0d,shapley,conditional
20,101,2,0.2000000029802322,-0.6530113220214844,0.6115573048591614,0.1851335167884826,251.8048553466797,219.8048553466797,0.1270825415849685,0.0303740389645099,32,0.0187283242950716,169,5,6,shapley-20260606T014953Z-345fbe0d,shapley,conditional
21,10101,3,0.2000000029802322,-0.6665833592414856,0.657146692276001,0.2128133177757263,220.40415954589844,188.40415954589844,0.1451878249645233,0.0324934720993042,32,0.0187283242950716,169,5,6,shapley-20260606T014953Z-345fbe0d,shapley,conditional
22,1101,3,0.2000000029802322,-0.1544694453477859,0.0374643728137016,0.0136035624891519,32.0,0.0,1.0,0.008962464518845,0,0.0187283242950716,169,5,6,shapley-20260606T014953Z-345fbe0d,shapley,conditional
23,11101,4,0.4000000059604645,-0.1003336161375045,0.0189508385956287,0.008884004317224,189.0034637451172,157.0034637451172,0.169309064745903,0.0138693181797862,32,0.0187283242950716,169,5,6,shapley-20260606T014953Z-345fbe0d,shapley,conditional
24,11,2,0.2000000029802322,-0.7421419024467468,0.7556555867195129,0.2048810124397277,220.40415954589844,188.40415954589844,0.1451878249645233,0.0319009609520435,32,0.0187283242950716,169,5,6,shapley-20260606T014953Z-345fbe0d,shapley,conditional
25,10011,3,0.2000000029802322,-0.6753413677215576,0.6401113867759705,0.1840254366397857,160.0,128.0,0.2000000029802322,0.0302860029041767,0,0.0187283242950716,169,5,6,shapley-20260606T014953Z-345fbe0d,shapley,conditional
26,1011,3,0.2000000029802322,-0.2108999192714691,0.0655492767691612,0.0210704989731311,221.0034637451172,157.0034637451172,0.2895882129669189,0.0109096569940447,64,0.0187283242950716,169,5,6,shapley-20260606T014953Z-345fbe0d,shapley,conditional
27,11011,4,0.4000000059604645,-0.1792175024747848,0.043049182742834,0.0109302699565887,189.0034637451172,157.0034637451172,0.169309064745903,0.0152746867388486,32,0.0187283242950716,169,5,6,shapley-20260606T014953Z-345fbe0d,shapley,conditional
28,111,3,0.2000000029802322,-0.5994430780410767,0.5338553786277771,0.1745233833789825,256.0,251.2055511474609,0.2030421048402786,0.0295198988169431,64,0.0187283242950716,169,5,6,shapley-20260606T014953Z-345fbe0d,shapley,conditional
29,10111,4,0.4000000059604645,-0.5334675908088684,0.429425448179245,0.1448377668857574,256.0,251.2055511474609,0.2764932811260223,0.0529627427458763,96,0.0187283242950716,169,5,6,shapley-20260606T014953Z-345fbe0d,shapley,conditional
30,1111,4,0.4000000059604645,-0.0408356636762619,0.0052573070861399,0.00358975562267,221.602783203125,125.60277557373048,0.4332075715065002,0.0091805709525942,96,0.0187283242950716,169,5,6,shapley-20260606T014953Z-345fbe0d,shapley,conditional
31,11111,5,1.0,0.0,0.0,0.0,32.0,0.0,1.0,0.0010000000474974,0,0.0187283242950716,169,5,6,shapley-20260606T014953Z-345fbe0d,shapley,conditional
