node_id,mask,coalition_size,c_value,mean,second_moment,variance,effective_count,effective_count_pre,blend_weight,probability,n_new,global_progress,epoch,cycle,sampling_phase,run_id,training_type,shapley_tactic
0,0,0,1.0,-1.2673858404159546,1.7447593212127686,0.138492465019226,32.0,0.0,1.0,0.1442770510911941,32,0.0,49,0,1,shapley-20260606T020030Z-ea4c59b9,shapley,baseline
1,10000,1,0.4000000059604645,-1.2265342473983765,1.7295374870300293,0.2251511812210083,32.0,0.0,1.0,0.0740736275911331,32,0.0,49,0,1,shapley-20260606T020030Z-ea4c59b9,shapley,baseline
2,1000,1,0.4000000059604645,-0.5023607015609741,0.3080509901046753,0.0556847155094146,32.0,0.0,1.0,0.0373405553400516,32,0.0,49,0,1,shapley-20260606T020030Z-ea4c59b9,shapley,baseline
3,11000,2,0.2000000029802322,-0.3524767160415649,0.1630803048610687,0.0388404726982116,32.0,0.0,1.0,0.0161752477288246,32,0.0,49,0,1,shapley-20260606T020030Z-ea4c59b9,shapley,baseline
4,100,1,0.4000000059604645,-1.0948506593704224,1.37945818901062,0.1807602643966674,32.0,0.0,1.0,0.0664749294519424,32,0.0,49,0,1,shapley-20260606T020030Z-ea4c59b9,shapley,baseline
5,10100,2,0.2000000029802322,-1.0717421770095823,1.3176485300064087,0.1690171957015991,32.0,0.0,1.0,0.0326562151312828,32,0.0,49,0,1,shapley-20260606T020030Z-ea4c59b9,shapley,baseline
6,1100,2,0.2000000029802322,-0.2432963550090789,0.0915195420384407,0.0323264263570308,32.0,0.0,1.0,0.0148443467915058,32,0.0,49,0,1,shapley-20260606T020030Z-ea4c59b9,shapley,baseline
7,11100,3,0.2000000029802322,-0.1610585749149322,0.0370624400675296,0.0111225750297307,32.0,0.0,1.0,0.0091207521036267,32,0.0,49,0,1,shapley-20260606T020030Z-ea4c59b9,shapley,baseline
8,10,1,0.4000000059604645,-1.1317442655563354,1.4677331447601318,0.1868880987167358,32.0,0.0,1.0,0.0675754994153976,32,0.0,49,0,1,shapley-20260606T020030Z-ea4c59b9,shapley,baseline
9,10010,2,0.2000000029802322,-1.026787519454956,1.1332345008850098,0.0789419412612915,32.0,0.0,1.0,0.0226345285773277,32,0.0,49,0,1,shapley-20260606T020030Z-ea4c59b9,shapley,baseline
10,1010,2,0.2000000029802322,-0.3038036227226257,0.1163376569747924,0.0240410193800926,32.0,0.0,1.0,0.0129390563815832,32,0.0,49,0,1,shapley-20260606T020030Z-ea4c59b9,shapley,baseline
11,11010,3,0.2000000029802322,-0.1905823945999145,0.0482045859098434,0.0118829384446144,32.0,0.0,1.0,0.0093937395140528,32,0.0,49,0,1,shapley-20260606T020030Z-ea4c59b9,shapley,baseline
12,110,2,0.2000000029802322,-0.9664559364318848,1.019465684890747,0.0854285955429077,32.0,0.0,1.0,0.0235058385878801,32,0.0,49,0,1,shapley-20260606T020030Z-ea4c59b9,shapley,baseline
13,10110,3,0.2000000029802322,-0.8718593120574951,0.8647955656051636,0.1046569347381591,32.0,0.0,1.0,0.0259102210402488,32,0.0,49,0,1,shapley-20260606T020030Z-ea4c59b9,shapley,baseline
14,1110,3,0.2000000029802322,-0.1306167095899582,0.0293331500142812,0.0122724249958992,32.0,0.0,1.0,0.00953019130975,32,0.0,49,0,1,shapley-20260606T020030Z-ea4c59b9,shapley,baseline
15,11110,4,0.4000000059604645,-0.0370031371712684,0.0042669656686484,0.0028977333568036,32.0,0.0,1.0,0.0092899668961763,32,0.0,49,0,1,shapley-20260606T020030Z-ea4c59b9,shapley,baseline
16,1,1,0.4000000059604645,-1.3250683546066284,1.9558008909225464,0.1999948024749755,32.0,0.0,1.0,0.0698704496026039,32,0.0,49,0,1,shapley-20260606T020030Z-ea4c59b9,shapley,baseline
17,10001,2,0.2000000029802322,-1.231351613998413,1.6876896619796753,0.1714628934860229,32.0,0.0,1.0,0.0328844264149665,32,0.0,49,0,1,shapley-20260606T020030Z-ea4c59b9,shapley,baseline
18,1001,2,0.2000000029802322,-0.3946140110492706,0.2197716534137725,0.0640514343976974,32.0,0.0,1.0,0.0204875841736793,32,0.0,49,0,1,shapley-20260606T020030Z-ea4c59b9,shapley,baseline
19,11001,3,0.2000000029802322,-0.2712135016918182,0.0862600952386856,0.0127033293247222,32.0,0.0,1.0,0.0096786534413695,32,0.0,49,0,1,shapley-20260606T020030Z-ea4c59b9,shapley,baseline
20,101,2,0.2000000029802322,-1.149541258811951,1.5803302526474,0.2588851451873779,32.0,0.0,1.0,0.0401784367859363,32,0.0,49,0,1,shapley-20260606T020030Z-ea4c59b9,shapley,baseline
21,10101,3,0.2000000029802322,-1.0457144975662231,1.3608801364898682,0.2673612833023071,32.0,0.0,1.0,0.0408146381378173,32,0.0,49,0,1,shapley-20260606T020030Z-ea4c59b9,shapley,baseline
22,1101,3,0.2000000029802322,-0.1725454777479171,0.0424569845199584,0.0126850418746471,32.0,0.0,1.0,0.0096724042668938,32,0.0,49,0,1,shapley-20260606T020030Z-ea4c59b9,shapley,baseline
23,11101,4,0.4000000059604645,-0.1057553440332412,0.0220847651362419,0.0109005719423294,32.0,0.0,1.0,0.017078598961234,32,0.0,49,0,1,shapley-20260606T020030Z-ea4c59b9,shapley,baseline
24,11,2,0.2000000029802322,-1.2491297721862793,1.7372767925262451,0.1769516468048095,32.0,0.0,1.0,0.0333907380700111,32,0.0,49,0,1,shapley-20260606T020030Z-ea4c59b9,shapley,baseline
25,10011,3,0.2000000029802322,-1.2368249893188477,1.7574318647384644,0.2276958227157592,32.0,0.0,1.0,0.0377427004277706,32,0.0,49,0,1,shapley-20260606T020030Z-ea4c59b9,shapley,baseline
26,1011,3,0.2000000029802322,-0.2305968105792999,0.0598325990140438,0.0066577084362506,32.0,0.0,1.0,0.0072828391566872,32,0.0,49,0,1,shapley-20260606T020030Z-ea4c59b9,shapley,baseline
27,11011,4,0.4000000059604645,-0.1802110075950622,0.0375323072075843,0.0050562992691993,32.0,0.0,1.0,0.0119506521150469,32,0.0,49,0,1,shapley-20260606T020030Z-ea4c59b9,shapley,baseline
28,111,3,0.2000000029802322,-0.8346207737922668,0.8529022336006165,0.1563103795051574,32.0,0.0,1.0,0.0314429998397827,32,0.0,49,0,1,shapley-20260606T020030Z-ea4c59b9,shapley,baseline
29,10111,4,0.4000000059604645,-0.8046636581420898,0.7525075078010559,0.1050239205360412,32.0,0.0,1.0,0.0509077124297618,32,0.0,49,0,1,shapley-20260606T020030Z-ea4c59b9,shapley,baseline
30,1111,4,0.4000000059604645,-0.0599861592054367,0.006919833831489,0.0033214944414794,32.0,0.0,1.0,0.0098754493519663,32,0.0,49,0,1,shapley-20260606T020030Z-ea4c59b9,shapley,baseline
31,11111,5,1.0,0.0,0.0,0.0,32.0,0.0,1.0,0.0010000000474974,32,0.0,49,0,1,shapley-20260606T020030Z-ea4c59b9,shapley,baseline
0,0,0,1.0,-1.3593156337738037,2.134725332260132,0.2869863510131836,256.0,32.0,0.875,0.1888633519411087,224,0.0,69,1,2,shapley-20260606T020030Z-ea4c59b9,shapley,baseline
1,10000,1,0.4000000059604645,-1.244297981262207,1.8237030506134035,0.2754255533218384,96.0,32.0,0.6666666865348816,0.0746162310242652,64,0.0,69,1,2,shapley-20260606T020030Z-ea4c59b9,shapley,baseline
2,1000,1,0.4000000059604645,-0.4393501877784729,0.2399015426635742,0.0468729585409164,160.0,32.0,0.800000011920929,0.0313691459596157,128,0.0,69,1,2,shapley-20260606T020030Z-ea4c59b9,shapley,baseline
3,11000,2,0.2000000029802322,-0.3432607352733612,0.1513729840517044,0.0335450544953346,64.0,32.0,0.5,0.0138456393033266,32,0.0,69,1,2,shapley-20260606T020030Z-ea4c59b9,shapley,baseline
4,100,1,0.4000000059604645,-1.2205522060394287,1.7617515325546265,0.2720038890838623,160.0,32.0,0.800000011920929,0.0741575360298156,128,0.0,69,1,2,shapley-20260606T020030Z-ea4c59b9,shapley,baseline
5,10100,2,0.2000000029802322,-1.084810733795166,1.3663268089294434,0.1895124912261963,64.0,32.0,0.5,0.0315323621034622,32,0.0,69,1,2,shapley-20260606T020030Z-ea4c59b9,shapley,baseline
6,1100,2,0.2000000029802322,-0.2402860969305038,0.0785282328724861,0.0207908228039741,96.0,32.0,0.6666666865348816,0.0111129377037286,64,0.0,69,1,2,shapley-20260606T020030Z-ea4c59b9,shapley,baseline
7,11100,3,0.2000000029802322,-0.1610585749149322,0.0370624400675296,0.0111225750297307,32.0,0.0,1.0,0.0083968043327331,0,0.0,69,1,2,shapley-20260606T020030Z-ea4c59b9,shapley,baseline
8,10,1,0.4000000059604645,-1.16266131401062,1.5200636386871338,0.1682822704315185,64.0,32.0,0.5,0.058542750775814,32,0.0,69,1,2,shapley-20260606T020030Z-ea4c59b9,shapley,baseline
9,10010,2,0.2000000029802322,-1.115567326545715,1.3793370723724363,0.1348465681076049,64.0,32.0,0.5,0.0267549939453601,32,0.0,69,1,2,shapley-20260606T020030Z-ea4c59b9,shapley,baseline
10,1010,2,0.2000000029802322,-0.3127264678478241,0.1226945370435714,0.0248966962099075,96.0,32.0,0.6666666865348816,0.0120665533468127,64,0.0,69,1,2,shapley-20260606T020030Z-ea4c59b9,shapley,baseline
11,11010,3,0.2000000029802322,-0.2054166197776794,0.0534000843763351,0.0112040974199771,64.0,32.0,0.5,0.0084238620474934,32,0.0,69,1,2,shapley-20260606T020030Z-ea4c59b9,shapley,baseline
12,110,2,0.2000000029802322,-0.9886438250541688,1.1147563457489014,0.13733971118927,64.0,32.0,0.5,0.0269919894635677,32,0.0,69,1,2,shapley-20260606T020030Z-ea4c59b9,shapley,baseline
13,10110,3,0.2000000029802322,-0.8293670415878296,0.8137568235397339,0.1259071230888366,96.0,32.0,0.6666666865348816,0.0258866604417562,64,0.0,69,1,2,shapley-20260606T020030Z-ea4c59b9,shapley,baseline
14,1110,3,0.2000000029802322,-0.1402439922094345,0.0297316685318946,0.0100632905960083,64.0,32.0,0.5,0.0080357668921351,32,0.0,69,1,2,shapley-20260606T020030Z-ea4c59b9,shapley,baseline
15,11110,4,0.4000000059604645,-0.0370031371712684,0.0042669656686484,0.0028977333568036,32.0,0.0,1.0,0.0085509335622191,0,0.0,69,1,2,shapley-20260606T020030Z-ea4c59b9,shapley,baseline
16,1,1,0.4000000059604645,-1.278054118156433,1.832082986831665,0.1986606121063232,128.0,32.0,0.75,0.0635212063789367,96,0.0,69,1,2,shapley-20260606T020030Z-ea4c59b9,shapley,baseline
17,10001,2,0.2000000029802322,-1.231351613998413,1.6876896619796753,0.1714628934860229,32.0,0.0,1.0,0.0300420001149177,0,0.0,69,1,2,shapley-20260606T020030Z-ea4c59b9,shapley,baseline
18,1001,2,0.2000000029802322,-0.3961331844329834,0.2207507342100143,0.0638292282819747,64.0,32.0,0.5,0.0187194924801588,32,0.0,69,1,2,shapley-20260606T020030Z-ea4c59b9,shapley,baseline
19,11001,3,0.2000000029802322,-0.2712135016918182,0.0862600952386856,0.0127033293247222,32.0,0.0,1.0,0.0089049702510237,0,0.0,69,1,2,shapley-20260606T020030Z-ea4c59b9,shapley,baseline
20,101,2,0.2000000029802322,-1.079463005065918,1.4151160717010498,0.2498756647109985,64.0,32.0,0.5,0.0360593162477016,32,0.0,69,1,2,shapley-20260606T020030Z-ea4c59b9,shapley,baseline
21,10101,3,0.2000000029802322,-0.980999231338501,1.1823108196258545,0.219951331615448,160.0,32.0,0.800000011920929,0.033893097192049,128,0.0,69,1,2,shapley-20260606T020030Z-ea4c59b9,shapley,baseline
22,1101,3,0.2000000029802322,-0.1725454777479171,0.0424569845199584,0.0126850418746471,32.0,0.0,1.0,0.0088992780074477,0,0.0,69,1,2,shapley-20260606T020030Z-ea4c59b9,shapley,baseline
23,11101,4,0.4000000059604645,-0.1057553440332412,0.0220847651362419,0.0109005719423294,32.0,0.0,1.0,0.0156452264636755,0,0.0,69,1,2,shapley-20260606T020030Z-ea4c59b9,shapley,baseline
24,11,2,0.2000000029802322,-1.2261500358581543,1.7100281715393066,0.2065842151641845,96.0,32.0,0.6666666865348816,0.0328779220581054,64,0.0,69,1,2,shapley-20260606T020030Z-ea4c59b9,shapley,baseline
25,10011,3,0.2000000029802322,-1.0690956115722656,1.3458441495895386,0.202878713607788,192.0,32.0,0.8333333134651184,0.0325907319784164,160,0.0,69,1,2,shapley-20260606T020030Z-ea4c59b9,shapley,baseline
26,1011,3,0.2000000029802322,-0.2225229740142822,0.0575637184083461,0.0080472454428672,64.0,32.0,0.5,0.0072916583158075,32,0.0,69,1,2,shapley-20260606T020030Z-ea4c59b9,shapley,baseline
27,11011,4,0.4000000059604645,-0.1802110075950622,0.0375323072075843,0.0050562992691993,32.0,0.0,1.0,0.0109744258224964,0,0.0,69,1,2,shapley-20260606T020030Z-ea4c59b9,shapley,baseline
28,111,3,0.2000000029802322,-0.7921125888824463,0.8227511644363403,0.1953088045120239,64.0,32.0,0.5,0.031995765864849,32,0.0,69,1,2,shapley-20260606T020030Z-ea4c59b9,shapley,baseline
29,10111,4,0.4000000059604645,-0.8003566861152649,0.7593953609466553,0.1188245415687561,96.0,32.0,0.6666666865348816,0.0493531227111816,64,0.0,69,1,2,shapley-20260606T020030Z-ea4c59b9,shapley,baseline
30,1111,4,0.4000000059604645,-0.0599861592054367,0.006919833831489,0.0033214944414794,32.0,0.0,1.0,0.0090842228382825,0,0.0,69,1,2,shapley-20260606T020030Z-ea4c59b9,shapley,baseline
31,11111,5,1.0,0.0,0.0,0.0,32.0,0.0,1.0,0.0010000000474974,0,0.0,69,1,2,shapley-20260606T020030Z-ea4c59b9,shapley,baseline
0,0,0,1.0,-1.488260269165039,2.6922998428344727,0.4773812294006347,256.0,256.0,0.2727272808551788,0.196340799331665,96,0.0,89,2,3,shapley-20260606T020030Z-ea4c59b9,shapley,baseline
1,10000,1,0.4000000059604645,-1.5016096830368042,2.757289409637451,0.502457857131958,256.0,96.0,0.75,0.0811622962355613,288,0.0,89,2,3,shapley-20260606T020030Z-ea4c59b9,shapley,baseline
2,1000,1,0.4000000059604645,-0.4393501877784729,0.2399015426635742,0.0468729585409164,160.0,32.0,0.800000011920929,0.0254839491099119,0,0.0,89,2,3,shapley-20260606T020030Z-ea4c59b9,shapley,baseline
3,11000,2,0.2000000029802322,-0.3625113368034363,0.1705827713012695,0.0391682982444763,128.0,64.0,0.5,0.0121907098218798,64,0.0,89,2,3,shapley-20260606T020030Z-ea4c59b9,shapley,baseline
4,100,1,0.4000000059604645,-1.2592731714248655,1.9699681997299197,0.3841992616653442,224.0,160.0,0.2857142984867096,0.0710968673229217,64,0.0,89,2,3,shapley-20260606T020030Z-ea4c59b9,shapley,baseline
5,10100,2,0.2000000029802322,-1.1132478713989258,1.5222883224487305,0.2829674482345581,96.0,64.0,0.3333333432674408,0.0310786627233028,32,0.0,89,2,3,shapley-20260606T020030Z-ea4c59b9,shapley,baseline
6,1100,2,0.2000000029802322,-0.2402860969305038,0.0785282328724861,0.0207908228039741,96.0,32.0,0.6666666865348816,0.0091531639918684,0,0.0,89,2,3,shapley-20260606T020030Z-ea4c59b9,shapley,baseline
7,11100,3,0.2000000029802322,-0.1538685709238052,0.0397411286830902,0.0160655919462442,64.0,32.0,0.5,0.0081670209765434,32,0.0,89,2,3,shapley-20260606T020030Z-ea4c59b9,shapley,baseline
8,10,1,0.4000000059604645,-1.366541028022766,2.2344777584075928,0.3670433759689331,224.0,64.0,0.7142857313156128,0.0695139467716217,160,0.0,89,2,3,shapley-20260606T020030Z-ea4c59b9,shapley,baseline
9,10010,2,0.2000000029802322,-1.2565701007843018,1.8779267072677608,0.2989583015441894,128.0,64.0,0.5,0.0319168753921985,64,0.0,89,2,3,shapley-20260606T020030Z-ea4c59b9,shapley,baseline
10,1010,2,0.2000000029802322,-0.3187105059623718,0.1279974430799484,0.0264210551977157,128.0,96.0,0.25,0.0101910550147295,32,0.0,89,2,3,shapley-20260606T020030Z-ea4c59b9,shapley,baseline
11,11010,3,0.2000000029802322,-0.2054166197776794,0.0534000843763351,0.0112040974199771,64.0,32.0,0.5,0.0069852010346949,0,0.0,89,2,3,shapley-20260606T020030Z-ea4c59b9,shapley,baseline
12,110,2,0.2000000029802322,-1.0382808446884155,1.2732436656951904,0.1952165365219116,96.0,64.0,0.3333333432674408,0.0259832311421632,32,0.0,89,2,3,shapley-20260606T020030Z-ea4c59b9,shapley,baseline
13,10110,3,0.2000000029802322,-0.9000725746154785,0.9807433485984802,0.1706126928329467,128.0,96.0,0.25,0.0243558641523122,32,0.0,89,2,3,shapley-20260606T020030Z-ea4c59b9,shapley,baseline
14,1110,3,0.2000000029802322,-0.1402439922094345,0.0297316685318946,0.0100632905960083,64.0,32.0,0.5,0.0066723143681883,0,0.0,89,2,3,shapley-20260606T020030Z-ea4c59b9,shapley,baseline
15,11110,4,0.4000000059604645,-0.0370031371712684,0.0042669656686484,0.0028977333568036,32.0,0.0,1.0,0.0070876479148864,0,0.0,89,2,3,shapley-20260606T020030Z-ea4c59b9,shapley,baseline
16,1,1,0.4000000059604645,-1.3848724365234375,2.38535213470459,0.4674804210662842,256.0,128.0,0.5555555820465088,0.0783218070864677,160,0.0,89,2,3,shapley-20260606T020030Z-ea4c59b9,shapley,baseline
17,10001,2,0.2000000029802322,-1.364832639694214,2.299765110015869,0.4369969367980957,128.0,32.0,0.75,0.0383791550993919,96,0.0,89,2,3,shapley-20260606T020030Z-ea4c59b9,shapley,baseline
18,1001,2,0.2000000029802322,-0.3778698742389679,0.1976524293422699,0.0548667907714843,96.0,64.0,0.3333333432674408,0.0142447901889681,32,0.0,89,2,3,shapley-20260606T020030Z-ea4c59b9,shapley,baseline
19,11001,3,0.2000000029802322,-0.2832874655723572,0.09689811617136,0.0166463255882263,96.0,32.0,0.6666666865348816,0.0082954065874218,64,0.0,89,2,3,shapley-20260606T020030Z-ea4c59b9,shapley,baseline
20,101,2,0.2000000029802322,-1.102775812149048,1.5884137153625488,0.3722991943359375,128.0,64.0,0.5,0.0355013683438301,64,0.0,89,2,3,shapley-20260606T020030Z-ea4c59b9,shapley,baseline
21,10101,3,0.2000000029802322,-0.980999231338501,1.1823108196258545,0.219951331615448,160.0,32.0,0.800000011920929,0.0275187846273183,0,0.0,89,2,3,shapley-20260606T020030Z-ea4c59b9,shapley,baseline
22,1101,3,0.2000000029802322,-0.1725454777479171,0.0424569845199584,0.0126850418746471,32.0,0.0,1.0,0.0073684863746166,0,0.0,89,2,3,shapley-20260606T020030Z-ea4c59b9,shapley,baseline
23,11101,4,0.4000000059604645,-0.1057553440332412,0.0220847651362419,0.0109005719423294,32.0,0.0,1.0,0.0128071457147598,0,0.0,89,2,3,shapley-20260606T020030Z-ea4c59b9,shapley,baseline
24,11,2,0.2000000029802322,-1.236806869506836,1.8014702796936035,0.2717790603637695,128.0,96.0,0.25,0.0304780192673206,32,0.0,89,2,3,shapley-20260606T020030Z-ea4c59b9,shapley,baseline
25,10011,3,0.2000000029802322,-1.0690956115722656,1.3458441495895386,0.202878713607788,192.0,32.0,0.8333333134651184,0.0264688041061162,0,0.0,89,2,3,shapley-20260606T020030Z-ea4c59b9,shapley,baseline
26,1011,3,0.2000000029802322,-0.2225229740142822,0.0575637184083461,0.0080472454428672,64.0,32.0,0.5,0.0060724052600562,0,0.0,89,2,3,shapley-20260606T020030Z-ea4c59b9,shapley,baseline
27,11011,4,0.4000000059604645,-0.1802110075950622,0.0375323072075843,0.0050562992691993,32.0,0.0,1.0,0.0090414928272366,0,0.0,89,2,3,shapley-20260606T020030Z-ea4c59b9,shapley,baseline
28,111,3,0.2000000029802322,-0.9402674436569214,1.1463615894317627,0.2622587084770202,128.0,64.0,0.5,0.0299571137875318,64,0.0,89,2,3,shapley-20260606T020030Z-ea4c59b9,shapley,baseline
29,10111,4,0.4000000059604645,-0.8530055284500122,0.9138786792755128,0.1862602233886718,192.0,96.0,0.5,0.0498067960143089,96,0.0,89,2,3,shapley-20260606T020030Z-ea4c59b9,shapley,baseline
30,1111,4,0.4000000059604645,-0.0556224957108497,0.006255499087274,0.0031616371124982,128.0,32.0,0.75,0.0073588164523243,96,0.0,89,2,3,shapley-20260606T020030Z-ea4c59b9,shapley,baseline
31,11111,5,1.0,0.0,0.0,0.0,32.0,0.0,1.0,0.0010000000474974,0,0.0,89,2,3,shapley-20260606T020030Z-ea4c59b9,shapley,baseline
0,0,0,1.0,-1.7703043222427368,4.079612731933594,0.9456353187561036,256.0,256.0,0.5555555820465088,0.2230885177850723,320,0.0,109,3,4,shapley-20260606T020030Z-ea4c59b9,shapley,baseline
1,10000,1,0.4000000059604645,-1.6268149614334106,3.4791080951690674,0.8325812816619873,256.0,256.0,0.3846153914928436,0.0843561366200447,160,0.0,109,3,4,shapley-20260606T020030Z-ea4c59b9,shapley,baseline
2,1000,1,0.4000000059604645,-0.4172730147838592,0.2244407832622528,0.0503240078687667,256.0,160.0,0.4444444477558136,0.0214932989329099,128,0.0,109,3,4,shapley-20260606T020030Z-ea4c59b9,shapley,baseline
3,11000,2,0.2000000029802322,-0.353719562292099,0.1614812016487121,0.0363636761903762,160.0,128.0,0.2000000029802322,0.009710201062262,32,0.0,109,3,4,shapley-20260606T020030Z-ea4c59b9,shapley,baseline
4,100,1,0.4000000059604645,-1.443258285522461,2.812685012817383,0.7296905517578125,256.0,224.0,0.3636363744735718,0.0790357589721679,128,0.0,109,3,4,shapley-20260606T020030Z-ea4c59b9,shapley,baseline
5,10100,2,0.2000000029802322,-1.305084228515625,2.457459688186645,0.754214882850647,192.0,96.0,0.5,0.04066813737154,96,0.0,109,3,4,shapley-20260606T020030Z-ea4c59b9,shapley,baseline
6,1100,2,0.2000000029802322,-0.2402860969305038,0.0785282328724861,0.0207908228039741,96.0,32.0,0.6666666865348816,0.0075861276127398,0,0.0,109,3,4,shapley-20260606T020030Z-ea4c59b9,shapley,baseline
7,11100,3,0.2000000029802322,-0.1538685709238052,0.0397411286830902,0.0160655919462442,64.0,32.0,0.5,0.0067895213142037,0,0.0,109,3,4,shapley-20260606T020030Z-ea4c59b9,shapley,baseline
8,10,1,0.4000000059604645,-1.4596281051635742,2.588285446166992,0.4577713012695312,256.0,224.0,0.2222222238779068,0.0628085508942604,64,0.0,109,3,4,shapley-20260606T020030Z-ea4c59b9,shapley,baseline
9,10010,2,0.2000000029802322,-1.332296371459961,2.20464301109314,0.4296294450759887,192.0,128.0,0.3333333432674408,0.0309392772614955,64,0.0,109,3,4,shapley-20260606T020030Z-ea4c59b9,shapley,baseline
10,1010,2,0.2000000029802322,-0.3187105059623718,0.1279974430799484,0.0264210551977157,128.0,96.0,0.25,0.0084245363250374,0,0.0,109,3,4,shapley-20260606T020030Z-ea4c59b9,shapley,baseline
11,11010,3,0.2000000029802322,-0.2054166197776794,0.0534000843763351,0.0112040974199771,64.0,32.0,0.5,0.0058348467573523,0,0.0,109,3,4,shapley-20260606T020030Z-ea4c59b9,shapley,baseline
12,110,2,0.2000000029802322,-1.124578833580017,1.5898566246032717,0.3251791000366211,192.0,96.0,0.5,0.0270468723028898,96,0.0,109,3,4,shapley-20260606T020030Z-ea4c59b9,shapley,baseline
13,10110,3,0.2000000029802322,-0.9494962692260742,1.1347112655639648,0.2331681251525879,160.0,128.0,0.2000000029802322,0.0230561085045337,32,0.0,109,3,4,shapley-20260606T020030Z-ea4c59b9,shapley,baseline
14,1110,3,0.2000000029802322,-0.1204939186573028,0.0236690491437912,0.0091502647846937,96.0,64.0,0.3333333432674408,0.0053692925721406,32,0.0,109,3,4,shapley-20260606T020030Z-ea4c59b9,shapley,baseline
15,11110,4,0.4000000059604645,-0.0370031371712684,0.0042669656686484,0.0028977333568036,32.0,0.0,1.0,0.0059176031500101,0,0.0,109,3,4,shapley-20260606T020030Z-ea4c59b9,shapley,baseline
16,1,1,0.4000000059604645,-1.5350501537322998,3.0644702911376958,0.7080912590026855,256.0,256.0,0.2727272808551788,0.0778721272945404,96,0.0,109,3,4,shapley-20260606T020030Z-ea4c59b9,shapley,baseline
17,10001,2,0.2000000029802322,-1.364832639694214,2.299765110015869,0.4369969367980957,128.0,32.0,0.75,0.0311948917806148,0,0.0,109,3,4,shapley-20260606T020030Z-ea4c59b9,shapley,baseline
18,1001,2,0.2000000029802322,-0.3778698742389679,0.1976524293422699,0.0548667907714843,96.0,64.0,0.3333333432674408,0.0116991447284817,0,0.0,109,3,4,shapley-20260606T020030Z-ea4c59b9,shapley,baseline
19,11001,3,0.2000000029802322,-0.2832874655723572,0.09689811617136,0.0166463255882263,96.0,32.0,0.6666666865348816,0.0068932315334677,0,0.0,109,3,4,shapley-20260606T020030Z-ea4c59b9,shapley,baseline
20,101,2,0.2000000029802322,-1.102775812149048,1.5884137153625488,0.3722991943359375,128.0,64.0,0.5,0.0288702175021171,0,0.0,109,3,4,shapley-20260606T020030Z-ea4c59b9,shapley,baseline
21,10101,3,0.2000000029802322,-1.1245605945587158,1.607804775238037,0.3431682586669922,224.0,160.0,0.2857142984867096,0.0277576427906751,64,0.0,109,3,4,shapley-20260606T020030Z-ea4c59b9,shapley,baseline
22,1101,3,0.2000000029802322,-0.1725454777479171,0.0424569845199584,0.0126850418746471,32.0,0.0,1.0,0.0061444654129445,0,0.0,109,3,4,shapley-20260606T020030Z-ea4c59b9,shapley,baseline
23,11101,4,0.4000000059604645,-0.1057553440332412,0.0220847651362419,0.0109005719423294,32.0,0.0,1.0,0.0105378152802586,0,0.0,109,3,4,shapley-20260606T020030Z-ea4c59b9,shapley,baseline
24,11,2,0.2000000029802322,-1.3896851539611816,2.467494487762451,0.5362696647644043,192.0,128.0,0.3333333432674408,0.0344492122530937,64,0.0,109,3,4,shapley-20260606T020030Z-ea4c59b9,shapley,baseline
25,10011,3,0.2000000029802322,-1.234651803970337,1.951507925987244,0.427142858505249,256.0,192.0,0.25,0.0308525096625089,64,0.0,109,3,4,shapley-20260606T020030Z-ea4c59b9,shapley,baseline
26,1011,3,0.2000000029802322,-0.2225229740142822,0.0575637184083461,0.0080472454428672,64.0,32.0,0.5,0.0050974902696907,0,0.0,109,3,4,shapley-20260606T020030Z-ea4c59b9,shapley,baseline
27,11011,4,0.4000000059604645,-0.1802110075950622,0.0375323072075843,0.0050562992691993,32.0,0.0,1.0,0.0074959206394851,0,0.0,109,3,4,shapley-20260606T020030Z-ea4c59b9,shapley,baseline
28,111,3,0.2000000029802322,-1.032104253768921,1.396420955657959,0.3311817646026611,256.0,128.0,0.5,0.0272861793637275,128,0.0,109,3,4,shapley-20260606T020030Z-ea4c59b9,shapley,baseline
29,10111,4,0.4000000059604645,-0.9053440690040588,1.0473041534423828,0.2276562452316284,224.0,192.0,0.1428571492433548,0.0445877090096473,32,0.0,109,3,4,shapley-20260606T020030Z-ea4c59b9,shapley,baseline
30,1111,4,0.4000000059604645,-0.0556224957108497,0.006255499087274,0.0031616371124982,128.0,32.0,0.75,0.0061366539448499,0,0.0,109,3,4,shapley-20260606T020030Z-ea4c59b9,shapley,baseline
31,11111,5,1.0,0.0,0.0,0.0,32.0,0.0,1.0,0.0010000000474974,0,0.0,109,3,4,shapley-20260606T020030Z-ea4c59b9,shapley,baseline
0,0,0,1.0,-1.941469430923462,5.296281814575195,1.5269782543182373,256.0,256.0,0.5789473652839661,0.2440000921487808,352,0.0,129,4,5,shapley-20260606T020030Z-ea4c59b9,shapley,baseline
1,10000,1,0.4000000059604645,-1.749220371246338,4.239198207855225,1.179426193237305,256.0,256.0,0.2727272808551788,0.0864250808954238,96,0.0,129,4,5,shapley-20260606T020030Z-ea4c59b9,shapley,baseline
2,1000,1,0.4000000059604645,-0.4043983221054077,0.2138436585664749,0.0503056496381759,256.0,256.0,0.1111111119389534,0.0186424292623996,32,0.0,129,4,5,shapley-20260606T020030Z-ea4c59b9,shapley,baseline
3,11000,2,0.2000000029802322,-0.3390001654624939,0.1506089568138122,0.0356878414750099,192.0,160.0,0.1666666716337204,0.0084298513829708,32,0.0,129,4,5,shapley-20260606T020030Z-ea4c59b9,shapley,baseline
4,100,1,0.4000000059604645,-1.4921914339065552,3.053356885910034,0.8267216682434082,256.0,256.0,0.2727272808551788,0.0725203529000282,96,0.0,129,4,5,shapley-20260606T020030Z-ea4c59b9,shapley,baseline
5,10100,2,0.2000000029802322,-1.358653545379639,2.65071439743042,0.8047749996185303,224.0,192.0,0.1428571492433548,0.0362823270261287,32,0.0,129,4,5,shapley-20260606T020030Z-ea4c59b9,shapley,baseline
6,1100,2,0.2000000029802322,-0.2198899984359741,0.0688705295324325,0.0205189175903797,128.0,96.0,0.25,0.0066337455064058,32,0.0,129,4,5,shapley-20260606T020030Z-ea4c59b9,shapley,baseline
7,11100,3,0.2000000029802322,-0.1538685709238052,0.0397411286830902,0.0160655919462442,64.0,32.0,0.5,0.0059850364923477,0,0.0,129,4,5,shapley-20260606T020030Z-ea4c59b9,shapley,baseline
8,10,1,0.4000000059604645,-1.5022192001342771,2.847864151000977,0.5912015438079834,256.0,256.0,0.2727272808551788,0.0614808350801467,96,0.0,129,4,5,shapley-20260606T020030Z-ea4c59b9,shapley,baseline
9,10010,2,0.2000000029802322,-1.3767094612121582,2.4494614601135254,0.5541324615478516,224.0,192.0,0.1428571492433548,0.0302770156413316,32,0.0,129,4,5,shapley-20260606T020030Z-ea4c59b9,shapley,baseline
10,1010,2,0.2000000029802322,-0.3187105059623718,0.1279974430799484,0.0264210551977157,128.0,96.0,0.25,0.007392858620733,0,0.0,129,4,5,shapley-20260606T020030Z-ea4c59b9,shapley,baseline
11,11010,3,0.2000000029802322,-0.1860004663467407,0.0459531918168067,0.0113570168614387,96.0,64.0,0.3333333432674408,0.0051913326606154,32,0.0,129,4,5,shapley-20260606T020030Z-ea4c59b9,shapley,baseline
12,110,2,0.2000000029802322,-1.1441419124603271,1.6486097574234009,0.3395490646362304,224.0,192.0,0.1428571492433548,0.0239177122712135,32,0.0,129,4,5,shapley-20260606T020030Z-ea4c59b9,shapley,baseline
13,10110,3,0.2000000029802322,-1.0113224983215332,1.318483591079712,0.2957104444503784,192.0,160.0,0.1666666716337204,0.022387171164155,32,0.0,129,4,5,shapley-20260606T020030Z-ea4c59b9,shapley,baseline
14,1110,3,0.2000000029802322,-0.1078396141529083,0.019940298050642,0.0083109159022569,128.0,96.0,0.25,0.0045854561030864,32,0.0,129,4,5,shapley-20260606T020030Z-ea4c59b9,shapley,baseline
15,11110,4,0.4000000059604645,-0.0370031371712684,0.0042669656686484,0.0028977333568036,32.0,0.0,1.0,0.0052342768758535,0,0.0,129,4,5,shapley-20260606T020030Z-ea4c59b9,shapley,baseline
16,1,1,0.4000000059604645,-1.7495176792144775,4.373279094696045,1.312467098236084,256.0,256.0,0.4285714328289032,0.0911144018173217,192,0.0,129,4,5,shapley-20260606T020030Z-ea4c59b9,shapley,baseline
17,10001,2,0.2000000029802322,-1.4192869663238523,2.558071613311768,0.5436961650848389,160.0,128.0,0.2000000029802322,0.0300000105053186,32,0.0,129,4,5,shapley-20260606T020030Z-ea4c59b9,shapley,baseline
18,1001,2,0.2000000029802322,-0.3778698742389679,0.1976524293422699,0.0548667907714843,96.0,64.0,0.3333333432674408,0.0102124428376555,0,0.0,129,4,5,shapley-20260606T020030Z-ea4c59b9,shapley,baseline
19,11001,3,0.2000000029802322,-0.2832874655723572,0.09689811617136,0.0166463255882263,96.0,32.0,0.6666666865348816,0.0060743363574147,0,0.0,129,4,5,shapley-20260606T020030Z-ea4c59b9,shapley,baseline
20,101,2,0.2000000029802322,-1.2097983360290527,2.089712619781494,0.6261006593704224,160.0,128.0,0.2000000029802322,0.0321201793849468,32,0.0,129,4,5,shapley-20260606T020030Z-ea4c59b9,shapley,baseline
21,10101,3,0.2000000029802322,-1.1245605945587158,1.607804775238037,0.3431682586669922,224.0,160.0,0.2857142984867096,0.024039527401328,0,0.0,129,4,5,shapley-20260606T020030Z-ea4c59b9,shapley,baseline
22,1101,3,0.2000000029802322,-0.1725454777479171,0.0424569845199584,0.0126850418746471,32.0,0.0,1.0,0.0054296148009598,0,0.0,129,4,5,shapley-20260606T020030Z-ea4c59b9,shapley,baseline
23,11101,4,0.4000000059604645,-0.089104987680912,0.0174109917134046,0.0094712926074862,64.0,32.0,0.5,0.0086551662534475,32,0.0,129,4,5,shapley-20260606T020030Z-ea4c59b9,shapley,baseline
24,11,2,0.2000000029802322,-1.4098308086395264,2.602488279342652,0.6148654222488403,224.0,192.0,0.1428571492433548,0.031839694827795,32,0.0,129,4,5,shapley-20260606T020030Z-ea4c59b9,shapley,baseline
25,10011,3,0.2000000029802322,-1.223923921585083,1.953320264816284,0.455330491065979,256.0,256.0,0.1111111119389534,0.027538925409317,32,0.0,129,4,5,shapley-20260606T020030Z-ea4c59b9,shapley,baseline
26,1011,3,0.2000000029802322,-0.2225229740142822,0.0575637184083461,0.0080472454428672,64.0,32.0,0.5,0.0045281224884092,0,0.0,129,4,5,shapley-20260606T020030Z-ea4c59b9,shapley,baseline
27,11011,4,0.4000000059604645,-0.1481221914291381,0.027480037882924,0.0055398549884557,64.0,32.0,0.5,0.006854626815766,32,0.0,129,4,5,shapley-20260606T020030Z-ea4c59b9,shapley,baseline
28,111,3,0.2000000029802322,-1.0663325786590576,1.5255405902862549,0.3884754180908203,256.0,256.0,0.2000000029802322,0.0255133006721735,64,0.0,129,4,5,shapley-20260606T020030Z-ea4c59b9,shapley,baseline
29,10111,4,0.4000000059604645,-1.0041592121124268,1.405322790145874,0.3969870805740356,256.0,224.0,0.4615384638309479,0.0505607835948467,192,0.0,129,4,5,shapley-20260606T020030Z-ea4c59b9,shapley,baseline
30,1111,4,0.4000000059604645,-0.0517184995114803,0.0054359338246285,0.0027611306868493,160.0,128.0,0.2000000029802322,0.0051332670263946,32,0.0,129,4,5,shapley-20260606T020030Z-ea4c59b9,shapley,baseline
31,11111,5,1.0,0.0,0.0,0.0,32.0,0.0,1.0,0.0010000000474974,0,0.0,129,4,5,shapley-20260606T020030Z-ea4c59b9,shapley,baseline
0,0,0,1.0,-2.135312080383301,6.430253028869629,1.8706951141357424,256.0,247.1438751220703,0.6744439601898193,0.2433713972568512,512,0.0345942225469493,169,5,6,shapley-20260606T020030Z-ea4c59b9,shapley,baseline
1,10000,1,0.4000000059604645,-1.8553581237792969,4.915623664855957,1.4732699394226074,256.0,247.1438751220703,0.2056926190853119,0.0870361551642417,64,0.0345942225469493,169,5,6,shapley-20260606T020030Z-ea4c59b9,shapley,baseline
2,1000,1,0.4000000059604645,-0.3996378183364868,0.2099933475255966,0.0502829551696777,256.0,247.1438751220703,0.1146362274885177,0.0168946217745542,32,0.0345942225469493,169,5,6,shapley-20260606T020030Z-ea4c59b9,shapley,baseline
3,11000,2,0.2000000029802322,-0.3390001654624939,0.1506089568138122,0.0356878414750099,192.0,160.0,0.1666666716337204,0.0076952995732426,0,0.0345942225469493,169,5,6,shapley-20260606T020030Z-ea4c59b9,shapley,baseline
4,100,1,0.4000000059604645,-1.5928542613983154,3.544616222381592,1.0074315071105957,256.0,247.1438751220703,0.4372143447399139,0.0721455290913581,192,0.0345942225469493,169,5,6,shapley-20260606T020030Z-ea4c59b9,shapley,baseline
5,10100,2,0.2000000029802322,-1.4471477270126345,3.0155129432678223,0.921276330947876,256.0,216.2508850097656,0.307445079088211,0.0350176841020584,96,0.0345942225469493,169,5,6,shapley-20260606T020030Z-ea4c59b9,shapley,baseline
6,1100,2,0.2000000029802322,-0.2198899984359741,0.0688705295324325,0.0205189175903797,128.0,96.0,0.25,0.006076764781028,0,0.0345942225469493,169,5,6,shapley-20260606T020030Z-ea4c59b9,shapley,baseline
7,11100,3,0.2000000029802322,-0.1538685709238052,0.0397411286830902,0.0160655919462442,64.0,32.0,0.5,0.0054921908304095,0,0.0345942225469493,169,5,6,shapley-20260606T020030Z-ea4c59b9,shapley,baseline
8,10,1,0.4000000059604645,-1.6096782684326172,3.3466780185699463,0.7556138038635254,256.0,247.1438751220703,0.2797660231590271,0.0626154690980911,96,0.0345942225469493,169,5,6,shapley-20260606T020030Z-ea4c59b9,shapley,baseline
9,10010,2,0.2000000029802322,-1.4243977069854736,2.641792297363281,0.6128835678100586,248.2508850097656,216.2508850097656,0.1289018541574478,0.028745898976922,32,0.0345942225469493,169,5,6,shapley-20260606T020030Z-ea4c59b9,shapley,baseline
10,1010,2,0.2000000029802322,-0.3187105059623718,0.1279974430799484,0.0264210551977157,128.0,96.0,0.25,0.0067608286626636,0,0.0345942225469493,169,5,6,shapley-20260606T020030Z-ea4c59b9,shapley,baseline
11,11010,3,0.2000000029802322,-0.1860004663467407,0.0459531918168067,0.0113570168614387,96.0,64.0,0.3333333432674408,0.004776956513524,0,0.0345942225469493,169,5,6,shapley-20260606T020030Z-ea4c59b9,shapley,baseline
12,110,2,0.2000000029802322,-1.1441419124603271,1.6486097574234009,0.3395490646362304,224.0,192.0,0.1428571492433548,0.0216519515961408,0,0.0345942225469493,169,5,6,shapley-20260606T020030Z-ea4c59b9,shapley,baseline
13,10110,3,0.2000000029802322,-1.0113224983215332,1.318483591079712,0.2957104444503784,192.0,160.0,0.1666666716337204,0.0202727261930704,0,0.0345942225469493,169,5,6,shapley-20260606T020030Z-ea4c59b9,shapley,baseline
14,1110,3,0.2000000029802322,-0.1050495877861976,0.0191142298281192,0.0080788135528564,155.57192993164062,123.57193756103516,0.2056926190853119,0.0041855443269014,32,0.0345942225469493,169,5,6,shapley-20260606T020030Z-ea4c59b9,shapley,baseline
15,11110,4,0.4000000059604645,-0.0370031371712684,0.0042669656686484,0.0028977333568036,32.0,0.0,1.0,0.0048156548291444,0,0.0345942225469493,169,5,6,shapley-20260606T020030Z-ea4c59b9,shapley,baseline
16,1,1,0.4000000059604645,-1.9089221954345703,5.4642839431762695,1.8203001022338867,256.0,247.1438751220703,0.341202437877655,0.0966337844729423,128,0.0345942225469493,169,5,6,shapley-20260606T020030Z-ea4c59b9,shapley,baseline
17,10001,2,0.2000000029802322,-1.5270516872406006,3.1994733810424805,0.867586612701416,186.4649200439453,154.4649200439453,0.1716140508651733,0.0340115763247013,32,0.0345942225469493,169,5,6,shapley-20260606T020030Z-ea4c59b9,shapley,baseline
18,1001,2,0.2000000029802322,-0.3778698742389679,0.1976524293422699,0.0548667907714843,96.0,64.0,0.3333333432674408,0.0093016540631651,0,0.0345942225469493,169,5,6,shapley-20260606T020030Z-ea4c59b9,shapley,baseline
19,11001,3,0.2000000029802322,-0.2832874655723572,0.09689811617136,0.0166463255882263,96.0,32.0,0.6666666865348816,0.0055726617574691,0,0.0345942225469493,169,5,6,shapley-20260606T020030Z-ea4c59b9,shapley,baseline
20,101,2,0.2000000029802322,-1.2097983360290527,2.089712619781494,0.6261006593704224,160.0,128.0,0.2000000029802322,0.0290434844791889,0,0.0345942225469493,169,5,6,shapley-20260606T020030Z-ea4c59b9,shapley,baseline
21,10101,3,0.2000000029802322,-1.2333624362945557,2.245337009429932,0.7241541147232056,256.0,216.2508850097656,0.307445079088211,0.031159583479166,96,0.0345942225469493,169,5,6,shapley-20260606T020030Z-ea4c59b9,shapley,baseline
22,1101,3,0.2000000029802322,-0.1725454777479171,0.0424569845199584,0.0126850418746471,32.0,0.0,1.0,0.0049916808493435,0,0.0345942225469493,169,5,6,shapley-20260606T020030Z-ea4c59b9,shapley,baseline
23,11101,4,0.4000000059604645,-0.089104987680912,0.0174109917134046,0.0094712926074862,64.0,32.0,0.5,0.0078983381390571,0,0.0345942225469493,169,5,6,shapley-20260606T020030Z-ea4c59b9,shapley,baseline
24,11,2,0.2000000029802322,-1.506052017211914,3.0808205604553223,0.8126277923583984,256.0,216.2508850097656,0.307445079088211,0.0329488813877105,96,0.0345942225469493,169,5,6,shapley-20260606T020030Z-ea4c59b9,shapley,baseline
25,10011,3,0.2000000029802322,-1.3450194597244265,2.446770191192627,0.6376928091049194,256.0,247.1438751220703,0.2056926190853119,0.0293019004166126,64,0.0345942225469493,169,5,6,shapley-20260606T020030Z-ea4c59b9,shapley,baseline
26,1011,3,0.2000000029802322,-0.2225229740142822,0.0575637184083461,0.0080472454428672,64.0,32.0,0.5,0.0041793142445385,0,0.0345942225469493,169,5,6,shapley-20260606T020030Z-ea4c59b9,shapley,baseline
27,11011,4,0.4000000059604645,-0.1481221914291381,0.027480037882924,0.0055398549884557,64.0,32.0,0.5,0.00627580890432,0,0.0345942225469493,169,5,6,shapley-20260606T020030Z-ea4c59b9,shapley,baseline
28,111,3,0.2000000029802322,-1.1257494688034058,1.7289197444915771,0.4616079330444336,256.0,247.1438751220703,0.2056926190853119,0.0250794477760791,64,0.0345942225469493,169,5,6,shapley-20260606T020030Z-ea4c59b9,shapley,baseline
29,10111,4,0.4000000059604645,-1.0494370460510254,1.5855025053024292,0.4841843843460083,256.0,247.1438751220703,0.2056926190853119,0.0503225140273571,64,0.0345942225469493,169,5,6,shapley-20260606T020030Z-ea4c59b9,shapley,baseline
30,1111,4,0.4000000059604645,-0.0517184995114803,0.0054359338246285,0.0027611306868493,160.0,128.0,0.2000000029802322,0.0047246315516531,0,0.0345942225469493,169,5,6,shapley-20260606T020030Z-ea4c59b9,shapley,baseline
31,11111,5,1.0,0.0,0.0,0.0,32.0,0.0,1.0,0.0010000000474974,0,0.0345942225469493,169,5,6,shapley-20260606T020030Z-ea4c59b9,shapley,baseline
0,0,0,1.0,-1.7147663831710815,3.288766622543335,0.3483428955078125,32.0,0.0,1.0,0.1639204770326614,32,0.0,49,0,1,shapley-20260606T020053Z-de196f36,shapley,marginal
1,10000,1,0.4000000059604645,-1.669484257698059,3.294109582901001,0.5069317817687988,32.0,0.0,1.0,0.0796152800321579,32,0.0,49,0,1,shapley-20260606T020053Z-de196f36,shapley,marginal
2,1000,1,0.4000000059604645,-0.6943107843399048,0.568024754524231,0.0859572887420654,32.0,0.0,1.0,0.0333722941577434,32,0.0,49,0,1,shapley-20260606T020053Z-de196f36,shapley,marginal
3,11000,2,0.2000000029802322,-0.6149442195892334,0.4361996054649353,0.0580432116985321,32.0,0.0,1.0,0.0143008045852184,32,0.0,49,0,1,shapley-20260606T020053Z-de196f36,shapley,marginal
4,100,1,0.4000000059604645,-1.4060031175613403,2.287034749984741,0.3101899623870849,32.0,0.0,1.0,0.0624958835542202,32,0.0,49,0,1,shapley-20260606T020053Z-de196f36,shapley,marginal
5,10100,2,0.2000000029802322,-1.4299870729446411,2.3030881881713867,0.2582252025604248,32.0,0.0,1.0,0.0290544331073761,32,0.0,49,0,1,shapley-20260606T020053Z-de196f36,shapley,marginal
6,1100,2,0.2000000029802322,-0.5280545949935913,0.3836543560028076,0.1048127114772796,32.0,0.0,1.0,0.0188734829425811,32,0.0,49,0,1,shapley-20260606T020053Z-de196f36,shapley,marginal
7,11100,3,0.2000000029802322,-0.3158365786075592,0.1362431943416595,0.0364904478192329,32.0,0.0,1.0,0.01154609862715,32,0.0,49,0,1,shapley-20260606T020053Z-de196f36,shapley,marginal
8,10,1,0.4000000059604645,-1.5717790126800537,2.789782762527466,0.3192934989929199,32.0,0.0,1.0,0.0633917599916458,32,0.0,49,0,1,shapley-20260606T020053Z-de196f36,shapley,marginal
9,10010,2,0.2000000029802322,-1.4042446613311768,2.2396795749664307,0.2677764892578125,32.0,0.0,1.0,0.0295685641467571,32,0.0,49,0,1,shapley-20260606T020053Z-de196f36,shapley,marginal
10,1010,2,0.2000000029802322,-0.4874331653118133,0.3024049997329712,0.0648139119148254,32.0,0.0,1.0,0.0150551777333021,32,0.0,49,0,1,shapley-20260606T020053Z-de196f36,shapley,marginal
11,11010,3,0.2000000029802322,-0.431634783744812,0.2266808152198791,0.040372222661972,32.0,0.0,1.0,0.0120928604155778,32,0.0,49,0,1,shapley-20260606T020053Z-de196f36,shapley,marginal
12,110,2,0.2000000029802322,-1.3569388389587402,2.181196689605713,0.3399137258529663,32.0,0.0,1.0,0.033187448978424,32,0.0,49,0,1,shapley-20260606T020053Z-de196f36,shapley,marginal
13,10110,3,0.2000000029802322,-1.1200520992279053,1.461268424987793,0.2067517042160034,32.0,0.0,1.0,0.026103064417839,32,0.0,49,0,1,shapley-20260606T020053Z-de196f36,shapley,marginal
14,1110,3,0.2000000029802322,-0.2293148785829544,0.0835679620504379,0.0309826470911502,32.0,0.0,1.0,0.0107176546007394,32,0.0,49,0,1,shapley-20260606T020053Z-de196f36,shapley,marginal
15,11110,4,0.4000000059604645,-0.1014181971549987,0.0244582314044237,0.0141725810244679,32.0,0.0,1.0,0.0141448806971311,32,0.0,49,0,1,shapley-20260606T020053Z-de196f36,shapley,marginal
16,1,1,0.4000000059604645,-1.533133029937744,2.7798514366149902,0.4293546676635742,32.0,0.0,1.0,0.0733502954244613,32,0.0,49,0,1,shapley-20260606T020053Z-de196f36,shapley,marginal
17,10001,2,0.2000000029802322,-1.3091051578521729,1.8849575519561768,0.1712012290954589,32.0,0.0,1.0,0.0238431319594383,32,0.0,49,0,1,shapley-20260606T020053Z-de196f36,shapley,marginal
18,1001,2,0.2000000029802322,-0.6064972877502441,0.4711198210716247,0.1032808721065521,32.0,0.0,1.0,0.0187423918396234,32,0.0,49,0,1,shapley-20260606T020053Z-de196f36,shapley,marginal
19,11001,3,0.2000000029802322,-0.4617535173892975,0.2642922401428222,0.0510759353637695,32.0,0.0,1.0,0.0134770050644874,32,0.0,49,0,1,shapley-20260606T020053Z-de196f36,shapley,marginal
20,101,2,0.2000000029802322,-1.3094381093978882,1.8925631046295168,0.1779348850250244,32.0,0.0,1.0,0.0242880303412675,32,0.0,49,0,1,shapley-20260606T020053Z-de196f36,shapley,marginal
21,10101,3,0.2000000029802322,-1.113912582397461,1.4243671894073486,0.1835659742355346,32.0,0.0,1.0,0.0246536582708358,32,0.0,49,0,1,shapley-20260606T020053Z-de196f36,shapley,marginal
22,1101,3,0.2000000029802322,-0.2746680378913879,0.1070962697267532,0.0316537395119667,32.0,0.0,1.0,0.0108223343268036,32,0.0,49,0,1,shapley-20260606T020053Z-de196f36,shapley,marginal
23,11101,4,0.4000000059604645,-0.1540426015853881,0.0367252379655838,0.0129961147904396,32.0,0.0,1.0,0.0135874850675463,32,0.0,49,0,1,shapley-20260606T020053Z-de196f36,shapley,marginal
24,11,2,0.2000000029802322,-1.4448814392089844,2.5162127017974854,0.428530216217041,32.0,0.0,1.0,0.0371403992176055,32,0.0,49,0,1,shapley-20260606T020053Z-de196f36,shapley,marginal
25,10011,3,0.2000000029802322,-1.292060136795044,1.8845317363739011,0.2151123285293579,32.0,0.0,1.0,0.0266055930405855,32,0.0,49,0,1,shapley-20260606T020053Z-de196f36,shapley,marginal
26,1011,3,0.2000000029802322,-0.3272245526313782,0.1240430176258087,0.0169671103358268,32.0,0.0,1.0,0.0081912782043218,32,0.0,49,0,1,shapley-20260606T020053Z-de196f36,shapley,marginal
27,11011,4,0.4000000059604645,-0.2634443044662475,0.0864618867635726,0.0170589834451675,32.0,0.0,1.0,0.0154214445501565,32,0.0,49,0,1,shapley-20260606T020053Z-de196f36,shapley,marginal
28,111,3,0.2000000029802322,-1.1583155393600464,1.663172960281372,0.3214781284332275,32.0,0.0,1.0,0.0323024168610572,32,0.0,49,0,1,shapley-20260606T020053Z-de196f36,shapley,marginal
29,10111,4,0.4000000059604645,-0.9963889122009276,1.1538455486297607,0.1610546708106994,32.0,0.0,1.0,0.0453117415308952,32,0.0,49,0,1,shapley-20260606T020053Z-de196f36,shapley,marginal
30,1111,4,0.4000000059604645,-0.124904915690422,0.0290874615311622,0.013486223295331,32.0,0.0,1.0,0.0138226384297013,32,0.0,49,0,1,shapley-20260606T020053Z-de196f36,shapley,marginal
31,11111,5,1.0,0.0,0.0,0.0,32.0,0.0,1.0,0.0010000000474974,32,0.0,49,0,1,shapley-20260606T020053Z-de196f36,shapley,marginal
0,0,0,1.0,-1.716007947921753,3.4000661373138428,0.4553828239440918,256.0,31.818986892700195,0.8894479274749756,0.174644261598587,256,0.0056566358541809,69,1,2,shapley-20260606T020053Z-de196f36,shapley,marginal
1,10000,1,0.4000000059604645,-1.5553348064422607,2.8084349632263184,0.3893685340881347,191.8189849853516,31.818986892700195,0.8341197371482849,0.0652262419462204,160,0.0056566358541809,69,1,2,shapley-20260606T020053Z-de196f36,shapley,marginal
2,1000,1,0.4000000059604645,-0.7365777492523193,0.6626952290534973,0.1201484203338623,95.81898498535156,31.818986892700195,0.6679260730743408,0.0366772338747978,64,0.0056566358541809,69,1,2,shapley-20260606T020053Z-de196f36,shapley,marginal
3,11000,2,0.2000000029802322,-0.6033048629760742,0.4323577284812927,0.068380981683731,63.81898498535156,31.818986892700195,0.5014181733131409,0.0144576681777834,32,0.0056566358541809,69,1,2,shapley-20260606T020053Z-de196f36,shapley,marginal
4,100,1,0.4000000059604645,-1.4902688264846802,2.6615304946899414,0.440629243850708,223.8189849853516,31.818986892700195,0.8578360676765442,0.069323293864727,192,0.0056566358541809,69,1,2,shapley-20260606T020053Z-de196f36,shapley,marginal
5,10100,2,0.2000000029802322,-1.451227068901062,2.593820095062256,0.487760066986084,95.81898498535156,31.818986892700195,0.6679260730743408,0.0369422510266304,64,0.0056566358541809,69,1,2,shapley-20260606T020053Z-de196f36,shapley,marginal
6,1100,2,0.2000000029802322,-0.5432804822921753,0.4246879816055298,0.1295343041419983,63.81898498535156,31.818986892700195,0.5014181733131409,0.0195222832262516,32,0.0056566358541809,69,1,2,shapley-20260606T020053Z-de196f36,shapley,marginal
7,11100,3,0.2000000029802322,-0.3158365786075592,0.1362431943416595,0.0364904478192329,32.0,0.0,1.0,0.0108308652415871,0,0.0056566358541809,69,1,2,shapley-20260606T020053Z-de196f36,shapley,marginal
8,10,1,0.4000000059604645,-1.4888525009155271,2.6685473918914795,0.4518656730651855,95.81898498535156,31.818986892700195,0.6679260730743408,0.0701889619231224,64,0.0056566358541809,69,1,2,shapley-20260606T020053Z-de196f36,shapley,marginal
9,10010,2,0.2000000029802322,-1.4747705459594729,2.466515064239502,0.2915668487548828,63.81898498535156,31.818986892700195,0.5014181733131409,0.0287888906896114,32,0.0056566358541809,69,1,2,shapley-20260606T020053Z-de196f36,shapley,marginal
10,1010,2,0.2000000029802322,-0.4874331653118133,0.3024049997329712,0.0648139119148254,32.0,0.0,1.0,0.0141019597649574,0,0.0056566358541809,69,1,2,shapley-20260606T020053Z-de196f36,shapley,marginal
11,11010,3,0.2000000029802322,-0.431634783744812,0.2266808152198791,0.040372222661972,32.0,0.0,1.0,0.0113405464217066,0,0.0056566358541809,69,1,2,shapley-20260606T020053Z-de196f36,shapley,marginal
12,110,2,0.2000000029802322,-1.2590277194976809,1.873474597930908,0.2883237600326538,95.81898498535156,31.818986892700195,0.6679260730743408,0.0286339111626148,64,0.0056566358541809,69,1,2,shapley-20260606T020053Z-de196f36,shapley,marginal
13,10110,3,0.2000000029802322,-1.1658508777618408,1.5923683643341064,0.233160138130188,95.81898498535156,31.818986892700195,0.6679260730743408,0.0258501637727022,64,0.0056566358541809,69,1,2,shapley-20260606T020053Z-de196f36,shapley,marginal
14,1110,3,0.2000000029802322,-0.2293148785829544,0.0835679620504379,0.0309826470911502,32.0,0.0,1.0,0.0100586060434579,0,0.0056566358541809,69,1,2,shapley-20260606T020053Z-de196f36,shapley,marginal
15,11110,4,0.4000000059604645,-0.0987793430685997,0.023229457437992,0.0134720988571643,95.81898498535156,31.818986892700195,0.6679260730743408,0.0129467500373721,64,0.0056566358541809,69,1,2,shapley-20260606T020053Z-de196f36,shapley,marginal
16,1,1,0.4000000059604645,-1.5527713298797607,2.773057460784912,0.3619587421417236,95.81898498535156,31.818986892700195,0.6679260730743408,0.0629243776202201,64,0.0056566358541809,69,1,2,shapley-20260606T020053Z-de196f36,shapley,marginal
17,10001,2,0.2000000029802322,-1.3082880973815918,1.9469282627105715,0.2353105545043945,63.81898498535156,31.818986892700195,0.5014181733131409,0.0259644985198974,32,0.0056566358541809,69,1,2,shapley-20260606T020053Z-de196f36,shapley,marginal
18,1001,2,0.2000000029802322,-0.6344241499900818,0.5005114078521729,0.098017394542694,95.81898498535156,31.818986892700195,0.6679260730743408,0.0171121601015329,64,0.0056566358541809,69,1,2,shapley-20260606T020053Z-de196f36,shapley,marginal
19,11001,3,0.2000000029802322,-0.4875418543815613,0.2964405417442322,0.0587434768676757,63.81898498535156,31.818986892700195,0.5014181733131409,0.0134733170270919,32,0.0056566358541809,69,1,2,shapley-20260606T020053Z-de196f36,shapley,marginal
20,101,2,0.2000000029802322,-1.4138915538787842,2.362661838531494,0.3635724782943725,63.81898498535156,31.818986892700195,0.5014181733131409,0.0320311300456523,32,0.0056566358541809,69,1,2,shapley-20260606T020053Z-de196f36,shapley,marginal
21,10101,3,0.2000000029802322,-1.267063021659851,1.8252729177474976,0.2198241949081421,63.81898498535156,31.818986892700195,0.5014181733131409,0.0251290313899517,32,0.0056566358541809,69,1,2,shapley-20260606T020053Z-de196f36,shapley,marginal
22,1101,3,0.2000000029802322,-0.2746680378913879,0.1070962697267532,0.0316537395119667,32.0,0.0,1.0,0.0101561872288584,0,0.0056566358541809,69,1,2,shapley-20260606T020053Z-de196f36,shapley,marginal
23,11101,4,0.4000000059604645,-0.1540426015853881,0.0367252379655838,0.0129961147904396,32.0,0.0,1.0,0.012733805924654,0,0.0056566358541809,69,1,2,shapley-20260606T020053Z-de196f36,shapley,marginal
24,11,2,0.2000000029802322,-1.4523757696151731,2.553696632385254,0.4443013668060303,63.81898498535156,31.818986892700195,0.5014181733131409,0.0353036969900131,32,0.0056566358541809,69,1,2,shapley-20260606T020053Z-de196f36,shapley,marginal
25,10011,3,0.2000000029802322,-1.292060136795044,1.8845317363739011,0.2151123285293579,32.0,0.0,1.0,0.024869030341506,0,0.0056566358541809,69,1,2,shapley-20260606T020053Z-de196f36,shapley,marginal
26,1011,3,0.2000000029802322,-0.3272245526313782,0.1240430176258087,0.0169671103358268,32.0,0.0,1.0,0.0077035687863826,0,0.0056566358541809,69,1,2,shapley-20260606T020053Z-de196f36,shapley,marginal
27,11011,4,0.4000000059604645,-0.2635244727134704,0.0839801877737045,0.0145350396633148,95.81898498535156,31.818986892700195,0.6679260730743408,0.0134090995416045,64,0.0056566358541809,69,1,2,shapley-20260606T020053Z-de196f36,shapley,marginal
28,111,3,0.2000000029802322,-1.276895523071289,2.0141491889953613,0.3836870193481445,95.81898498535156,31.818986892700195,0.6679260730743408,0.0328779704868793,64,0.0056566358541809,69,1,2,shapley-20260606T020053Z-de196f36,shapley,marginal
29,10111,4,0.4000000059604645,-0.9963889122009276,1.1538455486297607,0.1610546708106994,32.0,0.0,1.0,0.0423065349459648,0,0.0056566358541809,69,1,2,shapley-20260606T020053Z-de196f36,shapley,marginal
30,1111,4,0.4000000059604645,-0.1409028768539428,0.0345356576144695,0.0146820377558469,127.81898498535156,31.818986892700195,0.7510621547698975,0.0134716890752315,96,0.0056566358541809,69,1,2,shapley-20260606T020053Z-de196f36,shapley,marginal
31,11111,5,1.0,0.0,0.0,0.0,32.0,0.0,1.0,0.0010000000474974,0,0.0056566358541809,69,1,2,shapley-20260606T020053Z-de196f36,shapley,marginal
0,0,0,1.0,-1.6687612533569336,3.2899322509765625,0.5051681995391846,256.0,256.0,0.3846153914928436,0.1738315820693969,160,0.0,89,2,3,shapley-20260606T020053Z-de196f36,shapley,marginal
1,10000,1,0.4000000059604645,-1.5736258029937744,2.891197681427002,0.4148995876312256,256.0,191.8189849853516,0.5002357959747314,0.063652254641056,192,0.0,89,2,3,shapley-20260606T020053Z-de196f36,shapley,marginal
2,1000,1,0.4000000059604645,-0.7602496147155762,0.8105515241622925,0.2325720191001892,159.81898498535156,95.81898498535156,0.4004530608654022,0.0479076690971851,64,0.0,89,2,3,shapley-20260606T020053Z-de196f36,shapley,marginal
3,11000,2,0.2000000029802322,-0.6267142295837402,0.4695145487785339,0.0767438113689422,95.81898498535156,63.81898498535156,0.3339630365371704,0.0144727677106857,32,0.0,89,2,3,shapley-20260606T020053Z-de196f36,shapley,marginal
4,100,1,0.4000000059604645,-1.4571504592895508,2.5992918014526367,0.4760043621063232,256.0,223.8189849853516,0.3638234734535217,0.068107433617115,128,0.0,89,2,3,shapley-20260606T020053Z-de196f36,shapley,marginal
5,10100,2,0.2000000029802322,-1.3582684993743896,2.2899303436279297,0.4450370073318481,191.8189849853516,95.81898498535156,0.500471830368042,0.0334439054131507,96,0.0,89,2,3,shapley-20260606T020053Z-de196f36,shapley,marginal
6,1100,2,0.2000000029802322,-0.5432804822921753,0.4246879816055298,0.1295343041419983,63.81898498535156,31.818986892700195,0.5014181733131409,0.0185036063194274,0,0.0,89,2,3,shapley-20260606T020053Z-de196f36,shapley,marginal
7,11100,3,0.2000000029802322,-0.3776360154151916,0.2342176437377929,0.0916086882352829,64.0,32.0,0.5,0.0157198533415794,32,0.0,89,2,3,shapley-20260606T020053Z-de196f36,shapley,marginal
8,10,1,0.4000000059604645,-1.487594723701477,2.634465217590332,0.4215271472930908,223.8189849853516,95.81898498535156,0.5718907117843628,0.0641506686806678,128,0.0,89,2,3,shapley-20260606T020053Z-de196f36,shapley,marginal
9,10010,2,0.2000000029802322,-1.413595199584961,2.3936266899108887,0.3953752517700195,127.81898498535156,63.81898498535156,0.5007081031799316,0.0315801687538623,64,0.0,89,2,3,shapley-20260606T020053Z-de196f36,shapley,marginal
10,1010,2,0.2000000029802322,-0.4874331653118133,0.3024049997329712,0.0648139119148254,32.0,0.0,1.0,0.0133813861757516,0,0.0,89,2,3,shapley-20260606T020053Z-de196f36,shapley,marginal
11,11010,3,0.2000000029802322,-0.431634783744812,0.2266808152198791,0.040372222661972,32.0,0.0,1.0,0.0107718436047434,0,0.0,89,2,3,shapley-20260606T020053Z-de196f36,shapley,marginal
12,110,2,0.2000000029802322,-1.2689201831817627,1.9204132556915283,0.3102548122406006,191.8189849853516,95.81898498535156,0.500471830368042,0.0280890893191099,96,0.0,89,2,3,shapley-20260606T020053Z-de196f36,shapley,marginal
13,10110,3,0.2000000029802322,-1.1688683032989502,1.6070959568023682,0.2408428192138672,191.8189849853516,95.81898498535156,0.500471830368042,0.0248672291636466,96,0.0,89,2,3,shapley-20260606T020053Z-de196f36,shapley,marginal
14,1110,3,0.2000000029802322,-0.2293148785829544,0.0835679620504379,0.0309826470911502,32.0,0.0,1.0,0.0095604071393609,0,0.0,89,2,3,shapley-20260606T020053Z-de196f36,shapley,marginal
15,11110,4,0.4000000059604645,-0.0987793430685997,0.023229457437992,0.0134720988571643,95.81898498535156,31.818986892700195,0.6679260730743408,0.0122897094115614,0,0.0,89,2,3,shapley-20260606T020053Z-de196f36,shapley,marginal
16,1,1,0.4000000059604645,-1.5684659481048584,2.9688072204589844,0.5087218284606934,191.8189849853516,95.81898498535156,0.500471830368042,0.0703753679990768,96,0.0,89,2,3,shapley-20260606T020053Z-de196f36,shapley,marginal
17,10001,2,0.2000000029802322,-1.3082880973815918,1.9469282627105715,0.2353105545043945,63.81898498535156,31.818986892700195,0.5014181733131409,0.024591514840722,0,0.0,89,2,3,shapley-20260606T020053Z-de196f36,shapley,marginal
18,1001,2,0.2000000029802322,-0.6568938493728638,0.5348803997039795,0.1033708751201629,159.81898498535156,95.81898498535156,0.4004530608654022,0.0166363082826137,64,0.0,89,2,3,shapley-20260606T020053Z-de196f36,shapley,marginal
19,11001,3,0.2000000029802322,-0.4875418543815613,0.2964405417442322,0.0587434768676757,63.81898498535156,31.818986892700195,0.5014181733131409,0.0127873169258236,0,0.0,89,2,3,shapley-20260606T020053Z-de196f36,shapley,marginal
20,101,2,0.2000000029802322,-1.4499558210372925,2.5287373065948486,0.4263653755187988,159.81898498535156,63.81898498535156,0.6006795763969421,0.0327560231089592,96,0.0,89,2,3,shapley-20260606T020053Z-de196f36,shapley,marginal
21,10101,3,0.2000000029802322,-1.2944576740264893,2.026427984237671,0.3508073091506958,159.81898498535156,63.81898498535156,0.6006795763969421,0.0298051033169031,96,0.0,89,2,3,shapley-20260606T020053Z-de196f36,shapley,marginal
22,1101,3,0.2000000029802322,-0.2746680378913879,0.1070962697267532,0.0316537395119667,32.0,0.0,1.0,0.0096526211127638,0,0.0,89,2,3,shapley-20260606T020053Z-de196f36,shapley,marginal
23,11101,4,0.4000000059604645,-0.1540426015853881,0.0367252379655838,0.0129961147904396,32.0,0.0,1.0,0.0120884776115417,0,0.0,89,2,3,shapley-20260606T020053Z-de196f36,shapley,marginal
24,11,2,0.2000000029802322,-1.484554886817932,2.652379512786865,0.4484763145446777,95.81898498535156,63.81898498535156,0.3339630365371704,0.0335690341889858,32,0.0,89,2,3,shapley-20260606T020053Z-de196f36,shapley,marginal
25,10011,3,0.2000000029802322,-1.292060136795044,1.8845317363739011,0.2151123285293579,32.0,0.0,1.0,0.0235562957823276,0,0.0,89,2,3,shapley-20260606T020053Z-de196f36,shapley,marginal
26,1011,3,0.2000000029802322,-0.3272245526313782,0.1240430176258087,0.0169671103358268,32.0,0.0,1.0,0.0073348903097212,0,0.0,89,2,3,shapley-20260606T020053Z-de196f36,shapley,marginal
27,11011,4,0.4000000059604645,-0.2635244727134704,0.0839801877737045,0.0145350396633148,95.81898498535156,31.818986892700195,0.6679260730743408,0.0127266310155391,0,0.0,89,2,3,shapley-20260606T020053Z-de196f36,shapley,marginal
28,111,3,0.2000000029802322,-1.242936134338379,1.9097626209259035,0.3648723363876343,159.81898498535156,95.81898498535156,0.4004530608654022,0.0303768757730722,64,0.0,89,2,3,shapley-20260606T020053Z-de196f36,shapley,marginal
29,10111,4,0.4000000059604645,-0.9963889122009276,1.1538455486297607,0.1610546708106994,32.0,0.0,1.0,0.040034782141447,0,0.0,89,2,3,shapley-20260606T020053Z-de196f36,shapley,marginal
30,1111,4,0.4000000059604645,-0.1381808966398239,0.0327805168926715,0.0136865563690662,191.8189849853516,127.81898498535156,0.3336479067802429,0.0123792132362723,64,0.0,89,2,3,shapley-20260606T020053Z-de196f36,shapley,marginal
31,11111,5,1.0,0.0,0.0,0.0,32.0,0.0,1.0,0.0010000000474974,0,0.0,89,2,3,shapley-20260606T020053Z-de196f36,shapley,marginal
0,0,0,1.0,-1.684014081954956,3.387251138687134,0.5513477325439453,256.0,256.0,0.4666666686534881,0.1692736595869064,224,0.0,109,3,4,shapley-20260606T020053Z-de196f36,shapley,marginal
1,10000,1,0.4000000059604645,-1.6008377075195312,3.0763657093048096,0.5136842727661133,256.0,256.0,0.3333333432674408,0.0659697949886322,128,0.0,109,3,4,shapley-20260606T020053Z-de196f36,shapley,marginal
2,1000,1,0.4000000059604645,-0.7521753311157227,0.76283198595047,0.1970642805099487,255.8189849853516,159.81898498535156,0.37526535987854,0.0412408635020256,96,0.0,109,3,4,shapley-20260606T020053Z-de196f36,shapley,marginal
3,11000,2,0.2000000029802322,-0.6387604475021362,0.5064340829849243,0.0984191596508026,127.81898498535156,95.81898498535156,0.2503540515899658,0.0152191333472728,32,0.0,109,3,4,shapley-20260606T020053Z-de196f36,shapley,marginal
4,100,1,0.4000000059604645,-1.4642081260681152,2.6444363594055176,0.5005309581756592,256.0,256.0,0.2000000029802322,0.065132588148117,64,0.0,109,3,4,shapley-20260606T020053Z-de196f36,shapley,marginal
5,10100,2,0.2000000029802322,-1.3582684993743896,2.2899303436279297,0.4450370073318481,191.8189849853516,95.81898498535156,0.500471830368042,0.0312364883720874,0,0.0,109,3,4,shapley-20260606T020053Z-de196f36,shapley,marginal
6,1100,2,0.2000000029802322,-0.5432804822921753,0.4246879816055298,0.1295343041419983,63.81898498535156,31.818986892700195,0.5014181733131409,0.0173126962035894,0,0.0,109,3,4,shapley-20260606T020053Z-de196f36,shapley,marginal
7,11100,3,0.2000000029802322,-0.3629754781723022,0.209652692079544,0.0779014974832534,96.0,64.0,0.3333333432674408,0.0136504573747515,32,0.0,109,3,4,shapley-20260606T020053Z-de196f36,shapley,marginal
8,10,1,0.4000000059604645,-1.5619866847991943,2.9971961975097656,0.5573937892913818,256.0,223.8189849853516,0.4168631732463836,0.0686775147914886,160,0.0,109,3,4,shapley-20260606T020053Z-de196f36,shapley,marginal
9,10010,2,0.2000000029802322,-1.4638381004333496,2.610457181930542,0.4676351547241211,191.8189849853516,127.81898498535156,0.3336479067802429,0.0319946631789207,64,0.0,109,3,4,shapley-20260606T020053Z-de196f36,shapley,marginal
10,1010,2,0.2000000029802322,-0.4874331653118133,0.3024049997329712,0.0648139119148254,32.0,0.0,1.0,0.0125389816239476,0,0.0,109,3,4,shapley-20260606T020053Z-de196f36,shapley,marginal
11,11010,3,0.2000000029802322,-0.431634783744812,0.2266808152198791,0.040372222661972,32.0,0.0,1.0,0.0101069863885641,0,0.0,109,3,4,shapley-20260606T020053Z-de196f36,shapley,marginal
12,110,2,0.2000000029802322,-1.295952558517456,2.0490260124206543,0.3695329427719116,255.8189849853516,191.8189849853516,0.2501769065856933,0.0285524316132068,64,0.0,109,3,4,shapley-20260606T020053Z-de196f36,shapley,marginal
13,10110,3,0.2000000029802322,-1.224809646606445,1.911553978919983,0.4113953113555908,223.8189849853516,191.8189849853516,0.1429726779460907,0.0300712008029222,32,0.0,109,3,4,shapley-20260606T020053Z-de196f36,shapley,marginal
14,1110,3,0.2000000029802322,-0.2293148785829544,0.0835679620504379,0.0309826470911502,32.0,0.0,1.0,0.0089779738336801,0,0.0,109,3,4,shapley-20260606T020053Z-de196f36,shapley,marginal
15,11110,4,0.4000000059604645,-0.0987793430685997,0.023229457437992,0.0134720988571643,95.81898498535156,31.818986892700195,0.6679260730743408,0.0115215796977281,0,0.0,109,3,4,shapley-20260606T020053Z-de196f36,shapley,marginal
16,1,1,0.4000000059604645,-1.6164875030517578,3.164435625076294,0.5514037609100342,255.8189849853516,191.8189849853516,0.2501769065856933,0.0683128759264946,64,0.0,109,3,4,shapley-20260606T020053Z-de196f36,shapley,marginal
17,10001,2,0.2000000029802322,-1.5039141178131104,2.592191219329834,0.3304336071014404,95.81898498535156,63.81898498535156,0.3339630365371704,0.0270540621131658,32,0.0,109,3,4,shapley-20260606T020053Z-de196f36,shapley,marginal
18,1001,2,0.2000000029802322,-0.6564262509346008,0.5336218476295471,0.1027264297008514,191.8189849853516,159.81898498535156,0.1668239533901214,0.0155269484966993,32,0.0,109,3,4,shapley-20260606T020053Z-de196f36,shapley,marginal
19,11001,3,0.2000000029802322,-0.501434862613678,0.3260457217693329,0.0746088027954101,95.81898498535156,63.81898498535156,0.3339630365371704,0.0133802201598882,32,0.0,109,3,4,shapley-20260606T020053Z-de196f36,shapley,marginal
20,101,2,0.2000000029802322,-1.4036884307861328,2.41050124168396,0.4401600360870361,191.8189849853516,159.81898498535156,0.1668239533901214,0.0310703590512275,32,0.0,109,3,4,shapley-20260606T020053Z-de196f36,shapley,marginal
21,10101,3,0.2000000029802322,-1.3794758319854736,2.4111459255218506,0.5081923007965088,256.0,159.81898498535156,0.4447239637374878,0.0333107709884643,128,0.0,109,3,4,shapley-20260606T020053Z-de196f36,shapley,marginal
22,1101,3,0.2000000029802322,-0.2746680378913879,0.1070962697267532,0.0316537395119667,32.0,0.0,1.0,0.0090639134868979,0,0.0,109,3,4,shapley-20260606T020053Z-de196f36,shapley,marginal
23,11101,4,0.4000000059604645,-0.1830097287893295,0.0485205166041851,0.0150279551744461,64.0,32.0,0.5,0.0121125392615795,32,0.0,109,3,4,shapley-20260606T020053Z-de196f36,shapley,marginal
24,11,2,0.2000000029802322,-1.4798662662506104,2.6572628021240234,0.4672586917877197,223.8189849853516,95.81898498535156,0.5718907117843628,0.0319821834564209,128,0.0,109,3,4,shapley-20260606T020053Z-de196f36,shapley,marginal
25,10011,3,0.2000000029802322,-1.292060136795044,1.8845317363739011,0.2151123285293579,32.0,0.0,1.0,0.022021610289812,0,0.0,109,3,4,shapley-20260606T020053Z-de196f36,shapley,marginal
26,1011,3,0.2000000029802322,-0.3272245526313782,0.1240430176258087,0.0169671103358268,32.0,0.0,1.0,0.0069038765504956,0,0.0,109,3,4,shapley-20260606T020053Z-de196f36,shapley,marginal
27,11011,4,0.4000000059604645,-0.256503701210022,0.0804328471422195,0.0146386995911598,127.81898498535156,95.81898498535156,0.2503540515899658,0.0119676748290658,32,0.0,109,3,4,shapley-20260606T020053Z-de196f36,shapley,marginal
28,111,3,0.2000000029802322,-1.2866289615631104,2.062530040740967,0.4071159362792969,255.8189849853516,159.81898498535156,0.37526535987854,0.0299196075648069,96,0.0,109,3,4,shapley-20260606T020053Z-de196f36,shapley,marginal
29,10111,4,0.4000000059604645,-1.222995042800903,1.8284783363342283,0.3327614068984985,128.0,32.0,0.75,0.053291343152523,96,0.0,109,3,4,shapley-20260606T020053Z-de196f36,shapley,marginal
30,1111,4,0.4000000059604645,-0.1381808966398239,0.0327805168926715,0.0136865563690662,191.8189849853516,127.81898498535156,0.3336479067802429,0.0116049936041235,0,0.0,109,3,4,shapley-20260606T020053Z-de196f36,shapley,marginal
31,11111,5,1.0,0.0,0.0,0.0,32.0,0.0,1.0,0.0010000000474974,0,0.0,109,3,4,shapley-20260606T020053Z-de196f36,shapley,marginal
0,0,0,1.0,-1.7105975151062012,3.523171901702881,0.5970280170440674,256.0,256.0,0.3333333432674408,0.160867765545845,128,0.0,129,4,5,shapley-20260606T020053Z-de196f36,shapley,marginal
1,10000,1,0.4000000059604645,-1.5988905429840088,3.1296348571777344,0.5731837749481201,256.0,256.0,0.3333333432674408,0.063657134771347,128,0.0,129,4,5,shapley-20260606T020053Z-de196f36,shapley,marginal
2,1000,1,0.4000000059604645,-0.8139574527740479,0.9080841541290284,0.245557427406311,256.0,255.8189849853516,0.3334905505180359,0.0420109741389751,128,0.0,129,4,5,shapley-20260606T020053Z-de196f36,shapley,marginal
3,11000,2,0.2000000029802322,-0.6387604475021362,0.5064340829849243,0.0984191596508026,127.81898498535156,95.81898498535156,0.2503540515899658,0.0139817548915743,0,0.0,129,4,5,shapley-20260606T020053Z-de196f36,shapley,marginal
4,100,1,0.4000000059604645,-1.4721825122833252,2.6966662406921387,0.5293447971343994,256.0,256.0,0.2000000029802322,0.0612133666872978,64,0.0,129,4,5,shapley-20260606T020053Z-de196f36,shapley,marginal
5,10100,2,0.2000000029802322,-1.3757847547531128,2.3498294353485107,0.4570457935333252,223.8189849853516,191.8189849853516,0.1429726779460907,0.0289752129465341,32,0.0,129,4,5,shapley-20260606T020053Z-de196f36,shapley,marginal
6,1100,2,0.2000000029802322,-0.5417240858078003,0.4383670687675476,0.1449020802974701,127.81898498535156,63.81898498535156,0.5007081031799316,0.0167518258094787,64,0.0,129,4,5,shapley-20260606T020053Z-de196f36,shapley,marginal
7,11100,3,0.2000000029802322,-0.3620775938034057,0.22342449426651,0.0923243165016174,160.0,96.0,0.4000000059604645,0.0135733680799603,64,0.0,129,4,5,shapley-20260606T020053Z-de196f36,shapley,marginal
8,10,1,0.4000000059604645,-1.6069484949111938,3.214910984039306,0.6326274871826172,256.0,256.0,0.2000000029802322,0.0668260231614112,64,0.0,129,4,5,shapley-20260606T020053Z-de196f36,shapley,marginal
9,10010,2,0.2000000029802322,-1.5496344566345217,3.1214592456817627,0.7200922966003418,255.8189849853516,191.8189849853516,0.2501769065856933,0.0361145958304405,64,0.0,129,4,5,shapley-20260606T020053Z-de196f36,shapley,marginal
10,1010,2,0.2000000029802322,-0.6270345449447632,0.5696051716804504,0.1764328479766845,96.0,32.0,0.6666666865348816,0.0183813404291868,64,0.0,129,4,5,shapley-20260606T020053Z-de196f36,shapley,marginal
11,11010,3,0.2000000029802322,-0.4641584753990173,0.2961382865905761,0.0806951969861984,64.0,32.0,0.5,0.0127548594027757,32,0.0,129,4,5,shapley-20260606T020053Z-de196f36,shapley,marginal
12,110,2,0.2000000029802322,-1.3281680345535278,2.1917004585266118,0.4276701211929321,256.0,255.8189849853516,0.1111809909343719,0.0280612614005804,32,0.0,129,4,5,shapley-20260606T020053Z-de196f36,shapley,marginal
13,10110,3,0.2000000029802322,-1.224809646606445,1.911553978919983,0.4113953113555908,223.8189849853516,191.8189849853516,0.1429726779460907,0.0275413636118173,0,0.0,129,4,5,shapley-20260606T020053Z-de196f36,shapley,marginal
14,1110,3,0.2000000029802322,-0.2293148785829544,0.0835679620504379,0.0309826470911502,32.0,0.0,1.0,0.008283712901175,0,0.0,129,4,5,shapley-20260606T020053Z-de196f36,shapley,marginal
15,11110,4,0.4000000059604645,-0.0987793430685997,0.023229457437992,0.0134720988571643,95.81898498535156,31.818986892700195,0.6679260730743408,0.010605969466269,0,0.0,129,4,5,shapley-20260606T020053Z-de196f36,shapley,marginal
16,1,1,0.4000000059604645,-1.692537546157837,3.625466823577881,0.7607834339141846,256.0,255.8189849853516,0.3334905505180359,0.0731861814856529,128,0.0,129,4,5,shapley-20260606T020053Z-de196f36,shapley,marginal
17,10001,2,0.2000000029802322,-1.5530438423156738,2.8784937858581543,0.4665486812591553,159.81898498535156,95.81898498535156,0.4004530608654022,0.0292645506560802,64,0.0,129,4,5,shapley-20260606T020053Z-de196f36,shapley,marginal
18,1001,2,0.2000000029802322,-0.6759002208709717,0.595065712928772,0.1382246017456054,256.0,191.8189849853516,0.3335429728031158,0.0163846015930175,96,0.0,129,4,5,shapley-20260606T020053Z-de196f36,shapley,marginal
19,11001,3,0.2000000029802322,-0.501434862613678,0.3260457217693329,0.0746088027954101,95.81898498535156,63.81898498535156,0.3339630365371704,0.0123028671368956,0,0.0,129,4,5,shapley-20260606T020053Z-de196f36,shapley,marginal
20,101,2,0.2000000029802322,-1.447602152824402,2.639876365661621,0.5443243980407715,223.8189849853516,191.8189849853516,0.1429726779460907,0.0315296947956085,32,0.0,129,4,5,shapley-20260606T020053Z-de196f36,shapley,marginal
21,10101,3,0.2000000029802322,-1.3760906457901,2.4180796146392822,0.5244541168212891,256.0,256.0,0.1111111119389534,0.0309672802686691,32,0.0,129,4,5,shapley-20260606T020053Z-de196f36,shapley,marginal
22,1101,3,0.2000000029802322,-0.3037574589252472,0.1361795663833618,0.0439109727740287,96.0,32.0,0.6666666865348816,0.0096712186932563,64,0.0,129,4,5,shapley-20260606T020053Z-de196f36,shapley,marginal
23,11101,4,0.4000000059604645,-0.2032276690006256,0.0658858716487884,0.0245843864977359,128.0,64.0,0.5,0.0139763718470931,64,0.0,129,4,5,shapley-20260606T020053Z-de196f36,shapley,marginal
24,11,2,0.2000000029802322,-1.5312471389770508,2.9472098350524902,0.602492094039917,256.0,223.8189849853516,0.2223619818687439,0.0331195332109928,64,0.0,129,4,5,shapley-20260606T020053Z-de196f36,shapley,marginal
25,10011,3,0.2000000029802322,-1.292060136795044,1.8845317363739011,0.2151123285293579,32.0,0.0,1.0,0.0201922636479139,0,0.0,129,4,5,shapley-20260606T020053Z-de196f36,shapley,marginal
26,1011,3,0.2000000029802322,-0.3272245526313782,0.1240430176258087,0.0169671103358268,32.0,0.0,1.0,0.0063901087269186,0,0.0,129,4,5,shapley-20260606T020053Z-de196f36,shapley,marginal
27,11011,4,0.4000000059604645,-0.256503701210022,0.0804328471422195,0.0146386995911598,127.81898498535156,95.81898498535156,0.2503540515899658,0.0110132442787289,0,0.0,129,4,5,shapley-20260606T020053Z-de196f36,shapley,marginal
28,111,3,0.2000000029802322,-1.3235406875610352,2.2474827766418457,0.4957227706909179,256.0,255.8189849853516,0.2001131922006607,0.0301348641514778,64,0.0,129,4,5,shapley-20260606T020053Z-de196f36,shapley,marginal
29,10111,4,0.4000000059604645,-1.339956760406494,2.313830852508545,0.5183467864990234,256.0,128.0,0.5,0.0605845637619495,128,0.0,129,4,5,shapley-20260606T020053Z-de196f36,shapley,marginal
30,1111,4,0.4000000059604645,-0.1381808966398239,0.0327805168926715,0.0136865563690662,191.8189849853516,127.81898498535156,0.3336479067802429,0.0106821246445178,0,0.0,129,4,5,shapley-20260606T020053Z-de196f36,shapley,marginal
31,11111,5,1.0,0.0,0.0,0.0,32.0,0.0,1.0,0.0010000000474974,0,0.0,129,4,5,shapley-20260606T020053Z-de196f36,shapley,marginal
0,0,0,1.0,-1.833177924156189,4.245532035827637,0.8849906921386719,256.0,248.5637359619141,0.5628216862678528,0.1808221340179443,320,0.0290479216724449,169,5,6,shapley-20260606T020053Z-de196f36,shapley,marginal
1,10000,1,0.4000000059604645,-1.6032700538635254,3.1697587966918945,0.5992839336395264,256.0,248.5637359619141,0.1140560805797576,0.0601902417838573,32,0.0290479216724449,169,5,6,shapley-20260606T020053Z-de196f36,shapley,marginal
2,1000,1,0.4000000059604645,-0.8311104774475098,0.9307997226715088,0.2400550842285156,256.0,248.5637359619141,0.2047582417726516,0.0384618490934371,64,0.0290479216724449,169,5,6,shapley-20260606T020053Z-de196f36,shapley,marginal
3,11000,2,0.2000000029802322,-0.6387604475021362,0.5064340829849243,0.0984191596508026,127.81898498535156,95.81898498535156,0.2503540515899658,0.012993436306715,0,0.0290479216724449,169,5,6,shapley-20260606T020053Z-de196f36,shapley,marginal
4,100,1,0.4000000059604645,-1.5161232948303225,2.920264959335327,0.6216351985931396,256.0,248.5637359619141,0.2786131799221039,0.0612839311361312,96,0.0290479216724449,169,5,6,shapley-20260606T020053Z-de196f36,shapley,marginal
5,10100,2,0.2000000029802322,-1.4222263097763062,2.627670288085937,0.6049425601959229,249.3175048828125,217.3175048828125,0.1283503919839859,0.0307345166802406,32,0.0290479216724449,169,5,6,shapley-20260606T020053Z-de196f36,shapley,marginal
6,1100,2,0.2000000029802322,-0.5417240858078003,0.4383670687675476,0.1449020802974701,127.81898498535156,63.81898498535156,0.5007081031799316,0.0155526176095008,0,0.0290479216724449,169,5,6,shapley-20260606T020053Z-de196f36,shapley,marginal
7,11100,3,0.2000000029802322,-0.3620775938034057,0.22342449426651,0.0923243165016174,160.0,96.0,0.4000000059604645,0.0126161398366093,0,0.0290479216724449,169,5,6,shapley-20260606T020053Z-de196f36,shapley,marginal
8,10,1,0.4000000059604645,-1.7274863719940186,3.862536430358887,0.8783273696899414,256.0,248.5637359619141,0.5367488861083984,0.0726575553417205,288,0.0290479216724449,169,5,6,shapley-20260606T020053Z-de196f36,shapley,marginal
9,10010,2,0.2000000029802322,-1.5496344566345217,3.1214592456817627,0.7200922966003418,255.8189849853516,191.8189849853516,0.2501769065856933,0.0334412679076194,0,0.0290479216724449,169,5,6,shapley-20260606T020053Z-de196f36,shapley,marginal
10,1010,2,0.2000000029802322,-0.6270345449447632,0.5696051716804504,0.1764328479766845,96.0,32.0,0.6666666865348816,0.0170580763369798,0,0.0290479216724449,169,5,6,shapley-20260606T020053Z-de196f36,shapley,marginal
11,11010,3,0.2000000029802322,-0.4641584753990173,0.2961382865905761,0.0806951969861984,64.0,32.0,0.5,0.0118599459528923,0,0.0290479216724449,169,5,6,shapley-20260606T020053Z-de196f36,shapley,marginal
12,110,2,0.2000000029802322,-1.3281680345535278,2.1917004585266118,0.4276701211929321,256.0,255.8189849853516,0.1111809909343719,0.0260010510683059,0,0.0290479216724449,169,5,6,shapley-20260606T020053Z-de196f36,shapley,marginal
13,10110,3,0.2000000029802322,-1.22794771194458,1.9109522104263303,0.4030966758728027,249.3175048828125,217.3175048828125,0.1283503919839859,0.0252721607685089,32,0.0290479216724449,169,5,6,shapley-20260606T020053Z-de196f36,shapley,marginal
14,1110,3,0.2000000029802322,-0.3100748360157013,0.2009871900081634,0.1048407852649688,127.07046508789062,31.070466995239254,0.7554863095283508,0.0133785270154476,96,0.0290479216724449,169,5,6,shapley-20260606T020053Z-de196f36,shapley,marginal
15,11110,4,0.4000000059604645,-0.0987793430685997,0.023229457437992,0.0134720988571643,95.81898498535156,31.818986892700195,0.6679260730743408,0.0098746540024876,0,0.0290479216724449,169,5,6,shapley-20260606T020053Z-de196f36,shapley,marginal
16,1,1,0.4000000059604645,-1.728730082511902,3.823733329772949,0.8352255821228027,256.0,248.5637359619141,0.4358052611351013,0.070877231657505,192,0.0290479216724449,169,5,6,shapley-20260606T020053Z-de196f36,shapley,marginal
17,10001,2,0.2000000029802322,-1.5935330390930176,3.045323610305786,0.5059759616851807,187.17657470703125,155.17657470703125,0.1709615588188171,0.0281937271356582,32,0.0290479216724449,169,5,6,shapley-20260606T020053Z-de196f36,shapley,marginal
18,1001,2,0.2000000029802322,-0.6791186928749084,0.6007030010223389,0.1395007967948913,256.0,248.5637359619141,0.1140560805797576,0.0152788143604993,32,0.0290479216724449,169,5,6,shapley-20260606T020053Z-de196f36,shapley,marginal
19,11001,3,0.2000000029802322,-0.501434862613678,0.3260457217693329,0.0746088027954101,95.81898498535156,63.81898498535156,0.3339630365371704,0.011442364193499,0,0.0290479216724449,169,5,6,shapley-20260606T020053Z-de196f36,shapley,marginal
20,101,2,0.2000000029802322,-1.447602152824402,2.639876365661621,0.5443243980407715,223.8189849853516,191.8189849853516,0.1429726779460907,0.0292054302990436,0,0.0290479216724449,169,5,6,shapley-20260606T020053Z-de196f36,shapley,marginal
21,10101,3,0.2000000029802322,-1.3760906457901,2.4180796146392822,0.5244541168212891,256.0,256.0,0.1111111119389534,0.0286858286708593,0,0.0290479216724449,169,5,6,shapley-20260606T020053Z-de196f36,shapley,marginal
22,1101,3,0.2000000029802322,-0.3037574589252472,0.1361795663833618,0.0439109727740287,96.0,32.0,0.6666666865348816,0.0090110665187239,0,0.0290479216724449,169,5,6,shapley-20260606T020053Z-de196f36,shapley,marginal
23,11101,4,0.4000000059604645,-0.2077479660511016,0.0682541728019714,0.0250949561595916,188.2818603515625,124.28186798095705,0.3399159014225006,0.0131123103201389,64,0.0290479216724449,169,5,6,shapley-20260606T020053Z-de196f36,shapley,marginal
24,11,2,0.2000000029802322,-1.5344539880752563,2.9790709018707275,0.6245219707489014,256.0,248.5637359619141,0.1140560805797576,0.0312118753790855,32,0.0290479216724449,169,5,6,shapley-20260606T020053Z-de196f36,shapley,marginal
25,10011,3,0.2000000029802322,-1.292060136795044,1.8845317363739011,0.2151123285293579,32.0,0.0,1.0,0.0187311302870512,0,0.0290479216724449,169,5,6,shapley-20260606T020053Z-de196f36,shapley,marginal
26,1011,3,0.2000000029802322,-0.4206646382808685,0.2343067079782486,0.0573479682207107,95.07046508789062,31.070466995239254,0.673184871673584,0.0101550938561558,64,0.0290479216724449,169,5,6,shapley-20260606T020053Z-de196f36,shapley,marginal
27,11011,4,0.4000000059604645,-0.2718055546283722,0.0927347093820571,0.0188564509153366,156.10610961914062,124.10610961914062,0.2049887776374817,0.0114993825554847,32,0.0290479216724449,169,5,6,shapley-20260606T020053Z-de196f36,shapley,marginal
28,111,3,0.2000000029802322,-1.4059853553771973,2.595227003097534,0.6184321641921997,256.0,248.5637359619141,0.2786131799221039,0.0310642123222351,96,0.0290479216724449,169,5,6,shapley-20260606T020053Z-de196f36,shapley,marginal
29,10111,4,0.4000000059604645,-1.3773990869522097,2.460580825805664,0.5633525848388672,256.0,248.5637359619141,0.2786131799221039,0.0583883710205554,96,0.0290479216724449,169,5,6,shapley-20260606T020053Z-de196f36,shapley,marginal
30,1111,4,0.4000000059604645,-0.1381808966398239,0.0327805168926715,0.0136865563690662,191.8189849853516,127.81898498535156,0.3336479067802429,0.0099450107663869,0,0.0290479216724449,169,5,6,shapley-20260606T020053Z-de196f36,shapley,marginal
31,11111,5,1.0,0.0,0.0,0.0,32.0,0.0,1.0,0.0010000000474974,0,0.0290479216724449,169,5,6,shapley-20260606T020053Z-de196f36,shapley,marginal
0,0,0,1.0,-1.1088314056396484,1.492013931274414,0.2625068426132202,32.0,0.0,1.0,0.1883590817451477,32,0.0,49,0,1,shapley-20260606T020116Z-db49fad8,shapley,conditional
1,10000,1,0.4000000059604645,-0.8288344144821167,0.9215274453163148,0.2345609664916992,32.0,0.0,1.0,0.0718422457575798,32,0.0,49,0,1,shapley-20260606T020116Z-db49fad8,shapley,conditional
2,1000,1,0.4000000059604645,-0.3538808822631836,0.1838796138763427,0.0586479306221008,32.0,0.0,1.0,0.0364234410226345,32,0.0,49,0,1,shapley-20260606T020116Z-db49fad8,shapley,conditional
3,11000,2,0.2000000029802322,-0.3485141396522522,0.1560116112232208,0.0345495045185089,32.0,0.0,1.0,0.0145942531526088,32,0.0,49,0,1,shapley-20260606T020116Z-db49fad8,shapley,conditional
4,100,1,0.4000000059604645,-0.6831266283988953,0.6006721258163452,0.1340101361274719,32.0,0.0,1.0,0.0545467622578144,32,0.0,49,0,1,shapley-20260606T020116Z-db49fad8,shapley,conditional
5,10100,2,0.2000000029802322,-0.7337711453437805,0.7916817665100098,0.2532616853713989,32.0,0.0,1.0,0.0378060489892959,32,0.0,49,0,1,shapley-20260606T020116Z-db49fad8,shapley,conditional
6,1100,2,0.2000000029802322,-0.1797558367252349,0.0465746894478797,0.0142625272274017,32.0,0.0,1.0,0.0097343921661376,32,0.0,49,0,1,shapley-20260606T020116Z-db49fad8,shapley,conditional
7,11100,3,0.2000000029802322,-0.1579317301511764,0.054954495280981,0.0300120636820793,32.0,0.0,1.0,0.0136701688170433,32,0.0,49,0,1,shapley-20260606T020116Z-db49fad8,shapley,conditional
8,10,1,0.4000000059604645,-0.7690644264221191,0.6843762397766113,0.0929161310195922,32.0,0.0,1.0,0.0455871745944023,32,0.0,49,0,1,shapley-20260606T020116Z-db49fad8,shapley,conditional
9,10010,2,0.2000000029802322,-0.6147290468215942,0.4549147486686706,0.0770229399204254,32.0,0.0,1.0,0.0212975908070802,32,0.0,49,0,1,shapley-20260606T020116Z-db49fad8,shapley,conditional
10,1010,2,0.2000000029802322,-0.2376927584409713,0.0728917941451072,0.0163939483463764,32.0,0.0,1.0,0.0103643191978335,32,0.0,49,0,1,shapley-20260606T020116Z-db49fad8,shapley,conditional
11,11010,3,0.2000000029802322,-0.2074911594390869,0.0571591444313526,0.0141065642237663,32.0,0.0,1.0,0.0096865044906735,32,0.0,49,0,1,shapley-20260606T020116Z-db49fad8,shapley,conditional
12,110,2,0.2000000029802322,-0.6647553443908691,0.6639084219932556,0.2220087647438049,32.0,0.0,1.0,0.0354603305459022,32,0.0,49,0,1,shapley-20260606T020116Z-db49fad8,shapley,conditional
13,10110,3,0.2000000029802322,-0.509842038154602,0.3357751667499542,0.0758362710475921,32.0,0.0,1.0,0.0211406238377094,32,0.0,49,0,1,shapley-20260606T020116Z-db49fad8,shapley,conditional
14,1110,3,0.2000000029802322,-0.1160436123609542,0.0235347729176282,0.0100686531513929,32.0,0.0,1.0,0.0083387168124318,32,0.0,49,0,1,shapley-20260606T020116Z-db49fad8,shapley,conditional
15,11110,4,0.4000000059604645,-0.0103506334125995,0.000797847227659,0.0006907116039656,32.0,0.0,1.0,0.0048442604020237,32,0.0,49,0,1,shapley-20260606T020116Z-db49fad8,shapley,conditional
16,1,1,0.4000000059604645,-0.7497469186782837,0.6976776123046875,0.1355571746826172,32.0,0.0,1.0,0.0548549517989158,32,0.0,49,0,1,shapley-20260606T020116Z-db49fad8,shapley,conditional
17,10001,2,0.2000000029802322,-0.9278832077980042,1.1351594924926758,0.2741922736167907,32.0,0.0,1.0,0.0392967574298381,32,0.0,49,0,1,shapley-20260606T020116Z-db49fad8,shapley,conditional
18,1001,2,0.2000000029802322,-0.3730611503124237,0.1997906267642974,0.0606160014867782,32.0,0.0,1.0,0.019006447866559,32,0.0,49,0,1,shapley-20260606T020116Z-db49fad8,shapley,conditional
19,11001,3,0.2000000029802322,-0.3359412550926208,0.1551362574100494,0.042279727756977,32.0,0.0,1.0,0.0160383619368076,32,0.0,49,0,1,shapley-20260606T020116Z-db49fad8,shapley,conditional
20,101,2,0.2000000029802322,-0.7613711953163147,0.6754565238952637,0.0957704186439514,32.0,0.0,1.0,0.0236334186047315,32,0.0,49,0,1,shapley-20260606T020116Z-db49fad8,shapley,conditional
21,10101,3,0.2000000029802322,-0.7047833800315857,0.7568697929382324,0.2601501941680908,32.0,0.0,1.0,0.0383032374083995,32,0.0,49,0,1,shapley-20260606T020116Z-db49fad8,shapley,conditional
22,1101,3,0.2000000029802322,-0.2859534919261932,0.1396624892950058,0.0578930899500846,32.0,0.0,1.0,0.0185973700135946,32,0.0,49,0,1,shapley-20260606T020116Z-db49fad8,shapley,conditional
23,11101,4,0.4000000059604645,-0.1471171528100967,0.0520413853228092,0.030397929251194,32.0,0.0,1.0,0.0265027172863483,32,0.0,49,0,1,shapley-20260606T020116Z-db49fad8,shapley,conditional
24,11,2,0.2000000029802322,-0.8027949929237366,0.7861800789833069,0.141700267791748,32.0,0.0,1.0,0.0285308603197336,32,0.0,49,0,1,shapley-20260606T020116Z-db49fad8,shapley,conditional
25,10011,3,0.2000000029802322,-0.7203240990638733,0.7129662036895752,0.1940993666648864,32.0,0.0,1.0,0.0332215502858161,32,0.0,49,0,1,shapley-20260606T020116Z-db49fad8,shapley,conditional
26,1011,3,0.2000000029802322,-0.2574846744537353,0.0824596360325813,0.0161612778902053,32.0,0.0,1.0,0.0102976309135556,32,0.0,49,0,1,shapley-20260606T020116Z-db49fad8,shapley,conditional
27,11011,4,0.4000000059604645,-0.1950236409902572,0.0515875518321991,0.0135533325374126,32.0,0.0,1.0,0.0180289335548877,32,0.0,49,0,1,shapley-20260606T020116Z-db49fad8,shapley,conditional
28,111,3,0.2000000029802322,-0.6832218170166016,0.5869758129119873,0.1201837658882141,32.0,0.0,1.0,0.0263546351343393,32,0.0,49,0,1,shapley-20260606T020116Z-db49fad8,shapley,conditional
29,10111,4,0.4000000059604645,-0.6101434230804443,0.4834827184677124,0.1112077236175537,32.0,0.0,1.0,0.0497788861393928,32,0.0,49,0,1,shapley-20260606T020116Z-db49fad8,shapley,conditional
30,1111,4,0.4000000059604645,-0.0673857182264328,0.01111307926476,0.0065722442232072,32.0,0.0,1.0,0.0128582697361707,32,0.0,49,0,1,shapley-20260606T020116Z-db49fad8,shapley,conditional
31,11111,5,1.0,0.0,0.0,0.0,32.0,0.0,1.0,0.0010000000474974,32,0.0,49,0,1,shapley-20260606T020116Z-db49fad8,shapley,conditional
0,0,0,1.0,-0.953626036643982,1.221137762069702,0.3117351531982422,256.0,32.0,0.875,0.1952383369207382,224,0.0,69,1,2,shapley-20260606T020116Z-db49fad8,shapley,conditional
1,10000,1,0.4000000059604645,-0.8636881113052368,0.9280643463134766,0.1821072101593017,160.0,32.0,0.800000011920929,0.0603834688663482,128,0.0,69,1,2,shapley-20260606T020116Z-db49fad8,shapley,conditional
2,1000,1,0.4000000059604645,-0.4234554171562195,0.2385296672582626,0.059215173125267,128.0,32.0,0.75,0.0348624624311924,96,0.0,69,1,2,shapley-20260606T020116Z-db49fad8,shapley,conditional
3,11000,2,0.2000000029802322,-0.3558052182197571,0.1646642684936523,0.0380669087171554,64.0,32.0,0.5,0.0145751880481839,32,0.0,69,1,2,shapley-20260606T020116Z-db49fad8,shapley,conditional
4,100,1,0.4000000059604645,-0.7758886814117432,0.8895581364631653,0.287554919719696,160.0,32.0,0.800000011920929,0.0756212398409843,128,0.0,69,1,2,shapley-20260606T020116Z-db49fad8,shapley,conditional
5,10100,2,0.2000000029802322,-0.6651075482368469,0.6382656693458557,0.1958976089954376,96.0,32.0,0.6666666865348816,0.0317954532802104,64,0.0,69,1,2,shapley-20260606T020116Z-db49fad8,shapley,conditional
6,1100,2,0.2000000029802322,-0.1701712608337402,0.0410193800926208,0.0120611228048801,64.0,32.0,0.5,0.0086412765085697,32,0.0,69,1,2,shapley-20260606T020116Z-db49fad8,shapley,conditional
7,11100,3,0.2000000029802322,-0.1708541214466095,0.0540142506361007,0.0248231198638677,96.0,32.0,0.6666666865348816,0.0119622629135847,64,0.0,69,1,2,shapley-20260606T020116Z-db49fad8,shapley,conditional
8,10,1,0.4000000059604645,-0.7695348262786865,0.7281749844551086,0.1359911561012268,96.0,32.0,0.6666666865348816,0.0523165389895439,64,0.0,69,1,2,shapley-20260606T020116Z-db49fad8,shapley,conditional
9,10010,2,0.2000000029802322,-0.6147290468215942,0.4549147486686706,0.0770229399204254,32.0,0.0,1.0,0.020309992134571,0,0.0,69,1,2,shapley-20260606T020116Z-db49fad8,shapley,conditional
10,1010,2,0.2000000029802322,-0.2376927584409713,0.0728917941451072,0.0163939483463764,32.0,0.0,1.0,0.0099086891859769,0,0.0,69,1,2,shapley-20260606T020116Z-db49fad8,shapley,conditional
11,11010,3,0.2000000029802322,-0.1964274197816848,0.0510298088192939,0.012446079403162,64.0,32.0,0.5,0.0087622627615928,32,0.0,69,1,2,shapley-20260606T020116Z-db49fad8,shapley,conditional
12,110,2,0.2000000029802322,-0.6596659421920776,0.6610873937606812,0.225928246974945,96.0,32.0,0.6666666865348816,0.0340717546641826,64,0.0,69,1,2,shapley-20260606T020116Z-db49fad8,shapley,conditional
13,10110,3,0.2000000029802322,-0.4804954528808594,0.3047540783882141,0.0738781988620758,64.0,32.0,0.5,0.0199116822332143,32,0.0,69,1,2,shapley-20260606T020116Z-db49fad8,shapley,conditional
14,1110,3,0.2000000029802322,-0.0842543542385101,0.0168606434017419,0.0097618475556373,64.0,32.0,0.5,0.0078744515776634,32,0.0,69,1,2,shapley-20260606T020116Z-db49fad8,shapley,conditional
15,11110,4,0.4000000059604645,-0.0103506334125995,0.000797847227659,0.0006907116039656,32.0,0.0,1.0,0.0046572140417993,0,0.0,69,1,2,shapley-20260606T020116Z-db49fad8,shapley,conditional
16,1,1,0.4000000059604645,-0.8300373554229736,0.9316567182540894,0.2426947355270385,128.0,32.0,0.75,0.0695539116859436,96,0.0,69,1,2,shapley-20260606T020116Z-db49fad8,shapley,conditional
17,10001,2,0.2000000029802322,-0.8424993753433228,0.9357916116714478,0.2259864211082458,128.0,32.0,0.75,0.0340760163962841,96,0.0,69,1,2,shapley-20260606T020116Z-db49fad8,shapley,conditional
18,1001,2,0.2000000029802322,-0.3730611503124237,0.1997906267642974,0.0606160014867782,32.0,0.0,1.0,0.0181303266435861,0,0.0,69,1,2,shapley-20260606T020116Z-db49fad8,shapley,conditional
19,11001,3,0.2000000029802322,-0.3552504777908325,0.1803309023380279,0.0541280061006546,96.0,32.0,0.6666666865348816,0.0171876214444637,64,0.0,69,1,2,shapley-20260606T020116Z-db49fad8,shapley,conditional
20,101,2,0.2000000029802322,-0.7613711953163147,0.6754565238952637,0.0957704186439514,32.0,0.0,1.0,0.0225321669131517,0,0.0,69,1,2,shapley-20260606T020116Z-db49fad8,shapley,conditional
21,10101,3,0.2000000029802322,-0.6594666242599487,0.644946813583374,0.2100505828857422,96.0,32.0,0.6666666865348816,0.0328884907066822,64,0.0,69,1,2,shapley-20260606T020116Z-db49fad8,shapley,conditional
22,1101,3,0.2000000029802322,-0.2859534919261932,0.1396624892950058,0.0578930899500846,32.0,0.0,1.0,0.0177411548793315,0,0.0,69,1,2,shapley-20260606T020116Z-db49fad8,shapley,conditional
23,11101,4,0.4000000059604645,-0.1357593983411789,0.0369056276977062,0.0184750128537416,128.0,32.0,0.75,0.0199144817888736,96,0.0,69,1,2,shapley-20260606T020116Z-db49fad8,shapley,conditional
24,11,2,0.2000000029802322,-0.778783917427063,0.7713220119476318,0.1648176312446594,64.0,32.0,0.5,0.0292470995336771,32,0.0,69,1,2,shapley-20260606T020116Z-db49fad8,shapley,conditional
25,10011,3,0.2000000029802322,-0.7186874151229858,0.69990074634552,0.183389127254486,128.0,32.0,0.75,0.030796056613326,96,0.0,69,1,2,shapley-20260606T020116Z-db49fad8,shapley,conditional
26,1011,3,0.2000000029802322,-0.2537280917167663,0.0843355059623718,0.0199575647711753,64.0,32.0,0.5,0.0108293732628226,32,0.0,69,1,2,shapley-20260606T020116Z-db49fad8,shapley,conditional
27,11011,4,0.4000000059604645,-0.1950236409902572,0.0515875518321991,0.0135533325374126,32.0,0.0,1.0,0.0172003749758005,0,0.0,69,1,2,shapley-20260606T020116Z-db49fad8,shapley,conditional
28,111,3,0.2000000029802322,-0.6071525812149048,0.5228538513183594,0.1542195975780487,64.0,32.0,0.5,0.028323845937848,32,0.0,69,1,2,shapley-20260606T020116Z-db49fad8,shapley,conditional
29,10111,4,0.4000000059604645,-0.6101434230804443,0.4834827184677124,0.1112077236175537,32.0,0.0,1.0,0.0474055036902427,0,0.0,69,1,2,shapley-20260606T020116Z-db49fad8,shapley,conditional
30,1111,4,0.4000000059604645,-0.0673857182264328,0.01111307926476,0.0065722442232072,32.0,0.0,1.0,0.0122812939807772,0,0.0,69,1,2,shapley-20260606T020116Z-db49fad8,shapley,conditional
31,11111,5,1.0,0.0,0.0,0.0,32.0,0.0,1.0,0.0010000000474974,0,0.0,69,1,2,shapley-20260606T020116Z-db49fad8,shapley,conditional
0,0,0,1.0,-0.9359047412872314,1.17677903175354,0.3008613586425781,256.0,256.0,0.6521739363670349,0.186969980597496,480,0.0,89,2,3,shapley-20260606T020116Z-db49fad8,shapley,conditional
1,10000,1,0.4000000059604645,-0.8773225545883179,0.9843605160713196,0.2146656513214111,224.0,160.0,0.2857142984867096,0.0638349130749702,64,0.0,89,2,3,shapley-20260606T020116Z-db49fad8,shapley,conditional
2,1000,1,0.4000000059604645,-0.4180175364017486,0.2311826795339584,0.0564440190792083,160.0,128.0,0.2000000029802322,0.0332202278077602,32,0.0,89,2,3,shapley-20260606T020116Z-db49fad8,shapley,conditional
3,11000,2,0.2000000029802322,-0.3458580076694488,0.152911826968193,0.033294066786766,128.0,64.0,0.5,0.0133729455992579,64,0.0,89,2,3,shapley-20260606T020116Z-db49fad8,shapley,conditional
4,100,1,0.4000000059604645,-0.7818689346313477,0.8821680545806885,0.2708490490913391,256.0,160.0,0.5,0.0715802684426307,160,0.0,89,2,3,shapley-20260606T020116Z-db49fad8,shapley,conditional
5,10100,2,0.2000000029802322,-0.6595629453659058,0.638460636138916,0.2034373581409454,192.0,96.0,0.5,0.0315847545862197,96,0.0,89,2,3,shapley-20260606T020116Z-db49fad8,shapley,conditional
6,1100,2,0.2000000029802322,-0.1701712608337402,0.0410193800926208,0.0120611228048801,64.0,32.0,0.5,0.0084470380097627,0,0.0,89,2,3,shapley-20260606T020116Z-db49fad8,shapley,conditional
7,11100,3,0.2000000029802322,-0.1594981551170349,0.0477487258613109,0.0223090648651123,160.0,96.0,0.4000000059604645,0.0111281545832753,64,0.0,89,2,3,shapley-20260606T020116Z-db49fad8,shapley,conditional
8,10,1,0.4000000059604645,-0.7677684426307678,0.7566446661949158,0.1671763062477111,128.0,96.0,0.25,0.0564506947994232,32,0.0,89,2,3,shapley-20260606T020116Z-db49fad8,shapley,conditional
9,10010,2,0.2000000029802322,-0.6807741522789001,0.6181202530860901,0.1546668112277984,96.0,32.0,0.6666666865348816,0.0276678651571273,64,0.0,89,2,3,shapley-20260606T020116Z-db49fad8,shapley,conditional
10,1010,2,0.2000000029802322,-0.2376927584409713,0.0728917941451072,0.0163939483463764,32.0,0.0,1.0,0.0096822334453463,0,0.0,89,2,3,shapley-20260606T020116Z-db49fad8,shapley,conditional
11,11010,3,0.2000000029802322,-0.1894855797290802,0.048128955066204,0.0122241713106632,96.0,64.0,0.3333333432674408,0.008497204631567,32,0.0,89,2,3,shapley-20260606T020116Z-db49fad8,shapley,conditional
12,110,2,0.2000000029802322,-0.6395504474639893,0.6272624731063843,0.2182376980781555,128.0,96.0,0.25,0.0326777659356594,32,0.0,89,2,3,shapley-20260606T020116Z-db49fad8,shapley,conditional
13,10110,3,0.2000000029802322,-0.5292033553123474,0.3834376335144043,0.1033814549446106,96.0,64.0,0.3333333432674408,0.022802734747529,32,0.0,89,2,3,shapley-20260606T020116Z-db49fad8,shapley,conditional
14,1110,3,0.2000000029802322,-0.0842543542385101,0.0168606434017419,0.0097618475556373,64.0,32.0,0.5,0.0076997051946818,0,0.0,89,2,3,shapley-20260606T020116Z-db49fad8,shapley,conditional
15,11110,4,0.4000000059604645,-0.0103506334125995,0.000797847227659,0.0006907116039656,32.0,0.0,1.0,0.0045642489567399,0,0.0,89,2,3,shapley-20260606T020116Z-db49fad8,shapley,conditional
16,1,1,0.4000000059604645,-0.8416966199874878,0.9881436228752136,0.2796904444694519,192.0,128.0,0.3333333432674408,0.0727230161428451,64,0.0,89,2,3,shapley-20260606T020116Z-db49fad8,shapley,conditional
17,10001,2,0.2000000029802322,-0.8692493438720703,1.0284143686294556,0.2728199362754822,160.0,128.0,0.2000000029802322,0.0364183001220226,32,0.0,89,2,3,shapley-20260606T020116Z-db49fad8,shapley,conditional
18,1001,2,0.2000000029802322,-0.3730611503124237,0.1997906267642974,0.0606160014867782,32.0,0.0,1.0,0.0176948811858892,0,0.0,89,2,3,shapley-20260606T020116Z-db49fad8,shapley,conditional
19,11001,3,0.2000000029802322,-0.3462816774845123,0.1721923649311065,0.0522813647985458,128.0,96.0,0.25,0.0165046919137239,32,0.0,89,2,3,shapley-20260606T020116Z-db49fad8,shapley,conditional
20,101,2,0.2000000029802322,-0.8048348426818848,0.8307464718818665,0.1829873323440551,64.0,32.0,0.5,0.0300068259239196,32,0.0,89,2,3,shapley-20260606T020116Z-db49fad8,shapley,conditional
21,10101,3,0.2000000029802322,-0.6057462692260742,0.529363214969635,0.1624346673488617,192.0,96.0,0.5,0.0283293332904577,96,0.0,89,2,3,shapley-20260606T020116Z-db49fad8,shapley,conditional
22,1101,3,0.2000000029802322,-0.2859534919261932,0.1396624892950058,0.0578930899500846,32.0,0.0,1.0,0.017315600067377,0,0.0,89,2,3,shapley-20260606T020116Z-db49fad8,shapley,conditional
23,11101,4,0.4000000059604645,-0.1357593983411789,0.0369056276977062,0.0184750128537416,128.0,32.0,0.75,0.0194336809217929,0,0.0,89,2,3,shapley-20260606T020116Z-db49fad8,shapley,conditional
24,11,2,0.2000000029802322,-0.778783917427063,0.7713220119476318,0.1648176312446594,64.0,32.0,0.5,0.0285290665924549,0,0.0,89,2,3,shapley-20260606T020116Z-db49fad8,shapley,conditional
25,10011,3,0.2000000029802322,-0.6941468715667725,0.657516360282898,0.1756764948368072,224.0,128.0,0.4285714328289032,0.029421467334032,96,0.0,89,2,3,shapley-20260606T020116Z-db49fad8,shapley,conditional
26,1011,3,0.2000000029802322,-0.2537280917167663,0.0843355059623718,0.0199575647711753,64.0,32.0,0.5,0.0105795133858919,0,0.0,89,2,3,shapley-20260606T020116Z-db49fad8,shapley,conditional
27,11011,4,0.4000000059604645,-0.2046768069267273,0.0560058131814003,0.0141132175922393,64.0,32.0,0.5,0.0171113759279251,32,0.0,89,2,3,shapley-20260606T020116Z-db49fad8,shapley,conditional
28,111,3,0.2000000029802322,-0.5705825090408325,0.4673260450363159,0.1417616307735443,96.0,64.0,0.3333333432674408,0.026531072333455,32,0.0,89,2,3,shapley-20260606T020116Z-db49fad8,shapley,conditional
29,10111,4,0.4000000059604645,-0.6101434230804443,0.4834827184677124,0.1112077236175537,32.0,0.0,1.0,0.0462258905172348,0,0.0,89,2,3,shapley-20260606T020116Z-db49fad8,shapley,conditional
30,1111,4,0.4000000059604645,-0.0673857182264328,0.01111307926476,0.0065722442232072,32.0,0.0,1.0,0.0119945276528596,0,0.0,89,2,3,shapley-20260606T020116Z-db49fad8,shapley,conditional
31,11111,5,1.0,0.0,0.0,0.0,64.0,32.0,0.5,0.0010000000474974,32,0.0,89,2,3,shapley-20260606T020116Z-db49fad8,shapley,conditional
0,0,0,1.0,-0.9081405401229858,1.184315204620361,0.3595959544181824,256.0,256.0,0.5789473652839661,0.1950753629207611,352,0.0,109,3,4,shapley-20260606T020116Z-db49fad8,shapley,conditional
1,10000,1,0.4000000059604645,-0.8624293804168701,0.9838681817054749,0.2400837540626526,256.0,224.0,0.3636363744735718,0.0644314140081405,128,0.0,109,3,4,shapley-20260606T020116Z-db49fad8,shapley,conditional
2,1000,1,0.4000000059604645,-0.4180175364017486,0.2311826795339584,0.0564440190792083,160.0,128.0,0.2000000029802322,0.0317561477422714,0,0.0,109,3,4,shapley-20260606T020116Z-db49fad8,shapley,conditional
3,11000,2,0.2000000029802322,-0.3393580019474029,0.1493694335222244,0.0342055782675743,160.0,128.0,0.2000000029802322,0.0129713043570518,32,0.0,109,3,4,shapley-20260606T020116Z-db49fad8,shapley,conditional
4,100,1,0.4000000059604645,-0.7458720207214355,0.804789125919342,0.2484640479087829,256.0,256.0,0.3333333432674408,0.0655289739370346,128,0.0,109,3,4,shapley-20260606T020116Z-db49fad8,shapley,conditional
5,10100,2,0.2000000029802322,-0.6463978290557861,0.6172429919242859,0.199412852525711,224.0,192.0,0.1428571492433548,0.0299047734588384,32,0.0,109,3,4,shapley-20260606T020116Z-db49fad8,shapley,conditional
6,1100,2,0.2000000029802322,-0.1763318181037902,0.0424090772867202,0.0113161671906709,96.0,64.0,0.3333333432674408,0.0078856144100427,32,0.0,109,3,4,shapley-20260606T020116Z-db49fad8,shapley,conditional
7,11100,3,0.2000000029802322,-0.1594981551170349,0.0477487258613109,0.0223090648651123,160.0,96.0,0.4000000059604645,0.0106679340824484,0,0.0,109,3,4,shapley-20260606T020116Z-db49fad8,shapley,conditional
8,10,1,0.4000000059604645,-0.7795081734657288,0.8467185497283936,0.2390855550765991,224.0,128.0,0.4285714328289032,0.0642994120717048,96,0.0,109,3,4,shapley-20260606T020116Z-db49fad8,shapley,conditional
9,10010,2,0.2000000029802322,-0.6948091983795166,0.6486839056015015,0.165924072265625,128.0,96.0,0.25,0.0273662116378545,32,0.0,109,3,4,shapley-20260606T020116Z-db49fad8,shapley,conditional
10,1010,2,0.2000000029802322,-0.2376927584409713,0.0728917941451072,0.0163939483463764,32.0,0.0,1.0,0.0092877149581909,0,0.0,109,3,4,shapley-20260606T020116Z-db49fad8,shapley,conditional
11,11010,3,0.2000000029802322,-0.1894855797290802,0.048128955066204,0.0122241713106632,96.0,64.0,0.3333333432674408,0.0081565333530306,0,0.0,109,3,4,shapley-20260606T020116Z-db49fad8,shapley,conditional
12,110,2,0.2000000029802322,-0.6159706711769104,0.581881046295166,0.2024611830711364,192.0,128.0,0.3333333432674408,0.0301248636096715,64,0.0,109,3,4,shapley-20260606T020116Z-db49fad8,shapley,conditional
13,10110,3,0.2000000029802322,-0.5292033553123474,0.3834376335144043,0.1033814549446106,96.0,64.0,0.3333333432674408,0.0218120235949754,0,0.0,109,3,4,shapley-20260606T020116Z-db49fad8,shapley,conditional
14,1110,3,0.2000000029802322,-0.0842543542385101,0.0168606434017419,0.0097618475556373,64.0,32.0,0.5,0.0073952721431851,0,0.0,109,3,4,shapley-20260606T020116Z-db49fad8,shapley,conditional
15,11110,4,0.4000000059604645,-0.0103506334125995,0.000797847227659,0.0006907116039656,32.0,0.0,1.0,0.0044022905640304,0,0.0,109,3,4,shapley-20260606T020116Z-db49fad8,shapley,conditional
16,1,1,0.4000000059604645,-0.8127673268318176,0.9472948908805848,0.2867041826248169,256.0,192.0,0.3333333432674408,0.0703170448541641,96,0.0,109,3,4,shapley-20260606T020116Z-db49fad8,shapley,conditional
17,10001,2,0.2000000029802322,-0.8359960317611694,1.0519415140151978,0.3530521392822265,256.0,160.0,0.5,0.0394602753221988,160,0.0,109,3,4,shapley-20260606T020116Z-db49fad8,shapley,conditional
18,1001,2,0.2000000029802322,-0.3730611503124237,0.1997906267642974,0.0606160014867782,32.0,0.0,1.0,0.0169362686574459,0,0.0,109,3,4,shapley-20260606T020116Z-db49fad8,shapley,conditional
19,11001,3,0.2000000029802322,-0.3462816774845123,0.1721923649311065,0.0522813647985458,128.0,96.0,0.25,0.0158001612871885,0,0.0,109,3,4,shapley-20260606T020116Z-db49fad8,shapley,conditional
20,101,2,0.2000000029802322,-0.7642077803611755,0.7901864647865295,0.2061729431152343,128.0,64.0,0.5,0.0303906258195638,64,0.0,109,3,4,shapley-20260606T020116Z-db49fad8,shapley,conditional
21,10101,3,0.2000000029802322,-0.6205981373786926,0.5628504157066345,0.1777083575725555,256.0,192.0,0.3333333432674408,0.0282864440232515,96,0.0,109,3,4,shapley-20260606T020116Z-db49fad8,shapley,conditional
22,1101,3,0.2000000029802322,-0.2303935289382934,0.0970693677663803,0.0439881905913353,64.0,32.0,0.5,0.0145756639540195,32,0.0,109,3,4,shapley-20260606T020116Z-db49fad8,shapley,conditional
23,11101,4,0.4000000059604645,-0.1357593983411789,0.0369056276977062,0.0184750128537416,128.0,32.0,0.75,0.0185960587114095,0,0.0,109,3,4,shapley-20260606T020116Z-db49fad8,shapley,conditional
24,11,2,0.2000000029802322,-0.7800523638725281,0.8074038028717041,0.1989220976829528,96.0,64.0,0.3333333432674408,0.0298691838979721,32,0.0,109,3,4,shapley-20260606T020116Z-db49fad8,shapley,conditional
25,10011,3,0.2000000029802322,-0.702634871006012,0.6919335126876831,0.1982377469539642,256.0,224.0,0.2222222238779068,0.0298194829374551,64,0.0,109,3,4,shapley-20260606T020116Z-db49fad8,shapley,conditional
26,1011,3,0.2000000029802322,-0.2537280917167663,0.0843355059623718,0.0199575647711753,64.0,32.0,0.5,0.0101442225277423,0,0.0,109,3,4,shapley-20260606T020116Z-db49fad8,shapley,conditional
27,11011,4,0.4000000059604645,-0.1845847070217132,0.0480891093611717,0.0140175968408584,128.0,64.0,0.5,0.0163270942866802,64,0.0,109,3,4,shapley-20260606T020116Z-db49fad8,shapley,conditional
28,111,3,0.2000000029802322,-0.5705825090408325,0.4673260450363159,0.1417616307735443,96.0,64.0,0.3333333432674408,0.0253709442913532,0,0.0,109,3,4,shapley-20260606T020116Z-db49fad8,shapley,conditional
29,10111,4,0.4000000059604645,-0.5846114158630371,0.4972926378250122,0.1555221378803253,96.0,32.0,0.6666666865348816,0.0520527437329292,64,0.0,109,3,4,shapley-20260606T020116Z-db49fad8,shapley,conditional
30,1111,4,0.4000000059604645,-0.0548924580216407,0.0078334072604775,0.0048202252946794,64.0,32.0,0.5,0.009987867437303,32,0.0,109,3,4,shapley-20260606T020116Z-db49fad8,shapley,conditional
31,11111,5,1.0,0.0,0.0,0.0,64.0,32.0,0.5,0.0010000000474974,0,0.0,109,3,4,shapley-20260606T020116Z-db49fad8,shapley,conditional
0,0,0,1.0,-0.8474213480949402,1.0450255870819092,0.3269026279449463,256.0,256.0,0.6190476417541504,0.1854803264141082,416,0.0,129,4,5,shapley-20260606T020116Z-db49fad8,shapley,conditional
1,10000,1,0.4000000059604645,-0.8162559270858765,0.9119319915771484,0.245658278465271,256.0,256.0,0.2000000029802322,0.0649685561656951,64,0.0,129,4,5,shapley-20260606T020116Z-db49fad8,shapley,conditional
2,1000,1,0.4000000059604645,-0.3885228633880615,0.2106474041938781,0.0596973896026611,224.0,160.0,0.2857142984867096,0.0325339585542678,64,0.0,129,4,5,shapley-20260606T020116Z-db49fad8,shapley,conditional
3,11000,2,0.2000000029802322,-0.3393580019474029,0.1493694335222244,0.0342055782675743,160.0,128.0,0.2000000029802322,0.0129349157214164,0,0.0,129,4,5,shapley-20260606T020116Z-db49fad8,shapley,conditional
4,100,1,0.4000000059604645,-0.7458720207214355,0.804789125919342,0.2484640479087829,256.0,256.0,0.3333333432674408,0.0653328225016594,0,0.0,129,4,5,shapley-20260606T020116Z-db49fad8,shapley,conditional
5,10100,2,0.2000000029802322,-0.6457329988479614,0.631871223449707,0.2149001061916351,256.0,224.0,0.2222222238779068,0.0309150088578462,64,0.0,129,4,5,shapley-20260606T020116Z-db49fad8,shapley,conditional
6,1100,2,0.2000000029802322,-0.1763318181037902,0.0424090772867202,0.0113161671906709,96.0,64.0,0.3333333432674408,0.0078646838665008,0,0.0,129,4,5,shapley-20260606T020116Z-db49fad8,shapley,conditional
7,11100,3,0.2000000029802322,-0.1594981551170349,0.0477487258613109,0.0223090648651123,160.0,96.0,0.4000000059604645,0.0106385461986064,0,0.0,129,4,5,shapley-20260606T020116Z-db49fad8,shapley,conditional
8,10,1,0.4000000059604645,-0.736220121383667,0.7812585830688477,0.2392385005950927,256.0,224.0,0.4166666567325592,0.0641271844506263,160,0.0,129,4,5,shapley-20260606T020116Z-db49fad8,shapley,conditional
9,10010,2,0.2000000029802322,-0.7083432674407959,0.7131533622741699,0.2114031910896301,192.0,128.0,0.3333333432674408,0.0306706186383962,64,0.0,129,4,5,shapley-20260606T020116Z-db49fad8,shapley,conditional
10,1010,2,0.2000000029802322,-0.2289555668830871,0.0748489946126937,0.0224283412098884,64.0,32.0,0.5,0.0106642786413431,32,0.0,129,4,5,shapley-20260606T020116Z-db49fad8,shapley,conditional
11,11010,3,0.2000000029802322,-0.1799477040767669,0.0485187657177448,0.0161375887691974,128.0,96.0,0.25,0.0091976653784513,32,0.0,129,4,5,shapley-20260606T020116Z-db49fad8,shapley,conditional
12,110,2,0.2000000029802322,-0.6141013503074646,0.5814862847328186,0.2043658196926117,224.0,192.0,0.1428571492433548,0.0301725920289754,32,0.0,129,4,5,shapley-20260606T020116Z-db49fad8,shapley,conditional
13,10110,3,0.2000000029802322,-0.5194698572158813,0.3840039372444153,0.1141549944877624,128.0,96.0,0.25,0.0228031016886234,32,0.0,129,4,5,shapley-20260606T020116Z-db49fad8,shapley,conditional
14,1110,3,0.2000000029802322,-0.0842543542385101,0.0168606434017419,0.0097618475556373,64.0,32.0,0.5,0.0073758321814239,0,0.0,129,4,5,shapley-20260606T020116Z-db49fad8,shapley,conditional
15,11110,4,0.4000000059604645,-0.0103506334125995,0.000797847227659,0.0006907116039656,32.0,0.0,1.0,0.0043919482268393,0,0.0,129,4,5,shapley-20260606T020116Z-db49fad8,shapley,conditional
16,1,1,0.4000000059604645,-0.7801300287246704,0.8809138536453247,0.2723109722137451,256.0,256.0,0.2727272808551788,0.0683493539690971,96,0.0,129,4,5,shapley-20260606T020116Z-db49fad8,shapley,conditional
17,10001,2,0.2000000029802322,-0.8117699027061462,1.0331318378448486,0.3741614818572998,256.0,256.0,0.3333333432674408,0.0404730215668678,128,0.0,129,4,5,shapley-20260606T020116Z-db49fad8,shapley,conditional
18,1001,2,0.2000000029802322,-0.3844987452030182,0.2098221331834793,0.0619828552007675,64.0,32.0,0.5,0.0170659590512514,32,0.0,129,4,5,shapley-20260606T020116Z-db49fad8,shapley,conditional
19,11001,3,0.2000000029802322,-0.3352366685867309,0.172640711069107,0.0602570846676826,160.0,128.0,0.2000000029802322,0.0168407205492258,32,0.0,129,4,5,shapley-20260606T020116Z-db49fad8,shapley,conditional
20,101,2,0.2000000029802322,-0.7356902360916138,0.7615572214126587,0.2203171253204345,160.0,128.0,0.2000000029802322,0.0312897004187107,32,0.0,129,4,5,shapley-20260606T020116Z-db49fad8,shapley,conditional
21,10101,3,0.2000000029802322,-0.6229197978973389,0.5630432367324829,0.1750141680240631,256.0,256.0,0.1111111119389534,0.0279964990913867,32,0.0,129,4,5,shapley-20260606T020116Z-db49fad8,shapley,conditional
22,1101,3,0.2000000029802322,-0.1962549388408661,0.073263019323349,0.0347470194101333,96.0,64.0,0.3333333432674408,0.0130290035158395,32,0.0,129,4,5,shapley-20260606T020116Z-db49fad8,shapley,conditional
23,11101,4,0.4000000059604645,-0.1357593983411789,0.0369056276977062,0.0184750128537416,128.0,32.0,0.75,0.0185425709933042,0,0.0,129,4,5,shapley-20260606T020116Z-db49fad8,shapley,conditional
24,11,2,0.2000000029802322,-0.7287644147872925,0.7509875297546387,0.2198899388313293,160.0,96.0,0.4000000059604645,0.0312603190541267,64,0.0,129,4,5,shapley-20260606T020116Z-db49fad8,shapley,conditional
25,10011,3,0.2000000029802322,-0.702634871006012,0.6919335126876831,0.1982377469539642,256.0,224.0,0.2222222238779068,0.0297318790107965,0,0.0,129,4,5,shapley-20260606T020116Z-db49fad8,shapley,conditional
26,1011,3,0.2000000029802322,-0.2480396032333374,0.0850673988461494,0.0235437527298927,96.0,64.0,0.3333333432674408,0.0109016755595803,32,0.0,129,4,5,shapley-20260606T020116Z-db49fad8,shapley,conditional
27,11011,4,0.4000000059604645,-0.1845847070217132,0.0480891093611717,0.0140175968408584,128.0,64.0,0.5,0.0162805020809173,0,0.0,129,4,5,shapley-20260606T020116Z-db49fad8,shapley,conditional
28,111,3,0.2000000029802322,-0.5705825090408325,0.4673260450363159,0.1417616307735443,96.0,64.0,0.3333333432674408,0.025296863168478,0,0.0,129,4,5,shapley-20260606T020116Z-db49fad8,shapley,conditional
29,10111,4,0.4000000059604645,-0.5278443098068237,0.4342138171195984,0.1555941998958587,256.0,96.0,0.625,0.0519093461334705,160,0.0,129,4,5,shapley-20260606T020116Z-db49fad8,shapley,conditional
30,1111,4,0.4000000059604645,-0.0548924580216407,0.0078334072604775,0.0048202252946794,64.0,32.0,0.5,0.0099605461582541,0,0.0,129,4,5,shapley-20260606T020116Z-db49fad8,shapley,conditional
31,11111,5,1.0,0.0,0.0,0.0,64.0,32.0,0.5,0.0010000000474974,0,0.0,129,4,5,shapley-20260606T020116Z-db49fad8,shapley,conditional
0,0,0,1.0,-0.8515253067016602,1.093909740447998,0.3688144087791443,256.0,247.77325439453125,0.5868884325027466,0.1938752979040146,352,0.0321357240062958,169,5,6,shapley-20260606T020116Z-db49fad8,shapley,conditional
1,10000,1,0.4000000059604645,-0.7913504838943481,0.877768874168396,0.2515332698822021,256.0,247.77325439453125,0.2052773833274841,0.0647133439779281,64,0.0321357240062958,169,5,6,shapley-20260606T020116Z-db49fad8,shapley,conditional
2,1000,1,0.4000000059604645,-0.3684430718421936,0.1915887296199798,0.0558384358882904,256.0,216.80160522460935,0.3069038093090057,0.0310192089527845,96,0.0321357240062958,169,5,6,shapley-20260606T020116Z-db49fad8,shapley,conditional
3,11000,2,0.2000000029802322,-0.3393580019474029,0.1493694335222244,0.0342055782675743,160.0,128.0,0.2000000029802322,0.0127476537600159,0,0.0321357240062958,169,5,6,shapley-20260606T020116Z-db49fad8,shapley,conditional
4,100,1,0.4000000059604645,-0.725908100605011,0.7675342559814453,0.2405917048454284,256.0,247.77325439453125,0.2792538404464721,0.0633121877908706,96,0.0321357240062958,169,5,6,shapley-20260606T020116Z-db49fad8,shapley,conditional
5,10100,2,0.2000000029802322,-0.6513823866844177,0.6470828056335449,0.2227838039398193,256.0,247.77325439453125,0.2792538404464721,0.0309808850288391,96,0.0321357240062958,169,5,6,shapley-20260606T020116Z-db49fad8,shapley,conditional
6,1100,2,0.2000000029802322,-0.1763318181037902,0.0424090772867202,0.0113161671906709,96.0,64.0,0.3333333432674408,0.007756975479424,0,0.0321357240062958,169,5,6,shapley-20260606T020116Z-db49fad8,shapley,conditional
7,11100,3,0.2000000029802322,-0.1594981551170349,0.0477487258613109,0.0223090648651123,160.0,96.0,0.4000000059604645,0.0104873152449727,0,0.0321357240062958,169,5,6,shapley-20260606T020116Z-db49fad8,shapley,conditional
8,10,1,0.4000000059604645,-0.7620137333869934,0.8361666798591614,0.2555017471313476,256.0,247.77325439453125,0.2052773833274841,0.0652139857411384,64,0.0321357240062958,169,5,6,shapley-20260606T020116Z-db49fad8,shapley,conditional
9,10010,2,0.2000000029802322,-0.7204265594482422,0.7621368765830994,0.2431224584579467,256.0,185.82994079589844,0.3406309485435486,0.0323195271193981,96,0.0321357240062958,169,5,6,shapley-20260606T020116Z-db49fad8,shapley,conditional
10,1010,2,0.2000000029802322,-0.2164324223995208,0.0680384039878845,0.0211954116821289,93.9433135986328,61.94331359863281,0.3406309485435486,0.0102474838495254,32,0.0321357240062958,169,5,6,shapley-20260606T020116Z-db49fad8,shapley,conditional
11,11010,3,0.2000000029802322,-0.1799477040767669,0.0485187657177448,0.0161375887691974,128.0,96.0,0.25,0.0090690413489937,0,0.0321357240062958,169,5,6,shapley-20260606T020116Z-db49fad8,shapley,conditional
12,110,2,0.2000000029802322,-0.6037607192993164,0.5682275295257568,0.2037005126476287,248.80160522460935,216.80160522460935,0.128616526722908,0.0296680871397256,32,0.0321357240062958,169,5,6,shapley-20260606T020116Z-db49fad8,shapley,conditional
13,10110,3,0.2000000029802322,-0.5389317870140076,0.4169793426990509,0.1265318691730499,155.88662719726562,123.88662719726562,0.2052773833274841,0.0235944930464029,32,0.0321357240062958,169,5,6,shapley-20260606T020116Z-db49fad8,shapley,conditional
14,1110,3,0.2000000029802322,-0.0842543542385101,0.0168606434017419,0.0097618475556373,64.0,32.0,0.5,0.0072757941670715,0,0.0321357240062958,169,5,6,shapley-20260606T020116Z-db49fad8,shapley,conditional
15,11110,4,0.4000000059604645,-0.0103506334125995,0.000797847227659,0.0006907116039656,32.0,0.0,1.0,0.0043387277983129,0,0.0321357240062958,169,5,6,shapley-20260606T020116Z-db49fad8,shapley,conditional
16,1,1,0.4000000059604645,-0.8100693225860596,0.950527548789978,0.2943152189254761,256.0,247.77325439453125,0.2792538404464721,0.069919005036354,96,0.0321357240062958,169,5,6,shapley-20260606T020116Z-db49fad8,shapley,conditional
17,10001,2,0.2000000029802322,-0.8347333669662476,1.07309889793396,0.3763191103935241,256.0,247.77325439453125,0.2792538404464721,0.0399655476212501,96,0.0321357240062958,169,5,6,shapley-20260606T020116Z-db49fad8,shapley,conditional
18,1001,2,0.2000000029802322,-0.3501617014408111,0.1855387985706329,0.0629255846142768,93.9433135986328,61.94331359863281,0.3406309485435486,0.016933687031269,32,0.0321357240062958,169,5,6,shapley-20260606T020116Z-db49fad8,shapley,conditional
19,11001,3,0.2000000029802322,-0.3119167387485504,0.1496541202068328,0.0523620694875717,218.8582763671875,154.8582763671875,0.2924266755580902,0.0155348656699061,64,0.0321357240062958,169,5,6,shapley-20260606T020116Z-db49fad8,shapley,conditional
20,101,2,0.2000000029802322,-0.6964744329452515,0.7055553197860718,0.2204786837100982,186.8582763671875,154.8582763671875,0.1712527871131897,0.0308253765106201,32,0.0321357240062958,169,5,6,shapley-20260606T020116Z-db49fad8,shapley,conditional
21,10101,3,0.2000000029802322,-0.6185654997825623,0.5551157593727112,0.1724924743175506,256.0,247.77325439453125,0.1143783405423164,0.0273807868361473,32,0.0321357240062958,169,5,6,shapley-20260606T020116Z-db49fad8,shapley,conditional
22,1101,3,0.2000000029802322,-0.1845539361238479,0.0640353932976722,0.029975239187479,156.91497802734375,92.91497039794922,0.4078642129898071,0.0119972471147775,64,0.0321357240062958,169,5,6,shapley-20260606T020116Z-db49fad8,shapley,conditional
23,11101,4,0.4000000059604645,-0.1286166608333587,0.0337387025356292,0.0171964578330516,155.88662719726562,123.88662719726562,0.2052773833274841,0.0176591239869594,32,0.0321357240062958,169,5,6,shapley-20260606T020116Z-db49fad8,shapley,conditional
24,11,2,0.2000000029802322,-0.734302818775177,0.7560387849807739,0.2168381810188293,218.8582763671875,154.8582763671875,0.2924266755580902,0.0305781159549951,64,0.0321357240062958,169,5,6,shapley-20260606T020116Z-db49fad8,shapley,conditional
25,10011,3,0.2000000029802322,-0.6819270849227905,0.6663503646850586,0.2013258039951324,256.0,247.77325439453125,0.2052773833274841,0.0295004919171333,64,0.0321357240062958,169,5,6,shapley-20260606T020116Z-db49fad8,shapley,conditional
26,1011,3,0.2000000029802322,-0.2480396032333374,0.0850673988461494,0.0235437527298927,96.0,64.0,0.3333333432674408,0.0107463160529732,0,0.0321357240062958,169,5,6,shapley-20260606T020116Z-db49fad8,shapley,conditional
27,11011,4,0.4000000059604645,-0.1845847070217132,0.0480891093611717,0.0140175968408584,128.0,64.0,0.5,0.0160407479852437,0,0.0321357240062958,169,5,6,shapley-20260606T020116Z-db49fad8,shapley,conditional
28,111,3,0.2000000029802322,-0.5705825090408325,0.4673260450363159,0.1417616307735443,96.0,64.0,0.3333333432674408,0.0249156411737203,0,0.0321357240062958,169,5,6,shapley-20260606T020116Z-db49fad8,shapley,conditional
29,10111,4,0.4000000059604645,-0.523982584476471,0.4267707467079162,0.1522130072116851,256.0,247.77325439453125,0.2052773833274841,0.0505631044507026,64,0.0321357240062958,169,5,6,shapley-20260606T020116Z-db49fad8,shapley,conditional
30,1111,4,0.4000000059604645,-0.0548924580216407,0.0078334072604775,0.0048202252946794,64.0,32.0,0.5,0.0098199527710676,0,0.0321357240062958,169,5,6,shapley-20260606T020116Z-db49fad8,shapley,conditional
31,11111,5,1.0,0.0,0.0,0.0,64.0,32.0,0.5,0.0010000000474974,0,0.0321357240062958,169,5,6,shapley-20260606T020116Z-db49fad8,shapley,conditional
