run_id,shapley_tactic,phase,epoch,logical_epoch,elapsed_train_sec,shapley_value,baseline_value,metric,delta
shapley-20260606T030531Z-d8b90fc2,baseline,A,0,0,0.2511475999999675,0.9781093852860588,0.9772982171603612,train_pix_recon,0.0008111681256975922
shapley-20260606T030531Z-d8b90fc2,baseline,A,1,1,0.3163929000002099,0.7363835488046918,0.7698809163911002,train_pix_recon,-0.03349736758640842
shapley-20260606T030531Z-d8b90fc2,baseline,A,2,2,0.3759425000025658,0.6109850662095206,0.6274882129260472,train_pix_recon,-0.01650314671652653
shapley-20260606T030531Z-d8b90fc2,baseline,A,3,3,0.4426608000030683,0.54049038035529,0.542477582182203,train_pix_recon,-0.001987201826913032
shapley-20260606T030531Z-d8b90fc2,baseline,A,4,4,0.5049531000040588,0.4943524513925825,0.4739742321627481,train_pix_recon,0.020378219229834404
shapley-20260606T030531Z-d8b90fc2,baseline,A,5,5,0.5671753000024182,0.4597328134945461,0.4310399506773267,train_pix_recon,0.02869286281721939
shapley-20260606T030531Z-d8b90fc2,baseline,A,6,6,0.6284998000046471,0.4277757959706442,0.4065536430903843,train_pix_recon,0.021222152880259915
shapley-20260606T030531Z-d8b90fc2,baseline,A,7,7,0.6900957000070775,0.3984724538666861,0.3817576169967651,train_pix_recon,0.016714836869921035
shapley-20260606T030531Z-d8b90fc2,baseline,A,8,8,0.7494071000073745,0.3802314145224435,0.3576505397047315,train_pix_recon,0.022580874817712038
shapley-20260606T030531Z-d8b90fc2,baseline,A,9,9,0.8114906000082556,0.3597560737814222,0.3415068047387259,train_pix_recon,0.018249269042696303
shapley-20260606T030531Z-d8b90fc2,baseline,A,10,10,0.8717205000102695,0.3405551271779196,0.326731583901814,train_pix_recon,0.013823543276105577
shapley-20260606T030531Z-d8b90fc2,baseline,A,11,11,0.9333835000106774,0.3295274206570217,0.3157545839037214,train_pix_recon,0.013772836753300266
shapley-20260606T030531Z-d8b90fc2,baseline,A,12,12,0.9971002000129374,0.3296781522887094,0.3218235799244472,train_pix_recon,0.00785457236426218
shapley-20260606T030531Z-d8b90fc2,baseline,A,13,13,1.0577166000111902,0.3224739134311676,0.3136648493153708,train_pix_recon,0.008809064115796794
shapley-20260606T030531Z-d8b90fc2,baseline,A,14,14,1.117318400010845,0.3062263940061842,0.3019567728042602,train_pix_recon,0.004269621201923979
shapley-20260606T030531Z-d8b90fc2,baseline,A,15,15,1.1803393000118376,0.3005753712994711,0.2910220154694148,train_pix_recon,0.009553355830056287
shapley-20260606T030531Z-d8b90fc2,baseline,A,16,16,1.2433756000100402,0.296666213444301,0.2861517965793609,train_pix_recon,0.01051441686494009
shapley-20260606T030531Z-d8b90fc2,baseline,A,17,17,1.3046286000098917,0.2982956043311527,0.2891076930931636,train_pix_recon,0.009187911237989121
shapley-20260606T030531Z-d8b90fc2,baseline,A,18,18,1.3650011000099769,0.2865789106913975,0.2794046742575509,train_pix_recon,0.007174236433846626
shapley-20260606T030531Z-d8b90fc2,baseline,A,19,19,1.4257260000085807,0.2774052236761365,0.2737556866237095,train_pix_recon,0.0036495370524269877
shapley-20260606T030531Z-d8b90fc2,baseline,A,20,20,1.4869021000085922,0.2773623934813908,0.2718439400196075,train_pix_recon,0.0055184534617833125
shapley-20260606T030531Z-d8b90fc2,baseline,A,21,21,1.5514335000079882,0.2840398337159838,0.278053309236254,train_pix_recon,0.0059865244797298045
shapley-20260606T030531Z-d8b90fc2,baseline,A,22,22,1.6136565000088012,0.2791310421058109,0.2735076206071036,train_pix_recon,0.005623421498707315
shapley-20260606T030531Z-d8b90fc2,baseline,A,23,23,1.694633300008718,0.2713506008897509,0.2668432593345642,train_pix_recon,0.0045073415551866725
shapley-20260606T030531Z-d8b90fc2,baseline,A,24,24,1.7890231000092172,0.279181169612067,0.2707754416125161,train_pix_recon,0.008405727999550916
shapley-20260606T030531Z-d8b90fc2,baseline,A,25,25,1.873874100008834,0.2744310242789132,0.2716480110372816,train_pix_recon,0.0027830132416316045
shapley-20260606T030531Z-d8b90fc2,baseline,A,26,26,1.95620210000925,0.2695046620709555,0.267311087676457,train_pix_recon,0.002193574394498521
shapley-20260606T030531Z-d8b90fc2,baseline,A,27,27,2.030190000008588,0.2710543870925903,0.2650582918098995,train_pix_recon,0.005996095282690794
shapley-20260606T030531Z-d8b90fc2,baseline,A,28,28,2.1040033000062976,0.2634402981826237,0.2643429807254246,train_pix_recon,-0.0009026825428009033
shapley-20260606T030531Z-d8b90fc2,baseline,A,29,29,2.173253000004479,0.2596204834324973,0.264952003955841,train_pix_recon,-0.005331520523343736
shapley-20260606T030531Z-d8b90fc2,baseline,A,30,30,2.239217400005145,0.264935838324683,0.264706232718059,train_pix_recon,0.00022960560662399487
shapley-20260606T030531Z-d8b90fc2,baseline,A,31,31,2.319367300005979,0.2641201019287109,0.2601411598069327,train_pix_recon,0.003978942121778184
shapley-20260606T030531Z-d8b90fc2,baseline,A,32,32,2.3995997000056377,0.2570982064519609,0.2615710667201451,train_pix_recon,-0.0044728602681841645
shapley-20260606T030531Z-d8b90fc2,baseline,A,33,33,2.4844582000041555,0.263763216989381,0.2679891799177442,train_pix_recon,-0.004225962928363192
shapley-20260606T030531Z-d8b90fc2,baseline,A,34,34,2.5746009000031336,0.2652290420872824,0.263504256095205,train_pix_recon,0.0017247859920773712
shapley-20260606T030531Z-d8b90fc2,baseline,A,35,35,2.6630008000029197,0.2688332455498831,0.2649786898068019,train_pix_recon,0.0038545557430811894
shapley-20260606T030531Z-d8b90fc2,baseline,A,36,36,2.749094500002684,0.2664348483085632,0.2622635662555694,train_pix_recon,0.004171282052993774
shapley-20260606T030531Z-d8b90fc2,baseline,A,37,37,2.8292210000035998,0.2635229953697749,0.2663035648209708,train_pix_recon,-0.002780569451195869
shapley-20260606T030531Z-d8b90fc2,baseline,A,38,38,2.914792600004148,0.2663875137056623,0.2671498826571873,train_pix_recon,-0.0007623689515249832
shapley-20260606T030531Z-d8b90fc2,baseline,A,39,39,3.0007897000068624,0.2690847090312412,0.2647465893200466,train_pix_recon,0.004338119711194632
shapley-20260606T030531Z-d8b90fc2,baseline,A,40,40,3.090882100004819,0.2693051142351968,0.2641810689653669,train_pix_recon,0.005124045269829902
shapley-20260606T030531Z-d8b90fc2,baseline,A,41,41,3.187972900006571,0.2704918086528778,0.2633499758584158,train_pix_recon,0.007141832794462011
shapley-20260606T030531Z-d8b90fc2,baseline,A,42,42,3.275073800006794,0.2740145240511213,0.2633549315588815,train_pix_recon,0.0106595924922398
shapley-20260606T030531Z-d8b90fc2,baseline,A,43,43,3.3605706000053037,0.2752353804452078,0.2669729207243238,train_pix_recon,0.008262459720883963
shapley-20260606T030531Z-d8b90fc2,baseline,A,44,44,3.447592900007294,0.2763021971498217,0.2652668910367148,train_pix_recon,0.01103530611310688
shapley-20260606T030531Z-d8b90fc2,baseline,A,45,45,3.532136600006197,0.2767732143402099,0.2672468083245413,train_pix_recon,0.00952640601566862
shapley-20260606T030531Z-d8b90fc2,baseline,A,46,46,3.6151835000055135,0.2755458354949951,0.270699884210314,train_pix_recon,0.004845951284681127
shapley-20260606T030531Z-d8b90fc2,baseline,A,47,47,3.699544600007357,0.2797373277800424,0.2714506898607526,train_pix_recon,0.008286637919289797
shapley-20260606T030531Z-d8b90fc2,baseline,A,48,48,3.78690290000668,0.2822374020303999,0.2771051270621164,train_pix_recon,0.005132274968283501
shapley-20260606T030531Z-d8b90fc2,baseline,A,49,49,3.862376100005349,0.2834258420126779,0.2747861870697566,train_pix_recon,0.008639654942921293
shapley-20260606T030531Z-d8b90fc2,baseline,A,50,50,3.940154600004462,0.2840621641704014,0.2778820395469665,train_pix_recon,0.006180124623434924
shapley-20260606T030531Z-d8b90fc2,baseline,A,51,51,4.013533600005758,0.2883126948560987,0.282915609223502,train_pix_recon,0.005397085632596665
shapley-20260606T030531Z-d8b90fc2,baseline,A,52,52,4.085727400008182,0.2899117810385568,0.2849752306938171,train_pix_recon,0.004936550344739721
shapley-20260606T030531Z-d8b90fc2,baseline,A,53,53,4.159452200008673,0.2899519971438816,0.2872928764138903,train_pix_recon,0.0026591207299913044
shapley-20260606T030531Z-d8b90fc2,baseline,A,54,54,4.230596400007926,0.2894724309444427,0.2866827079227992,train_pix_recon,0.0027897230216434865
shapley-20260606T030531Z-d8b90fc2,baseline,A,55,55,4.297937000006641,0.2923169434070587,0.2907061874866485,train_pix_recon,0.0016107559204102118
shapley-20260606T030531Z-d8b90fc2,baseline,A,56,56,4.360931800008984,0.2944747294698442,0.2937950023583003,train_pix_recon,0.0006797271115439041
shapley-20260606T030531Z-d8b90fc2,baseline,A,57,57,4.421981900009996,0.2950583611215864,0.2925692328384944,train_pix_recon,0.0024891282830920014
shapley-20260606T030531Z-d8b90fc2,baseline,A,58,58,4.489602700006799,0.2925063286508833,0.294767677783966,train_pix_recon,-0.002261349133082735
shapley-20260606T030531Z-d8b90fc2,baseline,A,59,59,4.566971500007639,0.3010185403483255,0.2930514173848288,train_pix_recon,0.007967122963496664
shapley-20260606T030531Z-d8b90fc2,baseline,A,60,60,4.642190700007632,0.2987491743905203,0.2976456071649279,train_pix_recon,0.0011035672255924056
shapley-20260606T030531Z-d8b90fc2,baseline,A,61,61,4.71858410000641,0.3014855512550899,0.2934935050351279,train_pix_recon,0.007992046219962023
shapley-20260606T030531Z-d8b90fc2,baseline,A,62,62,4.78484880000542,0.3022865738187517,0.3018844936575208,train_pix_recon,0.00040208016123088886
shapley-20260606T030531Z-d8b90fc2,baseline,A,63,63,4.8555871000062325,0.3043016876493181,0.3034789093903133,train_pix_recon,0.0008227782590047861
shapley-20260606T030531Z-d8b90fc2,baseline,A,64,64,4.930192200008605,0.3047202016626085,0.3026893990380423,train_pix_recon,0.0020308026245661748
shapley-20260606T030531Z-d8b90fc2,baseline,A,65,65,5.001459200007957,0.3079461923667362,0.3057341320174081,train_pix_recon,0.002212060349328082
shapley-20260606T030531Z-d8b90fc2,baseline,A,66,66,5.08244050000576,0.3120756787913186,0.308688006230763,train_pix_recon,0.00338767256055561
shapley-20260606T030531Z-d8b90fc2,baseline,A,67,67,5.159280500003661,0.3128528084073748,0.3124463047300066,train_pix_recon,0.00040650367736816406
shapley-20260606T030531Z-d8b90fc2,baseline,A,68,68,5.231458800000837,0.315924448626382,0.3114987058298928,train_pix_recon,0.004425742796489218
shapley-20260606T030531Z-d8b90fc2,baseline,A,69,69,5.301855400000932,0.3164002725056239,0.313543758222035,train_pix_recon,0.002856514283588907
shapley-20260606T030531Z-d8b90fc2,baseline,A,70,70,5.365793900000426,0.3177425009863717,0.3165579736232757,train_pix_recon,0.0011845273630959885
shapley-20260606T030531Z-d8b90fc2,baseline,A,71,71,5.431233799998154,0.3253838930811201,0.3142777213028499,train_pix_recon,0.011106171778270169
shapley-20260606T030531Z-d8b90fc2,baseline,A,72,72,5.50189479999608,0.3252260386943817,0.3198482947690146,train_pix_recon,0.005377743925367107
shapley-20260606T030531Z-d8b90fc2,baseline,A,73,73,5.567796999996062,0.327539610011237,0.3196668752602168,train_pix_recon,0.007872734751020183
shapley-20260606T030531Z-d8b90fc2,baseline,A,74,74,5.633646299997054,0.3289546711104257,0.3222672172955104,train_pix_recon,0.006687453814915312
shapley-20260606T030531Z-d8b90fc2,baseline,A,75,75,5.752664799994818,0.3304439144475119,0.3311327482972826,train_pix_recon,-0.0006888338497706981
shapley-20260606T030531Z-d8b90fc2,baseline,A,76,76,5.827297899995756,0.327288099697658,0.3303405940532684,train_pix_recon,-0.003052494355610391
shapley-20260606T030531Z-d8b90fc2,baseline,A,77,77,5.895790699996724,0.338193063225065,0.326533202614103,train_pix_recon,0.01165986061096197
shapley-20260606T030531Z-d8b90fc2,baseline,A,78,78,5.965356999997312,0.334891608783177,0.330398108278002,train_pix_recon,0.0044935005051749966
shapley-20260606T030531Z-d8b90fc2,baseline,A,79,79,6.037394099996163,0.3380528731005532,0.3336791225842067,train_pix_recon,0.004373750516346531
shapley-20260606T030531Z-d8b90fc2,baseline,A,80,80,6.109022999997251,0.3415191769599914,0.3360859368528638,train_pix_recon,0.00543324010712759
shapley-20260606T030531Z-d8b90fc2,baseline,A,81,81,6.177166499997838,0.3448057430131094,0.3445270614964621,train_pix_recon,0.00027868151664728336
shapley-20260606T030531Z-d8b90fc2,baseline,A,82,82,6.24841049999668,0.3448672635214669,0.3418259748390743,train_pix_recon,0.0030412886823926177
shapley-20260606T030531Z-d8b90fc2,baseline,A,83,83,6.319986699996662,0.3415401024477822,0.3416118749550411,train_pix_recon,-7.177250725887152e-05
shapley-20260606T030531Z-d8b90fc2,baseline,A,84,84,6.387170499998319,0.3535865758146558,0.350125355379922,train_pix_recon,0.0034612204347337916
shapley-20260606T030531Z-d8b90fc2,baseline,A,85,85,6.454854799998429,0.3524203343050821,0.3529485634395054,train_pix_recon,-0.0005282291344233525
shapley-20260606T030531Z-d8b90fc2,baseline,A,86,86,6.521139599997696,0.3505244595663888,0.3455938143389566,train_pix_recon,0.0049306452274321955
shapley-20260606T030531Z-d8b90fc2,baseline,A,87,87,6.582154599997011,0.3490472733974457,0.3568821932588304,train_pix_recon,-0.007834919861384737
shapley-20260606T030531Z-d8b90fc2,baseline,A,88,88,6.649261799997476,0.3576755481106894,0.354237790618624,train_pix_recon,0.0034377574920654297
shapley-20260606T030531Z-d8b90fc2,baseline,A,89,89,6.711717599995609,0.356695967061179,0.360833751303809,train_pix_recon,-0.004137784242630005
shapley-20260606T030531Z-d8b90fc2,baseline,A,90,90,6.7856661999976495,0.3533924434866224,0.364729289497648,train_pix_recon,-0.011336846011025581
shapley-20260606T030531Z-d8b90fc2,baseline,A,91,91,6.855696700000408,0.3575235434940883,0.3594731049878256,train_pix_recon,-0.0019495614937372618
shapley-20260606T030531Z-d8b90fc2,baseline,A,92,92,6.92604620000202,0.3583267629146576,0.3671493317399706,train_pix_recon,-0.008822568825313015
shapley-20260606T030531Z-d8b90fc2,baseline,A,93,93,7.000488400000904,0.3552434529576982,0.3685813759054456,train_pix_recon,-0.013337922947747383
shapley-20260606T030531Z-d8b90fc2,baseline,A,94,94,7.072657799999433,0.3657515176704952,0.3675761478287833,train_pix_recon,-0.0018246301582880986
shapley-20260606T030531Z-d8b90fc2,baseline,A,95,95,7.17701390000002,0.3563663022858755,0.3771504632064274,train_pix_recon,-0.02078416092055191
shapley-20260606T030531Z-d8b90fc2,baseline,A,96,96,7.271519300000364,0.3612373939582279,0.3681071400642395,train_pix_recon,-0.006869746106011598
shapley-20260606T030531Z-d8b90fc2,baseline,A,97,97,7.584512900000845,0.3687018624373844,0.3759380110672542,train_pix_recon,-0.007236148629869821
shapley-20260606T030531Z-d8b90fc2,baseline,A,98,98,7.71906410000156,0.3756687981741769,0.3719402509076254,train_pix_recon,0.0037285472665515296
shapley-20260606T030531Z-d8b90fc2,baseline,A,99,99,7.850225500002125,0.3720806070736476,0.3752419650554657,train_pix_recon,-0.0031613579818181026
shapley-20260606T030531Z-d8b90fc2,baseline,A,100,100,7.954133200000797,0.3725799535002027,0.3778653740882873,train_pix_recon,-0.005285420588084622
shapley-20260606T030531Z-d8b90fc2,baseline,A,101,101,8.040127100000973,0.3838458231517246,0.3795617861407144,train_pix_recon,0.004284037011010211
shapley-20260606T030531Z-d8b90fc2,baseline,A,102,102,8.134990099999413,0.3717369862965175,0.3751239478588104,train_pix_recon,-0.0033869615622929006
shapley-20260606T030531Z-d8b90fc2,baseline,A,103,103,8.221858400000201,0.3781669948782239,0.3831191914422171,train_pix_recon,-0.004952196563993205
shapley-20260606T030531Z-d8b90fc2,baseline,A,104,104,8.29716550000012,0.382050667490278,0.379789399249213,train_pix_recon,0.0022612682410649843
shapley-20260606T030531Z-d8b90fc2,baseline,A,105,105,8.43064349999986,0.379897871187755,0.3830802696091788,train_pix_recon,-0.0031823984214238155
shapley-20260606T030531Z-d8b90fc2,baseline,A,106,106,8.535323400003108,0.3847745146070208,0.3940975069999695,train_pix_recon,-0.009322992392948704
shapley-20260606T030531Z-d8b90fc2,baseline,A,107,107,8.643374800005404,0.3815456501075199,0.3859784305095672,train_pix_recon,-0.004432780402047309
shapley-20260606T030531Z-d8b90fc2,baseline,A,108,108,8.754099600006157,0.3891548173768179,0.3988849009786333,train_pix_recon,-0.009730083601815431
shapley-20260606T030531Z-d8b90fc2,baseline,A,109,109,8.853015800006688,0.3947524215493883,0.3924667707511357,train_pix_recon,0.002285650798252603
shapley-20260606T030531Z-d8b90fc2,baseline,A,110,110,8.935097500005213,0.397150810275759,0.4020310512610844,train_pix_recon,-0.0048802409853254125
shapley-20260606T030531Z-d8b90fc2,baseline,A,111,111,9.008987900004286,0.3949371789182935,0.3980822009699685,train_pix_recon,-0.003145022051674995
shapley-20260606T030531Z-d8b90fc2,baseline,A,112,112,9.076885300004506,0.4059914989130838,0.3989528545311519,train_pix_recon,0.007038644381931858
shapley-20260606T030531Z-d8b90fc2,baseline,A,113,113,9.149051900003542,0.3953235489981515,0.4036115195069994,train_pix_recon,-0.008287970508847942
shapley-20260606T030531Z-d8b90fc2,baseline,A,114,114,9.218408700002328,0.3948587945529392,0.398769165788378,train_pix_recon,-0.003910371235438803
shapley-20260606T030531Z-d8b90fc2,baseline,A,115,115,9.286420800002816,0.4113414798464094,0.4019982091018131,train_pix_recon,0.009343270744596288
shapley-20260606T030531Z-d8b90fc2,baseline,A,116,116,9.358747600002973,0.4001449005944388,0.4093196604933057,train_pix_recon,-0.009174759898866902
shapley-20260606T030531Z-d8b90fc2,baseline,A,117,117,9.430643800002144,0.4078418697629656,0.4114768419946943,train_pix_recon,-0.003634972231728706
shapley-20260606T030531Z-d8b90fc2,baseline,A,118,118,9.497051600003031,0.4143498880522592,0.417091292994363,train_pix_recon,-0.0027414049421037867
shapley-20260606T030531Z-d8b90fc2,baseline,A,119,119,9.569643000002545,0.4030360324042184,0.4154770629746573,train_pix_recon,-0.012441030570438882
shapley-20260606T030531Z-d8b90fc2,baseline,A,120,120,9.634442800001125,0.409208812883922,0.4086600882666452,train_pix_recon,0.0005487246172768412
shapley-20260606T030531Z-d8b90fc2,baseline,A,121,121,9.703163300000597,0.4242477629865919,0.4216988725321633,train_pix_recon,0.002548890454428576
shapley-20260606T030531Z-d8b90fc2,baseline,A,122,122,9.766931100002694,0.416440691266741,0.423153349331447,train_pix_recon,-0.006712658064706001
shapley-20260606T030531Z-d8b90fc2,baseline,A,123,123,9.835370800003147,0.4217350312641689,0.4309693489755903,train_pix_recon,-0.009234317711421414
shapley-20260606T030531Z-d8b90fc2,baseline,A,124,124,9.89983750000465,0.4328026686395917,0.4386630654335022,train_pix_recon,-0.005860396793910483
shapley-20260606T030531Z-d8b90fc2,baseline,A,125,125,9.964813700004015,0.4317158801215036,0.4298821176801409,train_pix_recon,0.0018337624413626852
shapley-20260606T030531Z-d8b90fc2,baseline,A,126,126,10.033814000002168,0.4289153260844094,0.4438809880188533,train_pix_recon,-0.014965661934443875
shapley-20260606T030531Z-d8b90fc2,baseline,A,127,127,10.101675700003398,0.4394590599196298,0.424773952790669,train_pix_recon,0.014685107128960817
shapley-20260606T030531Z-d8b90fc2,baseline,A,128,128,10.165646300003573,0.431499183177948,0.4336221899305071,train_pix_recon,-0.002123006752559109
shapley-20260606T030531Z-d8b90fc2,baseline,A,129,129,10.233254500002658,0.4285098058836801,0.4314462840557098,train_pix_recon,-0.0029364781720296884
shapley-20260606T030531Z-d8b90fc2,baseline,A,130,130,10.302235900002415,0.4289259612560272,0.4305774016039712,train_pix_recon,-0.0016514403479439554
shapley-20260606T030531Z-d8b90fc2,baseline,A,131,131,10.374953800001094,0.4291433564254215,0.4289775235312326,train_pix_recon,0.000165832894188922
shapley-20260606T030531Z-d8b90fc2,baseline,A,132,132,10.440730700000133,0.4196061875138964,0.4272566011973789,train_pix_recon,-0.007650413683482515
shapley-20260606T030531Z-d8b90fc2,baseline,A,133,133,10.511770799999796,0.4296749532222748,0.421298691204616,train_pix_recon,0.008376262017658787
shapley-20260606T030531Z-d8b90fc2,baseline,A,134,134,10.581868799999938,0.4087862755571093,0.4334020231451307,train_pix_recon,-0.02461574758802143
shapley-20260606T030531Z-d8b90fc2,baseline,A,135,135,10.646998300002451,0.4272748785359518,0.4200331909315927,train_pix_recon,0.007241687604359115
shapley-20260606T030531Z-d8b90fc2,baseline,A,136,136,10.71444320000228,0.4142485814435141,0.4219206741877964,train_pix_recon,-0.007672092744282266
shapley-20260606T030531Z-d8b90fc2,baseline,A,137,137,10.80115950000254,0.4232402656759534,0.4233945097242083,train_pix_recon,-0.00015424404825487015
shapley-20260606T030531Z-d8b90fc2,baseline,A,138,138,10.883266900000308,0.4064529623304094,0.4262411594390869,train_pix_recon,-0.01978819710867752
shapley-20260606T030531Z-d8b90fc2,baseline,A,139,139,10.955857099997957,0.433377410684313,0.4181506080286843,train_pix_recon,0.015226802655628702
shapley-20260606T030531Z-d8b90fc2,baseline,A,140,140,11.022346699999616,0.411122658423015,0.414330848625728,train_pix_recon,-0.0032081902027130127
shapley-20260606T030531Z-d8b90fc2,baseline,A,141,141,11.088518700002169,0.4144214306558881,0.4299054060663496,train_pix_recon,-0.015483975410461481
shapley-20260606T030531Z-d8b90fc2,baseline,A,142,142,11.158798300002672,0.4195062645844051,0.4177067066941942,train_pix_recon,0.0017995578902109122
shapley-20260606T030531Z-d8b90fc2,baseline,A,143,143,11.23150980000355,0.4121127256325313,0.4074516253811972,train_pix_recon,0.004661100251334094
shapley-20260606T030531Z-d8b90fc2,baseline,A,144,144,11.305238700006155,0.4285735743386404,0.4250372946262359,train_pix_recon,0.0035362797124045
shapley-20260606T030531Z-d8b90fc2,baseline,A,145,145,11.379793500007509,0.4068406053951808,0.423649251461029,train_pix_recon,-0.0168086460658482
shapley-20260606T030531Z-d8b90fc2,baseline,A,146,146,11.447358000008537,0.4190235989434378,0.412472265107291,train_pix_recon,0.006551333836146811
shapley-20260606T030531Z-d8b90fc2,baseline,A,147,147,11.514928300006432,0.4156839166368757,0.4136492184230259,train_pix_recon,0.002034698213849828
shapley-20260606T030531Z-d8b90fc2,baseline,A,148,148,11.587431900006775,0.40713660631861,0.4260105192661285,train_pix_recon,-0.0188739129475185
shapley-20260606T030531Z-d8b90fc2,baseline,A,149,149,11.673021000005974,0.4180153480597904,0.4167296971593584,train_pix_recon,0.0012856509004319783
shapley-20260606T030531Z-d8b90fc2,baseline,A,150,150,11.75498040000457,0.4157267553465707,0.4151499058519091,train_pix_recon,0.0005768494946616354
shapley-20260606T030531Z-d8b90fc2,baseline,A,151,151,11.844382000002952,0.4096722687993731,0.4250944512231009,train_pix_recon,-0.015422182423727837
shapley-20260606T030531Z-d8b90fc2,baseline,A,152,152,11.9274979000038,0.4041020657335009,0.4121873123305185,train_pix_recon,-0.008085246597017592
shapley-20260606T030531Z-d8b90fc2,baseline,A,153,153,12.013028600002144,0.425551380429949,0.4113827007157462,train_pix_recon,0.014168679714202825
shapley-20260606T030531Z-d8b90fc2,baseline,A,154,154,12.096835400003329,0.4045265657561166,0.4203412915979113,train_pix_recon,-0.015814725841794663
shapley-20260606T030531Z-d8b90fc2,baseline,A,155,155,12.183051100004375,0.409142051424299,0.4150771456105368,train_pix_recon,-0.005935094186237833
shapley-20260606T030531Z-d8b90fc2,baseline,A,156,156,12.25709170000482,0.4176734473024096,0.4128199858324868,train_pix_recon,0.004853461469922771
shapley-20260606T030531Z-d8b90fc2,baseline,A,157,157,12.32708200000343,0.411404230764934,0.4149335622787475,train_pix_recon,-0.003529331513813516
shapley-20260606T030531Z-d8b90fc2,baseline,A,158,158,12.399272000002384,0.4052848645618984,0.4179163617747171,train_pix_recon,-0.012631497212818699
shapley-20260606T030531Z-d8b90fc2,baseline,A,159,159,12.472686900000554,0.4102858943598611,0.4193339731012072,train_pix_recon,-0.009048078741346055
shapley-20260606T030531Z-d8b90fc2,baseline,A,160,160,12.553138499999475,0.4105297199317387,0.4092136791774204,train_pix_recon,0.0013160407543182928
shapley-20260606T030531Z-d8b90fc2,baseline,A,161,161,12.636530400002812,0.4021375179290771,0.4116560689040592,train_pix_recon,-0.00951855097498211
shapley-20260606T030531Z-d8b90fc2,baseline,A,162,162,12.718624900004215,0.4035336800983974,0.4117704629898071,train_pix_recon,-0.008236782891409666
shapley-20260606T030531Z-d8b90fc2,baseline,A,163,163,12.791721400004462,0.4163126008851187,0.4104210521493639,train_pix_recon,0.005891548735754759
shapley-20260606T030531Z-d8b90fc2,baseline,A,164,164,12.858066900003903,0.4072339577334268,0.4216440532888685,train_pix_recon,-0.014410095555441704
shapley-20260606T030531Z-d8b90fc2,baseline,A,165,165,12.926985900001457,0.4010103898388998,0.4137116968631744,train_pix_recon,-0.012701307024274577
shapley-20260606T030531Z-d8b90fc2,baseline,A,166,166,12.991707000001044,0.4161456057003566,0.4084396617753165,train_pix_recon,0.007705943925040093
shapley-20260606T030531Z-d8b90fc2,baseline,A,167,167,13.058037599999809,0.4075007438659668,0.4110892627920423,train_pix_recon,-0.003588518926075479
shapley-20260606T030531Z-d8b90fc2,baseline,A,168,168,13.125577499999054,0.4088439345359802,0.4092264473438263,train_pix_recon,-0.00038251280784606934
shapley-20260606T030531Z-d8b90fc2,baseline,A,169,169,13.19423040000038,0.407943559544427,0.410823323896953,train_pix_recon,-0.0028797643525259597
shapley-20260606T030531Z-d8b90fc2,baseline,A,170,170,13.261172099999383,0.4081748723983764,0.4195312602179391,train_pix_recon,-0.011356387819562663
shapley-20260606T030531Z-d8b90fc2,baseline,A,171,171,13.328188799998316,0.4069852914128984,0.4152458523000989,train_pix_recon,-0.008260560887200508
shapley-20260606T030531Z-d8b90fc2,baseline,A,172,172,13.395082599996384,0.4092792996338436,0.4209656885692051,train_pix_recon,-0.011686388935361502
shapley-20260606T030531Z-d8b90fc2,baseline,A,173,173,13.466349399994217,0.4090072001729692,0.4095850459166935,train_pix_recon,-0.0005778457437242701
shapley-20260606T030531Z-d8b90fc2,baseline,A,174,174,13.533461099996202,0.4188469435487474,0.4121433581624712,train_pix_recon,0.00670358538627619
shapley-20260606T030531Z-d8b90fc2,baseline,A,175,175,13.611534399999073,0.4072035210473196,0.4162815596376146,train_pix_recon,-0.00907803859029499
shapley-20260606T030531Z-d8b90fc2,baseline,A,176,176,13.692184200001066,0.4135247213499887,0.4114850120885031,train_pix_recon,0.0020397092614856116
shapley-20260606T030531Z-d8b90fc2,baseline,A,177,177,13.774267700002383,0.4049293526581355,0.4131305600915636,train_pix_recon,-0.008201207433428115
shapley-20260606T030531Z-d8b90fc2,baseline,A,178,178,13.845204000004742,0.4077742866107395,0.4203524504389082,train_pix_recon,-0.012578163828168676
shapley-20260606T030531Z-d8b90fc2,baseline,A,179,179,13.919301000005362,0.4097174193177904,0.4157423206738063,train_pix_recon,-0.00602490135601591
shapley-20260606T030531Z-d8b90fc2,baseline,A,180,180,13.997295300006954,0.4079553697790418,0.4126952333109719,train_pix_recon,-0.004739863531930122
shapley-20260606T030531Z-d8b90fc2,baseline,A,181,181,14.07087570001022,0.3999258322375161,0.4145208299160003,train_pix_recon,-0.014594997678484212
shapley-20260606T030531Z-d8b90fc2,baseline,A,182,182,14.145806700009416,0.4038077763148716,0.4193747937679291,train_pix_recon,-0.015567017453057497
shapley-20260606T030531Z-d8b90fc2,baseline,A,183,183,14.23254880000968,0.4114215757165636,0.4125971836703164,train_pix_recon,-0.0011756079537527664
shapley-20260606T030531Z-d8b90fc2,baseline,A,184,184,14.311456400009774,0.413956310067858,0.415357300213405,train_pix_recon,-0.0014009901455470097
shapley-20260606T030531Z-d8b90fc2,baseline,A,185,185,14.38439910001034,0.414172168288912,0.4191879970686776,train_pix_recon,-0.005015828779765585
shapley-20260606T030531Z-d8b90fc2,baseline,A,186,186,14.460588800011465,0.4087943817887987,0.4109829110758645,train_pix_recon,-0.00218852928706581
shapley-20260606T030531Z-d8b90fc2,baseline,A,187,187,14.533361300011164,0.3999306985310146,0.4068350664206913,train_pix_recon,-0.006904367889676688
shapley-20260606T030531Z-d8b90fc2,baseline,A,188,188,14.606807300013315,0.4007548349244254,0.4026682504585811,train_pix_recon,-0.001913415534155749
shapley-20260606T030531Z-d8b90fc2,baseline,A,189,189,14.673095000016474,0.4060527767453875,0.4086196039404188,train_pix_recon,-0.002566827195031318
shapley-20260606T030531Z-d8b90fc2,baseline,A,190,190,14.743181200017716,0.4125671514442989,0.411629672561373,train_pix_recon,0.0009374788829258907
shapley-20260606T030531Z-d8b90fc2,baseline,A,191,191,14.809657500016328,0.4101766986506326,0.4108204926763262,train_pix_recon,-0.0006437940256935892
shapley-20260606T030531Z-d8b90fc2,baseline,A,192,192,14.876319500017416,0.4072739609650203,0.4071056459631239,train_pix_recon,0.00016831500189640192
shapley-20260606T030531Z-d8b90fc2,baseline,A,193,193,14.947007800019492,0.4034485220909118,0.4179145906652723,train_pix_recon,-0.014466068574360502
shapley-20260606T030531Z-d8b90fc2,baseline,A,194,194,15.014031000016985,0.4025677527700151,0.4184871060507638,train_pix_recon,-0.01591935328074867
shapley-20260606T030531Z-d8b90fc2,baseline,A,195,195,15.08119320001788,0.407999643257686,0.4131278821400234,train_pix_recon,-0.005128238882337377
shapley-20260606T030531Z-d8b90fc2,baseline,A,196,196,15.149760200019957,0.4020678017820631,0.4152836927345821,train_pix_recon,-0.013215890952519016
shapley-20260606T030531Z-d8b90fc2,baseline,A,197,197,15.21717770001851,0.404428230864661,0.4107271220002855,train_pix_recon,-0.006298891135624485
shapley-20260606T030531Z-d8b90fc2,baseline,A,198,198,15.283290000021225,0.4084362132208688,0.410185911825725,train_pix_recon,-0.0017496986048561869
shapley-20260606T030531Z-d8b90fc2,baseline,A,199,199,15.350694300021132,0.4050790454660143,0.4116810602801187,train_pix_recon,-0.006602014814104384
shapley-20260606T030556Z-a354347d,marginal,A,0,0,0.2725049000000581,0.9725605845451356,0.9772982171603612,train_pix_recon,-0.00473763261522564
shapley-20260606T030556Z-a354347d,marginal,A,1,1,0.3464639000012539,0.797394437449319,0.7698809163911002,train_pix_recon,0.027513521058218804
shapley-20260606T030556Z-a354347d,marginal,A,2,2,0.4145151000011537,0.6483377814292908,0.6274882129260472,train_pix_recon,0.0208495685032436
shapley-20260606T030556Z-a354347d,marginal,A,3,3,0.4787499000012758,0.56142087493624,0.542477582182203,train_pix_recon,0.018943292754037055
shapley-20260606T030556Z-a354347d,marginal,A,4,4,0.5379286999996111,0.4938470891543797,0.4739742321627481,train_pix_recon,0.019872856991631604
shapley-20260606T030556Z-a354347d,marginal,A,5,5,0.602525099999184,0.4478430066789899,0.4310399506773267,train_pix_recon,0.016803056001663208
shapley-20260606T030556Z-a354347d,marginal,A,6,6,0.66425949999757,0.4126899199826376,0.4065536430903843,train_pix_recon,0.006136276892253323
shapley-20260606T030556Z-a354347d,marginal,A,7,7,0.728241299995716,0.3881249896117619,0.3817576169967651,train_pix_recon,0.0063673726149968135
shapley-20260606T030556Z-a354347d,marginal,A,8,8,0.7939456999956747,0.363662200314658,0.3576505397047315,train_pix_recon,0.006011660609926528
shapley-20260606T030556Z-a354347d,marginal,A,9,9,0.8578752999928838,0.3429260466779981,0.3415068047387259,train_pix_recon,0.0014192419392721756
shapley-20260606T030556Z-a354347d,marginal,A,10,10,0.9197222999937368,0.331500768661499,0.326731583901814,train_pix_recon,0.004769184759685019
shapley-20260606T030556Z-a354347d,marginal,A,11,11,0.9812867999935406,0.3223757530961718,0.3157545839037214,train_pix_recon,0.006621169192450371
shapley-20260606T030556Z-a354347d,marginal,A,12,12,1.043958999995084,0.3195301464625767,0.3218235799244472,train_pix_recon,-0.0022934334618704977
shapley-20260606T030556Z-a354347d,marginal,A,13,13,1.1076737999937905,0.3148854800633022,0.3136648493153708,train_pix_recon,0.0012206307479313838
shapley-20260606T030556Z-a354347d,marginal,A,14,14,1.170055799993861,0.2983600284372057,0.3019567728042602,train_pix_recon,-0.003596744367054483
shapley-20260606T030556Z-a354347d,marginal,A,15,15,1.2397043999953894,0.288897659097399,0.2910220154694148,train_pix_recon,-0.002124356372015801
shapley-20260606T030556Z-a354347d,marginal,A,16,16,1.3044405999971789,0.2857934321675981,0.2861517965793609,train_pix_recon,-0.00035836441176279044
shapley-20260606T030556Z-a354347d,marginal,A,17,17,1.367161499994836,0.2884544261864253,0.2891076930931636,train_pix_recon,-0.0006532669067382812
shapley-20260606T030556Z-a354347d,marginal,A,18,18,1.4282281999949191,0.276122544492994,0.2794046742575509,train_pix_recon,-0.0032821297645568848
shapley-20260606T030556Z-a354347d,marginal,A,19,19,1.491642299995874,0.2689676667962755,0.2737556866237095,train_pix_recon,-0.004788019827434042
shapley-20260606T030556Z-a354347d,marginal,A,20,20,1.5537913999942248,0.2675284956182752,0.2718439400196075,train_pix_recon,-0.004315444401332302
shapley-20260606T030556Z-a354347d,marginal,A,21,21,1.6171761999939918,0.2713790237903595,0.278053309236254,train_pix_recon,-0.00667428544589449
shapley-20260606T030556Z-a354347d,marginal,A,22,22,1.680006399994454,0.2676839424031121,0.2735076206071036,train_pix_recon,-0.005823678203991489
shapley-20260606T030556Z-a354347d,marginal,A,23,23,1.7486694999934116,0.2613081208297184,0.2668432593345642,train_pix_recon,-0.005535138504845827
shapley-20260606T030556Z-a354347d,marginal,A,24,24,1.8120987999936915,0.2657430214541299,0.2707754416125161,train_pix_recon,-0.005032420158386175
shapley-20260606T030556Z-a354347d,marginal,A,25,25,1.88121759999558,0.268005405153547,0.2716480110372816,train_pix_recon,-0.0036426058837346065
shapley-20260606T030556Z-a354347d,marginal,A,26,26,1.9429256999974316,0.2595593248094831,0.267311087676457,train_pix_recon,-0.007751762866973877
shapley-20260606T030556Z-a354347d,marginal,A,27,27,2.004638099995645,0.260486079113824,0.2650582918098995,train_pix_recon,-0.004572212696075495
shapley-20260606T030556Z-a354347d,marginal,A,28,28,2.0660590999941637,0.258323107446943,0.2643429807254246,train_pix_recon,-0.0060198732784816356
shapley-20260606T030556Z-a354347d,marginal,A,29,29,2.1305836999963503,0.2580817554678236,0.264952003955841,train_pix_recon,-0.0068702484880174275
shapley-20260606T030556Z-a354347d,marginal,A,30,30,2.1957667999959085,0.2588403863566262,0.264706232718059,train_pix_recon,-0.0058658463614327805
shapley-20260606T030556Z-a354347d,marginal,A,31,31,2.259305499996117,0.2570770957640239,0.2601411598069327,train_pix_recon,-0.0030640640429088206
shapley-20260606T030556Z-a354347d,marginal,A,32,32,2.3213826999963203,0.2598951097045626,0.2615710667201451,train_pix_recon,-0.0016759570155824854
shapley-20260606T030556Z-a354347d,marginal,A,33,33,2.3894912999967346,0.2573931451354708,0.2679891799177442,train_pix_recon,-0.010596034782273389
shapley-20260606T030556Z-a354347d,marginal,A,34,34,2.449298099996668,0.2536937636988504,0.263504256095205,train_pix_recon,-0.00981049239635462
shapley-20260606T030556Z-a354347d,marginal,A,35,35,2.5082456999953138,0.2592223754950932,0.2649786898068019,train_pix_recon,-0.005756314311708699
shapley-20260606T030556Z-a354347d,marginal,A,36,36,2.5701280999928717,0.2587652248995645,0.2622635662555694,train_pix_recon,-0.003498341356004908
shapley-20260606T030556Z-a354347d,marginal,A,37,37,2.636033299993869,0.2601203279835837,0.2663035648209708,train_pix_recon,-0.006183236837387085
shapley-20260606T030556Z-a354347d,marginal,A,38,38,2.701358299993444,0.2605532216174261,0.2671498826571873,train_pix_recon,-0.006596661039761198
shapley-20260606T030556Z-a354347d,marginal,A,39,39,2.766935199993896,0.2583810963800975,0.2647465893200466,train_pix_recon,-0.006365492939949091
shapley-20260606T030556Z-a354347d,marginal,A,40,40,2.8314769999924465,0.2625359126499721,0.2641810689653669,train_pix_recon,-0.0016451563153948023
shapley-20260606T030556Z-a354347d,marginal,A,41,41,2.896885199992539,0.2602156656129019,0.2633499758584158,train_pix_recon,-0.003134310245513916
shapley-20260606T030556Z-a354347d,marginal,A,42,42,2.9591716999930213,0.2617964829717363,0.2633549315588815,train_pix_recon,-0.0015584485871452114
shapley-20260606T030556Z-a354347d,marginal,A,43,43,3.0220613999917987,0.2596238468374525,0.2669729207243238,train_pix_recon,-0.007349073886871338
shapley-20260606T030556Z-a354347d,marginal,A,44,44,3.085574499993527,0.2651439734867641,0.2652668910367148,train_pix_recon,-0.00012291754995069626
shapley-20260606T030556Z-a354347d,marginal,A,45,45,3.153348299994832,0.2651264539786747,0.2672468083245413,train_pix_recon,-0.002120354345866604
shapley-20260606T030556Z-a354347d,marginal,A,46,46,3.215171299994836,0.2697338163852691,0.270699884210314,train_pix_recon,-0.0009660678250448806
shapley-20260606T030556Z-a354347d,marginal,A,47,47,3.284495699994295,0.269376197031566,0.2714506898607526,train_pix_recon,-0.0020744928291865916
shapley-20260606T030556Z-a354347d,marginal,A,48,48,3.3506695999931253,0.2737468991960798,0.2771051270621164,train_pix_recon,-0.003358227866036567
shapley-20260606T030556Z-a354347d,marginal,A,49,49,3.4175579999937327,0.2744138879435403,0.2747861870697566,train_pix_recon,-0.00037229912621628003
shapley-20260606T030556Z-a354347d,marginal,A,50,50,3.478827999995701,0.2750566686902727,0.2778820395469665,train_pix_recon,-0.0028253708566938207
shapley-20260606T030556Z-a354347d,marginal,A,51,51,3.5394931999944674,0.2750209016459329,0.282915609223502,train_pix_recon,-0.007894707577569104
shapley-20260606T030556Z-a354347d,marginal,A,52,52,3.6019380999969144,0.2743949975286211,0.2849752306938171,train_pix_recon,-0.010580233165195962
shapley-20260606T030556Z-a354347d,marginal,A,53,53,3.663638199999696,0.2845545240810939,0.2872928764138903,train_pix_recon,-0.002738352332796401
shapley-20260606T030556Z-a354347d,marginal,A,54,54,3.7280742000002647,0.2820699257510049,0.2866827079227992,train_pix_recon,-0.004612782171794283
shapley-20260606T030556Z-a354347d,marginal,A,55,55,3.788408000000345,0.2828731707164219,0.2907061874866485,train_pix_recon,-0.00783301677022663
shapley-20260606T030556Z-a354347d,marginal,A,56,56,3.8490335999995295,0.2837594151496887,0.2937950023583003,train_pix_recon,-0.010035587208611585
shapley-20260606T030556Z-a354347d,marginal,A,57,57,3.9111884999983886,0.2834026260035379,0.2925692328384944,train_pix_recon,-0.009166606834956514
shapley-20260606T030556Z-a354347d,marginal,A,58,58,3.970187300001271,0.290437434400831,0.294767677783966,train_pix_recon,-0.004330243383135035
shapley-20260606T030556Z-a354347d,marginal,A,59,59,4.033101100001659,0.2852783117975507,0.2930514173848288,train_pix_recon,-0.007773105587278117
shapley-20260606T030556Z-a354347d,marginal,A,60,60,4.097456800001964,0.2971375244004385,0.2976456071649279,train_pix_recon,-0.0005080827644893815
shapley-20260606T030556Z-a354347d,marginal,A,61,61,4.157698400002118,0.2877325671059744,0.2934935050351279,train_pix_recon,-0.005760937929153498
shapley-20260606T030556Z-a354347d,marginal,A,62,62,4.22002060000159,0.2981881201267242,0.3018844936575208,train_pix_recon,-0.003696373530796604
shapley-20260606T030556Z-a354347d,marginal,A,63,63,4.283127200000308,0.296555404152189,0.3034789093903133,train_pix_recon,-0.0069235052381242945
shapley-20260606T030556Z-a354347d,marginal,A,64,64,4.342164400000911,0.3034355853285108,0.3026893990380423,train_pix_recon,0.0007461862904684646
shapley-20260606T030556Z-a354347d,marginal,A,65,65,4.404086200000165,0.3059557335717337,0.3057341320174081,train_pix_recon,0.00022160155432560114
shapley-20260606T030556Z-a354347d,marginal,A,66,66,4.470754999998462,0.3055580215794699,0.308688006230763,train_pix_recon,-0.003129984651293105
shapley-20260606T030556Z-a354347d,marginal,A,67,67,4.532329099998606,0.3031343945435115,0.3124463047300066,train_pix_recon,-0.009311910186495131
shapley-20260606T030556Z-a354347d,marginal,A,68,68,4.59465839999757,0.3075314462184906,0.3114987058298928,train_pix_recon,-0.003967259611402207
shapley-20260606T030556Z-a354347d,marginal,A,69,69,4.65815659999862,0.3100740994725908,0.313543758222035,train_pix_recon,-0.0034696587494442155
shapley-20260606T030556Z-a354347d,marginal,A,70,70,4.723406499997509,0.3117882566792624,0.3165579736232757,train_pix_recon,-0.004769716944013291
shapley-20260606T030556Z-a354347d,marginal,A,71,71,4.7908665999966615,0.3137750668185098,0.3142777213028499,train_pix_recon,-0.0005026544843401148
shapley-20260606T030556Z-a354347d,marginal,A,72,72,4.866683399995964,0.3177753176007952,0.3198482947690146,train_pix_recon,-0.0020729771682194142
shapley-20260606T030556Z-a354347d,marginal,A,73,73,4.934740999993664,0.3240542880126408,0.3196668752602168,train_pix_recon,0.004387412752423991
shapley-20260606T030556Z-a354347d,marginal,A,74,74,5.004821599995921,0.3237348965236118,0.3222672172955104,train_pix_recon,0.0014676792281014261
shapley-20260606T030556Z-a354347d,marginal,A,75,75,5.077409799996531,0.321986402784075,0.3311327482972826,train_pix_recon,-0.009146345513207643
shapley-20260606T030556Z-a354347d,marginal,A,76,76,5.148508599995694,0.3303072452545166,0.3303405940532684,train_pix_recon,-3.3348798751775544e-05
shapley-20260606T030556Z-a354347d,marginal,A,77,77,5.221593999995093,0.3259809570653098,0.326533202614103,train_pix_recon,-0.0005522455487932398
shapley-20260606T030556Z-a354347d,marginal,A,78,78,5.284525599996414,0.3249931463173457,0.330398108278002,train_pix_recon,-0.005404961960656263
shapley-20260606T030556Z-a354347d,marginal,A,79,79,5.344928399994387,0.3353894863809858,0.3336791225842067,train_pix_recon,0.0017103637967791352
shapley-20260606T030556Z-a354347d,marginal,A,80,80,5.4089064999971015,0.3315969577857426,0.3360859368528638,train_pix_recon,-0.0044889790671212015
shapley-20260606T030556Z-a354347d,marginal,A,81,81,5.473177399999258,0.3351887932845524,0.3445270614964621,train_pix_recon,-0.009338268211909695
shapley-20260606T030556Z-a354347d,marginal,A,82,82,5.532425099998363,0.3361951240471431,0.3418259748390743,train_pix_recon,-0.005630850791931208
shapley-20260606T030556Z-a354347d,marginal,A,83,83,5.593250199999602,0.3407037939344133,0.3416118749550411,train_pix_recon,-0.0009080810206277823
shapley-20260606T030556Z-a354347d,marginal,A,84,84,5.6570081999998365,0.3398645903382982,0.350125355379922,train_pix_recon,-0.01026076504162382
shapley-20260606T030556Z-a354347d,marginal,A,85,85,5.7202676000015344,0.3421171903610229,0.3529485634395054,train_pix_recon,-0.010831373078482531
shapley-20260606T030556Z-a354347d,marginal,A,86,86,5.785786600001302,0.342083786215101,0.3455938143389566,train_pix_recon,-0.003510028123855591
shapley-20260606T030556Z-a354347d,marginal,A,87,87,5.845394800002396,0.3442452081612178,0.3568821932588304,train_pix_recon,-0.01263698509761263
shapley-20260606T030556Z-a354347d,marginal,A,88,88,5.907190100002481,0.3454107897622244,0.354237790618624,train_pix_recon,-0.008827000856399592
shapley-20260606T030556Z-a354347d,marginal,A,89,89,5.966282000001229,0.3515404420239584,0.360833751303809,train_pix_recon,-0.009293309279850615
shapley-20260606T030556Z-a354347d,marginal,A,90,90,6.034593300002598,0.3478677868843078,0.364729289497648,train_pix_recon,-0.016861502613340185
shapley-20260606T030556Z-a354347d,marginal,A,91,91,6.098771100001613,0.353694600718362,0.3594731049878256,train_pix_recon,-0.00577850426946358
shapley-20260606T030556Z-a354347d,marginal,A,92,92,6.165938500002085,0.3473746010235378,0.3671493317399706,train_pix_recon,-0.01977473071643282
shapley-20260606T030556Z-a354347d,marginal,A,93,93,6.23420800000531,0.361218512058258,0.3685813759054456,train_pix_recon,-0.007362863847187595
shapley-20260606T030556Z-a354347d,marginal,A,94,94,6.301026700006332,0.3527442685195378,0.3675761478287833,train_pix_recon,-0.01483187930924551
shapley-20260606T030556Z-a354347d,marginal,A,95,95,6.367719300003955,0.3609048468726022,0.3771504632064274,train_pix_recon,-0.016245616333825208
shapley-20260606T030556Z-a354347d,marginal,A,96,96,6.4335424000018975,0.3649844825267792,0.3681071400642395,train_pix_recon,-0.003122657537460327
shapley-20260606T030556Z-a354347d,marginal,A,97,97,6.497457400000712,0.3603882193565368,0.3759380110672542,train_pix_recon,-0.015549791710717409
shapley-20260606T030556Z-a354347d,marginal,A,98,98,6.5681579999982205,0.371489337512425,0.3719402509076254,train_pix_recon,-0.00045091339520036966
shapley-20260606T030556Z-a354347d,marginal,A,99,99,6.635201400000369,0.3642250214304243,0.3752419650554657,train_pix_recon,-0.011016943625041409
shapley-20260606T030556Z-a354347d,marginal,A,100,100,6.705199699998047,0.3691999231066022,0.3778653740882873,train_pix_recon,-0.008665450981685086
shapley-20260606T030556Z-a354347d,marginal,A,101,101,6.773802399999113,0.3695841985089438,0.3795617861407144,train_pix_recon,-0.00997758763177059
shapley-20260606T030556Z-a354347d,marginal,A,102,102,6.838039099999151,0.3746721957411085,0.3751239478588104,train_pix_recon,-0.00045175211770193124
shapley-20260606T030556Z-a354347d,marginal,A,103,103,6.906992000000173,0.3784609649862562,0.3831191914422171,train_pix_recon,-0.004658226455960923
shapley-20260606T030556Z-a354347d,marginal,A,104,104,6.973051799999666,0.3824810215405055,0.379789399249213,train_pix_recon,0.0026916222912924948
shapley-20260606T030556Z-a354347d,marginal,A,105,105,7.037810600002558,0.378106632402965,0.3830802696091788,train_pix_recon,-0.004973637206213799
shapley-20260606T030556Z-a354347d,marginal,A,106,106,7.100426700002572,0.3817618148667471,0.3940975069999695,train_pix_recon,-0.012335692133222387
shapley-20260606T030556Z-a354347d,marginal,A,107,107,7.167453000001842,0.3832967111042568,0.3859784305095672,train_pix_recon,-0.002681719405310423
shapley-20260606T030556Z-a354347d,marginal,A,108,108,7.231114900001557,0.3888684936932155,0.3988849009786333,train_pix_recon,-0.010016407285417805
shapley-20260606T030556Z-a354347d,marginal,A,109,109,7.293965300003037,0.3875100484916142,0.3924667707511357,train_pix_recon,-0.004956722259521484
shapley-20260606T030556Z-a354347d,marginal,A,110,110,7.359274700000242,0.3839138277939388,0.4020310512610844,train_pix_recon,-0.018117223467145616
shapley-20260606T030556Z-a354347d,marginal,A,111,111,7.423249600000418,0.3931115014212472,0.3980822009699685,train_pix_recon,-0.0049706995487213135
shapley-20260606T030556Z-a354347d,marginal,A,112,112,7.487847399999737,0.3925580467496599,0.3989528545311519,train_pix_recon,-0.00639480778149204
shapley-20260606T030556Z-a354347d,marginal,A,113,113,7.5552110000026,0.3963546412331717,0.4036115195069994,train_pix_recon,-0.007256878273827705
shapley-20260606T030556Z-a354347d,marginal,A,114,114,7.617995700005849,0.3984054837908063,0.398769165788378,train_pix_recon,-0.0003636819975716965
shapley-20260606T030556Z-a354347d,marginal,A,115,115,7.681563200007076,0.4001335203647613,0.4019982091018131,train_pix_recon,-0.0018646887370518117
shapley-20260606T030556Z-a354347d,marginal,A,116,116,7.744833700009622,0.4070281428950174,0.4093196604933057,train_pix_recon,-0.0022915175982883285
shapley-20260606T030556Z-a354347d,marginal,A,117,117,7.809033200010162,0.4059676017080034,0.4114768419946943,train_pix_recon,-0.00550924028669092
shapley-20260606T030556Z-a354347d,marginal,A,118,118,7.871679200008657,0.4078646983419146,0.417091292994363,train_pix_recon,-0.009226594652448405
shapley-20260606T030556Z-a354347d,marginal,A,119,119,7.934472500008269,0.4057621146951403,0.4154770629746573,train_pix_recon,-0.009714948279517022
shapley-20260606T030556Z-a354347d,marginal,A,120,120,7.997536400009267,0.4099656130586351,0.4086600882666452,train_pix_recon,0.0013055247919899204
shapley-20260606T030556Z-a354347d,marginal,A,121,121,8.06422690000909,0.4096138605049678,0.4216988725321633,train_pix_recon,-0.01208501202719553
shapley-20260606T030556Z-a354347d,marginal,A,122,122,8.127375200008828,0.4142222872802189,0.423153349331447,train_pix_recon,-0.008931062051228067
shapley-20260606T030556Z-a354347d,marginal,A,123,123,8.191898800007039,0.4305806756019592,0.4309693489755903,train_pix_recon,-0.0003886733736311321
shapley-20260606T030556Z-a354347d,marginal,A,124,124,8.257482200006052,0.4299208436693464,0.4386630654335022,train_pix_recon,-0.008742221764155789
shapley-20260606T030556Z-a354347d,marginal,A,125,125,8.321069600006012,0.4279472572462899,0.4298821176801409,train_pix_recon,-0.0019348604338509934
shapley-20260606T030556Z-a354347d,marginal,A,126,126,8.384047400006239,0.4272425941058567,0.4438809880188533,train_pix_recon,-0.016638393912996596
shapley-20260606T030556Z-a354347d,marginal,A,127,127,8.452994400005991,0.4411872071879251,0.424773952790669,train_pix_recon,0.016413254397256105
shapley-20260606T030556Z-a354347d,marginal,A,128,128,8.521948200002953,0.4181226960250309,0.4336221899305071,train_pix_recon,-0.015499493905476225
shapley-20260606T030556Z-a354347d,marginal,A,129,129,8.592805000003864,0.4239649730069296,0.4314462840557098,train_pix_recon,-0.007481311048780193
shapley-20260606T030556Z-a354347d,marginal,A,130,130,8.657786900002975,0.4232508455004011,0.4305774016039712,train_pix_recon,-0.007326556103570081
shapley-20260606T030556Z-a354347d,marginal,A,131,131,8.724972900003195,0.4206200071743556,0.4289775235312326,train_pix_recon,-0.008357516356876982
shapley-20260606T030556Z-a354347d,marginal,A,132,132,8.790743500001554,0.4311419469969613,0.4272566011973789,train_pix_recon,0.003885345799582385
shapley-20260606T030556Z-a354347d,marginal,A,133,133,8.859424400001444,0.4047729883875166,0.421298691204616,train_pix_recon,-0.01652570281709942
shapley-20260606T030556Z-a354347d,marginal,A,134,134,8.922341500001494,0.4320978948048183,0.4334020231451307,train_pix_recon,-0.0013041283403124049
shapley-20260606T030556Z-a354347d,marginal,A,135,135,8.993177600001218,0.4006521957261221,0.4200331909315927,train_pix_recon,-0.019380995205470597
shapley-20260606T030556Z-a354347d,marginal,A,136,136,9.057105000003505,0.4278351536818913,0.4219206741877964,train_pix_recon,0.005914479494094904
shapley-20260606T030556Z-a354347d,marginal,A,137,137,9.123582400003215,0.4148911706038883,0.4233945097242083,train_pix_recon,-0.008503339120319975
shapley-20260606T030556Z-a354347d,marginal,A,138,138,9.18839260000459,0.4089673161506653,0.4262411594390869,train_pix_recon,-0.01727384328842163
shapley-20260606T030556Z-a354347d,marginal,A,139,139,9.251449900006264,0.421989517552512,0.4181506080286843,train_pix_recon,0.003838909523827705
shapley-20260606T030556Z-a354347d,marginal,A,140,140,9.318261600004917,0.4093286948544638,0.414330848625728,train_pix_recon,-0.005002153771264173
shapley-20260606T030556Z-a354347d,marginal,A,141,141,9.38115970000581,0.4071422602449144,0.4299054060663496,train_pix_recon,-0.022763145821435182
shapley-20260606T030556Z-a354347d,marginal,A,142,142,9.448230200006948,0.408815724509103,0.4177067066941942,train_pix_recon,-0.008890982185091212
shapley-20260606T030556Z-a354347d,marginal,A,143,143,9.511682400006976,0.4091276228427887,0.4074516253811972,train_pix_recon,0.001675997461591472
shapley-20260606T030556Z-a354347d,marginal,A,144,144,9.578499800009013,0.4037644139357975,0.4250372946262359,train_pix_recon,-0.021272880690438423
shapley-20260606T030556Z-a354347d,marginal,A,145,145,9.645511500009889,0.4037475500788007,0.423649251461029,train_pix_recon,-0.0199017013822283
shapley-20260606T030556Z-a354347d,marginal,A,146,146,9.712502000009408,0.4159632410321917,0.412472265107291,train_pix_recon,0.0034909759249006633
shapley-20260606T030556Z-a354347d,marginal,A,147,147,9.778941100008524,0.4020136509622846,0.4136492184230259,train_pix_recon,-0.011635567460741292
shapley-20260606T030556Z-a354347d,marginal,A,148,148,9.8433743000096,0.411721157176154,0.4260105192661285,train_pix_recon,-0.0142893620899745
shapley-20260606T030556Z-a354347d,marginal,A,149,149,9.90979340000922,0.4033635769571577,0.4167296971593584,train_pix_recon,-0.013366120202200737
shapley-20260606T030556Z-a354347d,marginal,A,150,150,9.978401500011389,0.4049456374985831,0.4151499058519091,train_pix_recon,-0.010204268353325996
shapley-20260606T030556Z-a354347d,marginal,A,151,151,10.04098070001055,0.4026046437876565,0.4250944512231009,train_pix_recon,-0.02248980743544443
shapley-20260606T030556Z-a354347d,marginal,A,152,152,10.106677200008562,0.4017427010195596,0.4121873123305185,train_pix_recon,-0.010444611310958862
shapley-20260606T030556Z-a354347d,marginal,A,153,153,10.174253200006206,0.4076980820723942,0.4113827007157462,train_pix_recon,-0.0036846186433519557
shapley-20260606T030556Z-a354347d,marginal,A,154,154,10.238406200005556,0.4093909902232034,0.4203412915979113,train_pix_recon,-0.010950301374707871
shapley-20260606T030556Z-a354347d,marginal,A,155,155,10.304710400003389,0.403542731489454,0.4150771456105368,train_pix_recon,-0.011534414121082803
shapley-20260606T030556Z-a354347d,marginal,A,156,156,10.371441600003893,0.4071764733110155,0.4128199858324868,train_pix_recon,-0.005643512521471328
shapley-20260606T030556Z-a354347d,marginal,A,157,157,10.441842200001702,0.4015965589455196,0.4149335622787475,train_pix_recon,-0.013337003333227904
shapley-20260606T030556Z-a354347d,marginal,A,158,158,10.507875400002376,0.409795411995479,0.4179163617747171,train_pix_recon,-0.008120949779238107
shapley-20260606T030556Z-a354347d,marginal,A,159,159,10.574088700002903,0.4056780167988368,0.4193339731012072,train_pix_recon,-0.013655956302370376
shapley-20260606T030556Z-a354347d,marginal,A,160,160,10.642458700003772,0.4009279481002262,0.4092136791774204,train_pix_recon,-0.008285731077194214
shapley-20260606T030556Z-a354347d,marginal,A,161,161,10.708512600005632,0.4067908184868948,0.4116560689040592,train_pix_recon,-0.004865250417164402
shapley-20260606T030556Z-a354347d,marginal,A,162,162,10.77873260000706,0.4149090562547956,0.4117704629898071,train_pix_recon,0.003138593264988554
shapley-20260606T030556Z-a354347d,marginal,A,163,163,10.847189400006757,0.4090463987418583,0.4104210521493639,train_pix_recon,-0.0013746534075056438
shapley-20260606T030556Z-a354347d,marginal,A,164,164,10.91418940000949,0.4039744223867144,0.4216440532888685,train_pix_recon,-0.01766963090215412
shapley-20260606T030556Z-a354347d,marginal,A,165,165,10.977948400010064,0.4019432153020586,0.4137116968631744,train_pix_recon,-0.011768481561115762
shapley-20260606T030556Z-a354347d,marginal,A,166,166,11.043863300008525,0.3989816776343754,0.4084396617753165,train_pix_recon,-0.009457984140941067
shapley-20260606T030556Z-a354347d,marginal,A,167,167,11.111162700010029,0.4109794582639421,0.4110892627920423,train_pix_recon,-0.00010980452810016583
shapley-20260606T030556Z-a354347d,marginal,A,168,168,11.179574400008278,0.4075617364474705,0.4092264473438263,train_pix_recon,-0.001664710896355781
shapley-20260606T030556Z-a354347d,marginal,A,169,169,11.244683400007489,0.4041139824049813,0.410823323896953,train_pix_recon,-0.006709341491971665
shapley-20260606T030556Z-a354347d,marginal,A,170,170,11.30930320000698,0.4053786737578256,0.4195312602179391,train_pix_recon,-0.01415258646011347
shapley-20260606T030556Z-a354347d,marginal,A,171,171,11.374242000005324,0.4026756754943302,0.4152458523000989,train_pix_recon,-0.012570176805768718
shapley-20260606T030556Z-a354347d,marginal,A,172,172,11.44070250000368,0.3977998409952436,0.4209656885692051,train_pix_recon,-0.02316584757396145
shapley-20260606T030556Z-a354347d,marginal,A,173,173,11.512203700003738,0.4048821244921003,0.4095850459166935,train_pix_recon,-0.004702921424593165
shapley-20260606T030556Z-a354347d,marginal,A,174,174,11.587687600003846,0.404698759317398,0.4121433581624712,train_pix_recon,-0.007444598845073203
shapley-20260606T030556Z-a354347d,marginal,A,175,175,11.652692700004993,0.4084531026227133,0.4162815596376146,train_pix_recon,-0.007828457014901313
shapley-20260606T030556Z-a354347d,marginal,A,176,176,11.71855410000353,0.4087425342627934,0.4114850120885031,train_pix_recon,-0.0027424778257096882
shapley-20260606T030556Z-a354347d,marginal,A,177,177,11.786326700002974,0.4002807991845267,0.4131305600915636,train_pix_recon,-0.012849760907036933
shapley-20260606T030556Z-a354347d,marginal,A,178,178,11.85256550000122,0.4001786964280264,0.4203524504389082,train_pix_recon,-0.020173754010881784
shapley-20260606T030556Z-a354347d,marginal,A,179,179,11.918483400000696,0.3999417807374681,0.4157423206738063,train_pix_recon,-0.015800539936338176
shapley-20260606T030556Z-a354347d,marginal,A,180,180,11.985058800000845,0.3996690767151968,0.4126952333109719,train_pix_recon,-0.013026156595775107
shapley-20260606T030556Z-a354347d,marginal,A,181,181,12.050853600001574,0.4024583314146314,0.4145208299160003,train_pix_recon,-0.012062498501368923
shapley-20260606T030556Z-a354347d,marginal,A,182,182,12.118050199998834,0.4032443761825561,0.4193747937679291,train_pix_recon,-0.01613041758537298
shapley-20260606T030556Z-a354347d,marginal,A,183,183,12.185830700000224,0.4103501524244036,0.4125971836703164,train_pix_recon,-0.0022470312459128006
shapley-20260606T030556Z-a354347d,marginal,A,184,184,12.25300259999858,0.4063009875161307,0.415357300213405,train_pix_recon,-0.009056312697274305
shapley-20260606T030556Z-a354347d,marginal,A,185,185,12.317413199998557,0.4037706511361258,0.4191879970686776,train_pix_recon,-0.015417345932551785
shapley-20260606T030556Z-a354347d,marginal,A,186,186,12.38309179999851,0.3939008372170584,0.4109829110758645,train_pix_recon,-0.017082073858806113
shapley-20260606T030556Z-a354347d,marginal,A,187,187,12.449790199996642,0.4037595689296722,0.4068350664206913,train_pix_recon,-0.003075497491019097
shapley-20260606T030556Z-a354347d,marginal,A,188,188,12.51455619999615,0.4044961333274841,0.4026682504585811,train_pix_recon,0.0018278828689029525
shapley-20260606T030556Z-a354347d,marginal,A,189,189,12.580926999999065,0.3939141503402165,0.4086196039404188,train_pix_recon,-0.014705453600202312
shapley-20260606T030556Z-a354347d,marginal,A,190,190,12.643970499997522,0.3985360520226614,0.411629672561373,train_pix_recon,-0.013093620538711603
shapley-20260606T030556Z-a354347d,marginal,A,191,191,12.70858259999659,0.3982029940400804,0.4108204926763262,train_pix_recon,-0.012617498636245783
shapley-20260606T030556Z-a354347d,marginal,A,192,192,12.774791999996523,0.400584978716714,0.4071056459631239,train_pix_recon,-0.0065206672464098725
shapley-20260606T030556Z-a354347d,marginal,A,193,193,12.841151799995714,0.4016011697905404,0.4179145906652723,train_pix_recon,-0.01631342087473192
shapley-20260606T030556Z-a354347d,marginal,A,194,194,12.906922199996188,0.4056114937577929,0.4184871060507638,train_pix_recon,-0.012875612292970906
shapley-20260606T030556Z-a354347d,marginal,A,195,195,12.973513099994308,0.4068992095334189,0.4131278821400234,train_pix_recon,-0.0062286726066044795
shapley-20260606T030556Z-a354347d,marginal,A,196,196,13.037555299993985,0.4067015903336661,0.4152836927345821,train_pix_recon,-0.008582102400916003
shapley-20260606T030556Z-a354347d,marginal,A,197,197,13.100465199993778,0.4034283203738076,0.4107271220002855,train_pix_recon,-0.007298801626477891
shapley-20260606T030556Z-a354347d,marginal,A,198,198,13.16978549999112,0.4006312489509582,0.410185911825725,train_pix_recon,-0.009554662874766806
shapley-20260606T030556Z-a354347d,marginal,A,199,199,13.233177899990553,0.4053342597825186,0.4116810602801187,train_pix_recon,-0.0063468004976001136
shapley-20260606T030620Z-79544c07,conditional,A,0,0,0.2553858999999647,0.9704491410936628,0.9772982171603612,train_pix_recon,-0.0068490760666984896
shapley-20260606T030620Z-79544c07,conditional,A,1,1,0.3166135999999824,0.7583701951163155,0.7698809163911002,train_pix_recon,-0.011510721274784697
shapley-20260606T030620Z-79544c07,conditional,A,2,2,0.3799418000016885,0.6306123222623553,0.6274882129260472,train_pix_recon,0.003124109336308134
shapley-20260606T030620Z-79544c07,conditional,A,3,3,0.4408602000003156,0.5495069622993469,0.542477582182203,train_pix_recon,0.007029380117143935
shapley-20260606T030620Z-79544c07,conditional,A,4,4,0.5004961000013282,0.50852199111666,0.4739742321627481,train_pix_recon,0.03454775895391188
shapley-20260606T030620Z-79544c07,conditional,A,5,5,0.5608054000040283,0.470394628388541,0.4310399506773267,train_pix_recon,0.039354677711214314
shapley-20260606T030620Z-79544c07,conditional,A,6,6,0.6224972000054549,0.4431868919304439,0.4065536430903843,train_pix_recon,0.03663324884005964
shapley-20260606T030620Z-79544c07,conditional,A,7,7,0.6862001000044984,0.4170088001659938,0.3817576169967651,train_pix_recon,0.035251183169228706
shapley-20260606T030620Z-79544c07,conditional,A,8,8,0.7493268000034732,0.3896979817322322,0.3576505397047315,train_pix_recon,0.032047442027500705
shapley-20260606T030620Z-79544c07,conditional,A,9,9,0.8105863000018871,0.3686311159815107,0.3415068047387259,train_pix_recon,0.027124311242784804
shapley-20260606T030620Z-79544c07,conditional,A,10,10,0.8741866999989725,0.3520192461354391,0.326731583901814,train_pix_recon,0.025287662233625108
shapley-20260606T030620Z-79544c07,conditional,A,11,11,0.9396958999968774,0.3355773261615208,0.3157545839037214,train_pix_recon,0.019822742257799397
shapley-20260606T030620Z-79544c07,conditional,A,12,12,1.0040595999962534,0.3356907452855791,0.3218235799244472,train_pix_recon,0.013867165361131861
shapley-20260606T030620Z-79544c07,conditional,A,13,13,1.0646799999958605,0.3261474796703884,0.3136648493153708,train_pix_recon,0.012482630355017565
shapley-20260606T030620Z-79544c07,conditional,A,14,14,1.12435519999417,0.309482706444604,0.3019567728042602,train_pix_recon,0.007525933640343818
shapley-20260606T030620Z-79544c07,conditional,A,15,15,1.1838455999932194,0.3013763044561658,0.2910220154694148,train_pix_recon,0.010354288986751004
shapley-20260606T030620Z-79544c07,conditional,A,16,16,1.2436422999926435,0.2948832809925079,0.2861517965793609,train_pix_recon,0.008731484413146973
shapley-20260606T030620Z-79544c07,conditional,A,17,17,1.3046146999913617,0.2953940076487405,0.2891076930931636,train_pix_recon,0.006286314555576933
shapley-20260606T030620Z-79544c07,conditional,A,18,18,1.364057299990236,0.2875035618032728,0.2794046742575509,train_pix_recon,0.008098887545721911
shapley-20260606T030620Z-79544c07,conditional,A,19,19,1.4262235999885888,0.2802578636578151,0.2737556866237095,train_pix_recon,0.00650217703410555
shapley-20260606T030620Z-79544c07,conditional,A,20,20,1.49277299998721,0.2755315474101475,0.2718439400196075,train_pix_recon,0.0036876073905400264
shapley-20260606T030620Z-79544c07,conditional,A,21,21,1.5579975999862654,0.2813993351800101,0.278053309236254,train_pix_recon,0.0033460259437561035
shapley-20260606T030620Z-79544c07,conditional,A,22,22,1.6203530999846407,0.2764926680496761,0.2735076206071036,train_pix_recon,0.002985047442572497
shapley-20260606T030620Z-79544c07,conditional,A,23,23,1.6805679999815766,0.2698192639010293,0.2668432593345642,train_pix_recon,0.0029760045664650736
shapley-20260606T030620Z-79544c07,conditional,A,24,24,1.7400794999848586,0.2718769822801862,0.2707754416125161,train_pix_recon,0.0011015406676700978
shapley-20260606T030620Z-79544c07,conditional,A,25,25,1.7990248999849427,0.2728523782321385,0.2716480110372816,train_pix_recon,0.0012043671948568924
shapley-20260606T030620Z-79544c07,conditional,A,26,26,1.8629697999858763,0.2663609981536865,0.267311087676457,train_pix_recon,-0.0009500895227704809
shapley-20260606T030620Z-79544c07,conditional,A,27,27,1.9247086999857856,0.2676972406251089,0.2650582918098995,train_pix_recon,0.00263894881520943
shapley-20260606T030620Z-79544c07,conditional,A,28,28,1.989631799984636,0.2616338559559413,0.2643429807254246,train_pix_recon,-0.0027091247694833176
shapley-20260606T030620Z-79544c07,conditional,A,29,29,2.0544486999860965,0.2625915706157684,0.264952003955841,train_pix_recon,-0.002360433340072632
shapley-20260606T030620Z-79544c07,conditional,A,30,30,2.117121099985525,0.2620709453310285,0.264706232718059,train_pix_recon,-0.002635287387030505
shapley-20260606T030620Z-79544c07,conditional,A,31,31,2.177020099985384,0.2574485923562731,0.2601411598069327,train_pix_recon,-0.0026925674506596
shapley-20260606T030620Z-79544c07,conditional,A,32,32,2.236448599986033,0.2654967222894941,0.2615710667201451,train_pix_recon,0.00392565556934904
shapley-20260606T030620Z-79544c07,conditional,A,33,33,2.296183199985535,0.2606694187436785,0.2679891799177442,train_pix_recon,-0.0073197611740656865
shapley-20260606T030620Z-79544c07,conditional,A,34,34,2.357559799984301,0.2580118562494005,0.263504256095205,train_pix_recon,-0.005492399845804519
shapley-20260606T030620Z-79544c07,conditional,A,35,35,2.4199053999836906,0.2643107175827026,0.2649786898068019,train_pix_recon,-0.0006679722240993113
shapley-20260606T030620Z-79544c07,conditional,A,36,36,2.4820981999837386,0.2646405782018389,0.2622635662555694,train_pix_recon,0.0023770119462694916
shapley-20260606T030620Z-79544c07,conditional,A,37,37,2.5420340999844484,0.2659013654504503,0.2663035648209708,train_pix_recon,-0.00040219937052049515
shapley-20260606T030620Z-79544c07,conditional,A,38,38,2.603612199985946,0.2643071625913892,0.2671498826571873,train_pix_recon,-0.00284272006579811
shapley-20260606T030620Z-79544c07,conditional,A,39,39,2.6688552999876265,0.2603046596050262,0.2647465893200466,train_pix_recon,-0.004441929715020387
shapley-20260606T030620Z-79544c07,conditional,A,40,40,2.728960399985226,0.2652331633227212,0.2641810689653669,train_pix_recon,0.0010520943573542607
shapley-20260606T030620Z-79544c07,conditional,A,41,41,2.791099799986114,0.266071149281093,0.2633499758584158,train_pix_recon,0.002721173422677192
shapley-20260606T030620Z-79544c07,conditional,A,42,42,2.85465759998624,0.2704739102295467,0.2633549315588815,train_pix_recon,0.007118978670665188
shapley-20260606T030620Z-79544c07,conditional,A,43,43,2.914470399988204,0.2691376507282257,0.2669729207243238,train_pix_recon,0.0021647300039018824
shapley-20260606T030620Z-79544c07,conditional,A,44,44,2.9758183999911125,0.2693577323641096,0.2652668910367148,train_pix_recon,0.00409084132739479
shapley-20260606T030620Z-79544c07,conditional,A,45,45,3.035125699992932,0.2704094605786459,0.2672468083245413,train_pix_recon,0.0031626522541046143
shapley-20260606T030620Z-79544c07,conditional,A,46,46,3.09805339999366,0.2732177547046116,0.270699884210314,train_pix_recon,0.002517870494297636
shapley-20260606T030620Z-79544c07,conditional,A,47,47,3.167264899995644,0.2761054635047912,0.2714506898607526,train_pix_recon,0.004654773644038601
shapley-20260606T030620Z-79544c07,conditional,A,48,48,3.231928499997593,0.2795857276235308,0.2771051270621164,train_pix_recon,0.0024806005614144144
shapley-20260606T030620Z-79544c07,conditional,A,49,49,3.293452699996124,0.2808027735778263,0.2747861870697566,train_pix_recon,0.006016586508069688
shapley-20260606T030620Z-79544c07,conditional,A,50,50,3.3559492999957,0.2795671437467847,0.2778820395469665,train_pix_recon,0.0016851041998182104
shapley-20260606T030620Z-79544c07,conditional,A,51,51,3.416805099994235,0.2843457247529711,0.282915609223502,train_pix_recon,0.0014301155294690893
shapley-20260606T030620Z-79544c07,conditional,A,52,52,3.479519299995445,0.285233770098005,0.2849752306938171,train_pix_recon,0.00025853940418790744
shapley-20260606T030620Z-79544c07,conditional,A,53,53,3.544957899994188,0.2887086740561894,0.2872928764138903,train_pix_recon,0.0014157976422990992
shapley-20260606T030620Z-79544c07,conditional,A,54,54,3.604573899992829,0.2908045819827488,0.2866827079227992,train_pix_recon,0.004121874059949571
shapley-20260606T030620Z-79544c07,conditional,A,55,55,3.667973499992513,0.2904399122510637,0.2907061874866485,train_pix_recon,-0.0002662752355848119
shapley-20260606T030620Z-79544c07,conditional,A,56,56,3.729497899992566,0.2884836154324667,0.2937950023583003,train_pix_recon,-0.0053113869258336055
shapley-20260606T030620Z-79544c07,conditional,A,57,57,3.79063729999325,0.2896847214017595,0.2925692328384944,train_pix_recon,-0.0028845114367349045
shapley-20260606T030620Z-79544c07,conditional,A,58,58,3.8523856999927375,0.2938253028052194,0.294767677783966,train_pix_recon,-0.0009423749787466074
shapley-20260606T030620Z-79544c07,conditional,A,59,59,3.919084299992392,0.2930519112518855,0.2930514173848288,train_pix_recon,4.938670566945191e-07
shapley-20260606T030620Z-79544c07,conditional,A,60,60,3.983337099994969,0.2966152514730181,0.2976456071649279,train_pix_recon,-0.00103035569190979
shapley-20260606T030620Z-79544c07,conditional,A,61,61,4.0437534999946365,0.2982069168772016,0.2934935050351279,train_pix_recon,0.004713411842073689
shapley-20260606T030620Z-79544c07,conditional,A,62,62,4.105447299993102,0.3008406971182142,0.3018844936575208,train_pix_recon,-0.0010437965393065851
shapley-20260606T030620Z-79544c07,conditional,A,63,63,4.165605899990624,0.3003262281417846,0.3034789093903133,train_pix_recon,-0.003152681248528688
shapley-20260606T030620Z-79544c07,conditional,A,64,64,4.225735499989241,0.3023245419774736,0.3026893990380423,train_pix_recon,-0.0003648570605687129
shapley-20260606T030620Z-79544c07,conditional,A,65,65,4.290433499987557,0.3039281112807138,0.3057341320174081,train_pix_recon,-0.001806020736694336
shapley-20260606T030620Z-79544c07,conditional,A,66,66,4.3547772999882,0.3082263427121298,0.308688006230763,train_pix_recon,-0.000461663518633193
shapley-20260606T030620Z-79544c07,conditional,A,67,67,4.419294999988779,0.3113880966390882,0.3124463047300066,train_pix_recon,-0.0010582080909184444
shapley-20260606T030620Z-79544c07,conditional,A,68,68,4.482571999989887,0.3089331601347242,0.3114987058298928,train_pix_recon,-0.0025655456951685918
shapley-20260606T030620Z-79544c07,conditional,A,69,69,4.543192099990847,0.3112830817699432,0.313543758222035,train_pix_recon,-0.0022606764520918254
shapley-20260606T030620Z-79544c07,conditional,A,70,70,4.603665899991029,0.3127646701676504,0.3165579736232757,train_pix_recon,-0.0037933034556252854
shapley-20260606T030620Z-79544c07,conditional,A,71,71,4.665198299990152,0.3188836531979697,0.3142777213028499,train_pix_recon,0.004605931895119764
shapley-20260606T030620Z-79544c07,conditional,A,72,72,4.728291199990053,0.3198429814406803,0.3198482947690146,train_pix_recon,-5.313328334310974e-06
shapley-20260606T030620Z-79544c07,conditional,A,73,73,4.792732099987916,0.3256642350128719,0.3196668752602168,train_pix_recon,0.005997359752655085
shapley-20260606T030620Z-79544c07,conditional,A,74,74,4.855854299989005,0.3271834424563816,0.3222672172955104,train_pix_recon,0.0049162251608712015
shapley-20260606T030620Z-79544c07,conditional,A,75,75,4.918761999990238,0.3291452399321964,0.3311327482972826,train_pix_recon,-0.00198750836508621
shapley-20260606T030620Z-79544c07,conditional,A,76,76,4.979895599990414,0.3296012708118984,0.3303405940532684,train_pix_recon,-0.0007393232413699935
shapley-20260606T030620Z-79544c07,conditional,A,77,77,5.045743299990136,0.3279691636562347,0.326533202614103,train_pix_recon,0.0014359610421316726
shapley-20260606T030620Z-79544c07,conditional,A,78,78,5.106811399989965,0.3335731668131692,0.330398108278002,train_pix_recon,0.0031750585351671967
shapley-20260606T030620Z-79544c07,conditional,A,79,79,5.1671105999921565,0.3344874850341252,0.3336791225842067,train_pix_recon,0.0008083624499184983
shapley-20260606T030620Z-79544c07,conditional,A,80,80,5.226335699993797,0.3346924015453884,0.3360859368528638,train_pix_recon,-0.0013935353074754353
shapley-20260606T030620Z-79544c07,conditional,A,81,81,5.285446999994747,0.335602445261819,0.3445270614964621,train_pix_recon,-0.008924616234643135
shapley-20260606T030620Z-79544c07,conditional,A,82,82,5.345101399994746,0.3423245166029249,0.3418259748390743,train_pix_recon,0.0004985417638506129
shapley-20260606T030620Z-79544c07,conditional,A,83,83,5.408394599995518,0.3369298236710684,0.3416118749550411,train_pix_recon,-0.004682051283972699
shapley-20260606T030620Z-79544c07,conditional,A,84,84,5.476169399993523,0.3436308418001447,0.350125355379922,train_pix_recon,-0.006494513579777317
shapley-20260606T030620Z-79544c07,conditional,A,85,85,5.538906399993721,0.3389168637139456,0.3529485634395054,train_pix_recon,-0.014031699725559843
shapley-20260606T030620Z-79544c07,conditional,A,86,86,5.603870299994014,0.3477689836706434,0.3455938143389566,train_pix_recon,0.0021751693316868215
shapley-20260606T030620Z-79544c07,conditional,A,87,87,5.67006959999344,0.3510374469416482,0.3568821932588304,train_pix_recon,-0.005844746317182237
shapley-20260606T030620Z-79544c07,conditional,A,88,88,5.73208149999482,0.3548056781291961,0.354237790618624,train_pix_recon,0.0005678875105721293
shapley-20260606T030620Z-79544c07,conditional,A,89,89,5.791506399993523,0.3530057157788958,0.360833751303809,train_pix_recon,-0.007828035524913235
shapley-20260606T030620Z-79544c07,conditional,A,90,90,5.859468499995273,0.350424804857799,0.364729289497648,train_pix_recon,-0.014304484639849013
shapley-20260606T030620Z-79544c07,conditional,A,91,91,5.924115599995275,0.3516952693462372,0.3594731049878256,train_pix_recon,-0.007777835641588404
shapley-20260606T030620Z-79544c07,conditional,A,92,92,5.989175799993973,0.3558240234851837,0.3671493317399706,train_pix_recon,-0.011325308254786892
shapley-20260606T030620Z-79544c07,conditional,A,93,93,6.056919999995444,0.3537418416568211,0.3685813759054456,train_pix_recon,-0.014839534248624497
shapley-20260606T030620Z-79544c07,conditional,A,94,94,6.1199673999944935,0.3609330483845302,0.3675761478287833,train_pix_recon,-0.006643099444253064
shapley-20260606T030620Z-79544c07,conditional,A,95,95,6.18609619999188,0.3589205656732832,0.3771504632064274,train_pix_recon,-0.018229897533144246
shapley-20260606T030620Z-79544c07,conditional,A,96,96,6.255829799989442,0.3605534562042781,0.3681071400642395,train_pix_recon,-0.007553683859961413
shapley-20260606T030620Z-79544c07,conditional,A,97,97,6.322275099988474,0.3649622968264988,0.3759380110672542,train_pix_recon,-0.010975714240755441
shapley-20260606T030620Z-79544c07,conditional,A,98,98,6.392221399990376,0.3736620885985238,0.3719402509076254,train_pix_recon,0.0017218376908983979
shapley-20260606T030620Z-79544c07,conditional,A,99,99,6.457267499990849,0.3686134602342333,0.3752419650554657,train_pix_recon,-0.006628504821232395
shapley-20260606T030620Z-79544c07,conditional,A,100,100,6.521538299992244,0.3682729687009539,0.3778653740882873,train_pix_recon,-0.009592405387333414
shapley-20260606T030620Z-79544c07,conditional,A,101,101,6.584502599991538,0.3679878967148917,0.3795617861407144,train_pix_recon,-0.011573889425822714
shapley-20260606T030620Z-79544c07,conditional,A,102,102,6.648982299990166,0.3769148077283586,0.3751239478588104,train_pix_recon,0.0017908598695481892
shapley-20260606T030620Z-79544c07,conditional,A,103,103,6.714561799992225,0.3732863196304866,0.3831191914422171,train_pix_recon,-0.009832871811730537
shapley-20260606T030620Z-79544c07,conditional,A,104,104,6.783100299991929,0.3795611730643681,0.379789399249213,train_pix_recon,-0.0002282261848449152
shapley-20260606T030620Z-79544c07,conditional,A,105,105,6.849576999989949,0.375365959746497,0.3830802696091788,train_pix_recon,-0.00771430986268179
shapley-20260606T030620Z-79544c07,conditional,A,106,106,6.914878899988253,0.3724679010254996,0.3940975069999695,train_pix_recon,-0.02162960597446989
shapley-20260606T030620Z-79544c07,conditional,A,107,107,6.981558199986466,0.3811298395906176,0.3859784305095672,train_pix_recon,-0.004848590918949625
shapley-20260606T030620Z-79544c07,conditional,A,108,108,7.048881299986533,0.3797971052782876,0.3988849009786333,train_pix_recon,-0.019087795700345744
shapley-20260606T030620Z-79544c07,conditional,A,109,109,7.118729299985716,0.3816737617765154,0.3924667707511357,train_pix_recon,-0.010793008974620266
shapley-20260606T030620Z-79544c07,conditional,A,110,110,7.1852859999853536,0.3930356545107705,0.4020310512610844,train_pix_recon,-0.008995396750313911
shapley-20260606T030620Z-79544c07,conditional,A,111,111,7.249998999985109,0.381281567471368,0.3980822009699685,train_pix_recon,-0.016800633498600503
shapley-20260606T030620Z-79544c07,conditional,A,112,112,7.31637319998481,0.3969274844442095,0.3989528545311519,train_pix_recon,-0.002025370086942424
shapley-20260606T030620Z-79544c07,conditional,A,113,113,7.387342599984549,0.3937485260622842,0.4036115195069994,train_pix_recon,-0.009862993444715196
shapley-20260606T030620Z-79544c07,conditional,A,114,114,7.452360999985103,0.3969759855951582,0.398769165788378,train_pix_recon,-0.0017931801932198344
shapley-20260606T030620Z-79544c07,conditional,A,115,115,7.518884099983552,0.3976951156343732,0.4019982091018131,train_pix_recon,-0.0043030934674399
shapley-20260606T030620Z-79544c07,conditional,A,116,116,7.590129899981548,0.4068844871861594,0.4093196604933057,train_pix_recon,-0.002435173307146321
shapley-20260606T030620Z-79544c07,conditional,A,117,117,7.659034499982226,0.4002609848976135,0.4114768419946943,train_pix_recon,-0.011215857097080784
shapley-20260606T030620Z-79544c07,conditional,A,118,118,7.728592399980698,0.4020000057561056,0.417091292994363,train_pix_recon,-0.015091287238257367
shapley-20260606T030620Z-79544c07,conditional,A,119,119,7.796590099980676,0.400766657931464,0.4154770629746573,train_pix_recon,-0.01471040504319332
shapley-20260606T030620Z-79544c07,conditional,A,120,120,7.868324299979577,0.4121966021401541,0.4086600882666452,train_pix_recon,0.0035365138735088952
shapley-20260606T030620Z-79544c07,conditional,A,121,121,7.935321099979774,0.4202460859503065,0.4216988725321633,train_pix_recon,-0.0014527865818568242
shapley-20260606T030620Z-79544c07,conditional,A,122,122,7.997852799981047,0.4172152280807495,0.423153349331447,train_pix_recon,-0.005938121250697481
shapley-20260606T030620Z-79544c07,conditional,A,123,123,8.061042399982398,0.420447255883898,0.4309693489755903,train_pix_recon,-0.01052209309169233
shapley-20260606T030620Z-79544c07,conditional,A,124,124,8.13330229998246,0.4289741601262773,0.4386630654335022,train_pix_recon,-0.009688905307224882
shapley-20260606T030620Z-79544c07,conditional,A,125,125,8.207013499981258,0.4237211942672729,0.4298821176801409,train_pix_recon,-0.006160923412868002
shapley-20260606T030620Z-79544c07,conditional,A,126,126,8.275009199980559,0.4333079585007259,0.4438809880188533,train_pix_recon,-0.010573029518127386
shapley-20260606T030620Z-79544c07,conditional,A,127,127,8.347552299979725,0.4162699707916805,0.424773952790669,train_pix_recon,-0.008503981998988497
shapley-20260606T030620Z-79544c07,conditional,A,128,128,8.427094299979217,0.429918714932033,0.4336221899305071,train_pix_recon,-0.003703474998474121
shapley-20260606T030620Z-79544c07,conditional,A,129,129,8.515856999980315,0.4079308041504451,0.4314462840557098,train_pix_recon,-0.023515479905264702
shapley-20260606T030620Z-79544c07,conditional,A,130,130,8.606899799982784,0.437395909002849,0.4305774016039712,train_pix_recon,0.006818507398877849
shapley-20260606T030620Z-79544c07,conditional,A,131,131,8.703138599979866,0.4154616892337799,0.4289775235312326,train_pix_recon,-0.013515834297452678
shapley-20260606T030620Z-79544c07,conditional,A,132,132,8.794105099979788,0.4318451625960214,0.4272566011973789,train_pix_recon,0.004588561398642499
shapley-20260606T030620Z-79544c07,conditional,A,133,133,8.860658099980355,0.4191972357886178,0.421298691204616,train_pix_recon,-0.00210145541599821
shapley-20260606T030620Z-79544c07,conditional,A,134,134,8.925780599980499,0.4208645352295467,0.4334020231451307,train_pix_recon,-0.012537487915584011
shapley-20260606T030620Z-79544c07,conditional,A,135,135,8.996244599980855,0.4191282732146127,0.4200331909315927,train_pix_recon,-0.0009049177169799805
shapley-20260606T030620Z-79544c07,conditional,A,136,136,9.06818619998012,0.4237208536693028,0.4219206741877964,train_pix_recon,0.0018001794815064032
shapley-20260606T030620Z-79544c07,conditional,A,137,137,9.138905999978306,0.4222971584115709,0.4233945097242083,train_pix_recon,-0.0010973513126373846
shapley-20260606T030620Z-79544c07,conditional,A,138,138,9.205504399978963,0.4194844279970441,0.4262411594390869,train_pix_recon,-0.006756731442042807
shapley-20260606T030620Z-79544c07,conditional,A,139,139,9.270017499977255,0.4064634527478899,0.4181506080286843,train_pix_recon,-0.011687155280794392
shapley-20260606T030620Z-79544c07,conditional,A,140,140,9.33842509997703,0.430957738842283,0.414330848625728,train_pix_recon,0.016626890216555
shapley-20260606T030620Z-79544c07,conditional,A,141,141,9.40156379997643,0.4038805280412946,0.4299054060663496,train_pix_recon,-0.026024878025054987
shapley-20260606T030620Z-79544c07,conditional,A,142,142,9.471995599975344,0.4270264293466295,0.4177067066941942,train_pix_recon,0.009319722652435303
shapley-20260606T030620Z-79544c07,conditional,A,143,143,9.546723199971892,0.4061654337814876,0.4074516253811972,train_pix_recon,-0.0012861915997096074
shapley-20260606T030620Z-79544c07,conditional,A,144,144,9.61719629997242,0.4241675734519958,0.4250372946262359,train_pix_recon,-0.0008697211742401123
shapley-20260606T030620Z-79544c07,conditional,A,145,145,9.68803439997282,0.408006089074271,0.423649251461029,train_pix_recon,-0.015643162386758003
shapley-20260606T030620Z-79544c07,conditional,A,146,146,9.751443899971491,0.4218996380056654,0.412472265107291,train_pix_recon,0.009427372898374364
shapley-20260606T030620Z-79544c07,conditional,A,147,147,9.819251099972462,0.4170456826686859,0.4136492184230259,train_pix_recon,0.003396464245660036
shapley-20260606T030620Z-79544c07,conditional,A,148,148,9.8903314999734,0.4084908664226532,0.4260105192661285,train_pix_recon,-0.017519652843475286
shapley-20260606T030620Z-79544c07,conditional,A,149,149,9.965337799974805,0.4226024534021105,0.4167296971593584,train_pix_recon,0.005872756242752075
shapley-20260606T030620Z-79544c07,conditional,A,150,150,10.044399599973984,0.4168006820338113,0.4151499058519091,train_pix_recon,0.001650776181902236
shapley-20260606T030620Z-79544c07,conditional,A,151,151,10.119110699972223,0.4067162105015346,0.4250944512231009,train_pix_recon,-0.018378240721566297
shapley-20260606T030620Z-79544c07,conditional,A,152,152,10.188679399972898,0.4182951237474169,0.4121873123305185,train_pix_recon,0.006107811416898423
shapley-20260606T030620Z-79544c07,conditional,A,153,153,10.260028799973952,0.4130690608705793,0.4113827007157462,train_pix_recon,0.0016863601548331442
shapley-20260606T030620Z-79544c07,conditional,A,154,154,10.33400229997278,0.4012994425637381,0.4203412915979113,train_pix_recon,-0.019041849034173164
shapley-20260606T030620Z-79544c07,conditional,A,155,155,10.40129929997056,0.4056609911578042,0.4150771456105368,train_pix_recon,-0.009416154452732639
shapley-20260606T030620Z-79544c07,conditional,A,156,156,10.465083899973251,0.4090930691787174,0.4128199858324868,train_pix_recon,-0.0037269166537693965
shapley-20260606T030620Z-79544c07,conditional,A,157,157,10.531971499975043,0.4191134827477591,0.4149335622787475,train_pix_recon,0.004179920469011611
shapley-20260606T030620Z-79544c07,conditional,A,158,158,10.597638499973982,0.3989925512245723,0.4179163617747171,train_pix_recon,-0.018923810550144804
shapley-20260606T030620Z-79544c07,conditional,A,159,159,10.66235059997416,0.4108477618013109,0.4193339731012072,train_pix_recon,-0.008486211299896296
shapley-20260606T030620Z-79544c07,conditional,A,160,160,10.735511299972131,0.3993896629129137,0.4092136791774204,train_pix_recon,-0.009824016264506685
shapley-20260606T030620Z-79544c07,conditional,A,161,161,10.80138179997448,0.406410596200398,0.4116560689040592,train_pix_recon,-0.005245472703661214
shapley-20260606T030620Z-79544c07,conditional,A,162,162,10.868060099975992,0.4121790996619633,0.4117704629898071,train_pix_recon,0.00040863667215623733
shapley-20260606T030620Z-79544c07,conditional,A,163,163,10.933786799978408,0.4042974880763462,0.4104210521493639,train_pix_recon,-0.006123564073017729
shapley-20260606T030620Z-79544c07,conditional,A,164,164,11.00022159998116,0.4105103697095598,0.4216440532888685,train_pix_recon,-0.011133683579308717
shapley-20260606T030620Z-79544c07,conditional,A,165,165,11.069827199982685,0.4042789297444479,0.4137116968631744,train_pix_recon,-0.009432767118726482
shapley-20260606T030620Z-79544c07,conditional,A,166,166,11.135370099982538,0.3994673831122262,0.4084396617753165,train_pix_recon,-0.008972278663090305
shapley-20260606T030620Z-79544c07,conditional,A,167,167,11.209576199980802,0.4158594097409929,0.4110892627920423,train_pix_recon,0.004770146948950615
shapley-20260606T030620Z-79544c07,conditional,A,168,168,11.280500799981382,0.4114022510392325,0.4092264473438263,train_pix_recon,0.0021758036954062088
shapley-20260606T030620Z-79544c07,conditional,A,169,169,11.345605999980762,0.4012755921908787,0.410823323896953,train_pix_recon,-0.009547731706074258
shapley-20260606T030620Z-79544c07,conditional,A,170,170,11.410094199982268,0.401532986334392,0.4195312602179391,train_pix_recon,-0.017998273883547078
shapley-20260606T030620Z-79544c07,conditional,A,171,171,11.474504799982242,0.4106137667383466,0.4152458523000989,train_pix_recon,-0.004632085561752319
shapley-20260606T030620Z-79544c07,conditional,A,172,172,11.545602999980474,0.403985287461962,0.4209656885692051,train_pix_recon,-0.01698040110724308
shapley-20260606T030620Z-79544c07,conditional,A,173,173,11.62144879997868,0.4021770783833095,0.4095850459166935,train_pix_recon,-0.007407967533383963
shapley-20260606T030620Z-79544c07,conditional,A,174,174,11.691897199976664,0.4037987376962389,0.4121433581624712,train_pix_recon,-0.0083446204662323
shapley-20260606T030620Z-79544c07,conditional,A,175,175,11.758712899976672,0.4047300091811588,0.4162815596376146,train_pix_recon,-0.011551550456455784
shapley-20260606T030620Z-79544c07,conditional,A,176,176,11.824015299975144,0.4089989875044141,0.4114850120885031,train_pix_recon,-0.002486024584088975
shapley-20260606T030620Z-79544c07,conditional,A,177,177,11.888159499972971,0.4030510485172272,0.4131305600915636,train_pix_recon,-0.010079511574336453
shapley-20260606T030620Z-79544c07,conditional,A,178,178,11.953490999974749,0.4046140994344439,0.4203524504389082,train_pix_recon,-0.0157383510044643
shapley-20260606T030620Z-79544c07,conditional,A,179,179,12.02137629997378,0.4111345410346985,0.4157423206738063,train_pix_recon,-0.004607779639107801
shapley-20260606T030620Z-79544c07,conditional,A,180,180,12.090966199972172,0.4088550848620279,0.4126952333109719,train_pix_recon,-0.0038401484489440363
shapley-20260606T030620Z-79544c07,conditional,A,181,181,12.158645999974397,0.3968713113239833,0.4145208299160003,train_pix_recon,-0.01764951859201702
shapley-20260606T030620Z-79544c07,conditional,A,182,182,12.221863699975074,0.409275757414954,0.4193747937679291,train_pix_recon,-0.0100990363529751
shapley-20260606T030620Z-79544c07,conditional,A,183,183,12.29019299997526,0.4101555219718388,0.4125971836703164,train_pix_recon,-0.002441661698477593
shapley-20260606T030620Z-79544c07,conditional,A,184,184,12.35745789997236,0.4032329150608608,0.415357300213405,train_pix_recon,-0.012124385152544215
shapley-20260606T030620Z-79544c07,conditional,A,185,185,12.421201099972675,0.3988345350537981,0.4191879970686776,train_pix_recon,-0.020353462014879475
shapley-20260606T030620Z-79544c07,conditional,A,186,186,12.484375599971829,0.4076045410973685,0.4109829110758645,train_pix_recon,-0.0033783699784959986
shapley-20260606T030620Z-79544c07,conditional,A,187,187,12.551177299970732,0.4063394452844347,0.4068350664206913,train_pix_recon,-0.0004956211362565632
shapley-20260606T030620Z-79544c07,conditional,A,188,188,12.618823999971935,0.4067352030958448,0.4026682504585811,train_pix_recon,0.004066952637263699
shapley-20260606T030620Z-79544c07,conditional,A,189,189,12.685204199973668,0.4042827870164598,0.4086196039404188,train_pix_recon,-0.004336816923958986
shapley-20260606T030620Z-79544c07,conditional,A,190,190,12.748268499974074,0.4102957717009953,0.411629672561373,train_pix_recon,-0.0013339008603777125
shapley-20260606T030620Z-79544c07,conditional,A,191,191,12.81648339997264,0.4050136378833225,0.4108204926763262,train_pix_recon,-0.005806854793003691
shapley-20260606T030620Z-79544c07,conditional,A,192,192,12.883733199971177,0.4068417421409062,0.4071056459631239,train_pix_recon,-0.0002639038222176926
shapley-20260606T030620Z-79544c07,conditional,A,193,193,12.949218699970515,0.4017787533146994,0.4179145906652723,train_pix_recon,-0.01613583735057289
shapley-20260606T030620Z-79544c07,conditional,A,194,194,13.014148199970805,0.3981385316167559,0.4184871060507638,train_pix_recon,-0.020348574434007893
shapley-20260606T030620Z-79544c07,conditional,A,195,195,13.080591799971444,0.4043676938329424,0.4131278821400234,train_pix_recon,-0.008760188307080974
shapley-20260606T030620Z-79544c07,conditional,A,196,196,13.144333399970492,0.4101097668920244,0.4152836927345821,train_pix_recon,-0.005173925842557714
shapley-20260606T030620Z-79544c07,conditional,A,197,197,13.210978199971578,0.4009385662419455,0.4107271220002855,train_pix_recon,-0.009788555758339978
shapley-20260606T030620Z-79544c07,conditional,A,198,198,13.27736429997094,0.4003198189394815,0.410185911825725,train_pix_recon,-0.009866092886243516
shapley-20260606T030620Z-79544c07,conditional,A,199,199,13.343827499971669,0.4026703493935721,0.4116810602801187,train_pix_recon,-0.009010710886546591
shapley-20260606T030531Z-d8b90fc2,baseline,A,0,0,0.2511475999999675,0.8267925083637238,0.8590483963489532,test_pix_recon,-0.03225588798522949
shapley-20260606T030531Z-d8b90fc2,baseline,A,1,1,0.3163929000002099,0.6439214050769806,0.6689461171627045,test_pix_recon,-0.025024712085723877
shapley-20260606T030531Z-d8b90fc2,baseline,A,2,2,0.3759425000025658,0.5597875416278839,0.5751940011978149,test_pix_recon,-0.01540645956993103
shapley-20260606T030531Z-d8b90fc2,baseline,A,3,3,0.4426608000030683,0.5083618462085724,0.5041796416044235,test_pix_recon,0.004182204604148865
shapley-20260606T030531Z-d8b90fc2,baseline,A,4,4,0.5049531000040588,0.4767311364412308,0.4566518068313598,test_pix_recon,0.020079329609870966
shapley-20260606T030531Z-d8b90fc2,baseline,A,5,5,0.5671753000024182,0.4470143914222717,0.4262557923793793,test_pix_recon,0.0207585990428924
shapley-20260606T030531Z-d8b90fc2,baseline,A,6,6,0.6284998000046471,0.4193582981824875,0.3999930173158645,test_pix_recon,0.01936528086662298
shapley-20260606T030531Z-d8b90fc2,baseline,A,7,7,0.6900957000070775,0.395221009850502,0.3800883889198303,test_pix_recon,0.015132620930671692
shapley-20260606T030531Z-d8b90fc2,baseline,A,8,8,0.7494071000073745,0.3773036003112793,0.3618119657039642,test_pix_recon,0.015491634607315119
shapley-20260606T030531Z-d8b90fc2,baseline,A,9,9,0.8114906000082556,0.3640541583299637,0.3487929403781891,test_pix_recon,0.015261217951774597
shapley-20260606T030531Z-d8b90fc2,baseline,A,10,10,0.8717205000102695,0.3515634685754776,0.338895782828331,test_pix_recon,0.012667685747146606
shapley-20260606T030531Z-d8b90fc2,baseline,A,11,11,0.9333835000106774,0.3429532200098037,0.3309932500123977,test_pix_recon,0.011959969997406006
shapley-20260606T030531Z-d8b90fc2,baseline,A,12,12,0.9971002000129374,0.3392010033130646,0.3306990563869476,test_pix_recon,0.008501946926116999
shapley-20260606T030531Z-d8b90fc2,baseline,A,13,13,1.0577166000111902,0.3320940434932709,0.3207688778638839,test_pix_recon,0.011325165629386957
shapley-20260606T030531Z-d8b90fc2,baseline,A,14,14,1.117318400010845,0.3243859708309173,0.3161833882331848,test_pix_recon,0.008202582597732488
shapley-20260606T030531Z-d8b90fc2,baseline,A,15,15,1.1803393000118376,0.3202368915081024,0.3098273128271103,test_pix_recon,0.010409578680992126
shapley-20260606T030531Z-d8b90fc2,baseline,A,16,16,1.2433756000100402,0.3173794150352478,0.3074965476989746,test_pix_recon,0.009882867336273193
shapley-20260606T030531Z-d8b90fc2,baseline,A,17,17,1.3046286000098917,0.3128727227449417,0.3042063266038894,test_pix_recon,0.008666396141052302
shapley-20260606T030531Z-d8b90fc2,baseline,A,18,18,1.3650011000099769,0.3092692047357559,0.3018587529659271,test_pix_recon,0.007410451769828796
shapley-20260606T030531Z-d8b90fc2,baseline,A,19,19,1.4257260000085807,0.3056078106164932,0.2964080274105072,test_pix_recon,0.009199783205986023
shapley-20260606T030531Z-d8b90fc2,baseline,A,20,20,1.4869021000085922,0.3046657890081405,0.2961699515581131,test_pix_recon,0.00849583745002741
shapley-20260606T030531Z-d8b90fc2,baseline,A,21,21,1.5514335000079882,0.3039047569036484,0.2948432862758636,test_pix_recon,0.009061470627784785
shapley-20260606T030531Z-d8b90fc2,baseline,A,22,22,1.6136565000088012,0.3016542792320251,0.2929317951202392,test_pix_recon,0.008722484111785889
shapley-20260606T030531Z-d8b90fc2,baseline,A,23,23,1.694633300008718,0.301577016711235,0.2906709462404251,test_pix_recon,0.010906070470809881
shapley-20260606T030531Z-d8b90fc2,baseline,A,24,24,1.7890231000092172,0.2994379252195358,0.2909484356641769,test_pix_recon,0.008489489555358942
shapley-20260606T030531Z-d8b90fc2,baseline,A,25,25,1.873874100008834,0.3003893345594406,0.2896625399589538,test_pix_recon,0.010726794600486811
shapley-20260606T030531Z-d8b90fc2,baseline,A,26,26,1.95620210000925,0.3016604632139206,0.2881434261798858,test_pix_recon,0.013517037034034785
shapley-20260606T030531Z-d8b90fc2,baseline,A,27,27,2.030190000008588,0.296440377831459,0.2871936410665512,test_pix_recon,0.009246736764907781
shapley-20260606T030531Z-d8b90fc2,baseline,A,28,28,2.1040033000062976,0.2944004833698272,0.2882074564695358,test_pix_recon,0.006193026900291387
shapley-20260606T030531Z-d8b90fc2,baseline,A,29,29,2.173253000004479,0.2929063588380813,0.2891432046890259,test_pix_recon,0.0037631541490554254
shapley-20260606T030531Z-d8b90fc2,baseline,A,30,30,2.239217400005145,0.2890531122684479,0.2863882184028625,test_pix_recon,0.0026648938655853827
shapley-20260606T030531Z-d8b90fc2,baseline,A,31,31,2.319367300005979,0.2906454056501388,0.2845952659845352,test_pix_recon,0.006050139665603582
shapley-20260606T030531Z-d8b90fc2,baseline,A,32,32,2.3995997000056377,0.2919052988290787,0.2854931652545929,test_pix_recon,0.006412133574485779
shapley-20260606T030531Z-d8b90fc2,baseline,A,33,33,2.4844582000041555,0.2901719063520431,0.2841659784317016,test_pix_recon,0.006005927920341492
shapley-20260606T030531Z-d8b90fc2,baseline,A,34,34,2.5746009000031336,0.2922142446041107,0.2850107401609421,test_pix_recon,0.00720350444316864
shapley-20260606T030531Z-d8b90fc2,baseline,A,35,35,2.6630008000029197,0.2910432070493698,0.2827357649803161,test_pix_recon,0.008307442069053705
shapley-20260606T030531Z-d8b90fc2,baseline,A,36,36,2.749094500002684,0.2896427512168884,0.2832061946392059,test_pix_recon,0.006436556577682551
shapley-20260606T030531Z-d8b90fc2,baseline,A,37,37,2.8292210000035998,0.2882969677448272,0.2824025601148605,test_pix_recon,0.005894407629966736
shapley-20260606T030531Z-d8b90fc2,baseline,A,38,38,2.914792600004148,0.2866741418838501,0.2824441492557525,test_pix_recon,0.00422999262809759
shapley-20260606T030531Z-d8b90fc2,baseline,A,39,39,3.0007897000068624,0.2867880910634994,0.2841870188713074,test_pix_recon,0.002601072192192022
shapley-20260606T030531Z-d8b90fc2,baseline,A,40,40,3.090882100004819,0.2878111600875854,0.2821086645126343,test_pix_recon,0.005702495574951116
shapley-20260606T030531Z-d8b90fc2,baseline,A,41,41,3.187972900006571,0.2884673625230789,0.2820822298526764,test_pix_recon,0.006385132670402527
shapley-20260606T030531Z-d8b90fc2,baseline,A,42,42,3.275073800006794,0.2864288985729217,0.2805270105600357,test_pix_recon,0.005901888012885992
shapley-20260606T030531Z-d8b90fc2,baseline,A,43,43,3.3605706000053037,0.2858425676822662,0.2801911979913711,test_pix_recon,0.005651369690895081
shapley-20260606T030531Z-d8b90fc2,baseline,A,44,44,3.447592900007294,0.2855740338563919,0.2791588455438614,test_pix_recon,0.006415188312530518
shapley-20260606T030531Z-d8b90fc2,baseline,A,45,45,3.532136600006197,0.2879356890916824,0.2782912403345108,test_pix_recon,0.009644448757171575
shapley-20260606T030531Z-d8b90fc2,baseline,A,46,46,3.6151835000055135,0.2886015623807907,0.2805266082286834,test_pix_recon,0.008074954152107294
shapley-20260606T030531Z-d8b90fc2,baseline,A,47,47,3.699544600007357,0.2881046831607818,0.2809954732656479,test_pix_recon,0.007109209895133917
shapley-20260606T030531Z-d8b90fc2,baseline,A,48,48,3.78690290000668,0.2885790914297104,0.2780429124832153,test_pix_recon,0.010536178946495112
shapley-20260606T030531Z-d8b90fc2,baseline,A,49,49,3.862376100005349,0.2908903211355209,0.2801528871059418,test_pix_recon,0.010737434029579107
shapley-20260606T030531Z-d8b90fc2,baseline,A,50,50,3.940154600004462,0.2854689806699753,0.2833704203367233,test_pix_recon,0.002098560333251953
shapley-20260606T030531Z-d8b90fc2,baseline,A,51,51,4.013533600005758,0.2851116508245468,0.2806025296449661,test_pix_recon,0.0045091211795806885
shapley-20260606T030531Z-d8b90fc2,baseline,A,52,52,4.085727400008182,0.2868859320878982,0.2810283750295639,test_pix_recon,0.005857557058334295
shapley-20260606T030531Z-d8b90fc2,baseline,A,53,53,4.159452200008673,0.2887478768825531,0.2814239412546158,test_pix_recon,0.007323935627937317
shapley-20260606T030531Z-d8b90fc2,baseline,A,54,54,4.230596400007926,0.2877709120512008,0.2801330834627151,test_pix_recon,0.007637828588485718
shapley-20260606T030531Z-d8b90fc2,baseline,A,55,55,4.297937000006641,0.2909802794456482,0.2814357131719589,test_pix_recon,0.00954456627368927
shapley-20260606T030531Z-d8b90fc2,baseline,A,56,56,4.360931800008984,0.2878548800945282,0.285773366689682,test_pix_recon,0.0020815134048461914
shapley-20260606T030531Z-d8b90fc2,baseline,A,57,57,4.421981900009996,0.2857828587293625,0.2869268804788589,test_pix_recon,-0.0011440217494964044
shapley-20260606T030531Z-d8b90fc2,baseline,A,58,58,4.489602700006799,0.2897315174341202,0.284116581082344,test_pix_recon,0.0056149363517761786
shapley-20260606T030531Z-d8b90fc2,baseline,A,59,59,4.566971500007639,0.2890344262123108,0.2815739214420318,test_pix_recon,0.007460504770278986
shapley-20260606T030531Z-d8b90fc2,baseline,A,60,60,4.642190700007632,0.2892039120197296,0.2848266661167145,test_pix_recon,0.004377245903015137
shapley-20260606T030531Z-d8b90fc2,baseline,A,61,61,4.71858410000641,0.2905920147895813,0.2896534651517868,test_pix_recon,0.0009385496377944946
shapley-20260606T030531Z-d8b90fc2,baseline,A,62,62,4.78484880000542,0.2879256904125213,0.2836086750030517,test_pix_recon,0.0043170154094696045
shapley-20260606T030531Z-d8b90fc2,baseline,A,63,63,4.8555871000062325,0.2856135219335556,0.2918945848941803,test_pix_recon,-0.006281062960624695
shapley-20260606T030531Z-d8b90fc2,baseline,A,64,64,4.930192200008605,0.2903133779764175,0.2840991169214248,test_pix_recon,0.006214261054992676
shapley-20260606T030531Z-d8b90fc2,baseline,A,65,65,5.001459200007957,0.2914957255125046,0.285712257027626,test_pix_recon,0.0057834684848785956
shapley-20260606T030531Z-d8b90fc2,baseline,A,66,66,5.08244050000576,0.2944672405719757,0.2882313430309295,test_pix_recon,0.006235897541046198
shapley-20260606T030531Z-d8b90fc2,baseline,A,67,67,5.159280500003661,0.2926323115825653,0.2861903607845306,test_pix_recon,0.0064419507980347235
shapley-20260606T030531Z-d8b90fc2,baseline,A,68,68,5.231458800000837,0.2936250418424606,0.2867693901062011,test_pix_recon,0.0068556517362594604
shapley-20260606T030531Z-d8b90fc2,baseline,A,69,69,5.301855400000932,0.2955977022647857,0.2836741656064987,test_pix_recon,0.011923536658286993
shapley-20260606T030531Z-d8b90fc2,baseline,A,70,70,5.365793900000426,0.2939758449792862,0.2884944230318069,test_pix_recon,0.0054814219474793036
shapley-20260606T030531Z-d8b90fc2,baseline,A,71,71,5.431233799998154,0.2925707101821899,0.2843180298805237,test_pix_recon,0.008252680301666204
shapley-20260606T030531Z-d8b90fc2,baseline,A,72,72,5.50189479999608,0.2937523871660232,0.288514107465744,test_pix_recon,0.00523827970027918
shapley-20260606T030531Z-d8b90fc2,baseline,A,73,73,5.567796999996062,0.2958618998527527,0.2905040234327316,test_pix_recon,0.005357876420021113
shapley-20260606T030531Z-d8b90fc2,baseline,A,74,74,5.633646299997054,0.2948868870735168,0.2895290702581405,test_pix_recon,0.005357816815376282
shapley-20260606T030531Z-d8b90fc2,baseline,A,75,75,5.752664799994818,0.2954025566577911,0.2879328578710556,test_pix_recon,0.007469698786735479
shapley-20260606T030531Z-d8b90fc2,baseline,A,76,76,5.827297899995756,0.2956903129816055,0.2878039628267288,test_pix_recon,0.007886350154876653
shapley-20260606T030531Z-d8b90fc2,baseline,A,77,77,5.895790699996724,0.2929997593164444,0.2890863269567489,test_pix_recon,0.00391343235969549
shapley-20260606T030531Z-d8b90fc2,baseline,A,78,78,5.965356999997312,0.2954861968755722,0.2870603501796722,test_pix_recon,0.008425846695900019
shapley-20260606T030531Z-d8b90fc2,baseline,A,79,79,6.037394099996163,0.2962425053119659,0.2913817465305328,test_pix_recon,0.0048607587814331055
shapley-20260606T030531Z-d8b90fc2,baseline,A,80,80,6.109022999997251,0.2983282953500747,0.2947662025690079,test_pix_recon,0.003562092781066839
shapley-20260606T030531Z-d8b90fc2,baseline,A,81,81,6.177166499997838,0.2965588420629501,0.2913776487112045,test_pix_recon,0.0051811933517456055
shapley-20260606T030531Z-d8b90fc2,baseline,A,82,82,6.24841049999668,0.2975477874279022,0.2927672117948532,test_pix_recon,0.004780575633049011
shapley-20260606T030531Z-d8b90fc2,baseline,A,83,83,6.319986699996662,0.301710844039917,0.2993538975715637,test_pix_recon,0.0023569464683532715
shapley-20260606T030531Z-d8b90fc2,baseline,A,84,84,6.387170499998319,0.2922918796539306,0.2961875200271606,test_pix_recon,-0.0038956403732299805
shapley-20260606T030531Z-d8b90fc2,baseline,A,85,85,6.454854799998429,0.2984103262424469,0.293264091014862,test_pix_recon,0.005146235227584894
shapley-20260606T030531Z-d8b90fc2,baseline,A,86,86,6.521139599997696,0.3024520128965378,0.293236643075943,test_pix_recon,0.009215369820594788
shapley-20260606T030531Z-d8b90fc2,baseline,A,87,87,6.582154599997011,0.301504448056221,0.2999018579721451,test_pix_recon,0.0016025900840759277
shapley-20260606T030531Z-d8b90fc2,baseline,A,88,88,6.649261799997476,0.3006183952093124,0.2995545268058777,test_pix_recon,0.001063868403434698
shapley-20260606T030531Z-d8b90fc2,baseline,A,89,89,6.711717599995609,0.298163965344429,0.3017658591270447,test_pix_recon,-0.0036018937826156616
shapley-20260606T030531Z-d8b90fc2,baseline,A,90,90,6.7856661999976495,0.3002940416336059,0.3022821396589279,test_pix_recon,-0.001988098025322016
shapley-20260606T030531Z-d8b90fc2,baseline,A,91,91,6.855696700000408,0.2989323586225509,0.3039258420467376,test_pix_recon,-0.0049934834241867065
shapley-20260606T030531Z-d8b90fc2,baseline,A,92,92,6.92604620000202,0.3038961440324783,0.3046358376741409,test_pix_recon,-0.0007396936416625977
shapley-20260606T030531Z-d8b90fc2,baseline,A,93,93,7.000488400000904,0.3036617636680603,0.3100479245185852,test_pix_recon,-0.006386160850524902
shapley-20260606T030531Z-d8b90fc2,baseline,A,94,94,7.072657799999433,0.2993957847356796,0.3020592778921127,test_pix_recon,-0.00266349315643305
shapley-20260606T030531Z-d8b90fc2,baseline,A,95,95,7.17701390000002,0.3012105673551559,0.3078447878360748,test_pix_recon,-0.006634220480918884
shapley-20260606T030531Z-d8b90fc2,baseline,A,96,96,7.271519300000364,0.3079408556222915,0.3065999150276184,test_pix_recon,0.0013409405946731012
shapley-20260606T030531Z-d8b90fc2,baseline,A,97,97,7.584512900000845,0.3074003756046295,0.3015251010656357,test_pix_recon,0.0058752745389938354
shapley-20260606T030531Z-d8b90fc2,baseline,A,98,98,7.71906410000156,0.308316245675087,0.3094768673181534,test_pix_recon,-0.0011606216430664062
shapley-20260606T030531Z-d8b90fc2,baseline,A,99,99,7.850225500002125,0.3107602596282959,0.304073303937912,test_pix_recon,0.006686955690383911
shapley-20260606T030531Z-d8b90fc2,baseline,A,100,100,7.954133200000797,0.3052615970373153,0.3105517327785492,test_pix_recon,-0.005290135741233881
shapley-20260606T030531Z-d8b90fc2,baseline,A,101,101,8.040127100000973,0.3078855723142624,0.303212970495224,test_pix_recon,0.004672601819038391
shapley-20260606T030531Z-d8b90fc2,baseline,A,102,102,8.134990099999413,0.3078408986330032,0.3071048855781555,test_pix_recon,0.0007360130548476618
shapley-20260606T030531Z-d8b90fc2,baseline,A,103,103,8.221858400000201,0.3090576976537704,0.3072817623615265,test_pix_recon,0.001775935292243902
shapley-20260606T030531Z-d8b90fc2,baseline,A,104,104,8.29716550000012,0.3069238513708114,0.3110756427049637,test_pix_recon,-0.004151791334152277
shapley-20260606T030531Z-d8b90fc2,baseline,A,105,105,8.43064349999986,0.3078795373439789,0.3147371411323547,test_pix_recon,-0.006857603788375799
shapley-20260606T030531Z-d8b90fc2,baseline,A,106,106,8.535323400003108,0.3053433448076248,0.3123777210712433,test_pix_recon,-0.007034376263618469
shapley-20260606T030531Z-d8b90fc2,baseline,A,107,107,8.643374800005404,0.3084971606731415,0.3159724026918411,test_pix_recon,-0.007475242018699646
shapley-20260606T030531Z-d8b90fc2,baseline,A,108,108,8.754099600006157,0.3158432096242904,0.3138623982667923,test_pix_recon,0.0019808113574981134
shapley-20260606T030531Z-d8b90fc2,baseline,A,109,109,8.853015800006688,0.315591037273407,0.3205819278955459,test_pix_recon,-0.0049908906221389215
shapley-20260606T030531Z-d8b90fc2,baseline,A,110,110,8.935097500005213,0.3165693879127502,0.3168961703777313,test_pix_recon,-0.0003267824649811346
shapley-20260606T030531Z-d8b90fc2,baseline,A,111,111,9.008987900004286,0.3173410147428512,0.3144310563802719,test_pix_recon,0.00290995836257929
shapley-20260606T030531Z-d8b90fc2,baseline,A,112,112,9.076885300004506,0.3174939304590225,0.3192261308431625,test_pix_recon,-0.0017322003841399591
shapley-20260606T030531Z-d8b90fc2,baseline,A,113,113,9.149051900003542,0.3168341070413589,0.3153852373361587,test_pix_recon,0.0014488697052001953
shapley-20260606T030531Z-d8b90fc2,baseline,A,114,114,9.218408700002328,0.3231924027204513,0.3159202188253402,test_pix_recon,0.007272183895111084
shapley-20260606T030531Z-d8b90fc2,baseline,A,115,115,9.286420800002816,0.3162305057048797,0.3177692294120788,test_pix_recon,-0.0015387237071990967
shapley-20260606T030531Z-d8b90fc2,baseline,A,116,116,9.358747600002973,0.3246073722839355,0.321807712316513,test_pix_recon,0.0027996599674224854
shapley-20260606T030531Z-d8b90fc2,baseline,A,117,117,9.430643800002144,0.3190861046314239,0.317534789443016,test_pix_recon,0.001551315188407898
shapley-20260606T030531Z-d8b90fc2,baseline,A,118,118,9.497051600003031,0.3203925639390945,0.3189378827810287,test_pix_recon,0.001454681158065796
shapley-20260606T030531Z-d8b90fc2,baseline,A,119,119,9.569643000002545,0.3251031190156936,0.3229884207248688,test_pix_recon,0.0021146982908248346
shapley-20260606T030531Z-d8b90fc2,baseline,A,120,120,9.634442800001125,0.3225933909416199,0.3257501125335693,test_pix_recon,-0.0031567215919494074
shapley-20260606T030531Z-d8b90fc2,baseline,A,121,121,9.703163300000597,0.3230117410421371,0.3249708563089371,test_pix_recon,-0.0019591152667999823
shapley-20260606T030531Z-d8b90fc2,baseline,A,122,122,9.766931100002694,0.326466903090477,0.3292673975229263,test_pix_recon,-0.0028004944324492853
shapley-20260606T030531Z-d8b90fc2,baseline,A,123,123,9.835370800003147,0.3278613835573196,0.3250756561756134,test_pix_recon,0.0027857273817061823
shapley-20260606T030531Z-d8b90fc2,baseline,A,124,124,9.89983750000465,0.3316341787576675,0.3327593952417373,test_pix_recon,-0.0011252164840698242
shapley-20260606T030531Z-d8b90fc2,baseline,A,125,125,9.964813700004015,0.3326652348041534,0.3272985965013504,test_pix_recon,0.005366638302802984
shapley-20260606T030531Z-d8b90fc2,baseline,A,126,126,10.033814000002168,0.3315757215023041,0.330495223402977,test_pix_recon,0.0010804980993270874
shapley-20260606T030531Z-d8b90fc2,baseline,A,127,127,10.101675700003398,0.330381840467453,0.3315235525369644,test_pix_recon,-0.0011417120695114136
shapley-20260606T030531Z-d8b90fc2,baseline,A,128,128,10.165646300003573,0.3335272967815399,0.3261252790689468,test_pix_recon,0.007402017712593134
shapley-20260606T030531Z-d8b90fc2,baseline,A,129,129,10.233254500002658,0.3320694416761398,0.3323643803596496,test_pix_recon,-0.00029493868350982666
shapley-20260606T030531Z-d8b90fc2,baseline,A,130,130,10.302235900002415,0.3307998478412628,0.326776772737503,test_pix_recon,0.004023075103759821
shapley-20260606T030531Z-d8b90fc2,baseline,A,131,131,10.374953800001094,0.3278243243694305,0.3301531672477722,test_pix_recon,-0.0023288428783417303
shapley-20260606T030531Z-d8b90fc2,baseline,A,132,132,10.440730700000133,0.3286813348531723,0.3232639133930206,test_pix_recon,0.005417421460151728
shapley-20260606T030531Z-d8b90fc2,baseline,A,133,133,10.511770799999796,0.3261412531137466,0.3268963247537613,test_pix_recon,-0.000755071640014704
shapley-20260606T030531Z-d8b90fc2,baseline,A,134,134,10.581868799999938,0.328333780169487,0.3263724446296692,test_pix_recon,0.00196133553981781
shapley-20260606T030531Z-d8b90fc2,baseline,A,135,135,10.646998300002451,0.3260674327611923,0.3242286890745163,test_pix_recon,0.0018387436866760254
shapley-20260606T030531Z-d8b90fc2,baseline,A,136,136,10.71444320000228,0.3274323493242264,0.3241385072469711,test_pix_recon,0.0032938420772553045
shapley-20260606T030531Z-d8b90fc2,baseline,A,137,137,10.80115950000254,0.3250656276941299,0.3264628648757934,test_pix_recon,-0.0013972371816635132
shapley-20260606T030531Z-d8b90fc2,baseline,A,138,138,10.883266900000308,0.3280210942029953,0.3240699023008346,test_pix_recon,0.0039511919021607
shapley-20260606T030531Z-d8b90fc2,baseline,A,139,139,10.955857099997957,0.3259375691413879,0.3230778276920318,test_pix_recon,0.002859741449356079
shapley-20260606T030531Z-d8b90fc2,baseline,A,140,140,11.022346699999616,0.3243908435106277,0.3236475735902786,test_pix_recon,0.0007432699203490656
shapley-20260606T030531Z-d8b90fc2,baseline,A,141,141,11.088518700002169,0.3263757824897766,0.3231397718191147,test_pix_recon,0.0032360106706619263
shapley-20260606T030531Z-d8b90fc2,baseline,A,142,142,11.158798300002672,0.3237691670656204,0.3214075267314911,test_pix_recon,0.0023616403341293335
shapley-20260606T030531Z-d8b90fc2,baseline,A,143,143,11.23150980000355,0.3244617432355881,0.3222468048334121,test_pix_recon,0.002214938402175959
shapley-20260606T030531Z-d8b90fc2,baseline,A,144,144,11.305238700006155,0.3250166773796081,0.321827694773674,test_pix_recon,0.0031889826059340876
shapley-20260606T030531Z-d8b90fc2,baseline,A,145,145,11.379793500007509,0.321936085820198,0.3211371302604675,test_pix_recon,0.0007989555597305298
shapley-20260606T030531Z-d8b90fc2,baseline,A,146,146,11.447358000008537,0.3219533115625381,0.3222990036010742,test_pix_recon,-0.0003456920385361273
shapley-20260606T030531Z-d8b90fc2,baseline,A,147,147,11.514928300006432,0.3234306126832962,0.3234456330537796,test_pix_recon,-1.5020370483398438e-05
shapley-20260606T030531Z-d8b90fc2,baseline,A,148,148,11.587431900006775,0.3250907808542251,0.3223977535963058,test_pix_recon,0.0026930272579193115
shapley-20260606T030531Z-d8b90fc2,baseline,A,149,149,11.673021000005974,0.3221154659986496,0.3213122338056564,test_pix_recon,0.0008032321929932196
shapley-20260606T030531Z-d8b90fc2,baseline,A,150,150,11.75498040000457,0.3202508836984634,0.3207691013813019,test_pix_recon,-0.0005182176828384955
shapley-20260606T030531Z-d8b90fc2,baseline,A,151,151,11.844382000002952,0.3211092352867126,0.3205675482749939,test_pix_recon,0.0005416870117186945
shapley-20260606T030531Z-d8b90fc2,baseline,A,152,152,11.9274979000038,0.3235812038183212,0.3202139288187027,test_pix_recon,0.0033672749996184748
shapley-20260606T030531Z-d8b90fc2,baseline,A,153,153,12.013028600002144,0.3211432844400406,0.3207409679889679,test_pix_recon,0.00040231645107269287
shapley-20260606T030531Z-d8b90fc2,baseline,A,154,154,12.096835400003329,0.3202578127384186,0.3205054402351379,test_pix_recon,-0.00024762749671930484
shapley-20260606T030531Z-d8b90fc2,baseline,A,155,155,12.183051100004375,0.3213281035423279,0.3200732320547104,test_pix_recon,0.0012548714876174927
shapley-20260606T030531Z-d8b90fc2,baseline,A,156,156,12.25709170000482,0.321244865655899,0.3205409795045852,test_pix_recon,0.0007038861513137817
shapley-20260606T030531Z-d8b90fc2,baseline,A,157,157,12.32708200000343,0.3212741315364837,0.3213398456573486,test_pix_recon,-6.571412086486816e-05
shapley-20260606T030531Z-d8b90fc2,baseline,A,158,158,12.399272000002384,0.3199580311775207,0.3217334449291229,test_pix_recon,-0.0017754137516022284
shapley-20260606T030531Z-d8b90fc2,baseline,A,159,159,12.472686900000554,0.3198219388723373,0.3207826316356659,test_pix_recon,-0.0009606927633286078
shapley-20260606T030531Z-d8b90fc2,baseline,A,160,160,12.553138499999475,0.3193258792161941,0.3193646520376205,test_pix_recon,-3.87728214263916e-05
shapley-20260606T030531Z-d8b90fc2,baseline,A,161,161,12.636530400002812,0.3176438361406326,0.3193520307540893,test_pix_recon,-0.001708194613456726
shapley-20260606T030531Z-d8b90fc2,baseline,A,162,162,12.718624900004215,0.318848505616188,0.3200487643480301,test_pix_recon,-0.0012002587318420965
shapley-20260606T030531Z-d8b90fc2,baseline,A,163,163,12.791721400004462,0.3200539797544479,0.3201838731765747,test_pix_recon,-0.00012989342212682553
shapley-20260606T030531Z-d8b90fc2,baseline,A,164,164,12.858066900003903,0.3198602497577667,0.3198000490665436,test_pix_recon,6.020069122314453e-05
shapley-20260606T030531Z-d8b90fc2,baseline,A,165,165,12.926985900001457,0.3197663128376007,0.3193184435367584,test_pix_recon,0.00044786930084228516
shapley-20260606T030531Z-d8b90fc2,baseline,A,166,166,12.991707000001044,0.3186716884374618,0.3192033618688583,test_pix_recon,-0.0005316734313964844
shapley-20260606T030531Z-d8b90fc2,baseline,A,167,167,13.058037599999809,0.3192659765481949,0.3190495371818542,test_pix_recon,0.00021643936634069272
shapley-20260606T030531Z-d8b90fc2,baseline,A,168,168,13.125577499999054,0.3200612664222717,0.3191914409399032,test_pix_recon,0.0008698254823684692
shapley-20260606T030531Z-d8b90fc2,baseline,A,169,169,13.19423040000038,0.3211468011140823,0.3193151652812958,test_pix_recon,0.0018316358327865045
shapley-20260606T030531Z-d8b90fc2,baseline,A,170,170,13.261172099999383,0.32077656686306,0.3194634020328522,test_pix_recon,0.0013131648302078247
shapley-20260606T030531Z-d8b90fc2,baseline,A,171,171,13.328188799998316,0.3200059533119201,0.3197055608034134,test_pix_recon,0.0003003925085067194
shapley-20260606T030531Z-d8b90fc2,baseline,A,172,172,13.395082599996384,0.3200776278972626,0.3191238343715668,test_pix_recon,0.0009537935256958008
shapley-20260606T030531Z-d8b90fc2,baseline,A,173,173,13.466349399994217,0.3199703097343445,0.3186985403299331,test_pix_recon,0.0012717694044113714
shapley-20260606T030531Z-d8b90fc2,baseline,A,174,174,13.533461099996202,0.3208813071250915,0.3189390003681183,test_pix_recon,0.001942306756973211
shapley-20260606T030531Z-d8b90fc2,baseline,A,175,175,13.611534399999073,0.3208071440458298,0.3189903795719147,test_pix_recon,0.0018167644739151
shapley-20260606T030531Z-d8b90fc2,baseline,A,176,176,13.692184200001066,0.3202038556337356,0.3189576417207718,test_pix_recon,0.0012462139129638117
shapley-20260606T030531Z-d8b90fc2,baseline,A,177,177,13.774267700002383,0.3198591470718384,0.3191671818494797,test_pix_recon,0.0006919652223587036
shapley-20260606T030531Z-d8b90fc2,baseline,A,178,178,13.845204000004742,0.3198087364435196,0.3193270266056061,test_pix_recon,0.0004817098379135132
shapley-20260606T030531Z-d8b90fc2,baseline,A,179,179,13.919301000005362,0.3194534480571747,0.3193133622407913,test_pix_recon,0.00014008581638336182
shapley-20260606T030531Z-d8b90fc2,baseline,A,180,180,13.997295300006954,0.3184631913900375,0.3192111849784851,test_pix_recon,-0.0007479935884476263
shapley-20260606T030531Z-d8b90fc2,baseline,A,181,181,14.07087570001022,0.3177772760391235,0.319138765335083,test_pix_recon,-0.0013614892959595282
shapley-20260606T030531Z-d8b90fc2,baseline,A,182,182,14.145806700009416,0.3180788159370422,0.3190452456474304,test_pix_recon,-0.0009664297103882391
shapley-20260606T030531Z-d8b90fc2,baseline,A,183,183,14.23254880000968,0.3183888345956802,0.3188874274492264,test_pix_recon,-0.0004985928535461981
shapley-20260606T030531Z-d8b90fc2,baseline,A,184,184,14.311456400009774,0.3185761570930481,0.3187620490789413,test_pix_recon,-0.000185891985893194
shapley-20260606T030531Z-d8b90fc2,baseline,A,185,185,14.38439910001034,0.3190234750509262,0.3185624331235885,test_pix_recon,0.000461041927337702
shapley-20260606T030531Z-d8b90fc2,baseline,A,186,186,14.460588800011465,0.3191738724708557,0.3184898793697357,test_pix_recon,0.0006839931011199951
shapley-20260606T030531Z-d8b90fc2,baseline,A,187,187,14.533361300011164,0.3191790133714676,0.3184737414121628,test_pix_recon,0.0007052719593048096
shapley-20260606T030531Z-d8b90fc2,baseline,A,188,188,14.606807300013315,0.3189343959093094,0.3186085820198059,test_pix_recon,0.000325813889503479
shapley-20260606T030531Z-d8b90fc2,baseline,A,189,189,14.673095000016474,0.3188081979751587,0.3187224864959717,test_pix_recon,8.571147918701172e-05
shapley-20260606T030531Z-d8b90fc2,baseline,A,190,190,14.743181200017716,0.3188918381929397,0.3187410682439804,test_pix_recon,0.00015076994895929507
shapley-20260606T030531Z-d8b90fc2,baseline,A,191,191,14.809657500016328,0.3188821077346802,0.3187258094549179,test_pix_recon,0.00015629827976226807
shapley-20260606T030531Z-d8b90fc2,baseline,A,192,192,14.876319500017416,0.3186536282300949,0.3187404572963714,test_pix_recon,-8.682906627649478e-05
shapley-20260606T030531Z-d8b90fc2,baseline,A,193,193,14.947007800019492,0.3185140192508697,0.3187974095344543,test_pix_recon,-0.0002833902835845947
shapley-20260606T030531Z-d8b90fc2,baseline,A,194,194,15.014031000016985,0.3185600936412811,0.3187655806541443,test_pix_recon,-0.0002054870128632147
shapley-20260606T030531Z-d8b90fc2,baseline,A,195,195,15.08119320001788,0.3186152428388595,0.3185833245515823,test_pix_recon,3.191828727722168e-05
shapley-20260606T030531Z-d8b90fc2,baseline,A,196,196,15.149760200019957,0.3186928331851959,0.3184503465890884,test_pix_recon,0.00024248659610753842
shapley-20260606T030531Z-d8b90fc2,baseline,A,197,197,15.21717770001851,0.3187914937734604,0.3184672594070434,test_pix_recon,0.00032423436641698666
shapley-20260606T030531Z-d8b90fc2,baseline,A,198,198,15.283290000021225,0.3188498169183731,0.3184810727834701,test_pix_recon,0.0003687441349030096
shapley-20260606T030531Z-d8b90fc2,baseline,A,199,199,15.350694300021132,0.3188224285840988,0.3184703737497329,test_pix_recon,0.00035205483436590024
shapley-20260606T030556Z-a354347d,marginal,A,0,0,0.2725049000000581,0.8705697655677795,0.8590483963489532,test_pix_recon,0.011521369218826294
shapley-20260606T030556Z-a354347d,marginal,A,1,1,0.3464639000012539,0.6836616098880768,0.6689461171627045,test_pix_recon,0.014715492725372314
shapley-20260606T030556Z-a354347d,marginal,A,2,2,0.4145151000011537,0.5910414457321167,0.5751940011978149,test_pix_recon,0.015847444534301758
shapley-20260606T030556Z-a354347d,marginal,A,3,3,0.4787499000012758,0.5203249752521515,0.5041796416044235,test_pix_recon,0.016145333647727966
shapley-20260606T030556Z-a354347d,marginal,A,4,4,0.5379286999996111,0.4680839031934738,0.4566518068313598,test_pix_recon,0.011432096362114008
shapley-20260606T030556Z-a354347d,marginal,A,5,5,0.602525099999184,0.4312997460365295,0.4262557923793793,test_pix_recon,0.005043953657150213
shapley-20260606T030556Z-a354347d,marginal,A,6,6,0.66425949999757,0.4054954349994659,0.3999930173158645,test_pix_recon,0.005502417683601379
shapley-20260606T030556Z-a354347d,marginal,A,7,7,0.728241299995716,0.3848233819007873,0.3800883889198303,test_pix_recon,0.004734992980956976
shapley-20260606T030556Z-a354347d,marginal,A,8,8,0.7939456999956747,0.3677459508180618,0.3618119657039642,test_pix_recon,0.005933985114097595
shapley-20260606T030556Z-a354347d,marginal,A,9,9,0.8578752999928838,0.3537713140249252,0.3487929403781891,test_pix_recon,0.0049783736467360895
shapley-20260606T030556Z-a354347d,marginal,A,10,10,0.9197222999937368,0.3415125012397766,0.338895782828331,test_pix_recon,0.0026167184114456177
shapley-20260606T030556Z-a354347d,marginal,A,11,11,0.9812867999935406,0.3338487297296524,0.3309932500123977,test_pix_recon,0.002855479717254694
shapley-20260606T030556Z-a354347d,marginal,A,12,12,1.043958999995084,0.3312773257493973,0.3306990563869476,test_pix_recon,0.0005782693624497015
shapley-20260606T030556Z-a354347d,marginal,A,13,13,1.1076737999937905,0.3251132369041443,0.3207688778638839,test_pix_recon,0.0043443590402603705
shapley-20260606T030556Z-a354347d,marginal,A,14,14,1.170055799993861,0.3159346133470535,0.3161833882331848,test_pix_recon,-0.00024877488613134213
shapley-20260606T030556Z-a354347d,marginal,A,15,15,1.2397043999953894,0.3105160444974899,0.3098273128271103,test_pix_recon,0.0006887316703795832
shapley-20260606T030556Z-a354347d,marginal,A,16,16,1.3044405999971789,0.3075232356786728,0.3074965476989746,test_pix_recon,2.6687979698181152e-05
shapley-20260606T030556Z-a354347d,marginal,A,17,17,1.367161499994836,0.3037988394498825,0.3042063266038894,test_pix_recon,-0.0004074871540069025
shapley-20260606T030556Z-a354347d,marginal,A,18,18,1.4282281999949191,0.3018481582403183,0.3018587529659271,test_pix_recon,-1.0594725608825684e-05
shapley-20260606T030556Z-a354347d,marginal,A,19,19,1.491642299995874,0.2973149269819259,0.2964080274105072,test_pix_recon,0.0009068995714187067
shapley-20260606T030556Z-a354347d,marginal,A,20,20,1.5537913999942248,0.2965997606515884,0.2961699515581131,test_pix_recon,0.0004298090934752863
shapley-20260606T030556Z-a354347d,marginal,A,21,21,1.6171761999939918,0.2964544743299484,0.2948432862758636,test_pix_recon,0.0016111880540848333
shapley-20260606T030556Z-a354347d,marginal,A,22,22,1.680006399994454,0.2938039898872375,0.2929317951202392,test_pix_recon,0.000872194766998291
shapley-20260606T030556Z-a354347d,marginal,A,23,23,1.7486694999934116,0.2895179688930511,0.2906709462404251,test_pix_recon,-0.001152977347374018
shapley-20260606T030556Z-a354347d,marginal,A,24,24,1.8120987999936915,0.2905432730913162,0.2909484356641769,test_pix_recon,-0.00040516257286066226
shapley-20260606T030556Z-a354347d,marginal,A,25,25,1.88121759999558,0.2915083318948746,0.2896625399589538,test_pix_recon,0.0018457919359207708
shapley-20260606T030556Z-a354347d,marginal,A,26,26,1.9429256999974316,0.290087416768074,0.2881434261798858,test_pix_recon,0.0019439905881881714
shapley-20260606T030556Z-a354347d,marginal,A,27,27,2.004638099995645,0.2880459576845169,0.2871936410665512,test_pix_recon,0.0008523166179656982
shapley-20260606T030556Z-a354347d,marginal,A,28,28,2.0660590999941637,0.2857115119695663,0.2882074564695358,test_pix_recon,-0.002495944499969538
shapley-20260606T030556Z-a354347d,marginal,A,29,29,2.1305836999963503,0.2877922505140304,0.2891432046890259,test_pix_recon,-0.0013509541749954779
shapley-20260606T030556Z-a354347d,marginal,A,30,30,2.1957667999959085,0.285402238368988,0.2863882184028625,test_pix_recon,-0.0009859800338745117
shapley-20260606T030556Z-a354347d,marginal,A,31,31,2.259305499996117,0.2843271642923355,0.2845952659845352,test_pix_recon,-0.00026810169219970703
shapley-20260606T030556Z-a354347d,marginal,A,32,32,2.3213826999963203,0.2853539586067199,0.2854931652545929,test_pix_recon,-0.00013920664787298032
shapley-20260606T030556Z-a354347d,marginal,A,33,33,2.3894912999967346,0.2852625250816345,0.2841659784317016,test_pix_recon,0.0010965466499329168
shapley-20260606T030556Z-a354347d,marginal,A,34,34,2.449298099996668,0.2842011004686355,0.2850107401609421,test_pix_recon,-0.0008096396923065741
shapley-20260606T030556Z-a354347d,marginal,A,35,35,2.5082456999953138,0.2837158590555191,0.2827357649803161,test_pix_recon,0.0009800940752029974
shapley-20260606T030556Z-a354347d,marginal,A,36,36,2.5701280999928717,0.2824982851743698,0.2832061946392059,test_pix_recon,-0.0007079094648360651
shapley-20260606T030556Z-a354347d,marginal,A,37,37,2.636033299993869,0.2863253355026245,0.2824025601148605,test_pix_recon,0.0039227753877640326
shapley-20260606T030556Z-a354347d,marginal,A,38,38,2.701358299993444,0.2810072898864746,0.2824441492557525,test_pix_recon,-0.0014368593692778986
shapley-20260606T030556Z-a354347d,marginal,A,39,39,2.766935199993896,0.2838522344827652,0.2841870188713074,test_pix_recon,-0.0003347843885421753
shapley-20260606T030556Z-a354347d,marginal,A,40,40,2.8314769999924465,0.2805916666984558,0.2821086645126343,test_pix_recon,-0.0015169978141784668
shapley-20260606T030556Z-a354347d,marginal,A,41,41,2.896885199992539,0.285752385854721,0.2820822298526764,test_pix_recon,0.0036701560020446222
shapley-20260606T030556Z-a354347d,marginal,A,42,42,2.9591716999930213,0.2830173969268799,0.2805270105600357,test_pix_recon,0.0024903863668441772
shapley-20260606T030556Z-a354347d,marginal,A,43,43,3.0220613999917987,0.2798362523317337,0.2801911979913711,test_pix_recon,-0.00035494565963739566
shapley-20260606T030556Z-a354347d,marginal,A,44,44,3.085574499993527,0.2838743329048157,0.2791588455438614,test_pix_recon,0.004715487360954285
shapley-20260606T030556Z-a354347d,marginal,A,45,45,3.153348299994832,0.2840248495340347,0.2782912403345108,test_pix_recon,0.00573360919952387
shapley-20260606T030556Z-a354347d,marginal,A,46,46,3.215171299994836,0.2827759236097336,0.2805266082286834,test_pix_recon,0.0022493153810501654
shapley-20260606T030556Z-a354347d,marginal,A,47,47,3.284495699994295,0.2805036902427673,0.2809954732656479,test_pix_recon,-0.0004917830228806097
shapley-20260606T030556Z-a354347d,marginal,A,48,48,3.3506695999931253,0.2815533429384231,0.2780429124832153,test_pix_recon,0.0035104304552078247
shapley-20260606T030556Z-a354347d,marginal,A,49,49,3.4175579999937327,0.2834167182445526,0.2801528871059418,test_pix_recon,0.00326383113861084
shapley-20260606T030556Z-a354347d,marginal,A,50,50,3.478827999995701,0.2870733439922333,0.2833704203367233,test_pix_recon,0.0037029236555099487
shapley-20260606T030556Z-a354347d,marginal,A,51,51,3.5394931999944674,0.2830762416124344,0.2806025296449661,test_pix_recon,0.0024737119674682617
shapley-20260606T030556Z-a354347d,marginal,A,52,52,3.6019380999969144,0.2854604572057724,0.2810283750295639,test_pix_recon,0.004432082176208496
shapley-20260606T030556Z-a354347d,marginal,A,53,53,3.663638199999696,0.2841984033584595,0.2814239412546158,test_pix_recon,0.002774462103843689
shapley-20260606T030556Z-a354347d,marginal,A,54,54,3.7280742000002647,0.284704715013504,0.2801330834627151,test_pix_recon,0.004571631550788879
shapley-20260606T030556Z-a354347d,marginal,A,55,55,3.788408000000345,0.2848500311374664,0.2814357131719589,test_pix_recon,0.003414317965507452
shapley-20260606T030556Z-a354347d,marginal,A,56,56,3.8490335999995295,0.2827755808830261,0.285773366689682,test_pix_recon,-0.002997785806655884
shapley-20260606T030556Z-a354347d,marginal,A,57,57,3.9111884999983886,0.2876116633415222,0.2869268804788589,test_pix_recon,0.0006847828626633246
shapley-20260606T030556Z-a354347d,marginal,A,58,58,3.970187300001271,0.2832835763692856,0.284116581082344,test_pix_recon,-0.0008330047130584162
shapley-20260606T030556Z-a354347d,marginal,A,59,59,4.033101100001659,0.2826214134693146,0.2815739214420318,test_pix_recon,0.0010474920272827704
shapley-20260606T030556Z-a354347d,marginal,A,60,60,4.097456800001964,0.2801040560007095,0.2848266661167145,test_pix_recon,-0.004722610116004999
shapley-20260606T030556Z-a354347d,marginal,A,61,61,4.157698400002118,0.2826310843229294,0.2896534651517868,test_pix_recon,-0.007022380828857422
shapley-20260606T030556Z-a354347d,marginal,A,62,62,4.22002060000159,0.2841022312641144,0.2836086750030517,test_pix_recon,0.0004935562610626776
shapley-20260606T030556Z-a354347d,marginal,A,63,63,4.283127200000308,0.2875333726406097,0.2918945848941803,test_pix_recon,-0.004361212253570612
shapley-20260606T030556Z-a354347d,marginal,A,64,64,4.342164400000911,0.2924339920282364,0.2840991169214248,test_pix_recon,0.008334875106811579
shapley-20260606T030556Z-a354347d,marginal,A,65,65,4.404086200000165,0.2868579626083374,0.285712257027626,test_pix_recon,0.0011457055807114203
shapley-20260606T030556Z-a354347d,marginal,A,66,66,4.470754999998462,0.2853173613548279,0.2882313430309295,test_pix_recon,-0.002913981676101629
shapley-20260606T030556Z-a354347d,marginal,A,67,67,4.532329099998606,0.2830826044082641,0.2861903607845306,test_pix_recon,-0.0031077563762664795
shapley-20260606T030556Z-a354347d,marginal,A,68,68,4.59465839999757,0.2857786267995834,0.2867693901062011,test_pix_recon,-0.0009907633066177368
shapley-20260606T030556Z-a354347d,marginal,A,69,69,4.65815659999862,0.28749680519104,0.2836741656064987,test_pix_recon,0.0038226395845412653
shapley-20260606T030556Z-a354347d,marginal,A,70,70,4.723406499997509,0.2894058674573898,0.2884944230318069,test_pix_recon,0.0009114444255828857
shapley-20260606T030556Z-a354347d,marginal,A,71,71,4.7908665999966615,0.2962715923786163,0.2843180298805237,test_pix_recon,0.011953562498092596
shapley-20260606T030556Z-a354347d,marginal,A,72,72,4.866683399995964,0.2945509701967239,0.288514107465744,test_pix_recon,0.006036862730979864
shapley-20260606T030556Z-a354347d,marginal,A,73,73,4.934740999993664,0.2940229028463363,0.2905040234327316,test_pix_recon,0.0035188794136047363
shapley-20260606T030556Z-a354347d,marginal,A,74,74,5.004821599995921,0.2879514992237091,0.2895290702581405,test_pix_recon,-0.001577571034431402
shapley-20260606T030556Z-a354347d,marginal,A,75,75,5.077409799996531,0.286669060587883,0.2879328578710556,test_pix_recon,-0.0012637972831726074
shapley-20260606T030556Z-a354347d,marginal,A,76,76,5.148508599995694,0.2905104607343673,0.2878039628267288,test_pix_recon,0.0027064979076384943
shapley-20260606T030556Z-a354347d,marginal,A,77,77,5.221593999995093,0.2914474159479141,0.2890863269567489,test_pix_recon,0.0023610889911652166
shapley-20260606T030556Z-a354347d,marginal,A,78,78,5.284525599996414,0.2889222353696823,0.2870603501796722,test_pix_recon,0.0018618851900101263
shapley-20260606T030556Z-a354347d,marginal,A,79,79,5.344928399994387,0.2943635582923889,0.2913817465305328,test_pix_recon,0.0029818117618561346
shapley-20260606T030556Z-a354347d,marginal,A,80,80,5.4089064999971015,0.2913230657577514,0.2947662025690079,test_pix_recon,-0.003443136811256464
shapley-20260606T030556Z-a354347d,marginal,A,81,81,5.473177399999258,0.2918401956558227,0.2913776487112045,test_pix_recon,0.0004625469446182251
shapley-20260606T030556Z-a354347d,marginal,A,82,82,5.532425099998363,0.2919141203165054,0.2927672117948532,test_pix_recon,-0.0008530914783478338
shapley-20260606T030556Z-a354347d,marginal,A,83,83,5.593250199999602,0.2884898036718368,0.2993538975715637,test_pix_recon,-0.010864093899726923
shapley-20260606T030556Z-a354347d,marginal,A,84,84,5.6570081999998365,0.2975708097219467,0.2961875200271606,test_pix_recon,0.0013832896947861273
shapley-20260606T030556Z-a354347d,marginal,A,85,85,5.7202676000015344,0.292381003499031,0.293264091014862,test_pix_recon,-0.0008830875158309937
shapley-20260606T030556Z-a354347d,marginal,A,86,86,5.785786600001302,0.2967045158147812,0.293236643075943,test_pix_recon,0.003467872738838196
shapley-20260606T030556Z-a354347d,marginal,A,87,87,5.845394800002396,0.2939351797103882,0.2999018579721451,test_pix_recon,-0.005966678261756897
shapley-20260606T030556Z-a354347d,marginal,A,88,88,5.907190100002481,0.2943922281265259,0.2995545268058777,test_pix_recon,-0.005162298679351807
shapley-20260606T030556Z-a354347d,marginal,A,89,89,5.966282000001229,0.2934641689062118,0.3017658591270447,test_pix_recon,-0.00830169022083288
shapley-20260606T030556Z-a354347d,marginal,A,90,90,6.034593300002598,0.3017996996641159,0.3022821396589279,test_pix_recon,-0.0004824399948120117
shapley-20260606T030556Z-a354347d,marginal,A,91,91,6.098771100001613,0.2967889010906219,0.3039258420467376,test_pix_recon,-0.007136940956115723
shapley-20260606T030556Z-a354347d,marginal,A,92,92,6.165938500002085,0.2990743219852447,0.3046358376741409,test_pix_recon,-0.005561515688896179
shapley-20260606T030556Z-a354347d,marginal,A,93,93,6.23420800000531,0.2963389605283737,0.3100479245185852,test_pix_recon,-0.013708963990211487
shapley-20260606T030556Z-a354347d,marginal,A,94,94,6.301026700006332,0.2983830422163009,0.3020592778921127,test_pix_recon,-0.0036762356758117676
shapley-20260606T030556Z-a354347d,marginal,A,95,95,6.367719300003955,0.300676017999649,0.3078447878360748,test_pix_recon,-0.007168769836425781
shapley-20260606T030556Z-a354347d,marginal,A,96,96,6.4335424000018975,0.3002363294363022,0.3065999150276184,test_pix_recon,-0.006363585591316223
shapley-20260606T030556Z-a354347d,marginal,A,97,97,6.497457400000712,0.3021285831928253,0.3015251010656357,test_pix_recon,0.0006034821271896362
shapley-20260606T030556Z-a354347d,marginal,A,98,98,6.5681579999982205,0.300282746553421,0.3094768673181534,test_pix_recon,-0.00919412076473236
shapley-20260606T030556Z-a354347d,marginal,A,99,99,6.635201400000369,0.3051039278507232,0.304073303937912,test_pix_recon,0.0010306239128112238
shapley-20260606T030556Z-a354347d,marginal,A,100,100,6.705199699998047,0.3052481859922409,0.3105517327785492,test_pix_recon,-0.005303546786308289
shapley-20260606T030556Z-a354347d,marginal,A,101,101,6.773802399999113,0.3065105229616165,0.303212970495224,test_pix_recon,0.003297552466392517
shapley-20260606T030556Z-a354347d,marginal,A,102,102,6.838039099999151,0.3049401789903641,0.3071048855781555,test_pix_recon,-0.002164706587791443
shapley-20260606T030556Z-a354347d,marginal,A,103,103,6.906992000000173,0.3053292036056518,0.3072817623615265,test_pix_recon,-0.0019525587558746893
shapley-20260606T030556Z-a354347d,marginal,A,104,104,6.973051799999666,0.3107029348611831,0.3110756427049637,test_pix_recon,-0.0003727078437805731
shapley-20260606T030556Z-a354347d,marginal,A,105,105,7.037810600002558,0.3097461014986038,0.3147371411323547,test_pix_recon,-0.00499103963375086
shapley-20260606T030556Z-a354347d,marginal,A,106,106,7.100426700002572,0.313884750008583,0.3123777210712433,test_pix_recon,0.0015070289373397272
shapley-20260606T030556Z-a354347d,marginal,A,107,107,7.167453000001842,0.3065117746591568,0.3159724026918411,test_pix_recon,-0.009460628032684326
shapley-20260606T030556Z-a354347d,marginal,A,108,108,7.231114900001557,0.3113636076450348,0.3138623982667923,test_pix_recon,-0.0024987906217575073
shapley-20260606T030556Z-a354347d,marginal,A,109,109,7.293965300003037,0.3081307709217071,0.3205819278955459,test_pix_recon,-0.012451156973838806
shapley-20260606T030556Z-a354347d,marginal,A,110,110,7.359274700000242,0.3103318661451339,0.3168961703777313,test_pix_recon,-0.006564304232597407
shapley-20260606T030556Z-a354347d,marginal,A,111,111,7.423249600000418,0.3150891065597534,0.3144310563802719,test_pix_recon,0.0006580501794815063
shapley-20260606T030556Z-a354347d,marginal,A,112,112,7.487847399999737,0.3155052959918976,0.3192261308431625,test_pix_recon,-0.003720834851264898
shapley-20260606T030556Z-a354347d,marginal,A,113,113,7.5552110000026,0.3121357858181,0.3153852373361587,test_pix_recon,-0.0032494515180587213
shapley-20260606T030556Z-a354347d,marginal,A,114,114,7.617995700005849,0.3150544017553329,0.3159202188253402,test_pix_recon,-0.0008658170700073242
shapley-20260606T030556Z-a354347d,marginal,A,115,115,7.681563200007076,0.3209452480077743,0.3177692294120788,test_pix_recon,0.0031760185956954956
shapley-20260606T030556Z-a354347d,marginal,A,116,116,7.744833700009622,0.3211106657981872,0.321807712316513,test_pix_recon,-0.0006970465183258057
shapley-20260606T030556Z-a354347d,marginal,A,117,117,7.809033200010162,0.3212983608245849,0.317534789443016,test_pix_recon,0.0037635713815689087
shapley-20260606T030556Z-a354347d,marginal,A,118,118,7.871679200008657,0.3221200257539749,0.3189378827810287,test_pix_recon,0.0031821429729462225
shapley-20260606T030556Z-a354347d,marginal,A,119,119,7.934472500008269,0.3222534507513046,0.3229884207248688,test_pix_recon,-0.000734969973564148
shapley-20260606T030556Z-a354347d,marginal,A,120,120,7.997536400009267,0.3237274736166,0.3257501125335693,test_pix_recon,-0.0020226389169692993
shapley-20260606T030556Z-a354347d,marginal,A,121,121,8.06422690000909,0.3215053975582123,0.3249708563089371,test_pix_recon,-0.0034654587507247925
shapley-20260606T030556Z-a354347d,marginal,A,122,122,8.127375200008828,0.3312621414661407,0.3292673975229263,test_pix_recon,0.0019947439432144165
shapley-20260606T030556Z-a354347d,marginal,A,123,123,8.191898800007039,0.3270637392997741,0.3250756561756134,test_pix_recon,0.001988083124160711
shapley-20260606T030556Z-a354347d,marginal,A,124,124,8.257482200006052,0.3359566777944565,0.3327593952417373,test_pix_recon,0.0031972825527191717
shapley-20260606T030556Z-a354347d,marginal,A,125,125,8.321069600006012,0.329011008143425,0.3272985965013504,test_pix_recon,0.001712411642074585
shapley-20260606T030556Z-a354347d,marginal,A,126,126,8.384047400006239,0.3358473777770996,0.330495223402977,test_pix_recon,0.00535215437412262
shapley-20260606T030556Z-a354347d,marginal,A,127,127,8.452994400005991,0.3311129212379455,0.3315235525369644,test_pix_recon,-0.0004106312990189154
shapley-20260606T030556Z-a354347d,marginal,A,128,128,8.521948200002953,0.3303106278181076,0.3261252790689468,test_pix_recon,0.004185348749160822
shapley-20260606T030556Z-a354347d,marginal,A,129,129,8.592805000003864,0.3286849558353424,0.3323643803596496,test_pix_recon,-0.0036794245243071955
shapley-20260606T030556Z-a354347d,marginal,A,130,130,8.657786900002975,0.3274654895067215,0.326776772737503,test_pix_recon,0.0006887167692185003
shapley-20260606T030556Z-a354347d,marginal,A,131,131,8.724972900003195,0.3291790783405304,0.3301531672477722,test_pix_recon,-0.0009740889072418213
shapley-20260606T030556Z-a354347d,marginal,A,132,132,8.790743500001554,0.323697879910469,0.3232639133930206,test_pix_recon,0.0004339665174484253
shapley-20260606T030556Z-a354347d,marginal,A,133,133,8.859424400001444,0.3263317793607712,0.3268963247537613,test_pix_recon,-0.0005645453929901123
shapley-20260606T030556Z-a354347d,marginal,A,134,134,8.922341500001494,0.3224518746137619,0.3263724446296692,test_pix_recon,-0.003920570015907288
shapley-20260606T030556Z-a354347d,marginal,A,135,135,8.993177600001218,0.3246942311525345,0.3242286890745163,test_pix_recon,0.0004655420780181885
shapley-20260606T030556Z-a354347d,marginal,A,136,136,9.057105000003505,0.324396088719368,0.3241385072469711,test_pix_recon,0.0002575814723969061
shapley-20260606T030556Z-a354347d,marginal,A,137,137,9.123582400003215,0.3236224353313446,0.3264628648757934,test_pix_recon,-0.002840429544448797
shapley-20260606T030556Z-a354347d,marginal,A,138,138,9.18839260000459,0.3267276883125305,0.3240699023008346,test_pix_recon,0.0026577860116959173
shapley-20260606T030556Z-a354347d,marginal,A,139,139,9.251449900006264,0.3236270546913147,0.3230778276920318,test_pix_recon,0.0005492269992828924
shapley-20260606T030556Z-a354347d,marginal,A,140,140,9.318261600004917,0.3207859396934509,0.3236475735902786,test_pix_recon,-0.0028616338968276978
shapley-20260606T030556Z-a354347d,marginal,A,141,141,9.38115970000581,0.3196364045143127,0.3231397718191147,test_pix_recon,-0.0035033673048019964
shapley-20260606T030556Z-a354347d,marginal,A,142,142,9.448230200006948,0.3204811364412308,0.3214075267314911,test_pix_recon,-0.0009263902902603149
shapley-20260606T030556Z-a354347d,marginal,A,143,143,9.511682400006976,0.3201410174369812,0.3222468048334121,test_pix_recon,-0.0021057873964309137
shapley-20260606T030556Z-a354347d,marginal,A,144,144,9.578499800009013,0.3221541941165924,0.321827694773674,test_pix_recon,0.000326499342918396
shapley-20260606T030556Z-a354347d,marginal,A,145,145,9.645511500009889,0.3234579563140869,0.3211371302604675,test_pix_recon,0.0023208260536194403
shapley-20260606T030556Z-a354347d,marginal,A,146,146,9.712502000009408,0.3216635882854461,0.3222990036010742,test_pix_recon,-0.0006354153156281073
shapley-20260606T030556Z-a354347d,marginal,A,147,147,9.778941100008524,0.3220972716808319,0.3234456330537796,test_pix_recon,-0.0013483613729476929
shapley-20260606T030556Z-a354347d,marginal,A,148,148,9.8433743000096,0.3208929300308227,0.3223977535963058,test_pix_recon,-0.0015048235654830933
shapley-20260606T030556Z-a354347d,marginal,A,149,149,9.90979340000922,0.3201735764741897,0.3213122338056564,test_pix_recon,-0.0011386573314666748
shapley-20260606T030556Z-a354347d,marginal,A,150,150,9.978401500011389,0.3204464614391327,0.3207691013813019,test_pix_recon,-0.00032263994216918945
shapley-20260606T030556Z-a354347d,marginal,A,151,151,10.04098070001055,0.3196714520454407,0.3205675482749939,test_pix_recon,-0.0008960962295532227
shapley-20260606T030556Z-a354347d,marginal,A,152,152,10.106677200008562,0.3204822242259979,0.3202139288187027,test_pix_recon,0.00026829540729522705
shapley-20260606T030556Z-a354347d,marginal,A,153,153,10.174253200006206,0.3202748894691467,0.3207409679889679,test_pix_recon,-0.0004660785198212225
shapley-20260606T030556Z-a354347d,marginal,A,154,154,10.238406200005556,0.3192278891801834,0.3205054402351379,test_pix_recon,-0.0012775510549544733
shapley-20260606T030556Z-a354347d,marginal,A,155,155,10.304710400003389,0.3181952089071274,0.3200732320547104,test_pix_recon,-0.0018780231475830078
shapley-20260606T030556Z-a354347d,marginal,A,156,156,10.371441600003893,0.318009540438652,0.3205409795045852,test_pix_recon,-0.0025314390659332275
shapley-20260606T030556Z-a354347d,marginal,A,157,157,10.441842200001702,0.3174917548894882,0.3213398456573486,test_pix_recon,-0.003848090767860357
shapley-20260606T030556Z-a354347d,marginal,A,158,158,10.507875400002376,0.3180635273456573,0.3217334449291229,test_pix_recon,-0.0036699175834656317
shapley-20260606T030556Z-a354347d,marginal,A,159,159,10.574088700002903,0.3186082690954208,0.3207826316356659,test_pix_recon,-0.0021743625402451117
shapley-20260606T030556Z-a354347d,marginal,A,160,160,10.642458700003772,0.3194925040006637,0.3193646520376205,test_pix_recon,0.0001278519630432129
shapley-20260606T030556Z-a354347d,marginal,A,161,161,10.708512600005632,0.3195815980434418,0.3193520307540893,test_pix_recon,0.0002295672893524725
shapley-20260606T030556Z-a354347d,marginal,A,162,162,10.77873260000706,0.3190336674451828,0.3200487643480301,test_pix_recon,-0.00101509690284729
shapley-20260606T030556Z-a354347d,marginal,A,163,163,10.847189400006757,0.3186939656734466,0.3201838731765747,test_pix_recon,-0.0014899075031281073
shapley-20260606T030556Z-a354347d,marginal,A,164,164,10.91418940000949,0.3186393231153488,0.3198000490665436,test_pix_recon,-0.0011607259511947632
shapley-20260606T030556Z-a354347d,marginal,A,165,165,10.977948400010064,0.3187308013439178,0.3193184435367584,test_pix_recon,-0.0005876421928406317
shapley-20260606T030556Z-a354347d,marginal,A,166,166,11.043863300008525,0.3193855136632919,0.3192033618688583,test_pix_recon,0.00018215179443359375
shapley-20260606T030556Z-a354347d,marginal,A,167,167,11.111162700010029,0.3194636255502701,0.3190495371818542,test_pix_recon,0.00041408836841588803
shapley-20260606T030556Z-a354347d,marginal,A,168,168,11.179574400008278,0.319546714425087,0.3191914409399032,test_pix_recon,0.00035527348518377133
shapley-20260606T030556Z-a354347d,marginal,A,169,169,11.244683400007489,0.319345936179161,0.3193151652812958,test_pix_recon,3.07708978652399e-05
shapley-20260606T030556Z-a354347d,marginal,A,170,170,11.30930320000698,0.3186303526163101,0.3194634020328522,test_pix_recon,-0.0008330494165420532
shapley-20260606T030556Z-a354347d,marginal,A,171,171,11.374242000005324,0.3183766305446625,0.3197055608034134,test_pix_recon,-0.0013289302587509155
shapley-20260606T030556Z-a354347d,marginal,A,172,172,11.44070250000368,0.3180619478225708,0.3191238343715668,test_pix_recon,-0.0010618865489959717
shapley-20260606T030556Z-a354347d,marginal,A,173,173,11.512203700003738,0.3181019872426986,0.3186985403299331,test_pix_recon,-0.0005965530872344971
shapley-20260606T030556Z-a354347d,marginal,A,174,174,11.587687600003846,0.3183974325656891,0.3189390003681183,test_pix_recon,-0.0005415678024291992
shapley-20260606T030556Z-a354347d,marginal,A,175,175,11.652692700004993,0.3181351572275162,0.3189903795719147,test_pix_recon,-0.0008552223443984985
shapley-20260606T030556Z-a354347d,marginal,A,176,176,11.71855410000353,0.3176399916410446,0.3189576417207718,test_pix_recon,-0.0013176500797271729
shapley-20260606T030556Z-a354347d,marginal,A,177,177,11.786326700002974,0.3173793405294418,0.3191671818494797,test_pix_recon,-0.0017878413200378973
shapley-20260606T030556Z-a354347d,marginal,A,178,178,11.85256550000122,0.3174641579389572,0.3193270266056061,test_pix_recon,-0.0018628686666488647
shapley-20260606T030556Z-a354347d,marginal,A,179,179,11.918483400000696,0.3176069855690002,0.3193133622407913,test_pix_recon,-0.0017063766717911322
shapley-20260606T030556Z-a354347d,marginal,A,180,180,11.985058800000845,0.3175700902938843,0.3192111849784851,test_pix_recon,-0.00164109468460083
shapley-20260606T030556Z-a354347d,marginal,A,181,181,12.050853600001574,0.3175006508827209,0.319138765335083,test_pix_recon,-0.001638114452362116
shapley-20260606T030556Z-a354347d,marginal,A,182,182,12.118050199998834,0.317643254995346,0.3190452456474304,test_pix_recon,-0.001401990652084406
shapley-20260606T030556Z-a354347d,marginal,A,183,183,12.185830700000224,0.3178081810474396,0.3188874274492264,test_pix_recon,-0.0010792464017868042
shapley-20260606T030556Z-a354347d,marginal,A,184,184,12.25300259999858,0.3177374899387359,0.3187620490789413,test_pix_recon,-0.0010245591402053833
shapley-20260606T030556Z-a354347d,marginal,A,185,185,12.317413199998557,0.3174168318510055,0.3185624331235885,test_pix_recon,-0.0011456012725830078
shapley-20260606T030556Z-a354347d,marginal,A,186,186,12.38309179999851,0.317158505320549,0.3184898793697357,test_pix_recon,-0.0013313740491867065
shapley-20260606T030556Z-a354347d,marginal,A,187,187,12.449790199996642,0.3169987797737121,0.3184737414121628,test_pix_recon,-0.001474961638450678
shapley-20260606T030556Z-a354347d,marginal,A,188,188,12.51455619999615,0.3170076012611389,0.3186085820198059,test_pix_recon,-0.0016009807586669922
shapley-20260606T030556Z-a354347d,marginal,A,189,189,12.580926999999065,0.3171029686927795,0.3187224864959717,test_pix_recon,-0.0016195178031921942
shapley-20260606T030556Z-a354347d,marginal,A,190,190,12.643970499997522,0.3173454999923706,0.3187410682439804,test_pix_recon,-0.0013955682516098022
shapley-20260606T030556Z-a354347d,marginal,A,191,191,12.70858259999659,0.3173523098230362,0.3187258094549179,test_pix_recon,-0.0013734996318817139
shapley-20260606T030556Z-a354347d,marginal,A,192,192,12.774791999996523,0.3173585087060928,0.3187404572963714,test_pix_recon,-0.0013819485902786255
shapley-20260606T030556Z-a354347d,marginal,A,193,193,12.841151799995714,0.3173545002937317,0.3187974095344543,test_pix_recon,-0.0014429092407226007
shapley-20260606T030556Z-a354347d,marginal,A,194,194,12.906922199996188,0.317433163523674,0.3187655806541443,test_pix_recon,-0.0013324171304702759
shapley-20260606T030556Z-a354347d,marginal,A,195,195,12.973513099994308,0.3174098134040832,0.3185833245515823,test_pix_recon,-0.0011735111474990845
shapley-20260606T030556Z-a354347d,marginal,A,196,196,13.037555299993985,0.3173128217458725,0.3184503465890884,test_pix_recon,-0.0011375248432158869
shapley-20260606T030556Z-a354347d,marginal,A,197,197,13.100465199993778,0.3172715902328491,0.3184672594070434,test_pix_recon,-0.0011956691741942804
shapley-20260606T030556Z-a354347d,marginal,A,198,198,13.16978549999112,0.3172478526830673,0.3184810727834701,test_pix_recon,-0.0012332201004027765
shapley-20260606T030556Z-a354347d,marginal,A,199,199,13.233177899990553,0.3172014504671097,0.3184703737497329,test_pix_recon,-0.0012689232826232355
shapley-20260606T030620Z-79544c07,conditional,A,0,0,0.2553858999999647,0.8383354544639587,0.8590483963489532,test_pix_recon,-0.020712941884994507
shapley-20260606T030620Z-79544c07,conditional,A,1,1,0.3166135999999824,0.6745548248291016,0.6689461171627045,test_pix_recon,0.005608707666397095
shapley-20260606T030620Z-79544c07,conditional,A,2,2,0.3799418000016885,0.5802062749862671,0.5751940011978149,test_pix_recon,0.0050122737884521484
shapley-20260606T030620Z-79544c07,conditional,A,3,3,0.4408602000003156,0.5258092880249023,0.5041796416044235,test_pix_recon,0.02162964642047882
shapley-20260606T030620Z-79544c07,conditional,A,4,4,0.5004961000013282,0.4903106689453125,0.4566518068313598,test_pix_recon,0.03365886211395269
shapley-20260606T030620Z-79544c07,conditional,A,5,5,0.5608054000040283,0.465583860874176,0.4262557923793793,test_pix_recon,0.03932806849479675
shapley-20260606T030620Z-79544c07,conditional,A,6,6,0.6224972000054549,0.4412327408790588,0.3999930173158645,test_pix_recon,0.041239723563194275
shapley-20260606T030620Z-79544c07,conditional,A,7,7,0.6862001000044984,0.4194004386663437,0.3800883889198303,test_pix_recon,0.03931204974651337
shapley-20260606T030620Z-79544c07,conditional,A,8,8,0.7493268000034732,0.3942227363586426,0.3618119657039642,test_pix_recon,0.0324107706546784
shapley-20260606T030620Z-79544c07,conditional,A,9,9,0.8105863000018871,0.3751204758882522,0.3487929403781891,test_pix_recon,0.026327535510063116
shapley-20260606T030620Z-79544c07,conditional,A,10,10,0.8741866999989725,0.358188658952713,0.338895782828331,test_pix_recon,0.01929287612438202
shapley-20260606T030620Z-79544c07,conditional,A,11,11,0.9396958999968774,0.3459517508745193,0.3309932500123977,test_pix_recon,0.014958500862121582
shapley-20260606T030620Z-79544c07,conditional,A,12,12,1.0040595999962534,0.3408578038215637,0.3306990563869476,test_pix_recon,0.010158747434616144
shapley-20260606T030620Z-79544c07,conditional,A,13,13,1.0646799999958605,0.3307597488164902,0.3207688778638839,test_pix_recon,0.009990870952606257
shapley-20260606T030620Z-79544c07,conditional,A,14,14,1.12435519999417,0.3236775547266006,0.3161833882331848,test_pix_recon,0.007494166493415777
shapley-20260606T030620Z-79544c07,conditional,A,15,15,1.1838455999932194,0.3168478310108185,0.3098273128271103,test_pix_recon,0.007020518183708191
shapley-20260606T030620Z-79544c07,conditional,A,16,16,1.2436422999926435,0.3136575818061828,0.3074965476989746,test_pix_recon,0.0061610341072081964
shapley-20260606T030620Z-79544c07,conditional,A,17,17,1.3046146999913617,0.3094035238027572,0.3042063266038894,test_pix_recon,0.005197197198867798
shapley-20260606T030620Z-79544c07,conditional,A,18,18,1.364057299990236,0.3051925897598266,0.3018587529659271,test_pix_recon,0.0033338367938994806
shapley-20260606T030620Z-79544c07,conditional,A,19,19,1.4262235999885888,0.3003164082765579,0.2964080274105072,test_pix_recon,0.00390838086605072
shapley-20260606T030620Z-79544c07,conditional,A,20,20,1.49277299998721,0.2984814047813415,0.2961699515581131,test_pix_recon,0.002311453223228399
shapley-20260606T030620Z-79544c07,conditional,A,21,21,1.5579975999862654,0.2981054931879043,0.2948432862758636,test_pix_recon,0.0032622069120407104
shapley-20260606T030620Z-79544c07,conditional,A,22,22,1.6203530999846407,0.2945616990327835,0.2929317951202392,test_pix_recon,0.001629903912544306
shapley-20260606T030620Z-79544c07,conditional,A,23,23,1.6805679999815766,0.2916772365570068,0.2906709462404251,test_pix_recon,0.0010062903165816706
shapley-20260606T030620Z-79544c07,conditional,A,24,24,1.7400794999848586,0.2925113141536712,0.2909484356641769,test_pix_recon,0.0015628784894943237
shapley-20260606T030620Z-79544c07,conditional,A,25,25,1.7990248999849427,0.2907170057296753,0.2896625399589538,test_pix_recon,0.001054465770721491
shapley-20260606T030620Z-79544c07,conditional,A,26,26,1.8629697999858763,0.2898267358541488,0.2881434261798858,test_pix_recon,0.0016833096742630005
shapley-20260606T030620Z-79544c07,conditional,A,27,27,1.9247086999857856,0.2869210392236709,0.2871936410665512,test_pix_recon,-0.00027260184288030453
shapley-20260606T030620Z-79544c07,conditional,A,28,28,1.989631799984636,0.2871758341789245,0.2882074564695358,test_pix_recon,-0.0010316222906113226
shapley-20260606T030620Z-79544c07,conditional,A,29,29,2.0544486999860965,0.2852616161108017,0.2891432046890259,test_pix_recon,-0.003881588578224182
shapley-20260606T030620Z-79544c07,conditional,A,30,30,2.117121099985525,0.2832510471343994,0.2863882184028625,test_pix_recon,-0.0031371712684630793
shapley-20260606T030620Z-79544c07,conditional,A,31,31,2.177020099985384,0.2838814556598663,0.2845952659845352,test_pix_recon,-0.0007138103246689398
shapley-20260606T030620Z-79544c07,conditional,A,32,32,2.236448599986033,0.2875379472970962,0.2854931652545929,test_pix_recon,0.0020447820425033014
shapley-20260606T030620Z-79544c07,conditional,A,33,33,2.296183199985535,0.2856079488992691,0.2841659784317016,test_pix_recon,0.0014419704675674994
shapley-20260606T030620Z-79544c07,conditional,A,34,34,2.357559799984301,0.2837957590818405,0.2850107401609421,test_pix_recon,-0.0012149810791015625
shapley-20260606T030620Z-79544c07,conditional,A,35,35,2.4199053999836906,0.2858154624700546,0.2827357649803161,test_pix_recon,0.00307969748973852
shapley-20260606T030620Z-79544c07,conditional,A,36,36,2.4820981999837386,0.2837441861629486,0.2832061946392059,test_pix_recon,0.0005379915237427313
shapley-20260606T030620Z-79544c07,conditional,A,37,37,2.5420340999844484,0.2807325720787048,0.2824025601148605,test_pix_recon,-0.0016699880361557007
shapley-20260606T030620Z-79544c07,conditional,A,38,38,2.603612199985946,0.2807839810848236,0.2824441492557525,test_pix_recon,-0.0016601681709288996
shapley-20260606T030620Z-79544c07,conditional,A,39,39,2.6688552999876265,0.280847355723381,0.2841870188713074,test_pix_recon,-0.003339663147926386
shapley-20260606T030620Z-79544c07,conditional,A,40,40,2.728960399985226,0.2804406881332397,0.2821086645126343,test_pix_recon,-0.0016679763793945868
shapley-20260606T030620Z-79544c07,conditional,A,41,41,2.791099799986114,0.2835335433483124,0.2820822298526764,test_pix_recon,0.0014513134956359863
shapley-20260606T030620Z-79544c07,conditional,A,42,42,2.85465759998624,0.2841178774833679,0.2805270105600357,test_pix_recon,0.0035908669233322144
shapley-20260606T030620Z-79544c07,conditional,A,43,43,2.914470399988204,0.2829529345035553,0.2801911979913711,test_pix_recon,0.0027617365121841986
shapley-20260606T030620Z-79544c07,conditional,A,44,44,2.9758183999911125,0.279541552066803,0.2791588455438614,test_pix_recon,0.00038270652294158936
shapley-20260606T030620Z-79544c07,conditional,A,45,45,3.035125699992932,0.2789945155382156,0.2782912403345108,test_pix_recon,0.0007032752037047785
shapley-20260606T030620Z-79544c07,conditional,A,46,46,3.09805339999366,0.2837841957807541,0.2805266082286834,test_pix_recon,0.003257587552070673
shapley-20260606T030620Z-79544c07,conditional,A,47,47,3.167264899995644,0.2815816849470138,0.2809954732656479,test_pix_recon,0.0005862116813659113
shapley-20260606T030620Z-79544c07,conditional,A,48,48,3.231928499997593,0.2790090888738632,0.2780429124832153,test_pix_recon,0.0009661763906479437
shapley-20260606T030620Z-79544c07,conditional,A,49,49,3.293452699996124,0.2825243920087814,0.2801528871059418,test_pix_recon,0.002371504902839605
shapley-20260606T030620Z-79544c07,conditional,A,50,50,3.3559492999957,0.2854495048522949,0.2833704203367233,test_pix_recon,0.0020790845155715942
shapley-20260606T030620Z-79544c07,conditional,A,51,51,3.416805099994235,0.2820008397102356,0.2806025296449661,test_pix_recon,0.0013983100652694702
shapley-20260606T030620Z-79544c07,conditional,A,52,52,3.479519299995445,0.285287544131279,0.2810283750295639,test_pix_recon,0.004259169101715088
shapley-20260606T030620Z-79544c07,conditional,A,53,53,3.544957899994188,0.2826794981956482,0.2814239412546158,test_pix_recon,0.0012555569410324097
shapley-20260606T030620Z-79544c07,conditional,A,54,54,3.604573899992829,0.2824046909809112,0.2801330834627151,test_pix_recon,0.002271607518196106
shapley-20260606T030620Z-79544c07,conditional,A,55,55,3.667973499992513,0.2870038449764251,0.2814357131719589,test_pix_recon,0.005568131804466192
shapley-20260606T030620Z-79544c07,conditional,A,56,56,3.729497899992566,0.2830683439970016,0.285773366689682,test_pix_recon,-0.0027050226926804144
shapley-20260606T030620Z-79544c07,conditional,A,57,57,3.79063729999325,0.2809683084487915,0.2869268804788589,test_pix_recon,-0.005958572030067388
shapley-20260606T030620Z-79544c07,conditional,A,58,58,3.8523856999927375,0.2820620238780975,0.284116581082344,test_pix_recon,-0.002054557204246521
shapley-20260606T030620Z-79544c07,conditional,A,59,59,3.919084299992392,0.2819706201553345,0.2815739214420318,test_pix_recon,0.0003966987133026678
shapley-20260606T030620Z-79544c07,conditional,A,60,60,3.983337099994969,0.2831349074840545,0.2848266661167145,test_pix_recon,-0.0016917586326599676
shapley-20260606T030620Z-79544c07,conditional,A,61,61,4.0437534999946365,0.2845065146684646,0.2896534651517868,test_pix_recon,-0.005146950483322199
shapley-20260606T030620Z-79544c07,conditional,A,62,62,4.105447299993102,0.2838272154331207,0.2836086750030517,test_pix_recon,0.00021854043006902524
shapley-20260606T030620Z-79544c07,conditional,A,63,63,4.165605899990624,0.2824707925319671,0.2918945848941803,test_pix_recon,-0.00942379236221319
shapley-20260606T030620Z-79544c07,conditional,A,64,64,4.225735499989241,0.2829043120145798,0.2840991169214248,test_pix_recon,-0.0011948049068450373
shapley-20260606T030620Z-79544c07,conditional,A,65,65,4.290433499987557,0.2825024425983429,0.285712257027626,test_pix_recon,-0.0032098144292830866
shapley-20260606T030620Z-79544c07,conditional,A,66,66,4.3547772999882,0.2825646549463272,0.2882313430309295,test_pix_recon,-0.0056666880846023004
shapley-20260606T030620Z-79544c07,conditional,A,67,67,4.419294999988779,0.2854203879833221,0.2861903607845306,test_pix_recon,-0.0007699728012084961
shapley-20260606T030620Z-79544c07,conditional,A,68,68,4.482571999989887,0.2835283577442169,0.2867693901062011,test_pix_recon,-0.0032410323619841974
shapley-20260606T030620Z-79544c07,conditional,A,69,69,4.543192099990847,0.2834195047616958,0.2836741656064987,test_pix_recon,-0.00025466084480291196
shapley-20260606T030620Z-79544c07,conditional,A,70,70,4.603665899991029,0.2903633266687393,0.2884944230318069,test_pix_recon,0.0018689036369324286
shapley-20260606T030620Z-79544c07,conditional,A,71,71,4.665198299990152,0.2888344079256058,0.2843180298805237,test_pix_recon,0.004516378045082092
shapley-20260606T030620Z-79544c07,conditional,A,72,72,4.728291199990053,0.2920922189950943,0.288514107465744,test_pix_recon,0.0035781115293502808
shapley-20260606T030620Z-79544c07,conditional,A,73,73,4.792732099987916,0.2925400733947754,0.2905040234327316,test_pix_recon,0.0020360499620438177
shapley-20260606T030620Z-79544c07,conditional,A,74,74,4.855854299989005,0.293027251958847,0.2895290702581405,test_pix_recon,0.003498181700706482
shapley-20260606T030620Z-79544c07,conditional,A,75,75,4.918761999990238,0.2906805425882339,0.2879328578710556,test_pix_recon,0.002747684717178289
shapley-20260606T030620Z-79544c07,conditional,A,76,76,4.979895599990414,0.2894977480173111,0.2878039628267288,test_pix_recon,0.0016937851905822754
shapley-20260606T030620Z-79544c07,conditional,A,77,77,5.045743299990136,0.2931183278560638,0.2890863269567489,test_pix_recon,0.00403200089931488
shapley-20260606T030620Z-79544c07,conditional,A,78,78,5.106811399989965,0.2941066026687622,0.2870603501796722,test_pix_recon,0.007046252489090021
shapley-20260606T030620Z-79544c07,conditional,A,79,79,5.1671105999921565,0.2910556346178055,0.2913817465305328,test_pix_recon,-0.00032611191272730045
shapley-20260606T030620Z-79544c07,conditional,A,80,80,5.226335699993797,0.293529748916626,0.2947662025690079,test_pix_recon,-0.001236453652381897
shapley-20260606T030620Z-79544c07,conditional,A,81,81,5.285446999994747,0.2908808588981628,0.2913776487112045,test_pix_recon,-0.000496789813041687
shapley-20260606T030620Z-79544c07,conditional,A,82,82,5.345101399994746,0.2902996838092804,0.2927672117948532,test_pix_recon,-0.002467527985572815
shapley-20260606T030620Z-79544c07,conditional,A,83,83,5.408394599995518,0.2930284738540649,0.2993538975715637,test_pix_recon,-0.006325423717498835
shapley-20260606T030620Z-79544c07,conditional,A,84,84,5.476169399993523,0.2897762060165405,0.2961875200271606,test_pix_recon,-0.006411314010620062
shapley-20260606T030620Z-79544c07,conditional,A,85,85,5.538906399993721,0.2967609763145447,0.293264091014862,test_pix_recon,0.0034968852996826727
shapley-20260606T030620Z-79544c07,conditional,A,86,86,5.603870299994014,0.2954625785350799,0.293236643075943,test_pix_recon,0.0022259354591369074
shapley-20260606T030620Z-79544c07,conditional,A,87,87,5.67006959999344,0.2924054116010666,0.2999018579721451,test_pix_recon,-0.007496446371078491
shapley-20260606T030620Z-79544c07,conditional,A,88,88,5.73208149999482,0.2955199927091598,0.2995545268058777,test_pix_recon,-0.00403453409671789
shapley-20260606T030620Z-79544c07,conditional,A,89,89,5.791506399993523,0.2975947260856628,0.3017658591270447,test_pix_recon,-0.0041711330413818914
shapley-20260606T030620Z-79544c07,conditional,A,90,90,5.859468499995273,0.2966486066579819,0.3022821396589279,test_pix_recon,-0.005633533000946045
shapley-20260606T030620Z-79544c07,conditional,A,91,91,5.924115599995275,0.2968053370714187,0.3039258420467376,test_pix_recon,-0.007120504975318909
shapley-20260606T030620Z-79544c07,conditional,A,92,92,5.989175799993973,0.2979099750518799,0.3046358376741409,test_pix_recon,-0.006725862622260992
shapley-20260606T030620Z-79544c07,conditional,A,93,93,6.056919999995444,0.2956599742174148,0.3100479245185852,test_pix_recon,-0.014387950301170405
shapley-20260606T030620Z-79544c07,conditional,A,94,94,6.1199673999944935,0.2957130819559097,0.3020592778921127,test_pix_recon,-0.006346195936203003
shapley-20260606T030620Z-79544c07,conditional,A,95,95,6.18609619999188,0.307549849152565,0.3078447878360748,test_pix_recon,-0.00029493868350977115
shapley-20260606T030620Z-79544c07,conditional,A,96,96,6.255829799989442,0.2997550517320633,0.3065999150276184,test_pix_recon,-0.006844863295555115
shapley-20260606T030620Z-79544c07,conditional,A,97,97,6.322275099988474,0.2987909168004989,0.3015251010656357,test_pix_recon,-0.0027341842651367743
shapley-20260606T030620Z-79544c07,conditional,A,98,98,6.392221399990376,0.3014001548290252,0.3094768673181534,test_pix_recon,-0.008076712489128168
shapley-20260606T030620Z-79544c07,conditional,A,99,99,6.457267499990849,0.2977934628725052,0.304073303937912,test_pix_recon,-0.006279841065406799
shapley-20260606T030620Z-79544c07,conditional,A,100,100,6.521538299992244,0.3073202967643738,0.3105517327785492,test_pix_recon,-0.003231436014175415
shapley-20260606T030620Z-79544c07,conditional,A,101,101,6.584502599991538,0.3043859004974365,0.303212970495224,test_pix_recon,0.0011729300022125244
shapley-20260606T030620Z-79544c07,conditional,A,102,102,6.648982299990166,0.3084420710802078,0.3071048855781555,test_pix_recon,0.0013371855020523071
shapley-20260606T030620Z-79544c07,conditional,A,103,103,6.714561799992225,0.3069691210985183,0.3072817623615265,test_pix_recon,-0.0003126412630081732
shapley-20260606T030620Z-79544c07,conditional,A,104,104,6.783100299991929,0.3052448332309723,0.3110756427049637,test_pix_recon,-0.005830809473991394
shapley-20260606T030620Z-79544c07,conditional,A,105,105,6.849576999989949,0.3047032356262207,0.3147371411323547,test_pix_recon,-0.010033905506133978
shapley-20260606T030620Z-79544c07,conditional,A,106,106,6.914878899988253,0.3046273738145828,0.3123777210712433,test_pix_recon,-0.007750347256660461
shapley-20260606T030620Z-79544c07,conditional,A,107,107,6.981558199986466,0.3005212098360061,0.3159724026918411,test_pix_recon,-0.015451192855835016
shapley-20260606T030620Z-79544c07,conditional,A,108,108,7.048881299986533,0.3046102225780487,0.3138623982667923,test_pix_recon,-0.009252175688743591
shapley-20260606T030620Z-79544c07,conditional,A,109,109,7.118729299985716,0.3099331855773926,0.3205819278955459,test_pix_recon,-0.010648742318153326
shapley-20260606T030620Z-79544c07,conditional,A,110,110,7.1852859999853536,0.3099005818367004,0.3168961703777313,test_pix_recon,-0.006995588541030939
shapley-20260606T030620Z-79544c07,conditional,A,111,111,7.249998999985109,0.3100530654191971,0.3144310563802719,test_pix_recon,-0.004377990961074829
shapley-20260606T030620Z-79544c07,conditional,A,112,112,7.31637319998481,0.3137085139751434,0.3192261308431625,test_pix_recon,-0.005517616868019104
shapley-20260606T030620Z-79544c07,conditional,A,113,113,7.387342599984549,0.3142657279968261,0.3153852373361587,test_pix_recon,-0.0011195093393325806
shapley-20260606T030620Z-79544c07,conditional,A,114,114,7.452360999985103,0.3095929324626922,0.3159202188253402,test_pix_recon,-0.00632728636264801
shapley-20260606T030620Z-79544c07,conditional,A,115,115,7.518884099983552,0.3153033703565597,0.3177692294120788,test_pix_recon,-0.002465859055519104
shapley-20260606T030620Z-79544c07,conditional,A,116,116,7.590129899981548,0.3109080344438553,0.321807712316513,test_pix_recon,-0.01089967787265772
shapley-20260606T030620Z-79544c07,conditional,A,117,117,7.659034499982226,0.3113881945610046,0.317534789443016,test_pix_recon,-0.006146594882011414
shapley-20260606T030620Z-79544c07,conditional,A,118,118,7.728592399980698,0.32028329372406,0.3189378827810287,test_pix_recon,0.001345410943031311
shapley-20260606T030620Z-79544c07,conditional,A,119,119,7.796590099980676,0.3195814788341522,0.3229884207248688,test_pix_recon,-0.0034069418907165527
shapley-20260606T030620Z-79544c07,conditional,A,120,120,7.868324299979577,0.3206930756568908,0.3257501125335693,test_pix_recon,-0.005057036876678467
shapley-20260606T030620Z-79544c07,conditional,A,121,121,7.935321099979774,0.3182083964347839,0.3249708563089371,test_pix_recon,-0.006762459874153193
shapley-20260606T030620Z-79544c07,conditional,A,122,122,7.997852799981047,0.3207892924547195,0.3292673975229263,test_pix_recon,-0.008478105068206787
shapley-20260606T030620Z-79544c07,conditional,A,123,123,8.061042399982398,0.322865292429924,0.3250756561756134,test_pix_recon,-0.002210363745689392
shapley-20260606T030620Z-79544c07,conditional,A,124,124,8.13330229998246,0.3235791772603988,0.3327593952417373,test_pix_recon,-0.009180217981338501
shapley-20260606T030620Z-79544c07,conditional,A,125,125,8.207013499981258,0.3320677280426025,0.3272985965013504,test_pix_recon,0.004769131541252081
shapley-20260606T030620Z-79544c07,conditional,A,126,126,8.275009199980559,0.3204281330108642,0.330495223402977,test_pix_recon,-0.010067090392112787
shapley-20260606T030620Z-79544c07,conditional,A,127,127,8.347552299979725,0.324862465262413,0.3315235525369644,test_pix_recon,-0.006661087274551392
shapley-20260606T030620Z-79544c07,conditional,A,128,128,8.427094299979217,0.3217384368181228,0.3261252790689468,test_pix_recon,-0.004386842250823975
shapley-20260606T030620Z-79544c07,conditional,A,129,129,8.515856999980315,0.3273069709539413,0.3323643803596496,test_pix_recon,-0.005057409405708313
shapley-20260606T030620Z-79544c07,conditional,A,130,130,8.606899799982784,0.3193704932928085,0.326776772737503,test_pix_recon,-0.007406279444694519
shapley-20260606T030620Z-79544c07,conditional,A,131,131,8.703138599979866,0.3247250318527221,0.3301531672477722,test_pix_recon,-0.005428135395050104
shapley-20260606T030620Z-79544c07,conditional,A,132,132,8.794105099979788,0.3192546218633652,0.3232639133930206,test_pix_recon,-0.004009291529655401
shapley-20260606T030620Z-79544c07,conditional,A,133,133,8.860658099980355,0.3248813897371292,0.3268963247537613,test_pix_recon,-0.00201493501663208
shapley-20260606T030620Z-79544c07,conditional,A,134,134,8.925780599980499,0.3217155039310455,0.3263724446296692,test_pix_recon,-0.004656940698623713
shapley-20260606T030620Z-79544c07,conditional,A,135,135,8.996244599980855,0.3208563774824142,0.3242286890745163,test_pix_recon,-0.0033723115921021063
shapley-20260606T030620Z-79544c07,conditional,A,136,136,9.06818619998012,0.3203775435686111,0.3241385072469711,test_pix_recon,-0.0037609636783599854
shapley-20260606T030620Z-79544c07,conditional,A,137,137,9.138905999978306,0.3203818202018738,0.3264628648757934,test_pix_recon,-0.006081044673919622
shapley-20260606T030620Z-79544c07,conditional,A,138,138,9.205504399978963,0.3187911361455917,0.3240699023008346,test_pix_recon,-0.00527876615524292
shapley-20260606T030620Z-79544c07,conditional,A,139,139,9.270017499977255,0.3247097134590149,0.3230778276920318,test_pix_recon,0.0016318857669830877
shapley-20260606T030620Z-79544c07,conditional,A,140,140,9.33842509997703,0.3187148422002792,0.3236475735902786,test_pix_recon,-0.004932731389999445
shapley-20260606T030620Z-79544c07,conditional,A,141,141,9.40156379997643,0.3188330382108688,0.3231397718191147,test_pix_recon,-0.004306733608245905
shapley-20260606T030620Z-79544c07,conditional,A,142,142,9.471995599975344,0.3213212341070175,0.3214075267314911,test_pix_recon,-8.629262447357178e-05
shapley-20260606T030620Z-79544c07,conditional,A,143,143,9.546723199971892,0.3215073347091675,0.3222468048334121,test_pix_recon,-0.0007394701242446344
shapley-20260606T030620Z-79544c07,conditional,A,144,144,9.61719629997242,0.32061667740345,0.321827694773674,test_pix_recon,-0.001211017370223999
shapley-20260606T030620Z-79544c07,conditional,A,145,145,9.68803439997282,0.3199780881404876,0.3211371302604675,test_pix_recon,-0.0011590421199798584
shapley-20260606T030620Z-79544c07,conditional,A,146,146,9.751443899971491,0.3188081383705139,0.3222990036010742,test_pix_recon,-0.0034908652305603027
shapley-20260606T030620Z-79544c07,conditional,A,147,147,9.819251099972462,0.3205405920743942,0.3234456330537796,test_pix_recon,-0.002905040979385376
shapley-20260606T030620Z-79544c07,conditional,A,148,148,9.8903314999734,0.3181582987308502,0.3223977535963058,test_pix_recon,-0.004239454865455572
shapley-20260606T030620Z-79544c07,conditional,A,149,149,9.965337799974805,0.3165801763534546,0.3213122338056564,test_pix_recon,-0.004732057452201788
shapley-20260606T030620Z-79544c07,conditional,A,150,150,10.044399599973984,0.318904161453247,0.3207691013813019,test_pix_recon,-0.001864939928054865
shapley-20260606T030620Z-79544c07,conditional,A,151,151,10.119110699972223,0.3169545084238052,0.3205675482749939,test_pix_recon,-0.003613039851188715
shapley-20260606T030620Z-79544c07,conditional,A,152,152,10.188679399972898,0.3150812834501266,0.3202139288187027,test_pix_recon,-0.005132645368576105
shapley-20260606T030620Z-79544c07,conditional,A,153,153,10.260028799973952,0.3154954761266708,0.3207409679889679,test_pix_recon,-0.005245491862297114
shapley-20260606T030620Z-79544c07,conditional,A,154,154,10.33400229997278,0.3159359097480774,0.3205054402351379,test_pix_recon,-0.004569530487060491
shapley-20260606T030620Z-79544c07,conditional,A,155,155,10.40129929997056,0.3168785125017166,0.3200732320547104,test_pix_recon,-0.0031947195529937744
shapley-20260606T030620Z-79544c07,conditional,A,156,156,10.465083899973251,0.3191360384225845,0.3205409795045852,test_pix_recon,-0.0014049410820007324
shapley-20260606T030620Z-79544c07,conditional,A,157,157,10.531971499975043,0.3182360082864761,0.3213398456573486,test_pix_recon,-0.0031038373708724976
shapley-20260606T030620Z-79544c07,conditional,A,158,158,10.597638499973982,0.3164633959531784,0.3217334449291229,test_pix_recon,-0.005270048975944519
shapley-20260606T030620Z-79544c07,conditional,A,159,159,10.66235059997416,0.3165148794651031,0.3207826316356659,test_pix_recon,-0.0042677521705628
shapley-20260606T030620Z-79544c07,conditional,A,160,160,10.735511299972131,0.316352978348732,0.3193646520376205,test_pix_recon,-0.0030116736888884943
shapley-20260606T030620Z-79544c07,conditional,A,161,161,10.80138179997448,0.3177223205566406,0.3193520307540893,test_pix_recon,-0.001629710197448675
shapley-20260606T030620Z-79544c07,conditional,A,162,162,10.868060099975992,0.3160652667284012,0.3200487643480301,test_pix_recon,-0.003983497619628906
shapley-20260606T030620Z-79544c07,conditional,A,163,163,10.933786799978408,0.3153853863477707,0.3201838731765747,test_pix_recon,-0.004798486828804016
shapley-20260606T030620Z-79544c07,conditional,A,164,164,11.00022159998116,0.3150440156459808,0.3198000490665436,test_pix_recon,-0.0047560334205628
shapley-20260606T030620Z-79544c07,conditional,A,165,165,11.069827199982685,0.3146476298570633,0.3193184435367584,test_pix_recon,-0.004670813679695129
shapley-20260606T030620Z-79544c07,conditional,A,166,166,11.135370099982538,0.3156798183917999,0.3192033618688583,test_pix_recon,-0.003523543477058355
shapley-20260606T030620Z-79544c07,conditional,A,167,167,11.209576199980802,0.3160407245159149,0.3190495371818542,test_pix_recon,-0.0030088126659392755
shapley-20260606T030620Z-79544c07,conditional,A,168,168,11.280500799981382,0.3154179900884628,0.3191914409399032,test_pix_recon,-0.0037734508514404297
shapley-20260606T030620Z-79544c07,conditional,A,169,169,11.345605999980762,0.31514473259449,0.3193151652812958,test_pix_recon,-0.004170432686805781
shapley-20260606T030620Z-79544c07,conditional,A,170,170,11.410094199982268,0.3150247186422348,0.3194634020328522,test_pix_recon,-0.004438683390617371
shapley-20260606T030620Z-79544c07,conditional,A,171,171,11.474504799982242,0.3149688243865967,0.3197055608034134,test_pix_recon,-0.004736736416816711
shapley-20260606T030620Z-79544c07,conditional,A,172,172,11.545602999980474,0.3156350404024124,0.3191238343715668,test_pix_recon,-0.003488793969154358
shapley-20260606T030620Z-79544c07,conditional,A,173,173,11.62144879997868,0.314965546131134,0.3186985403299331,test_pix_recon,-0.0037329941987991333
shapley-20260606T030620Z-79544c07,conditional,A,174,174,11.691897199976664,0.3142893016338348,0.3189390003681183,test_pix_recon,-0.004649698734283503
shapley-20260606T030620Z-79544c07,conditional,A,175,175,11.758712899976672,0.3136573284864425,0.3189903795719147,test_pix_recon,-0.0053330510854721624
shapley-20260606T030620Z-79544c07,conditional,A,176,176,11.824015299975144,0.3136791586875915,0.3189576417207718,test_pix_recon,-0.005278483033180292
shapley-20260606T030620Z-79544c07,conditional,A,177,177,11.888159499972971,0.3137570768594742,0.3191671818494797,test_pix_recon,-0.005410104990005493
shapley-20260606T030620Z-79544c07,conditional,A,178,178,11.953490999974749,0.3140521794557571,0.3193270266056061,test_pix_recon,-0.0052748471498489935
shapley-20260606T030620Z-79544c07,conditional,A,179,179,12.02137629997378,0.3141325116157532,0.3193133622407913,test_pix_recon,-0.005180850625038147
shapley-20260606T030620Z-79544c07,conditional,A,180,180,12.090966199972172,0.3142215460538864,0.3192111849784851,test_pix_recon,-0.004989638924598694
shapley-20260606T030620Z-79544c07,conditional,A,181,181,12.158645999974397,0.3141092658042907,0.319138765335083,test_pix_recon,-0.005029499530792292
shapley-20260606T030620Z-79544c07,conditional,A,182,182,12.221863699975074,0.3140352070331573,0.3190452456474304,test_pix_recon,-0.005010038614273127
shapley-20260606T030620Z-79544c07,conditional,A,183,183,12.29019299997526,0.313847541809082,0.3188874274492264,test_pix_recon,-0.005039885640144404
shapley-20260606T030620Z-79544c07,conditional,A,184,184,12.35745789997236,0.3136432021856308,0.3187620490789413,test_pix_recon,-0.005118846893310491
shapley-20260606T030620Z-79544c07,conditional,A,185,185,12.421201099972675,0.3139431178569793,0.3185624331235885,test_pix_recon,-0.004619315266609192
shapley-20260606T030620Z-79544c07,conditional,A,186,186,12.484375599971829,0.3144783228635788,0.3184898793697357,test_pix_recon,-0.004011556506156921
shapley-20260606T030620Z-79544c07,conditional,A,187,187,12.551177299970732,0.3144470602273941,0.3184737414121628,test_pix_recon,-0.004026681184768677
shapley-20260606T030620Z-79544c07,conditional,A,188,188,12.618823999971935,0.3142782151699066,0.3186085820198059,test_pix_recon,-0.004330366849899292
shapley-20260606T030620Z-79544c07,conditional,A,189,189,12.685204199973668,0.3139482140541076,0.3187224864959717,test_pix_recon,-0.004774272441864069
shapley-20260606T030620Z-79544c07,conditional,A,190,190,12.748268499974074,0.3136260658502579,0.3187410682439804,test_pix_recon,-0.005115002393722534
shapley-20260606T030620Z-79544c07,conditional,A,191,191,12.81648339997264,0.3133401572704315,0.3187258094549179,test_pix_recon,-0.005385652184486389
shapley-20260606T030620Z-79544c07,conditional,A,192,192,12.883733199971177,0.3129651248455047,0.3187404572963714,test_pix_recon,-0.005775332450866699
shapley-20260606T030620Z-79544c07,conditional,A,193,193,12.949218699970515,0.3129866272211075,0.3187974095344543,test_pix_recon,-0.005810782313346807
shapley-20260606T030620Z-79544c07,conditional,A,194,194,13.014148199970805,0.3131643682718277,0.3187655806541443,test_pix_recon,-0.005601212382316589
shapley-20260606T030620Z-79544c07,conditional,A,195,195,13.080591799971444,0.3133278787136078,0.3185833245515823,test_pix_recon,-0.005255445837974493
shapley-20260606T030620Z-79544c07,conditional,A,196,196,13.144333399970492,0.3132617026567459,0.3184503465890884,test_pix_recon,-0.005188643932342474
shapley-20260606T030620Z-79544c07,conditional,A,197,197,13.210978199971578,0.3132985085248947,0.3184672594070434,test_pix_recon,-0.005168750882148687
shapley-20260606T030620Z-79544c07,conditional,A,198,198,13.27736429997094,0.3132856488227844,0.3184810727834701,test_pix_recon,-0.0051954239606856745
shapley-20260606T030620Z-79544c07,conditional,A,199,199,13.343827499971669,0.31330306828022,0.3184703737497329,test_pix_recon,-0.0051673054695129395
shapley-20260606T030531Z-d8b90fc2,baseline,A,0,0,0.2511475999999675,25.959023475646973,22.59747886657715,test_kl,3.361544609069824
shapley-20260606T030531Z-d8b90fc2,baseline,A,1,1,0.3163929000002099,47.6624641418457,50.4736385345459,test_kl,-2.8111743927001953
shapley-20260606T030531Z-d8b90fc2,baseline,A,2,2,0.3759425000025658,51.39871597290039,56.02869415283203,test_kl,-4.629978179931641
shapley-20260606T030531Z-d8b90fc2,baseline,A,3,3,0.4426608000030683,55.14850807189941,65.07112503051758,test_kl,-9.922616958618171
shapley-20260606T030531Z-d8b90fc2,baseline,A,4,4,0.5049531000040588,58.81437301635742,68.27763366699219,test_kl,-9.463260650634766
shapley-20260606T030531Z-d8b90fc2,baseline,A,5,5,0.5671753000024182,61.9566650390625,69.34104537963867,test_kl,-7.384380340576172
shapley-20260606T030531Z-d8b90fc2,baseline,A,6,6,0.6284998000046471,65.45988082885742,71.42544937133789,test_kl,-5.965568542480469
shapley-20260606T030531Z-d8b90fc2,baseline,A,7,7,0.6900957000070775,69.29703521728516,74.5756607055664,test_kl,-5.27862548828125
shapley-20260606T030531Z-d8b90fc2,baseline,A,8,8,0.7494071000073745,73.03242874145508,77.17755889892578,test_kl,-4.145130157470703
shapley-20260606T030531Z-d8b90fc2,baseline,A,9,9,0.8114906000082556,75.10209274291992,79.04121398925781,test_kl,-3.9391212463378906
shapley-20260606T030531Z-d8b90fc2,baseline,A,10,10,0.8717205000102695,78.28759765625,81.3469352722168,test_kl,-3.059337615966797
shapley-20260606T030531Z-d8b90fc2,baseline,A,11,11,0.9333835000106774,48.68307113647461,51.44063568115234,test_kl,-2.7575645446777273
shapley-20260606T030531Z-d8b90fc2,baseline,A,12,12,0.9971002000129374,25.251155853271484,27.422870635986328,test_kl,-2.1717147827148438
shapley-20260606T030531Z-d8b90fc2,baseline,A,13,13,1.0577166000111902,35.610517501831055,37.00071144104004,test_kl,-1.3901939392089844
shapley-20260606T030531Z-d8b90fc2,baseline,A,14,14,1.117318400010845,48.50006484985352,48.59477996826172,test_kl,-0.09471511840819602
shapley-20260606T030531Z-d8b90fc2,baseline,A,15,15,1.1803393000118376,43.38031005859375,44.77246284484863,test_kl,-1.3921527862548828
shapley-20260606T030531Z-d8b90fc2,baseline,A,16,16,1.2433756000100402,27.5228910446167,28.17644214630127,test_kl,-0.6535511016845703
shapley-20260606T030531Z-d8b90fc2,baseline,A,17,17,1.3046286000098917,27.6920108795166,27.932089805603027,test_kl,-0.24007892608642578
shapley-20260606T030531Z-d8b90fc2,baseline,A,18,18,1.3650011000099769,40.15998077392578,40.141204833984375,test_kl,0.01877593994140625
shapley-20260606T030531Z-d8b90fc2,baseline,A,19,19,1.4257260000085807,40.22380256652832,40.28407096862793,test_kl,-0.060268402099609375
shapley-20260606T030531Z-d8b90fc2,baseline,A,20,20,1.4869021000085922,27.48483657836914,28.413129806518555,test_kl,-0.9282932281494141
shapley-20260606T030531Z-d8b90fc2,baseline,A,21,21,1.5514335000079882,21.913084983825684,22.007824897766117,test_kl,-0.09473991394043324
shapley-20260606T030531Z-d8b90fc2,baseline,A,22,22,1.6136565000088012,27.099188804626465,27.15875244140625,test_kl,-0.059563636779785156
shapley-20260606T030531Z-d8b90fc2,baseline,A,23,23,1.694633300008718,24.620491981506348,24.673511505126957,test_kl,-0.05301952362060902
shapley-20260606T030531Z-d8b90fc2,baseline,A,24,24,1.7890231000092172,20.056188583374023,19.759666442871094,test_kl,0.2965221405029297
shapley-20260606T030531Z-d8b90fc2,baseline,A,25,25,1.873874100008834,22.87884998321533,22.987607955932617,test_kl,-0.10875797271728871
shapley-20260606T030531Z-d8b90fc2,baseline,A,26,26,1.95620210000925,21.493815422058105,21.37620449066162,test_kl,0.11761093139648438
shapley-20260606T030531Z-d8b90fc2,baseline,A,27,27,2.030190000008588,20.43784523010254,20.902045249938965,test_kl,-0.4642000198364258
shapley-20260606T030531Z-d8b90fc2,baseline,A,28,28,2.1040033000062976,22.99451160430908,20.16455364227295,test_kl,2.8299579620361293
shapley-20260606T030531Z-d8b90fc2,baseline,A,29,29,2.173253000004479,20.63158130645752,18.78693008422852,test_kl,1.8446512222290004
shapley-20260606T030531Z-d8b90fc2,baseline,A,30,30,2.239217400005145,18.337465286254883,20.406603813171387,test_kl,-2.069138526916504
shapley-20260606T030531Z-d8b90fc2,baseline,A,31,31,2.319367300005979,21.43050098419189,19.462160110473636,test_kl,1.9683408737182546
shapley-20260606T030531Z-d8b90fc2,baseline,A,32,32,2.3995997000056377,19.75764274597168,17.824336051940918,test_kl,1.9333066940307617
shapley-20260606T030531Z-d8b90fc2,baseline,A,33,33,2.4844582000041555,17.62275981903076,17.581759452819824,test_kl,0.0410003662109375
shapley-20260606T030531Z-d8b90fc2,baseline,A,34,34,2.5746009000031336,16.932523727416992,16.3532133102417,test_kl,0.579310417175293
shapley-20260606T030531Z-d8b90fc2,baseline,A,35,35,2.6630008000029197,16.23157787322998,17.49801254272461,test_kl,-1.266434669494629
shapley-20260606T030531Z-d8b90fc2,baseline,A,36,36,2.749094500002684,17.197590827941895,16.260218620300293,test_kl,0.9373722076416016
shapley-20260606T030531Z-d8b90fc2,baseline,A,37,37,2.8292210000035998,16.10671043395996,15.742196559906006,test_kl,0.3645138740539551
shapley-20260606T030531Z-d8b90fc2,baseline,A,38,38,2.914792600004148,15.172606945037842,14.882537364959717,test_kl,0.290069580078125
shapley-20260606T030531Z-d8b90fc2,baseline,A,39,39,3.0007897000068624,15.419280529022217,15.17271089553833,test_kl,0.24656963348388672
shapley-20260606T030531Z-d8b90fc2,baseline,A,40,40,3.090882100004819,15.041280269622805,14.27456760406494,test_kl,0.7667126655578649
shapley-20260606T030531Z-d8b90fc2,baseline,A,41,41,3.187972900006571,14.302812576293944,15.323480129241943,test_kl,-1.0206675529479998
shapley-20260606T030531Z-d8b90fc2,baseline,A,42,42,3.275073800006794,13.90570878982544,15.082660675048828,test_kl,-1.1769518852233887
shapley-20260606T030531Z-d8b90fc2,baseline,A,43,43,3.3605706000053037,13.512755870819092,14.694061279296877,test_kl,-1.181305408477785
shapley-20260606T030531Z-d8b90fc2,baseline,A,44,44,3.447592900007294,13.012823581695557,14.039037704467772,test_kl,-1.026214122772215
shapley-20260606T030531Z-d8b90fc2,baseline,A,45,45,3.532136600006197,13.356765270233154,13.697330474853516,test_kl,-0.34056520462036133
shapley-20260606T030531Z-d8b90fc2,baseline,A,46,46,3.6151835000055135,12.719687938690186,13.163188934326172,test_kl,-0.44350099563598633
shapley-20260606T030531Z-d8b90fc2,baseline,A,47,47,3.699544600007357,12.54967164993286,12.930316925048828,test_kl,-0.3806452751159686
shapley-20260606T030531Z-d8b90fc2,baseline,A,48,48,3.78690290000668,12.82999324798584,13.208872318267822,test_kl,-0.3788790702819824
shapley-20260606T030531Z-d8b90fc2,baseline,A,49,49,3.862376100005349,12.447580337524414,12.27818489074707,test_kl,0.16939544677734375
shapley-20260606T030531Z-d8b90fc2,baseline,A,50,50,3.940154600004462,11.880274295806885,11.94652223587036,test_kl,-0.06624794006347479
shapley-20260606T030531Z-d8b90fc2,baseline,A,51,51,4.013533600005758,11.456502914428713,11.802722454071043,test_kl,-0.34621953964233043
shapley-20260606T030531Z-d8b90fc2,baseline,A,52,52,4.085727400008182,11.82254123687744,11.907031536102297,test_kl,-0.08449029922485707
shapley-20260606T030531Z-d8b90fc2,baseline,A,53,53,4.159452200008673,11.097604274749756,11.606001377105711,test_kl,-0.5083971023559553
shapley-20260606T030531Z-d8b90fc2,baseline,A,54,54,4.230596400007926,10.76519012451172,11.554904460906982,test_kl,-0.7897143363952619
shapley-20260606T030531Z-d8b90fc2,baseline,A,55,55,4.297937000006641,11.222211360931396,10.730364799499512,test_kl,0.49184656143188477
shapley-20260606T030531Z-d8b90fc2,baseline,A,56,56,4.360931800008984,10.766696453094482,10.510607719421388,test_kl,0.2560887336730939
shapley-20260606T030531Z-d8b90fc2,baseline,A,57,57,4.421981900009996,11.03073787689209,10.094732761383057,test_kl,0.9360051155090332
shapley-20260606T030531Z-d8b90fc2,baseline,A,58,58,4.489602700006799,10.301109313964844,10.810142040252686,test_kl,-0.5090327262878418
shapley-20260606T030531Z-d8b90fc2,baseline,A,59,59,4.566971500007639,10.382330894470217,10.436325073242188,test_kl,-0.05399417877197088
shapley-20260606T030531Z-d8b90fc2,baseline,A,60,60,4.642190700007632,9.765717506408691,10.867356777191162,test_kl,-1.1016392707824707
shapley-20260606T030531Z-d8b90fc2,baseline,A,61,61,4.71858410000641,10.28634786605835,9.717298030853271,test_kl,0.5690498352050781
shapley-20260606T030531Z-d8b90fc2,baseline,A,62,62,4.78484880000542,10.058226108551024,10.019437313079834,test_kl,0.03878879547118963
shapley-20260606T030531Z-d8b90fc2,baseline,A,63,63,4.8555871000062325,9.811237812042236,10.041664600372314,test_kl,-0.23042678833007812
shapley-20260606T030531Z-d8b90fc2,baseline,A,64,64,4.930192200008605,9.409917831420898,9.693020343780518,test_kl,-0.28310251235961914
shapley-20260606T030531Z-d8b90fc2,baseline,A,65,65,5.001459200007957,9.441970825195312,9.308336734771729,test_kl,0.13363409042358398
shapley-20260606T030531Z-d8b90fc2,baseline,A,66,66,5.08244050000576,9.060986042022703,9.160390377044678,test_kl,-0.09940433502197443
shapley-20260606T030531Z-d8b90fc2,baseline,A,67,67,5.159280500003661,9.163324356079102,9.126872062683104,test_kl,0.03645229339599787
shapley-20260606T030531Z-d8b90fc2,baseline,A,68,68,5.231458800000837,9.257245063781738,9.037224292755129,test_kl,0.22002077102660955
shapley-20260606T030531Z-d8b90fc2,baseline,A,69,69,5.301855400000932,8.72540807723999,9.238641262054443,test_kl,-0.5132331848144531
shapley-20260606T030531Z-d8b90fc2,baseline,A,70,70,5.365793900000426,8.6854887008667,9.19163990020752,test_kl,-0.5061511993408203
shapley-20260606T030531Z-d8b90fc2,baseline,A,71,71,5.431233799998154,8.986539363861084,8.97546672821045,test_kl,0.011072635650634766
shapley-20260606T030531Z-d8b90fc2,baseline,A,72,72,5.50189479999608,8.403464317321777,8.620962142944336,test_kl,-0.2174978256225586
shapley-20260606T030531Z-d8b90fc2,baseline,A,73,73,5.567796999996062,8.783487319946289,8.293027400970459,test_kl,0.4904599189758301
shapley-20260606T030531Z-d8b90fc2,baseline,A,74,74,5.633646299997054,8.334641456604004,8.441410541534424,test_kl,-0.10676908493041992
shapley-20260606T030531Z-d8b90fc2,baseline,A,75,75,5.752664799994818,8.004005670547485,8.711341381072998,test_kl,-0.7073357105255127
shapley-20260606T030531Z-d8b90fc2,baseline,A,76,76,5.827297899995756,8.075668811798096,8.454288482666016,test_kl,-0.3786196708679199
shapley-20260606T030531Z-d8b90fc2,baseline,A,77,77,5.895790699996724,8.534043788909912,7.810637235641479,test_kl,0.7234065532684335
shapley-20260606T030531Z-d8b90fc2,baseline,A,78,78,5.965356999997312,7.708799362182617,8.303811073303223,test_kl,-0.5950117111206055
shapley-20260606T030531Z-d8b90fc2,baseline,A,79,79,6.037394099996163,8.078179359436035,7.979097127914429,test_kl,0.09908223152160645
shapley-20260606T030531Z-d8b90fc2,baseline,A,80,80,6.109022999997251,7.792834281921387,7.692251920700073,test_kl,0.10058236122131348
shapley-20260606T030531Z-d8b90fc2,baseline,A,81,81,6.177166499997838,7.859372854232788,7.924101114273071,test_kl,-0.0647282600402832
shapley-20260606T030531Z-d8b90fc2,baseline,A,82,82,6.24841049999668,7.387645244598389,8.027981519699097,test_kl,-0.640336275100708
shapley-20260606T030531Z-d8b90fc2,baseline,A,83,83,6.319986699996662,7.241623640060425,7.312865734100342,test_kl,-0.07124209403991699
shapley-20260606T030531Z-d8b90fc2,baseline,A,84,84,6.387170499998319,7.984746694564819,7.574584484100342,test_kl,0.41016221046447754
shapley-20260606T030531Z-d8b90fc2,baseline,A,85,85,6.454854799998429,7.5107421875,7.375508069992065,test_kl,0.13523411750793457
shapley-20260606T030531Z-d8b90fc2,baseline,A,86,86,6.521139599997696,6.800363540649414,7.226622581481934,test_kl,-0.42625904083251953
shapley-20260606T030531Z-d8b90fc2,baseline,A,87,87,6.582154599997011,6.906362295150757,7.689125776290893,test_kl,-0.7827634811401358
shapley-20260606T030531Z-d8b90fc2,baseline,A,88,88,6.649261799997476,7.668015241622925,7.226004362106323,test_kl,0.44201087951660156
shapley-20260606T030531Z-d8b90fc2,baseline,A,89,89,6.711717599995609,7.430549383163452,6.715638160705566,test_kl,0.7149112224578857
shapley-20260606T030531Z-d8b90fc2,baseline,A,90,90,6.7856661999976495,6.885869741439819,7.184347152709961,test_kl,-0.2984774112701416
shapley-20260606T030531Z-d8b90fc2,baseline,A,91,91,6.855696700000408,7.354294538497925,6.823455333709717,test_kl,0.530839204788208
shapley-20260606T030531Z-d8b90fc2,baseline,A,92,92,6.92604620000202,7.06283164024353,6.749011516571045,test_kl,0.31382012367248535
shapley-20260606T030531Z-d8b90fc2,baseline,A,93,93,7.000488400000904,6.786098480224609,6.857208967208862,test_kl,-0.07111048698425293
shapley-20260606T030531Z-d8b90fc2,baseline,A,94,94,7.072657799999433,7.005930185317993,6.975635290145874,test_kl,0.03029489517211914
shapley-20260606T030531Z-d8b90fc2,baseline,A,95,95,7.17701390000002,6.8587939739227295,6.782167196273804,test_kl,0.07662677764892578
shapley-20260606T030531Z-d8b90fc2,baseline,A,96,96,7.271519300000364,6.5599000453948975,6.209810733795166,test_kl,0.35008931159973145
shapley-20260606T030531Z-d8b90fc2,baseline,A,97,97,7.584512900000845,6.651710271835327,6.791291236877441,test_kl,-0.13958096504211426
shapley-20260606T030531Z-d8b90fc2,baseline,A,98,98,7.71906410000156,6.812058687210083,6.629258155822754,test_kl,0.1828005313873291
shapley-20260606T030531Z-d8b90fc2,baseline,A,99,99,7.850225500002125,6.174042224884033,6.544890403747559,test_kl,-0.3708481788635254
shapley-20260606T030531Z-d8b90fc2,baseline,A,100,100,7.954133200000797,6.63882851600647,5.9650208950042725,test_kl,0.6738076210021973
shapley-20260606T030531Z-d8b90fc2,baseline,A,101,101,8.040127100000973,6.555110692977905,6.440511703491211,test_kl,0.11459898948669434
shapley-20260606T030531Z-d8b90fc2,baseline,A,102,102,8.134990099999413,6.158025503158569,6.149452447891235,test_kl,0.008573055267333984
shapley-20260606T030531Z-d8b90fc2,baseline,A,103,103,8.221858400000201,6.34217095375061,6.563325166702271,test_kl,-0.22115421295166104
shapley-20260606T030531Z-d8b90fc2,baseline,A,104,104,8.29716550000012,6.187589168548584,6.191731452941895,test_kl,-0.004142284393311435
shapley-20260606T030531Z-d8b90fc2,baseline,A,105,105,8.43064349999986,5.969468355178833,6.022118330001831,test_kl,-0.05264997482299805
shapley-20260606T030531Z-d8b90fc2,baseline,A,106,106,8.535323400003108,6.306730508804321,6.160933256149292,test_kl,0.1457972526550293
shapley-20260606T030531Z-d8b90fc2,baseline,A,107,107,8.643374800005404,6.318888187408447,5.739020109176636,test_kl,0.5798680782318115
shapley-20260606T030531Z-d8b90fc2,baseline,A,108,108,8.754099600006157,5.830653429031372,6.003082990646362,test_kl,-0.17242956161499023
shapley-20260606T030531Z-d8b90fc2,baseline,A,109,109,8.853015800006688,6.17003870010376,5.67957329750061,test_kl,0.4904654026031494
shapley-20260606T030531Z-d8b90fc2,baseline,A,110,110,8.935097500005213,5.868711709976196,5.893063306808472,test_kl,-0.02435159683227539
shapley-20260606T030531Z-d8b90fc2,baseline,A,111,111,9.008987900004286,5.7487874031066895,6.029486656188965,test_kl,-0.2806992530822754
shapley-20260606T030531Z-d8b90fc2,baseline,A,112,112,9.076885300004506,6.099715948104858,5.5796496868133545,test_kl,0.5200662612915039
shapley-20260606T030531Z-d8b90fc2,baseline,A,113,113,9.149051900003542,5.682395458221436,5.818163633346558,test_kl,-0.13576817512512118
shapley-20260606T030531Z-d8b90fc2,baseline,A,114,114,9.218408700002328,5.397196769714356,5.3859477043151855,test_kl,0.01124906539917081
shapley-20260606T030531Z-d8b90fc2,baseline,A,115,115,9.286420800002816,6.137393474578857,5.49393105506897,test_kl,0.6434624195098877
shapley-20260606T030531Z-d8b90fc2,baseline,A,116,116,9.358747600002973,5.167670249938965,5.555573463439941,test_kl,-0.38790321350097656
shapley-20260606T030531Z-d8b90fc2,baseline,A,117,117,9.430643800002144,5.79118013381958,5.532232284545898,test_kl,0.25894784927368164
shapley-20260606T030531Z-d8b90fc2,baseline,A,118,118,9.497051600003031,5.834374666213989,5.556482315063477,test_kl,0.2778923511505127
shapley-20260606T030531Z-d8b90fc2,baseline,A,119,119,9.569643000002545,5.004153490066528,5.536506414413452,test_kl,-0.5323529243469238
shapley-20260606T030531Z-d8b90fc2,baseline,A,120,120,9.634442800001125,5.54479193687439,4.941997289657593,test_kl,0.6027946472167969
shapley-20260606T030531Z-d8b90fc2,baseline,A,121,121,9.703163300000597,5.374309778213501,5.493696928024292,test_kl,-0.11938714981079102
shapley-20260606T030531Z-d8b90fc2,baseline,A,122,122,9.766931100002694,5.080021858215332,5.266138315200806,test_kl,-0.18611645698547363
shapley-20260606T030531Z-d8b90fc2,baseline,A,123,123,9.835370800003147,5.122567176818848,5.421702861785889,test_kl,-0.299135684967041
shapley-20260606T030531Z-d8b90fc2,baseline,A,124,124,9.89983750000465,5.273829936981201,4.514174461364746,test_kl,0.7596554756164551
shapley-20260606T030531Z-d8b90fc2,baseline,A,125,125,9.964813700004015,5.008608341217041,5.338705539703369,test_kl,-0.3300971984863281
shapley-20260606T030531Z-d8b90fc2,baseline,A,126,126,10.033814000002168,4.907288551330566,4.951931953430176,test_kl,-0.044643402099609375
shapley-20260606T030531Z-d8b90fc2,baseline,A,127,127,10.101675700003398,5.2224884033203125,4.669851541519165,test_kl,0.5526368618011475
shapley-20260606T030531Z-d8b90fc2,baseline,A,128,128,10.165646300003573,4.747139930725098,5.687576532363892,test_kl,-0.940436601638794
shapley-20260606T030531Z-d8b90fc2,baseline,A,129,129,10.233254500002658,5.135568618774414,4.341576814651489,test_kl,0.7939918041229248
shapley-20260606T030531Z-d8b90fc2,baseline,A,130,130,10.302235900002415,4.929746389389038,5.353403568267822,test_kl,-0.4236571788787842
shapley-20260606T030531Z-d8b90fc2,baseline,A,131,131,10.374953800001094,5.075836181640625,4.617641448974609,test_kl,0.4581947326660156
shapley-20260606T030531Z-d8b90fc2,baseline,A,132,132,10.440730700000133,4.848713397979736,5.458638668060303,test_kl,-0.6099252700805664
shapley-20260606T030531Z-d8b90fc2,baseline,A,133,133,10.511770799999796,5.097583293914795,4.682262897491455,test_kl,0.41532039642333984
shapley-20260606T030531Z-d8b90fc2,baseline,A,134,134,10.581868799999938,4.820570707321167,5.269444942474365,test_kl,-0.44887423515319824
shapley-20260606T030531Z-d8b90fc2,baseline,A,135,135,10.646998300002451,4.92342734336853,4.9261438846588135,test_kl,-0.002716541290283203
shapley-20260606T030531Z-d8b90fc2,baseline,A,136,136,10.71444320000228,4.920098066329956,5.050783395767212,test_kl,-0.13068532943725586
shapley-20260606T030531Z-d8b90fc2,baseline,A,137,137,10.80115950000254,5.043755054473877,4.95174503326416,test_kl,0.0920100212097168
shapley-20260606T030531Z-d8b90fc2,baseline,A,138,138,10.883266900000308,4.982227087020874,4.967489242553711,test_kl,0.014737844467163086
shapley-20260606T030531Z-d8b90fc2,baseline,A,139,139,10.955857099997957,5.0019307136535645,5.120174884796143,test_kl,-0.11824417114257812
shapley-20260606T030531Z-d8b90fc2,baseline,A,140,140,11.022346699999616,5.210782289505005,4.848902702331543,test_kl,0.3618795871734619
shapley-20260606T030531Z-d8b90fc2,baseline,A,141,141,11.088518700002169,4.859378337860107,4.894134044647217,test_kl,-0.034755706787109375
shapley-20260606T030531Z-d8b90fc2,baseline,A,142,142,11.158798300002672,5.148378849029541,5.303090810775757,test_kl,-0.15471196174621582
shapley-20260606T030531Z-d8b90fc2,baseline,A,143,143,11.23150980000355,4.797184705734253,5.008137702941895,test_kl,-0.2109529972076425
shapley-20260606T030531Z-d8b90fc2,baseline,A,144,144,11.305238700006155,4.99275279045105,4.856313228607178,test_kl,0.13643956184387207
shapley-20260606T030531Z-d8b90fc2,baseline,A,145,145,11.379793500007509,5.22492790222168,5.068859815597534,test_kl,0.1560680866241455
shapley-20260606T030531Z-d8b90fc2,baseline,A,146,146,11.447358000008537,4.891191959381104,5.139225959777832,test_kl,-0.24803400039672763
shapley-20260606T030531Z-d8b90fc2,baseline,A,147,147,11.514928300006432,5.043287754058838,4.901426553726196,test_kl,0.1418612003326416
shapley-20260606T030531Z-d8b90fc2,baseline,A,148,148,11.587431900006775,4.934407472610474,4.936887741088867,test_kl,-0.0024802684783935547
shapley-20260606T030531Z-d8b90fc2,baseline,A,149,149,11.673021000005974,4.956238269805908,5.023075580596924,test_kl,-0.06683731079101562
shapley-20260606T030531Z-d8b90fc2,baseline,A,150,150,11.75498040000457,5.0411224365234375,4.928305149078369,test_kl,0.11281728744506836
shapley-20260606T030531Z-d8b90fc2,baseline,A,151,151,11.844382000002952,5.114403486251831,4.927407503128052,test_kl,0.1869959831237793
shapley-20260606T030531Z-d8b90fc2,baseline,A,152,152,11.9274979000038,4.901243448257446,5.106374979019165,test_kl,-0.20513153076171875
shapley-20260606T030531Z-d8b90fc2,baseline,A,153,153,12.013028600002144,4.923930644989014,4.989880084991455,test_kl,-0.0659494400024414
shapley-20260606T030531Z-d8b90fc2,baseline,A,154,154,12.096835400003329,5.2199013233184814,5.004933834075928,test_kl,0.2149674892425537
shapley-20260606T030531Z-d8b90fc2,baseline,A,155,155,12.183051100004375,4.858210802078247,5.1073267459869385,test_kl,-0.2491159439086914
shapley-20260606T030531Z-d8b90fc2,baseline,A,156,156,12.25709170000482,4.925902605056763,5.046752452850342,test_kl,-0.1208498477935791
shapley-20260606T030531Z-d8b90fc2,baseline,A,157,157,12.32708200000343,5.081903696060181,4.914135694503784,test_kl,0.16776800155639648
shapley-20260606T030531Z-d8b90fc2,baseline,A,158,158,12.399272000002384,4.945933103561401,4.909818172454834,test_kl,0.03611493110656738
shapley-20260606T030531Z-d8b90fc2,baseline,A,159,159,12.472686900000554,4.900918006896973,5.005689859390259,test_kl,-0.10477185249328613
shapley-20260606T030531Z-d8b90fc2,baseline,A,160,160,12.553138499999475,4.9822423458099365,5.08133602142334,test_kl,-0.09909367561340332
shapley-20260606T030531Z-d8b90fc2,baseline,A,161,161,12.636530400002812,5.084624528884888,4.989300727844238,test_kl,0.09532380104064941
shapley-20260606T030531Z-d8b90fc2,baseline,A,162,162,12.718624900004215,4.96208930015564,4.95408296585083,test_kl,0.00800633430480957
shapley-20260606T030531Z-d8b90fc2,baseline,A,163,163,12.791721400004462,5.0174620151519775,4.90623950958252,test_kl,0.11122250556945712
shapley-20260606T030531Z-d8b90fc2,baseline,A,164,164,12.858066900003903,5.091031312942505,4.959407806396484,test_kl,0.1316235065460205
shapley-20260606T030531Z-d8b90fc2,baseline,A,165,165,12.926985900001457,4.993582248687744,5.073435306549072,test_kl,-0.07985305786132812
shapley-20260606T030531Z-d8b90fc2,baseline,A,166,166,12.991707000001044,4.882515907287598,5.082190036773682,test_kl,-0.19967412948608398
shapley-20260606T030531Z-d8b90fc2,baseline,A,167,167,13.058037599999809,5.1041035652160645,5.033916711807251,test_kl,0.07018685340881348
shapley-20260606T030531Z-d8b90fc2,baseline,A,168,168,13.125577499999054,5.052051067352295,5.021036624908447,test_kl,0.031014442443847656
shapley-20260606T030531Z-d8b90fc2,baseline,A,169,169,13.19423040000038,4.993699073791504,5.015406608581543,test_kl,-0.021707534790039062
shapley-20260606T030531Z-d8b90fc2,baseline,A,170,170,13.261172099999383,5.089905023574829,5.017385721206665,test_kl,0.07251930236816406
shapley-20260606T030531Z-d8b90fc2,baseline,A,171,171,13.328188799998316,5.087702035903931,4.997770547866821,test_kl,0.08993148803710938
shapley-20260606T030531Z-d8b90fc2,baseline,A,172,172,13.395082599996384,5.07123875617981,5.033780097961426,test_kl,0.03745865821838379
shapley-20260606T030531Z-d8b90fc2,baseline,A,173,173,13.466349399994217,4.891246795654297,5.058336019515991,test_kl,-0.16708922386169434
shapley-20260606T030531Z-d8b90fc2,baseline,A,174,174,13.533461099996202,4.835319757461548,5.032055616378784,test_kl,-0.19673585891723633
shapley-20260606T030531Z-d8b90fc2,baseline,A,175,175,13.611534399999073,4.912617444992065,4.994492053985596,test_kl,-0.08187460899353027
shapley-20260606T030531Z-d8b90fc2,baseline,A,176,176,13.692184200001066,5.015179634094238,4.961257457733154,test_kl,0.053922176361083984
shapley-20260606T030531Z-d8b90fc2,baseline,A,177,177,13.774267700002383,5.067594289779663,4.941502571105957,test_kl,0.12609171867370605
shapley-20260606T030531Z-d8b90fc2,baseline,A,178,178,13.845204000004742,5.018494129180908,4.93311071395874,test_kl,0.08538341522216797
shapley-20260606T030531Z-d8b90fc2,baseline,A,179,179,13.919301000005362,5.07820200920105,4.941272974014282,test_kl,0.13692903518676758
shapley-20260606T030531Z-d8b90fc2,baseline,A,180,180,13.997295300006954,5.079472780227661,4.950929164886475,test_kl,0.12854361534118652
shapley-20260606T030531Z-d8b90fc2,baseline,A,181,181,14.07087570001022,5.056715726852417,4.970491170883179,test_kl,0.08622455596923828
shapley-20260606T030531Z-d8b90fc2,baseline,A,182,182,14.145806700009416,4.991548538208008,4.996254920959473,test_kl,-0.004706382751464844
shapley-20260606T030531Z-d8b90fc2,baseline,A,183,183,14.23254880000968,4.942338705062866,5.019734144210815,test_kl,-0.07739543914794922
shapley-20260606T030531Z-d8b90fc2,baseline,A,184,184,14.311456400009774,4.936590194702148,5.030940532684326,test_kl,-0.09435033798217773
shapley-20260606T030531Z-d8b90fc2,baseline,A,185,185,14.38439910001034,4.957296133041382,5.041686773300171,test_kl,-0.08439064025878906
shapley-20260606T030531Z-d8b90fc2,baseline,A,186,186,14.460588800011465,5.01603102684021,5.050072431564331,test_kl,-0.034041404724121094
shapley-20260606T030531Z-d8b90fc2,baseline,A,187,187,14.533361300011164,5.007650852203369,5.050054550170898,test_kl,-0.0424036979675293
shapley-20260606T030531Z-d8b90fc2,baseline,A,188,188,14.606807300013315,4.968504190444946,5.02449631690979,test_kl,-0.05599212646484375
shapley-20260606T030531Z-d8b90fc2,baseline,A,189,189,14.673095000016474,4.936866760253906,5.009182929992676,test_kl,-0.07231616973876953
shapley-20260606T030531Z-d8b90fc2,baseline,A,190,190,14.743181200017716,4.954997777938843,4.992376089096069,test_kl,-0.03737831115722656
shapley-20260606T030531Z-d8b90fc2,baseline,A,191,191,14.809657500016328,5.005805015563965,4.978821516036987,test_kl,0.02698349952697754
shapley-20260606T030531Z-d8b90fc2,baseline,A,192,192,14.876319500017416,5.0312888622283936,4.9698216915130615,test_kl,0.06146717071533203
shapley-20260606T030531Z-d8b90fc2,baseline,A,193,193,14.947007800019492,5.041000127792358,4.971419095993042,test_kl,0.0695810317993164
shapley-20260606T030531Z-d8b90fc2,baseline,A,194,194,15.014031000016985,5.03290867805481,4.975773811340332,test_kl,0.05713486671447754
shapley-20260606T030531Z-d8b90fc2,baseline,A,195,195,15.08119320001788,5.026183366775513,4.990215539932251,test_kl,0.03596782684326172
shapley-20260606T030531Z-d8b90fc2,baseline,A,196,196,15.149760200019957,5.022890090942383,5.00421667098999,test_kl,0.018673419952392578
shapley-20260606T030531Z-d8b90fc2,baseline,A,197,197,15.21717770001851,5.011691093444824,5.005887508392334,test_kl,0.005803585052490234
shapley-20260606T030531Z-d8b90fc2,baseline,A,198,198,15.283290000021225,5.006060838699341,4.998782157897949,test_kl,0.0072786808013916016
shapley-20260606T030531Z-d8b90fc2,baseline,A,199,199,15.350694300021132,5.0044333934783936,4.9982335567474365,test_kl,0.006199836730957031
shapley-20260606T030556Z-a354347d,marginal,A,0,0,0.2725049000000581,21.84334945678711,22.59747886657715,test_kl,-0.7541294097900391
shapley-20260606T030556Z-a354347d,marginal,A,1,1,0.3464639000012539,41.60931396484375,50.4736385345459,test_kl,-8.864324569702148
shapley-20260606T030556Z-a354347d,marginal,A,2,2,0.4145151000011537,48.311805725097656,56.02869415283203,test_kl,-7.716888427734375
shapley-20260606T030556Z-a354347d,marginal,A,3,3,0.4787499000012758,56.69854927062988,65.07112503051758,test_kl,-8.372575759887695
shapley-20260606T030556Z-a354347d,marginal,A,4,4,0.5379286999996111,61.46418571472168,68.27763366699219,test_kl,-6.813447952270508
shapley-20260606T030556Z-a354347d,marginal,A,5,5,0.602525099999184,64.4454460144043,69.34104537963867,test_kl,-4.895599365234375
shapley-20260606T030556Z-a354347d,marginal,A,6,6,0.66425949999757,65.85506057739258,71.42544937133789,test_kl,-5.5703887939453125
shapley-20260606T030556Z-a354347d,marginal,A,7,7,0.728241299995716,68.04655075073242,74.5756607055664,test_kl,-6.529109954833984
shapley-20260606T030556Z-a354347d,marginal,A,8,8,0.7939456999956747,71.39614868164062,77.17755889892578,test_kl,-5.781410217285156
shapley-20260606T030556Z-a354347d,marginal,A,9,9,0.8578752999928838,74.93090057373047,79.04121398925781,test_kl,-4.110313415527344
shapley-20260606T030556Z-a354347d,marginal,A,10,10,0.9197222999937368,77.90479278564453,81.3469352722168,test_kl,-3.4421424865722656
shapley-20260606T030556Z-a354347d,marginal,A,11,11,0.9812867999935406,48.898855209350586,51.44063568115234,test_kl,-2.5417804718017507
shapley-20260606T030556Z-a354347d,marginal,A,12,12,1.043958999995084,26.2915678024292,27.422870635986328,test_kl,-1.131302833557129
shapley-20260606T030556Z-a354347d,marginal,A,13,13,1.1076737999937905,35.40131378173828,37.00071144104004,test_kl,-1.5993976593017578
shapley-20260606T030556Z-a354347d,marginal,A,14,14,1.170055799993861,47.46988868713379,48.59477996826172,test_kl,-1.1248912811279297
shapley-20260606T030556Z-a354347d,marginal,A,15,15,1.2397043999953894,43.92903327941895,44.77246284484863,test_kl,-0.8434295654296804
shapley-20260606T030556Z-a354347d,marginal,A,16,16,1.3044405999971789,27.53737163543701,28.17644214630127,test_kl,-0.6390705108642578
shapley-20260606T030556Z-a354347d,marginal,A,17,17,1.367161499994836,27.425942420959476,27.932089805603027,test_kl,-0.5061473846435511
shapley-20260606T030556Z-a354347d,marginal,A,18,18,1.4282281999949191,39.2766227722168,40.141204833984375,test_kl,-0.8645820617675781
shapley-20260606T030556Z-a354347d,marginal,A,19,19,1.491642299995874,39.04671669006348,40.28407096862793,test_kl,-1.2373542785644531
shapley-20260606T030556Z-a354347d,marginal,A,20,20,1.5537913999942248,27.79180908203125,28.413129806518555,test_kl,-0.6213207244873047
shapley-20260606T030556Z-a354347d,marginal,A,21,21,1.6171761999939918,22.208542823791504,22.007824897766117,test_kl,0.20071792602538707
shapley-20260606T030556Z-a354347d,marginal,A,22,22,1.680006399994454,27.130736351013184,27.15875244140625,test_kl,-0.028016090393066406
shapley-20260606T030556Z-a354347d,marginal,A,23,23,1.7486694999934116,24.58264636993408,24.673511505126957,test_kl,-0.0908651351928782
shapley-20260606T030556Z-a354347d,marginal,A,24,24,1.8120987999936915,20.304851531982425,19.759666442871094,test_kl,0.5451850891113317
shapley-20260606T030556Z-a354347d,marginal,A,25,25,1.88121759999558,23.38871383666992,22.987607955932617,test_kl,0.40110588073730113
shapley-20260606T030556Z-a354347d,marginal,A,26,26,1.9429256999974316,20.677180290222168,21.37620449066162,test_kl,-0.6990242004394531
shapley-20260606T030556Z-a354347d,marginal,A,27,27,2.004638099995645,21.29142570495605,20.902045249938965,test_kl,0.3893804550170863
shapley-20260606T030556Z-a354347d,marginal,A,28,28,2.0660590999941637,20.77126979827881,20.16455364227295,test_kl,0.6067161560058594
shapley-20260606T030556Z-a354347d,marginal,A,29,29,2.1305836999963503,18.472139358520508,18.78693008422852,test_kl,-0.31479072570801137
shapley-20260606T030556Z-a354347d,marginal,A,30,30,2.1957667999959085,20.48725891113281,20.406603813171387,test_kl,0.08065509796142223
shapley-20260606T030556Z-a354347d,marginal,A,31,31,2.259305499996117,18.48040199279785,19.462160110473636,test_kl,-0.9817581176757848
shapley-20260606T030556Z-a354347d,marginal,A,32,32,2.3213826999963203,17.311285972595215,17.824336051940918,test_kl,-0.5130500793457031
shapley-20260606T030556Z-a354347d,marginal,A,33,33,2.3894912999967346,19.030765533447266,17.581759452819824,test_kl,1.4490060806274414
shapley-20260606T030556Z-a354347d,marginal,A,34,34,2.449298099996668,17.487723350524902,16.3532133102417,test_kl,1.1345100402832031
shapley-20260606T030556Z-a354347d,marginal,A,35,35,2.5082456999953138,16.577360153198242,17.49801254272461,test_kl,-0.9206523895263672
shapley-20260606T030556Z-a354347d,marginal,A,36,36,2.5701280999928717,15.417084217071531,16.260218620300293,test_kl,-0.8431344032287615
shapley-20260606T030556Z-a354347d,marginal,A,37,37,2.636033299993869,16.433016777038574,15.742196559906006,test_kl,0.6908202171325684
shapley-20260606T030556Z-a354347d,marginal,A,38,38,2.701358299993444,15.998413562774658,14.882537364959717,test_kl,1.1158761978149414
shapley-20260606T030556Z-a354347d,marginal,A,39,39,2.766935199993896,15.131369590759276,15.17271089553833,test_kl,-0.04134130477905451
shapley-20260606T030556Z-a354347d,marginal,A,40,40,2.8314769999924465,14.625950813293455,14.27456760406494,test_kl,0.3513832092285156
shapley-20260606T030556Z-a354347d,marginal,A,41,41,2.896885199992539,13.769894123077393,15.323480129241943,test_kl,-1.5535860061645508
shapley-20260606T030556Z-a354347d,marginal,A,42,42,2.9591716999930213,14.78495740890503,15.082660675048828,test_kl,-0.29770326614379883
shapley-20260606T030556Z-a354347d,marginal,A,43,43,3.0220613999917987,14.200637340545654,14.694061279296877,test_kl,-0.4934239387512225
shapley-20260606T030556Z-a354347d,marginal,A,44,44,3.085574499993527,13.631182670593262,14.039037704467772,test_kl,-0.40785503387450994
shapley-20260606T030556Z-a354347d,marginal,A,45,45,3.153348299994832,13.11810541152954,13.697330474853516,test_kl,-0.5792250633239764
shapley-20260606T030556Z-a354347d,marginal,A,46,46,3.215171299994836,13.045989990234377,13.163188934326172,test_kl,-0.1171989440917951
shapley-20260606T030556Z-a354347d,marginal,A,47,47,3.284495699994295,12.638953685760498,12.930316925048828,test_kl,-0.2913632392883301
shapley-20260606T030556Z-a354347d,marginal,A,48,48,3.3506695999931253,12.477757930755615,13.208872318267822,test_kl,-0.731114387512207
shapley-20260606T030556Z-a354347d,marginal,A,49,49,3.4175579999937327,11.85154676437378,12.27818489074707,test_kl,-0.426638126373291
shapley-20260606T030556Z-a354347d,marginal,A,50,50,3.478827999995701,11.879142761230469,11.94652223587036,test_kl,-0.0673794746398908
shapley-20260606T030556Z-a354347d,marginal,A,51,51,3.5394931999944674,11.629552364349363,11.802722454071043,test_kl,-0.1731700897216797
shapley-20260606T030556Z-a354347d,marginal,A,52,52,3.6019380999969144,11.817275524139404,11.907031536102297,test_kl,-0.0897560119628924
shapley-20260606T030556Z-a354347d,marginal,A,53,53,3.663638199999696,11.387103080749512,11.606001377105711,test_kl,-0.2188982963561994
shapley-20260606T030556Z-a354347d,marginal,A,54,54,3.7280742000002647,10.744046688079834,11.554904460906982,test_kl,-0.8108577728271484
shapley-20260606T030556Z-a354347d,marginal,A,55,55,3.788408000000345,11.037333488464355,10.730364799499512,test_kl,0.30696868896484375
shapley-20260606T030556Z-a354347d,marginal,A,56,56,3.8490335999995295,11.377692222595217,10.510607719421388,test_kl,0.8670845031738281
shapley-20260606T030556Z-a354347d,marginal,A,57,57,3.9111884999983886,10.708303451538086,10.094732761383057,test_kl,0.6135706901550293
shapley-20260606T030556Z-a354347d,marginal,A,58,58,3.970187300001271,10.378662109375,10.810142040252686,test_kl,-0.43147993087768555
shapley-20260606T030556Z-a354347d,marginal,A,59,59,4.033101100001659,10.280073165893556,10.436325073242188,test_kl,-0.15625190734863104
shapley-20260606T030556Z-a354347d,marginal,A,60,60,4.097456800001964,10.642950057983398,10.867356777191162,test_kl,-0.22440671920776367
shapley-20260606T030556Z-a354347d,marginal,A,61,61,4.157698400002118,10.1062331199646,9.717298030853271,test_kl,0.3889350891113281
shapley-20260606T030556Z-a354347d,marginal,A,62,62,4.22002060000159,10.5017991065979,10.019437313079834,test_kl,0.4823617935180664
shapley-20260606T030556Z-a354347d,marginal,A,63,63,4.283127200000308,9.940200805664062,10.041664600372314,test_kl,-0.10146379470825195
shapley-20260606T030556Z-a354347d,marginal,A,64,64,4.342164400000911,9.843246936798096,9.693020343780518,test_kl,0.15022659301757812
shapley-20260606T030556Z-a354347d,marginal,A,65,65,4.404086200000165,10.057639598846436,9.308336734771729,test_kl,0.749302864074707
shapley-20260606T030556Z-a354347d,marginal,A,66,66,4.470754999998462,9.527512073516846,9.160390377044678,test_kl,0.36712169647216797
shapley-20260606T030556Z-a354347d,marginal,A,67,67,4.532329099998606,9.429448127746582,9.126872062683104,test_kl,0.30257606506347834
shapley-20260606T030556Z-a354347d,marginal,A,68,68,4.59465839999757,9.096042156219482,9.037224292755129,test_kl,0.05881786346435369
shapley-20260606T030556Z-a354347d,marginal,A,69,69,4.65815659999862,9.333990097045898,9.238641262054443,test_kl,0.09534883499145508
shapley-20260606T030556Z-a354347d,marginal,A,70,70,4.723406499997509,8.748655796051025,9.19163990020752,test_kl,-0.44298410415649414
shapley-20260606T030556Z-a354347d,marginal,A,71,71,4.7908665999966615,8.669920444488525,8.97546672821045,test_kl,-0.30554628372192383
shapley-20260606T030556Z-a354347d,marginal,A,72,72,4.866683399995964,8.483506679534912,8.620962142944336,test_kl,-0.13745546340942383
shapley-20260606T030556Z-a354347d,marginal,A,73,73,4.934740999993664,8.780632019042969,8.293027400970459,test_kl,0.48760461807250977
shapley-20260606T030556Z-a354347d,marginal,A,74,74,5.004821599995921,8.535125732421875,8.441410541534424,test_kl,0.09371519088745117
shapley-20260606T030556Z-a354347d,marginal,A,75,75,5.077409799996531,8.59443712234497,8.711341381072998,test_kl,-0.11690425872802734
shapley-20260606T030556Z-a354347d,marginal,A,76,76,5.148508599995694,8.47214937210083,8.454288482666016,test_kl,0.017860889434814453
shapley-20260606T030556Z-a354347d,marginal,A,77,77,5.221593999995093,7.885354042053223,7.810637235641479,test_kl,0.07471680641174405
shapley-20260606T030556Z-a354347d,marginal,A,78,78,5.284525599996414,7.6125922203063965,8.303811073303223,test_kl,-0.6912188529968262
shapley-20260606T030556Z-a354347d,marginal,A,79,79,5.344928399994387,8.216158866882324,7.979097127914429,test_kl,0.2370617389678955
shapley-20260606T030556Z-a354347d,marginal,A,80,80,5.4089064999971015,7.659343004226685,7.692251920700073,test_kl,-0.03290891647338867
shapley-20260606T030556Z-a354347d,marginal,A,81,81,5.473177399999258,7.691800117492676,7.924101114273071,test_kl,-0.2323009967803955
shapley-20260606T030556Z-a354347d,marginal,A,82,82,5.532425099998363,7.560871839523315,8.027981519699097,test_kl,-0.46710968017578125
shapley-20260606T030556Z-a354347d,marginal,A,83,83,5.593250199999602,7.875531673431396,7.312865734100342,test_kl,0.5626659393310538
shapley-20260606T030556Z-a354347d,marginal,A,84,84,5.6570081999998365,7.6194908618927,7.574584484100342,test_kl,0.0449063777923584
shapley-20260606T030556Z-a354347d,marginal,A,85,85,5.7202676000015344,7.521191358566284,7.375508069992065,test_kl,0.14568328857421875
shapley-20260606T030556Z-a354347d,marginal,A,86,86,5.785786600001302,7.216898918151855,7.226622581481934,test_kl,-0.009723663330079013
shapley-20260606T030556Z-a354347d,marginal,A,87,87,5.845394800002396,7.340881824493408,7.689125776290893,test_kl,-0.34824395179748446
shapley-20260606T030556Z-a354347d,marginal,A,88,88,5.907190100002481,7.209426403045654,7.226004362106323,test_kl,-0.016577959060668945
shapley-20260606T030556Z-a354347d,marginal,A,89,89,5.966282000001229,7.524651527404785,6.715638160705566,test_kl,0.8090133666992188
shapley-20260606T030556Z-a354347d,marginal,A,90,90,6.034593300002598,6.815074920654297,7.184347152709961,test_kl,-0.36927223205566406
shapley-20260606T030556Z-a354347d,marginal,A,91,91,6.098771100001613,6.963415622711182,6.823455333709717,test_kl,0.13996028900146484
shapley-20260606T030556Z-a354347d,marginal,A,92,92,6.165938500002085,6.887911796569824,6.749011516571045,test_kl,0.1389002799987793
shapley-20260606T030556Z-a354347d,marginal,A,93,93,6.23420800000531,7.311578750610352,6.857208967208862,test_kl,0.45436978340148926
shapley-20260606T030556Z-a354347d,marginal,A,94,94,6.301026700006332,6.625992774963379,6.975635290145874,test_kl,-0.3496425151824951
shapley-20260606T030556Z-a354347d,marginal,A,95,95,6.367719300003955,6.850920915603638,6.782167196273804,test_kl,0.06875371932983398
shapley-20260606T030556Z-a354347d,marginal,A,96,96,6.4335424000018975,6.717355966567993,6.209810733795166,test_kl,0.5075452327728271
shapley-20260606T030556Z-a354347d,marginal,A,97,97,6.497457400000712,6.816989898681641,6.791291236877441,test_kl,0.02569866180419922
shapley-20260606T030556Z-a354347d,marginal,A,98,98,6.5681579999982205,6.671774387359619,6.629258155822754,test_kl,0.042516231536865234
shapley-20260606T030556Z-a354347d,marginal,A,99,99,6.635201400000369,6.38623309135437,6.544890403747559,test_kl,-0.15865731239318848
shapley-20260606T030556Z-a354347d,marginal,A,100,100,6.705199699998047,6.317986488342285,5.9650208950042725,test_kl,0.3529655933380127
shapley-20260606T030556Z-a354347d,marginal,A,101,101,6.773802399999113,6.056843519210815,6.440511703491211,test_kl,-0.3836681842803955
shapley-20260606T030556Z-a354347d,marginal,A,102,102,6.838039099999151,6.239514112472534,6.149452447891235,test_kl,0.09006166458129883
shapley-20260606T030556Z-a354347d,marginal,A,103,103,6.906992000000173,6.406774282455444,6.563325166702271,test_kl,-0.15655088424682706
shapley-20260606T030556Z-a354347d,marginal,A,104,104,6.973051799999666,6.225361347198486,6.191731452941895,test_kl,0.03362989425659091
shapley-20260606T030556Z-a354347d,marginal,A,105,105,7.037810600002558,6.214192628860474,6.022118330001831,test_kl,0.19207429885864258
shapley-20260606T030556Z-a354347d,marginal,A,106,106,7.100426700002572,5.933912515640259,6.160933256149292,test_kl,-0.2270207405090332
shapley-20260606T030556Z-a354347d,marginal,A,107,107,7.167453000001842,5.99427056312561,5.739020109176636,test_kl,0.2552504539489746
shapley-20260606T030556Z-a354347d,marginal,A,108,108,7.231114900001557,6.514464616775513,6.003082990646362,test_kl,0.5113816261291504
shapley-20260606T030556Z-a354347d,marginal,A,109,109,7.293965300003037,5.778240919113159,5.67957329750061,test_kl,0.09866762161254883
shapley-20260606T030556Z-a354347d,marginal,A,110,110,7.359274700000242,5.768493890762329,5.893063306808472,test_kl,-0.12456941604614258
shapley-20260606T030556Z-a354347d,marginal,A,111,111,7.423249600000418,5.766600131988525,6.029486656188965,test_kl,-0.26288652420043945
shapley-20260606T030556Z-a354347d,marginal,A,112,112,7.487847399999737,5.608006000518799,5.5796496868133545,test_kl,0.028356313705444336
shapley-20260606T030556Z-a354347d,marginal,A,113,113,7.5552110000026,6.00756573677063,5.818163633346558,test_kl,0.18940210342407227
shapley-20260606T030556Z-a354347d,marginal,A,114,114,7.617995700005849,5.636268615722656,5.3859477043151855,test_kl,0.2503209114074707
shapley-20260606T030556Z-a354347d,marginal,A,115,115,7.681563200007076,5.583539009094238,5.49393105506897,test_kl,0.08960795402526855
shapley-20260606T030556Z-a354347d,marginal,A,116,116,7.744833700009622,5.534016609191895,5.555573463439941,test_kl,-0.021556854248045987
shapley-20260606T030556Z-a354347d,marginal,A,117,117,7.809033200010162,5.424844264984131,5.532232284545898,test_kl,-0.10738801956176758
shapley-20260606T030556Z-a354347d,marginal,A,118,118,7.871679200008657,5.4071972370147705,5.556482315063477,test_kl,-0.14928507804870605
shapley-20260606T030556Z-a354347d,marginal,A,119,119,7.934472500008269,5.27215576171875,5.536506414413452,test_kl,-0.26435065269470215
shapley-20260606T030556Z-a354347d,marginal,A,120,120,7.997536400009267,5.338104248046875,4.941997289657593,test_kl,0.3961069583892822
shapley-20260606T030556Z-a354347d,marginal,A,121,121,8.06422690000909,5.121548891067505,5.493696928024292,test_kl,-0.3721480369567871
shapley-20260606T030556Z-a354347d,marginal,A,122,122,8.127375200008828,5.201158761978149,5.266138315200806,test_kl,-0.06497955322265625
shapley-20260606T030556Z-a354347d,marginal,A,123,123,8.191898800007039,5.381177663803101,5.421702861785889,test_kl,-0.040525197982788086
shapley-20260606T030556Z-a354347d,marginal,A,124,124,8.257482200006052,4.658368349075317,4.514174461364746,test_kl,0.1441938877105713
shapley-20260606T030556Z-a354347d,marginal,A,125,125,8.321069600006012,5.397433280944824,5.338705539703369,test_kl,0.05872774124145508
shapley-20260606T030556Z-a354347d,marginal,A,126,126,8.384047400006239,4.802943229675293,4.951931953430176,test_kl,-0.1489887237548828
shapley-20260606T030556Z-a354347d,marginal,A,127,127,8.452994400005991,5.148217439651489,4.669851541519165,test_kl,0.4783658981323242
shapley-20260606T030556Z-a354347d,marginal,A,128,128,8.521948200002953,4.764649391174316,5.687576532363892,test_kl,-0.9229271411895752
shapley-20260606T030556Z-a354347d,marginal,A,129,129,8.592805000003864,5.051201581954956,4.341576814651489,test_kl,0.7096247673034668
shapley-20260606T030556Z-a354347d,marginal,A,130,130,8.657786900002975,4.957578897476196,5.353403568267822,test_kl,-0.395824670791626
shapley-20260606T030556Z-a354347d,marginal,A,131,131,8.724972900003195,4.676487684249878,4.617641448974609,test_kl,0.058846235275268555
shapley-20260606T030556Z-a354347d,marginal,A,132,132,8.790743500001554,5.464958667755127,5.458638668060303,test_kl,0.006319999694824219
shapley-20260606T030556Z-a354347d,marginal,A,133,133,8.859424400001444,4.760915040969849,4.682262897491455,test_kl,0.07865214347839355
shapley-20260606T030556Z-a354347d,marginal,A,134,134,8.922341500001494,5.167976140975952,5.269444942474365,test_kl,-0.10146880149841309
shapley-20260606T030556Z-a354347d,marginal,A,135,135,8.993177600001218,5.100937128067017,4.9261438846588135,test_kl,0.17479324340820312
shapley-20260606T030556Z-a354347d,marginal,A,136,136,9.057105000003505,4.7481529712677,5.050783395767212,test_kl,-0.3026304244995117
shapley-20260606T030556Z-a354347d,marginal,A,137,137,9.123582400003215,5.25122332572937,4.95174503326416,test_kl,0.29947829246520996
shapley-20260606T030556Z-a354347d,marginal,A,138,138,9.18839260000459,4.692371606826782,4.967489242553711,test_kl,-0.2751176357269287
shapley-20260606T030556Z-a354347d,marginal,A,139,139,9.251449900006264,5.077584266662598,5.120174884796143,test_kl,-0.04259061813354492
shapley-20260606T030556Z-a354347d,marginal,A,140,140,9.318261600004917,5.050224542617798,4.848902702331543,test_kl,0.20132184028625488
shapley-20260606T030556Z-a354347d,marginal,A,141,141,9.38115970000581,4.976192474365234,4.894134044647217,test_kl,0.08205842971801758
shapley-20260606T030556Z-a354347d,marginal,A,142,142,9.448230200006948,4.903970956802368,5.303090810775757,test_kl,-0.39911985397338867
shapley-20260606T030556Z-a354347d,marginal,A,143,143,9.511682400006976,5.07763671875,5.008137702941895,test_kl,0.06949901580810458
shapley-20260606T030556Z-a354347d,marginal,A,144,144,9.578499800009013,5.029609680175781,4.856313228607178,test_kl,0.17329645156860352
shapley-20260606T030556Z-a354347d,marginal,A,145,145,9.645511500009889,4.876967906951904,5.068859815597534,test_kl,-0.19189190864562988
shapley-20260606T030556Z-a354347d,marginal,A,146,146,9.712502000009408,4.984317779541016,5.139225959777832,test_kl,-0.1549081802368164
shapley-20260606T030556Z-a354347d,marginal,A,147,147,9.778941100008524,5.006239891052246,4.901426553726196,test_kl,0.1048133373260498
shapley-20260606T030556Z-a354347d,marginal,A,148,148,9.8433743000096,4.961345672607422,4.936887741088867,test_kl,0.024457931518554688
shapley-20260606T030556Z-a354347d,marginal,A,149,149,9.90979340000922,4.954084634780884,5.023075580596924,test_kl,-0.06899094581604004
shapley-20260606T030556Z-a354347d,marginal,A,150,150,9.978401500011389,5.084395885467529,4.928305149078369,test_kl,0.15609073638916016
shapley-20260606T030556Z-a354347d,marginal,A,151,151,10.04098070001055,5.14009690284729,4.927407503128052,test_kl,0.21268939971923828
shapley-20260606T030556Z-a354347d,marginal,A,152,152,10.106677200008562,5.029619216918945,5.106374979019165,test_kl,-0.07675576210021973
shapley-20260606T030556Z-a354347d,marginal,A,153,153,10.174253200006206,4.929460763931274,4.989880084991455,test_kl,-0.060419321060180664
shapley-20260606T030556Z-a354347d,marginal,A,154,154,10.238406200005556,5.0576136112213135,5.004933834075928,test_kl,0.05267977714538574
shapley-20260606T030556Z-a354347d,marginal,A,155,155,10.304710400003389,5.124691009521484,5.1073267459869385,test_kl,0.0173642635345459
shapley-20260606T030556Z-a354347d,marginal,A,156,156,10.371441600003893,5.08019757270813,5.046752452850342,test_kl,0.033445119857788086
shapley-20260606T030556Z-a354347d,marginal,A,157,157,10.441842200001702,4.997892618179321,4.914135694503784,test_kl,0.08375692367553711
shapley-20260606T030556Z-a354347d,marginal,A,158,158,10.507875400002376,4.95728874206543,4.909818172454834,test_kl,0.0474705696105957
shapley-20260606T030556Z-a354347d,marginal,A,159,159,10.574088700002903,5.008594751358032,5.005689859390259,test_kl,0.0029048919677734375
shapley-20260606T030556Z-a354347d,marginal,A,160,160,10.642458700003772,5.009643316268921,5.08133602142334,test_kl,-0.07169270515441895
shapley-20260606T030556Z-a354347d,marginal,A,161,161,10.708512600005632,4.952307224273682,4.989300727844238,test_kl,-0.03699350357055664
shapley-20260606T030556Z-a354347d,marginal,A,162,162,10.77873260000706,4.965865612030029,4.95408296585083,test_kl,0.011782646179199219
shapley-20260606T030556Z-a354347d,marginal,A,163,163,10.847189400006757,5.041761875152588,4.90623950958252,test_kl,0.13552236557006747
shapley-20260606T030556Z-a354347d,marginal,A,164,164,10.91418940000949,5.062755346298218,4.959407806396484,test_kl,0.1033475399017334
shapley-20260606T030556Z-a354347d,marginal,A,165,165,10.977948400010064,5.02357816696167,5.073435306549072,test_kl,-0.049857139587402344
shapley-20260606T030556Z-a354347d,marginal,A,166,166,11.043863300008525,4.936429262161255,5.082190036773682,test_kl,-0.14576077461242676
shapley-20260606T030556Z-a354347d,marginal,A,167,167,11.111162700010029,4.900006294250488,5.033916711807251,test_kl,-0.1339104175567627
shapley-20260606T030556Z-a354347d,marginal,A,168,168,11.179574400008278,4.928266286849976,5.021036624908447,test_kl,-0.09277033805847168
shapley-20260606T030556Z-a354347d,marginal,A,169,169,11.244683400007489,4.959652185440064,5.015406608581543,test_kl,-0.055754423141478604
shapley-20260606T030556Z-a354347d,marginal,A,170,170,11.30930320000698,5.041752576828003,5.017385721206665,test_kl,0.02436685562133789
shapley-20260606T030556Z-a354347d,marginal,A,171,171,11.374242000005324,5.05765175819397,4.997770547866821,test_kl,0.05988121032714844
shapley-20260606T030556Z-a354347d,marginal,A,172,172,11.44070250000368,5.0473620891571045,5.033780097961426,test_kl,0.013581991195678711
shapley-20260606T030556Z-a354347d,marginal,A,173,173,11.512203700003738,5.002246141433716,5.058336019515991,test_kl,-0.05608987808227539
shapley-20260606T030556Z-a354347d,marginal,A,174,174,11.587687600003846,4.950518846511841,5.032055616378784,test_kl,-0.08153676986694336
shapley-20260606T030556Z-a354347d,marginal,A,175,175,11.652692700004993,4.952059268951416,4.994492053985596,test_kl,-0.04243278503417969
shapley-20260606T030556Z-a354347d,marginal,A,176,176,11.71855410000353,4.981627464294434,4.961257457733154,test_kl,0.020370006561279297
shapley-20260606T030556Z-a354347d,marginal,A,177,177,11.786326700002974,5.008741140365601,4.941502571105957,test_kl,0.06723856925964355
shapley-20260606T030556Z-a354347d,marginal,A,178,178,11.85256550000122,4.996448040008545,4.93311071395874,test_kl,0.06333732604980469
shapley-20260606T030556Z-a354347d,marginal,A,179,179,11.918483400000696,4.980672359466553,4.941272974014282,test_kl,0.03939938545227051
shapley-20260606T030556Z-a354347d,marginal,A,180,180,11.985058800000845,4.953144311904907,4.950929164886475,test_kl,0.002215147018432617
shapley-20260606T030556Z-a354347d,marginal,A,181,181,12.050853600001574,4.938076972961426,4.970491170883179,test_kl,-0.03241419792175293
shapley-20260606T030556Z-a354347d,marginal,A,182,182,12.118050199998834,4.939253568649292,4.996254920959473,test_kl,-0.057001352310180664
shapley-20260606T030556Z-a354347d,marginal,A,183,183,12.185830700000224,4.95553183555603,5.019734144210815,test_kl,-0.06420230865478516
shapley-20260606T030556Z-a354347d,marginal,A,184,184,12.25300259999858,5.008028507232666,5.030940532684326,test_kl,-0.022912025451660156
shapley-20260606T030556Z-a354347d,marginal,A,185,185,12.317413199998557,5.074859380722046,5.041686773300171,test_kl,0.033172607421875
shapley-20260606T030556Z-a354347d,marginal,A,186,186,12.38309179999851,5.105593204498291,5.050072431564331,test_kl,0.05552077293395996
shapley-20260606T030556Z-a354347d,marginal,A,187,187,12.449790199996642,5.100245237350464,5.050054550170898,test_kl,0.05019068717956543
shapley-20260606T030556Z-a354347d,marginal,A,188,188,12.51455619999615,5.091791391372681,5.02449631690979,test_kl,0.06729507446289062
shapley-20260606T030556Z-a354347d,marginal,A,189,189,12.580926999999065,5.06713080406189,5.009182929992676,test_kl,0.05794787406921387
shapley-20260606T030556Z-a354347d,marginal,A,190,190,12.643970499997522,5.02049732208252,4.992376089096069,test_kl,0.028121232986451083
shapley-20260606T030556Z-a354347d,marginal,A,191,191,12.70858259999659,4.97969651222229,4.978821516036987,test_kl,0.0008749961853027344
shapley-20260606T030556Z-a354347d,marginal,A,192,192,12.774791999996523,4.9520251750946045,4.9698216915130615,test_kl,-0.01779651641845703
shapley-20260606T030556Z-a354347d,marginal,A,193,193,12.841151799995714,4.934134721755981,4.971419095993042,test_kl,-0.037284374237061435
shapley-20260606T030556Z-a354347d,marginal,A,194,194,12.906922199996188,4.926369905471802,4.975773811340332,test_kl,-0.04940390586853027
shapley-20260606T030556Z-a354347d,marginal,A,195,195,12.973513099994308,4.943340063095093,4.990215539932251,test_kl,-0.0468754768371582
shapley-20260606T030556Z-a354347d,marginal,A,196,196,13.037555299993985,4.9659693241119385,5.00421667098999,test_kl,-0.03824734687805176
shapley-20260606T030556Z-a354347d,marginal,A,197,197,13.100465199993778,4.97957706451416,5.005887508392334,test_kl,-0.026310443878173828
shapley-20260606T030556Z-a354347d,marginal,A,198,198,13.16978549999112,4.992822408676148,4.998782157897949,test_kl,-0.00595974922180087
shapley-20260606T030556Z-a354347d,marginal,A,199,199,13.233177899990553,5.003274202346802,4.9982335567474365,test_kl,0.005040645599365234
shapley-20260606T030620Z-79544c07,conditional,A,0,0,0.2553858999999647,26.199646949768063,22.59747886657715,test_kl,3.6021680831909144
shapley-20260606T030620Z-79544c07,conditional,A,1,1,0.3166135999999824,42.16378021240234,50.4736385345459,test_kl,-8.309858322143562
shapley-20260606T030620Z-79544c07,conditional,A,2,2,0.3799418000016885,51.30904006958008,56.02869415283203,test_kl,-4.719654083251953
shapley-20260606T030620Z-79544c07,conditional,A,3,3,0.4408602000003156,55.94197463989258,65.07112503051758,test_kl,-9.129150390625
shapley-20260606T030620Z-79544c07,conditional,A,4,4,0.5004961000013282,58.30613517761231,68.27763366699219,test_kl,-9.971498489379876
shapley-20260606T030620Z-79544c07,conditional,A,5,5,0.5608054000040283,61.10118865966797,69.34104537963867,test_kl,-8.239856719970703
shapley-20260606T030620Z-79544c07,conditional,A,6,6,0.6224972000054549,65.25925827026367,71.42544937133789,test_kl,-6.166191101074219
shapley-20260606T030620Z-79544c07,conditional,A,7,7,0.6862001000044984,69.25861358642578,74.5756607055664,test_kl,-5.317047119140625
shapley-20260606T030620Z-79544c07,conditional,A,8,8,0.7493268000034732,71.86442184448242,77.17755889892578,test_kl,-5.313137054443359
shapley-20260606T030620Z-79544c07,conditional,A,9,9,0.8105863000018871,75.47270584106445,79.04121398925781,test_kl,-3.5685081481933594
shapley-20260606T030620Z-79544c07,conditional,A,10,10,0.8741866999989725,78.72152328491211,81.3469352722168,test_kl,-2.6254119873046875
shapley-20260606T030620Z-79544c07,conditional,A,11,11,0.9396958999968774,48.31099510192871,51.44063568115234,test_kl,-3.1296405792236257
shapley-20260606T030620Z-79544c07,conditional,A,12,12,1.0040595999962534,25.313072204589844,27.422870635986328,test_kl,-2.1097984313964844
shapley-20260606T030620Z-79544c07,conditional,A,13,13,1.0646799999958605,35.80543518066406,37.00071144104004,test_kl,-1.1952762603759766
shapley-20260606T030620Z-79544c07,conditional,A,14,14,1.12435519999417,47.55337524414063,48.59477996826172,test_kl,-1.0414047241210866
shapley-20260606T030620Z-79544c07,conditional,A,15,15,1.1838455999932194,43.84385108947754,44.77246284484863,test_kl,-0.9286117553710938
shapley-20260606T030620Z-79544c07,conditional,A,16,16,1.2436422999926435,27.1041259765625,28.17644214630127,test_kl,-1.0723161697387695
shapley-20260606T030620Z-79544c07,conditional,A,17,17,1.3046146999913617,26.69349956512451,27.932089805603027,test_kl,-1.2385902404785156
shapley-20260606T030620Z-79544c07,conditional,A,18,18,1.364057299990236,38.83922004699707,40.141204833984375,test_kl,-1.3019847869873047
shapley-20260606T030620Z-79544c07,conditional,A,19,19,1.4262235999885888,39.45473670959473,40.28407096862793,test_kl,-0.8293342590332031
shapley-20260606T030620Z-79544c07,conditional,A,20,20,1.49277299998721,27.59959983825684,28.413129806518555,test_kl,-0.8135299682617152
shapley-20260606T030620Z-79544c07,conditional,A,21,21,1.5579975999862654,21.54261016845703,22.007824897766117,test_kl,-0.4652147293090856
shapley-20260606T030620Z-79544c07,conditional,A,22,22,1.6203530999846407,26.160320281982425,27.15875244140625,test_kl,-0.9984321594238246
shapley-20260606T030620Z-79544c07,conditional,A,23,23,1.6805679999815766,24.530176162719727,24.673511505126957,test_kl,-0.14333534240723012
shapley-20260606T030620Z-79544c07,conditional,A,24,24,1.7400794999848586,19.94889259338379,19.759666442871094,test_kl,0.1892261505126953
shapley-20260606T030620Z-79544c07,conditional,A,25,25,1.7990248999849427,22.67560577392578,22.987607955932617,test_kl,-0.31200218200683594
shapley-20260606T030620Z-79544c07,conditional,A,26,26,1.8629697999858763,20.16824436187744,21.37620449066162,test_kl,-1.2079601287841797
shapley-20260606T030620Z-79544c07,conditional,A,27,27,1.9247086999857856,20.857351303100582,20.902045249938965,test_kl,-0.04469394683838246
shapley-20260606T030620Z-79544c07,conditional,A,28,28,1.989631799984636,21.472241401672363,20.16455364227295,test_kl,1.307687759399414
shapley-20260606T030620Z-79544c07,conditional,A,29,29,2.0544486999860965,18.3634729385376,18.78693008422852,test_kl,-0.42345714569091797
shapley-20260606T030620Z-79544c07,conditional,A,30,30,2.117121099985525,20.7473669052124,20.406603813171387,test_kl,0.3407630920410121
shapley-20260606T030620Z-79544c07,conditional,A,31,31,2.177020099985384,19.68022060394287,19.462160110473636,test_kl,0.21806049346923473
shapley-20260606T030620Z-79544c07,conditional,A,32,32,2.236448599986033,16.979865074157715,17.824336051940918,test_kl,-0.8444709777832031
shapley-20260606T030620Z-79544c07,conditional,A,33,33,2.296183199985535,19.58621883392334,17.581759452819824,test_kl,2.0044593811035156
shapley-20260606T030620Z-79544c07,conditional,A,34,34,2.357559799984301,17.190811157226562,16.3532133102417,test_kl,0.8375978469848633
shapley-20260606T030620Z-79544c07,conditional,A,35,35,2.4199053999836906,17.032716751098633,17.49801254272461,test_kl,-0.46529579162597656
shapley-20260606T030620Z-79544c07,conditional,A,36,36,2.4820981999837386,16.731375694274902,16.260218620300293,test_kl,0.4711570739746094
shapley-20260606T030620Z-79544c07,conditional,A,37,37,2.5420340999844484,15.37810468673706,15.742196559906006,test_kl,-0.3640918731689453
shapley-20260606T030620Z-79544c07,conditional,A,38,38,2.603612199985946,17.0013370513916,14.882537364959717,test_kl,2.1187996864318848
shapley-20260606T030620Z-79544c07,conditional,A,39,39,2.6688552999876265,14.977004528045654,15.17271089553833,test_kl,-0.19570636749267578
shapley-20260606T030620Z-79544c07,conditional,A,40,40,2.728960399985226,14.649755477905272,14.27456760406494,test_kl,0.37518787384033203
shapley-20260606T030620Z-79544c07,conditional,A,41,41,2.791099799986114,14.32154655456543,15.323480129241943,test_kl,-1.0019335746765137
shapley-20260606T030620Z-79544c07,conditional,A,42,42,2.85465759998624,13.236399173736572,15.082660675048828,test_kl,-1.8462615013122559
shapley-20260606T030620Z-79544c07,conditional,A,43,43,2.914470399988204,14.292919635772703,14.694061279296877,test_kl,-0.4011416435241735
shapley-20260606T030620Z-79544c07,conditional,A,44,44,2.9758183999911125,13.790470600128174,14.039037704467772,test_kl,-0.24856710433959783
shapley-20260606T030620Z-79544c07,conditional,A,45,45,3.035125699992932,13.989343643188477,13.697330474853516,test_kl,0.29201316833496094
shapley-20260606T030620Z-79544c07,conditional,A,46,46,3.09805339999366,13.379297256469728,13.163188934326172,test_kl,0.21610832214355646
shapley-20260606T030620Z-79544c07,conditional,A,47,47,3.167264899995644,13.137556552886965,12.930316925048828,test_kl,0.20723962783813654
shapley-20260606T030620Z-79544c07,conditional,A,48,48,3.231928499997593,13.18199586868286,13.208872318267822,test_kl,-0.026876449584962714
shapley-20260606T030620Z-79544c07,conditional,A,49,49,3.293452699996124,12.377050876617432,12.27818489074707,test_kl,0.09886598587036133
shapley-20260606T030620Z-79544c07,conditional,A,50,50,3.3559492999957,12.18944263458252,11.94652223587036,test_kl,0.24292039871215998
shapley-20260606T030620Z-79544c07,conditional,A,51,51,3.416805099994235,12.15292263031006,11.802722454071043,test_kl,0.3502001762390172
shapley-20260606T030620Z-79544c07,conditional,A,52,52,3.479519299995445,11.516088008880615,11.907031536102297,test_kl,-0.39094352722168146
shapley-20260606T030620Z-79544c07,conditional,A,53,53,3.544957899994188,11.314990520477297,11.606001377105711,test_kl,-0.2910108566284144
shapley-20260606T030620Z-79544c07,conditional,A,54,54,3.604573899992829,10.883968830108644,11.554904460906982,test_kl,-0.6709356307983381
shapley-20260606T030620Z-79544c07,conditional,A,55,55,3.667973499992513,10.636011123657228,10.730364799499512,test_kl,-0.09435367584228338
shapley-20260606T030620Z-79544c07,conditional,A,56,56,3.729497899992566,10.49128770828247,10.510607719421388,test_kl,-0.019320011138917792
shapley-20260606T030620Z-79544c07,conditional,A,57,57,3.79063729999325,10.675256729125977,10.094732761383057,test_kl,0.5805239677429199
shapley-20260606T030620Z-79544c07,conditional,A,58,58,3.8523856999927375,10.330143451690674,10.810142040252686,test_kl,-0.4799985885620117
shapley-20260606T030620Z-79544c07,conditional,A,59,59,3.919084299992392,10.355960845947266,10.436325073242188,test_kl,-0.08036422729492188
shapley-20260606T030620Z-79544c07,conditional,A,60,60,3.983337099994969,10.043625354766846,10.867356777191162,test_kl,-0.8237314224243164
shapley-20260606T030620Z-79544c07,conditional,A,61,61,4.0437534999946365,9.58989143371582,9.717298030853271,test_kl,-0.12740659713745117
shapley-20260606T030620Z-79544c07,conditional,A,62,62,4.105447299993102,10.13525676727295,10.019437313079834,test_kl,0.11581945419311523
shapley-20260606T030620Z-79544c07,conditional,A,63,63,4.165605899990624,9.973763942718506,10.041664600372314,test_kl,-0.0679006576538086
shapley-20260606T030620Z-79544c07,conditional,A,64,64,4.225735499989241,9.757933139801024,9.693020343780518,test_kl,0.06491279602050604
shapley-20260606T030620Z-79544c07,conditional,A,65,65,4.290433499987557,9.165644645690918,9.308336734771729,test_kl,-0.14269208908081055
shapley-20260606T030620Z-79544c07,conditional,A,66,66,4.3547772999882,9.2854642868042,9.160390377044678,test_kl,0.12507390975952148
shapley-20260606T030620Z-79544c07,conditional,A,67,67,4.419294999988779,9.363983631134031,9.126872062683104,test_kl,0.23711156845092773
shapley-20260606T030620Z-79544c07,conditional,A,68,68,4.482571999989887,9.513143062591553,9.037224292755129,test_kl,0.475918769836424
shapley-20260606T030620Z-79544c07,conditional,A,69,69,4.543192099990847,8.971880912780762,9.238641262054443,test_kl,-0.26676034927368164
shapley-20260606T030620Z-79544c07,conditional,A,70,70,4.603665899991029,8.80712890625,9.19163990020752,test_kl,-0.38451099395751953
shapley-20260606T030620Z-79544c07,conditional,A,71,71,4.665198299990152,8.67402696609497,8.97546672821045,test_kl,-0.3014397621154785
shapley-20260606T030620Z-79544c07,conditional,A,72,72,4.728291199990053,8.387805938720703,8.620962142944336,test_kl,-0.2331562042236328
shapley-20260606T030620Z-79544c07,conditional,A,73,73,4.792732099987916,8.345940589904785,8.293027400970459,test_kl,0.05291318893432617
shapley-20260606T030620Z-79544c07,conditional,A,74,74,4.855854299989005,7.981568098068237,8.441410541534424,test_kl,-0.4598424434661865
shapley-20260606T030620Z-79544c07,conditional,A,75,75,4.918761999990238,8.706919193267822,8.711341381072998,test_kl,-0.004422187805175781
shapley-20260606T030620Z-79544c07,conditional,A,76,76,4.979895599990414,8.388694286346436,8.454288482666016,test_kl,-0.06559419631958008
shapley-20260606T030620Z-79544c07,conditional,A,77,77,5.045743299990136,7.736034631729126,7.810637235641479,test_kl,-0.07460260391235263
shapley-20260606T030620Z-79544c07,conditional,A,78,78,5.106811399989965,7.653453350067139,8.303811073303223,test_kl,-0.650357723236084
shapley-20260606T030620Z-79544c07,conditional,A,79,79,5.1671105999921565,8.389472484588623,7.979097127914429,test_kl,0.41037535667419434
shapley-20260606T030620Z-79544c07,conditional,A,80,80,5.226335699993797,7.534576654434204,7.692251920700073,test_kl,-0.15767526626586914
shapley-20260606T030620Z-79544c07,conditional,A,81,81,5.285446999994747,7.802706241607666,7.924101114273071,test_kl,-0.12139487266540527
shapley-20260606T030620Z-79544c07,conditional,A,82,82,5.345101399994746,8.140295028686523,8.027981519699097,test_kl,0.11231350898742676
shapley-20260606T030620Z-79544c07,conditional,A,83,83,5.408394599995518,7.32784104347229,7.312865734100342,test_kl,0.014975309371948242
shapley-20260606T030620Z-79544c07,conditional,A,84,84,5.476169399993523,7.838475465774536,7.574584484100342,test_kl,0.26389098167419434
shapley-20260606T030620Z-79544c07,conditional,A,85,85,5.538906399993721,7.257185697555542,7.375508069992065,test_kl,-0.11832237243652344
shapley-20260606T030620Z-79544c07,conditional,A,86,86,5.603870299994014,7.058909893035889,7.226622581481934,test_kl,-0.16771268844604492
shapley-20260606T030620Z-79544c07,conditional,A,87,87,5.67006959999344,7.676612615585327,7.689125776290893,test_kl,-0.012513160705565518
shapley-20260606T030620Z-79544c07,conditional,A,88,88,5.73208149999482,7.523355722427368,7.226004362106323,test_kl,0.2973513603210449
shapley-20260606T030620Z-79544c07,conditional,A,89,89,5.791506399993523,7.086435556411743,6.715638160705566,test_kl,0.37079739570617676
shapley-20260606T030620Z-79544c07,conditional,A,90,90,5.859468499995273,6.962144136428833,7.184347152709961,test_kl,-0.22220301628112793
shapley-20260606T030620Z-79544c07,conditional,A,91,91,5.924115599995275,6.9241156578063965,6.823455333709717,test_kl,0.10066032409667969
shapley-20260606T030620Z-79544c07,conditional,A,92,92,5.989175799993973,6.827904462814331,6.749011516571045,test_kl,0.07889294624328613
shapley-20260606T030620Z-79544c07,conditional,A,93,93,6.056919999995444,6.878486394882202,6.857208967208862,test_kl,0.021277427673339844
shapley-20260606T030620Z-79544c07,conditional,A,94,94,6.1199673999944935,7.1624836921691895,6.975635290145874,test_kl,0.18684840202331543
shapley-20260606T030620Z-79544c07,conditional,A,95,95,6.18609619999188,6.369077920913696,6.782167196273804,test_kl,-0.4130892753601074
shapley-20260606T030620Z-79544c07,conditional,A,96,96,6.255829799989442,6.507302045822144,6.209810733795166,test_kl,0.2974913120269784
shapley-20260606T030620Z-79544c07,conditional,A,97,97,6.322275099988474,6.760864973068237,6.791291236877441,test_kl,-0.0304262638092041
shapley-20260606T030620Z-79544c07,conditional,A,98,98,6.392221399990376,6.898439645767212,6.629258155822754,test_kl,0.269181489944458
shapley-20260606T030620Z-79544c07,conditional,A,99,99,6.457267499990849,6.617376089096069,6.544890403747559,test_kl,0.07248568534851074
shapley-20260606T030620Z-79544c07,conditional,A,100,100,6.521538299992244,5.904354572296143,5.9650208950042725,test_kl,-0.06066632270812988
shapley-20260606T030620Z-79544c07,conditional,A,101,101,6.584502599991538,6.294509410858154,6.440511703491211,test_kl,-0.14600229263305664
shapley-20260606T030620Z-79544c07,conditional,A,102,102,6.648982299990166,6.315526247024536,6.149452447891235,test_kl,0.16607379913330078
shapley-20260606T030620Z-79544c07,conditional,A,103,103,6.714561799992225,6.151910781860352,6.563325166702271,test_kl,-0.41141438484191983
shapley-20260606T030620Z-79544c07,conditional,A,104,104,6.783100299991929,6.364234209060669,6.191731452941895,test_kl,0.17250275611877353
shapley-20260606T030620Z-79544c07,conditional,A,105,105,6.849576999989949,5.98335337638855,6.022118330001831,test_kl,-0.03876495361328125
shapley-20260606T030620Z-79544c07,conditional,A,106,106,6.914878899988253,6.0639941692352295,6.160933256149292,test_kl,-0.0969390869140625
shapley-20260606T030620Z-79544c07,conditional,A,107,107,6.981558199986466,6.447390556335449,5.739020109176636,test_kl,0.7083704471588135
shapley-20260606T030620Z-79544c07,conditional,A,108,108,7.048881299986533,5.769676923751831,6.003082990646362,test_kl,-0.23340606689453125
shapley-20260606T030620Z-79544c07,conditional,A,109,109,7.118729299985716,6.288946151733398,5.67957329750061,test_kl,0.6093728542327881
shapley-20260606T030620Z-79544c07,conditional,A,110,110,7.1852859999853536,5.765272617340088,5.893063306808472,test_kl,-0.1277906894683838
shapley-20260606T030620Z-79544c07,conditional,A,111,111,7.249998999985109,5.610250473022461,6.029486656188965,test_kl,-0.4192361831665039
shapley-20260606T030620Z-79544c07,conditional,A,112,112,7.31637319998481,5.772467136383057,5.5796496868133545,test_kl,0.19281744956970215
shapley-20260606T030620Z-79544c07,conditional,A,113,113,7.387342599984549,5.58144998550415,5.818163633346558,test_kl,-0.23671364784240723
shapley-20260606T030620Z-79544c07,conditional,A,114,114,7.452360999985103,5.6966705322265625,5.3859477043151855,test_kl,0.31072282791137695
shapley-20260606T030620Z-79544c07,conditional,A,115,115,7.518884099983552,5.809091806411743,5.49393105506897,test_kl,0.31516075134277344
shapley-20260606T030620Z-79544c07,conditional,A,116,116,7.590129899981548,5.969924688339233,5.555573463439941,test_kl,0.414351224899292
shapley-20260606T030620Z-79544c07,conditional,A,117,117,7.659034499982226,5.491848468780518,5.532232284545898,test_kl,-0.04038381576538086
shapley-20260606T030620Z-79544c07,conditional,A,118,118,7.728592399980698,5.530181884765625,5.556482315063477,test_kl,-0.026300430297851562
shapley-20260606T030620Z-79544c07,conditional,A,119,119,7.796590099980676,5.521010160446167,5.536506414413452,test_kl,-0.015496253967285156
shapley-20260606T030620Z-79544c07,conditional,A,120,120,7.868324299979577,5.6117165088653564,4.941997289657593,test_kl,0.6697192192077637
shapley-20260606T030620Z-79544c07,conditional,A,121,121,7.935321099979774,5.200066328048706,5.493696928024292,test_kl,-0.29363059997558594
shapley-20260606T030620Z-79544c07,conditional,A,122,122,7.997852799981047,4.967052698135376,5.266138315200806,test_kl,-0.2990856170654297
shapley-20260606T030620Z-79544c07,conditional,A,123,123,8.061042399982398,5.099952697753906,5.421702861785889,test_kl,-0.3217501640319824
shapley-20260606T030620Z-79544c07,conditional,A,124,124,8.13330229998246,5.15894079208374,4.514174461364746,test_kl,0.6447663307189941
shapley-20260606T030620Z-79544c07,conditional,A,125,125,8.207013499981258,4.877904653549194,5.338705539703369,test_kl,-0.4608008861541748
shapley-20260606T030620Z-79544c07,conditional,A,126,126,8.275009199980559,5.296167135238648,4.951931953430176,test_kl,0.34423518180847257
shapley-20260606T030620Z-79544c07,conditional,A,127,127,8.347552299979725,4.743481397628784,4.669851541519165,test_kl,0.07362985610961914
shapley-20260606T030620Z-79544c07,conditional,A,128,128,8.427094299979217,5.341975450515747,5.687576532363892,test_kl,-0.34560108184814453
shapley-20260606T030620Z-79544c07,conditional,A,129,129,8.515856999980315,4.56198787689209,4.341576814651489,test_kl,0.22041106224060059
shapley-20260606T030620Z-79544c07,conditional,A,130,130,8.606899799982784,5.489003419876099,5.353403568267822,test_kl,0.13559985160827637
shapley-20260606T030620Z-79544c07,conditional,A,131,131,8.703138599979866,4.465575456619263,4.617641448974609,test_kl,-0.15206599235534668
shapley-20260606T030620Z-79544c07,conditional,A,132,132,8.794105099979788,5.595085382461548,5.458638668060303,test_kl,0.13644671440124512
shapley-20260606T030620Z-79544c07,conditional,A,133,133,8.860658099980355,4.353040933609009,4.682262897491455,test_kl,-0.3292219638824463
shapley-20260606T030620Z-79544c07,conditional,A,134,134,8.925780599980499,5.688632726669312,5.269444942474365,test_kl,0.4191877841949472
shapley-20260606T030620Z-79544c07,conditional,A,135,135,8.996244599980855,4.64003324508667,4.9261438846588135,test_kl,-0.28611063957214355
shapley-20260606T030620Z-79544c07,conditional,A,136,136,9.06818619998012,5.134044647216797,5.050783395767212,test_kl,0.08326125144958496
shapley-20260606T030620Z-79544c07,conditional,A,137,137,9.138905999978306,4.774924039840698,4.95174503326416,test_kl,-0.17682099342346191
shapley-20260606T030620Z-79544c07,conditional,A,138,138,9.205504399978963,5.362644672393799,4.967489242553711,test_kl,0.3951554298400879
shapley-20260606T030620Z-79544c07,conditional,A,139,139,9.270017499977255,4.580479621887207,5.120174884796143,test_kl,-0.5396952629089355
shapley-20260606T030620Z-79544c07,conditional,A,140,140,9.33842509997703,5.210758447647095,4.848902702331543,test_kl,0.36185574531555176
shapley-20260606T030620Z-79544c07,conditional,A,141,141,9.40156379997643,5.002504825592041,4.894134044647217,test_kl,0.10837078094482422
shapley-20260606T030620Z-79544c07,conditional,A,142,142,9.471995599975344,4.7822887897491455,5.303090810775757,test_kl,-0.5208020210266113
shapley-20260606T030620Z-79544c07,conditional,A,143,143,9.546723199971892,5.205491065979004,5.008137702941895,test_kl,0.1973533630371085
shapley-20260606T030620Z-79544c07,conditional,A,144,144,9.61719629997242,4.835662364959717,4.856313228607178,test_kl,-0.020650863647460938
shapley-20260606T030620Z-79544c07,conditional,A,145,145,9.68803439997282,5.17389988899231,5.068859815597534,test_kl,0.10504007339477539
shapley-20260606T030620Z-79544c07,conditional,A,146,146,9.751443899971491,4.782496452331543,5.139225959777832,test_kl,-0.35672950744628906
shapley-20260606T030620Z-79544c07,conditional,A,147,147,9.819251099972462,5.214286804199219,4.901426553726196,test_kl,0.31286025047302246
shapley-20260606T030620Z-79544c07,conditional,A,148,148,9.8903314999734,4.937982559204102,4.936887741088867,test_kl,0.001094818115234375
shapley-20260606T030620Z-79544c07,conditional,A,149,149,9.965337799974805,4.943335294723511,5.023075580596924,test_kl,-0.07974028587341309
shapley-20260606T030620Z-79544c07,conditional,A,150,150,10.044399599973984,5.147756576538086,4.928305149078369,test_kl,0.2194514274597168
shapley-20260606T030620Z-79544c07,conditional,A,151,151,10.119110699972223,4.911127328872681,4.927407503128052,test_kl,-0.016280174255371094
shapley-20260606T030620Z-79544c07,conditional,A,152,152,10.188679399972898,4.879345417022705,5.106374979019165,test_kl,-0.22702956199645996
shapley-20260606T030620Z-79544c07,conditional,A,153,153,10.260028799973952,5.142431259155273,4.989880084991455,test_kl,0.15255117416381836
shapley-20260606T030620Z-79544c07,conditional,A,154,154,10.33400229997278,5.140618324279785,5.004933834075928,test_kl,0.13568449020385742
shapley-20260606T030620Z-79544c07,conditional,A,155,155,10.40129929997056,4.994956016540527,5.1073267459869385,test_kl,-0.11237072944641113
shapley-20260606T030620Z-79544c07,conditional,A,156,156,10.465083899973251,4.748399257659912,5.046752452850342,test_kl,-0.2983531951904297
shapley-20260606T030620Z-79544c07,conditional,A,157,157,10.531971499975043,5.050248861312866,4.914135694503784,test_kl,0.13611316680908203
shapley-20260606T030620Z-79544c07,conditional,A,158,158,10.597638499973982,5.102771043777466,4.909818172454834,test_kl,0.19295287132263184
shapley-20260606T030620Z-79544c07,conditional,A,159,159,10.66235059997416,5.10575008392334,5.005689859390259,test_kl,0.10006022453308105
shapley-20260606T030620Z-79544c07,conditional,A,160,160,10.735511299972131,4.987629413604736,5.08133602142334,test_kl,-0.09370660781860352
shapley-20260606T030620Z-79544c07,conditional,A,161,161,10.80138179997448,4.821364641189575,4.989300727844238,test_kl,-0.16793608665466309
shapley-20260606T030620Z-79544c07,conditional,A,162,162,10.868060099975992,4.955873727798462,4.95408296585083,test_kl,0.001790761947631836
shapley-20260606T030620Z-79544c07,conditional,A,163,163,10.933786799978408,5.016579389572144,4.90623950958252,test_kl,0.11033987998962402
shapley-20260606T030620Z-79544c07,conditional,A,164,164,11.00022159998116,5.041929244995117,4.959407806396484,test_kl,0.08252143859863281
shapley-20260606T030620Z-79544c07,conditional,A,165,165,11.069827199982685,5.138572216033936,5.073435306549072,test_kl,0.06513690948486417
shapley-20260606T030620Z-79544c07,conditional,A,166,166,11.135370099982538,4.91930365562439,5.082190036773682,test_kl,-0.162886381149292
shapley-20260606T030620Z-79544c07,conditional,A,167,167,11.209576199980802,4.822618722915649,5.033916711807251,test_kl,-0.21129798889160156
shapley-20260606T030620Z-79544c07,conditional,A,168,168,11.280500799981382,5.024394750595093,5.021036624908447,test_kl,0.003358125686645508
shapley-20260606T030620Z-79544c07,conditional,A,169,169,11.345605999980762,5.091200113296509,5.015406608581543,test_kl,0.07579350471496582
shapley-20260606T030620Z-79544c07,conditional,A,170,170,11.410094199982268,4.989562749862671,5.017385721206665,test_kl,-0.02782297134399414
shapley-20260606T030620Z-79544c07,conditional,A,171,171,11.474504799982242,4.978924036026001,4.997770547866821,test_kl,-0.018846511840820312
shapley-20260606T030620Z-79544c07,conditional,A,172,172,11.545602999980474,5.027764558792114,5.033780097961426,test_kl,-0.0060155391693115234
shapley-20260606T030620Z-79544c07,conditional,A,173,173,11.62144879997868,5.024244546890259,5.058336019515991,test_kl,-0.03409147262573242
shapley-20260606T030620Z-79544c07,conditional,A,174,174,11.691897199976664,4.990051507949829,5.032055616378784,test_kl,-0.04200410842895508
shapley-20260606T030620Z-79544c07,conditional,A,175,175,11.758712899976672,4.958793878555298,4.994492053985596,test_kl,-0.03569817543029785
shapley-20260606T030620Z-79544c07,conditional,A,176,176,11.824015299975144,4.988746166229248,4.961257457733154,test_kl,0.02748870849609375
shapley-20260606T030620Z-79544c07,conditional,A,177,177,11.888159499972971,5.0431976318359375,4.941502571105957,test_kl,0.10169506072998047
shapley-20260606T030620Z-79544c07,conditional,A,178,178,11.953490999974749,5.038794994354248,4.93311071395874,test_kl,0.10568428039550781
shapley-20260606T030620Z-79544c07,conditional,A,179,179,12.02137629997378,5.078717231750488,4.941272974014282,test_kl,0.13744425773620605
shapley-20260606T030620Z-79544c07,conditional,A,180,180,12.090966199972172,5.109012842178345,4.950929164886475,test_kl,0.15808367729187012
shapley-20260606T030620Z-79544c07,conditional,A,181,181,12.158645999974397,5.0466156005859375,4.970491170883179,test_kl,0.07612442970275879
shapley-20260606T030620Z-79544c07,conditional,A,182,182,12.221863699975074,4.966251373291016,4.996254920959473,test_kl,-0.03000354766845703
shapley-20260606T030620Z-79544c07,conditional,A,183,183,12.29019299997526,4.974436283111572,5.019734144210815,test_kl,-0.045297861099243164
shapley-20260606T030620Z-79544c07,conditional,A,184,184,12.35745789997236,4.980717897415161,5.030940532684326,test_kl,-0.05022263526916504
shapley-20260606T030620Z-79544c07,conditional,A,185,185,12.421201099972675,4.967531442642212,5.041686773300171,test_kl,-0.07415533065795898
shapley-20260606T030620Z-79544c07,conditional,A,186,186,12.484375599971829,4.963531255722046,5.050072431564331,test_kl,-0.08654117584228516
shapley-20260606T030620Z-79544c07,conditional,A,187,187,12.551177299970732,4.987310171127319,5.050054550170898,test_kl,-0.0627443790435791
shapley-20260606T030620Z-79544c07,conditional,A,188,188,12.618823999971935,4.9750964641571045,5.02449631690979,test_kl,-0.04939985275268555
shapley-20260606T030620Z-79544c07,conditional,A,189,189,12.685204199973668,4.982116460800171,5.009182929992676,test_kl,-0.027066469192504883
shapley-20260606T030620Z-79544c07,conditional,A,190,190,12.748268499974074,4.970682621002197,4.992376089096069,test_kl,-0.02169346809387207
shapley-20260606T030620Z-79544c07,conditional,A,191,191,12.81648339997264,4.982421875,4.978821516036987,test_kl,0.0036003589630126953
shapley-20260606T030620Z-79544c07,conditional,A,192,192,12.883733199971177,5.008721828460693,4.9698216915130615,test_kl,0.038900136947631836
shapley-20260606T030620Z-79544c07,conditional,A,193,193,12.949218699970515,5.026482343673706,4.971419095993042,test_kl,0.05506324768066406
shapley-20260606T030620Z-79544c07,conditional,A,194,194,13.014148199970805,5.006620407104492,4.975773811340332,test_kl,0.030846595764160156
shapley-20260606T030620Z-79544c07,conditional,A,195,195,13.080591799971444,5.000191688537598,4.990215539932251,test_kl,0.00997614860534668
shapley-20260606T030620Z-79544c07,conditional,A,196,196,13.144333399970492,5.017038583755493,5.00421667098999,test_kl,0.01282191276550293
shapley-20260606T030620Z-79544c07,conditional,A,197,197,13.210978199971578,5.033284425735474,5.005887508392334,test_kl,0.02739691734313965
shapley-20260606T030620Z-79544c07,conditional,A,198,198,13.27736429997094,5.032047986984253,4.998782157897949,test_kl,0.03326582908630371
shapley-20260606T030620Z-79544c07,conditional,A,199,199,13.343827499971669,5.020668268203735,4.9982335567474365,test_kl,0.022434711456298828
