node_id,mask,coalition_size,c_value,mean,second_moment,variance,effective_count,effective_count_pre,blend_weight,probability,n_new,global_progress,epoch,cycle,sampling_phase,run_id,training_type,shapley_tactic
0,0,0,1.0,-1.3351693153381348,2.003725290298462,0.2210482358932495,32.0,0.0,1.0,0.1741703748703003,32,0.0,49,0,1,shapley-20260606T023844Z-ebfd80f0,shapley,baseline
1,10000,1,0.4000000059604645,-1.291460037231445,1.8969733715057373,0.2291043996810913,32.0,0.0,1.0,0.07151909917593,32,0.0,49,0,1,shapley-20260606T023844Z-ebfd80f0,shapley,baseline
2,1000,1,0.4000000059604645,-0.4208768010139465,0.2099401205778122,0.0328028351068496,32.0,0.0,1.0,0.0276836808770895,32,0.0,49,0,1,shapley-20260606T023844Z-ebfd80f0,shapley,baseline
3,11000,2,0.2000000029802322,-0.3685869574546814,0.1496869325637817,0.0138305872678756,32.0,0.0,1.0,0.0096632409840822,32,0.0,49,0,1,shapley-20260606T023844Z-ebfd80f0,shapley,baseline
4,100,1,0.4000000059604645,-1.0155587196350098,1.1435115337371826,0.1121519804000854,32.0,0.0,1.0,0.0503393597900867,32,0.0,49,0,1,shapley-20260606T023844Z-ebfd80f0,shapley,baseline
5,10100,2,0.2000000029802322,-1.032300591468811,1.2436292171478271,0.1779847145080566,32.0,0.0,1.0,0.032077882438898,32,0.0,49,0,1,shapley-20260606T023844Z-ebfd80f0,shapley,baseline
6,1100,2,0.2000000029802322,-0.2676090598106384,0.0911517739295959,0.0195371657609939,32.0,0.0,1.0,0.0112965293228626,32,0.0,49,0,1,shapley-20260606T023844Z-ebfd80f0,shapley,baseline
7,11100,3,0.2000000029802322,-0.1917550265789032,0.0541198961436748,0.0173499062657356,32.0,0.0,1.0,0.0107030570507049,32,0.0,49,0,1,shapley-20260606T023844Z-ebfd80f0,shapley,baseline
8,10,1,0.4000000059604645,-1.3337609767913818,2.079784631729126,0.3008662462234497,32.0,0.0,1.0,0.081812173128128,32,0.0,49,0,1,shapley-20260606T023844Z-ebfd80f0,shapley,baseline
9,10010,2,0.2000000029802322,-1.0958282947540283,1.393221139907837,0.1923815011978149,32.0,0.0,1.0,0.0333103500306606,32,0.0,49,0,1,shapley-20260606T023844Z-ebfd80f0,shapley,baseline
10,1010,2,0.2000000029802322,-0.3720940053462982,0.1568962037563324,0.0184422582387924,32.0,0.0,1.0,0.0110038481652736,32,0.0,49,0,1,shapley-20260606T023844Z-ebfd80f0,shapley,baseline
11,11010,3,0.2000000029802322,-0.2198836505413055,0.0554147474467754,0.0070659294724464,32.0,0.0,1.0,0.0071921963244676,32,0.0,49,0,1,shapley-20260606T023844Z-ebfd80f0,shapley,baseline
12,110,2,0.2000000029802322,-1.0432298183441162,1.2676267623901367,0.1792982816696167,32.0,0.0,1.0,0.0321923494338989,32,0.0,49,0,1,shapley-20260606T023844Z-ebfd80f0,shapley,baseline
13,10110,3,0.2000000029802322,-0.9926708340644836,1.1784332990646362,0.1930379271507263,32.0,0.0,1.0,0.0333654284477233,32,0.0,49,0,1,shapley-20260606T023844Z-ebfd80f0,shapley,baseline
14,1110,3,0.2000000029802322,-0.1884087026119232,0.0461342744529247,0.0106364339590072,32.0,0.0,1.0,0.0085972789674997,32,0.0,49,0,1,shapley-20260606T023844Z-ebfd80f0,shapley,baseline
15,11110,4,0.4000000059604645,-0.0555505789816379,0.0076919677667319,0.0046061007305979,32.0,0.0,1.0,0.0109990052878856,32,0.0,49,0,1,shapley-20260606T023844Z-ebfd80f0,shapley,baseline
16,1,1,0.4000000059604645,-1.339716553688049,1.9541760683059688,0.1593356132507324,32.0,0.0,1.0,0.0598093643784523,32,0.0,49,0,1,shapley-20260606T023844Z-ebfd80f0,shapley,baseline
17,10001,2,0.2000000029802322,-1.2704594135284424,1.7949450016021729,0.1808779239654541,32.0,0.0,1.0,0.0323294512927532,32,0.0,49,0,1,shapley-20260606T023844Z-ebfd80f0,shapley,baseline
18,1001,2,0.2000000029802322,-0.3948086202144623,0.1849705725908279,0.0290967226028442,32.0,0.0,1.0,0.0135655673220753,32,0.0,49,0,1,shapley-20260606T023844Z-ebfd80f0,shapley,baseline
19,11001,3,0.2000000029802322,-0.2554113268852234,0.0724780112504959,0.0072430670261383,32.0,0.0,1.0,0.0072693331167101,32,0.0,49,0,1,shapley-20260606T023844Z-ebfd80f0,shapley,baseline
20,101,2,0.2000000029802322,-1.0201396942138672,1.247805118560791,0.2071201801300048,32.0,0.0,1.0,0.0345251895487308,32,0.0,49,0,1,shapley-20260606T023844Z-ebfd80f0,shapley,baseline
21,10101,3,0.2000000029802322,-0.9547709822654724,1.092100739479065,0.1805130839347839,32.0,0.0,1.0,0.0322978384792804,32,0.0,49,0,1,shapley-20260606T023844Z-ebfd80f0,shapley,baseline
22,1101,3,0.2000000029802322,-0.1799428910017013,0.0529410019516944,0.0205615572631359,32.0,0.0,1.0,0.011563017964363,32,0.0,49,0,1,shapley-20260606T023844Z-ebfd80f0,shapley,baseline
23,11101,4,0.4000000059604645,-0.1347160041332245,0.0368328727781772,0.0186844710260629,32.0,0.0,1.0,0.0211386550217866,32,0.0,49,0,1,shapley-20260606T023844Z-ebfd80f0,shapley,baseline
24,11,2,0.2000000029802322,-1.086466908454895,1.3524651527404783,0.1720547676086425,32.0,0.0,1.0,0.0315557830035686,32,0.0,49,0,1,shapley-20260606T023844Z-ebfd80f0,shapley,baseline
25,10011,3,0.2000000029802322,-1.2147905826568604,1.7213283777236938,0.2456122636795044,32.0,0.0,1.0,0.0375077500939369,32,0.0,49,0,1,shapley-20260606T023844Z-ebfd80f0,shapley,baseline
26,1011,3,0.2000000029802322,-0.259367823600769,0.0768526867032051,0.00958102196455,32.0,0.0,1.0,0.0082105100154876,32,0.0,49,0,1,shapley-20260606T023844Z-ebfd80f0,shapley,baseline
27,11011,4,0.4000000059604645,-0.18272665143013,0.0376267805695533,0.0042377524077892,32.0,0.0,1.0,0.010590867139399,32,0.0,49,0,1,shapley-20260606T023844Z-ebfd80f0,shapley,baseline
28,111,3,0.2000000029802322,-0.8954923748970032,0.9578721523284912,0.1559655666351318,32.0,0.0,1.0,0.0300920568406581,32,0.0,49,0,1,shapley-20260606T023844Z-ebfd80f0,shapley,baseline
29,10111,4,0.4000000059604645,-0.7047197818756104,0.6205508708953857,0.1239208877086639,32.0,0.0,1.0,0.0528635568916797,32,0.0,49,0,1,shapley-20260606T023844Z-ebfd80f0,shapley,baseline
30,1111,4,0.4000000059604645,-0.0606773346662521,0.0072132009081542,0.003531462047249,32.0,0.0,1.0,0.0097552249208092,32,0.0,49,0,1,shapley-20260606T023844Z-ebfd80f0,shapley,baseline
31,11111,5,1.0,0.0,0.0,0.0,32.0,0.0,1.0,0.0010000000474974,32,0.0,49,0,1,shapley-20260606T023844Z-ebfd80f0,shapley,baseline
0,0,0,1.0,-1.4686182737350464,2.447394847869873,0.2905552387237549,256.0,31.990079879760746,0.9375181794166564,0.1844818145036697,480,0.0003100190647723,69,1,2,shapley-20260606T023844Z-ebfd80f0,shapley,baseline
1,10000,1,0.4000000059604645,-1.291460037231445,1.8969733715057373,0.2291043996810913,32.0,0.0,1.0,0.0661711543798446,0,0.0003100190647723,69,1,2,shapley-20260606T023844Z-ebfd80f0,shapley,baseline
2,1000,1,0.4000000059604645,-0.4432738125324249,0.2283185422420501,0.0318268686532974,63.990081787109375,31.990079879760746,0.500077486038208,0.0252904538065195,32,0.0003100190647723,69,1,2,shapley-20260606T023844Z-ebfd80f0,shapley,baseline
3,11000,2,0.2000000029802322,-0.3426749110221863,0.1321299225091934,0.0147038251161575,63.990081787109375,31.990079879760746,0.500077486038208,0.0092551289126276,32,0.0003100190647723,69,1,2,shapley-20260606T023844Z-ebfd80f0,shapley,baseline
4,100,1,0.4000000059604645,-1.1364333629608154,1.4982879161834717,0.2068071365356445,63.990081787109375,31.990079879760746,0.500077486038208,0.0629186481237411,32,0.0003100190647723,69,1,2,shapley-20260606T023844Z-ebfd80f0,shapley,baseline
5,10100,2,0.2000000029802322,-1.1518210172653198,1.5285059213638306,0.2018142938613891,95.99008178710938,31.990079879760746,0.6667355895042419,0.0315833240747451,64,0.0003100190647723,69,1,2,shapley-20260606T023844Z-ebfd80f0,shapley,baseline
6,1100,2,0.2000000029802322,-0.2676090598106384,0.0911517739295959,0.0195371657609939,32.0,0.0,1.0,0.0105156721547245,0,0.0003100190647723,69,1,2,shapley-20260606T023844Z-ebfd80f0,shapley,baseline
7,11100,3,0.2000000029802322,-0.1917550265789032,0.0541198961436748,0.0173499062657356,32.0,0.0,1.0,0.0099672088399529,0,0.0003100190647723,69,1,2,shapley-20260606T023844Z-ebfd80f0,shapley,baseline
8,10,1,0.4000000059604645,-1.308496594429016,1.943533420562744,0.2313700914382934,255.99008178710935,31.990079879760746,0.8750339150428772,0.0664926171302795,224,0.0003100190647723,69,1,2,shapley-20260606T023844Z-ebfd80f0,shapley,baseline
9,10010,2,0.2000000029802322,-1.1315871477127075,1.509751796722412,0.2292623519897461,95.99008178710938,31.990079879760746,0.6667355895042419,0.0335968025028705,64,0.0003100190647723,69,1,2,shapley-20260606T023844Z-ebfd80f0,shapley,baseline
10,1010,2,0.2000000029802322,-0.3720940053462982,0.1568962037563324,0.0184422582387924,32.0,0.0,1.0,0.0102451872080564,0,0.0003100190647723,69,1,2,shapley-20260606T023844Z-ebfd80f0,shapley,baseline
11,11010,3,0.2000000029802322,-0.2198836505413055,0.0554147474467754,0.0070659294724464,32.0,0.0,1.0,0.0067225992679595,0,0.0003100190647723,69,1,2,shapley-20260606T023844Z-ebfd80f0,shapley,baseline
12,110,2,0.2000000029802322,-1.0432298183441162,1.2676267623901367,0.1792982816696167,32.0,0.0,1.0,0.0298268217593431,0,0.0003100190647723,69,1,2,shapley-20260606T023844Z-ebfd80f0,shapley,baseline
13,10110,3,0.2000000029802322,-0.9450027942657472,1.0844627618789673,0.1914324760437011,63.990081787109375,31.990079879760746,0.500077486038208,0.0307862982153892,32,0.0003100190647723,69,1,2,shapley-20260606T023844Z-ebfd80f0,shapley,baseline
14,1110,3,0.2000000029802322,-0.1884087026119232,0.0461342744529247,0.0106364339590072,32.0,0.0,1.0,0.0080211255699396,0,0.0003100190647723,69,1,2,shapley-20260606T023844Z-ebfd80f0,shapley,baseline
15,11110,4,0.4000000059604645,-0.0464366227388381,0.0055037401616573,0.0033473803196102,95.99008178710938,31.990079879760746,0.6667355895042419,0.0088775511831045,64,0.0003100190647723,69,1,2,shapley-20260606T023844Z-ebfd80f0,shapley,baseline
16,1,1,0.4000000059604645,-1.4437463283538818,2.3393096923828125,0.2549061775207519,95.99008178710938,31.990079879760746,0.6667355895042419,0.0697430595755577,64,0.0003100190647723,69,1,2,shapley-20260606T023844Z-ebfd80f0,shapley,baseline
17,10001,2,0.2000000029802322,-1.250406265258789,1.8187928199768064,0.2552770376205444,63.990081787109375,31.990079879760746,0.500077486038208,0.0353965274989604,32,0.0003100190647723,69,1,2,shapley-20260606T023844Z-ebfd80f0,shapley,baseline
18,1001,2,0.2000000029802322,-0.376339316368103,0.1665882319211959,0.0249569565057754,63.990081787109375,31.990079879760746,0.500077486038208,0.0117548545822501,32,0.0003100190647723,69,1,2,shapley-20260606T023844Z-ebfd80f0,shapley,baseline
19,11001,3,0.2000000029802322,-0.2554113268852234,0.0724780112504959,0.0072430670261383,32.0,0.0,1.0,0.0067938864231109,0,0.0003100190647723,69,1,2,shapley-20260606T023844Z-ebfd80f0,shapley,baseline
20,101,2,0.2000000029802322,-1.1128253936767578,1.4957221746444702,0.2573418617248535,127.99008178710938,31.990079879760746,0.750058114528656,0.0355353541672229,96,0.0003100190647723,69,1,2,shapley-20260606T023844Z-ebfd80f0,shapley,baseline
21,10101,3,0.2000000029802322,-0.9898603558540344,1.2371517419815063,0.2573282122611999,159.99008178710938,31.990079879760746,0.8000496029853821,0.0355344377458095,128,0.0003100190647723,69,1,2,shapley-20260606T023844Z-ebfd80f0,shapley,baseline
22,1101,3,0.2000000029802322,-0.1799428910017013,0.0529410019516944,0.0205615572631359,32.0,0.0,1.0,0.010761952959001,0,0.0003100190647723,69,1,2,shapley-20260606T023844Z-ebfd80f0,shapley,baseline
23,11101,4,0.4000000059604645,-0.1347160041332245,0.0368328727781772,0.0186844710260629,32.0,0.0,1.0,0.0196114033460617,0,0.0003100190647723,69,1,2,shapley-20260606T023844Z-ebfd80f0,shapley,baseline
24,11,2,0.2000000029802322,-1.086466908454895,1.3524651527404783,0.1720547676086425,32.0,0.0,1.0,0.0292385295033454,0,0.0003100190647723,69,1,2,shapley-20260606T023844Z-ebfd80f0,shapley,baseline
25,10011,3,0.2000000029802322,-1.1262811422348022,1.4915790557861328,0.2230697870254516,63.990081787109375,31.990079879760746,0.500077486038208,0.0331535562872886,32,0.0003100190647723,69,1,2,shapley-20260606T023844Z-ebfd80f0,shapley,baseline
26,1011,3,0.2000000029802322,-0.259367823600769,0.0768526867032051,0.00958102196455,32.0,0.0,1.0,0.0076636881567537,0,0.0003100190647723,69,1,2,shapley-20260606T023844Z-ebfd80f0,shapley,baseline
27,11011,4,0.4000000059604645,-0.18272665143013,0.0376267805695533,0.0042377524077892,32.0,0.0,1.0,0.0098635265603661,0,0.0003100190647723,69,1,2,shapley-20260606T023844Z-ebfd80f0,shapley,baseline
28,111,3,0.2000000029802322,-0.966152846813202,1.0983872413635254,0.1649359464645385,127.99008178710938,31.990079879760746,0.750058114528656,0.028648167848587,96,0.0003100190647723,69,1,2,shapley-20260606T023844Z-ebfd80f0,shapley,baseline
29,10111,4,0.4000000059604645,-0.8198363184928894,0.8739750385284424,0.2018434405326843,95.99008178710938,31.990079879760746,0.6667355895042419,0.0621710605919361,64,0.0003100190647723,69,1,2,shapley-20260606T023844Z-ebfd80f0,shapley,baseline
30,1111,4,0.4000000059604645,-0.0666328370571136,0.0073758978396654,0.0029359627515077,63.990081787109375,31.990079879760746,0.500077486038208,0.0083775809034705,32,0.0003100190647723,69,1,2,shapley-20260606T023844Z-ebfd80f0,shapley,baseline
31,11111,5,1.0,0.0,0.0,0.0,32.0,0.0,1.0,0.0010000000474974,0,0.0003100190647723,69,1,2,shapley-20260606T023844Z-ebfd80f0,shapley,baseline
0,0,0,1.0,-1.51283597946167,2.67232608795166,0.3836534023284912,256.0,256.0,0.5555555820465088,0.190094769001007,320,0.0,89,2,3,shapley-20260606T023844Z-ebfd80f0,shapley,baseline
1,10000,1,0.4000000059604645,-1.4150444269180298,2.424450397491455,0.4220995903015136,192.0,32.0,0.8333333134651184,0.0803373083472251,160,0.0,89,2,3,shapley-20260606T023844Z-ebfd80f0,shapley,baseline
2,1000,1,0.4000000059604645,-0.4496017396450043,0.2419421523809433,0.0398004353046417,159.99008178710938,63.990081787109375,0.6000372171401978,0.0253620538860559,96,0.0,89,2,3,shapley-20260606T023844Z-ebfd80f0,shapley,baseline
3,11000,2,0.2000000029802322,-0.3647764921188354,0.168052077293396,0.0349901914596557,95.99008178710938,63.990081787109375,0.3333677649497986,0.0124212354421615,32,0.0,89,2,3,shapley-20260606T023844Z-ebfd80f0,shapley,baseline
4,100,1,0.4000000059604645,-1.3017979860305786,2.0114288330078125,0.3167508840560913,159.99008178710938,63.990081787109375,0.6000372171401978,0.0697272419929504,96,0.0,89,2,3,shapley-20260606T023844Z-ebfd80f0,shapley,baseline
5,10100,2,0.2000000029802322,-1.1546807289123535,1.5808086395263672,0.2475210428237915,159.99008178710938,95.99008178710938,0.400024801492691,0.0313770808279514,64,0.0,89,2,3,shapley-20260606T023844Z-ebfd80f0,shapley,baseline
6,1100,2,0.2000000029802322,-0.2676090598106384,0.0911517739295959,0.0195371657609939,32.0,0.0,1.0,0.0095343561843037,0,0.0,89,2,3,shapley-20260606T023844Z-ebfd80f0,shapley,baseline
7,11100,3,0.2000000029802322,-0.1917550265789032,0.0541198961436748,0.0173499062657356,32.0,0.0,1.0,0.009042453020811,0,0.0,89,2,3,shapley-20260606T023844Z-ebfd80f0,shapley,baseline
8,10,1,0.4000000059604645,-1.3453311920166016,2.0879337787628174,0.2780177593231201,256.0,255.99008178710935,0.3846245408058166,0.0653881952166557,160,0.0,89,2,3,shapley-20260606T023844Z-ebfd80f0,shapley,baseline
9,10010,2,0.2000000029802322,-1.241054654121399,1.874985933303833,0.3347692489624023,159.99008178710938,95.99008178710938,0.400024801492691,0.0363274849951267,64,0.0,89,2,3,shapley-20260606T023844Z-ebfd80f0,shapley,baseline
10,1010,2,0.2000000029802322,-0.3403616845607757,0.1372457146644592,0.0213996395468711,96.0,32.0,0.6666666865348816,0.0099318865686655,64,0.0,89,2,3,shapley-20260606T023844Z-ebfd80f0,shapley,baseline
11,11010,3,0.2000000029802322,-0.2198836505413055,0.0554147474467754,0.0070659294724464,32.0,0.0,1.0,0.0061324485577642,0,0.0,89,2,3,shapley-20260606T023844Z-ebfd80f0,shapley,baseline
12,110,2,0.2000000029802322,-1.0153799057006836,1.2686611413955688,0.2376648187637329,128.0,32.0,0.75,0.0307661332190036,96,0.0,89,2,3,shapley-20260606T023844Z-ebfd80f0,shapley,baseline
13,10110,3,0.2000000029802322,-0.9541383981704712,1.1040010452270508,0.1936209797859192,127.99008178710938,63.990081787109375,0.500038743019104,0.0278668142855167,64,0.0,89,2,3,shapley-20260606T023844Z-ebfd80f0,shapley,baseline
14,1110,3,0.2000000029802322,-0.1884087026119232,0.0461342744529247,0.0106364339590072,32.0,0.0,1.0,0.0072970623150467,0,0.0,89,2,3,shapley-20260606T023844Z-ebfd80f0,shapley,baseline
15,11110,4,0.4000000059604645,-0.0464366227388381,0.0055037401616573,0.0033473803196102,95.99008178710938,31.990079879760746,0.6667355895042419,0.0080651678144931,0,0.0,89,2,3,shapley-20260606T023844Z-ebfd80f0,shapley,baseline
16,1,1,0.4000000059604645,-1.4437463283538818,2.3393096923828125,0.2549061775207519,95.99008178710938,31.990079879760746,0.6667355895042419,0.0626538470387458,0,0.0,89,2,3,shapley-20260606T023844Z-ebfd80f0,shapley,baseline
17,10001,2,0.2000000029802322,-1.2741281986236572,1.913310408592224,0.289907693862915,95.99008178710938,63.990081787109375,0.3333677649497986,0.0338753089308738,32,0.0,89,2,3,shapley-20260606T023844Z-ebfd80f0,shapley,baseline
18,1001,2,0.2000000029802322,-0.376339316368103,0.1665882319211959,0.0249569565057754,63.990081787109375,31.990079879760746,0.500077486038208,0.0106457453221082,0,0.0,89,2,3,shapley-20260606T023844Z-ebfd80f0,shapley,baseline
19,11001,3,0.2000000029802322,-0.2554113268852234,0.0724780112504959,0.0072430670261383,32.0,0.0,1.0,0.0061963838525116,0,0.0,89,2,3,shapley-20260606T023844Z-ebfd80f0,shapley,baseline
20,101,2,0.2000000029802322,-1.1397442817687988,1.5619099140167236,0.2628928422927856,159.99008178710938,127.99008178710938,0.2000124007463455,0.0323061272501945,32,0.0,89,2,3,shapley-20260606T023844Z-ebfd80f0,shapley,baseline
21,10101,3,0.2000000029802322,-0.9992104768753052,1.3087669610977173,0.3103454113006592,223.99008178710935,159.99008178710938,0.285726934671402,0.0350143834948539,64,0.0,89,2,3,shapley-20260606T023844Z-ebfd80f0,shapley,baseline
22,1101,3,0.2000000029802322,-0.1897651851177215,0.0583484433591365,0.02233761921525,64.0,32.0,0.5,0.0101255374029278,32,0.0,89,2,3,shapley-20260606T023844Z-ebfd80f0,shapley,baseline
23,11101,4,0.4000000059604645,-0.1347160041332245,0.0368328727781772,0.0186844710260629,32.0,0.0,1.0,0.0176920760422945,0,0.0,89,2,3,shapley-20260606T023844Z-ebfd80f0,shapley,baseline
24,11,2,0.2000000029802322,-1.086466908454895,1.3524651527404783,0.1720547676086425,32.0,0.0,1.0,0.0263263937085866,0,0.0,89,2,3,shapley-20260606T023844Z-ebfd80f0,shapley,baseline
25,10011,3,0.2000000029802322,-1.173668384552002,1.695749044418335,0.3182516098022461,127.99008178710938,63.990081787109375,0.500038743019104,0.0354449264705181,64,0.0,89,2,3,shapley-20260606T023844Z-ebfd80f0,shapley,baseline
26,1011,3,0.2000000029802322,-0.259367823600769,0.0768526867032051,0.00958102196455,32.0,0.0,1.0,0.0069764861837029,0,0.0,89,2,3,shapley-20260606T023844Z-ebfd80f0,shapley,baseline
27,11011,4,0.4000000059604645,-0.18272665143013,0.0376267805695533,0.0042377524077892,32.0,0.0,1.0,0.0089494632557034,0,0.0,89,2,3,shapley-20260606T023844Z-ebfd80f0,shapley,baseline
28,111,3,0.2000000029802322,-0.9653007984161376,1.1125781536102295,0.1807725429534912,223.99008178710935,127.99008178710938,0.4285904169082641,0.0269600916653871,96,0.0,89,2,3,shapley-20260606T023844Z-ebfd80f0,shapley,baseline
29,10111,4,0.4000000059604645,-0.8401137590408325,0.9278517961502076,0.2220606803894043,159.99008178710938,95.99008178710938,0.400024801492691,0.0585447587072849,64,0.0,89,2,3,shapley-20260606T023844Z-ebfd80f0,shapley,baseline
30,1111,4,0.4000000059604645,-0.0666328370571136,0.0073758978396654,0.0029359627515077,63.990081787109375,31.990079879760746,0.500077486038208,0.0076167583465576,0,0.0,89,2,3,shapley-20260606T023844Z-ebfd80f0,shapley,baseline
31,11111,5,1.0,0.0,0.0,0.0,32.0,0.0,1.0,0.0010000000474974,0,0.0,89,2,3,shapley-20260606T023844Z-ebfd80f0,shapley,baseline
0,0,0,1.0,-1.721171736717224,3.709949016571045,0.7475168704986572,256.0,256.0,0.529411792755127,0.2121806293725967,288,0.0,109,3,4,shapley-20260606T023844Z-ebfd80f0,shapley,baseline
1,10000,1,0.4000000059604645,-1.6065596342086792,3.2579469680786133,0.6769130229949951,256.0,192.0,0.4000000059604645,0.08138407766819,128,0.0,109,3,4,shapley-20260606T023844Z-ebfd80f0,shapley,baseline
2,1000,1,0.4000000059604645,-0.421792060136795,0.2196999788284301,0.0417914390563964,223.99008178710935,159.99008178710938,0.285726934671402,0.0209731813520193,64,0.0,109,3,4,shapley-20260606T023844Z-ebfd80f0,shapley,baseline
3,11000,2,0.2000000029802322,-0.3433175981044769,0.1484207510948181,0.0305537804961204,127.99008178710938,95.99008178710938,0.250019371509552,0.0095389820635318,32,0.0,109,3,4,shapley-20260606T023844Z-ebfd80f0,shapley,baseline
4,100,1,0.4000000059604645,-1.4769771099090576,2.802558898925781,0.6210975646972656,256.0,159.99008178710938,0.4444597363471985,0.0779987201094627,128,0.0,109,3,4,shapley-20260606T023844Z-ebfd80f0,shapley,baseline
5,10100,2,0.2000000029802322,-1.2192742824554443,1.86487078666687,0.3782410621643066,223.99008178710935,159.99008178710938,0.285726934671402,0.0310440100729465,64,0.0,109,3,4,shapley-20260606T023844Z-ebfd80f0,shapley,baseline
6,1100,2,0.2000000029802322,-0.2291341423988342,0.0697632059454917,0.0172607488930225,64.0,32.0,0.5,0.0074180550873279,32,0.0,109,3,4,shapley-20260606T023844Z-ebfd80f0,shapley,baseline
7,11100,3,0.2000000029802322,-0.1917550265789032,0.0541198961436748,0.0173499062657356,32.0,0.0,1.0,0.0074346084147691,0,0.0,109,3,4,shapley-20260606T023844Z-ebfd80f0,shapley,baseline
8,10,1,0.4000000059604645,-1.3902027606964111,2.3245062828063965,0.3918426036834717,256.0,256.0,0.2727272808551788,0.0621588565409183,96,0.0,109,3,4,shapley-20260606T023844Z-ebfd80f0,shapley,baseline
9,10010,2,0.2000000029802322,-1.2691411972045898,1.9747405052185056,0.3640211820602417,191.99008178710935,159.99008178710938,0.1666752696037292,0.0304738543927669,32,0.0,109,3,4,shapley-20260606T023844Z-ebfd80f0,shapley,baseline
10,1010,2,0.2000000029802322,-0.3135636746883392,0.1199798882007598,0.0216577127575874,128.0,96.0,0.25,0.0081891883164644,32,0.0,109,3,4,shapley-20260606T023844Z-ebfd80f0,shapley,baseline
11,11010,3,0.2000000029802322,-0.2198836505413055,0.0554147474467754,0.0070659294724464,32.0,0.0,1.0,0.0051063713617622,0,0.0,109,3,4,shapley-20260606T023844Z-ebfd80f0,shapley,baseline
12,110,2,0.2000000029802322,-1.1063642501831057,1.5645414590835571,0.3404996395111084,224.0,128.0,0.4285714328289032,0.0295057110488414,96,0.0,109,3,4,shapley-20260606T023844Z-ebfd80f0,shapley,baseline
13,10110,3,0.2000000029802322,-0.9541383981704712,1.1040010452270508,0.1936209797859192,127.99008178710938,63.990081787109375,0.500038743019104,0.0224956087768077,0,0.0,109,3,4,shapley-20260606T023844Z-ebfd80f0,shapley,baseline
14,1110,3,0.2000000029802322,-0.1884087026119232,0.0461342744529247,0.0106364339590072,32.0,0.0,1.0,0.0060381558723747,0,0.0,109,3,4,shapley-20260606T023844Z-ebfd80f0,shapley,baseline
15,11110,4,0.4000000059604645,-0.0464366227388381,0.0055037401616573,0.0033473803196102,95.99008178710938,31.990079879760746,0.6667355895042419,0.0066527021117508,0,0.0,109,3,4,shapley-20260606T023844Z-ebfd80f0,shapley,baseline
16,1,1,0.4000000059604645,-1.5694656372070312,3.014947891235352,0.5517253875732422,159.99008178710938,95.99008178710938,0.400024801492691,0.0735713317990303,64,0.0,109,3,4,shapley-20260606T023844Z-ebfd80f0,shapley,baseline
17,10001,2,0.2000000029802322,-1.4651670455932615,2.815183639526367,0.6684691905975342,159.99008178710938,95.99008178710938,0.400024801492691,0.0409405678510665,64,0.0,109,3,4,shapley-20260606T023844Z-ebfd80f0,shapley,baseline
18,1001,2,0.2000000029802322,-0.3653359413146972,0.1615034490823745,0.0280330926179885,95.99008178710938,63.990081787109375,0.3333677649497986,0.0091791674494743,32,0.0,109,3,4,shapley-20260606T023844Z-ebfd80f0,shapley,baseline
19,11001,3,0.2000000029802322,-0.2554113268852234,0.0724780112504959,0.0072430670261383,32.0,0.0,1.0,0.0051575247198343,0,0.0,109,3,4,shapley-20260606T023844Z-ebfd80f0,shapley,baseline
20,101,2,0.2000000029802322,-1.1397442817687988,1.5619099140167236,0.2628928422927856,159.99008178710938,127.99008178710938,0.2000124007463455,0.0260474160313606,0,0.0,109,3,4,shapley-20260606T023844Z-ebfd80f0,shapley,baseline
21,10101,3,0.2000000029802322,-1.1036088466644287,1.6530728340148926,0.4351203441619873,256.0,223.99008178710935,0.2222298681735992,0.0332239083945751,64,0.0,109,3,4,shapley-20260606T023844Z-ebfd80f0,shapley,baseline
22,1101,3,0.2000000029802322,-0.1897651851177215,0.0583484433591365,0.02233761921525,64.0,32.0,0.5,0.008301162160933,0,0.0,109,3,4,shapley-20260606T023844Z-ebfd80f0,shapley,baseline
23,11101,4,0.4000000059604645,-0.1347160041332245,0.0368328727781772,0.0186844710260629,32.0,0.0,1.0,0.0143550029024481,0,0.0,109,3,4,shapley-20260606T023844Z-ebfd80f0,shapley,baseline
24,11,2,0.2000000029802322,-1.2170528173446655,1.867236375808716,0.3860188722610473,64.0,32.0,0.5,0.0313513353466987,32,0.0,109,3,4,shapley-20260606T023844Z-ebfd80f0,shapley,baseline
25,10011,3,0.2000000029802322,-1.280367374420166,2.1287944316864014,0.4894537925720215,191.99008178710935,127.99008178710938,0.3333505392074585,0.0351766422390937,64,0.0,109,3,4,shapley-20260606T023844Z-ebfd80f0,shapley,baseline
26,1011,3,0.2000000029802322,-0.217190608382225,0.0577919259667396,0.0106201656162738,64.0,32.0,0.5,0.0060343015938997,32,0.0,109,3,4,shapley-20260606T023844Z-ebfd80f0,shapley,baseline
27,11011,4,0.4000000059604645,-0.18272665143013,0.0376267805695533,0.0042377524077892,32.0,0.0,1.0,0.0073602092452347,0,0.0,109,3,4,shapley-20260606T023844Z-ebfd80f0,shapley,baseline
28,111,3,0.2000000029802322,-1.0155893564224243,1.291759967803955,0.2603381872177124,256.0,223.99008178710935,0.2222298681735992,0.0259254220873117,64,0.0,109,3,4,shapley-20260606T023844Z-ebfd80f0,shapley,baseline
29,10111,4,0.4000000059604645,-0.9180878400802612,1.177177906036377,0.3342926502227783,256.0,159.99008178710938,0.5454699397087097,0.0574894063174724,192,0.0,109,3,4,shapley-20260606T023844Z-ebfd80f0,shapley,baseline
30,1111,4,0.4000000059604645,-0.0666328370571136,0.0073758978396654,0.0029359627515077,63.990081787109375,31.990079879760746,0.500077486038208,0.0062939384952187,0,0.0,109,3,4,shapley-20260606T023844Z-ebfd80f0,shapley,baseline
31,11111,5,1.0,0.0,0.0,0.0,32.0,0.0,1.0,0.0010000000474974,0,0.0,109,3,4,shapley-20260606T023844Z-ebfd80f0,shapley,baseline
0,0,0,1.0,-1.8703951835632324,4.599364757537842,1.1009867191314695,256.0,256.0,0.6000000238418579,0.2276290357112884,384,0.0,129,4,5,shapley-20260606T023844Z-ebfd80f0,shapley,baseline
1,10000,1,0.4000000059604645,-1.602241277694702,3.3330533504486084,0.765876293182373,256.0,256.0,0.3333333432674408,0.0766073241829872,128,0.0,129,4,5,shapley-20260606T023844Z-ebfd80f0,shapley,baseline
2,1000,1,0.4000000059604645,-0.421792060136795,0.2196999788284301,0.0417914390563964,223.99008178710935,159.99008178710938,0.285726934671402,0.0186615251004695,0,0.0,129,4,5,shapley-20260606T023844Z-ebfd80f0,shapley,baseline
3,11000,2,0.2000000029802322,-0.3433175981044769,0.1484207510948181,0.0305537804961204,127.99008178710938,95.99008178710938,0.250019371509552,0.0085506970062851,0,0.0,129,4,5,shapley-20260606T023844Z-ebfd80f0,shapley,baseline
4,100,1,0.4000000059604645,-1.4681766033172607,2.793269157409668,0.6377265453338623,256.0,256.0,0.3846153914928436,0.0699924901127815,160,0.0,129,4,5,shapley-20260606T023844Z-ebfd80f0,shapley,baseline
5,10100,2,0.2000000029802322,-1.281293511390686,2.140902042388916,0.499189019203186,256.0,223.99008178710935,0.3000093102455139,0.0315201766788959,96,0.0,129,4,5,shapley-20260606T023844Z-ebfd80f0,shapley,baseline
6,1100,2,0.2000000029802322,-0.2291341423988342,0.0697632059454917,0.0172607488930225,64.0,32.0,0.5,0.0066752419807016,0,0.0,129,4,5,shapley-20260606T023844Z-ebfd80f0,shapley,baseline
7,11100,3,0.2000000029802322,-0.1917550265789032,0.0541198961436748,0.0173499062657356,32.0,0.0,1.0,0.0066898800432682,0,0.0,129,4,5,shapley-20260606T023844Z-ebfd80f0,shapley,baseline
8,10,1,0.4000000059604645,-1.489241600036621,2.7975568771362305,0.5797164440155029,256.0,256.0,0.2727272808551788,0.0667797699570655,96,0.0,129,4,5,shapley-20260606T023844Z-ebfd80f0,shapley,baseline
9,10010,2,0.2000000029802322,-1.364485263824463,2.385293960571289,0.5234739780426025,255.99008178710935,191.99008178710935,0.250009685754776,0.0322537459433078,64,0.0,129,4,5,shapley-20260606T023844Z-ebfd80f0,shapley,baseline
10,1010,2,0.2000000029802322,-0.2911398708820343,0.1055925488471984,0.0208301246166229,160.0,128.0,0.2000000029802322,0.0072344834916293,32,0.0,129,4,5,shapley-20260606T023844Z-ebfd80f0,shapley,baseline
11,11010,3,0.2000000029802322,-0.2198836505413055,0.0554147474467754,0.0070659294724464,32.0,0.0,1.0,0.0046311081387102,0,0.0,129,4,5,shapley-20260606T023844Z-ebfd80f0,shapley,baseline
12,110,2,0.2000000029802322,-1.1590194702148438,1.741471290588379,0.3981451988220215,256.0,224.0,0.3000000119209289,0.0282568261027336,96,0.0,129,4,5,shapley-20260606T023844Z-ebfd80f0,shapley,baseline
13,10110,3,0.2000000029802322,-1.0883047580718994,1.5495789051055908,0.3651716709136963,191.99008178710935,127.99008178710938,0.3333505392074585,0.0271037612110376,64,0.0,129,4,5,shapley-20260606T023844Z-ebfd80f0,shapley,baseline
14,1110,3,0.2000000029802322,-0.1884087026119232,0.0461342744529247,0.0106364339590072,32.0,0.0,1.0,0.0054550501517951,0,0.0,129,4,5,shapley-20260606T023844Z-ebfd80f0,shapley,baseline
15,11110,4,0.4000000059604645,-0.0464366227388381,0.0055037401616573,0.0033473803196102,95.99008178710938,31.990079879760746,0.6667355895042419,0.0059984698891639,0,0.0,129,4,5,shapley-20260606T023844Z-ebfd80f0,shapley,baseline
16,1,1,0.4000000059604645,-1.7314146757125854,3.8560495376586914,0.858252763748169,255.99008178710935,159.99008178710938,0.3750145435333252,0.0810372531414032,96,0.0,129,4,5,shapley-20260606T023844Z-ebfd80f0,shapley,baseline
17,10001,2,0.2000000029802322,-1.4901034832000732,3.043416976928711,0.8230085372924805,255.99008178710935,159.99008178710938,0.3750145435333252,0.0401883237063884,96,0.0,129,4,5,shapley-20260606T023844Z-ebfd80f0,shapley,baseline
18,1001,2,0.2000000029802322,-0.3653359413146972,0.1615034490823745,0.0280330926179885,95.99008178710938,63.990081787109375,0.3333677649497986,0.0082325264811515,0,0.0,129,4,5,shapley-20260606T023844Z-ebfd80f0,shapley,baseline
19,11001,3,0.2000000029802322,-0.2554113268852234,0.0724780112504959,0.0072430670261383,32.0,0.0,1.0,0.0046763410791754,0,0.0,129,4,5,shapley-20260606T023844Z-ebfd80f0,shapley,baseline
20,101,2,0.2000000029802322,-1.2056884765625,1.860134840011597,0.4064501523971557,191.99008178710935,159.99008178710938,0.1666752696037292,0.0285396371036767,32,0.0,129,4,5,shapley-20260606T023844Z-ebfd80f0,shapley,baseline
21,10101,3,0.2000000029802322,-1.1290127038955688,1.7213020324707031,0.4466323852539062,256.0,256.0,0.2000000029802322,0.0298688635230064,64,0.0,129,4,5,shapley-20260606T023844Z-ebfd80f0,shapley,baseline
22,1101,3,0.2000000029802322,-0.1897651851177215,0.0583484433591365,0.02233761921525,64.0,32.0,0.5,0.0074561410583555,0,0.0,129,4,5,shapley-20260606T023844Z-ebfd80f0,shapley,baseline
23,11101,4,0.4000000059604645,-0.1347160041332245,0.0368328727781772,0.0186844710260629,32.0,0.0,1.0,0.0128093212842941,0,0.0,129,4,5,shapley-20260606T023844Z-ebfd80f0,shapley,baseline
24,11,2,0.2000000029802322,-1.255904197692871,2.133853912353516,0.5565586090087891,96.0,64.0,0.3333333432674408,0.0332262627780437,32,0.0,129,4,5,shapley-20260606T023844Z-ebfd80f0,shapley,baseline
25,10011,3,0.2000000029802322,-1.3375459909439087,2.371361255645752,0.5823320150375366,223.99008178710935,191.99008178710935,0.142863467335701,0.0339639969170093,32,0.0,129,4,5,shapley-20260606T023844Z-ebfd80f0,shapley,baseline
26,1011,3,0.2000000029802322,-0.2018857300281524,0.0508827827870845,0.0101249329745769,128.0,64.0,0.5,0.0053466097451746,64,0.0,129,4,5,shapley-20260606T023844Z-ebfd80f0,shapley,baseline
27,11011,4,0.4000000059604645,-0.18272665143013,0.0376267805695533,0.0042377524077892,32.0,0.0,1.0,0.0066240914165973,0,0.0,129,4,5,shapley-20260606T023844Z-ebfd80f0,shapley,baseline
28,111,3,0.2000000029802322,-1.0292338132858276,1.3393555879592896,0.2800333499908447,256.0,256.0,0.1111111119389534,0.0238591153174638,32,0.0,129,4,5,shapley-20260606T023844Z-ebfd80f0,shapley,baseline
29,10111,4,0.4000000059604645,-0.9314172267913818,1.2361202239990234,0.3685821890830993,256.0,256.0,0.1111111119389534,0.0534507520496845,32,0.0,129,4,5,shapley-20260606T023844Z-ebfd80f0,shapley,baseline
30,1111,4,0.4000000059604645,-0.0666328370571136,0.0073758978396654,0.0029359627515077,63.990081787109375,31.990079879760746,0.500077486038208,0.0056812288239598,0,0.0,129,4,5,shapley-20260606T023844Z-ebfd80f0,shapley,baseline
31,11111,5,1.0,0.0,0.0,0.0,32.0,0.0,1.0,0.0010000000474974,0,0.0,129,4,5,shapley-20260606T023844Z-ebfd80f0,shapley,baseline
0,0,0,1.0,-1.9487260580062864,5.004151821136475,1.2066185474395752,256.0,251.854736328125,0.6702845096588135,0.2264371514320373,512,0.0161924637960741,169,5,6,shapley-20260606T023844Z-ebfd80f0,shapley,baseline
1,10000,1,0.4000000059604645,-1.713145732879639,3.896880388259888,0.9620120525360109,256.0,251.854736328125,0.3369709253311157,0.0815175920724868,128,0.0161924637960741,169,5,6,shapley-20260606T023844Z-ebfd80f0,shapley,baseline
2,1000,1,0.4000000059604645,-0.4160788953304291,0.2156766057014465,0.042554959654808,252.36314392089844,220.36314392089844,0.1268014013767242,0.017934625968337,32,0.0161924637960741,169,5,6,shapley-20260606T023844Z-ebfd80f0,shapley,baseline
3,11000,2,0.2000000029802322,-0.3433175981044769,0.1484207510948181,0.0305537804961204,127.99008178710938,95.99008178710938,0.250019371509552,0.0081746876239776,0,0.0161924637960741,169,5,6,shapley-20260606T023844Z-ebfd80f0,shapley,baseline
4,100,1,0.4000000059604645,-1.516889572143555,3.036475419998169,0.7355215549468994,256.0,251.854736328125,0.3884864747524261,0.0714041441679,160,0.0161924637960741,169,5,6,shapley-20260606T023844Z-ebfd80f0,shapley,baseline
5,10100,2,0.2000000029802322,-1.2997337579727173,2.234402894973755,0.5450950860977173,256.0,251.854736328125,0.1127337217330932,0.0313044674694538,32,0.0161924637960741,169,5,6,shapley-20260606T023844Z-ebfd80f0,shapley,baseline
6,1100,2,0.2000000029802322,-0.2291341423988342,0.0697632059454917,0.0172607488930225,64.0,32.0,0.5,0.0063926270231604,0,0.0161924637960741,169,5,6,shapley-20260606T023844Z-ebfd80f0,shapley,baseline
7,11100,3,0.2000000029802322,-0.1917550265789032,0.0541198961436748,0.0173499062657356,32.0,0.0,1.0,0.006406535860151,0,0.0161924637960741,169,5,6,shapley-20260606T023844Z-ebfd80f0,shapley,baseline
8,10,1,0.4000000059604645,-1.5830613374710083,3.2769458293914795,0.7708625793457031,256.0,251.854736328125,0.3884864747524261,0.0730757266283035,160,0.0161924637960741,169,5,6,shapley-20260606T023844Z-ebfd80f0,shapley,baseline
9,10010,2,0.2000000029802322,-1.3910443782806396,2.518842935562134,0.5838384628295898,256.0,251.8449859619141,0.112737588584423,0.0323629453778266,32,0.0161924637960741,169,5,6,shapley-20260606T023844Z-ebfd80f0,shapley,baseline
10,1010,2,0.2000000029802322,-0.2785497009754181,0.0968174263834953,0.0192274898290634,221.40921020507807,157.40921020507812,0.2890575230121612,0.0066915666684508,64,0.0161924637960741,169,5,6,shapley-20260606T023844Z-ebfd80f0,shapley,baseline
11,11010,3,0.2000000029802322,-0.2198836505413055,0.0554147474467754,0.0070659294724464,32.0,0.0,1.0,0.0044502862729132,0,0.0161924637960741,169,5,6,shapley-20260606T023844Z-ebfd80f0,shapley,baseline
12,110,2,0.2000000029802322,-1.2110874652862549,1.945086479187012,0.4783536195755005,256.0,251.854736328125,0.2026247978210449,0.0293886717408895,64,0.0161924637960741,169,5,6,shapley-20260606T023844Z-ebfd80f0,shapley,baseline
13,10110,3,0.2000000029802322,-1.0883047580718994,1.5495789051055908,0.3651716709136963,191.99008178710935,127.99008178710938,0.3333505392074585,0.0258038472384214,0,0.0161924637960741,169,5,6,shapley-20260606T023844Z-ebfd80f0,shapley,baseline
14,1110,3,0.2000000029802322,-0.1884087026119232,0.0461342744529247,0.0106364339590072,32.0,0.0,1.0,0.0052331974729895,0,0.0161924637960741,169,5,6,shapley-20260606T023844Z-ebfd80f0,shapley,baseline
15,11110,4,0.4000000059604645,-0.0464366227388381,0.0055037401616573,0.0033473803196102,95.99008178710938,31.990079879760746,0.6667355895042419,0.005749556235969,0,0.0161924637960741,169,5,6,shapley-20260606T023844Z-ebfd80f0,shapley,baseline
16,1,1,0.4000000059604645,-1.7508772611618042,3.985726356506348,0.9201552867889404,256.0,251.8449859619141,0.2026310414075851,0.0797464698553085,64,0.0161924637960741,169,5,6,shapley-20260606T023844Z-ebfd80f0,shapley,baseline
17,10001,2,0.2000000029802322,-1.5273761749267578,3.200516700744629,0.8676388263702393,256.0,251.8449859619141,0.2759850025177002,0.0392331443727016,96,0.0161924637960741,169,5,6,shapley-20260606T023844Z-ebfd80f0,shapley,baseline
18,1001,2,0.2000000029802322,-0.3653359413146972,0.1615034490823745,0.0280330926179885,95.99008178710938,63.990081787109375,0.3333677649497986,0.0078723616898059,0,0.0161924637960741,169,5,6,shapley-20260606T023844Z-ebfd80f0,shapley,baseline
19,11001,3,0.2000000029802322,-0.2554113268852234,0.0724780112504959,0.0072430670261383,32.0,0.0,1.0,0.004493267275393,0,0.0161924637960741,169,5,6,shapley-20260606T023844Z-ebfd80f0,shapley,baseline
20,101,2,0.2000000029802322,-1.2056884765625,1.860134840011597,0.4064501523971557,191.99008178710935,159.99008178710938,0.1666752696037292,0.027168221771717,0,0.0161924637960741,169,5,6,shapley-20260606T023844Z-ebfd80f0,shapley,baseline
21,10101,3,0.2000000029802322,-1.1290127038955688,1.7213020324707031,0.4466323852539062,256.0,256.0,0.2000000029802322,0.0284312553703784,0,0.0161924637960741,169,5,6,shapley-20260606T023844Z-ebfd80f0,shapley,baseline
22,1101,3,0.2000000029802322,-0.1897651851177215,0.0583484433591365,0.02233761921525,64.0,32.0,0.5,0.0071346387267112,0,0.0161924637960741,169,5,6,shapley-20260606T023844Z-ebfd80f0,shapley,baseline
23,11101,4,0.4000000059604645,-0.104254812002182,0.0220772139728069,0.0112081477418541,95.48184204101562,31.481842041015625,0.6702845096588135,0.0096909534186124,64,0.0161924637960741,169,5,6,shapley-20260606T023844Z-ebfd80f0,shapley,baseline
24,11,2,0.2000000029802322,-1.387617588043213,2.72094202041626,0.795459508895874,158.44552612304688,94.44552612304688,0.4039243161678314,0.0376082994043827,64,0.0161924637960741,169,5,6,shapley-20260606T023844Z-ebfd80f0,shapley,baseline
25,10011,3,0.2000000029802322,-1.3518633842468262,2.4651296138763428,0.6375950574874878,252.36314392089844,220.36314392089844,0.1268014013767242,0.0337750203907489,32,0.0161924637960741,169,5,6,shapley-20260606T023844Z-ebfd80f0,shapley,baseline
26,1011,3,0.2000000029802322,-0.2018857300281524,0.0508827827870845,0.0101249329745769,128.0,64.0,0.5,0.0051301573403179,0,0.0161924637960741,169,5,6,shapley-20260606T023844Z-ebfd80f0,shapley,baseline
27,11011,4,0.4000000059604645,-0.18272665143013,0.0376267805695533,0.0042377524077892,32.0,0.0,1.0,0.0063440231606364,0,0.0161924637960741,169,5,6,shapley-20260606T023844Z-ebfd80f0,shapley,baseline
28,111,3,0.2000000029802322,-1.0292338132858276,1.3393555879592896,0.2800333499908447,256.0,256.0,0.1111111119389534,0.0227207783609628,0,0.0161924637960741,169,5,6,shapley-20260606T023844Z-ebfd80f0,shapley,baseline
29,10111,4,0.4000000059604645,-0.9803158044815063,1.3503499031066897,0.3893308043479919,256.0,251.854736328125,0.2026247978210449,0.0522223971784114,64,0.0161924637960741,169,5,6,shapley-20260606T023844Z-ebfd80f0,shapley,baseline
30,1111,4,0.4000000059604645,-0.056233312934637,0.0056583024561405,0.0024961170274764,94.95392608642578,62.95392608642578,0.3370055556297302,0.0051014078781008,32,0.0161924637960741,169,5,6,shapley-20260606T023844Z-ebfd80f0,shapley,baseline
31,11111,5,1.0,0.0,0.0,0.0,32.0,0.0,1.0,0.0010000000474974,0,0.0161924637960741,169,5,6,shapley-20260606T023844Z-ebfd80f0,shapley,baseline
0,0,0,1.0,-1.7903715372085571,4.29216194152832,1.0867316722869873,32.0,0.0,1.0,0.2510960400104522,32,0.0,49,0,1,shapley-20260606T023909Z-3e53ca45,shapley,marginal
1,10000,1,0.4000000059604645,-1.5688929557800293,2.929374933242798,0.4679498672485351,32.0,0.0,1.0,0.0666455626487732,32,0.0,49,0,1,shapley-20260606T023909Z-3e53ca45,shapley,marginal
2,1000,1,0.4000000059604645,-0.6948962211608887,0.608702540397644,0.1258217692375183,32.0,0.0,1.0,0.0350395329296588,32,0.0,49,0,1,shapley-20260606T023909Z-3e53ca45,shapley,marginal
3,11000,2,0.2000000029802322,-0.5630044937133789,0.4419258534908294,0.1249517798423767,32.0,0.0,1.0,0.0179608240723609,32,0.0,49,0,1,shapley-20260606T023909Z-3e53ca45,shapley,marginal
4,100,1,0.4000000059604645,-1.3008055686950684,1.8499678373336792,0.1578726768493652,32.0,0.0,1.0,0.0391293317079544,32,0.0,49,0,1,shapley-20260606T023909Z-3e53ca45,shapley,marginal
5,10100,2,0.2000000029802322,-1.326101541519165,2.01123309135437,0.2526878118515014,32.0,0.0,1.0,0.0251194722950458,32,0.0,49,0,1,shapley-20260606T023909Z-3e53ca45,shapley,marginal
6,1100,2,0.2000000029802322,-0.4714564681053161,0.304546058177948,0.082274854183197,32.0,0.0,1.0,0.0147628774866461,32,0.0,49,0,1,shapley-20260606T023909Z-3e53ca45,shapley,marginal
7,11100,3,0.2000000029802322,-0.2551014721393585,0.0854706019163131,0.0203938409686088,32.0,0.0,1.0,0.0078521240502595,32,0.0,49,0,1,shapley-20260606T023909Z-3e53ca45,shapley,marginal
8,10,1,0.4000000059604645,-1.4533753395080566,2.4846949577331543,0.3723950386047363,32.0,0.0,1.0,0.0595608837902545,32,0.0,49,0,1,shapley-20260606T023909Z-3e53ca45,shapley,marginal
9,10010,2,0.2000000029802322,-1.235162377357483,1.859335660934448,0.3337095975875854,32.0,0.0,1.0,0.0287178829312324,32,0.0,49,0,1,shapley-20260606T023909Z-3e53ca45,shapley,marginal
10,1010,2,0.2000000029802322,-0.4327586889266968,0.2492561638355255,0.0619760751724243,32.0,0.0,1.0,0.0129450429230928,32,0.0,49,0,1,shapley-20260606T023909Z-3e53ca45,shapley,marginal
11,11010,3,0.2000000029802322,-0.3632069826126098,0.1775166988372802,0.0455973893404006,32.0,0.0,1.0,0.0112457955256104,32,0.0,49,0,1,shapley-20260606T023909Z-3e53ca45,shapley,marginal
12,110,2,0.2000000029802322,-1.192899227142334,2.041177272796631,0.6181687116622925,32.0,0.0,1.0,0.0387249924242496,32,0.0,49,0,1,shapley-20260606T023909Z-3e53ca45,shapley,marginal
13,10110,3,0.2000000029802322,-0.9337822794914246,1.0340244770050049,0.1620751023292541,32.0,0.0,1.0,0.0203167404979467,32,0.0,49,0,1,shapley-20260606T023909Z-3e53ca45,shapley,marginal
14,1110,3,0.2000000029802322,-0.2042588591575622,0.0682178884744644,0.0264962054789066,32.0,0.0,1.0,0.0088102966547012,32,0.0,49,0,1,shapley-20260606T023909Z-3e53ca45,shapley,marginal
15,11110,4,0.4000000059604645,-0.1066809818148613,0.0362149327993392,0.0248341001570224,32.0,0.0,1.0,0.0161227211356163,32,0.0,49,0,1,shapley-20260606T023909Z-3e53ca45,shapley,marginal
16,1,1,0.4000000059604645,-1.517755150794983,2.953696250915528,0.6501154899597168,32.0,0.0,1.0,0.0783750563859939,32,0.0,49,0,1,shapley-20260606T023909Z-3e53ca45,shapley,marginal
17,10001,2,0.2000000029802322,-1.3435856103897097,2.020498275756836,0.2152760028839111,32.0,0.0,1.0,0.0232624784111976,32,0.0,49,0,1,shapley-20260606T023909Z-3e53ca45,shapley,marginal
18,1001,2,0.2000000029802322,-0.4981074631214142,0.2890136837959289,0.0409026443958282,32.0,0.0,1.0,0.010704013518989,32,0.0,49,0,1,shapley-20260606T023909Z-3e53ca45,shapley,marginal
19,11001,3,0.2000000029802322,-0.4172229766845703,0.2051628679037094,0.0310878604650497,32.0,0.0,1.0,0.0094600152224302,32,0.0,49,0,1,shapley-20260606T023909Z-3e53ca45,shapley,marginal
20,101,2,0.2000000029802322,-1.2224961519241333,1.7840192317962646,0.2895224094390869,32.0,0.0,1.0,0.0268176551908254,32,0.0,49,0,1,shapley-20260606T023909Z-3e53ca45,shapley,marginal
21,10101,3,0.2000000029802322,-1.1377533674240112,1.5300517082214355,0.2355690002441406,32.0,0.0,1.0,0.0242881383746862,32,0.0,49,0,1,shapley-20260606T023909Z-3e53ca45,shapley,marginal
22,1101,3,0.2000000029802322,-0.3243454694747925,0.1384326368570327,0.0332326516509056,32.0,0.0,1.0,0.0097469817847013,32,0.0,49,0,1,shapley-20260606T023909Z-3e53ca45,shapley,marginal
23,11101,4,0.4000000059604645,-0.1612926721572876,0.0376859046518802,0.0116705782711505,32.0,0.0,1.0,0.0113669717684388,32,0.0,49,0,1,shapley-20260606T023909Z-3e53ca45,shapley,marginal
24,11,2,0.2000000029802322,-1.2601677179336548,1.8651918172836304,0.2771691083908081,32.0,0.0,1.0,0.0262608584016561,32,0.0,49,0,1,shapley-20260606T023909Z-3e53ca45,shapley,marginal
25,10011,3,0.2000000029802322,-1.2136166095733645,1.7241458892822266,0.251280665397644,32.0,0.0,1.0,0.0250522252172231,32,0.0,49,0,1,shapley-20260606T023909Z-3e53ca45,shapley,marginal
26,1011,3,0.2000000029802322,-0.3858435451984405,0.1793285906314849,0.0304533541202545,32.0,0.0,1.0,0.0093732345849275,32,0.0,49,0,1,shapley-20260606T023909Z-3e53ca45,shapley,marginal
27,11011,4,0.4000000059604645,-0.2272129952907562,0.0615763813257217,0.0099506378173828,32.0,0.0,1.0,0.0105726271867752,32,0.0,49,0,1,shapley-20260606T023909Z-3e53ca45,shapley,marginal
28,111,3,0.2000000029802322,-1.1067087650299072,1.3976153135299685,0.1728110313415527,32.0,0.0,1.0,0.0209462586790323,32,0.0,49,0,1,shapley-20260606T023909Z-3e53ca45,shapley,marginal
29,10111,4,0.4000000059604645,-1.064277172088623,1.381636142730713,0.2489502429962158,32.0,0.0,1.0,0.048880860209465,32,0.0,49,0,1,shapley-20260606T023909Z-3e53ca45,shapley,marginal
30,1111,4,0.4000000059604645,-0.1449897140264511,0.0295126438140869,0.0084906257688999,32.0,0.0,1.0,0.0098425103351473,32,0.0,49,0,1,shapley-20260606T023909Z-3e53ca45,shapley,marginal
31,11111,5,1.0,0.0,0.0,0.0,32.0,0.0,1.0,0.0010000000474974,32,0.0,49,0,1,shapley-20260606T023909Z-3e53ca45,shapley,marginal
0,0,0,1.0,-1.6580376625061035,3.254460573196411,0.5053715705871582,256.0,32.0,0.9285714030265808,0.1883618235588073,416,0.0,69,1,2,shapley-20260606T023909Z-3e53ca45,shapley,marginal
1,10000,1,0.4000000059604645,-1.574815034866333,2.9517109394073486,0.4716684818267822,96.0,32.0,0.6666666865348816,0.0734025985002517,64,0.0,69,1,2,shapley-20260606T023909Z-3e53ca45,shapley,marginal
2,1000,1,0.4000000059604645,-0.7166352272033691,0.6529289484024048,0.1393628716468811,64.0,32.0,0.5,0.04035584628582,32,0.0,69,1,2,shapley-20260606T023909Z-3e53ca45,shapley,marginal
3,11000,2,0.2000000029802322,-0.5630044937133789,0.4419258534908294,0.1249517798423767,32.0,0.0,1.0,0.019632751122117,0,0.0,69,1,2,shapley-20260606T023909Z-3e53ca45,shapley,marginal
4,100,1,0.4000000059604645,-1.3380028009414673,2.0590291023254395,0.2687776088714599,64.0,32.0,0.5,0.0556552968919277,32,0.0,69,1,2,shapley-20260606T023909Z-3e53ca45,shapley,marginal
5,10100,2,0.2000000029802322,-1.3085066080093384,1.9729647636413572,0.2607752084732055,64.0,32.0,0.5,0.0279177594929933,32,0.0,69,1,2,shapley-20260606T023909Z-3e53ca45,shapley,marginal
6,1100,2,0.2000000029802322,-0.4823830127716064,0.3037303388118744,0.0710369646549224,64.0,32.0,0.5,0.0150490803644061,32,0.0,69,1,2,shapley-20260606T023909Z-3e53ca45,shapley,marginal
7,11100,3,0.2000000029802322,-0.2551014721393585,0.0854706019163131,0.0203938409686088,32.0,0.0,1.0,0.0085275778546929,0,0.0,69,1,2,shapley-20260606T023909Z-3e53ca45,shapley,marginal
8,10,1,0.4000000059604645,-1.4072123765945437,2.3339197635650635,0.3536731004714966,96.0,32.0,0.6666666865348816,0.0636955574154853,64,0.0,69,1,2,shapley-20260606T023909Z-3e53ca45,shapley,marginal
9,10010,2,0.2000000029802322,-1.4172983169555664,2.318484306335449,0.3097498416900635,96.0,32.0,0.6666666865348816,0.0303367022424936,64,0.0,69,1,2,shapley-20260606T023909Z-3e53ca45,shapley,marginal
10,1010,2,0.2000000029802322,-0.4327586889266968,0.2492561638355255,0.0619760751724243,32.0,0.0,1.0,0.0141225364059209,0,0.0,69,1,2,shapley-20260606T023909Z-3e53ca45,shapley,marginal
11,11010,3,0.2000000029802322,-0.3698694705963135,0.1729503720998764,0.0361469537019729,64.0,32.0,0.5,0.0110217044129967,32,0.0,69,1,2,shapley-20260606T023909Z-3e53ca45,shapley,marginal
12,110,2,0.2000000029802322,-1.195725440979004,1.7405741214752195,0.3108147382736206,160.0,32.0,0.800000011920929,0.0303870886564254,128,0.0,69,1,2,shapley-20260606T023909Z-3e53ca45,shapley,marginal
13,10110,3,0.2000000029802322,-1.0851290225982666,1.367750883102417,0.1902458667755127,96.0,32.0,0.6666666865348816,0.0239912904798984,64,0.0,69,1,2,shapley-20260606T023909Z-3e53ca45,shapley,marginal
14,1110,3,0.2000000029802322,-0.2042588591575622,0.0682178884744644,0.0264962054789066,32.0,0.0,1.0,0.0095802033320069,0,0.0,69,1,2,shapley-20260606T023909Z-3e53ca45,shapley,marginal
15,11110,4,0.4000000059604645,-0.1031269505620002,0.0263057295233011,0.0156705603003501,128.0,32.0,0.75,0.0141970850527286,96,0.0,69,1,2,shapley-20260606T023909Z-3e53ca45,shapley,marginal
16,1,1,0.4000000059604645,-1.4501028060913086,2.4979209899902344,0.395122766494751,96.0,32.0,0.6666666865348816,0.0672676786780357,64,0.0,69,1,2,shapley-20260606T023909Z-3e53ca45,shapley,marginal
17,10001,2,0.2000000029802322,-1.3638335466384888,2.136885404586792,0.2768434286117553,128.0,32.0,0.75,0.0287346579134464,96,0.0,69,1,2,shapley-20260606T023909Z-3e53ca45,shapley,marginal
18,1001,2,0.2000000029802322,-0.4981074631214142,0.2890136837959289,0.0409026443958282,32.0,0.0,1.0,0.0116605954244732,0,0.0,69,1,2,shapley-20260606T023909Z-3e53ca45,shapley,marginal
19,11001,3,0.2000000029802322,-0.4172229766845703,0.2051628679037094,0.0310878604650497,32.0,0.0,1.0,0.0102939680218696,0,0.0,69,1,2,shapley-20260606T023909Z-3e53ca45,shapley,marginal
20,101,2,0.2000000029802322,-1.2700080871582031,1.9246394634246824,0.3117189407348633,64.0,32.0,0.5,0.0304298028349876,32,0.0,69,1,2,shapley-20260606T023909Z-3e53ca45,shapley,marginal
21,10101,3,0.2000000029802322,-1.1727665662765503,1.6466783285140991,0.2712968587875366,64.0,32.0,0.5,0.0284554213285446,32,0.0,69,1,2,shapley-20260606T023909Z-3e53ca45,shapley,marginal
22,1101,3,0.2000000029802322,-0.3243454694747925,0.1384326368570327,0.0332326516509056,32.0,0.0,1.0,0.0106092225760221,0,0.0,69,1,2,shapley-20260606T023909Z-3e53ca45,shapley,marginal
23,11101,4,0.4000000059604645,-0.1897098124027252,0.0627212598919868,0.0267314463853836,64.0,32.0,0.5,0.0182364154607057,32,0.0,69,1,2,shapley-20260606T023909Z-3e53ca45,shapley,marginal
24,11,2,0.2000000029802322,-1.2487165927886963,1.7978185415267944,0.238525390625,96.0,32.0,0.6666666865348816,0.0267438236624002,64,0.0,69,1,2,shapley-20260606T023909Z-3e53ca45,shapley,marginal
25,10011,3,0.2000000029802322,-1.2744181156158447,1.8931418657302856,0.2690002918243408,128.0,32.0,0.75,0.0283389668911695,96,0.0,69,1,2,shapley-20260606T023909Z-3e53ca45,shapley,marginal
26,1011,3,0.2000000029802322,-0.3858435451984405,0.1793285906314849,0.0304533541202545,32.0,0.0,1.0,0.0101986331865191,0,0.0,69,1,2,shapley-20260606T023909Z-3e53ca45,shapley,marginal
27,11011,4,0.4000000059604645,-0.2347538471221923,0.0658950805664062,0.0107857100665569,96.0,32.0,0.6666666865348816,0.011948637664318,64,0.0,69,1,2,shapley-20260606T023909Z-3e53ca45,shapley,marginal
28,111,3,0.2000000029802322,-1.1067087650299072,1.3976153135299685,0.1728110313415527,32.0,0.0,1.0,0.0229124780744314,0,0.0,69,1,2,shapley-20260606T023909Z-3e53ca45,shapley,marginal
29,10111,4,0.4000000059604645,-1.0481464862823486,1.3729774951934814,0.2743664979934692,96.0,32.0,0.6666666865348816,0.0562206171452999,64,0.0,69,1,2,shapley-20260606T023909Z-3e53ca45,shapley,marginal
30,1111,4,0.4000000059604645,-0.1449897140264511,0.0295126438140869,0.0084906257688999,32.0,0.0,1.0,0.0107141686603426,0,0.0,69,1,2,shapley-20260606T023909Z-3e53ca45,shapley,marginal
31,11111,5,1.0,0.0,0.0,0.0,32.0,0.0,1.0,0.0010000000474974,0,0.0,69,1,2,shapley-20260606T023909Z-3e53ca45,shapley,marginal
0,0,0,1.0,-1.6505335569381714,3.3117105960845947,0.5874495506286621,256.0,256.0,0.4666666686534881,0.1856957525014877,224,0.0,89,2,3,shapley-20260606T023909Z-3e53ca45,shapley,marginal
1,10000,1,0.4000000059604645,-1.6757667064666748,3.448747158050537,0.6405529975891113,192.0,96.0,0.5,0.0781452432274818,96,0.0,89,2,3,shapley-20260606T023909Z-3e53ca45,shapley,marginal
2,1000,1,0.4000000059604645,-0.746368944644928,0.7125570178031921,0.1554903984069824,96.0,64.0,0.3333333432674408,0.0390087328851223,32,0.0,89,2,3,shapley-20260606T023909Z-3e53ca45,shapley,marginal
3,11000,2,0.2000000029802322,-0.6467894315719604,0.5419728755950928,0.1236363053321838,64.0,32.0,0.5,0.0179462917149066,32,0.0,89,2,3,shapley-20260606T023909Z-3e53ca45,shapley,marginal
4,100,1,0.4000000059604645,-1.3453537225723269,2.1009011268615723,0.2909244298934936,96.0,64.0,0.3333333432674408,0.0529902316629886,32,0.0,89,2,3,shapley-20260606T023909Z-3e53ca45,shapley,marginal
5,10100,2,0.2000000029802322,-1.396406888961792,2.3813295364379883,0.4313772916793823,192.0,64.0,0.6666666865348816,0.0326541177928447,128,0.0,89,2,3,shapley-20260606T023909Z-3e53ca45,shapley,marginal
6,1100,2,0.2000000029802322,-0.5212751030921936,0.3639098703861236,0.0921821296215057,128.0,64.0,0.5,0.0156327169388532,64,0.0,89,2,3,shapley-20260606T023909Z-3e53ca45,shapley,marginal
7,11100,3,0.2000000029802322,-0.2551014721393585,0.0854706019163131,0.0203938409686088,32.0,0.0,1.0,0.0078825782984495,0,0.0,89,2,3,shapley-20260606T023909Z-3e53ca45,shapley,marginal
8,10,1,0.4000000059604645,-1.4550256729125977,2.5646238327026367,0.4475240707397461,192.0,96.0,0.5,0.0654821991920471,96,0.0,89,2,3,shapley-20260606T023909Z-3e53ca45,shapley,marginal
9,10010,2,0.2000000029802322,-1.4172983169555664,2.318484306335449,0.3097498416900635,96.0,32.0,0.6666666865348816,0.0278229918330907,0,0.0,89,2,3,shapley-20260606T023909Z-3e53ca45,shapley,marginal
10,1010,2,0.2000000029802322,-0.4901109039783478,0.3438983261585235,0.1036896258592605,64.0,32.0,0.5,0.0165191981941461,32,0.0,89,2,3,shapley-20260606T023909Z-3e53ca45,shapley,marginal
11,11010,3,0.2000000029802322,-0.3667370080947876,0.1759621500968933,0.0414661169052124,128.0,64.0,0.5,0.0108140520751476,64,0.0,89,2,3,shapley-20260606T023909Z-3e53ca45,shapley,marginal
12,110,2,0.2000000029802322,-1.2118641138076782,1.783484935760498,0.3148703575134277,192.0,160.0,0.1666666716337204,0.0280437879264354,32,0.0,89,2,3,shapley-20260606T023909Z-3e53ca45,shapley,marginal
13,10110,3,0.2000000029802322,-1.1630020141601562,1.6659163236618042,0.3133426904678345,192.0,96.0,0.5,0.0279781054705381,96,0.0,89,2,3,shapley-20260606T023909Z-3e53ca45,shapley,marginal
14,1110,3,0.2000000029802322,-0.2132638990879058,0.0696043074131012,0.0241228155791759,64.0,32.0,0.5,0.0084854112938046,32,0.0,89,2,3,shapley-20260606T023909Z-3e53ca45,shapley,marginal
15,11110,4,0.4000000059604645,-0.0968516767024993,0.0239735282957553,0.0145932808518409,160.0,128.0,0.2000000029802322,0.0126441596075892,32,0.0,89,2,3,shapley-20260606T023909Z-3e53ca45,shapley,marginal
16,1,1,0.4000000059604645,-1.5771900415420532,3.016735553741455,0.5292072296142578,256.0,96.0,0.6666666865348816,0.0711204186081886,192,0.0,89,2,3,shapley-20260606T023909Z-3e53ca45,shapley,marginal
17,10001,2,0.2000000029802322,-1.4166676998138428,2.4078164100646973,0.4008691310882568,224.0,128.0,0.4285714328289032,0.0315142683684825,96,0.0,89,2,3,shapley-20260606T023909Z-3e53ca45,shapley,marginal
18,1001,2,0.2000000029802322,-0.5634029507637024,0.3665900528430938,0.0491671562194824,64.0,32.0,0.5,0.0116865914314985,32,0.0,89,2,3,shapley-20260606T023909Z-3e53ca45,shapley,marginal
19,11001,3,0.2000000029802322,-0.4172229766845703,0.2051628679037094,0.0310878604650497,32.0,0.0,1.0,0.0094976155087351,0,0.0,89,2,3,shapley-20260606T023909Z-3e53ca45,shapley,marginal
20,101,2,0.2000000029802322,-1.2758671045303345,1.97126579284668,0.3434289693832397,96.0,64.0,0.3333333432674408,0.0292436052113771,32,0.0,89,2,3,shapley-20260606T023909Z-3e53ca45,shapley,marginal
21,10101,3,0.2000000029802322,-1.2520602941513062,1.9069762229919436,0.3393212556838989,96.0,64.0,0.3333333432674408,0.0290741864591836,32,0.0,89,2,3,shapley-20260606T023909Z-3e53ca45,shapley,marginal
22,1101,3,0.2000000029802322,-0.3347633481025696,0.1510635912418365,0.0389970913529396,64.0,32.0,0.5,0.0105173885822296,32,0.0,89,2,3,shapley-20260606T023909Z-3e53ca45,shapley,marginal
23,11101,4,0.4000000059604645,-0.1897098124027252,0.0627212598919868,0.0267314463853836,64.0,32.0,0.5,0.0167595148086547,0,0.0,89,2,3,shapley-20260606T023909Z-3e53ca45,shapley,marginal
24,11,2,0.2000000029802322,-1.2487165927886963,1.7978185415267944,0.238525390625,96.0,32.0,0.6666666865348816,0.0245379675179719,0,0.0,89,2,3,shapley-20260606T023909Z-3e53ca45,shapley,marginal
25,10011,3,0.2000000029802322,-1.277601718902588,1.8918874263763428,0.259621262550354,160.0,128.0,0.2000000029802322,0.0255567990243434,32,0.0,89,2,3,shapley-20260606T023909Z-3e53ca45,shapley,marginal
26,1011,3,0.2000000029802322,-0.3941629528999328,0.1984258294105529,0.0430613905191421,64.0,32.0,0.5,0.0110010523349046,32,0.0,89,2,3,shapley-20260606T023909Z-3e53ca45,shapley,marginal
27,11011,4,0.4000000059604645,-0.2410905510187149,0.0706401094794273,0.0125154554843902,128.0,96.0,0.25,0.0117833809927105,32,0.0,89,2,3,shapley-20260606T023909Z-3e53ca45,shapley,marginal
28,111,3,0.2000000029802322,-1.2120424509048462,1.8008546829223633,0.3318077325820923,64.0,32.0,0.5,0.0287616271525621,32,0.0,89,2,3,shapley-20260606T023909Z-3e53ca45,shapley,marginal
29,10111,4,0.4000000059604645,-1.0405868291854858,1.3446099758148191,0.2617890834808349,160.0,96.0,0.4000000059604645,0.0503182224929332,64,0.0,89,2,3,shapley-20260606T023909Z-3e53ca45,shapley,marginal
30,1111,4,0.4000000059604645,-0.1449897140264511,0.0295126438140869,0.0084906257688999,32.0,0.0,1.0,0.0098818112164735,0,0.0,89,2,3,shapley-20260606T023909Z-3e53ca45,shapley,marginal
31,11111,5,1.0,0.0,0.0,0.0,32.0,0.0,1.0,0.0010000000474974,0,0.0,89,2,3,shapley-20260606T023909Z-3e53ca45,shapley,marginal
0,0,0,1.0,-1.7359448671340942,3.829110622406006,0.8156061172485352,256.0,256.0,0.6666666865348816,0.1919711232185363,512,0.0,109,3,4,shapley-20260606T023909Z-3e53ca45,shapley,marginal
1,10000,1,0.4000000059604645,-1.6856268644332886,3.5970160961151123,0.7556781768798828,256.0,192.0,0.5,0.0745285376906395,192,0.0,109,3,4,shapley-20260606T023909Z-3e53ca45,shapley,marginal
2,1000,1,0.4000000059604645,-0.7965487241744995,0.8193711042404175,0.1848812103271484,160.0,96.0,0.4000000059604645,0.0373692102730274,64,0.0,109,3,4,shapley-20260606T023909Z-3e53ca45,shapley,marginal
3,11000,2,0.2000000029802322,-0.6467894315719604,0.5419728755950928,0.1236363053321838,64.0,32.0,0.5,0.0158706679940223,0,0.0,109,3,4,shapley-20260606T023909Z-3e53ca45,shapley,marginal
4,100,1,0.4000000059604645,-1.5324232578277588,3.0441815853118896,0.6958606243133545,224.0,96.0,0.5714285969734192,0.0715583860874176,128,0.0,109,3,4,shapley-20260606T023909Z-3e53ca45,shapley,marginal
5,10100,2,0.2000000029802322,-1.42832612991333,2.5556230545043945,0.5155074596405029,224.0,192.0,0.1428571492433548,0.0313651151955127,32,0.0,109,3,4,shapley-20260606T023909Z-3e53ca45,shapley,marginal
6,1100,2,0.2000000029802322,-0.5465902090072632,0.4055683612823486,0.1068075001239776,192.0,128.0,0.3333333432674408,0.0148216011002659,64,0.0,109,3,4,shapley-20260606T023909Z-3e53ca45,shapley,marginal
7,11100,3,0.2000000029802322,-0.2551014721393585,0.0854706019163131,0.0203938409686088,32.0,0.0,1.0,0.0070395837537944,0,0.0,109,3,4,shapley-20260606T023909Z-3e53ca45,shapley,marginal
8,10,1,0.4000000059604645,-1.4511289596557615,2.565172910690308,0.459397554397583,224.0,192.0,0.1428571492433548,0.0583299845457077,32,0.0,109,3,4,shapley-20260606T023909Z-3e53ca45,shapley,marginal
9,10010,2,0.2000000029802322,-1.4172983169555664,2.318484306335449,0.3097498416900635,96.0,32.0,0.6666666865348816,0.0245376471430063,0,0.0,109,3,4,shapley-20260606T023909Z-3e53ca45,shapley,marginal
10,1010,2,0.2000000029802322,-0.4901109039783478,0.3438983261585235,0.1036896258592605,64.0,32.0,0.5,0.0146183697506785,0,0.0,109,3,4,shapley-20260606T023909Z-3e53ca45,shapley,marginal
11,11010,3,0.2000000029802322,-0.3716761469841003,0.180351048707962,0.0422078967094421,160.0,128.0,0.2000000029802322,0.0096886912360787,32,0.0,109,3,4,shapley-20260606T023909Z-3e53ca45,shapley,marginal
12,110,2,0.2000000029802322,-1.2630949020385742,2.026632070541382,0.4312233924865722,256.0,192.0,0.25,0.0287720914930105,64,0.0,109,3,4,shapley-20260606T023909Z-3e53ca45,shapley,marginal
13,10110,3,0.2000000029802322,-1.2324259281158447,1.9429494142532349,0.424075722694397,256.0,192.0,0.25,0.0285409670323133,64,0.0,109,3,4,shapley-20260606T023909Z-3e53ca45,shapley,marginal
14,1110,3,0.2000000029802322,-0.2132638990879058,0.0696043074131012,0.0241228155791759,64.0,32.0,0.5,0.0075685800984501,0,0.0,109,3,4,shapley-20260606T023909Z-3e53ca45,shapley,marginal
15,11110,4,0.4000000059604645,-0.0968516767024993,0.0239735282957553,0.0145932808518409,160.0,128.0,0.2000000029802322,0.0112179554998874,0,0.0,109,3,4,shapley-20260606T023909Z-3e53ca45,shapley,marginal
16,1,1,0.4000000059604645,-1.616922378540039,3.197819471359253,0.5833814144134521,256.0,256.0,0.3333333432674408,0.0656046494841575,128,0.0,109,3,4,shapley-20260606T023909Z-3e53ca45,shapley,marginal
17,10001,2,0.2000000029802322,-1.4166676998138428,2.4078164100646973,0.4008691310882568,224.0,128.0,0.4285714328289032,0.0277768075466156,0,0.0,109,3,4,shapley-20260606T023909Z-3e53ca45,shapley,marginal
18,1001,2,0.2000000029802322,-0.5652523636817932,0.3800103664398193,0.060500144958496,96.0,64.0,0.3333333432674408,0.0114024523645639,32,0.0,109,3,4,shapley-20260606T023909Z-3e53ca45,shapley,marginal
19,11001,3,0.2000000029802322,-0.4172229766845703,0.2051628679037094,0.0310878604650497,32.0,0.0,1.0,0.0084568066522479,0,0.0,109,3,4,shapley-20260606T023909Z-3e53ca45,shapley,marginal
20,101,2,0.2000000029802322,-1.3624088764190674,2.405910015106201,0.5497521162033081,128.0,96.0,0.25,0.0323574617505073,32,0.0,109,3,4,shapley-20260606T023909Z-3e53ca45,shapley,marginal
21,10101,3,0.2000000029802322,-1.4433515071868896,2.840095996856689,0.7568323612213135,160.0,96.0,0.4000000059604645,0.0377923287451267,64,0.0,109,3,4,shapley-20260606T023909Z-3e53ca45,shapley,marginal
22,1101,3,0.2000000029802322,-0.3347633481025696,0.1510635912418365,0.0389970913529396,64.0,32.0,0.5,0.0093516753986477,0,0.0,109,3,4,shapley-20260606T023909Z-3e53ca45,shapley,marginal
23,11101,4,0.4000000059604645,-0.1897098124027252,0.0627212598919868,0.0267314463853836,64.0,32.0,0.5,0.0148292509838938,0,0.0,109,3,4,shapley-20260606T023909Z-3e53ca45,shapley,marginal
24,11,2,0.2000000029802322,-1.2487165927886963,1.7978185415267944,0.238525390625,96.0,32.0,0.6666666865348816,0.0216549802571535,0,0.0,109,3,4,shapley-20260606T023909Z-3e53ca45,shapley,marginal
25,10011,3,0.2000000029802322,-1.3080658912658691,2.080202341079712,0.3691660165786743,192.0,160.0,0.1666666716337204,0.026696166023612,32,0.0,109,3,4,shapley-20260606T023909Z-3e53ca45,shapley,marginal
26,1011,3,0.2000000029802322,-0.3941629528999328,0.1984258294105529,0.0430613905191421,64.0,32.0,0.5,0.0097760986536741,0,0.0,109,3,4,shapley-20260606T023909Z-3e53ca45,shapley,marginal
27,11011,4,0.4000000059604645,-0.255657434463501,0.0817354172468185,0.0163746923208236,192.0,128.0,0.3333333432674408,0.0118236579000949,64,0.0,109,3,4,shapley-20260606T023909Z-3e53ca45,shapley,marginal
28,111,3,0.2000000029802322,-1.2120424509048462,1.8008546829223633,0.3318077325820923,64.0,32.0,0.5,0.0253613162785768,0,0.0,109,3,4,shapley-20260606T023909Z-3e53ca45,shapley,marginal
29,10111,4,0.4000000059604645,-1.1569759845733645,1.817323923110962,0.4787304401397705,224.0,160.0,0.2857142984867096,0.0595238581299781,64,0.0,109,3,4,shapley-20260606T023909Z-3e53ca45,shapley,marginal
30,1111,4,0.4000000059604645,-0.1449897140264511,0.0295126438140869,0.0084906257688999,32.0,0.0,1.0,0.0087939454242587,0,0.0,109,3,4,shapley-20260606T023909Z-3e53ca45,shapley,marginal
31,11111,5,1.0,0.0,0.0,0.0,32.0,0.0,1.0,0.0010000000474974,0,0.0,109,3,4,shapley-20260606T023909Z-3e53ca45,shapley,marginal
0,0,0,1.0,-1.8252859115600584,4.343186378479004,1.0115177631378174,256.0,256.0,0.5,0.1906555742025375,256,0.0,129,4,5,shapley-20260606T023909Z-3e53ca45,shapley,marginal
1,10000,1,0.4000000059604645,-1.7161537408828735,3.889050960540772,0.9438672065734864,256.0,256.0,0.4285714328289032,0.0742814913392067,192,0.0,129,4,5,shapley-20260606T023909Z-3e53ca45,shapley,marginal
2,1000,1,0.4000000059604645,-0.8503257036209106,0.9770145416259766,0.2539607286453247,224.0,160.0,0.2857142984867096,0.0390121191740036,64,0.0,129,4,5,shapley-20260606T023909Z-3e53ca45,shapley,marginal
3,11000,2,0.2000000029802322,-0.6859444379806519,0.6149119138717651,0.1443921327590942,128.0,64.0,0.5,0.0153311369940638,64,0.0,129,4,5,shapley-20260606T023909Z-3e53ca45,shapley,marginal
4,100,1,0.4000000059604645,-1.5419001579284668,3.162985324859619,0.7855291366577148,256.0,224.0,0.2222222238779068,0.0678528621792793,64,0.0,129,4,5,shapley-20260606T023909Z-3e53ca45,shapley,marginal
5,10100,2,0.2000000029802322,-1.42832612991333,2.5556230545043945,0.5155074596405029,224.0,192.0,0.1428571492433548,0.0280786082148551,0,0.0,129,4,5,shapley-20260606T023909Z-3e53ca45,shapley,marginal
6,1100,2,0.2000000029802322,-0.5622224807739258,0.4384073317050934,0.1223132014274597,224.0,192.0,0.1428571492433548,0.0141900219023227,32,0.0,129,4,5,shapley-20260606T023909Z-3e53ca45,shapley,marginal
7,11100,3,0.2000000029802322,-0.2551014721393585,0.0854706019163131,0.0203938409686088,32.0,0.0,1.0,0.0063859010115265,0,0.0,129,4,5,shapley-20260606T023909Z-3e53ca45,shapley,marginal
8,10,1,0.4000000059604645,-1.616051435470581,3.428616523742676,0.8169941902160645,256.0,224.0,0.5,0.0691786408424377,224,0.0,129,4,5,shapley-20260606T023909Z-3e53ca45,shapley,marginal
9,10010,2,0.2000000029802322,-1.4252662658691406,2.40835952758789,0.3769755363464355,128.0,96.0,0.25,0.0241561010479927,32,0.0,129,4,5,shapley-20260606T023909Z-3e53ca45,shapley,marginal
10,1010,2,0.2000000029802322,-0.4901109039783478,0.3438983261585235,0.1036896258592605,64.0,32.0,0.5,0.0131444120779633,0,0.0,129,4,5,shapley-20260606T023909Z-3e53ca45,shapley,marginal
11,11010,3,0.2000000029802322,-0.3844862580299377,0.1959830075502395,0.0481533259153366,192.0,160.0,0.1666666716337204,0.009276027791202,32,0.0,129,4,5,shapley-20260606T023909Z-3e53ca45,shapley,marginal
12,110,2,0.2000000029802322,-1.2630949020385742,2.026632070541382,0.4312233924865722,256.0,192.0,0.25,0.025766234844923,0,0.0,129,4,5,shapley-20260606T023909Z-3e53ca45,shapley,marginal
13,10110,3,0.2000000029802322,-1.270190715789795,2.0931947231292725,0.4798102378845215,256.0,256.0,0.1111111119389534,0.0271242372691631,32,0.0,129,4,5,shapley-20260606T023909Z-3e53ca45,shapley,marginal
14,1110,3,0.2000000029802322,-0.2132638990879058,0.0696043074131012,0.0241228155791759,64.0,32.0,0.5,0.0068576429039239,0,0.0,129,4,5,shapley-20260606T023909Z-3e53ca45,shapley,marginal
15,11110,4,0.4000000059604645,-0.0968516767024993,0.0239735282957553,0.0145932808518409,160.0,128.0,0.2000000029802322,0.0101120341569185,0,0.0,129,4,5,shapley-20260606T023909Z-3e53ca45,shapley,marginal
16,1,1,0.4000000059604645,-1.6472123861312866,3.36368465423584,0.6503760814666748,256.0,256.0,0.1111111119389534,0.061830461025238,32,0.0,129,4,5,shapley-20260606T023909Z-3e53ca45,shapley,marginal
17,10001,2,0.2000000029802322,-1.4584462642669678,2.695159912109375,0.5680944919586182,256.0,224.0,0.125,0.029426222667098,32,0.0,129,4,5,shapley-20260606T023909Z-3e53ca45,shapley,marginal
18,1001,2,0.2000000029802322,-0.5652523636817932,0.3800103664398193,0.060500144958496,96.0,64.0,0.3333333432674408,0.0102765625342726,0,0.0,129,4,5,shapley-20260606T023909Z-3e53ca45,shapley,marginal
19,11001,3,0.2000000029802322,-0.4172229766845703,0.2051628679037094,0.0310878604650497,32.0,0.0,1.0,0.0076497341506183,0,0.0,129,4,5,shapley-20260606T023909Z-3e53ca45,shapley,marginal
20,101,2,0.2000000029802322,-1.3624088764190674,2.405910015106201,0.5497521162033081,128.0,96.0,0.25,0.0289635490626096,0,0.0,129,4,5,shapley-20260606T023909Z-3e53ca45,shapley,marginal
21,10101,3,0.2000000029802322,-1.4887300729751587,3.021308422088623,0.8049912452697754,224.0,160.0,0.2857142984867096,0.0348379798233509,64,0.0,129,4,5,shapley-20260606T023909Z-3e53ca45,shapley,marginal
22,1101,3,0.2000000029802322,-0.3347633481025696,0.1510635912418365,0.0389970913529396,64.0,32.0,0.5,0.0084477476775646,0,0.0,129,4,5,shapley-20260606T023909Z-3e53ca45,shapley,marginal
23,11101,4,0.4000000059604645,-0.2050172686576843,0.0726393684744834,0.0306072868406772,160.0,64.0,0.6000000238418579,0.0141962710767984,96,0.0,129,4,5,shapley-20260606T023909Z-3e53ca45,shapley,marginal
24,11,2,0.2000000029802322,-1.3877536058425903,2.4870173931121826,0.5611573457717896,192.0,96.0,0.5,0.0292521305382251,96,0.0,129,4,5,shapley-20260606T023909Z-3e53ca45,shapley,marginal
25,10011,3,0.2000000029802322,-1.3615214824676514,2.4248194694519043,0.5710787773132324,224.0,192.0,0.1428571492433548,0.029500788077712,32,0.0,129,4,5,shapley-20260606T023909Z-3e53ca45,shapley,marginal
26,1011,3,0.2000000029802322,-0.4301897585391998,0.2532648742198944,0.0682016462087631,96.0,64.0,0.3333333432674408,0.0108493203297257,32,0.0,129,4,5,shapley-20260606T023909Z-3e53ca45,shapley,marginal
27,11011,4,0.4000000059604645,-0.2629637718200683,0.0883291065692901,0.0191791579127311,224.0,192.0,0.1428571492433548,0.0114460876211524,32,0.0,129,4,5,shapley-20260606T023909Z-3e53ca45,shapley,marginal
28,111,3,0.2000000029802322,-1.2771461009979248,2.1121926307678223,0.4810904264450073,96.0,64.0,0.3333333432674408,0.0271590668708086,32,0.0,129,4,5,shapley-20260606T023909Z-3e53ca45,shapley,marginal
29,10111,4,0.4000000059604645,-1.2901175022125244,2.4026732444763184,0.7382700443267822,256.0,224.0,0.4166666567325592,0.0658106654882431,160,0.0,129,4,5,shapley-20260606T023909Z-3e53ca45,shapley,marginal
30,1111,4,0.4000000059604645,-0.1449897140264511,0.0295126438140869,0.0084906257688999,32.0,0.0,1.0,0.0079503823071718,0,0.0,129,4,5,shapley-20260606T023909Z-3e53ca45,shapley,marginal
31,11111,5,1.0,0.0,0.0,0.0,32.0,0.0,1.0,0.0010000000474974,0,0.0,129,4,5,shapley-20260606T023909Z-3e53ca45,shapley,marginal
0,0,0,1.0,-1.9195225238800049,4.850225448608398,1.165658712387085,256.0,244.6415863037109,0.4779772162437439,0.1938279867172241,224,0.0443688108016955,169,5,6,shapley-20260606T023909Z-3e53ca45,shapley,marginal
1,10000,1,0.4000000059604645,-1.7100688219070437,3.816013813018799,0.8916783332824707,256.0,244.6415863037109,0.2073602676391601,0.0684603303670883,64,0.0443688108016955,169,5,6,shapley-20260606T023909Z-3e53ca45,shapley,marginal
2,1000,1,0.4000000059604645,-0.8630174994468689,1.0165530443191528,0.2717538475990295,246.06138610839844,214.06138610839844,0.130048856139183,0.0382419303059577,32,0.0443688108016955,169,5,6,shapley-20260606T023909Z-3e53ca45,shapley,marginal
3,11000,2,0.2000000029802322,-0.6925401091575623,0.6376934051513672,0.1580815911293029,186.32080078125,122.32079315185548,0.3434936106204986,0.0152021795511245,64,0.0443688108016955,169,5,6,shapley-20260606T023909Z-3e53ca45,shapley,marginal
4,100,1,0.4000000059604645,-1.7365081310272217,3.979720115661621,0.9642596244812012,256.0,244.6415863037109,0.4779772162437439,0.0711522102355957,224,0.0443688108016955,169,5,6,shapley-20260606T023909Z-3e53ca45,shapley,marginal
5,10100,2,0.2000000029802322,-1.45805823802948,2.67553973197937,0.5496058464050293,246.06138610839844,214.06138610839844,0.130048856139183,0.0274813435971736,32,0.0443688108016955,169,5,6,shapley-20260606T023909Z-3e53ca45,shapley,marginal
6,1100,2,0.2000000029802322,-0.5688080191612244,0.4743505716323852,0.1508080065250396,256.0,214.06138610839844,0.2301650047302246,0.0148715991526842,64,0.0443688108016955,169,5,6,shapley-20260606T023909Z-3e53ca45,shapley,marginal
7,11100,3,0.2000000029802322,-0.2969475984573364,0.1770693361759185,0.0888914614915847,62.5802001953125,30.580198287963867,0.5113438367843628,0.0116498721763491,32,0.0443688108016955,169,5,6,shapley-20260606T023909Z-3e53ca45,shapley,marginal
8,10,1,0.4000000059604645,-1.6128017902374268,3.389368772506714,0.7882392406463623,256.0,244.6415863037109,0.2073602676391601,0.0644268840551376,64,0.0443688108016955,169,5,6,shapley-20260606T023909Z-3e53ca45,shapley,marginal
9,10010,2,0.2000000029802322,-1.4631366729736328,2.6348118782043457,0.4940428733825683,154.32080078125,122.32079315185548,0.2073602676391601,0.0261071063578128,32,0.0443688108016955,169,5,6,shapley-20260606T023909Z-3e53ca45,shapley,marginal
10,1010,2,0.2000000029802322,-0.57457435131073,0.4713841080665588,0.1412484347820282,125.160400390625,61.16039657592773,0.5113438367843628,0.0144247496500611,64,0.0443688108016955,169,5,6,shapley-20260606T023909Z-3e53ca45,shapley,marginal
11,11010,3,0.2000000029802322,-0.3844862580299377,0.1959830075502395,0.0481533259153366,192.0,160.0,0.1666666716337204,0.0088384011760354,0,0.0443688108016955,169,5,6,shapley-20260606T023909Z-3e53ca45,shapley,marginal
12,110,2,0.2000000029802322,-1.341437578201294,2.3882412910461426,0.5887864828109741,256.0,244.6415863037109,0.2073602676391601,0.0284090023487806,64,0.0443688108016955,169,5,6,shapley-20260606T023909Z-3e53ca45,shapley,marginal
13,10110,3,0.2000000029802322,-1.280551195144653,2.128899097442627,0.489087700843811,256.0,244.6415863037109,0.1156731396913528,0.0259808804839849,32,0.0443688108016955,169,5,6,shapley-20260606T023909Z-3e53ca45,shapley,marginal
14,1110,3,0.2000000029802322,-0.2132638990879058,0.0696043074131012,0.0241228155791759,64.0,32.0,0.5,0.006547896657139,0,0.0443688108016955,169,5,6,shapley-20260606T023909Z-3e53ca45,shapley,marginal
15,11110,4,0.4000000059604645,-0.0980838313698768,0.0238043218851089,0.0141838835552334,184.90098571777344,152.90098571777344,0.1730656027793884,0.0095082828775048,32,0.0443688108016955,169,5,6,shapley-20260606T023909Z-3e53ca45,shapley,marginal
16,1,1,0.4000000059604645,-1.6909905672073364,3.5561180114746094,0.6966688632965088,256.0,244.6415863037109,0.2818211317062378,0.0606290027499198,96,0.0443688108016955,169,5,6,shapley-20260606T023909Z-3e53ca45,shapley,marginal
17,10001,2,0.2000000029802322,-1.5231751203536987,2.9976706504821777,0.6776082515716553,256.0,244.6415863037109,0.2818211317062378,0.0304038170725107,96,0.0443688108016955,169,5,6,shapley-20260606T023909Z-3e53ca45,shapley,marginal
18,1001,2,0.2000000029802322,-0.5652523636817932,0.3800103664398193,0.060500144958496,96.0,64.0,0.3333333432674408,0.0097860284149646,0,0.0443688108016955,169,5,6,shapley-20260606T023909Z-3e53ca45,shapley,marginal
19,11001,3,0.2000000029802322,-0.4172229766845703,0.2051628679037094,0.0310878604650497,32.0,0.0,1.0,0.0072981035336852,0,0.0443688108016955,169,5,6,shapley-20260606T023909Z-3e53ca45,shapley,marginal
20,101,2,0.2000000029802322,-1.3624088764190674,2.405910015106201,0.5497521162033081,128.0,96.0,0.25,0.027484867721796,0,0.0443688108016955,169,5,6,shapley-20260606T023909Z-3e53ca45,shapley,marginal
21,10101,3,0.2000000029802322,-1.4887300729751587,3.021308422088623,0.8049912452697754,224.0,160.0,0.2857142984867096,0.0330486632883548,0,0.0443688108016955,169,5,6,shapley-20260606T023909Z-3e53ca45,shapley,marginal
22,1101,3,0.2000000029802322,-0.3347633481025696,0.1510635912418365,0.0389970913529396,64.0,32.0,0.5,0.0080539193004369,0,0.0443688108016955,169,5,6,shapley-20260606T023909Z-3e53ca45,shapley,marginal
23,11101,4,0.4000000059604645,-0.2179828435182571,0.0838573351502418,0.0363408140838146,184.90098571777344,152.90098571777344,0.1730656027793884,0.0146188894286751,32,0.0443688108016955,169,5,6,shapley-20260606T023909Z-3e53ca45,shapley,marginal
24,11,2,0.2000000029802322,-1.457138180732727,2.773470401763916,0.6502187252044678,215.48118591308597,183.48118591308597,0.148504838347435,0.0298034232109785,32,0.0443688108016955,169,5,6,shapley-20260606T023909Z-3e53ca45,shapley,marginal
25,10011,3,0.2000000029802322,-1.471147537231445,2.830826997756958,0.6665518283843994,256.0,214.06138610839844,0.2301650047302246,0.0301629416644573,64,0.0443688108016955,169,5,6,shapley-20260606T023909Z-3e53ca45,shapley,marginal
26,1011,3,0.2000000029802322,-0.4461601376533508,0.2634263038635254,0.0643674284219741,123.74059295654295,91.74059295654295,0.2586055099964142,0.0100624887272715,32,0.0443688108016955,169,5,6,shapley-20260606T023909Z-3e53ca45,shapley,marginal
27,11011,4,0.4000000059604645,-0.2760007679462433,0.1003946363925933,0.0242182090878486,246.06138610839844,214.06138610839844,0.130048856139183,0.0121177108958363,32,0.0443688108016955,169,5,6,shapley-20260606T023909Z-3e53ca45,shapley,marginal
28,111,3,0.2000000029802322,-1.3481451272964478,2.3875656127929688,0.5700703859329224,155.7406005859375,91.74059295654295,0.4109397530555725,0.027969853952527,64,0.0443688108016955,169,5,6,shapley-20260606T023909Z-3e53ca45,shapley,marginal
29,10111,4,0.4000000059604645,-1.3640305995941162,2.6592907905578613,0.7987112998962402,256.0,244.6415863037109,0.3434936106204986,0.064846821129322,128,0.0443688108016955,169,5,6,shapley-20260606T023909Z-3e53ca45,shapley,marginal
30,1111,4,0.4000000059604645,-0.1449897140264511,0.0295126438140869,0.0084906257688999,32.0,0.0,1.0,0.00758285401389,0,0.0443688108016955,169,5,6,shapley-20260606T023909Z-3e53ca45,shapley,marginal
31,11111,5,1.0,0.0,0.0,0.0,32.0,0.0,1.0,0.0010000000474974,0,0.0443688108016955,169,5,6,shapley-20260606T023909Z-3e53ca45,shapley,marginal
0,0,0,1.0,-1.2048231363296509,1.9113622903823853,0.4597635269165039,32.0,0.0,1.0,0.2164221554994583,32,0.0,49,0,1,shapley-20260606T023933Z-cdfd01ff,shapley,conditional
1,10000,1,0.4000000059604645,-0.8949447870254517,0.9494863152503968,0.1485601663589477,32.0,0.0,1.0,0.0499817505478858,32,0.0,49,0,1,shapley-20260606T023933Z-cdfd01ff,shapley,conditional
2,1000,1,0.4000000059604645,-0.4529029428958893,0.2885225415229797,0.083401471376419,32.0,0.0,1.0,0.0377003289759159,32,0.0,49,0,1,shapley-20260606T023933Z-cdfd01ff,shapley,conditional
3,11000,2,0.2000000029802322,-0.3524186015129089,0.1855153739452362,0.061316505074501,32.0,0.0,1.0,0.0167340971529483,32,0.0,49,0,1,shapley-20260606T023933Z-cdfd01ff,shapley,conditional
4,100,1,0.4000000059604645,-0.8081566095352173,0.7658799290657043,0.1127628087997436,32.0,0.0,1.0,0.0436742678284645,32,0.0,49,0,1,shapley-20260606T023933Z-cdfd01ff,shapley,conditional
5,10100,2,0.2000000029802322,-0.6441775560379028,0.6758975982666016,0.2609328627586365,32.0,0.0,1.0,0.0334576815366745,32,0.0,49,0,1,shapley-20260606T023933Z-cdfd01ff,shapley,conditional
6,1100,2,0.2000000029802322,-0.2870857715606689,0.139431431889534,0.0570131912827491,32.0,0.0,1.0,0.0161719284951686,32,0.0,49,0,1,shapley-20260606T023933Z-cdfd01ff,shapley,conditional
7,11100,3,0.2000000029802322,-0.1749973595142364,0.0570230111479759,0.0263989344239234,32.0,0.0,1.0,0.0113239604979753,32,0.0,49,0,1,shapley-20260606T023933Z-cdfd01ff,shapley,conditional
8,10,1,0.4000000059604645,-0.8728225827217102,0.9846813678741456,0.2228621244430542,32.0,0.0,1.0,0.0609930902719497,32,0.0,49,0,1,shapley-20260606T023933Z-cdfd01ff,shapley,conditional
9,10010,2,0.2000000029802322,-0.7102275490760803,0.6693825721740723,0.1649593710899353,32.0,0.0,1.0,0.0268072448670864,32,0.0,49,0,1,shapley-20260606T023933Z-cdfd01ff,shapley,conditional
10,1010,2,0.2000000029802322,-0.2468684166669845,0.0827890634536743,0.0218450501561164,32.0,0.0,1.0,0.010391385294497,32,0.0,49,0,1,shapley-20260606T023933Z-cdfd01ff,shapley,conditional
11,11010,3,0.2000000029802322,-0.204766184091568,0.0576398931443691,0.0157107040286064,32.0,0.0,1.0,0.0089643616229295,32,0.0,49,0,1,shapley-20260606T023933Z-cdfd01ff,shapley,conditional
12,110,2,0.2000000029802322,-0.7304496169090271,0.7831021547317505,0.2495455145835876,32.0,0.0,1.0,0.0327415391802787,32,0.0,49,0,1,shapley-20260606T023933Z-cdfd01ff,shapley,conditional
13,10110,3,0.2000000029802322,-0.5633620619773865,0.3892775177955627,0.0719006955623626,32.0,0.0,1.0,0.0180380418896675,32,0.0,49,0,1,shapley-20260606T023933Z-cdfd01ff,shapley,conditional
14,1110,3,0.2000000029802322,-0.0534150674939155,0.0081096123903989,0.0052564432844519,32.0,0.0,1.0,0.0056067975237965,32,0.0,49,0,1,shapley-20260606T023933Z-cdfd01ff,shapley,conditional
15,11110,4,0.4000000059604645,-0.012373749166727,0.0014278718736022,0.0012747622095048,32.0,0.0,1.0,0.0055373022332787,32,0.0,49,0,1,shapley-20260606T023933Z-cdfd01ff,shapley,conditional
16,1,1,0.4000000059604645,-1.2397587299346924,2.0697221755981445,0.5327204465866089,32.0,0.0,1.0,0.0937540307641029,32,0.0,49,0,1,shapley-20260606T023933Z-cdfd01ff,shapley,conditional
17,10001,2,0.2000000029802322,-0.7988282442092896,0.7922060489654541,0.1540794968605041,32.0,0.0,1.0,0.0259416718035936,32,0.0,49,0,1,shapley-20260606T023933Z-cdfd01ff,shapley,conditional
18,1001,2,0.2000000029802322,-0.4460986852645874,0.2464971840381622,0.0474931448698043,32.0,0.0,1.0,0.0148474117740988,32,0.0,49,0,1,shapley-20260606T023933Z-cdfd01ff,shapley,conditional
19,11001,3,0.2000000029802322,-0.2908763289451599,0.1183419749140739,0.0337329357862472,32.0,0.0,1.0,0.0126702515408396,32,0.0,49,0,1,shapley-20260606T023933Z-cdfd01ff,shapley,conditional
20,101,2,0.2000000029802322,-0.768701434135437,0.7883046865463257,0.1974027752876281,32.0,0.0,1.0,0.0292312279343605,32,0.0,49,0,1,shapley-20260606T023933Z-cdfd01ff,shapley,conditional
21,10101,3,0.2000000029802322,-0.7545546889305115,0.8454058170318604,0.2760530114173889,32.0,0.0,1.0,0.0343848429620265,32,0.0,49,0,1,shapley-20260606T023933Z-cdfd01ff,shapley,conditional
22,1101,3,0.2000000029802322,-0.1656539887189865,0.056831955909729,0.0293907113373279,32.0,0.0,1.0,0.0118932677432894,32,0.0,49,0,1,shapley-20260606T023933Z-cdfd01ff,shapley,conditional
23,11101,4,0.4000000059604645,-0.1018434315919876,0.0196405053138732,0.0092684207484126,32.0,0.0,1.0,0.0132344933226704,32,0.0,49,0,1,shapley-20260606T023933Z-cdfd01ff,shapley,conditional
24,11,2,0.2000000029802322,-0.7266080379486084,0.8446793556213379,0.3167201280593872,32.0,0.0,1.0,0.0367594622075557,32,0.0,49,0,1,shapley-20260606T023933Z-cdfd01ff,shapley,conditional
25,10011,3,0.2000000029802322,-0.8325403928756714,0.9342589378356934,0.2411354184150695,32.0,0.0,1.0,0.0322020836174488,32,0.0,49,0,1,shapley-20260606T023933Z-cdfd01ff,shapley,conditional
26,1011,3,0.2000000029802322,-0.2177997827529907,0.0590056553483009,0.0115689113736152,32.0,0.0,1.0,0.0078343842178583,32,0.0,49,0,1,shapley-20260606T023933Z-cdfd01ff,shapley,conditional
27,11011,4,0.4000000059604645,-0.1829409003257751,0.0384575575590133,0.0049901828169822,32.0,0.0,1.0,0.0099772103130817,32,0.0,49,0,1,shapley-20260606T023933Z-cdfd01ff,shapley,conditional
28,111,3,0.2000000029802322,-0.5019398927688599,0.4121300280094147,0.1601863801479339,32.0,0.0,1.0,0.0264311470091342,32,0.0,49,0,1,shapley-20260606T023933Z-cdfd01ff,shapley,conditional
29,10111,4,0.4000000059604645,-0.6454214453697205,0.534804105758667,0.1182352602481842,32.0,0.0,1.0,0.0446975007653236,32,0.0,49,0,1,shapley-20260606T023933Z-cdfd01ff,shapley,conditional
30,1111,4,0.4000000059604645,-0.0617602281272411,0.0095150414854288,0.005700715817511,32.0,0.0,1.0,0.0105950627475976,32,0.0,49,0,1,shapley-20260606T023933Z-cdfd01ff,shapley,conditional
31,11111,5,1.0,0.0,0.0,0.0,32.0,0.0,1.0,0.0010000000474974,32,0.0,49,0,1,shapley-20260606T023933Z-cdfd01ff,shapley,conditional
0,0,0,1.0,-0.9647332429885864,1.2338261604309082,0.3031159043312073,256.0,32.0,0.9285714030265808,0.1825382858514785,416,0.0,69,1,2,shapley-20260606T023933Z-cdfd01ff,shapley,conditional
1,10000,1,0.4000000059604645,-0.8993003368377686,1.051040530204773,0.2422994375228881,96.0,32.0,0.6666666865348816,0.0659232214093208,64,0.0,69,1,2,shapley-20260606T023933Z-cdfd01ff,shapley,conditional
2,1000,1,0.4000000059604645,-0.3880627751350403,0.2171863317489624,0.0665936172008514,96.0,32.0,0.6666666865348816,0.0350361242890358,64,0.0,69,1,2,shapley-20260606T023933Z-cdfd01ff,shapley,conditional
3,11000,2,0.2000000029802322,-0.3422537446022033,0.1655217409133911,0.0483841150999069,96.0,32.0,0.6666666865348816,0.0155059192329645,64,0.0,69,1,2,shapley-20260606T023933Z-cdfd01ff,shapley,conditional
4,100,1,0.4000000059604645,-0.7841523885726929,0.7929661273956299,0.1780711412429809,64.0,32.0,0.5,0.0566570982336998,32,0.0,69,1,2,shapley-20260606T023933Z-cdfd01ff,shapley,conditional
5,10100,2,0.2000000029802322,-0.6361085176467896,0.5778861045837402,0.1732520461082458,64.0,32.0,0.5,0.028449410572648,32,0.0,69,1,2,shapley-20260606T023933Z-cdfd01ff,shapley,conditional
6,1100,2,0.2000000029802322,-0.2370699793100357,0.0892226696014404,0.0330204963684082,128.0,32.0,0.75,0.0129835549741983,96,0.0,69,1,2,shapley-20260606T023933Z-cdfd01ff,shapley,conditional
7,11100,3,0.2000000029802322,-0.1749973595142364,0.0570230111479759,0.0263989344239234,32.0,0.0,1.0,0.0117148729041218,0,0.0,69,1,2,shapley-20260606T023933Z-cdfd01ff,shapley,conditional
8,10,1,0.4000000059604645,-0.7733200192451477,0.8077558279037476,0.2097319960594177,128.0,32.0,0.75,0.0614026747643947,96,0.0,69,1,2,shapley-20260606T023933Z-cdfd01ff,shapley,conditional
9,10010,2,0.2000000029802322,-0.7365065813064575,0.6846959590911865,0.1422539949417114,96.0,32.0,0.6666666865348816,0.0258728805929422,64,0.0,69,1,2,shapley-20260606T023933Z-cdfd01ff,shapley,conditional
10,1010,2,0.2000000029802322,-0.2468684166669845,0.0827890634536743,0.0218450501561164,32.0,0.0,1.0,0.0107469866052269,0,0.0,69,1,2,shapley-20260606T023933Z-cdfd01ff,shapley,conditional
11,11010,3,0.2000000029802322,-0.204766184091568,0.0576398931443691,0.0157107040286064,32.0,0.0,1.0,0.0092659294605255,0,0.0,69,1,2,shapley-20260606T023933Z-cdfd01ff,shapley,conditional
12,110,2,0.2000000029802322,-0.6691908836364746,0.6343656778335571,0.1865492463111877,96.0,32.0,0.6666666865348816,0.0294833183288574,64,0.0,69,1,2,shapley-20260606T023933Z-cdfd01ff,shapley,conditional
13,10110,3,0.2000000029802322,-0.5025156140327454,0.3276019990444183,0.0750800669193267,96.0,32.0,0.6666666865348816,0.019069917500019,64,0.0,69,1,2,shapley-20260606T023933Z-cdfd01ff,shapley,conditional
14,1110,3,0.2000000029802322,-0.0534150674939155,0.0081096123903989,0.0052564432844519,32.0,0.0,1.0,0.0057812323793768,0,0.0,69,1,2,shapley-20260606T023933Z-cdfd01ff,shapley,conditional
15,11110,4,0.4000000059604645,-0.012373749166727,0.0014278718736022,0.0012747622095048,32.0,0.0,1.0,0.0057091056369245,0,0.0,69,1,2,shapley-20260606T023933Z-cdfd01ff,shapley,conditional
16,1,1,0.4000000059604645,-1.027021884918213,1.4768400192260742,0.4220660924911499,160.0,32.0,0.800000011920929,0.0866868272423744,128,0.0,69,1,2,shapley-20260606T023933Z-cdfd01ff,shapley,conditional
17,10001,2,0.2000000029802322,-0.9109042882919312,1.1896806955337524,0.3599340915679931,64.0,32.0,0.5,0.0405644662678241,32,0.0,69,1,2,shapley-20260606T023933Z-cdfd01ff,shapley,conditional
18,1001,2,0.2000000029802322,-0.4460986852645874,0.2464971840381622,0.0474931448698043,32.0,0.0,1.0,0.0153717380017042,0,0.0,69,1,2,shapley-20260606T023933Z-cdfd01ff,shapley,conditional
19,11001,3,0.2000000029802322,-0.3168607354164123,0.1401407122611999,0.0397399887442588,96.0,32.0,0.6666666865348816,0.0141464257612824,64,0.0,69,1,2,shapley-20260606T023933Z-cdfd01ff,shapley,conditional
20,101,2,0.2000000029802322,-0.7612415552139282,0.7879751920700073,0.2084864974021911,128.0,32.0,0.75,0.0311115309596061,96,0.0,69,1,2,shapley-20260606T023933Z-cdfd01ff,shapley,conditional
21,10101,3,0.2000000029802322,-0.6379753947257996,0.658118724822998,0.2511061131954193,64.0,32.0,0.5,0.0340462699532508,32,0.0,69,1,2,shapley-20260606T023933Z-cdfd01ff,shapley,conditional
22,1101,3,0.2000000029802322,-0.1771543323993683,0.0535675212740898,0.0221838653087615,64.0,32.0,0.5,0.010822283104062,32,0.0,69,1,2,shapley-20260606T023933Z-cdfd01ff,shapley,conditional
23,11101,4,0.4000000059604645,-0.1018434315919876,0.0196405053138732,0.0092684207484126,32.0,0.0,1.0,0.0136977480724453,0,0.0,69,1,2,shapley-20260606T023933Z-cdfd01ff,shapley,conditional
24,11,2,0.2000000029802322,-0.8497133255004883,0.98659485578537,0.264582097530365,96.0,32.0,0.6666666865348816,0.0349214226007461,64,0.0,69,1,2,shapley-20260606T023933Z-cdfd01ff,shapley,conditional
25,10011,3,0.2000000029802322,-0.8199291229248047,0.9538029432296752,0.2815191745758056,64.0,32.0,0.5,0.0359903089702129,32,0.0,69,1,2,shapley-20260606T023933Z-cdfd01ff,shapley,conditional
26,1011,3,0.2000000029802322,-0.2314793765544891,0.0659350454807281,0.0123523436486721,64.0,32.0,0.5,0.0083294017240405,32,0.0,69,1,2,shapley-20260606T023933Z-cdfd01ff,shapley,conditional
27,11011,4,0.4000000059604645,-0.1742453426122665,0.0379195511341095,0.0075581111013889,64.0,32.0,0.5,0.0124664893373847,32,0.0,69,1,2,shapley-20260606T023933Z-cdfd01ff,shapley,conditional
28,111,3,0.2000000029802322,-0.5019398927688599,0.4121300280094147,0.1601863801479339,32.0,0.0,1.0,0.0273940879851579,0,0.0,69,1,2,shapley-20260606T023933Z-cdfd01ff,shapley,conditional
29,10111,4,0.4000000059604645,-0.6454214453697205,0.534804105758667,0.1182352602481842,32.0,0.0,1.0,0.0463520884513855,0,0.0,69,1,2,shapley-20260606T023933Z-cdfd01ff,shapley,conditional
30,1111,4,0.4000000059604645,-0.0617602281272411,0.0095150414854288,0.005700715817511,32.0,0.0,1.0,0.010958376340568,0,0.0,69,1,2,shapley-20260606T023933Z-cdfd01ff,shapley,conditional
31,11111,5,1.0,0.0,0.0,0.0,32.0,0.0,1.0,0.0010000000474974,0,0.0,69,1,2,shapley-20260606T023933Z-cdfd01ff,shapley,conditional
0,0,0,1.0,-0.9290086030960084,1.1672133207321167,0.3041563630104065,256.0,256.0,0.6666666865348816,0.182618647813797,512,0.0,89,2,3,shapley-20260606T023933Z-cdfd01ff,shapley,conditional
1,10000,1,0.4000000059604645,-0.8802016973495483,1.0361559391021729,0.2614009380340576,192.0,96.0,0.5,0.0683481395244598,96,0.0,89,2,3,shapley-20260606T023933Z-cdfd01ff,shapley,conditional
2,1000,1,0.4000000059604645,-0.3863584399223327,0.2125159651041031,0.0632431209087371,192.0,96.0,0.5,0.0341267362236976,96,0.0,89,2,3,shapley-20260606T023933Z-cdfd01ff,shapley,conditional
3,11000,2,0.2000000029802322,-0.3422537446022033,0.1655217409133911,0.0483841150999069,96.0,32.0,0.6666666865348816,0.0154874986037611,0,0.0,89,2,3,shapley-20260606T023933Z-cdfd01ff,shapley,conditional
4,100,1,0.4000000059604645,-0.7431780695915222,0.7621630430221558,0.2098494172096252,96.0,64.0,0.3333333432674408,0.061342854052782,32,0.0,89,2,3,shapley-20260606T023933Z-cdfd01ff,shapley,conditional
5,10100,2,0.2000000029802322,-0.6325296759605408,0.5525259971618652,0.1524322032928466,96.0,64.0,0.3333333432674408,0.0267146360129117,32,0.0,89,2,3,shapley-20260606T023933Z-cdfd01ff,shapley,conditional
6,1100,2,0.2000000029802322,-0.2218691855669021,0.0800912305712699,0.0308652967214584,160.0,128.0,0.2000000029802322,0.0125711690634489,32,0.0,89,2,3,shapley-20260606T023933Z-cdfd01ff,shapley,conditional
7,11100,3,0.2000000029802322,-0.1749973595142364,0.0570230111479759,0.0263989344239234,32.0,0.0,1.0,0.0117012672126293,0,0.0,89,2,3,shapley-20260606T023933Z-cdfd01ff,shapley,conditional
8,10,1,0.4000000059604645,-0.7733200192451477,0.8077558279037476,0.2097319960594177,128.0,32.0,0.75,0.0613259673118591,0,0.0,89,2,3,shapley-20260606T023933Z-cdfd01ff,shapley,conditional
9,10010,2,0.2000000029802322,-0.7274488806724548,0.7006950974464417,0.1715131998062133,128.0,96.0,0.25,0.0282766334712505,32,0.0,89,2,3,shapley-20260606T023933Z-cdfd01ff,shapley,conditional
10,1010,2,0.2000000029802322,-0.2468684166669845,0.0827890634536743,0.0218450501561164,32.0,0.0,1.0,0.0107346093282103,0,0.0,89,2,3,shapley-20260606T023933Z-cdfd01ff,shapley,conditional
11,11010,3,0.2000000029802322,-0.200746476650238,0.0566957220435142,0.0163965746760368,128.0,32.0,0.75,0.0094337072223424,96,0.0,89,2,3,shapley-20260606T023933Z-cdfd01ff,shapley,conditional
12,110,2,0.2000000029802322,-0.6691908836364746,0.6343656778335571,0.1865492463111877,96.0,32.0,0.6666666865348816,0.0294471494853496,0,0.0,89,2,3,shapley-20260606T023933Z-cdfd01ff,shapley,conditional
13,10110,3,0.2000000029802322,-0.5152981281280518,0.3609029054641723,0.09537073969841,128.0,96.0,0.25,0.0213399361819028,32,0.0,89,2,3,shapley-20260606T023933Z-cdfd01ff,shapley,conditional
14,1110,3,0.2000000029802322,-0.0702767670154571,0.0116715859621763,0.0067327618598937,64.0,32.0,0.5,0.0064042899757623,32,0.0,89,2,3,shapley-20260606T023933Z-cdfd01ff,shapley,conditional
15,11110,4,0.4000000059604645,-0.012373749166727,0.0014278718736022,0.0012747622095048,32.0,0.0,1.0,0.0057031256146728,0,0.0,89,2,3,shapley-20260606T023933Z-cdfd01ff,shapley,conditional
16,1,1,0.4000000059604645,-0.9536219835281372,1.2581723928451538,0.3487775325775146,256.0,160.0,0.6428571343421936,0.0787940323352813,288,0.0,89,2,3,shapley-20260606T023933Z-cdfd01ff,shapley,conditional
17,10001,2,0.2000000029802322,-0.9162227511405944,1.1590067148208618,0.3195425868034363,96.0,64.0,0.3333333432674408,0.0382311418652534,32,0.0,89,2,3,shapley-20260606T023933Z-cdfd01ff,shapley,conditional
18,1001,2,0.2000000029802322,-0.3793662786483764,0.1878000050783157,0.0438812375068664,64.0,32.0,0.5,0.0147968977689743,32,0.0,89,2,3,shapley-20260606T023933Z-cdfd01ff,shapley,conditional
19,11001,3,0.2000000029802322,-0.3168607354164123,0.1401407122611999,0.0397399887442588,96.0,32.0,0.6666666865348816,0.0141297318041324,0,0.0,89,2,3,shapley-20260606T023933Z-cdfd01ff,shapley,conditional
20,101,2,0.2000000029802322,-0.7721446752548218,0.8463307023048401,0.2501233220100403,160.0,128.0,0.2000000029802322,0.0339396558701992,32,0.0,89,2,3,shapley-20260606T023933Z-cdfd01ff,shapley,conditional
21,10101,3,0.2000000029802322,-0.6868737936019897,0.7170916199684143,0.2452960014343261,128.0,64.0,0.5,0.0336202420294284,64,0.0,89,2,3,shapley-20260606T023933Z-cdfd01ff,shapley,conditional
22,1101,3,0.2000000029802322,-0.1771543323993683,0.0535675212740898,0.0221838653087615,64.0,32.0,0.5,0.0108098099008202,0,0.0,89,2,3,shapley-20260606T023933Z-cdfd01ff,shapley,conditional
23,11101,4,0.4000000059604645,-0.1018434315919876,0.0196405053138732,0.0092684207484126,32.0,0.0,1.0,0.013681624084711,0,0.0,89,2,3,shapley-20260606T023933Z-cdfd01ff,shapley,conditional
24,11,2,0.2000000029802322,-0.8497133255004883,0.98659485578537,0.264582097530365,96.0,32.0,0.6666666865348816,0.034878347069025,0,0.0,89,2,3,shapley-20260606T023933Z-cdfd01ff,shapley,conditional
25,10011,3,0.2000000029802322,-0.7537781000137329,0.8403881788253784,0.2722067832946777,96.0,64.0,0.3333333432674408,0.0353630296885967,32,0.0,89,2,3,shapley-20260606T023933Z-cdfd01ff,shapley,conditional
26,1011,3,0.2000000029802322,-0.2314793765544891,0.0659350454807281,0.0123523436486721,64.0,32.0,0.5,0.0083200940862298,0,0.0,89,2,3,shapley-20260606T023933Z-cdfd01ff,shapley,conditional
27,11011,4,0.4000000059604645,-0.1742453426122665,0.0379195511341095,0.0075581111013889,64.0,32.0,0.5,0.0124519281089305,0,0.0,89,2,3,shapley-20260606T023933Z-cdfd01ff,shapley,conditional
28,111,3,0.2000000029802322,-0.5019398927688599,0.4121300280094147,0.1601863801479339,32.0,0.0,1.0,0.0273605715483427,0,0.0,89,2,3,shapley-20260606T023933Z-cdfd01ff,shapley,conditional
29,10111,4,0.4000000059604645,-0.5367969274520874,0.4127829074859619,0.1246319711208343,96.0,32.0,0.6666666865348816,0.047503612935543,64,0.0,89,2,3,shapley-20260606T023933Z-cdfd01ff,shapley,conditional
30,1111,4,0.4000000059604645,-0.0616622790694236,0.008008224889636,0.0042059882543981,96.0,32.0,0.6666666865348816,0.0095429141074419,64,0.0,89,2,3,shapley-20260606T023933Z-cdfd01ff,shapley,conditional
31,11111,5,1.0,0.0,0.0,0.0,32.0,0.0,1.0,0.0010000000474974,0,0.0,89,2,3,shapley-20260606T023933Z-cdfd01ff,shapley,conditional
0,0,0,1.0,-0.89072585105896,1.1228179931640625,0.3294254541397095,256.0,256.0,0.6000000238418579,0.1862083226442337,384,0.0,109,3,4,shapley-20260606T023933Z-cdfd01ff,shapley,conditional
1,10000,1,0.4000000059604645,-0.8494881391525269,0.9863963723182678,0.2647662758827209,256.0,192.0,0.25,0.0674160867929458,64,0.0,109,3,4,shapley-20260606T023933Z-cdfd01ff,shapley,conditional
2,1000,1,0.4000000059604645,-0.3668833374977112,0.1929660439491272,0.0583626627922058,256.0,192.0,0.4000000059604645,0.0321823954582214,128,0.0,109,3,4,shapley-20260606T023933Z-cdfd01ff,shapley,conditional
3,11000,2,0.2000000029802322,-0.3422537446022033,0.1655217409133911,0.0483841150999069,96.0,32.0,0.6666666865348816,0.0151959136128425,0,0.0,109,3,4,shapley-20260606T023933Z-cdfd01ff,shapley,conditional
4,100,1,0.4000000059604645,-0.7431780695915222,0.7621630430221558,0.2098494172096252,96.0,64.0,0.3333333432674408,0.060128353536129,0,0.0,109,3,4,shapley-20260606T023933Z-cdfd01ff,shapley,conditional
5,10100,2,0.2000000029802322,-0.6325296759605408,0.5525259971618652,0.1524322032928466,96.0,64.0,0.3333333432674408,0.0261970851570367,0,0.0,109,3,4,shapley-20260606T023933Z-cdfd01ff,shapley,conditional
6,1100,2,0.2000000029802322,-0.2064542323350906,0.0721264332532882,0.029503084719181,192.0,160.0,0.1666666716337204,0.0120852533727884,32,0.0,109,3,4,shapley-20260606T023933Z-cdfd01ff,shapley,conditional
7,11100,3,0.2000000029802322,-0.1387990117073059,0.0382105223834514,0.0189453568309545,64.0,32.0,0.5,0.0098830740898847,32,0.0,109,3,4,shapley-20260606T023933Z-cdfd01ff,shapley,conditional
8,10,1,0.4000000059604645,-0.7403970956802368,0.798836886882782,0.2506490349769592,256.0,128.0,0.6000000238418579,0.0656211897730827,192,0.0,109,3,4,shapley-20260606T023933Z-cdfd01ff,shapley,conditional
9,10010,2,0.2000000029802322,-0.755958080291748,0.7941681146621704,0.2226954698562622,192.0,128.0,0.3333333432674408,0.0314556322991848,64,0.0,109,3,4,shapley-20260606T023933Z-cdfd01ff,shapley,conditional
10,1010,2,0.2000000029802322,-0.2468684166669845,0.0827890634536743,0.0218450501561164,32.0,0.0,1.0,0.0105386842042207,0,0.0,109,3,4,shapley-20260606T023933Z-cdfd01ff,shapley,conditional
11,11010,3,0.2000000029802322,-0.200746476650238,0.0566957220435142,0.0163965746760368,128.0,32.0,0.75,0.0092639653012156,0,0.0,109,3,4,shapley-20260606T023933Z-cdfd01ff,shapley,conditional
12,110,2,0.2000000029802322,-0.6564230918884277,0.6101111173629761,0.1792198419570922,192.0,96.0,0.5,0.0283215288072824,96,0.0,109,3,4,shapley-20260606T023933Z-cdfd01ff,shapley,conditional
13,10110,3,0.2000000029802322,-0.5152981281280518,0.3609029054641723,0.09537073969841,128.0,96.0,0.25,0.0209305584430694,0,0.0,109,3,4,shapley-20260606T023933Z-cdfd01ff,shapley,conditional
14,1110,3,0.2000000029802322,-0.0702767670154571,0.0116715859621763,0.0067327618598937,64.0,32.0,0.5,0.0062955198809504,0,0.0,109,3,4,shapley-20260606T023933Z-cdfd01ff,shapley,conditional
15,11110,4,0.4000000059604645,-0.012373749166727,0.0014278718736022,0.0012747622095048,32.0,0.0,1.0,0.0056084673851728,0,0.0,109,3,4,shapley-20260606T023933Z-cdfd01ff,shapley,conditional
16,1,1,0.4000000059604645,-0.9495616555213928,1.3264389038085938,0.4247715473175049,256.0,256.0,0.3333333432674408,0.0851239487528801,128,0.0,109,3,4,shapley-20260606T023933Z-cdfd01ff,shapley,conditional
17,10001,2,0.2000000029802322,-0.9058351516723632,1.1074011325836182,0.2868638038635254,128.0,96.0,0.25,0.0355660505592823,32,0.0,109,3,4,shapley-20260606T023933Z-cdfd01ff,shapley,conditional
18,1001,2,0.2000000029802322,-0.3366240561008453,0.1605475693941116,0.0472318157553672,160.0,64.0,0.6000000238418579,0.01502585131675,96,0.0,109,3,4,shapley-20260606T023933Z-cdfd01ff,shapley,conditional
19,11001,3,0.2000000029802322,-0.30736243724823,0.1330325901508331,0.0385609194636344,128.0,96.0,0.25,0.0136731807142496,32,0.0,109,3,4,shapley-20260606T023933Z-cdfd01ff,shapley,conditional
20,101,2,0.2000000029802322,-0.7385598421096802,0.8059753179550171,0.26050466299057,256.0,160.0,0.375,0.0339397005736827,96,0.0,109,3,4,shapley-20260606T023933Z-cdfd01ff,shapley,conditional
21,10101,3,0.2000000029802322,-0.6868737936019897,0.7170916199684143,0.2452960014343261,128.0,64.0,0.5,0.0329637043178081,0,0.0,109,3,4,shapley-20260606T023933Z-cdfd01ff,shapley,conditional
22,1101,3,0.2000000029802322,-0.1771543323993683,0.0535675212740898,0.0221838653087615,64.0,32.0,0.5,0.0106123713776469,0,0.0,109,3,4,shapley-20260606T023933Z-cdfd01ff,shapley,conditional
23,11101,4,0.4000000059604645,-0.1018434315919876,0.0196405053138732,0.0092684207484126,32.0,0.0,1.0,0.0134263848885893,0,0.0,109,3,4,shapley-20260606T023933Z-cdfd01ff,shapley,conditional
24,11,2,0.2000000029802322,-0.8225592374801636,0.9706461429595948,0.2940424680709839,192.0,96.0,0.5,0.0359958820044994,96,0.0,109,3,4,shapley-20260606T023933Z-cdfd01ff,shapley,conditional
25,10011,3,0.2000000029802322,-0.7408539652824402,0.7967722415924072,0.2479076385498047,160.0,96.0,0.4000000059604645,0.0331334099173545,64,0.0,109,3,4,shapley-20260606T023933Z-cdfd01ff,shapley,conditional
26,1011,3,0.2000000029802322,-0.2209782749414444,0.0612189173698425,0.0123875178396701,96.0,64.0,0.3333333432674408,0.0081829698756337,32,0.0,109,3,4,shapley-20260606T023933Z-cdfd01ff,shapley,conditional
27,11011,4,0.4000000059604645,-0.1742453426122665,0.0379195511341095,0.0075581111013889,64.0,32.0,0.5,0.0122214388102293,0,0.0,109,3,4,shapley-20260606T023933Z-cdfd01ff,shapley,conditional
28,111,3,0.2000000029802322,-0.5019398927688599,0.4121300280094147,0.1601863801479339,32.0,0.0,1.0,0.026830019429326,0,0.0,109,3,4,shapley-20260606T023933Z-cdfd01ff,shapley,conditional
29,10111,4,0.4000000059604645,-0.5219540596008301,0.3918420970439911,0.1194060444831848,128.0,96.0,0.25,0.0456020720303058,32,0.0,109,3,4,shapley-20260606T023933Z-cdfd01ff,shapley,conditional
30,1111,4,0.4000000059604645,-0.0616622790694236,0.008008224889636,0.0042059882543981,96.0,32.0,0.6666666865348816,0.0093709733337163,0,0.0,109,3,4,shapley-20260606T023933Z-cdfd01ff,shapley,conditional
31,11111,5,1.0,0.0,0.0,0.0,32.0,0.0,1.0,0.0010000000474974,0,0.0,109,3,4,shapley-20260606T023933Z-cdfd01ff,shapley,conditional
0,0,0,1.0,-0.8810348510742188,1.1487970352172852,0.3725746273994446,256.0,256.0,0.3846153914928436,0.1939977258443832,160,0.0,129,4,5,shapley-20260606T023933Z-cdfd01ff,shapley,conditional
1,10000,1,0.4000000059604645,-0.8297470808029175,0.9396233558654784,0.2511431574821472,256.0,256.0,0.2727272808551788,0.0643820390105247,96,0.0,129,4,5,shapley-20260606T023933Z-cdfd01ff,shapley,conditional
2,1000,1,0.4000000059604645,-0.3562606275081634,0.1872682720422744,0.060346633195877,256.0,256.0,0.2000000029802322,0.032069344073534,64,0.0,129,4,5,shapley-20260606T023933Z-cdfd01ff,shapley,conditional
3,11000,2,0.2000000029802322,-0.3422537446022033,0.1655217409133911,0.0483841150999069,96.0,32.0,0.6666666865348816,0.0149099938571453,0,0.0,129,4,5,shapley-20260606T023933Z-cdfd01ff,shapley,conditional
4,100,1,0.4000000059604645,-0.657210111618042,0.6225467324256897,0.1906216144561767,224.0,96.0,0.5714285969734192,0.0562193877995014,128,0.0,129,4,5,shapley-20260606T023933Z-cdfd01ff,shapley,conditional
5,10100,2,0.2000000029802322,-0.6495656967163086,0.6183265447616577,0.1963909566402435,160.0,96.0,0.4000000059604645,0.0290243979543447,64,0.0,129,4,5,shapley-20260606T023933Z-cdfd01ff,shapley,conditional
6,1100,2,0.2000000029802322,-0.2064542323350906,0.0721264332532882,0.029503084719181,192.0,160.0,0.1666666716337204,0.0118619864806532,0,0.0,129,4,5,shapley-20260606T023933Z-cdfd01ff,shapley,conditional
7,11100,3,0.2000000029802322,-0.1295907348394394,0.0340532436966896,0.0172594860196113,96.0,64.0,0.3333333432674408,0.0093078659847378,32,0.0,129,4,5,shapley-20260606T023933Z-cdfd01ff,shapley,conditional
8,10,1,0.4000000059604645,-0.7291674613952637,0.7683290243148804,0.2366438508033752,256.0,256.0,0.2000000029802322,0.0625252127647399,64,0.0,129,4,5,shapley-20260606T023933Z-cdfd01ff,shapley,conditional
9,10010,2,0.2000000029802322,-0.755958080291748,0.7941681146621704,0.2226954698562622,192.0,128.0,0.3333333432674408,0.0308422278612852,0,0.0,129,4,5,shapley-20260606T023933Z-cdfd01ff,shapley,conditional
10,1010,2,0.2000000029802322,-0.2468684166669845,0.0827890634536743,0.0218450501561164,32.0,0.0,1.0,0.0103465663269162,0,0.0,129,4,5,shapley-20260606T023933Z-cdfd01ff,shapley,conditional
11,11010,3,0.2000000029802322,-0.200746476650238,0.0566957220435142,0.0163965746760368,128.0,32.0,0.75,0.009097522124648,0,0.0,129,4,5,shapley-20260606T023933Z-cdfd01ff,shapley,conditional
12,110,2,0.2000000029802322,-0.6564230918884277,0.6101111173629761,0.1792198419570922,192.0,96.0,0.5,0.0277712475508451,0,0.0,129,4,5,shapley-20260606T023933Z-cdfd01ff,shapley,conditional
13,10110,3,0.2000000029802322,-0.5152981281280518,0.3609029054641723,0.09537073969841,128.0,96.0,0.25,0.0205291416496038,0,0.0,129,4,5,shapley-20260606T023933Z-cdfd01ff,shapley,conditional
14,1110,3,0.2000000029802322,-0.0605502873659133,0.0092736911028623,0.0056073535233736,96.0,64.0,0.3333333432674408,0.0057353763841092,32,0.0,129,4,5,shapley-20260606T023933Z-cdfd01ff,shapley,conditional
15,11110,4,0.4000000059604645,-0.0089966552332043,0.0008293999708257,0.0007484601810574,64.0,32.0,0.5,0.0044601098634302,32,0.0,129,4,5,shapley-20260606T023933Z-cdfd01ff,shapley,conditional
16,1,1,0.4000000059604645,-0.9239063262939452,1.3318495750427246,0.4782466888427734,256.0,256.0,0.4285714328289032,0.0884644538164138,192,0.0,129,4,5,shapley-20260606T023933Z-cdfd01ff,shapley,conditional
17,10001,2,0.2000000029802322,-0.9190422296524048,1.1916725635528564,0.3470339179039001,192.0,128.0,0.3333333432674408,0.038253016769886,64,0.0,129,4,5,shapley-20260606T023933Z-cdfd01ff,shapley,conditional
18,1001,2,0.2000000029802322,-0.3219190835952759,0.1498023867607116,0.046170487999916,224.0,160.0,0.2857142984867096,0.014588070102036,64,0.0,129,4,5,shapley-20260606T023933Z-cdfd01ff,shapley,conditional
19,11001,3,0.2000000029802322,-0.30736243724823,0.1330325901508331,0.0385609194636344,128.0,96.0,0.25,0.0134179312735795,0,0.0,129,4,5,shapley-20260606T023933Z-cdfd01ff,shapley,conditional
20,101,2,0.2000000029802322,-0.7093552947044373,0.7676087021827698,0.2644237875938415,256.0,256.0,0.5,0.0335181467235088,256,0.0,129,4,5,shapley-20260606T023933Z-cdfd01ff,shapley,conditional
21,10101,3,0.2000000029802322,-0.6994221806526184,0.7706984281539917,0.2815070450305938,192.0,128.0,0.3333333432674408,0.0345521345734596,64,0.0,129,4,5,shapley-20260606T023933Z-cdfd01ff,shapley,conditional
22,1101,3,0.2000000029802322,-0.1771543323993683,0.0535675212740898,0.0221838653087615,64.0,32.0,0.5,0.0104187689721584,0,0.0,129,4,5,shapley-20260606T023933Z-cdfd01ff,shapley,conditional
23,11101,4,0.4000000059604645,-0.1007949411869049,0.0192944109439849,0.0091347908601164,96.0,32.0,0.6666666865348816,0.0130880121141672,64,0.0,129,4,5,shapley-20260606T023933Z-cdfd01ff,shapley,conditional
24,11,2,0.2000000029802322,-0.8057567477226257,0.9294553995132446,0.2802114486694336,224.0,192.0,0.1428571492433548,0.0344748385250568,32,0.0,129,4,5,shapley-20260606T023933Z-cdfd01ff,shapley,conditional
25,10011,3,0.2000000029802322,-0.7408539652824402,0.7967722415924072,0.2479076385498047,160.0,96.0,0.4000000059604645,0.0324862152338027,0,0.0,129,4,5,shapley-20260606T023933Z-cdfd01ff,shapley,conditional
26,1011,3,0.2000000029802322,-0.2209782749414444,0.0612189173698425,0.0123875178396701,96.0,64.0,0.3333333432674408,0.0080382982268929,0,0.0,129,4,5,shapley-20260606T023933Z-cdfd01ff,shapley,conditional
27,11011,4,0.4000000059604645,-0.1742453426122665,0.0379195511341095,0.0075581111013889,64.0,32.0,0.5,0.0119954291731119,0,0.0,129,4,5,shapley-20260606T023933Z-cdfd01ff,shapley,conditional
28,111,3,0.2000000029802322,-0.5715391039848328,0.4975537061691284,0.1708967685699463,128.0,32.0,0.75,0.0271422192454338,96,0.0,129,4,5,shapley-20260606T023933Z-cdfd01ff,shapley,conditional
29,10111,4,0.4000000059604645,-0.5079782009124756,0.3881858289241791,0.1301439702510833,192.0,128.0,0.3333333432674408,0.046626541763544,64,0.0,129,4,5,shapley-20260606T023933Z-cdfd01ff,shapley,conditional
30,1111,4,0.4000000059604645,-0.0503368526697158,0.0063918950036168,0.0038580961991101,128.0,96.0,0.25,0.0088558308780193,32,0.0,129,4,5,shapley-20260606T023933Z-cdfd01ff,shapley,conditional
31,11111,5,1.0,0.0,0.0,0.0,32.0,0.0,1.0,0.0010000000474974,0,0.0,129,4,5,shapley-20260606T023933Z-cdfd01ff,shapley,conditional
0,0,0,1.0,-0.8693656921386719,1.147663116455078,0.391866385936737,256.0,248.45144653320312,0.5368612408638,0.1927585452795028,288,0.0294865084943202,169,5,6,shapley-20260606T023933Z-cdfd01ff,shapley,conditional
1,10000,1,0.4000000059604645,-0.8308460712432861,1.0267528295516968,0.3364476561546325,256.0,248.45144653320312,0.3400172889232635,0.0720729827880859,128,0.0294865084943202,169,5,6,shapley-20260606T023933Z-cdfd01ff,shapley,conditional
2,1000,1,0.4000000059604645,-0.3562606275081634,0.1872682720422744,0.060346633195877,256.0,256.0,0.2000000029802322,0.0311004016548395,0,0.0294865084943202,169,5,6,shapley-20260606T023933Z-cdfd01ff,shapley,conditional
3,11000,2,0.2000000029802322,-0.3422537446022033,0.1655217409133911,0.0483841150999069,96.0,32.0,0.6666666865348816,0.0144761903211474,0,0.0294865084943202,169,5,6,shapley-20260606T023933Z-cdfd01ff,shapley,conditional
4,100,1,0.4000000059604645,-0.6812056303024292,0.6757563948631287,0.211715281009674,256.0,217.39501953125,0.227438285946846,0.0573795810341835,64,0.0294865084943202,169,5,6,shapley-20260606T023933Z-cdfd01ff,shapley,conditional
5,10100,2,0.2000000029802322,-0.6495656967163086,0.6183265447616577,0.1963909566402435,160.0,96.0,0.4000000059604645,0.0281504169106483,0,0.0294865084943202,169,5,6,shapley-20260606T023933Z-cdfd01ff,shapley,conditional
6,1100,2,0.2000000029802322,-0.1999313533306121,0.0680097788572311,0.0280372314155101,218.33859252929688,186.33859252929688,0.1465613543987274,0.0112584866583347,32,0.0294865084943202,169,5,6,shapley-20260606T023933Z-cdfd01ff,shapley,conditional
7,11100,3,0.2000000029802322,-0.1295907348394394,0.0340532436966896,0.0172594860196113,96.0,64.0,0.3333333432674408,0.0090487729758024,0,0.0294865084943202,169,5,6,shapley-20260606T023933Z-cdfd01ff,shapley,conditional
8,10,1,0.4000000059604645,-0.7585057020187378,0.8586093187332153,0.2832784056663513,256.0,248.45144653320312,0.3400172889232635,0.0662157461047172,128,0.0294865084943202,169,5,6,shapley-20260606T023933Z-cdfd01ff,shapley,conditional
9,10010,2,0.2000000029802322,-0.7144995331764221,0.7582545876502991,0.2477449774742126,256.0,186.33859252929688,0.3400172889232635,0.0314942635595798,96,0.0294865084943202,169,5,6,shapley-20260606T023933Z-cdfd01ff,shapley,conditional
10,1010,2,0.2000000029802322,-0.2507997751235962,0.0852215141057968,0.0223209857940673,63.05643081665039,31.05643081665039,0.5074819326400757,0.0101531893014907,32,0.0294865084943202,169,5,6,shapley-20260606T023933Z-cdfd01ff,shapley,conditional
11,11010,3,0.2000000029802322,-0.1901269108057022,0.0515529513359069,0.0154047086834907,156.22572326660156,124.22572326660156,0.2048318237066269,0.0086040068417787,32,0.0294865084943202,169,5,6,shapley-20260606T023933Z-cdfd01ff,shapley,conditional
12,110,2,0.2000000029802322,-0.6176393628120422,0.5562574863433838,0.1747791171073913,256.0,186.33859252929688,0.4072042107582092,0.0266130026429891,128,0.0294865084943202,169,5,6,shapley-20260606T023933Z-cdfd01ff,shapley,conditional
13,10110,3,0.2000000029802322,-0.5152981281280518,0.3609029054641723,0.09537073969841,128.0,96.0,0.25,0.0199200958013534,0,0.0294865084943202,169,5,6,shapley-20260606T023933Z-cdfd01ff,shapley,conditional
14,1110,3,0.2000000029802322,-0.0605502873659133,0.0092736911028623,0.0056073535233736,96.0,64.0,0.3333333432674408,0.0055876965634524,0,0.0294865084943202,169,5,6,shapley-20260606T023933Z-cdfd01ff,shapley,conditional
15,11110,4,0.4000000059604645,-0.0089966552332043,0.0008293999708257,0.0007484601810574,64.0,32.0,0.5,0.0043522012419998,0,0.0294865084943202,169,5,6,shapley-20260606T023933Z-cdfd01ff,shapley,conditional
16,1,1,0.4000000059604645,-0.924870491027832,1.3650715351104736,0.5096861124038696,256.0,248.45144653320312,0.2048318237066269,0.0884776562452316,64,0.0294865084943202,169,5,6,shapley-20260606T023933Z-cdfd01ff,shapley,conditional
17,10001,2,0.2000000029802322,-0.9190422296524048,1.1916725635528564,0.3470339179039001,192.0,128.0,0.3333333432674408,0.0370912291109561,0,0.0294865084943202,169,5,6,shapley-20260606T023933Z-cdfd01ff,shapley,conditional
18,1001,2,0.2000000029802322,-0.3194790482521057,0.1485637426376342,0.0464968830347061,249.39501953125,217.39501953125,0.1283105015754699,0.0142107559368014,32,0.0294865084943202,169,5,6,shapley-20260606T023933Z-cdfd01ff,shapley,conditional
19,11001,3,0.2000000029802322,-0.30736243724823,0.1330325901508331,0.0385609194636344,128.0,96.0,0.25,0.0130306594073772,0,0.0294865084943202,169,5,6,shapley-20260606T023933Z-cdfd01ff,shapley,conditional
20,101,2,0.2000000029802322,-0.7040404677391052,0.7581149935722351,0.262442022562027,256.0,248.45144653320312,0.1141017451882362,0.0323857441544532,32,0.0294865084943202,169,5,6,shapley-20260606T023933Z-cdfd01ff,shapley,conditional
21,10101,3,0.2000000029802322,-0.7066836953163147,0.7879655957221985,0.2885637581348419,256.0,186.33859252929688,0.3400172889232635,0.0339106619358062,96,0.0294865084943202,169,5,6,shapley-20260606T023933Z-cdfd01ff,shapley,conditional
22,1101,3,0.2000000029802322,-0.1771543323993683,0.0535675212740898,0.0221838653087615,64.0,32.0,0.5,0.0101250316947698,0,0.0294865084943202,169,5,6,shapley-20260606T023933Z-cdfd01ff,shapley,conditional
23,11101,4,0.4000000059604645,-0.098277598619461,0.0188207328319549,0.0091622462496161,157.16929626464844,93.16929626464844,0.4072042107582092,0.0127286147326231,64,0.0294865084943202,169,5,6,shapley-20260606T023933Z-cdfd01ff,shapley,conditional
24,11,2,0.2000000029802322,-0.7843328714370728,0.895977258682251,0.2807992100715637,256.0,217.39501953125,0.227438285946846,0.0334648713469505,64,0.0294865084943202,169,5,6,shapley-20260606T023933Z-cdfd01ff,shapley,conditional
25,10011,3,0.2000000029802322,-0.726378321647644,0.7810407280921936,0.2534152865409851,251.2821502685547,155.2821502685547,0.3820406794548034,0.0318412631750106,96,0.0294865084943202,169,5,6,shapley-20260606T023933Z-cdfd01ff,shapley,conditional
26,1011,3,0.2000000029802322,-0.2209782749414444,0.0612189173698425,0.0123875178396701,96.0,64.0,0.3333333432674408,0.0078187985345721,0,0.0294865084943202,169,5,6,shapley-20260606T023933Z-cdfd01ff,shapley,conditional
27,11011,4,0.4000000059604645,-0.1631938070058822,0.033934012055397,0.0073017925024032,126.11286163330078,62.11286163330078,0.5074819326400757,0.0114703327417373,64,0.0294865084943202,169,5,6,shapley-20260606T023933Z-cdfd01ff,shapley,conditional
28,111,3,0.2000000029802322,-0.555343747138977,0.4908841252326965,0.1824774444103241,188.2257232666016,124.22572326660156,0.3400172889232635,0.0271710008382797,64,0.0294865084943202,169,5,6,shapley-20260606T023933Z-cdfd01ff,shapley,conditional
29,10111,4,0.4000000059604645,-0.5276366472244263,0.4222753643989563,0.1438749432563781,250.33859252929688,186.33859252929688,0.2556537389755249,0.0474770218133926,64,0.0294865084943202,169,5,6,shapley-20260606T023933Z-cdfd01ff,shapley,conditional
30,1111,4,0.4000000059604645,-0.0503368526697158,0.0063918950036168,0.0038580961991101,128.0,96.0,0.25,0.0086108343675732,0,0.0294865084943202,169,5,6,shapley-20260606T023933Z-cdfd01ff,shapley,conditional
31,11111,5,1.0,0.0,0.0,0.0,63.05643081665039,31.05643081665039,0.5074819326400757,0.0010000000474974,32,0.0294865084943202,169,5,6,shapley-20260606T023933Z-cdfd01ff,shapley,conditional
