run_id,shapley_tactic,phase,epoch,logical_epoch,elapsed_train_sec,shapley_value,baseline_value,metric,delta
shapley-20260606T023414Z-4c6a5561,baseline,A,0,0,0.2538408000000345,0.97315057686397,0.971651920250484,train_pix_recon,0.0014986566134860269
shapley-20260606T023414Z-4c6a5561,baseline,A,1,1,0.3166040999967663,0.7910811305046082,0.7956973654883248,train_pix_recon,-0.0046162349837166605
shapley-20260606T023414Z-4c6a5561,baseline,A,2,2,0.375293099994451,0.6359378440039498,0.6409407768930707,train_pix_recon,-0.0050029328891209035
shapley-20260606T023414Z-4c6a5561,baseline,A,3,3,0.437843999992765,0.5568530474390302,0.5622591376304626,train_pix_recon,-0.0054060901914324555
shapley-20260606T023414Z-4c6a5561,baseline,A,4,4,0.4977256999954988,0.514518026794706,0.5065883994102478,train_pix_recon,0.007929627384458238
shapley-20260606T023414Z-4c6a5561,baseline,A,5,5,0.5597215999951004,0.4716923534870147,0.4712009983403342,train_pix_recon,0.0004913551466805277
shapley-20260606T023414Z-4c6a5561,baseline,A,6,6,0.6225944999969215,0.4367086887359619,0.4328192429883139,train_pix_recon,0.0038894457476479904
shapley-20260606T023414Z-4c6a5561,baseline,A,7,7,0.6828521999959776,0.4017986953258514,0.4033242123467581,train_pix_recon,-0.001525517020906697
shapley-20260606T023414Z-4c6a5561,baseline,A,8,8,0.741852299994207,0.3706265262195042,0.3778634795120784,train_pix_recon,-0.0072369532925741775
shapley-20260606T023414Z-4c6a5561,baseline,A,9,9,0.8001354999942123,0.35194878918784,0.3558406787259238,train_pix_recon,-0.0038918895380837815
shapley-20260606T023414Z-4c6a5561,baseline,A,10,10,0.862867499996355,0.3370097534997122,0.3390671525682722,train_pix_recon,-0.0020573990685600063
shapley-20260606T023414Z-4c6a5561,baseline,A,11,11,0.9290627999944264,0.3244860172271728,0.3241820675986154,train_pix_recon,0.0003039496285573984
shapley-20260606T023414Z-4c6a5561,baseline,A,12,12,0.9886551999952644,0.3252939113548824,0.3238923507077353,train_pix_recon,0.001401560647147082
shapley-20260606T023414Z-4c6a5561,baseline,A,13,13,1.04843699999401,0.3174221345356532,0.3175013363361358,train_pix_recon,-7.920180048259784e-05
shapley-20260606T023414Z-4c6a5561,baseline,A,14,14,1.1107744999935676,0.300542516367776,0.3028702735900879,train_pix_recon,-0.002327757222311877
shapley-20260606T023414Z-4c6a5561,baseline,A,15,15,1.16893849999542,0.2930585401398795,0.2923846117087773,train_pix_recon,0.0006739284311021998
shapley-20260606T023414Z-4c6a5561,baseline,A,16,16,1.2326643999949738,0.2906815409660339,0.289442424263273,train_pix_recon,0.0012391167027608896
shapley-20260606T023414Z-4c6a5561,baseline,A,17,17,1.294319099997665,0.2904005178383418,0.2925105009760175,train_pix_recon,-0.002109983137675686
shapley-20260606T023414Z-4c6a5561,baseline,A,18,18,1.3581868999972355,0.2808062476771218,0.2798497591699873,train_pix_recon,0.0009564885071345341
shapley-20260606T023414Z-4c6a5561,baseline,A,19,19,1.4193036999968172,0.2736383378505707,0.2697626437459673,train_pix_recon,0.0038756941046033666
shapley-20260606T023414Z-4c6a5561,baseline,A,20,20,1.4824509999962174,0.2705037806715284,0.2688045416559492,train_pix_recon,0.0016992390155792236
shapley-20260606T023414Z-4c6a5561,baseline,A,21,21,1.5424756999964302,0.2793072802679879,0.2743192996297564,train_pix_recon,0.004987980638231526
shapley-20260606T023414Z-4c6a5561,baseline,A,22,22,1.603781599998911,0.2771982210023062,0.267452848809106,train_pix_recon,0.009745372193200152
shapley-20260606T023414Z-4c6a5561,baseline,A,23,23,1.6665235999971628,0.269212931394577,0.2622304729052952,train_pix_recon,0.0069824584892818065
shapley-20260606T023414Z-4c6a5561,baseline,A,24,24,1.7295186999945145,0.2710661717823573,0.2622900690351213,train_pix_recon,0.008776102747236003
shapley-20260606T023414Z-4c6a5561,baseline,A,25,25,1.794139499994344,0.2757866127150399,0.2658487473215375,train_pix_recon,0.009937865393502388
shapley-20260606T023414Z-4c6a5561,baseline,A,26,26,1.852338699995016,0.2693691211087363,0.2582564737115587,train_pix_recon,0.0111126473971776
shapley-20260606T023414Z-4c6a5561,baseline,A,27,27,1.9124220999947283,0.2659102806023189,0.2629307210445404,train_pix_recon,0.0029795595577785106
shapley-20260606T023414Z-4c6a5561,baseline,A,28,28,1.9705615999955624,0.2635520228317806,0.2621673813888004,train_pix_recon,0.0013846414429801723
shapley-20260606T023414Z-4c6a5561,baseline,A,29,29,2.0338886999961687,0.2659960857459477,0.2585293522902897,train_pix_recon,0.007466733455657959
shapley-20260606T023414Z-4c6a5561,baseline,A,30,30,2.096151399997325,0.2604693302086421,0.2612313841070448,train_pix_recon,-0.0007620538984026703
shapley-20260606T023414Z-4c6a5561,baseline,A,31,31,2.170270699996763,0.2604567962033408,0.2584267130919865,train_pix_recon,0.002030083111354275
shapley-20260606T023414Z-4c6a5561,baseline,A,32,32,2.2355837999966752,0.2612175728593554,0.2555692323616573,train_pix_recon,0.005648340497698079
shapley-20260606T023414Z-4c6a5561,baseline,A,33,33,2.2981955999966885,0.2600680930273873,0.2601944719042097,train_pix_recon,-0.00012637887682237503
shapley-20260606T023414Z-4c6a5561,baseline,A,34,34,2.359449899999163,0.2585266445364271,0.2612894134862082,train_pix_recon,-0.0027627689497811136
shapley-20260606T023414Z-4c6a5561,baseline,A,35,35,2.42462919999889,0.2649382480553218,0.2607744804450443,train_pix_recon,0.00416376761027748
shapley-20260606T023414Z-4c6a5561,baseline,A,36,36,2.483838799998921,0.2636745316641671,0.2608233264514378,train_pix_recon,0.002851205212729302
shapley-20260606T023414Z-4c6a5561,baseline,A,37,37,2.548800600001414,0.2677811639649527,0.2604723998478481,train_pix_recon,0.007308764117104627
shapley-20260606T023414Z-4c6a5561,baseline,A,38,38,2.6117164000024786,0.2651936156409127,0.2645358443260193,train_pix_recon,0.0006577713148934183
shapley-20260606T023414Z-4c6a5561,baseline,A,39,39,2.6738466000024346,0.2632019562380654,0.2628550274031503,train_pix_recon,0.0003469288349151056
shapley-20260606T023414Z-4c6a5561,baseline,A,40,40,2.7357712000048195,0.269053361245564,0.2662622928619385,train_pix_recon,0.002791068383625528
shapley-20260606T023414Z-4c6a5561,baseline,A,41,41,2.7966768000042066,0.2698858848639897,0.2667385382311685,train_pix_recon,0.0031473466328211797
shapley-20260606T023414Z-4c6a5561,baseline,A,42,42,2.857208200002788,0.2720545658043453,0.2656140625476837,train_pix_recon,0.006440503256661567
shapley-20260606T023414Z-4c6a5561,baseline,A,43,43,2.9158302000032563,0.2762839198112488,0.2627300832952772,train_pix_recon,0.013553836515971585
shapley-20260606T023414Z-4c6a5561,baseline,A,44,44,2.978519700005563,0.2746822791440146,0.2686894110270909,train_pix_recon,0.005992868116923733
shapley-20260606T023414Z-4c6a5561,baseline,A,45,45,3.041313400004583,0.2738253814833505,0.2669866851397923,train_pix_recon,0.006838696343558215
shapley-20260606T023414Z-4c6a5561,baseline,A,46,46,3.1083821000029275,0.2699386988367353,0.271733100925173,train_pix_recon,-0.0017944020884376743
shapley-20260606T023414Z-4c6a5561,baseline,A,47,47,3.1717773000018497,0.2762813184942518,0.2692125993115561,train_pix_recon,0.007068719182695693
shapley-20260606T023414Z-4c6a5561,baseline,A,48,48,3.235043800003041,0.2784390108925955,0.2740961568696158,train_pix_recon,0.004342854022979681
shapley-20260606T023414Z-4c6a5561,baseline,A,49,49,3.299836400001368,0.2781255160059248,0.2730939260550907,train_pix_recon,0.005031589950834081
shapley-20260606T023414Z-4c6a5561,baseline,A,50,50,3.3628557000010915,0.278216723884855,0.2740675296102251,train_pix_recon,0.004149194274629897
shapley-20260606T023414Z-4c6a5561,baseline,A,51,51,3.427134200002911,0.2756484150886535,0.27202969789505,train_pix_recon,0.0036187171936035156
shapley-20260606T023414Z-4c6a5561,baseline,A,52,52,3.4930105000021285,0.2819661412920271,0.2817391327449253,train_pix_recon,0.0002270085471017813
shapley-20260606T023414Z-4c6a5561,baseline,A,53,53,3.5557007000024896,0.2847792591367449,0.2795579007693699,train_pix_recon,0.005221358367374973
shapley-20260606T023414Z-4c6a5561,baseline,A,54,54,3.6158850000028906,0.2814625288758959,0.2829273768833705,train_pix_recon,-0.001464848007474595
shapley-20260606T023414Z-4c6a5561,baseline,A,55,55,3.682116399999359,0.2903848758765629,0.2852527073451451,train_pix_recon,0.005132168531417847
shapley-20260606T023414Z-4c6a5561,baseline,A,56,56,3.742177999996784,0.29094255396298,0.2867425935609,train_pix_recon,0.0041999604020800385
shapley-20260606T023414Z-4c6a5561,baseline,A,57,57,3.80884039999728,0.2903247858796801,0.2924394011497497,train_pix_recon,-0.0021146152700696197
shapley-20260606T023414Z-4c6a5561,baseline,A,58,58,3.8699893999983033,0.2928375516619001,0.2897427252360752,train_pix_recon,0.003094826425824926
shapley-20260606T023414Z-4c6a5561,baseline,A,59,59,3.934456200000568,0.2890275376183646,0.2935274626527513,train_pix_recon,-0.004499925034386731
shapley-20260606T023414Z-4c6a5561,baseline,A,60,60,4.001215399999637,0.2910151864801134,0.2932034220014299,train_pix_recon,-0.0021882355213165283
shapley-20260606T023414Z-4c6a5561,baseline,A,61,61,4.067067100000713,0.2929966832910265,0.2946899831295013,train_pix_recon,-0.001693299838474771
shapley-20260606T023414Z-4c6a5561,baseline,A,62,62,4.127671600002941,0.2930161527224949,0.2954102328845432,train_pix_recon,-0.0023940801620482843
shapley-20260606T023414Z-4c6a5561,baseline,A,63,63,4.190557000001718,0.2976912174906049,0.3006166177136557,train_pix_recon,-0.0029254002230508225
shapley-20260606T023414Z-4c6a5561,baseline,A,64,64,4.2515315000018745,0.3002394948686872,0.2998922807829721,train_pix_recon,0.0003472140857150863
shapley-20260606T023414Z-4c6a5561,baseline,A,65,65,4.31029540000236,0.3042285484927041,0.3000518083572387,train_pix_recon,0.004176740135465373
shapley-20260606T023414Z-4c6a5561,baseline,A,66,66,4.368983700001991,0.3016854652336665,0.3044924395424979,train_pix_recon,-0.002806974308831367
shapley-20260606T023414Z-4c6a5561,baseline,A,67,67,4.432879600000888,0.3073930016585758,0.3029261955193111,train_pix_recon,0.004466806139264701
shapley-20260606T023414Z-4c6a5561,baseline,A,68,68,4.499245899998641,0.3055327406951359,0.3087700179644993,train_pix_recon,-0.0032372772693634033
shapley-20260606T023414Z-4c6a5561,baseline,A,69,69,4.562187999999878,0.3044642508029938,0.3088905130113874,train_pix_recon,-0.00442626220839365
shapley-20260606T023414Z-4c6a5561,baseline,A,70,70,4.624484899999516,0.3153400080544608,0.313270845583507,train_pix_recon,0.0020691624709537892
shapley-20260606T023414Z-4c6a5561,baseline,A,71,71,4.687037399999099,0.3136872095721109,0.3118748111384256,train_pix_recon,0.0018123984336853027
shapley-20260606T023414Z-4c6a5561,baseline,A,72,72,4.746762399998261,0.3117515870503017,0.318206114428384,train_pix_recon,-0.006454527378082275
shapley-20260606T023414Z-4c6a5561,baseline,A,73,73,4.805409299999155,0.3166158029011318,0.3182905060904367,train_pix_recon,-0.0016747031893049047
shapley-20260606T023414Z-4c6a5561,baseline,A,74,74,4.870224900001631,0.3153275293963296,0.3237175558294569,train_pix_recon,-0.008390026433127307
shapley-20260606T023414Z-4c6a5561,baseline,A,75,75,4.934785800003738,0.3265963579927172,0.3241090221064431,train_pix_recon,0.002487335886274089
shapley-20260606T023414Z-4c6a5561,baseline,A,76,76,4.995370800003002,0.3229001121861594,0.3284158110618591,train_pix_recon,-0.005515698875699693
shapley-20260606T023414Z-4c6a5561,baseline,A,77,77,5.05661300000429,0.3270449127469744,0.3308427887303488,train_pix_recon,-0.003797875983374388
shapley-20260606T023414Z-4c6a5561,baseline,A,78,78,5.122262000004412,0.3313061467238835,0.3309882070337023,train_pix_recon,0.0003179396901811793
shapley-20260606T023414Z-4c6a5561,baseline,A,79,79,5.183443700003409,0.3267572138990675,0.3337451645306178,train_pix_recon,-0.006987950631550333
shapley-20260606T023414Z-4c6a5561,baseline,A,80,80,5.242753700003959,0.3321426723684583,0.3317111815725054,train_pix_recon,0.0004314907959528935
shapley-20260606T023414Z-4c6a5561,baseline,A,81,81,5.304386100004194,0.3323689869471958,0.3357935718127659,train_pix_recon,-0.003424584865570124
shapley-20260606T023414Z-4c6a5561,baseline,A,82,82,5.366842700004781,0.3349179370062692,0.3351491136210305,train_pix_recon,-0.00023117661476129703
shapley-20260606T023414Z-4c6a5561,baseline,A,83,83,5.432933100004448,0.3344395671572004,0.3382974096706935,train_pix_recon,-0.0038578425134930816
shapley-20260606T023414Z-4c6a5561,baseline,A,84,84,5.499135700003535,0.3385308853217533,0.3372927606105804,train_pix_recon,0.0012381247111729055
shapley-20260606T023414Z-4c6a5561,baseline,A,85,85,5.561501000003773,0.3468414204461233,0.3415403834411076,train_pix_recon,0.0053010370050157185
shapley-20260606T023414Z-4c6a5561,baseline,A,86,86,5.626002800003334,0.3408820416246141,0.3477061603750501,train_pix_recon,-0.006824118750435981
shapley-20260606T023414Z-4c6a5561,baseline,A,87,87,5.690500500004418,0.34237887603896,0.3442083980355944,train_pix_recon,-0.0018295219966343867
shapley-20260606T023414Z-4c6a5561,baseline,A,88,88,5.750306400004774,0.3515887473310743,0.3451421856880188,train_pix_recon,0.006446561643055515
shapley-20260606T023414Z-4c6a5561,baseline,A,89,89,5.815957500006334,0.3484906724521092,0.3474898168018886,train_pix_recon,0.0010008556502205668
shapley-20260606T023414Z-4c6a5561,baseline,A,90,90,5.882872400004999,0.3468967591013227,0.3461775737149374,train_pix_recon,0.0007191853863853237
shapley-20260606T023414Z-4c6a5561,baseline,A,91,91,5.951445800004876,0.3562461478369577,0.350984581879207,train_pix_recon,0.00526156595775068
shapley-20260606T023414Z-4c6a5561,baseline,A,92,92,6.014380400003574,0.3522287649767739,0.3516345960753305,train_pix_recon,0.0005941689014434259
shapley-20260606T023414Z-4c6a5561,baseline,A,93,93,6.076313500005199,0.3508833221026829,0.3537766763142177,train_pix_recon,-0.0028933542115348043
shapley-20260606T023414Z-4c6a5561,baseline,A,94,94,6.150428800003283,0.3652392796107701,0.3582380626882825,train_pix_recon,0.007001216922487563
shapley-20260606T023414Z-4c6a5561,baseline,A,95,95,6.220113800001855,0.3512371395315443,0.3590935255799974,train_pix_recon,-0.007856386048453123
shapley-20260606T023414Z-4c6a5561,baseline,A,96,96,6.290195600002335,0.3601622709206172,0.3638942922864641,train_pix_recon,-0.0037320213658468826
shapley-20260606T023414Z-4c6a5561,baseline,A,97,97,6.35445510000136,0.3625884098666055,0.3616441062518528,train_pix_recon,0.0009443036147527284
shapley-20260606T023414Z-4c6a5561,baseline,A,98,98,6.4213385000039125,0.3649540884154184,0.3623361076627459,train_pix_recon,0.0026179807526724996
shapley-20260606T023414Z-4c6a5561,baseline,A,99,99,6.489110000002256,0.3728975781372615,0.3716544508934021,train_pix_recon,0.0012431272438593877
shapley-20260606T023414Z-4c6a5561,baseline,A,100,100,6.556318300001294,0.3715041279792785,0.3716950501714434,train_pix_recon,-0.00019092219216487738
shapley-20260606T023414Z-4c6a5561,baseline,A,101,101,6.626302900003793,0.3718244859150478,0.3758985868522099,train_pix_recon,-0.004074100937162095
shapley-20260606T023414Z-4c6a5561,baseline,A,102,102,6.696441100004449,0.374068307025092,0.3718027898243495,train_pix_recon,0.002265517200742473
shapley-20260606T023414Z-4c6a5561,baseline,A,103,103,6.762754200004565,0.3759996039526803,0.3770870736667088,train_pix_recon,-0.0010874697140285106
shapley-20260606T023414Z-4c6a5561,baseline,A,104,104,6.828407400007563,0.3701699163232531,0.3753319084644317,train_pix_recon,-0.0051619921411786285
shapley-20260606T023414Z-4c6a5561,baseline,A,105,105,6.892706800008455,0.3781292481081826,0.3811869195529392,train_pix_recon,-0.0030576714447566045
shapley-20260606T023414Z-4c6a5561,baseline,A,106,106,6.956840000009834,0.3862270883151463,0.3812140226364136,train_pix_recon,0.00501306567873272
shapley-20260606T023414Z-4c6a5561,baseline,A,107,107,7.025822300009168,0.3821833431720733,0.3834741881915501,train_pix_recon,-0.001290845019476794
shapley-20260606T023414Z-4c6a5561,baseline,A,108,108,7.094741700006125,0.378955636705671,0.3931802426065717,train_pix_recon,-0.014224605900900689
shapley-20260606T023414Z-4c6a5561,baseline,A,109,109,7.160316800003784,0.3867716363498142,0.3824647750173296,train_pix_recon,0.004306861332484591
shapley-20260606T023414Z-4c6a5561,baseline,A,110,110,7.224661900003412,0.3910794513566153,0.3973419666290283,train_pix_recon,-0.006262515272413005
shapley-20260606T023414Z-4c6a5561,baseline,A,111,111,7.29447450000589,0.3882869439465659,0.3919142867837633,train_pix_recon,-0.0036273428371974004
shapley-20260606T023414Z-4c6a5561,baseline,A,112,112,7.358599800005322,0.4001902384417398,0.3951926103660038,train_pix_recon,0.004997628075736005
shapley-20260606T023414Z-4c6a5561,baseline,A,113,113,7.4218121000048995,0.3939272718770163,0.3933300077915191,train_pix_recon,0.0005972640854972067
shapley-20260606T023414Z-4c6a5561,baseline,A,114,114,7.49166910000713,0.3911786121981485,0.3957727338586534,train_pix_recon,-0.004594121660504935
shapley-20260606T023414Z-4c6a5561,baseline,A,115,115,7.563838700003544,0.4036482061658586,0.4003504770142691,train_pix_recon,0.00329772915158949
shapley-20260606T023414Z-4c6a5561,baseline,A,116,116,7.638397100003203,0.3973110360758645,0.4048317628247397,train_pix_recon,-0.007520726748875217
shapley-20260606T023414Z-4c6a5561,baseline,A,117,117,7.704346400001668,0.4035327732563019,0.4067421768392835,train_pix_recon,-0.003209403582981607
shapley-20260606T023414Z-4c6a5561,baseline,A,118,118,7.772919200000615,0.4080199726990291,0.4029936407293592,train_pix_recon,0.005026331969669895
shapley-20260606T023414Z-4c6a5561,baseline,A,119,119,7.837731600000552,0.4079731830528804,0.4086486228874751,train_pix_recon,-0.0006754398345947266
shapley-20260606T023414Z-4c6a5561,baseline,A,120,120,7.902330799999618,0.403140515089035,0.422363953930991,train_pix_recon,-0.019223438841956042
shapley-20260606T023414Z-4c6a5561,baseline,A,121,121,7.966626600002201,0.4118647234780447,0.4063604516642434,train_pix_recon,0.005504271813801309
shapley-20260606T023414Z-4c6a5561,baseline,A,122,122,8.030123500000627,0.4200492118086134,0.4233339471476419,train_pix_recon,-0.0032847353390285106
shapley-20260606T023414Z-4c6a5561,baseline,A,123,123,8.097658700000466,0.4256189891270229,0.42833383168493,train_pix_recon,-0.0027148425579071045
shapley-20260606T023414Z-4c6a5561,baseline,A,124,124,8.163603000000876,0.4353315659931728,0.4261819975716727,train_pix_recon,0.00914956842150011
shapley-20260606T023414Z-4c6a5561,baseline,A,125,125,8.231591499999922,0.4358106000082833,0.440460136958531,train_pix_recon,-0.004649536950247668
shapley-20260606T023414Z-4c6a5561,baseline,A,126,126,8.298966199999995,0.4272029953343527,0.4354898333549499,train_pix_recon,-0.00828683802059721
shapley-20260606T023414Z-4c6a5561,baseline,A,127,127,8.36380150000332,0.4285408769335065,0.4240478788103376,train_pix_recon,0.00449299812316889
shapley-20260606T023414Z-4c6a5561,baseline,A,128,128,8.43230140000378,0.4279062705380576,0.4375713510172708,train_pix_recon,-0.009665080479213217
shapley-20260606T023414Z-4c6a5561,baseline,A,129,129,8.501609700004337,0.4315836897918156,0.4188401145594461,train_pix_recon,0.01274357523236952
shapley-20260606T023414Z-4c6a5561,baseline,A,130,130,8.569221400004608,0.4367607576506478,0.428925552538463,train_pix_recon,0.007835205112184829
shapley-20260606T023414Z-4c6a5561,baseline,A,131,131,8.636281000002782,0.4284305146762303,0.4219123337950025,train_pix_recon,0.0065181808812277975
shapley-20260606T023414Z-4c6a5561,baseline,A,132,132,8.701133000005939,0.4153477081230708,0.4232607569013323,train_pix_recon,-0.007913048778261489
shapley-20260606T023414Z-4c6a5561,baseline,A,133,133,8.767390100005287,0.442443881716047,0.4206282922199794,train_pix_recon,0.0218155894960676
shapley-20260606T023414Z-4c6a5561,baseline,A,134,134,8.832374300003721,0.4117037100451333,0.4269727979387556,train_pix_recon,-0.015269087893622302
shapley-20260606T023414Z-4c6a5561,baseline,A,135,135,8.896310600004654,0.4296707894120897,0.408155083656311,train_pix_recon,0.021515705755778713
shapley-20260606T023414Z-4c6a5561,baseline,A,136,136,8.961195200005022,0.4161719466958727,0.4259729257651737,train_pix_recon,-0.009800979069300997
shapley-20260606T023414Z-4c6a5561,baseline,A,137,137,9.02351130000534,0.414678794997079,0.4236356999192919,train_pix_recon,-0.008956904922212905
shapley-20260606T023414Z-4c6a5561,baseline,A,138,138,9.08608240000467,0.4162646063736507,0.4077143030507223,train_pix_recon,0.008550303322928388
shapley-20260606T023414Z-4c6a5561,baseline,A,139,139,9.153356200007693,0.4247458747455052,0.4099667498043605,train_pix_recon,0.014779124941144695
shapley-20260606T023414Z-4c6a5561,baseline,A,140,140,9.21634100000665,0.4134838793958936,0.4174932071140834,train_pix_recon,-0.004009327718189792
shapley-20260606T023414Z-4c6a5561,baseline,A,141,141,9.284586900008437,0.4168829492160252,0.4089554463114057,train_pix_recon,0.007927502904619521
shapley-20260606T023414Z-4c6a5561,baseline,A,142,142,9.351719100010088,0.4321526672158922,0.4151877973760877,train_pix_recon,0.016964869839804497
shapley-20260606T023414Z-4c6a5561,baseline,A,143,143,9.418888100011827,0.4014397604124887,0.4170759533132825,train_pix_recon,-0.01563619290079382
shapley-20260606T023414Z-4c6a5561,baseline,A,144,144,9.482347700013634,0.4128210544586181,0.4085881497178759,train_pix_recon,0.004232904740742227
shapley-20260606T023414Z-4c6a5561,baseline,A,145,145,9.544822300013038,0.4143468397004263,0.4126831207956586,train_pix_recon,0.001663718904767686
shapley-20260606T023414Z-4c6a5561,baseline,A,146,146,9.606855500012898,0.4184804005282266,0.408473504441125,train_pix_recon,0.010006896087101591
shapley-20260606T023414Z-4c6a5561,baseline,A,147,147,9.671641100012494,0.4131617077759334,0.4141862818173,train_pix_recon,-0.0010245740413665771
shapley-20260606T023414Z-4c6a5561,baseline,A,148,148,9.73637610001242,0.4157360749585287,0.4068913970674787,train_pix_recon,0.008844677891050035
shapley-20260606T023414Z-4c6a5561,baseline,A,149,149,9.798080400010804,0.4176650771072933,0.4114815294742584,train_pix_recon,0.006183547633034858
shapley-20260606T023414Z-4c6a5561,baseline,A,150,150,9.86045640001248,0.4091476627758571,0.4065284047807966,train_pix_recon,0.00261925799506052
shapley-20260606T023414Z-4c6a5561,baseline,A,151,151,9.925925500014271,0.4153906617845808,0.4030350659574781,train_pix_recon,0.012355595827102661
shapley-20260606T023414Z-4c6a5561,baseline,A,152,152,9.988909600015177,0.4078183472156524,0.420025885105133,train_pix_recon,-0.01220753788948059
shapley-20260606T023414Z-4c6a5561,baseline,A,153,153,10.055725200014422,0.4177262485027313,0.4146049533571516,train_pix_recon,0.003121295145579739
shapley-20260606T023414Z-4c6a5561,baseline,A,154,154,10.126386600015394,0.412944563797542,0.3937244798455919,train_pix_recon,0.01922008395195013
shapley-20260606T023414Z-4c6a5561,baseline,A,155,155,10.192115700014256,0.4231336074216025,0.4149131221430642,train_pix_recon,0.008220485278538303
shapley-20260606T023414Z-4c6a5561,baseline,A,156,156,10.257549900012236,0.4028242996760777,0.4077136133398328,train_pix_recon,-0.004889313663755113
shapley-20260606T023414Z-4c6a5561,baseline,A,157,157,10.323275700011436,0.4007519781589508,0.407272960458483,train_pix_recon,-0.006520982299532185
shapley-20260606T023414Z-4c6a5561,baseline,A,158,158,10.387677000013356,0.4165319672652653,0.409360579081944,train_pix_recon,0.007171388183321303
shapley-20260606T023414Z-4c6a5561,baseline,A,159,159,10.45112210001389,0.4154391927378518,0.4130505664008004,train_pix_recon,0.0023886263370513916
shapley-20260606T023414Z-4c6a5561,baseline,A,160,160,10.516262200013443,0.4090754049164908,0.4059458247252873,train_pix_recon,0.003129580191203518
shapley-20260606T023414Z-4c6a5561,baseline,A,161,161,10.579055800011702,0.4171851703098842,0.3991072859082903,train_pix_recon,0.018077884401593913
shapley-20260606T023414Z-4c6a5561,baseline,A,162,162,10.641096800012749,0.4135075211524963,0.4139161493097033,train_pix_recon,-0.00040862815720699164
shapley-20260606T023414Z-4c6a5561,baseline,A,163,163,10.703630900010468,0.4133320237909044,0.4134219118527004,train_pix_recon,-8.988806179599518e-05
shapley-20260606T023414Z-4c6a5561,baseline,A,164,164,10.76861560000907,0.4034399943692343,0.4050963819026947,train_pix_recon,-0.0016563875334604239
shapley-20260606T023414Z-4c6a5561,baseline,A,165,165,10.831794100009574,0.4100966709000723,0.4025881333010537,train_pix_recon,0.007508537599018594
shapley-20260606T023414Z-4c6a5561,baseline,A,166,166,10.896413800008304,0.4159416896956308,0.4012528317315237,train_pix_recon,0.014688857964107072
shapley-20260606T023414Z-4c6a5561,baseline,A,167,167,10.958443400009855,0.4078051234994616,0.4096385070255824,train_pix_recon,-0.0018333835261208353
shapley-20260606T023414Z-4c6a5561,baseline,A,168,168,11.023315400008867,0.4121480839593069,0.4070109214101519,train_pix_recon,0.005137162549155028
shapley-20260606T023414Z-4c6a5561,baseline,A,169,169,11.090738600007173,0.4044364094734192,0.4034443455083029,train_pix_recon,0.0009920639651163077
shapley-20260606T023414Z-4c6a5561,baseline,A,170,170,11.154737500008196,0.4130086600780487,0.4095484401498522,train_pix_recon,0.0034602199281965063
shapley-20260606T023414Z-4c6a5561,baseline,A,171,171,11.21717210000861,0.407052423272814,0.4058417209557124,train_pix_recon,0.0012107023171015752
shapley-20260606T023414Z-4c6a5561,baseline,A,172,172,11.282856700010598,0.4093952349254063,0.402739656823022,train_pix_recon,0.006655578102384319
shapley-20260606T023414Z-4c6a5561,baseline,A,173,173,11.344838000008169,0.4036452940532139,0.4082031207425253,train_pix_recon,-0.004557826689311373
shapley-20260606T023414Z-4c6a5561,baseline,A,174,174,11.417863600006967,0.4078123526913779,0.4104889248098646,train_pix_recon,-0.0026765721184867086
shapley-20260606T023414Z-4c6a5561,baseline,A,175,175,11.482864500005237,0.4118996901171548,0.4016436338424682,train_pix_recon,0.01025605627468662
shapley-20260606T023414Z-4c6a5561,baseline,A,176,176,11.545164700004534,0.4032369256019592,0.4045746411596025,train_pix_recon,-0.0013377155576433375
shapley-20260606T023414Z-4c6a5561,baseline,A,177,177,11.6076960000064,0.411284727709634,0.4147970165525164,train_pix_recon,-0.003512288842882405
shapley-20260606T023414Z-4c6a5561,baseline,A,178,178,11.672724700005348,0.4098594997610364,0.4009833335876465,train_pix_recon,0.008876166173389932
shapley-20260606T023414Z-4c6a5561,baseline,A,179,179,11.737489800005278,0.4071039131709507,0.3979756704398564,train_pix_recon,0.009128242731094305
shapley-20260606T023414Z-4c6a5561,baseline,A,180,180,11.802501600006508,0.4147896638938358,0.3977003906454359,train_pix_recon,0.017089273248399928
shapley-20260606T023414Z-4c6a5561,baseline,A,181,181,11.868056000006618,0.409500390291214,0.4159936990056719,train_pix_recon,-0.006493308714457913
shapley-20260606T023414Z-4c6a5561,baseline,A,182,182,11.942628300006618,0.4119537259851183,0.4066439058099474,train_pix_recon,0.0053098201751708984
shapley-20260606T023414Z-4c6a5561,baseline,A,183,183,12.009308300006523,0.4104730444295065,0.4085746535233089,train_pix_recon,0.001898390906197589
shapley-20260606T023414Z-4c6a5561,baseline,A,184,184,12.07154850000734,0.4133370390960148,0.3968243215765272,train_pix_recon,0.01651271751948763
shapley-20260606T023414Z-4c6a5561,baseline,A,185,185,12.140941600006045,0.4098746223109109,0.3992243622030531,train_pix_recon,0.0106502601078578
shapley-20260606T023414Z-4c6a5561,baseline,A,186,186,12.203752900008112,0.3994668977601187,0.4058242014476231,train_pix_recon,-0.006357303687504423
shapley-20260606T023414Z-4c6a5561,baseline,A,187,187,12.268786800010275,0.4089304847376687,0.4078741754804338,train_pix_recon,0.0010563092572348776
shapley-20260606T023414Z-4c6a5561,baseline,A,188,188,12.330759200012835,0.3969294854572841,0.4069901534489223,train_pix_recon,-0.010060667991638184
shapley-20260606T023414Z-4c6a5561,baseline,A,189,189,12.396857800013096,0.4112623844827924,0.4050670564174652,train_pix_recon,0.006195328065327188
shapley-20260606T023414Z-4c6a5561,baseline,A,190,190,12.467067200013844,0.4102824202605656,0.4060524446623666,train_pix_recon,0.004229975598198987
shapley-20260606T023414Z-4c6a5561,baseline,A,191,191,12.532627200016575,0.4078755676746368,0.4100667025361742,train_pix_recon,-0.002191134861537436
shapley-20260606T023414Z-4c6a5561,baseline,A,192,192,12.6014530000175,0.399894505739212,0.4018306050981794,train_pix_recon,-0.0019360993589674358
shapley-20260606T023414Z-4c6a5561,baseline,A,193,193,12.665449800017086,0.3990870331014906,0.4024855877671923,train_pix_recon,-0.003398554665701714
shapley-20260606T023414Z-4c6a5561,baseline,A,194,194,12.736244400017313,0.4007379668099539,0.3975673105035509,train_pix_recon,0.003170656306403008
shapley-20260606T023414Z-4c6a5561,baseline,A,195,195,12.802181200018822,0.407423164163317,0.4107468255928584,train_pix_recon,-0.0033236614295414357
shapley-20260606T023414Z-4c6a5561,baseline,A,196,196,12.865508100017903,0.4132085783141,0.4110176989010402,train_pix_recon,0.002190879413059843
shapley-20260606T023414Z-4c6a5561,baseline,A,197,197,12.931033100016066,0.4117235115596226,0.4062903991767338,train_pix_recon,0.005433112382888794
shapley-20260606T023414Z-4c6a5561,baseline,A,198,198,12.99527180001678,0.4159257624830518,0.403205794947488,train_pix_recon,0.012719967535563814
shapley-20260606T023414Z-4c6a5561,baseline,A,199,199,13.06468860001769,0.40961469071252,0.4041948659079415,train_pix_recon,0.005419824804578477
shapley-20260606T023438Z-75bc42d5,marginal,A,0,0,0.2611864999998943,0.9843307903834752,0.971651920250484,train_pix_recon,0.012678870132991182
shapley-20260606T023438Z-75bc42d5,marginal,A,1,1,0.3286195000000589,0.763923568384988,0.7956973654883248,train_pix_recon,-0.03177379710333683
shapley-20260606T023438Z-75bc42d5,marginal,A,2,2,0.3933702000031189,0.6155575428690229,0.6409407768930707,train_pix_recon,-0.02538323402404785
shapley-20260606T023438Z-75bc42d5,marginal,A,3,3,0.4616407000030449,0.5460196818624224,0.5622591376304626,train_pix_recon,-0.0162394557680402
shapley-20260606T023438Z-75bc42d5,marginal,A,4,4,0.5370317000015348,0.4983103701046535,0.5065883994102478,train_pix_recon,-0.008278029305594292
shapley-20260606T023438Z-75bc42d5,marginal,A,5,5,0.6149635000001581,0.4644490224974496,0.4712009983403342,train_pix_recon,-0.006751975842884561
shapley-20260606T023438Z-75bc42d5,marginal,A,6,6,0.6859156999998959,0.4358459285327366,0.4328192429883139,train_pix_recon,0.0030266855444227025
shapley-20260606T023438Z-75bc42d5,marginal,A,7,7,0.7569062000002305,0.4048872973237719,0.4033242123467581,train_pix_recon,0.0015630849770137956
shapley-20260606T023438Z-75bc42d5,marginal,A,8,8,0.8204089999999269,0.3804958292416164,0.3778634795120784,train_pix_recon,0.0026323497295380194
shapley-20260606T023438Z-75bc42d5,marginal,A,9,9,0.8863688000019465,0.3600680317197527,0.3558406787259238,train_pix_recon,0.004227352993828926
shapley-20260606T023438Z-75bc42d5,marginal,A,10,10,0.946799800000008,0.3421694338321686,0.3390671525682722,train_pix_recon,0.0031022812638963893
shapley-20260606T023438Z-75bc42d5,marginal,A,11,11,1.005612500001007,0.3319701892989022,0.3241820675986154,train_pix_recon,0.00778812170028681
shapley-20260606T023438Z-75bc42d5,marginal,A,12,12,1.0674065000021074,0.3276921936443874,0.3238923507077353,train_pix_recon,0.003799842936652087
shapley-20260606T023438Z-75bc42d5,marginal,A,13,13,1.127960300000268,0.3219711227076394,0.3175013363361358,train_pix_recon,0.004469786371503581
shapley-20260606T023438Z-75bc42d5,marginal,A,14,14,1.1878347000019858,0.3033510361398969,0.3028702735900879,train_pix_recon,0.0004807625498089996
shapley-20260606T023438Z-75bc42d5,marginal,A,15,15,1.247955400001956,0.2954793955598558,0.2923846117087773,train_pix_recon,0.003094783851078531
shapley-20260606T023438Z-75bc42d5,marginal,A,16,16,1.3065071000019088,0.2960524942193712,0.289442424263273,train_pix_recon,0.006610069956098197
shapley-20260606T023438Z-75bc42d5,marginal,A,17,17,1.373204600004101,0.2912182467324393,0.2925105009760175,train_pix_recon,-0.0012922542435782058
shapley-20260606T023438Z-75bc42d5,marginal,A,18,18,1.4356420000040089,0.2835261055401393,0.2798497591699873,train_pix_recon,0.003676346370152017
shapley-20260606T023438Z-75bc42d5,marginal,A,19,19,1.502623100004712,0.2756257823535374,0.2697626437459673,train_pix_recon,0.005863138607570095
shapley-20260606T023438Z-75bc42d5,marginal,A,20,20,1.569075300005352,0.2701523900032043,0.2688045416559492,train_pix_recon,0.0013478483472550984
shapley-20260606T023438Z-75bc42d5,marginal,A,21,21,1.6399159000029613,0.2818571286542075,0.2743192996297564,train_pix_recon,0.007537829024451104
shapley-20260606T023438Z-75bc42d5,marginal,A,22,22,1.702649200004089,0.2753767498901912,0.267452848809106,train_pix_recon,0.00792390108108515
shapley-20260606T023438Z-75bc42d5,marginal,A,23,23,1.7667883000030995,0.2693777424948556,0.2622304729052952,train_pix_recon,0.007147269589560357
shapley-20260606T023438Z-75bc42d5,marginal,A,24,24,1.8260162000042328,0.2726920161928449,0.2622900690351213,train_pix_recon,0.010401947157723579
shapley-20260606T023438Z-75bc42d5,marginal,A,25,25,1.894033300006413,0.2709243808473859,0.2658487473215375,train_pix_recon,0.005075633525848389
shapley-20260606T023438Z-75bc42d5,marginal,A,26,26,1.9559474000052437,0.2664516397884914,0.2582564737115587,train_pix_recon,0.008195166076932714
shapley-20260606T023438Z-75bc42d5,marginal,A,27,27,2.0167417000047863,0.2702571196215493,0.2629307210445404,train_pix_recon,0.007326398577008897
shapley-20260606T023438Z-75bc42d5,marginal,A,28,28,2.0762283000040043,0.2687930422169821,0.2621673813888004,train_pix_recon,0.006625660828181668
shapley-20260606T023438Z-75bc42d5,marginal,A,29,29,2.1390625000058208,0.2659551416124616,0.2585293522902897,train_pix_recon,0.007425789322171861
shapley-20260606T023438Z-75bc42d5,marginal,A,30,30,2.2064406000063173,0.2672535521643502,0.2612313841070448,train_pix_recon,0.006022168057305433
shapley-20260606T023438Z-75bc42d5,marginal,A,31,31,2.2705304000046453,0.2610253414937428,0.2584267130919865,train_pix_recon,0.0025986284017562866
shapley-20260606T023438Z-75bc42d5,marginal,A,32,32,2.3315530000072613,0.2672189601830074,0.2555692323616573,train_pix_recon,0.011649727821350098
shapley-20260606T023438Z-75bc42d5,marginal,A,33,33,2.392912000010256,0.2623488562447684,0.2601944719042097,train_pix_recon,0.0021543843405587015
shapley-20260606T023438Z-75bc42d5,marginal,A,34,34,2.4594074000087858,0.259892748934882,0.2612894134862082,train_pix_recon,-0.0013966645513261988
shapley-20260606T023438Z-75bc42d5,marginal,A,35,35,2.5204500000072585,0.2665343114307948,0.2607744804450443,train_pix_recon,0.0057598309857505026
shapley-20260606T023438Z-75bc42d5,marginal,A,36,36,2.584322600006999,0.2599902876785823,0.2608233264514378,train_pix_recon,-0.00083303877285551
shapley-20260606T023438Z-75bc42d5,marginal,A,37,37,2.645288400006393,0.2603384533098766,0.2604723998478481,train_pix_recon,-0.00013394653797149658
shapley-20260606T023438Z-75bc42d5,marginal,A,38,38,2.7053991000029782,0.2610517101628439,0.2645358443260193,train_pix_recon,-0.0034841341631753897
shapley-20260606T023438Z-75bc42d5,marginal,A,39,39,2.769384400002309,0.2607173706804003,0.2628550274031503,train_pix_recon,-0.0021376567227500143
shapley-20260606T023438Z-75bc42d5,marginal,A,40,40,2.8344175000056566,0.2649505010672978,0.2662622928619385,train_pix_recon,-0.0013117917946406932
shapley-20260606T023438Z-75bc42d5,marginal,A,41,41,2.902762900004745,0.2668284518378122,0.2667385382311685,train_pix_recon,8.991360664367676e-05
shapley-20260606T023438Z-75bc42d5,marginal,A,42,42,2.963228500004334,0.2706408841269357,0.2656140625476837,train_pix_recon,0.005026821579251994
shapley-20260606T023438Z-75bc42d5,marginal,A,43,43,3.022429300002841,0.2699841175760542,0.2627300832952772,train_pix_recon,0.0072540342807769775
shapley-20260606T023438Z-75bc42d5,marginal,A,44,44,3.092130700002599,0.2730977024350847,0.2686894110270909,train_pix_recon,0.004408291407993814
shapley-20260606T023438Z-75bc42d5,marginal,A,45,45,3.161306300000433,0.2752350185598646,0.2669866851397923,train_pix_recon,0.008248333420072307
shapley-20260606T023438Z-75bc42d5,marginal,A,46,46,3.222156799998629,0.2788286294255938,0.271733100925173,train_pix_recon,0.007095528500420778
shapley-20260606T023438Z-75bc42d5,marginal,A,47,47,3.282224699996732,0.2767930371420724,0.2692125993115561,train_pix_recon,0.007580437830516262
shapley-20260606T023438Z-75bc42d5,marginal,A,48,48,3.3452565999978106,0.278862544468471,0.2740961568696158,train_pix_recon,0.004766387598855171
shapley-20260606T023438Z-75bc42d5,marginal,A,49,49,3.415113799997925,0.2760918949331556,0.2730939260550907,train_pix_recon,0.002997968878064916
shapley-20260606T023438Z-75bc42d5,marginal,A,50,50,3.478248399998847,0.2832361119134085,0.2740675296102251,train_pix_recon,0.009168582303183348
shapley-20260606T023438Z-75bc42d5,marginal,A,51,51,3.5410871999993105,0.2832772050585065,0.27202969789505,train_pix_recon,0.011247507163456516
shapley-20260606T023438Z-75bc42d5,marginal,A,52,52,3.606328099998791,0.2824794437204088,0.2817391327449253,train_pix_recon,0.0007403109754834936
shapley-20260606T023438Z-75bc42d5,marginal,A,53,53,3.668874699997105,0.2848078906536102,0.2795579007693699,train_pix_recon,0.005249989884240247
shapley-20260606T023438Z-75bc42d5,marginal,A,54,54,3.7313470999979472,0.2880233781678336,0.2829273768833705,train_pix_recon,0.005096001284463081
shapley-20260606T023438Z-75bc42d5,marginal,A,55,55,3.7940302999959385,0.292084276676178,0.2852527073451451,train_pix_recon,0.006831569331032905
shapley-20260606T023438Z-75bc42d5,marginal,A,56,56,3.853602699993644,0.2889916045325143,0.2867425935609,train_pix_recon,0.0022490109716143403
shapley-20260606T023438Z-75bc42d5,marginal,A,57,57,3.912645699991117,0.294809307370867,0.2924394011497497,train_pix_recon,0.002369906221117324
shapley-20260606T023438Z-75bc42d5,marginal,A,58,58,3.972081599989906,0.2951275365693228,0.2897427252360752,train_pix_recon,0.0053848113332475855
shapley-20260606T023438Z-75bc42d5,marginal,A,59,59,4.031154799988144,0.2943716389792306,0.2935274626527513,train_pix_recon,0.0008441763264792623
shapley-20260606T023438Z-75bc42d5,marginal,A,60,60,4.097616599989124,0.297030576637813,0.2932034220014299,train_pix_recon,0.003827154636383112
shapley-20260606T023438Z-75bc42d5,marginal,A,61,61,4.164657899986196,0.2974476260798318,0.2946899831295013,train_pix_recon,0.0027576429503304856
shapley-20260606T023438Z-75bc42d5,marginal,A,62,62,4.228974899986497,0.2987424688679831,0.2954102328845432,train_pix_recon,0.003332235983439902
shapley-20260606T023438Z-75bc42d5,marginal,A,63,63,4.2909533999845735,0.3019330629280635,0.3006166177136557,train_pix_recon,0.0013164452144077687
shapley-20260606T023438Z-75bc42d5,marginal,A,64,64,4.350271999985125,0.3021190805094583,0.2998922807829721,train_pix_recon,0.002226799726486206
shapley-20260606T023438Z-75bc42d5,marginal,A,65,65,4.414642699986871,0.3062789142131805,0.3000518083572387,train_pix_recon,0.0062271058559417725
shapley-20260606T023438Z-75bc42d5,marginal,A,66,66,4.478191799986234,0.3094784532274519,0.3044924395424979,train_pix_recon,0.004986013684953994
shapley-20260606T023438Z-75bc42d5,marginal,A,67,67,4.536666199986939,0.309137008019856,0.3029261955193111,train_pix_recon,0.006210812500544893
shapley-20260606T023438Z-75bc42d5,marginal,A,68,68,4.607987999988836,0.3123515674046108,0.3087700179644993,train_pix_recon,0.0035815494401114645
shapley-20260606T023438Z-75bc42d5,marginal,A,69,69,4.670806799989805,0.315972272838865,0.3088905130113874,train_pix_recon,0.007081759827477552
shapley-20260606T023438Z-75bc42d5,marginal,A,70,70,4.731391899989831,0.3152429674352918,0.313270845583507,train_pix_recon,0.0019721218517848027
shapley-20260606T023438Z-75bc42d5,marginal,A,71,71,4.792042599987326,0.3168771096638271,0.3118748111384256,train_pix_recon,0.005002298525401516
shapley-20260606T023438Z-75bc42d5,marginal,A,72,72,4.8516987999901175,0.3247601730482919,0.318206114428384,train_pix_recon,0.006554058619907932
shapley-20260606T023438Z-75bc42d5,marginal,A,73,73,4.914395999992848,0.3247417594705309,0.3182905060904367,train_pix_recon,0.006451253380094224
shapley-20260606T023438Z-75bc42d5,marginal,A,74,74,4.973533699991094,0.3230914047786167,0.3237175558294569,train_pix_recon,-0.0006261510508401846
shapley-20260606T023438Z-75bc42d5,marginal,A,75,75,5.0383595999883255,0.3298708328178951,0.3241090221064431,train_pix_recon,0.005761810711451987
shapley-20260606T023438Z-75bc42d5,marginal,A,76,76,5.100357499988604,0.3288473146302359,0.3284158110618591,train_pix_recon,0.00043150356837684534
shapley-20260606T023438Z-75bc42d5,marginal,A,77,77,5.16025419998914,0.332823634147644,0.3308427887303488,train_pix_recon,0.0019808454172952072
shapley-20260606T023438Z-75bc42d5,marginal,A,78,78,5.223083699991548,0.3356991921152387,0.3309882070337023,train_pix_recon,0.00471098508153639
shapley-20260606T023438Z-75bc42d5,marginal,A,79,79,5.285225399991759,0.3373205832072666,0.3337451645306178,train_pix_recon,0.0035754186766487894
shapley-20260606T023438Z-75bc42d5,marginal,A,80,80,5.344140599991079,0.3364307922976358,0.3317111815725054,train_pix_recon,0.004719610725130385
shapley-20260606T023438Z-75bc42d5,marginal,A,81,81,5.4037287999926775,0.3421348035335541,0.3357935718127659,train_pix_recon,0.006341231720788154
shapley-20260606T023438Z-75bc42d5,marginal,A,82,82,5.466110099994694,0.3440364471503666,0.3351491136210305,train_pix_recon,0.008887333529336072
shapley-20260606T023438Z-75bc42d5,marginal,A,83,83,5.52745569999388,0.3448968529701233,0.3382974096706935,train_pix_recon,0.006599443299429797
shapley-20260606T023438Z-75bc42d5,marginal,A,84,84,5.589985499991599,0.3449479128633226,0.3372927606105804,train_pix_recon,0.0076551522527422144
shapley-20260606T023438Z-75bc42d5,marginal,A,85,85,5.65147879999131,0.3505266777106693,0.3415403834411076,train_pix_recon,0.008986294269561712
shapley-20260606T023438Z-75bc42d5,marginal,A,86,86,5.711905799991655,0.3519440037863595,0.3477061603750501,train_pix_recon,0.004237843411309394
shapley-20260606T023438Z-75bc42d5,marginal,A,87,87,5.772363199994288,0.3595145387308938,0.3442083980355944,train_pix_recon,0.015306140695299397
shapley-20260606T023438Z-75bc42d5,marginal,A,88,88,5.836300899994967,0.3585239606244223,0.3451421856880188,train_pix_recon,0.013381774936403523
shapley-20260606T023438Z-75bc42d5,marginal,A,89,89,5.900251799997932,0.3534271376473563,0.3474898168018886,train_pix_recon,0.005937320845467664
shapley-20260606T023438Z-75bc42d5,marginal,A,90,90,5.969498300000851,0.35636596594538,0.3461775737149374,train_pix_recon,0.0101883922304426
shapley-20260606T023438Z-75bc42d5,marginal,A,91,91,6.034652000002097,0.354410707950592,0.350984581879207,train_pix_recon,0.003426126071384983
shapley-20260606T023438Z-75bc42d5,marginal,A,92,92,6.098433000002842,0.3594364821910858,0.3516345960753305,train_pix_recon,0.00780188611575533
shapley-20260606T023438Z-75bc42d5,marginal,A,93,93,6.165835900003003,0.3532911794526236,0.3537766763142177,train_pix_recon,-0.00048549686159410355
shapley-20260606T023438Z-75bc42d5,marginal,A,94,94,6.23337320000428,0.3647311542715345,0.3582380626882825,train_pix_recon,0.006493091583252009
shapley-20260606T023438Z-75bc42d5,marginal,A,95,95,6.29587580000225,0.3635658579213278,0.3590935255799974,train_pix_recon,0.004472332341330376
shapley-20260606T023438Z-75bc42d5,marginal,A,96,96,6.361959600002592,0.3655757478305271,0.3638942922864641,train_pix_recon,0.0016814555440630152
shapley-20260606T023438Z-75bc42d5,marginal,A,97,97,6.425792000005458,0.3683265021869114,0.3616441062518528,train_pix_recon,0.006682395935058594
shapley-20260606T023438Z-75bc42d5,marginal,A,98,98,6.489713500006474,0.3699018316609518,0.3623361076627459,train_pix_recon,0.007565723998205931
shapley-20260606T023438Z-75bc42d5,marginal,A,99,99,6.562060800006293,0.3692427788461958,0.3716544508934021,train_pix_recon,-0.0024116720472063258
shapley-20260606T023438Z-75bc42d5,marginal,A,100,100,6.629643300006137,0.3817109380449567,0.3716950501714434,train_pix_recon,0.010015887873513318
shapley-20260606T023438Z-75bc42d5,marginal,A,101,101,6.695125600002939,0.3760561602456229,0.3758985868522099,train_pix_recon,0.00015757339341299081
shapley-20260606T023438Z-75bc42d5,marginal,A,102,102,6.757983200001036,0.3743063126291547,0.3718027898243495,train_pix_recon,0.0025035228048052027
shapley-20260606T023438Z-75bc42d5,marginal,A,103,103,6.83378889999949,0.3760167360305786,0.3770870736667088,train_pix_recon,-0.0010703376361301808
shapley-20260606T023438Z-75bc42d5,marginal,A,104,104,6.903882599999633,0.3849811000483377,0.3753319084644317,train_pix_recon,0.00964919158390598
shapley-20260606T023438Z-75bc42d5,marginal,A,105,105,6.969095799999195,0.3838776094572885,0.3811869195529392,train_pix_recon,0.002690689904349286
shapley-20260606T023438Z-75bc42d5,marginal,A,106,106,7.0397082999988925,0.3874716716153281,0.3812140226364136,train_pix_recon,0.0062576489789145096
shapley-20260606T023438Z-75bc42d5,marginal,A,107,107,7.102951999997458,0.3888633378914424,0.3834741881915501,train_pix_recon,0.005389149699892293
shapley-20260606T023438Z-75bc42d5,marginal,A,108,108,7.169896899995365,0.3835413072790418,0.3931802426065717,train_pix_recon,-0.009638935327529907
shapley-20260606T023438Z-75bc42d5,marginal,A,109,109,7.236515899996448,0.3972834859575544,0.3824647750173296,train_pix_recon,0.0148187109402248
shapley-20260606T023438Z-75bc42d5,marginal,A,110,110,7.30230429999574,0.3917332376752581,0.3973419666290283,train_pix_recon,-0.005608728953770237
shapley-20260606T023438Z-75bc42d5,marginal,A,111,111,7.365679099995759,0.3937650067465646,0.3919142867837633,train_pix_recon,0.0018507199628013393
shapley-20260606T023438Z-75bc42d5,marginal,A,112,112,7.431772799995087,0.3959482610225677,0.3951926103660038,train_pix_recon,0.000755650656563911
shapley-20260606T023438Z-75bc42d5,marginal,A,113,113,7.502180699993914,0.4026000670024326,0.3933300077915191,train_pix_recon,0.009270059210913506
shapley-20260606T023438Z-75bc42d5,marginal,A,114,114,7.569864999994024,0.4024367715631212,0.3957727338586534,train_pix_recon,0.0066640377044677734
shapley-20260606T023438Z-75bc42d5,marginal,A,115,115,7.636255999994319,0.4019524199622018,0.4003504770142691,train_pix_recon,0.0016019429479326996
shapley-20260606T023438Z-75bc42d5,marginal,A,116,116,7.699381999991601,0.4049432277679443,0.4048317628247397,train_pix_recon,0.00011146494320457556
shapley-20260606T023438Z-75bc42d5,marginal,A,117,117,7.762126899990108,0.4010484176022665,0.4067421768392835,train_pix_recon,-0.005693759237016982
shapley-20260606T023438Z-75bc42d5,marginal,A,118,118,7.824965499992686,0.4132181107997894,0.4029936407293592,train_pix_recon,0.010224470070430147
shapley-20260606T023438Z-75bc42d5,marginal,A,119,119,7.887254299992492,0.4091722241469792,0.4086486228874751,train_pix_recon,0.0005236012595040695
shapley-20260606T023438Z-75bc42d5,marginal,A,120,120,7.953642699991178,0.4189017755644662,0.422363953930991,train_pix_recon,-0.003462178366524793
shapley-20260606T023438Z-75bc42d5,marginal,A,121,121,8.016569199990045,0.4164884388446808,0.4063604516642434,train_pix_recon,0.010127987180437392
shapley-20260606T023438Z-75bc42d5,marginal,A,122,122,8.090061499991862,0.4201132953166961,0.4233339471476419,train_pix_recon,-0.0032206518309457755
shapley-20260606T023438Z-75bc42d5,marginal,A,123,123,8.156423699991137,0.4296865463256836,0.42833383168493,train_pix_recon,0.001352714640753594
shapley-20260606T023438Z-75bc42d5,marginal,A,124,124,8.225520899992262,0.4231837264129093,0.4261819975716727,train_pix_recon,-0.002998271158763388
shapley-20260606T023438Z-75bc42d5,marginal,A,125,125,8.29514799999015,0.4315882282597678,0.440460136958531,train_pix_recon,-0.008871908698763198
shapley-20260606T023438Z-75bc42d5,marginal,A,126,126,8.36668839999038,0.4336244804518563,0.4354898333549499,train_pix_recon,-0.0018653529030935867
shapley-20260606T023438Z-75bc42d5,marginal,A,127,127,8.429684099988663,0.4316548066479819,0.4240478788103376,train_pix_recon,0.007606927837644273
shapley-20260606T023438Z-75bc42d5,marginal,A,128,128,8.49654299998656,0.4185015644345964,0.4375713510172708,train_pix_recon,-0.019069786582674386
shapley-20260606T023438Z-75bc42d5,marginal,A,129,129,8.563929499985534,0.431684958083289,0.4188401145594461,train_pix_recon,0.012844843523842908
shapley-20260606T023438Z-75bc42d5,marginal,A,130,130,8.629902299984678,0.4147899661745344,0.428925552538463,train_pix_recon,-0.014135586363928587
shapley-20260606T023438Z-75bc42d5,marginal,A,131,131,8.693252499986556,0.4422031044960022,0.4219123337950025,train_pix_recon,0.020290770700999716
shapley-20260606T023438Z-75bc42d5,marginal,A,132,132,8.779879299989261,0.4158081071717398,0.4232607569013323,train_pix_recon,-0.007452649729592475
shapley-20260606T023438Z-75bc42d5,marginal,A,133,133,8.876578499988682,0.4269725041730063,0.4206282922199794,train_pix_recon,0.006344211953026924
shapley-20260606T023438Z-75bc42d5,marginal,A,134,134,8.970024299989745,0.4264807147639138,0.4269727979387556,train_pix_recon,-0.0004920831748417842
shapley-20260606T023438Z-75bc42d5,marginal,A,135,135,9.06360849998964,0.4234847043241773,0.408155083656311,train_pix_recon,0.015329620667866306
shapley-20260606T023438Z-75bc42d5,marginal,A,136,136,9.13701429998764,0.4326827526092529,0.4259729257651737,train_pix_recon,0.00670982684407917
shapley-20260606T023438Z-75bc42d5,marginal,A,137,137,9.20824859998902,0.4160453634602682,0.4236356999192919,train_pix_recon,-0.007590336459023683
shapley-20260606T023438Z-75bc42d5,marginal,A,138,138,9.279958399987663,0.4302175768784114,0.4077143030507223,train_pix_recon,0.022503273827689074
shapley-20260606T023438Z-75bc42d5,marginal,A,139,139,9.343605199988817,0.4179603542600359,0.4099667498043605,train_pix_recon,0.00799360445567543
shapley-20260606T023438Z-75bc42d5,marginal,A,140,140,9.41358419998869,0.4238995952265603,0.4174932071140834,train_pix_recon,0.006406388112476902
shapley-20260606T023438Z-75bc42d5,marginal,A,141,141,9.48141319998831,0.4183207324572972,0.4089554463114057,train_pix_recon,0.009365286145891494
shapley-20260606T023438Z-75bc42d5,marginal,A,142,142,9.546817399990688,0.4136298341410501,0.4151877973760877,train_pix_recon,-0.001557963235037596
shapley-20260606T023438Z-75bc42d5,marginal,A,143,143,9.612175199992636,0.421081747327532,0.4170759533132825,train_pix_recon,0.0040057940142494974
shapley-20260606T023438Z-75bc42d5,marginal,A,144,144,9.678200599995762,0.4108306297234126,0.4085881497178759,train_pix_recon,0.002242480005536729
shapley-20260606T023438Z-75bc42d5,marginal,A,145,145,9.744749499994214,0.4124532512256077,0.4126831207956586,train_pix_recon,-0.00022986957005088904
shapley-20260606T023438Z-75bc42d5,marginal,A,146,146,9.81292069999472,0.4207682226385389,0.408473504441125,train_pix_recon,0.0122947181974139
shapley-20260606T023438Z-75bc42d5,marginal,A,147,147,9.884022899994306,0.4197162389755249,0.4141862818173,train_pix_recon,0.005529957158224907
shapley-20260606T023438Z-75bc42d5,marginal,A,148,148,9.95547369999258,0.4080197215080261,0.4068913970674787,train_pix_recon,0.0011283244405474457
shapley-20260606T023438Z-75bc42d5,marginal,A,149,149,10.022749499992642,0.4215710205691201,0.4114815294742584,train_pix_recon,0.01008949109486168
shapley-20260606T023438Z-75bc42d5,marginal,A,150,150,10.08898639999461,0.4157802207129342,0.4065284047807966,train_pix_recon,0.009251815932137586
shapley-20260606T023438Z-75bc42d5,marginal,A,151,151,10.155264099994383,0.4200278435434614,0.4030350659574781,train_pix_recon,0.016992777585983276
shapley-20260606T023438Z-75bc42d5,marginal,A,152,152,10.218752599994332,0.4134915343352726,0.420025885105133,train_pix_recon,-0.00653435076986042
shapley-20260606T023438Z-75bc42d5,marginal,A,153,153,10.288161199994647,0.4075441828795841,0.4146049533571516,train_pix_recon,-0.0070607704775674796
shapley-20260606T023438Z-75bc42d5,marginal,A,154,154,10.35683049999716,0.4186432106154306,0.3937244798455919,train_pix_recon,0.024918730769838693
shapley-20260606T023438Z-75bc42d5,marginal,A,155,155,10.419562599996423,0.4132603321756635,0.4149131221430642,train_pix_recon,-0.001652789967400703
shapley-20260606T023438Z-75bc42d5,marginal,A,156,156,10.487565699993866,0.4098360368183681,0.4077136133398328,train_pix_recon,0.002122423478535307
shapley-20260606T023438Z-75bc42d5,marginal,A,157,157,10.556336899993768,0.4189569779804775,0.407272960458483,train_pix_recon,0.011684017521994494
shapley-20260606T023438Z-75bc42d5,marginal,A,158,158,10.622248399995442,0.4232067550931658,0.409360579081944,train_pix_recon,0.013846176011221789
shapley-20260606T023438Z-75bc42d5,marginal,A,159,159,10.69043309999688,0.4075268294130053,0.4130505664008004,train_pix_recon,-0.005523736987795125
shapley-20260606T023438Z-75bc42d5,marginal,A,160,160,10.754831299997022,0.4229696137564523,0.4059458247252873,train_pix_recon,0.017023789031165026
shapley-20260606T023438Z-75bc42d5,marginal,A,161,161,10.818228199997977,0.4117101601191929,0.3991072859082903,train_pix_recon,0.012602874210902615
shapley-20260606T023438Z-75bc42d5,marginal,A,162,162,10.881801199997426,0.4051513501576015,0.4139161493097033,train_pix_recon,-0.008764799152101765
shapley-20260606T023438Z-75bc42d5,marginal,A,163,163,10.945231699999567,0.4170021840504238,0.4134219118527004,train_pix_recon,0.0035802721977233887
shapley-20260606T023438Z-75bc42d5,marginal,A,164,164,11.010668499999156,0.4156693943909236,0.4050963819026947,train_pix_recon,0.010573012488228895
shapley-20260606T023438Z-75bc42d5,marginal,A,165,165,11.077230200000486,0.4059804252215794,0.4025881333010537,train_pix_recon,0.003392291920525703
shapley-20260606T023438Z-75bc42d5,marginal,A,166,166,11.143126000002669,0.4218020822320665,0.4012528317315237,train_pix_recon,0.020549250500542793
shapley-20260606T023438Z-75bc42d5,marginal,A,167,167,11.20835740000257,0.4110200319971357,0.4096385070255824,train_pix_recon,0.0013815249715533051
shapley-20260606T023438Z-75bc42d5,marginal,A,168,168,11.27992190000441,0.4114871195384434,0.4070109214101519,train_pix_recon,0.004476198128291531
shapley-20260606T023438Z-75bc42d5,marginal,A,169,169,11.344600800002809,0.4173706003597804,0.4034443455083029,train_pix_recon,0.013926254851477526
shapley-20260606T023438Z-75bc42d5,marginal,A,170,170,11.408863700002255,0.4127576436315264,0.4095484401498522,train_pix_recon,0.0032092034816741943
shapley-20260606T023438Z-75bc42d5,marginal,A,171,171,11.47228240000186,0.3945205807685852,0.4058417209557124,train_pix_recon,-0.01132114018712721
shapley-20260606T023438Z-75bc42d5,marginal,A,172,172,11.542036700000608,0.4086568142686571,0.402739656823022,train_pix_recon,0.005917157445635091
shapley-20260606T023438Z-75bc42d5,marginal,A,173,173,11.608964500002912,0.4176346872534071,0.4082031207425253,train_pix_recon,0.009431566510881784
shapley-20260606T023438Z-75bc42d5,marginal,A,174,174,11.679085400002805,0.4082825779914856,0.4104889248098646,train_pix_recon,-0.0022063468183790014
shapley-20260606T023438Z-75bc42d5,marginal,A,175,175,11.743911500005195,0.408878036907741,0.4016436338424682,train_pix_recon,0.0072344030652727875
shapley-20260606T023438Z-75bc42d5,marginal,A,176,176,11.81215510000402,0.4054913180215018,0.4045746411596025,train_pix_recon,0.0009166768618992793
shapley-20260606T023438Z-75bc42d5,marginal,A,177,177,11.87851550000414,0.4080978078501565,0.4147970165525164,train_pix_recon,-0.0066992087023599045
shapley-20260606T023438Z-75bc42d5,marginal,A,178,178,11.941946000002645,0.4041000264031546,0.4009833335876465,train_pix_recon,0.0031166928155081375
shapley-20260606T023438Z-75bc42d5,marginal,A,179,179,12.008899700002075,0.4104362428188324,0.3979756704398564,train_pix_recon,0.01246057237897602
shapley-20260606T023438Z-75bc42d5,marginal,A,180,180,12.072071500002494,0.4053617673260825,0.3977003906454359,train_pix_recon,0.007661376680646592
shapley-20260606T023438Z-75bc42d5,marginal,A,181,181,12.13444150000214,0.4143614087785993,0.4159936990056719,train_pix_recon,-0.0016322902270726192
shapley-20260606T023438Z-75bc42d5,marginal,A,182,182,12.200040600000648,0.4089596697262355,0.4066439058099474,train_pix_recon,0.0023157639162880717
shapley-20260606T023438Z-75bc42d5,marginal,A,183,183,12.26281690000178,0.4074519106319972,0.4085746535233089,train_pix_recon,-0.001122742891311701
shapley-20260606T023438Z-75bc42d5,marginal,A,184,184,12.327979200003028,0.4107231072017124,0.3968243215765272,train_pix_recon,0.013898785625185206
shapley-20260606T023438Z-75bc42d5,marginal,A,185,185,12.390810700002476,0.4084412029811314,0.3992243622030531,train_pix_recon,0.009216840778078328
shapley-20260606T023438Z-75bc42d5,marginal,A,186,186,12.456032900005084,0.4000304852213178,0.4058242014476231,train_pix_recon,-0.005793716226305312
shapley-20260606T023438Z-75bc42d5,marginal,A,187,187,12.520280500004446,0.4012700234140668,0.4078741754804338,train_pix_recon,-0.006604152066366997
shapley-20260606T023438Z-75bc42d5,marginal,A,188,188,12.583757700005664,0.40697181224823,0.4069901534489223,train_pix_recon,-1.834120069232892e-05
shapley-20260606T023438Z-75bc42d5,marginal,A,189,189,12.64682160000666,0.4112767023699624,0.4050670564174652,train_pix_recon,0.006209645952497178
shapley-20260606T023438Z-75bc42d5,marginal,A,190,190,12.713489900008426,0.4087439264569963,0.4060524446623666,train_pix_recon,0.002691481794629691
shapley-20260606T023438Z-75bc42d5,marginal,A,191,191,12.775788000006289,0.4013351116861616,0.4100667025361742,train_pix_recon,-0.008731590850012627
shapley-20260606T023438Z-75bc42d5,marginal,A,192,192,12.845609400006651,0.4058494653020586,0.4018306050981794,train_pix_recon,0.004018860203879204
shapley-20260606T023438Z-75bc42d5,marginal,A,193,193,12.917860300007304,0.4026371879237039,0.4024855877671923,train_pix_recon,0.00015160015651161096
shapley-20260606T023438Z-75bc42d5,marginal,A,194,194,12.988470900007089,0.4084547885826656,0.3975673105035509,train_pix_recon,0.01088747807911472
shapley-20260606T023438Z-75bc42d5,marginal,A,195,195,13.055337100009638,0.4051920729024069,0.4107468255928584,train_pix_recon,-0.005554752690451525
shapley-20260606T023438Z-75bc42d5,marginal,A,196,196,13.119011000009776,0.4052645947252001,0.4110176989010402,train_pix_recon,-0.005753104175840074
shapley-20260606T023438Z-75bc42d5,marginal,A,197,197,13.18662220000988,0.4078879313809531,0.4062903991767338,train_pix_recon,0.0015975322042192652
shapley-20260606T023438Z-75bc42d5,marginal,A,198,198,13.259257100009563,0.4091057436806815,0.403205794947488,train_pix_recon,0.005899948733193494
shapley-20260606T023438Z-75bc42d5,marginal,A,199,199,13.327880000008008,0.4029069287436349,0.4041948659079415,train_pix_recon,-0.0012879371643066406
shapley-20260606T023503Z-2cde927b,conditional,A,0,0,0.2518338000008953,0.9816663180078778,0.971651920250484,train_pix_recon,0.010014397757393878
shapley-20260606T023503Z-2cde927b,conditional,A,1,1,0.3127811000013025,0.7874180930001395,0.7956973654883248,train_pix_recon,-0.008279272488185274
shapley-20260606T023503Z-2cde927b,conditional,A,2,2,0.3739362000014807,0.6304795231137957,0.6409407768930707,train_pix_recon,-0.010461253779274982
shapley-20260606T023503Z-2cde927b,conditional,A,3,3,0.4343902000036905,0.5433621491704669,0.5622591376304626,train_pix_recon,-0.018896988459995767
shapley-20260606T023503Z-2cde927b,conditional,A,4,4,0.4933426000025065,0.4819473241056715,0.5065883994102478,train_pix_recon,-0.02464107530457632
shapley-20260606T023503Z-2cde927b,conditional,A,5,5,0.553235900002619,0.4414134153297969,0.4712009983403342,train_pix_recon,-0.0297875830105373
shapley-20260606T023503Z-2cde927b,conditional,A,6,6,0.6126764000036928,0.4099996473108019,0.4328192429883139,train_pix_recon,-0.022819595677512017
shapley-20260606T023503Z-2cde927b,conditional,A,7,7,0.675039800004015,0.3835635909012386,0.4033242123467581,train_pix_recon,-0.01976062144551949
shapley-20260606T023503Z-2cde927b,conditional,A,8,8,0.7346894000038446,0.3653785799230848,0.3778634795120784,train_pix_recon,-0.01248489958899357
shapley-20260606T023503Z-2cde927b,conditional,A,9,9,0.7950014000052761,0.3476130877222333,0.3558406787259238,train_pix_recon,-0.008227591003690471
shapley-20260606T023503Z-2cde927b,conditional,A,10,10,0.8547054000046046,0.3332398065498897,0.3390671525682722,train_pix_recon,-0.005827346018382473
shapley-20260606T023503Z-2cde927b,conditional,A,11,11,0.918080600004032,0.3224464697497232,0.3241820675986154,train_pix_recon,-0.001735597848892212
shapley-20260606T023503Z-2cde927b,conditional,A,12,12,0.9803964000057022,0.3228471577167511,0.3238923507077353,train_pix_recon,-0.0010451929909842117
shapley-20260606T023503Z-2cde927b,conditional,A,13,13,1.0396900000087044,0.3195470826966421,0.3175013363361358,train_pix_recon,0.0020457463605063064
shapley-20260606T023503Z-2cde927b,conditional,A,14,14,1.1031696000063675,0.3005769806248801,0.3028702735900879,train_pix_recon,-0.002293292965207805
shapley-20260606T023503Z-2cde927b,conditional,A,15,15,1.1668017000047255,0.2927332861082894,0.2923846117087773,train_pix_recon,0.00034867439951213886
shapley-20260606T023503Z-2cde927b,conditional,A,16,16,1.2284721000032732,0.2892388701438904,0.289442424263273,train_pix_recon,-0.0002035541193826096
shapley-20260606T023503Z-2cde927b,conditional,A,17,17,1.2908137000013085,0.2929019331932068,0.2925105009760175,train_pix_recon,0.00039143221718929144
shapley-20260606T023503Z-2cde927b,conditional,A,18,18,1.3524651000006995,0.2812322974205017,0.2798497591699873,train_pix_recon,0.0013825382505144312
shapley-20260606T023503Z-2cde927b,conditional,A,19,19,1.41603749999922,0.2740512958594731,0.2697626437459673,train_pix_recon,0.004288652113505764
shapley-20260606T023503Z-2cde927b,conditional,A,20,20,1.479181200000312,0.2702038373265947,0.2688045416559492,train_pix_recon,0.0013992956706455062
shapley-20260606T023503Z-2cde927b,conditional,A,21,21,1.5424242000008237,0.275548164333616,0.2743192996297564,train_pix_recon,0.0012288647038596334
shapley-20260606T023503Z-2cde927b,conditional,A,22,22,1.6036840999986453,0.2746127332959856,0.267452848809106,train_pix_recon,0.0071598844868795974
shapley-20260606T023503Z-2cde927b,conditional,A,23,23,1.6636953999986872,0.2665492168494633,0.2622304729052952,train_pix_recon,0.004318743944168091
shapley-20260606T023503Z-2cde927b,conditional,A,24,24,1.726480299996183,0.2660398738724844,0.2622900690351213,train_pix_recon,0.003749804837363091
shapley-20260606T023503Z-2cde927b,conditional,A,25,25,1.7880204999964917,0.2623178703444345,0.2658487473215375,train_pix_recon,-0.0035308769771030257
shapley-20260606T023503Z-2cde927b,conditional,A,26,26,1.84737309999764,0.2585899191243307,0.2582564737115587,train_pix_recon,0.00033344541277202655
shapley-20260606T023503Z-2cde927b,conditional,A,27,27,1.9107148999974013,0.2612208766596658,0.2629307210445404,train_pix_recon,-0.0017098443848745926
shapley-20260606T023503Z-2cde927b,conditional,A,28,28,1.9758479999982228,0.2598386470760618,0.2621673813888004,train_pix_recon,-0.0023287343127386118
shapley-20260606T023503Z-2cde927b,conditional,A,29,29,2.036172299998725,0.2591587432793208,0.2585293522902897,train_pix_recon,0.0006293909890310867
shapley-20260606T023503Z-2cde927b,conditional,A,30,30,2.0993248999984644,0.2609709543841226,0.2612313841070448,train_pix_recon,-0.00026042972292217303
shapley-20260606T023503Z-2cde927b,conditional,A,31,31,2.163080499998614,0.2639163136482239,0.2584267130919865,train_pix_recon,0.005489600556237373
shapley-20260606T023503Z-2cde927b,conditional,A,32,32,2.2256631999989622,0.2616131326981953,0.2555692323616573,train_pix_recon,0.006043900336538011
shapley-20260606T023503Z-2cde927b,conditional,A,33,33,2.28877079999802,0.2645890074116843,0.2601944719042097,train_pix_recon,0.004394535507474595
shapley-20260606T023503Z-2cde927b,conditional,A,34,34,2.35054389999641,0.2625142463615962,0.2612894134862082,train_pix_recon,0.0012248328753879933
shapley-20260606T023503Z-2cde927b,conditional,A,35,35,2.41330499999458,0.2621575721672603,0.2607744804450443,train_pix_recon,0.0013830917222160122
shapley-20260606T023503Z-2cde927b,conditional,A,36,36,2.478802599995106,0.2635911958558218,0.2608233264514378,train_pix_recon,0.0027678694043840046
shapley-20260606T023503Z-2cde927b,conditional,A,37,37,2.5395301999960798,0.2647720617907388,0.2604723998478481,train_pix_recon,0.00429966194289072
shapley-20260606T023503Z-2cde927b,conditional,A,38,38,2.599032999994961,0.266993761062622,0.2645358443260193,train_pix_recon,0.0024579167366027277
shapley-20260606T023503Z-2cde927b,conditional,A,39,39,2.661678699994809,0.2642220173563276,0.2628550274031503,train_pix_recon,0.0013669899531773
shapley-20260606T023503Z-2cde927b,conditional,A,40,40,2.726578599995264,0.2702287307807377,0.2662622928619385,train_pix_recon,0.003966437918799248
shapley-20260606T023503Z-2cde927b,conditional,A,41,41,2.7904055999970296,0.2652842445032937,0.2667385382311685,train_pix_recon,-0.0014542937278748114
shapley-20260606T023503Z-2cde927b,conditional,A,42,42,2.8538471999963804,0.2730316775185721,0.2656140625476837,train_pix_recon,0.0074176149708883865
shapley-20260606T023503Z-2cde927b,conditional,A,43,43,2.920804599994881,0.2740898217473711,0.2627300832952772,train_pix_recon,0.011359738452093926
shapley-20260606T023503Z-2cde927b,conditional,A,44,44,2.983382899994467,0.2737967840262821,0.2686894110270909,train_pix_recon,0.005107372999191229
shapley-20260606T023503Z-2cde927b,conditional,A,45,45,3.046140699992975,0.2712371604783194,0.2669866851397923,train_pix_recon,0.0042504753385271266
shapley-20260606T023503Z-2cde927b,conditional,A,46,46,3.108652299993992,0.2751802674361637,0.271733100925173,train_pix_recon,0.0034471665109906957
shapley-20260606T023503Z-2cde927b,conditional,A,47,47,3.176811599994835,0.2764611414500645,0.2692125993115561,train_pix_recon,0.007248542138508396
shapley-20260606T023503Z-2cde927b,conditional,A,48,48,3.235571599994728,0.2775097233908517,0.2740961568696158,train_pix_recon,0.0034135665212359223
shapley-20260606T023503Z-2cde927b,conditional,A,49,49,3.29663229999278,0.2813416251114436,0.2730939260550907,train_pix_recon,0.00824769905635292
shapley-20260606T023503Z-2cde927b,conditional,A,50,50,3.3585345999927085,0.2836848327091762,0.2740675296102251,train_pix_recon,0.009617303098951091
shapley-20260606T023503Z-2cde927b,conditional,A,51,51,3.4224002999908407,0.2847999547209058,0.27202969789505,train_pix_recon,0.012770256825855808
shapley-20260606T023503Z-2cde927b,conditional,A,52,52,3.485856299990701,0.2850523974214281,0.2817391327449253,train_pix_recon,0.003313264676502836
shapley-20260606T023503Z-2cde927b,conditional,A,53,53,3.547641899989685,0.288742687020983,0.2795579007693699,train_pix_recon,0.009184786251613064
shapley-20260606T023503Z-2cde927b,conditional,A,54,54,3.6108033999917097,0.2867332228592464,0.2829273768833705,train_pix_recon,0.00380584597587591
shapley-20260606T023503Z-2cde927b,conditional,A,55,55,3.673937299990939,0.2882608601025173,0.2852527073451451,train_pix_recon,0.0030081527573722067
shapley-20260606T023503Z-2cde927b,conditional,A,56,56,3.734663499992166,0.2884198682648795,0.2867425935609,train_pix_recon,0.0016772747039794922
shapley-20260606T023503Z-2cde927b,conditional,A,57,57,3.8008792999899015,0.2881473728588649,0.2924394011497497,train_pix_recon,-0.0042920282908848195
shapley-20260606T023503Z-2cde927b,conditional,A,58,58,3.8640328999899793,0.2902589397771017,0.2897427252360752,train_pix_recon,0.0005162145410265162
shapley-20260606T023503Z-2cde927b,conditional,A,59,59,3.9266077999891422,0.29136837380273,0.2935274626527513,train_pix_recon,-0.002159088850021307
shapley-20260606T023503Z-2cde927b,conditional,A,60,60,3.9906286999867007,0.2945760701383863,0.2932034220014299,train_pix_recon,0.0013726481369564225
shapley-20260606T023503Z-2cde927b,conditional,A,61,61,4.053541899986158,0.3001418198857988,0.2946899831295013,train_pix_recon,0.005451836756297512
shapley-20260606T023503Z-2cde927b,conditional,A,62,62,4.112578299984307,0.3014588270868574,0.2954102328845432,train_pix_recon,0.006048594202314184
shapley-20260606T023503Z-2cde927b,conditional,A,63,63,4.171321399982844,0.2993730860097067,0.3006166177136557,train_pix_recon,-0.0012435317039490301
shapley-20260606T023503Z-2cde927b,conditional,A,64,64,4.230492999980925,0.3033546337059566,0.2998922807829721,train_pix_recon,0.003462352922984524
shapley-20260606T023503Z-2cde927b,conditional,A,65,65,4.288911899981031,0.3027536613600595,0.3000518083572387,train_pix_recon,0.0027018530028207755
shapley-20260606T023503Z-2cde927b,conditional,A,66,66,4.35243139998056,0.308544043983732,0.3044924395424979,train_pix_recon,0.004051604441234091
shapley-20260606T023503Z-2cde927b,conditional,A,67,67,4.410969599983218,0.3115128321307046,0.3029261955193111,train_pix_recon,0.008586636611393472
shapley-20260606T023503Z-2cde927b,conditional,A,68,68,4.4757806999805325,0.3128879496029445,0.3087700179644993,train_pix_recon,0.004117931638445205
shapley-20260606T023503Z-2cde927b,conditional,A,69,69,4.53882419997899,0.3193148630005972,0.3088905130113874,train_pix_recon,0.010424349989209769
shapley-20260606T023503Z-2cde927b,conditional,A,70,70,4.59853259997908,0.3183546619755881,0.313270845583507,train_pix_recon,0.005083816392081109
shapley-20260606T023503Z-2cde927b,conditional,A,71,71,4.658080199980759,0.3178810392107282,0.3118748111384256,train_pix_recon,0.006006228072302611
shapley-20260606T023503Z-2cde927b,conditional,A,72,72,4.719722099980572,0.3187189783368792,0.318206114428384,train_pix_recon,0.000512863908495198
shapley-20260606T023503Z-2cde927b,conditional,A,73,73,4.779174099981901,0.3236302009650639,0.3182905060904367,train_pix_recon,0.00533969487462721
shapley-20260606T023503Z-2cde927b,conditional,A,74,74,4.842664199979481,0.3278690235955374,0.3237175558294569,train_pix_recon,0.004151467766080497
shapley-20260606T023503Z-2cde927b,conditional,A,75,75,4.908686499980831,0.3257808174405779,0.3241090221064431,train_pix_recon,0.0016717953341348069
shapley-20260606T023503Z-2cde927b,conditional,A,76,76,4.97139099998094,0.3263336675507681,0.3284158110618591,train_pix_recon,-0.0020821435110909836
shapley-20260606T023503Z-2cde927b,conditional,A,77,77,5.032632999980706,0.3239520064422062,0.3308427887303488,train_pix_recon,-0.006890782288142605
shapley-20260606T023503Z-2cde927b,conditional,A,78,78,5.09138719998009,0.3310513283525194,0.3309882070337023,train_pix_recon,6.312131881708316e-05
shapley-20260606T023503Z-2cde927b,conditional,A,79,79,5.151531599982263,0.3308863937854767,0.3337451645306178,train_pix_recon,-0.002858770745141126
shapley-20260606T023503Z-2cde927b,conditional,A,80,80,5.210730399983731,0.3324310822146279,0.3317111815725054,train_pix_recon,0.0007199006421225174
shapley-20260606T023503Z-2cde927b,conditional,A,81,81,5.269736699985515,0.3312104557241712,0.3357935718127659,train_pix_recon,-0.004583116088594741
shapley-20260606T023503Z-2cde927b,conditional,A,82,82,5.334483899983752,0.3424556595938546,0.3351491136210305,train_pix_recon,0.007306545972824097
shapley-20260606T023503Z-2cde927b,conditional,A,83,83,5.394866699985869,0.3427227437496185,0.3382974096706935,train_pix_recon,0.004425334078924981
shapley-20260606T023503Z-2cde927b,conditional,A,84,84,5.458041799985949,0.339273418698992,0.3372927606105804,train_pix_recon,0.0019806580884116354
shapley-20260606T023503Z-2cde927b,conditional,A,85,85,5.518002299984801,0.345717613186155,0.3415403834411076,train_pix_recon,0.004177229745047417
shapley-20260606T023503Z-2cde927b,conditional,A,86,86,5.576550999983738,0.3514834174088069,0.3477061603750501,train_pix_recon,0.003777257033756809
shapley-20260606T023503Z-2cde927b,conditional,A,87,87,5.639481999984128,0.3503297099045345,0.3442083980355944,train_pix_recon,0.006121311868940105
shapley-20260606T023503Z-2cde927b,conditional,A,88,88,5.700722399986262,0.3524522951671055,0.3451421856880188,train_pix_recon,0.007310109479086724
shapley-20260606T023503Z-2cde927b,conditional,A,89,89,5.7602820999854885,0.3522336993898664,0.3474898168018886,train_pix_recon,0.004743882587977755
shapley-20260606T023503Z-2cde927b,conditional,A,90,90,5.833387599985144,0.3577899166515895,0.3461775737149374,train_pix_recon,0.011612342936652087
shapley-20260606T023503Z-2cde927b,conditional,A,91,91,5.896831899986864,0.3525829613208771,0.350984581879207,train_pix_recon,0.0015983794416700725
shapley-20260606T023503Z-2cde927b,conditional,A,92,92,5.9647015999871655,0.3510389370577676,0.3516345960753305,train_pix_recon,-0.0005956590175628662
shapley-20260606T023503Z-2cde927b,conditional,A,93,93,6.033935599985853,0.3574373551777431,0.3537766763142177,train_pix_recon,0.0036606788635253906
shapley-20260606T023503Z-2cde927b,conditional,A,94,94,6.097917399987637,0.3604783117771148,0.3582380626882825,train_pix_recon,0.0022402490888323023
shapley-20260606T023503Z-2cde927b,conditional,A,95,95,6.166443799986155,0.3533207390989576,0.3590935255799974,train_pix_recon,-0.005772786481039793
shapley-20260606T023503Z-2cde927b,conditional,A,96,96,6.229278099988733,0.3589751039232526,0.3638942922864641,train_pix_recon,-0.00491918836321148
shapley-20260606T023503Z-2cde927b,conditional,A,97,97,6.2942822999903,0.3679540881088802,0.3616441062518528,train_pix_recon,0.0063099818570274135
shapley-20260606T023503Z-2cde927b,conditional,A,98,98,6.360392199989292,0.3652409783431461,0.3623361076627459,train_pix_recon,0.00290487068040024
shapley-20260606T023503Z-2cde927b,conditional,A,99,99,6.425202599988552,0.3716572991439274,0.3716544508934021,train_pix_recon,2.848250525322449e-06
shapley-20260606T023503Z-2cde927b,conditional,A,100,100,6.493014499988931,0.3718358107975551,0.3716950501714434,train_pix_recon,0.00014076062611173557
shapley-20260606T023503Z-2cde927b,conditional,A,101,101,6.561856299987994,0.3679545095988682,0.3758985868522099,train_pix_recon,-0.007944077253341675
shapley-20260606T023503Z-2cde927b,conditional,A,102,102,6.628119099990727,0.3732162714004516,0.3718027898243495,train_pix_recon,0.0014134815761021047
shapley-20260606T023503Z-2cde927b,conditional,A,103,103,6.695479999991221,0.3784597601209368,0.3770870736667088,train_pix_recon,0.0013726864542280004
shapley-20260606T023503Z-2cde927b,conditional,A,104,104,6.763188599994464,0.3728890759604318,0.3753319084644317,train_pix_recon,-0.0024428325039999033
shapley-20260606T023503Z-2cde927b,conditional,A,105,105,6.828055099991616,0.38860627583095,0.3811869195529392,train_pix_recon,0.007419356278010769
shapley-20260606T023503Z-2cde927b,conditional,A,106,106,6.890470799989998,0.3786808805806296,0.3812140226364136,train_pix_recon,-0.0025331420557839768
shapley-20260606T023503Z-2cde927b,conditional,A,107,107,6.962305999990349,0.38404096024377,0.3834741881915501,train_pix_recon,0.0005667720522198882
shapley-20260606T023503Z-2cde927b,conditional,A,108,108,7.032466499989823,0.3968002711023603,0.3931802426065717,train_pix_recon,0.0036200284957886297
shapley-20260606T023503Z-2cde927b,conditional,A,109,109,7.098866899988934,0.384279727935791,0.3824647750173296,train_pix_recon,0.0018149529184613988
shapley-20260606T023503Z-2cde927b,conditional,A,110,110,7.162286199985829,0.3837982075554983,0.3973419666290283,train_pix_recon,-0.013543759073530004
shapley-20260606T023503Z-2cde927b,conditional,A,111,111,7.227053899987368,0.3911367101328714,0.3919142867837633,train_pix_recon,-0.000777576650891898
shapley-20260606T023503Z-2cde927b,conditional,A,112,112,7.292135399984545,0.3962476296084268,0.3951926103660038,train_pix_recon,0.0010550192424230165
shapley-20260606T023503Z-2cde927b,conditional,A,113,113,7.363675299984607,0.4036663259778704,0.3933300077915191,train_pix_recon,0.010336318186351279
shapley-20260606T023503Z-2cde927b,conditional,A,114,114,7.430835199982539,0.3962154431002481,0.3957727338586534,train_pix_recon,0.0004427092415946743
shapley-20260606T023503Z-2cde927b,conditional,A,115,115,7.493830599982175,0.4070745238236019,0.4003504770142691,train_pix_recon,0.006724046809332751
shapley-20260606T023503Z-2cde927b,conditional,A,116,116,7.559691999984352,0.4071750385420663,0.4048317628247397,train_pix_recon,0.0023432757173266205
shapley-20260606T023503Z-2cde927b,conditional,A,117,117,7.628818699984549,0.4013819396495819,0.4067421768392835,train_pix_recon,-0.005360237189701578
shapley-20260606T023503Z-2cde927b,conditional,A,118,118,7.696527299984154,0.4178675753729684,0.4029936407293592,train_pix_recon,0.014873934643609199
shapley-20260606T023503Z-2cde927b,conditional,A,119,119,7.768088499982696,0.4067387836320059,0.4086486228874751,train_pix_recon,-0.0019098392554692256
shapley-20260606T023503Z-2cde927b,conditional,A,120,120,7.835676999984571,0.4116761982440948,0.422363953930991,train_pix_recon,-0.010687755686896228
shapley-20260606T023503Z-2cde927b,conditional,A,121,121,7.898744599984639,0.4223942799227578,0.4063604516642434,train_pix_recon,0.016033828258514404
shapley-20260606T023503Z-2cde927b,conditional,A,122,122,7.967652699982864,0.4191034606524876,0.4233339471476419,train_pix_recon,-0.004230486495154284
shapley-20260606T023503Z-2cde927b,conditional,A,123,123,8.03216539998175,0.4234582185745239,0.42833383168493,train_pix_recon,-0.004875613110406074
shapley-20260606T023503Z-2cde927b,conditional,A,124,124,8.095706099982635,0.4198143397058759,0.4261819975716727,train_pix_recon,-0.006367657865796794
shapley-20260606T023503Z-2cde927b,conditional,A,125,125,8.164280699980736,0.4398972732680185,0.440460136958531,train_pix_recon,-0.0005628636905125051
shapley-20260606T023503Z-2cde927b,conditional,A,126,126,8.230553099983808,0.4181318581104278,0.4354898333549499,train_pix_recon,-0.017357975244522095
shapley-20260606T023503Z-2cde927b,conditional,A,127,127,8.29438459998346,0.43260914513043,0.4240478788103376,train_pix_recon,0.008561266320092353
shapley-20260606T023503Z-2cde927b,conditional,A,128,128,8.363481899985345,0.4294072049004691,0.4375713510172708,train_pix_recon,-0.008164146116801718
shapley-20260606T023503Z-2cde927b,conditional,A,129,129,8.434181499986153,0.4283161078180585,0.4188401145594461,train_pix_recon,0.009475993258612425
shapley-20260606T023503Z-2cde927b,conditional,A,130,130,8.50339899998653,0.4321462001119341,0.428925552538463,train_pix_recon,0.003220647573471125
shapley-20260606T023503Z-2cde927b,conditional,A,131,131,8.56839049998598,0.4160183199814388,0.4219123337950025,train_pix_recon,-0.005894013813563692
shapley-20260606T023503Z-2cde927b,conditional,A,132,132,8.635955299985653,0.4299871708665575,0.4232607569013323,train_pix_recon,0.00672641396522522
shapley-20260606T023503Z-2cde927b,conditional,A,133,133,8.703374199983955,0.4238898456096649,0.4206282922199794,train_pix_recon,0.003261553389685534
shapley-20260606T023503Z-2cde927b,conditional,A,134,134,8.769342899984622,0.4124705663749149,0.4269727979387556,train_pix_recon,-0.014502231563840673
shapley-20260606T023503Z-2cde927b,conditional,A,135,135,8.835394399986399,0.4317009449005127,0.408155083656311,train_pix_recon,0.023545861244201716
shapley-20260606T023503Z-2cde927b,conditional,A,136,136,8.900513499986118,0.4010938789163317,0.4259729257651737,train_pix_recon,-0.024879046848842012
shapley-20260606T023503Z-2cde927b,conditional,A,137,137,8.969775199988362,0.4329020806721279,0.4236356999192919,train_pix_recon,0.009266380752835979
shapley-20260606T023503Z-2cde927b,conditional,A,138,138,9.038480399991386,0.4143685783658709,0.4077143030507223,train_pix_recon,0.006654275315148561
shapley-20260606T023503Z-2cde927b,conditional,A,139,139,9.102618199991412,0.4157917244093759,0.4099667498043605,train_pix_recon,0.005824974605015409
shapley-20260606T023503Z-2cde927b,conditional,A,140,140,9.168581299989455,0.415822263274874,0.4174932071140834,train_pix_recon,-0.0016709438392094045
shapley-20260606T023503Z-2cde927b,conditional,A,141,141,9.236431299992546,0.4194598240511758,0.4089554463114057,train_pix_recon,0.010504377739770143
shapley-20260606T023503Z-2cde927b,conditional,A,142,142,9.299614499992458,0.4120573997497558,0.4151877973760877,train_pix_recon,-0.0031303976263318822
shapley-20260606T023503Z-2cde927b,conditional,A,143,143,9.368255299992596,0.4169697804110391,0.4170759533132825,train_pix_recon,-0.00010617290224340659
shapley-20260606T023503Z-2cde927b,conditional,A,144,144,9.434667399993486,0.4069225149495261,0.4085881497178759,train_pix_recon,-0.0016656347683497996
shapley-20260606T023503Z-2cde927b,conditional,A,145,145,9.501526099993498,0.4107599684170314,0.4126831207956586,train_pix_recon,-0.0019231523786272242
shapley-20260606T023503Z-2cde927b,conditional,A,146,146,9.569715999994514,0.4196017469678606,0.408473504441125,train_pix_recon,0.01112824252673561
shapley-20260606T023503Z-2cde927b,conditional,A,147,147,9.635914599992248,0.4125839301518031,0.4141862818173,train_pix_recon,-0.0016023516654968817
shapley-20260606T023503Z-2cde927b,conditional,A,148,148,9.70404009999038,0.4037415981292724,0.4068913970674787,train_pix_recon,-0.003149798938206272
shapley-20260606T023503Z-2cde927b,conditional,A,149,149,9.769317699989188,0.4025935104915074,0.4114815294742584,train_pix_recon,-0.008888018982751045
shapley-20260606T023503Z-2cde927b,conditional,A,150,150,9.833442799990737,0.4096144267490932,0.4065284047807966,train_pix_recon,0.003086021968296604
shapley-20260606T023503Z-2cde927b,conditional,A,151,151,9.899200599989854,0.4137752311570303,0.4030350659574781,train_pix_recon,0.010740165199552176
shapley-20260606T023503Z-2cde927b,conditional,A,152,152,9.969851099991502,0.4082297640187399,0.420025885105133,train_pix_recon,-0.011796121086393108
shapley-20260606T023503Z-2cde927b,conditional,A,153,153,10.036735699992278,0.4024443668978555,0.4146049533571516,train_pix_recon,-0.012160586459296074
shapley-20260606T023503Z-2cde927b,conditional,A,154,154,10.100200599990783,0.4073954224586487,0.3937244798455919,train_pix_recon,0.013670942613056791
shapley-20260606T023503Z-2cde927b,conditional,A,155,155,10.163045199991757,0.4139754559312548,0.4149131221430642,train_pix_recon,-0.000937666211809407
shapley-20260606T023503Z-2cde927b,conditional,A,156,156,10.237165099992126,0.4125302519117083,0.4077136133398328,train_pix_recon,0.004816638571875476
shapley-20260606T023503Z-2cde927b,conditional,A,157,157,10.300311899991357,0.4047193782670157,0.407272960458483,train_pix_recon,-0.002553582191467285
shapley-20260606T023503Z-2cde927b,conditional,A,158,158,10.36314269999275,0.4131087873663221,0.409360579081944,train_pix_recon,0.0037482082843781073
shapley-20260606T023503Z-2cde927b,conditional,A,159,159,10.429862499990122,0.4069539819444929,0.4130505664008004,train_pix_recon,-0.006096584456307508
shapley-20260606T023503Z-2cde927b,conditional,A,160,160,10.492650199990749,0.404349365404674,0.4059458247252873,train_pix_recon,-0.0015964593206133082
shapley-20260606T023503Z-2cde927b,conditional,A,161,161,10.558923699991285,0.4105677221502576,0.3991072859082903,train_pix_recon,0.011460436241967298
shapley-20260606T023503Z-2cde927b,conditional,A,162,162,10.629380599992146,0.4082182943820953,0.4139161493097033,train_pix_recon,-0.005697854927607993
shapley-20260606T023503Z-2cde927b,conditional,A,163,163,10.698435399990558,0.4098250610487802,0.4134219118527004,train_pix_recon,-0.003596850803920193
shapley-20260606T023503Z-2cde927b,conditional,A,164,164,10.768841599990992,0.4074501948697226,0.4050963819026947,train_pix_recon,0.002353812967027913
shapley-20260606T023503Z-2cde927b,conditional,A,165,165,10.835582399988198,0.4088543610913412,0.4025881333010537,train_pix_recon,0.006266227790287515
shapley-20260606T023503Z-2cde927b,conditional,A,166,166,10.903032499987605,0.4083078631332942,0.4012528317315237,train_pix_recon,0.007055031401770495
shapley-20260606T023503Z-2cde927b,conditional,A,167,167,10.967502299987244,0.4067801066807338,0.4096385070255824,train_pix_recon,-0.002858400344848633
shapley-20260606T023503Z-2cde927b,conditional,A,168,168,11.038948999987042,0.4163536386830466,0.4070109214101519,train_pix_recon,0.009342717272894707
shapley-20260606T023503Z-2cde927b,conditional,A,169,169,11.108703899986722,0.4068534203938075,0.4034443455083029,train_pix_recon,0.003409074885504626
shapley-20260606T023503Z-2cde927b,conditional,A,170,170,11.172599399986211,0.4068083848272051,0.4095484401498522,train_pix_recon,-0.0027400553226470947
shapley-20260606T023503Z-2cde927b,conditional,A,171,171,11.236003099988013,0.405254955802645,0.4058417209557124,train_pix_recon,-0.0005867651530674367
shapley-20260606T023503Z-2cde927b,conditional,A,172,172,11.301529999986087,0.4021331455026354,0.402739656823022,train_pix_recon,-0.0006065113203865824
shapley-20260606T023503Z-2cde927b,conditional,A,173,173,11.365128599987656,0.3982275724411011,0.4082031207425253,train_pix_recon,-0.00997554830142422
shapley-20260606T023503Z-2cde927b,conditional,A,174,174,11.428381099987746,0.4107305066926138,0.4104889248098646,train_pix_recon,0.00024158188274919778
shapley-20260606T023503Z-2cde927b,conditional,A,175,175,11.490852399987489,0.4115899332932063,0.4016436338424682,train_pix_recon,0.009946299450738105
shapley-20260606T023503Z-2cde927b,conditional,A,176,176,11.553471399987757,0.4033960018839155,0.4045746411596025,train_pix_recon,-0.00117863927568701
shapley-20260606T023503Z-2cde927b,conditional,A,177,177,11.617884899987985,0.4090849757194519,0.4147970165525164,train_pix_recon,-0.00571204083306448
shapley-20260606T023503Z-2cde927b,conditional,A,178,178,11.682723299989448,0.4160598516464233,0.4009833335876465,train_pix_recon,0.0150765180587768
shapley-20260606T023503Z-2cde927b,conditional,A,179,179,11.7477831999895,0.405315841947283,0.3979756704398564,train_pix_recon,0.007340171507426607
shapley-20260606T023503Z-2cde927b,conditional,A,180,180,11.811548799989396,0.4117866541658129,0.3977003906454359,train_pix_recon,0.014086263520377007
shapley-20260606T023503Z-2cde927b,conditional,A,181,181,11.878492099989671,0.4099678439753396,0.4159936990056719,train_pix_recon,-0.006025855030332317
shapley-20260606T023503Z-2cde927b,conditional,A,182,182,11.94439039998906,0.4006027110985347,0.4066439058099474,train_pix_recon,-0.006041194711412734
shapley-20260606T023503Z-2cde927b,conditional,A,183,183,12.008983099989564,0.4032803305557796,0.4085746535233089,train_pix_recon,-0.005294322967529297
shapley-20260606T023503Z-2cde927b,conditional,A,184,184,12.0746145999874,0.4019089554037366,0.3968243215765272,train_pix_recon,0.005084633827209417
shapley-20260606T023503Z-2cde927b,conditional,A,185,185,12.140418799986946,0.4097785907132285,0.3992243622030531,train_pix_recon,0.0105542285101754
shapley-20260606T023503Z-2cde927b,conditional,A,186,186,12.205483399986406,0.406171087707792,0.4058242014476231,train_pix_recon,0.00034688626016887714
shapley-20260606T023503Z-2cde927b,conditional,A,187,187,12.276820199986105,0.4074874988624027,0.4078741754804338,train_pix_recon,-0.000386676618031101
shapley-20260606T023503Z-2cde927b,conditional,A,188,188,12.341824099985388,0.4090817017214639,0.4069901534489223,train_pix_recon,0.002091548272541599
shapley-20260606T023503Z-2cde927b,conditional,A,189,189,12.407441999985169,0.406223965542657,0.4050670564174652,train_pix_recon,0.0011569091251917851
shapley-20260606T023503Z-2cde927b,conditional,A,190,190,12.469690799982343,0.4091309479304722,0.4060524446623666,train_pix_recon,0.0030785032681056035
shapley-20260606T023503Z-2cde927b,conditional,A,191,191,12.53221189998294,0.4086938883577074,0.4100667025361742,train_pix_recon,-0.0013728141784667969
shapley-20260606T023503Z-2cde927b,conditional,A,192,192,12.59530099998301,0.4078531350408281,0.4018306050981794,train_pix_recon,0.00602252994264868
shapley-20260606T023503Z-2cde927b,conditional,A,193,193,12.659330499984208,0.4080910299505506,0.4024855877671923,train_pix_recon,0.005605442183358289
shapley-20260606T023503Z-2cde927b,conditional,A,194,194,12.726374799985932,0.4061404083456312,0.3975673105035509,train_pix_recon,0.008573097842080324
shapley-20260606T023503Z-2cde927b,conditional,A,195,195,12.794220699986909,0.4090408682823181,0.4107468255928584,train_pix_recon,-0.0017059573105402959
shapley-20260606T023503Z-2cde927b,conditional,A,196,196,12.85945949998495,0.4096018970012665,0.4110176989010402,train_pix_recon,-0.0014158018997736943
shapley-20260606T023503Z-2cde927b,conditional,A,197,197,12.927575299981982,0.4123487557683672,0.4062903991767338,train_pix_recon,0.006058356591633396
shapley-20260606T023503Z-2cde927b,conditional,A,198,198,12.99033799998142,0.4005220915590013,0.403205794947488,train_pix_recon,-0.002683703388486669
shapley-20260606T023503Z-2cde927b,conditional,A,199,199,13.056422999979986,0.4067870250770024,0.4041948659079415,train_pix_recon,0.002592159169060859
shapley-20260606T023414Z-4c6a5561,baseline,A,0,0,0.2538408000000345,0.8644993603229523,0.8658854961395264,test_pix_recon,-0.0013861358165740967
shapley-20260606T023414Z-4c6a5561,baseline,A,1,1,0.3166040999967663,0.6941306889057159,0.6954716444015503,test_pix_recon,-0.0013409554958343506
shapley-20260606T023414Z-4c6a5561,baseline,A,2,2,0.375293099994451,0.5878746211528778,0.5896204710006714,test_pix_recon,-0.001745849847793579
shapley-20260606T023414Z-4c6a5561,baseline,A,3,3,0.437843999992765,0.5302285552024841,0.524436354637146,test_pix_recon,0.005792200565338135
shapley-20260606T023414Z-4c6a5561,baseline,A,4,4,0.4977256999954988,0.491660788655281,0.4894437789916992,test_pix_recon,0.0022170096635817926
shapley-20260606T023414Z-4c6a5561,baseline,A,5,5,0.5597215999951004,0.4606266021728515,0.457605317234993,test_pix_recon,0.003021284937858526
shapley-20260606T023414Z-4c6a5561,baseline,A,6,6,0.6225944999969215,0.4237681329250335,0.42601278424263,test_pix_recon,-0.002244651317596491
shapley-20260606T023414Z-4c6a5561,baseline,A,7,7,0.6828521999959776,0.3940260857343673,0.3992865681648254,test_pix_recon,-0.005260482430458069
shapley-20260606T023414Z-4c6a5561,baseline,A,8,8,0.741852299994207,0.3713320642709732,0.3774294704198837,test_pix_recon,-0.006097406148910467
shapley-20260606T023414Z-4c6a5561,baseline,A,9,9,0.8001354999942123,0.3564352542161941,0.3602351546287536,test_pix_recon,-0.0037999004125595093
shapley-20260606T023414Z-4c6a5561,baseline,A,10,10,0.862867499996355,0.3440374284982681,0.3462267369031906,test_pix_recon,-0.0021893084049224854
shapley-20260606T023414Z-4c6a5561,baseline,A,11,11,0.9290627999944264,0.3355307132005691,0.336444541811943,test_pix_recon,-0.0009138286113739014
shapley-20260606T023414Z-4c6a5561,baseline,A,12,12,0.9886551999952644,0.3292698860168457,0.3329254537820816,test_pix_recon,-0.003655567765235901
shapley-20260606T023414Z-4c6a5561,baseline,A,13,13,1.04843699999401,0.3227482438087463,0.3244703561067581,test_pix_recon,-0.0017221122980118353
shapley-20260606T023414Z-4c6a5561,baseline,A,14,14,1.1107744999935676,0.3155753761529922,0.3162795752286911,test_pix_recon,-0.000704199075698908
shapley-20260606T023414Z-4c6a5561,baseline,A,15,15,1.16893849999542,0.3111819177865982,0.3099792748689651,test_pix_recon,0.0012026429176331122
shapley-20260606T023414Z-4c6a5561,baseline,A,16,16,1.2326643999949738,0.3058133274316787,0.3083884716033935,test_pix_recon,-0.0025751441717147827
shapley-20260606T023414Z-4c6a5561,baseline,A,17,17,1.294319099997665,0.3034093677997589,0.3034302592277527,test_pix_recon,-2.0891427993774414e-05
shapley-20260606T023414Z-4c6a5561,baseline,A,18,18,1.3581868999972355,0.3007358312606811,0.2985069751739502,test_pix_recon,0.0022288560867309015
shapley-20260606T023414Z-4c6a5561,baseline,A,19,19,1.4193036999968172,0.2964094430208206,0.2948096394538879,test_pix_recon,0.0015998035669327337
shapley-20260606T023414Z-4c6a5561,baseline,A,20,20,1.4824509999962174,0.2939749509096145,0.2933899611234665,test_pix_recon,0.0005849897861480158
shapley-20260606T023414Z-4c6a5561,baseline,A,21,21,1.5424756999964302,0.2958138138055801,0.2911593616008758,test_pix_recon,0.004654452204704285
shapley-20260606T023414Z-4c6a5561,baseline,A,22,22,1.603781599998911,0.2932883501052856,0.2902757376432419,test_pix_recon,0.0030126124620437067
shapley-20260606T023414Z-4c6a5561,baseline,A,23,23,1.6665235999971628,0.2897951155900955,0.2894975692033767,test_pix_recon,0.0002975463867188055
shapley-20260606T023414Z-4c6a5561,baseline,A,24,24,1.7295186999945145,0.2914997935295105,0.2879743278026581,test_pix_recon,0.003525465726852417
shapley-20260606T023414Z-4c6a5561,baseline,A,25,25,1.794139499994344,0.2896353304386139,0.2865633070468902,test_pix_recon,0.0030720233917236883
shapley-20260606T023414Z-4c6a5561,baseline,A,26,26,1.852338699995016,0.2873925715684891,0.2844286262989044,test_pix_recon,0.0029639452695846558
shapley-20260606T023414Z-4c6a5561,baseline,A,27,27,1.9124220999947283,0.2872441560029983,0.2853361815214157,test_pix_recon,0.001907974481582586
shapley-20260606T023414Z-4c6a5561,baseline,A,28,28,1.9705615999955624,0.2838045358657837,0.2838054597377777,test_pix_recon,-9.238719940185547e-07
shapley-20260606T023414Z-4c6a5561,baseline,A,29,29,2.0338886999961687,0.2827477157115936,0.2820218354463577,test_pix_recon,0.0007258802652358454
shapley-20260606T023414Z-4c6a5561,baseline,A,30,30,2.096151399997325,0.2832149267196655,0.2838499546051025,test_pix_recon,-0.0006350278854369562
shapley-20260606T023414Z-4c6a5561,baseline,A,31,31,2.170270699996763,0.2812562137842178,0.2833443582057953,test_pix_recon,-0.002088144421577509
shapley-20260606T023414Z-4c6a5561,baseline,A,32,32,2.2355837999966752,0.2803298681974411,0.2808166444301605,test_pix_recon,-0.0004867762327194214
shapley-20260606T023414Z-4c6a5561,baseline,A,33,33,2.2981955999966885,0.2794867753982544,0.281319335103035,test_pix_recon,-0.0018325597047805786
shapley-20260606T023414Z-4c6a5561,baseline,A,34,34,2.359449899999163,0.2815553694963455,0.2785518765449524,test_pix_recon,0.0030034929513931274
shapley-20260606T023414Z-4c6a5561,baseline,A,35,35,2.42462919999889,0.2804515361785888,0.2801826596260071,test_pix_recon,0.0002688765525817316
shapley-20260606T023414Z-4c6a5561,baseline,A,36,36,2.483838799998921,0.2815728485584259,0.2788813859224319,test_pix_recon,0.002691462635994013
shapley-20260606T023414Z-4c6a5561,baseline,A,37,37,2.548800600001414,0.2798814177513122,0.2780853658914566,test_pix_recon,0.0017960518598555963
shapley-20260606T023414Z-4c6a5561,baseline,A,38,38,2.6117164000024786,0.2813515365123749,0.2783474028110504,test_pix_recon,0.003004133701324463
shapley-20260606T023414Z-4c6a5561,baseline,A,39,39,2.6738466000024346,0.2816449999809265,0.2791342288255691,test_pix_recon,0.0025107711553574164
shapley-20260606T023414Z-4c6a5561,baseline,A,40,40,2.7357712000048195,0.2824176251888275,0.2777631133794784,test_pix_recon,0.004654511809349116
shapley-20260606T023414Z-4c6a5561,baseline,A,41,41,2.7966768000042066,0.2797016203403473,0.2768328040838241,test_pix_recon,0.002868816256523188
shapley-20260606T023414Z-4c6a5561,baseline,A,42,42,2.857208200002788,0.2816437482833862,0.279395043849945,test_pix_recon,0.002248704433441162
shapley-20260606T023414Z-4c6a5561,baseline,A,43,43,2.9158302000032563,0.278295949101448,0.2807148545980453,test_pix_recon,-0.00241890549659729
shapley-20260606T023414Z-4c6a5561,baseline,A,44,44,2.978519700005563,0.2781158983707428,0.2794607579708099,test_pix_recon,-0.0013448596000670832
shapley-20260606T023414Z-4c6a5561,baseline,A,45,45,3.041313400004583,0.2772812098264694,0.2794617563486099,test_pix_recon,-0.002180546522140503
shapley-20260606T023414Z-4c6a5561,baseline,A,46,46,3.1083821000029275,0.2809293866157532,0.2793465703725815,test_pix_recon,0.001582816243171692
shapley-20260606T023414Z-4c6a5561,baseline,A,47,47,3.1717773000018497,0.2808431684970855,0.2789154201745987,test_pix_recon,0.001927748322486822
shapley-20260606T023414Z-4c6a5561,baseline,A,48,48,3.235043800003041,0.2766608595848083,0.2802271842956543,test_pix_recon,-0.0035663247108460028
shapley-20260606T023414Z-4c6a5561,baseline,A,49,49,3.299836400001368,0.281617596745491,0.2777625471353531,test_pix_recon,0.003855049610137884
shapley-20260606T023414Z-4c6a5561,baseline,A,50,50,3.3628557000010915,0.2783488929271698,0.2754496783018112,test_pix_recon,0.0028992146253585815
shapley-20260606T023414Z-4c6a5561,baseline,A,51,51,3.427134200002911,0.2771361023187637,0.2778732478618622,test_pix_recon,-0.0007371455430985052
shapley-20260606T023414Z-4c6a5561,baseline,A,52,52,3.4930105000021285,0.2806288599967956,0.2780128270387649,test_pix_recon,0.0026160329580307007
shapley-20260606T023414Z-4c6a5561,baseline,A,53,53,3.5557007000024896,0.2786332070827484,0.2772552967071533,test_pix_recon,0.0013779103755950928
shapley-20260606T023414Z-4c6a5561,baseline,A,54,54,3.6158850000028906,0.2843620181083679,0.2793186902999878,test_pix_recon,0.005043327808380127
shapley-20260606T023414Z-4c6a5561,baseline,A,55,55,3.682116399999359,0.2815873026847839,0.2793114781379699,test_pix_recon,0.002275824546813965
shapley-20260606T023414Z-4c6a5561,baseline,A,56,56,3.742177999996784,0.2792797982692718,0.2820627689361572,test_pix_recon,-0.0027829706668854315
shapley-20260606T023414Z-4c6a5561,baseline,A,57,57,3.80884039999728,0.2803803533315658,0.284959614276886,test_pix_recon,-0.004579260945320185
shapley-20260606T023414Z-4c6a5561,baseline,A,58,58,3.8699893999983033,0.2851443588733673,0.2832700908184051,test_pix_recon,0.0018742680549622137
shapley-20260606T023414Z-4c6a5561,baseline,A,59,59,3.934456200000568,0.2811608612537384,0.2805060297250747,test_pix_recon,0.0006548315286636908
shapley-20260606T023414Z-4c6a5561,baseline,A,60,60,4.001215399999637,0.2785950452089309,0.2809654176235199,test_pix_recon,-0.0023703724145889837
shapley-20260606T023414Z-4c6a5561,baseline,A,61,61,4.067067100000713,0.277367815375328,0.2841904312372207,test_pix_recon,-0.0068226158618927
shapley-20260606T023414Z-4c6a5561,baseline,A,62,62,4.127671600002941,0.2824104875326156,0.2826869636774063,test_pix_recon,-0.0002764761447907049
shapley-20260606T023414Z-4c6a5561,baseline,A,63,63,4.190557000001718,0.283331036567688,0.2783719599246979,test_pix_recon,0.004959076642990112
shapley-20260606T023414Z-4c6a5561,baseline,A,64,64,4.2515315000018745,0.28445765376091,0.2815108448266983,test_pix_recon,0.0029468089342116754
shapley-20260606T023414Z-4c6a5561,baseline,A,65,65,4.31029540000236,0.2780095338821411,0.2834367603063583,test_pix_recon,-0.005427226424217169
shapley-20260606T023414Z-4c6a5561,baseline,A,66,66,4.368983700001991,0.282108873128891,0.2814077734947204,test_pix_recon,0.0007010996341705877
shapley-20260606T023414Z-4c6a5561,baseline,A,67,67,4.432879600000888,0.281208261847496,0.2844036370515823,test_pix_recon,-0.0031953752040863037
shapley-20260606T023414Z-4c6a5561,baseline,A,68,68,4.499245899998641,0.2823155671358108,0.2804693132638931,test_pix_recon,0.001846253871917669
shapley-20260606T023414Z-4c6a5561,baseline,A,69,69,4.562187999999878,0.2827034741640091,0.2822711765766144,test_pix_recon,0.00043229758739471436
shapley-20260606T023414Z-4c6a5561,baseline,A,70,70,4.624484899999516,0.28255096077919,0.2791410684585571,test_pix_recon,0.0034098923206329346
shapley-20260606T023414Z-4c6a5561,baseline,A,71,71,4.687037399999099,0.2834815382957458,0.2896340787410736,test_pix_recon,-0.006152540445327814
shapley-20260606T023414Z-4c6a5561,baseline,A,72,72,4.746762399998261,0.2857989966869354,0.283228188753128,test_pix_recon,0.0025708079338074286
shapley-20260606T023414Z-4c6a5561,baseline,A,73,73,4.805409299999155,0.2819282114505768,0.2903565466403961,test_pix_recon,-0.008428335189819336
shapley-20260606T023414Z-4c6a5561,baseline,A,74,74,4.870224900001631,0.2832836210727691,0.2853573560714721,test_pix_recon,-0.002073734998703003
shapley-20260606T023414Z-4c6a5561,baseline,A,75,75,4.934785800003738,0.2815774083137512,0.286629855632782,test_pix_recon,-0.005052447319030762
shapley-20260606T023414Z-4c6a5561,baseline,A,76,76,4.995370800003002,0.2875089645385742,0.2878371924161911,test_pix_recon,-0.0003282278776168823
shapley-20260606T023414Z-4c6a5561,baseline,A,77,77,5.05661300000429,0.2843185216188431,0.2907684743404388,test_pix_recon,-0.006449952721595709
shapley-20260606T023414Z-4c6a5561,baseline,A,78,78,5.122262000004412,0.2902567535638809,0.2917303889989853,test_pix_recon,-0.0014736354351043701
shapley-20260606T023414Z-4c6a5561,baseline,A,79,79,5.183443700003409,0.2877365201711654,0.2862405329942703,test_pix_recon,0.001495987176895086
shapley-20260606T023414Z-4c6a5561,baseline,A,80,80,5.242753700003959,0.2825962454080581,0.2856407016515732,test_pix_recon,-0.00304445624351507
shapley-20260606T023414Z-4c6a5561,baseline,A,81,81,5.304386100004194,0.2859205901622772,0.2847899049520492,test_pix_recon,0.0011306852102280218
shapley-20260606T023414Z-4c6a5561,baseline,A,82,82,5.366842700004781,0.2883457541465759,0.2887295037508011,test_pix_recon,-0.0003837496042251587
shapley-20260606T023414Z-4c6a5561,baseline,A,83,83,5.432933100004448,0.2859916687011719,0.2888218015432358,test_pix_recon,-0.002830132842063904
shapley-20260606T023414Z-4c6a5561,baseline,A,84,84,5.499135700003535,0.28978031873703,0.295032188296318,test_pix_recon,-0.005251869559288025
shapley-20260606T023414Z-4c6a5561,baseline,A,85,85,5.561501000003773,0.2885046601295471,0.29075488448143,test_pix_recon,-0.002250224351882879
shapley-20260606T023414Z-4c6a5561,baseline,A,86,86,5.626002800003334,0.2881477475166321,0.2926571071147918,test_pix_recon,-0.0045093595981597345
shapley-20260606T023414Z-4c6a5561,baseline,A,87,87,5.690500500004418,0.2964276820421219,0.2895427495241165,test_pix_recon,0.006884932518005371
shapley-20260606T023414Z-4c6a5561,baseline,A,88,88,5.750306400004774,0.2961265593767166,0.2911836355924606,test_pix_recon,0.004942923784256037
shapley-20260606T023414Z-4c6a5561,baseline,A,89,89,5.815957500006334,0.2959920316934585,0.2950164526700973,test_pix_recon,0.0009755790233612061
shapley-20260606T023414Z-4c6a5561,baseline,A,90,90,5.882872400004999,0.2906476259231567,0.2943427711725235,test_pix_recon,-0.0036951452493668158
shapley-20260606T023414Z-4c6a5561,baseline,A,91,91,5.951445800004876,0.2906464040279388,0.2930476069450378,test_pix_recon,-0.002401202917098999
shapley-20260606T023414Z-4c6a5561,baseline,A,92,92,6.014380400003574,0.2988891303539276,0.296670064330101,test_pix_recon,0.002219066023826599
shapley-20260606T023414Z-4c6a5561,baseline,A,93,93,6.076313500005199,0.2956621348857879,0.2961683720350265,test_pix_recon,-0.0005062371492385864
shapley-20260606T023414Z-4c6a5561,baseline,A,94,94,6.150428800003283,0.2929834872484207,0.2950893491506576,test_pix_recon,-0.002105861902236883
shapley-20260606T023414Z-4c6a5561,baseline,A,95,95,6.220113800001855,0.2999299764633178,0.2931057810783386,test_pix_recon,0.0068241953849791925
shapley-20260606T023414Z-4c6a5561,baseline,A,96,96,6.290195600002335,0.2954072952270508,0.2969891279935837,test_pix_recon,-0.001581832766532898
shapley-20260606T023414Z-4c6a5561,baseline,A,97,97,6.35445510000136,0.3005251437425613,0.2984655797481537,test_pix_recon,0.0020595639944075983
shapley-20260606T023414Z-4c6a5561,baseline,A,98,98,6.4213385000039125,0.303427129983902,0.3005270063877105,test_pix_recon,0.0029001235961914618
shapley-20260606T023414Z-4c6a5561,baseline,A,99,99,6.489110000002256,0.3005498498678207,0.302917018532753,test_pix_recon,-0.0023671686649323065
shapley-20260606T023414Z-4c6a5561,baseline,A,100,100,6.556318300001294,0.3001588135957718,0.3078361600637436,test_pix_recon,-0.007677346467971802
shapley-20260606T023414Z-4c6a5561,baseline,A,101,101,6.626302900003793,0.3004848957061767,0.3003536164760589,test_pix_recon,0.00013127923011779785
shapley-20260606T023414Z-4c6a5561,baseline,A,102,102,6.696441100004449,0.3027346432209015,0.3014619946479797,test_pix_recon,0.0012726485729218084
shapley-20260606T023414Z-4c6a5561,baseline,A,103,103,6.762754200004565,0.3032589107751846,0.3069151937961578,test_pix_recon,-0.0036562830209732056
shapley-20260606T023414Z-4c6a5561,baseline,A,104,104,6.828407400007563,0.3055738806724548,0.3044053167104721,test_pix_recon,0.0011685639619826715
shapley-20260606T023414Z-4c6a5561,baseline,A,105,105,6.892706800008455,0.308277428150177,0.3027999550104141,test_pix_recon,0.005477473139762878
shapley-20260606T023414Z-4c6a5561,baseline,A,106,106,6.956840000009834,0.3065039068460464,0.308472603559494,test_pix_recon,-0.0019686967134476263
shapley-20260606T023414Z-4c6a5561,baseline,A,107,107,7.025822300009168,0.3004059493541717,0.3074145764112472,test_pix_recon,-0.0070086270570755005
shapley-20260606T023414Z-4c6a5561,baseline,A,108,108,7.094741700006125,0.3108216822147369,0.3106220215559006,test_pix_recon,0.00019966065883630923
shapley-20260606T023414Z-4c6a5561,baseline,A,109,109,7.160316800003784,0.3053242415189743,0.3100205063819885,test_pix_recon,-0.004696264863014221
shapley-20260606T023414Z-4c6a5561,baseline,A,110,110,7.224661900003412,0.3083491027355194,0.3107885122299194,test_pix_recon,-0.002439409494399969
shapley-20260606T023414Z-4c6a5561,baseline,A,111,111,7.29447450000589,0.3042944073677063,0.3161331117153168,test_pix_recon,-0.011838704347610474
shapley-20260606T023414Z-4c6a5561,baseline,A,112,112,7.358599800005322,0.3157545030117035,0.3099110722541809,test_pix_recon,0.005843430757522583
shapley-20260606T023414Z-4c6a5561,baseline,A,113,113,7.4218121000048995,0.3117045611143112,0.3087060451507568,test_pix_recon,0.002998515963554438
shapley-20260606T023414Z-4c6a5561,baseline,A,114,114,7.49166910000713,0.3164775967597961,0.3159335404634475,test_pix_recon,0.0005440562963485718
shapley-20260606T023414Z-4c6a5561,baseline,A,115,115,7.563838700003544,0.3096299916505813,0.3151151686906814,test_pix_recon,-0.005485177040100098
shapley-20260606T023414Z-4c6a5561,baseline,A,116,116,7.638397100003203,0.3154610395431518,0.3160011619329452,test_pix_recon,-0.000540122389793396
shapley-20260606T023414Z-4c6a5561,baseline,A,117,117,7.704346400001668,0.3158334642648697,0.3130756318569183,test_pix_recon,0.0027578324079514105
shapley-20260606T023414Z-4c6a5561,baseline,A,118,118,7.772919200000615,0.3159927725791931,0.3164022117853164,test_pix_recon,-0.00040943920612329654
shapley-20260606T023414Z-4c6a5561,baseline,A,119,119,7.837731600000552,0.31674425303936,0.3226052522659302,test_pix_recon,-0.005860999226570185
shapley-20260606T023414Z-4c6a5561,baseline,A,120,120,7.902330799999618,0.3165679275989532,0.3215270042419433,test_pix_recon,-0.004959076642990112
shapley-20260606T023414Z-4c6a5561,baseline,A,121,121,7.966626600002201,0.3202565610408783,0.3202932626008987,test_pix_recon,-3.6701560020391266e-05
shapley-20260606T023414Z-4c6a5561,baseline,A,122,122,8.030123500000627,0.3192866742610931,0.3214539140462875,test_pix_recon,-0.002167239785194397
shapley-20260606T023414Z-4c6a5561,baseline,A,123,123,8.097658700000466,0.3243119567632675,0.3317646980285644,test_pix_recon,-0.0074527412652968805
shapley-20260606T023414Z-4c6a5561,baseline,A,124,124,8.163603000000876,0.3257449120283127,0.3299541175365448,test_pix_recon,-0.004209205508232117
shapley-20260606T023414Z-4c6a5561,baseline,A,125,125,8.231591499999922,0.3222124278545379,0.3246527910232544,test_pix_recon,-0.002440363168716486
shapley-20260606T023414Z-4c6a5561,baseline,A,126,126,8.298966199999995,0.3236691355705261,0.3330197334289551,test_pix_recon,-0.009350597858428955
shapley-20260606T023414Z-4c6a5561,baseline,A,127,127,8.36380150000332,0.322189137339592,0.3299006521701813,test_pix_recon,-0.007711514830589294
shapley-20260606T023414Z-4c6a5561,baseline,A,128,128,8.43230140000378,0.3275040090084076,0.3293730318546295,test_pix_recon,-0.0018690228462219238
shapley-20260606T023414Z-4c6a5561,baseline,A,129,129,8.501609700004337,0.3239786326885223,0.3278999477624893,test_pix_recon,-0.0039213150739670355
shapley-20260606T023414Z-4c6a5561,baseline,A,130,130,8.569221400004608,0.3277975916862488,0.3261335790157318,test_pix_recon,0.0016640126705169678
shapley-20260606T023414Z-4c6a5561,baseline,A,131,131,8.636281000002782,0.3179874718189239,0.3272387981414795,test_pix_recon,-0.009251326322555598
shapley-20260606T023414Z-4c6a5561,baseline,A,132,132,8.701133000005939,0.3235760480165481,0.3229327499866485,test_pix_recon,0.0006432980298995972
shapley-20260606T023414Z-4c6a5561,baseline,A,133,133,8.767390100005287,0.3216882199048996,0.3249509632587433,test_pix_recon,-0.003262743353843689
shapley-20260606T023414Z-4c6a5561,baseline,A,134,134,8.832374300003721,0.3209812939167022,0.3235971927642822,test_pix_recon,-0.0026158988475800116
shapley-20260606T023414Z-4c6a5561,baseline,A,135,135,8.896310600004654,0.3213371336460113,0.3227941542863846,test_pix_recon,-0.0014570206403732855
shapley-20260606T023414Z-4c6a5561,baseline,A,136,136,8.961195200005022,0.3204915076494217,0.323630079627037,test_pix_recon,-0.003138571977615301
shapley-20260606T023414Z-4c6a5561,baseline,A,137,137,9.02351130000534,0.3197028040885925,0.3217503577470779,test_pix_recon,-0.0020475536584854126
shapley-20260606T023414Z-4c6a5561,baseline,A,138,138,9.08608240000467,0.3198033720254898,0.3223539590835571,test_pix_recon,-0.0025505870580672663
shapley-20260606T023414Z-4c6a5561,baseline,A,139,139,9.153356200007693,0.3174357265233993,0.3208901882171631,test_pix_recon,-0.0034544616937637884
shapley-20260606T023414Z-4c6a5561,baseline,A,140,140,9.21634100000665,0.3189847022294998,0.3224706500768661,test_pix_recon,-0.0034859478473662775
shapley-20260606T023414Z-4c6a5561,baseline,A,141,141,9.284586900008437,0.3199761211872101,0.3225550055503845,test_pix_recon,-0.0025788843631744385
shapley-20260606T023414Z-4c6a5561,baseline,A,142,142,9.351719100010088,0.3178778439760208,0.3223934769630432,test_pix_recon,-0.0045156329870224
shapley-20260606T023414Z-4c6a5561,baseline,A,143,143,9.418888100011827,0.3174626976251602,0.3202388286590576,test_pix_recon,-0.0027761310338974
shapley-20260606T023414Z-4c6a5561,baseline,A,144,144,9.482347700013634,0.3195664435625076,0.3193346112966537,test_pix_recon,0.00023183226585388184
shapley-20260606T023414Z-4c6a5561,baseline,A,145,145,9.544822300013038,0.3194096535444259,0.3195972442626953,test_pix_recon,-0.00018759071826940366
shapley-20260606T023414Z-4c6a5561,baseline,A,146,146,9.606855500012898,0.3178811967372894,0.3198001980781555,test_pix_recon,-0.0019190013408661444
shapley-20260606T023414Z-4c6a5561,baseline,A,147,147,9.671641100012494,0.3159995079040527,0.3187838345766067,test_pix_recon,-0.002784326672554016
shapley-20260606T023414Z-4c6a5561,baseline,A,148,148,9.73637610001242,0.3156159371137619,0.3192415684461593,test_pix_recon,-0.0036256313323974054
shapley-20260606T023414Z-4c6a5561,baseline,A,149,149,9.798080400010804,0.3156134039163589,0.3185892403125763,test_pix_recon,-0.0029758363962174017
shapley-20260606T023414Z-4c6a5561,baseline,A,150,150,9.86045640001248,0.3157822638750076,0.318776473402977,test_pix_recon,-0.002994209527969416
shapley-20260606T023414Z-4c6a5561,baseline,A,151,151,9.925925500014271,0.3158826828002929,0.3201009929180145,test_pix_recon,-0.004218310117721613
shapley-20260606T023414Z-4c6a5561,baseline,A,152,152,9.988909600015177,0.315958559513092,0.3190182745456695,test_pix_recon,-0.0030597150325775146
shapley-20260606T023414Z-4c6a5561,baseline,A,153,153,10.055725200014422,0.3171915709972381,0.3173568397760391,test_pix_recon,-0.00016526877880101987
shapley-20260606T023414Z-4c6a5561,baseline,A,154,154,10.126386600015394,0.3177949786186218,0.318246454000473,test_pix_recon,-0.0004514753818511963
shapley-20260606T023414Z-4c6a5561,baseline,A,155,155,10.192115700014256,0.3175234943628311,0.3170964568853378,test_pix_recon,0.00042703747749334164
shapley-20260606T023414Z-4c6a5561,baseline,A,156,156,10.257549900012236,0.3156388849020004,0.3157113641500473,test_pix_recon,-7.2479248046875e-05
shapley-20260606T023414Z-4c6a5561,baseline,A,157,157,10.323275700011436,0.3156124949455261,0.3181326240301132,test_pix_recon,-0.002520129084587097
shapley-20260606T023414Z-4c6a5561,baseline,A,158,158,10.387677000013356,0.3158938288688659,0.3190907835960388,test_pix_recon,-0.003196954727172907
shapley-20260606T023414Z-4c6a5561,baseline,A,159,159,10.45112210001389,0.3163413256406784,0.3184221088886261,test_pix_recon,-0.002080783247947693
shapley-20260606T023414Z-4c6a5561,baseline,A,160,160,10.516262200013443,0.3171483278274536,0.3175152838230133,test_pix_recon,-0.0003669559955596924
shapley-20260606T023414Z-4c6a5561,baseline,A,161,161,10.579055800011702,0.3164138048887253,0.3171804398298263,test_pix_recon,-0.0007666349411010187
shapley-20260606T023414Z-4c6a5561,baseline,A,162,162,10.641096800012749,0.3163970112800598,0.3171695172786712,test_pix_recon,-0.0007725059986113947
shapley-20260606T023414Z-4c6a5561,baseline,A,163,163,10.703630900010468,0.3159560710191726,0.3162840902805328,test_pix_recon,-0.00032801926136016846
shapley-20260606T023414Z-4c6a5561,baseline,A,164,164,10.76861560000907,0.3162773102521896,0.3167171627283096,test_pix_recon,-0.0004398524761199951
shapley-20260606T023414Z-4c6a5561,baseline,A,165,165,10.831794100009574,0.3163647353649139,0.3172963261604309,test_pix_recon,-0.0009315907955170233
shapley-20260606T023414Z-4c6a5561,baseline,A,166,166,10.896413800008304,0.3159752786159515,0.3172798007726669,test_pix_recon,-0.001304522156715393
shapley-20260606T023414Z-4c6a5561,baseline,A,167,167,10.958443400009855,0.3158348351716995,0.3172487616539001,test_pix_recon,-0.001413926482200567
shapley-20260606T023414Z-4c6a5561,baseline,A,168,168,11.023315400008867,0.3158625960350036,0.3166304677724838,test_pix_recon,-0.0007678717374802191
shapley-20260606T023414Z-4c6a5561,baseline,A,169,169,11.090738600007173,0.3158984184265136,0.3166251927614212,test_pix_recon,-0.0007267743349075872
shapley-20260606T023414Z-4c6a5561,baseline,A,170,170,11.154737500008196,0.3157214820384979,0.3168937563896179,test_pix_recon,-0.0011722743511199951
shapley-20260606T023414Z-4c6a5561,baseline,A,171,171,11.21717210000861,0.3155836910009384,0.3167348057031631,test_pix_recon,-0.001151114702224676
shapley-20260606T023414Z-4c6a5561,baseline,A,172,172,11.282856700010598,0.3155715316534042,0.3169235736131668,test_pix_recon,-0.0013520419597626288
shapley-20260606T023414Z-4c6a5561,baseline,A,173,173,11.344838000008169,0.3154173344373703,0.3169938325881958,test_pix_recon,-0.0015764981508255005
shapley-20260606T023414Z-4c6a5561,baseline,A,174,174,11.417863600006967,0.3154841661453247,0.3165228962898254,test_pix_recon,-0.001038730144500677
shapley-20260606T023414Z-4c6a5561,baseline,A,175,175,11.482864500005237,0.3155711591243744,0.3165645003318786,test_pix_recon,-0.000993341207504217
shapley-20260606T023414Z-4c6a5561,baseline,A,176,176,11.545164700004534,0.3154745399951935,0.3165993839502334,test_pix_recon,-0.0011248439550399225
shapley-20260606T023414Z-4c6a5561,baseline,A,177,177,11.6076960000064,0.3155287802219391,0.316211000084877,test_pix_recon,-0.0006822198629379272
shapley-20260606T023414Z-4c6a5561,baseline,A,178,178,11.672724700005348,0.3154084533452987,0.3159324824810028,test_pix_recon,-0.000524029135704096
shapley-20260606T023414Z-4c6a5561,baseline,A,179,179,11.737489800005278,0.3153785169124603,0.3161476999521255,test_pix_recon,-0.0007691830396651667
shapley-20260606T023414Z-4c6a5561,baseline,A,180,180,11.802501600006508,0.315388560295105,0.3162558078765869,test_pix_recon,-0.0008672475814819336
shapley-20260606T023414Z-4c6a5561,baseline,A,181,181,11.868056000006618,0.3153091818094253,0.3163337707519531,test_pix_recon,-0.0010245889425278265
shapley-20260606T023414Z-4c6a5561,baseline,A,182,182,11.942628300006618,0.3151190876960754,0.3163289725780487,test_pix_recon,-0.0012098848819733221
shapley-20260606T023414Z-4c6a5561,baseline,A,183,183,12.009308300006523,0.3148973286151886,0.3164146393537521,test_pix_recon,-0.001517310738563482
shapley-20260606T023414Z-4c6a5561,baseline,A,184,184,12.07154850000734,0.3146624863147735,0.3163643479347229,test_pix_recon,-0.0017018616199493963
shapley-20260606T023414Z-4c6a5561,baseline,A,185,185,12.140941600006045,0.3143485635519027,0.3164628595113754,test_pix_recon,-0.0021142959594727118
shapley-20260606T023414Z-4c6a5561,baseline,A,186,186,12.203752900008112,0.3142761290073395,0.3165300339460373,test_pix_recon,-0.002253904938697815
shapley-20260606T023414Z-4c6a5561,baseline,A,187,187,12.268786800010275,0.3141494244337082,0.3166676759719848,test_pix_recon,-0.002518251538276617
shapley-20260606T023414Z-4c6a5561,baseline,A,188,188,12.330759200012835,0.3141616731882095,0.3166883438825607,test_pix_recon,-0.0025266706943511963
shapley-20260606T023414Z-4c6a5561,baseline,A,189,189,12.396857800013096,0.3142519146203995,0.3165373653173446,test_pix_recon,-0.002285450696945135
shapley-20260606T023414Z-4c6a5561,baseline,A,190,190,12.467067200013844,0.314299002289772,0.3164656311273575,test_pix_recon,-0.0021666288375855047
shapley-20260606T023414Z-4c6a5561,baseline,A,191,191,12.532627200016575,0.3142271190881729,0.3164373934268951,test_pix_recon,-0.0022102743387221735
shapley-20260606T023414Z-4c6a5561,baseline,A,192,192,12.6014530000175,0.3144170641899109,0.3164216130971908,test_pix_recon,-0.0020045489072799128
shapley-20260606T023414Z-4c6a5561,baseline,A,193,193,12.665449800017086,0.3147812783718109,0.3164011687040329,test_pix_recon,-0.0016198903322219849
shapley-20260606T023414Z-4c6a5561,baseline,A,194,194,12.736244400017313,0.3149410337209701,0.3163824528455734,test_pix_recon,-0.001441419124603327
shapley-20260606T023414Z-4c6a5561,baseline,A,195,195,12.802181200018822,0.3150912970304489,0.3163895905017853,test_pix_recon,-0.0012982934713363647
shapley-20260606T023414Z-4c6a5561,baseline,A,196,196,12.865508100017903,0.3152108937501907,0.316408097743988,test_pix_recon,-0.0011972039937973022
shapley-20260606T023414Z-4c6a5561,baseline,A,197,197,12.931033100016066,0.3151826709508896,0.3164449781179428,test_pix_recon,-0.0012623071670532227
shapley-20260606T023414Z-4c6a5561,baseline,A,198,198,12.99527180001678,0.315065860748291,0.3165275603532791,test_pix_recon,-0.0014616996049880981
shapley-20260606T023414Z-4c6a5561,baseline,A,199,199,13.06468860001769,0.3149564415216446,0.3166041672229767,test_pix_recon,-0.0016477257013320923
shapley-20260606T023438Z-75bc42d5,marginal,A,0,0,0.2611864999998943,0.8582414388656616,0.8658854961395264,test_pix_recon,-0.007644057273864746
shapley-20260606T023438Z-75bc42d5,marginal,A,1,1,0.3286195000000589,0.6543882489204407,0.6954716444015503,test_pix_recon,-0.04108339548110962
shapley-20260606T023438Z-75bc42d5,marginal,A,2,2,0.3933702000031189,0.5711703896522522,0.5896204710006714,test_pix_recon,-0.01845008134841919
shapley-20260606T023438Z-75bc42d5,marginal,A,3,3,0.4616407000030449,0.5171589255332947,0.524436354637146,test_pix_recon,-0.007277429103851318
shapley-20260606T023438Z-75bc42d5,marginal,A,4,4,0.5370317000015348,0.4792888015508652,0.4894437789916992,test_pix_recon,-0.010154977440834045
shapley-20260606T023438Z-75bc42d5,marginal,A,5,5,0.6149635000001581,0.4524590373039245,0.457605317234993,test_pix_recon,-0.005146279931068476
shapley-20260606T023438Z-75bc42d5,marginal,A,6,6,0.6859156999998959,0.4242606163024902,0.42601278424263,test_pix_recon,-0.001752167940139826
shapley-20260606T023438Z-75bc42d5,marginal,A,7,7,0.7569062000002305,0.4038665443658829,0.3992865681648254,test_pix_recon,0.00457997620105749
shapley-20260606T023438Z-75bc42d5,marginal,A,8,8,0.8204089999999269,0.3820878565311432,0.3774294704198837,test_pix_recon,0.004658386111259516
shapley-20260606T023438Z-75bc42d5,marginal,A,9,9,0.8863688000019465,0.3638118505477905,0.3602351546287536,test_pix_recon,0.0035766959190369207
shapley-20260606T023438Z-75bc42d5,marginal,A,10,10,0.946799800000008,0.3504627794027328,0.3462267369031906,test_pix_recon,0.004236042499542181
shapley-20260606T023438Z-75bc42d5,marginal,A,11,11,1.005612500001007,0.3392094224691391,0.336444541811943,test_pix_recon,0.0027648806571961004
shapley-20260606T023438Z-75bc42d5,marginal,A,12,12,1.0674065000021074,0.3363680243492126,0.3329254537820816,test_pix_recon,0.003442570567130987
shapley-20260606T023438Z-75bc42d5,marginal,A,13,13,1.127960300000268,0.3307991474866867,0.3244703561067581,test_pix_recon,0.006328791379928589
shapley-20260606T023438Z-75bc42d5,marginal,A,14,14,1.1878347000019858,0.3218340277671814,0.3162795752286911,test_pix_recon,0.005554452538490295
shapley-20260606T023438Z-75bc42d5,marginal,A,15,15,1.247955400001956,0.3157264590263366,0.3099792748689651,test_pix_recon,0.005747184157371521
shapley-20260606T023438Z-75bc42d5,marginal,A,16,16,1.3065071000019088,0.311862513422966,0.3083884716033935,test_pix_recon,0.0034740418195725042
shapley-20260606T023438Z-75bc42d5,marginal,A,17,17,1.373204600004101,0.3081469535827636,0.3034302592277527,test_pix_recon,0.004716694355010931
shapley-20260606T023438Z-75bc42d5,marginal,A,18,18,1.4356420000040089,0.3074860274791717,0.2985069751739502,test_pix_recon,0.008979052305221502
shapley-20260606T023438Z-75bc42d5,marginal,A,19,19,1.502623100004712,0.3008215576410293,0.2948096394538879,test_pix_recon,0.0060119181871414185
shapley-20260606T023438Z-75bc42d5,marginal,A,20,20,1.569075300005352,0.2990410178899765,0.2933899611234665,test_pix_recon,0.00565105676651001
shapley-20260606T023438Z-75bc42d5,marginal,A,21,21,1.6399159000029613,0.2973632663488388,0.2911593616008758,test_pix_recon,0.006203904747963007
shapley-20260606T023438Z-75bc42d5,marginal,A,22,22,1.702649200004089,0.2947183847427368,0.2902757376432419,test_pix_recon,0.004442647099494934
shapley-20260606T023438Z-75bc42d5,marginal,A,23,23,1.7667883000030995,0.2927908897399902,0.2894975692033767,test_pix_recon,0.0032933205366134644
shapley-20260606T023438Z-75bc42d5,marginal,A,24,24,1.8260162000042328,0.2945587337017059,0.2879743278026581,test_pix_recon,0.006584405899047796
shapley-20260606T023438Z-75bc42d5,marginal,A,25,25,1.894033300006413,0.2922731041908264,0.2865633070468902,test_pix_recon,0.005709797143936213
shapley-20260606T023438Z-75bc42d5,marginal,A,26,26,1.9559474000052437,0.293218120932579,0.2844286262989044,test_pix_recon,0.008789494633674566
shapley-20260606T023438Z-75bc42d5,marginal,A,27,27,2.0167417000047863,0.2915394604206085,0.2853361815214157,test_pix_recon,0.00620327889919281
shapley-20260606T023438Z-75bc42d5,marginal,A,28,28,2.0762283000040043,0.2914443463087082,0.2838054597377777,test_pix_recon,0.007638886570930481
shapley-20260606T023438Z-75bc42d5,marginal,A,29,29,2.1390625000058208,0.2914000302553177,0.2820218354463577,test_pix_recon,0.009378194808959961
shapley-20260606T023438Z-75bc42d5,marginal,A,30,30,2.2064406000063173,0.2902282327413559,0.2838499546051025,test_pix_recon,0.0063782781362534124
shapley-20260606T023438Z-75bc42d5,marginal,A,31,31,2.2705304000046453,0.2887526154518127,0.2833443582057953,test_pix_recon,0.0054082572460174005
shapley-20260606T023438Z-75bc42d5,marginal,A,32,32,2.3315530000072613,0.2888443619012832,0.2808166444301605,test_pix_recon,0.008027717471122686
shapley-20260606T023438Z-75bc42d5,marginal,A,33,33,2.392912000010256,0.2850745916366577,0.281319335103035,test_pix_recon,0.0037552565336227417
shapley-20260606T023438Z-75bc42d5,marginal,A,34,34,2.4594074000087858,0.2860109210014343,0.2785518765449524,test_pix_recon,0.007459044456481934
shapley-20260606T023438Z-75bc42d5,marginal,A,35,35,2.5204500000072585,0.2826476395130157,0.2801826596260071,test_pix_recon,0.0024649798870086115
shapley-20260606T023438Z-75bc42d5,marginal,A,36,36,2.584322600006999,0.285832867026329,0.2788813859224319,test_pix_recon,0.006951481103897095
shapley-20260606T023438Z-75bc42d5,marginal,A,37,37,2.645288400006393,0.2819147408008575,0.2780853658914566,test_pix_recon,0.0038293749094008844
shapley-20260606T023438Z-75bc42d5,marginal,A,38,38,2.7053991000029782,0.2862404733896255,0.2783474028110504,test_pix_recon,0.007893070578575079
shapley-20260606T023438Z-75bc42d5,marginal,A,39,39,2.769384400002309,0.2846594005823135,0.2791342288255691,test_pix_recon,0.005525171756744385
shapley-20260606T023438Z-75bc42d5,marginal,A,40,40,2.8344175000056566,0.2842082381248474,0.2777631133794784,test_pix_recon,0.006445124745369013
shapley-20260606T023438Z-75bc42d5,marginal,A,41,41,2.902762900004745,0.2863976508378982,0.2768328040838241,test_pix_recon,0.009564846754074097
shapley-20260606T023438Z-75bc42d5,marginal,A,42,42,2.963228500004334,0.2808472812175751,0.279395043849945,test_pix_recon,0.0014522373676300604
shapley-20260606T023438Z-75bc42d5,marginal,A,43,43,3.022429300002841,0.2818743735551834,0.2807148545980453,test_pix_recon,0.001159518957138117
shapley-20260606T023438Z-75bc42d5,marginal,A,44,44,3.092130700002599,0.2845520228147506,0.2794607579708099,test_pix_recon,0.005091264843940735
shapley-20260606T023438Z-75bc42d5,marginal,A,45,45,3.161306300000433,0.2838411182165146,0.2794617563486099,test_pix_recon,0.004379361867904663
shapley-20260606T023438Z-75bc42d5,marginal,A,46,46,3.222156799998629,0.2842485010623932,0.2793465703725815,test_pix_recon,0.0049019306898117065
shapley-20260606T023438Z-75bc42d5,marginal,A,47,47,3.282224699996732,0.2860118001699447,0.2789154201745987,test_pix_recon,0.007096379995346014
shapley-20260606T023438Z-75bc42d5,marginal,A,48,48,3.3452565999978106,0.2844643890857696,0.2802271842956543,test_pix_recon,0.004237204790115301
shapley-20260606T023438Z-75bc42d5,marginal,A,49,49,3.415113799997925,0.2829980105161667,0.2777625471353531,test_pix_recon,0.005235463380813599
shapley-20260606T023438Z-75bc42d5,marginal,A,50,50,3.478248399998847,0.2865907549858093,0.2754496783018112,test_pix_recon,0.011141076683998108
shapley-20260606T023438Z-75bc42d5,marginal,A,51,51,3.5410871999993105,0.2846923023462295,0.2778732478618622,test_pix_recon,0.006819054484367315
shapley-20260606T023438Z-75bc42d5,marginal,A,52,52,3.606328099998791,0.2842768281698227,0.2780128270387649,test_pix_recon,0.006264001131057795
shapley-20260606T023438Z-75bc42d5,marginal,A,53,53,3.668874699997105,0.2834445387125015,0.2772552967071533,test_pix_recon,0.006189242005348206
shapley-20260606T023438Z-75bc42d5,marginal,A,54,54,3.7313470999979472,0.2843613028526306,0.2793186902999878,test_pix_recon,0.005042612552642822
shapley-20260606T023438Z-75bc42d5,marginal,A,55,55,3.7940302999959385,0.2839445918798446,0.2793114781379699,test_pix_recon,0.004633113741874695
shapley-20260606T023438Z-75bc42d5,marginal,A,56,56,3.853602699993644,0.2841873317956924,0.2820627689361572,test_pix_recon,0.0021245628595351618
shapley-20260606T023438Z-75bc42d5,marginal,A,57,57,3.912645699991117,0.2873851060867309,0.284959614276886,test_pix_recon,0.002425491809844915
shapley-20260606T023438Z-75bc42d5,marginal,A,58,58,3.972081599989906,0.2890483438968658,0.2832700908184051,test_pix_recon,0.005778253078460693
shapley-20260606T023438Z-75bc42d5,marginal,A,59,59,4.031154799988144,0.2852504998445511,0.2805060297250747,test_pix_recon,0.004744470119476374
shapley-20260606T023438Z-75bc42d5,marginal,A,60,60,4.097616599989124,0.2828606963157654,0.2809654176235199,test_pix_recon,0.0018952786922454834
shapley-20260606T023438Z-75bc42d5,marginal,A,61,61,4.164657899986196,0.2831968367099762,0.2841904312372207,test_pix_recon,-0.0009935945272445124
shapley-20260606T023438Z-75bc42d5,marginal,A,62,62,4.228974899986497,0.2834425419569015,0.2826869636774063,test_pix_recon,0.0007555782794951837
shapley-20260606T023438Z-75bc42d5,marginal,A,63,63,4.2909533999845735,0.2844296395778656,0.2783719599246979,test_pix_recon,0.006057679653167725
shapley-20260606T023438Z-75bc42d5,marginal,A,64,64,4.350271999985125,0.2848401814699173,0.2815108448266983,test_pix_recon,0.003329336643218994
shapley-20260606T023438Z-75bc42d5,marginal,A,65,65,4.414642699986871,0.2833840250968933,0.2834367603063583,test_pix_recon,-5.2735209464971344e-05
shapley-20260606T023438Z-75bc42d5,marginal,A,66,66,4.478191799986234,0.2831864804029464,0.2814077734947204,test_pix_recon,0.0017787069082260132
shapley-20260606T023438Z-75bc42d5,marginal,A,67,67,4.536666199986939,0.2876522988080978,0.2844036370515823,test_pix_recon,0.003248661756515503
shapley-20260606T023438Z-75bc42d5,marginal,A,68,68,4.607987999988836,0.288168802857399,0.2804693132638931,test_pix_recon,0.007699489593505859
shapley-20260606T023438Z-75bc42d5,marginal,A,69,69,4.670806799989805,0.2859689891338348,0.2822711765766144,test_pix_recon,0.0036978125572204035
shapley-20260606T023438Z-75bc42d5,marginal,A,70,70,4.731391899989831,0.2881062775850296,0.2791410684585571,test_pix_recon,0.008965209126472529
shapley-20260606T023438Z-75bc42d5,marginal,A,71,71,4.792042599987326,0.2886983603239059,0.2896340787410736,test_pix_recon,-0.0009357184171677191
shapley-20260606T023438Z-75bc42d5,marginal,A,72,72,4.8516987999901175,0.2891951203346252,0.283228188753128,test_pix_recon,0.005966931581497192
shapley-20260606T023438Z-75bc42d5,marginal,A,73,73,4.914395999992848,0.2890290021896362,0.2903565466403961,test_pix_recon,-0.0013275444507599432
shapley-20260606T023438Z-75bc42d5,marginal,A,74,74,4.973533699991094,0.29423888027668,0.2853573560714721,test_pix_recon,0.00888152420520788
shapley-20260606T023438Z-75bc42d5,marginal,A,75,75,5.0383595999883255,0.2929066270589828,0.286629855632782,test_pix_recon,0.006276771426200811
shapley-20260606T023438Z-75bc42d5,marginal,A,76,76,5.100357499988604,0.2913320660591125,0.2878371924161911,test_pix_recon,0.0034948736429213922
shapley-20260606T023438Z-75bc42d5,marginal,A,77,77,5.16025419998914,0.2876652032136917,0.2907684743404388,test_pix_recon,-0.003103271126747076
shapley-20260606T023438Z-75bc42d5,marginal,A,78,78,5.223083699991548,0.2887410223484039,0.2917303889989853,test_pix_recon,-0.0029893666505814154
shapley-20260606T023438Z-75bc42d5,marginal,A,79,79,5.285225399991759,0.2937200963497162,0.2862405329942703,test_pix_recon,0.007479563355445862
shapley-20260606T023438Z-75bc42d5,marginal,A,80,80,5.344140599991079,0.2971761375665664,0.2856407016515732,test_pix_recon,0.01153543591499323
shapley-20260606T023438Z-75bc42d5,marginal,A,81,81,5.4037287999926775,0.2928953468799591,0.2847899049520492,test_pix_recon,0.008105441927909907
shapley-20260606T023438Z-75bc42d5,marginal,A,82,82,5.466110099994694,0.2953412979841232,0.2887295037508011,test_pix_recon,0.006611794233322088
shapley-20260606T023438Z-75bc42d5,marginal,A,83,83,5.52745569999388,0.2986875474452972,0.2888218015432358,test_pix_recon,0.009865745902061407
shapley-20260606T023438Z-75bc42d5,marginal,A,84,84,5.589985499991599,0.2959423661231994,0.295032188296318,test_pix_recon,0.0009101778268814087
shapley-20260606T023438Z-75bc42d5,marginal,A,85,85,5.65147879999131,0.2973221838474273,0.29075488448143,test_pix_recon,0.0065672993659973145
shapley-20260606T023438Z-75bc42d5,marginal,A,86,86,5.711905799991655,0.3037976175546646,0.2926571071147918,test_pix_recon,0.011140510439872797
shapley-20260606T023438Z-75bc42d5,marginal,A,87,87,5.772363199994288,0.3020705729722976,0.2895427495241165,test_pix_recon,0.012527823448181097
shapley-20260606T023438Z-75bc42d5,marginal,A,88,88,5.836300899994967,0.296804666519165,0.2911836355924606,test_pix_recon,0.005621030926704407
shapley-20260606T023438Z-75bc42d5,marginal,A,89,89,5.900251799997932,0.2982021570205688,0.2950164526700973,test_pix_recon,0.0031857043504714966
shapley-20260606T023438Z-75bc42d5,marginal,A,90,90,5.969498300000851,0.2995658665895462,0.2943427711725235,test_pix_recon,0.005223095417022705
shapley-20260606T023438Z-75bc42d5,marginal,A,91,91,6.034652000002097,0.2986523658037185,0.2930476069450378,test_pix_recon,0.005604758858680725
shapley-20260606T023438Z-75bc42d5,marginal,A,92,92,6.098433000002842,0.2971535176038742,0.296670064330101,test_pix_recon,0.00048345327377319336
shapley-20260606T023438Z-75bc42d5,marginal,A,93,93,6.165835900003003,0.2958606630563736,0.2961683720350265,test_pix_recon,-0.0003077089786528986
shapley-20260606T023438Z-75bc42d5,marginal,A,94,94,6.23337320000428,0.2969100475311279,0.2950893491506576,test_pix_recon,0.0018206983804702759
shapley-20260606T023438Z-75bc42d5,marginal,A,95,95,6.29587580000225,0.3043512254953384,0.2931057810783386,test_pix_recon,0.011245444416999761
shapley-20260606T023438Z-75bc42d5,marginal,A,96,96,6.361959600002592,0.3004934638738632,0.2969891279935837,test_pix_recon,0.003504335880279541
shapley-20260606T023438Z-75bc42d5,marginal,A,97,97,6.425792000005458,0.3023605495691299,0.2984655797481537,test_pix_recon,0.003894969820976202
shapley-20260606T023438Z-75bc42d5,marginal,A,98,98,6.489713500006474,0.3054298162460327,0.3005270063877105,test_pix_recon,0.004902809858322199
shapley-20260606T023438Z-75bc42d5,marginal,A,99,99,6.562060800006293,0.3035816699266433,0.302917018532753,test_pix_recon,0.0006646513938903253
shapley-20260606T023438Z-75bc42d5,marginal,A,100,100,6.629643300006137,0.3052269667387008,0.3078361600637436,test_pix_recon,-0.00260919332504278
shapley-20260606T023438Z-75bc42d5,marginal,A,101,101,6.695125600002939,0.3048913478851318,0.3003536164760589,test_pix_recon,0.004537731409072876
shapley-20260606T023438Z-75bc42d5,marginal,A,102,102,6.757983200001036,0.3087571412324905,0.3014619946479797,test_pix_recon,0.007295146584510803
shapley-20260606T023438Z-75bc42d5,marginal,A,103,103,6.83378889999949,0.3079119175672531,0.3069151937961578,test_pix_recon,0.0009967237710953314
shapley-20260606T023438Z-75bc42d5,marginal,A,104,104,6.903882599999633,0.3072945922613144,0.3044053167104721,test_pix_recon,0.002889275550842285
shapley-20260606T023438Z-75bc42d5,marginal,A,105,105,6.969095799999195,0.3080738633871078,0.3027999550104141,test_pix_recon,0.00527390837669367
shapley-20260606T023438Z-75bc42d5,marginal,A,106,106,7.0397082999988925,0.313086062669754,0.308472603559494,test_pix_recon,0.004613459110259954
shapley-20260606T023438Z-75bc42d5,marginal,A,107,107,7.102951999997458,0.3086877018213272,0.3074145764112472,test_pix_recon,0.0012731254100800116
shapley-20260606T023438Z-75bc42d5,marginal,A,108,108,7.169896899995365,0.3096942156553268,0.3106220215559006,test_pix_recon,-0.000927805900573786
shapley-20260606T023438Z-75bc42d5,marginal,A,109,109,7.236515899996448,0.3115184009075165,0.3100205063819885,test_pix_recon,0.001497894525527954
shapley-20260606T023438Z-75bc42d5,marginal,A,110,110,7.30230429999574,0.3134635686874389,0.3107885122299194,test_pix_recon,0.0026750564575195312
shapley-20260606T023438Z-75bc42d5,marginal,A,111,111,7.365679099995759,0.3157510161399841,0.3161331117153168,test_pix_recon,-0.0003820955753326971
shapley-20260606T023438Z-75bc42d5,marginal,A,112,112,7.431772799995087,0.316570371389389,0.3099110722541809,test_pix_recon,0.006659299135208074
shapley-20260606T023438Z-75bc42d5,marginal,A,113,113,7.502180699993914,0.3181271106004715,0.3087060451507568,test_pix_recon,0.009421065449714716
shapley-20260606T023438Z-75bc42d5,marginal,A,114,114,7.569864999994024,0.3142175525426864,0.3159335404634475,test_pix_recon,-0.0017159879207611084
shapley-20260606T023438Z-75bc42d5,marginal,A,115,115,7.636255999994319,0.3167573362588882,0.3151151686906814,test_pix_recon,0.0016421675682067871
shapley-20260606T023438Z-75bc42d5,marginal,A,116,116,7.699381999991601,0.3183503746986389,0.3160011619329452,test_pix_recon,0.00234921276569372
shapley-20260606T023438Z-75bc42d5,marginal,A,117,117,7.762126899990108,0.3209697306156158,0.3130756318569183,test_pix_recon,0.00789409875869751
shapley-20260606T023438Z-75bc42d5,marginal,A,118,118,7.824965499992686,0.322709396481514,0.3164022117853164,test_pix_recon,0.006307184696197565
shapley-20260606T023438Z-75bc42d5,marginal,A,119,119,7.887254299992492,0.3247330486774444,0.3226052522659302,test_pix_recon,0.0021277964115142267
shapley-20260606T023438Z-75bc42d5,marginal,A,120,120,7.953642699991178,0.31681989133358,0.3215270042419433,test_pix_recon,-0.004707112908363287
shapley-20260606T023438Z-75bc42d5,marginal,A,121,121,8.016569199990045,0.3286766856908798,0.3202932626008987,test_pix_recon,0.008383423089981135
shapley-20260606T023438Z-75bc42d5,marginal,A,122,122,8.090061499991862,0.3308080285787582,0.3214539140462875,test_pix_recon,0.009354114532470703
shapley-20260606T023438Z-75bc42d5,marginal,A,123,123,8.156423699991137,0.3261104524135589,0.3317646980285644,test_pix_recon,-0.005654245615005493
shapley-20260606T023438Z-75bc42d5,marginal,A,124,124,8.225520899992262,0.3286808878183365,0.3299541175365448,test_pix_recon,-0.001273229718208313
shapley-20260606T023438Z-75bc42d5,marginal,A,125,125,8.29514799999015,0.3273784518241882,0.3246527910232544,test_pix_recon,0.0027256608009337824
shapley-20260606T023438Z-75bc42d5,marginal,A,126,126,8.36668839999038,0.3297263085842132,0.3330197334289551,test_pix_recon,-0.003293424844741877
shapley-20260606T023438Z-75bc42d5,marginal,A,127,127,8.429684099988663,0.3263763338327408,0.3299006521701813,test_pix_recon,-0.0035243183374404907
shapley-20260606T023438Z-75bc42d5,marginal,A,128,128,8.49654299998656,0.3288791328668594,0.3293730318546295,test_pix_recon,-0.0004938989877701361
shapley-20260606T023438Z-75bc42d5,marginal,A,129,129,8.563929499985534,0.3233177661895752,0.3278999477624893,test_pix_recon,-0.0045821815729141235
shapley-20260606T023438Z-75bc42d5,marginal,A,130,130,8.629902299984678,0.333354040980339,0.3261335790157318,test_pix_recon,0.007220461964607183
shapley-20260606T023438Z-75bc42d5,marginal,A,131,131,8.693252499986556,0.3294420540332794,0.3272387981414795,test_pix_recon,0.0022032558917999268
shapley-20260606T023438Z-75bc42d5,marginal,A,132,132,8.779879299989261,0.3271238207817077,0.3229327499866485,test_pix_recon,0.004191070795059204
shapley-20260606T023438Z-75bc42d5,marginal,A,133,133,8.876578499988682,0.3282610476016998,0.3249509632587433,test_pix_recon,0.0033100843429564875
shapley-20260606T023438Z-75bc42d5,marginal,A,134,134,8.970024299989745,0.3258424401283264,0.3235971927642822,test_pix_recon,0.0022452473640441895
shapley-20260606T023438Z-75bc42d5,marginal,A,135,135,9.06360849998964,0.3323719054460525,0.3227941542863846,test_pix_recon,0.009577751159667913
shapley-20260606T023438Z-75bc42d5,marginal,A,136,136,9.13701429998764,0.3240603059530258,0.323630079627037,test_pix_recon,0.00043022632598882504
shapley-20260606T023438Z-75bc42d5,marginal,A,137,137,9.20824859998902,0.3274237513542175,0.3217503577470779,test_pix_recon,0.005673393607139587
shapley-20260606T023438Z-75bc42d5,marginal,A,138,138,9.279958399987663,0.3267723172903061,0.3223539590835571,test_pix_recon,0.004418358206749018
shapley-20260606T023438Z-75bc42d5,marginal,A,139,139,9.343605199988817,0.323988139629364,0.3208901882171631,test_pix_recon,0.0030979514122009277
shapley-20260606T023438Z-75bc42d5,marginal,A,140,140,9.41358419998869,0.3246269077062607,0.3224706500768661,test_pix_recon,0.0021562576293945868
shapley-20260606T023438Z-75bc42d5,marginal,A,141,141,9.48141319998831,0.3243384957313537,0.3225550055503845,test_pix_recon,0.0017834901809691828
shapley-20260606T023438Z-75bc42d5,marginal,A,142,142,9.546817399990688,0.3257840275764465,0.3223934769630432,test_pix_recon,0.003390550613403265
shapley-20260606T023438Z-75bc42d5,marginal,A,143,143,9.612175199992636,0.3228416740894317,0.3202388286590576,test_pix_recon,0.00260284543037409
shapley-20260606T023438Z-75bc42d5,marginal,A,144,144,9.678200599995762,0.3224274069070816,0.3193346112966537,test_pix_recon,0.003092795610427912
shapley-20260606T023438Z-75bc42d5,marginal,A,145,145,9.744749499994214,0.3223506212234497,0.3195972442626953,test_pix_recon,0.0027533769607543945
shapley-20260606T023438Z-75bc42d5,marginal,A,146,146,9.81292069999472,0.324436217546463,0.3198001980781555,test_pix_recon,0.004636019468307495
shapley-20260606T023438Z-75bc42d5,marginal,A,147,147,9.884022899994306,0.3213665783405304,0.3187838345766067,test_pix_recon,0.0025827437639237005
shapley-20260606T023438Z-75bc42d5,marginal,A,148,148,9.95547369999258,0.3236957788467407,0.3192415684461593,test_pix_recon,0.004454210400581415
shapley-20260606T023438Z-75bc42d5,marginal,A,149,149,10.022749499992642,0.323633462190628,0.3185892403125763,test_pix_recon,0.005044221878051702
shapley-20260606T023438Z-75bc42d5,marginal,A,150,150,10.08898639999461,0.3217555582523346,0.318776473402977,test_pix_recon,0.002979084849357605
shapley-20260606T023438Z-75bc42d5,marginal,A,151,151,10.155264099994383,0.3257465809583664,0.3201009929180145,test_pix_recon,0.005645588040351868
shapley-20260606T023438Z-75bc42d5,marginal,A,152,152,10.218752599994332,0.3250463008880615,0.3190182745456695,test_pix_recon,0.006028026342392023
shapley-20260606T023438Z-75bc42d5,marginal,A,153,153,10.288161199994647,0.3224165439605713,0.3173568397760391,test_pix_recon,0.0050597041845321655
shapley-20260606T023438Z-75bc42d5,marginal,A,154,154,10.35683049999716,0.3199092298746109,0.318246454000473,test_pix_recon,0.0016627758741378784
shapley-20260606T023438Z-75bc42d5,marginal,A,155,155,10.419562599996423,0.3227948993444443,0.3170964568853378,test_pix_recon,0.005698442459106501
shapley-20260606T023438Z-75bc42d5,marginal,A,156,156,10.487565699993866,0.3226380348205566,0.3157113641500473,test_pix_recon,0.006926670670509283
shapley-20260606T023438Z-75bc42d5,marginal,A,157,157,10.556336899993768,0.3238433599472046,0.3181326240301132,test_pix_recon,0.00571073591709137
shapley-20260606T023438Z-75bc42d5,marginal,A,158,158,10.622248399995442,0.3225165605545044,0.3190907835960388,test_pix_recon,0.003425776958465576
shapley-20260606T023438Z-75bc42d5,marginal,A,159,159,10.69043309999688,0.3237389773130417,0.3184221088886261,test_pix_recon,0.005316868424415588
shapley-20260606T023438Z-75bc42d5,marginal,A,160,160,10.754831299997022,0.3221853822469711,0.3175152838230133,test_pix_recon,0.004670098423957769
shapley-20260606T023438Z-75bc42d5,marginal,A,161,161,10.818228199997977,0.3213959634304046,0.3171804398298263,test_pix_recon,0.004215523600578308
shapley-20260606T023438Z-75bc42d5,marginal,A,162,162,10.881801199997426,0.3235492557287216,0.3171695172786712,test_pix_recon,0.0063797384500504095
shapley-20260606T023438Z-75bc42d5,marginal,A,163,163,10.945231699999567,0.3227934390306473,0.3162840902805328,test_pix_recon,0.006509348750114496
shapley-20260606T023438Z-75bc42d5,marginal,A,164,164,11.010668499999156,0.3206750601530075,0.3167171627283096,test_pix_recon,0.0039578974246979315
shapley-20260606T023438Z-75bc42d5,marginal,A,165,165,11.077230200000486,0.3229638040065765,0.3172963261604309,test_pix_recon,0.005667477846145574
shapley-20260606T023438Z-75bc42d5,marginal,A,166,166,11.143126000002669,0.3239439129829407,0.3172798007726669,test_pix_recon,0.006664112210273798
shapley-20260606T023438Z-75bc42d5,marginal,A,167,167,11.20835740000257,0.3213193416595459,0.3172487616539001,test_pix_recon,0.0040705800056458075
shapley-20260606T023438Z-75bc42d5,marginal,A,168,168,11.27992190000441,0.3226363360881805,0.3166304677724838,test_pix_recon,0.006005868315696661
shapley-20260606T023438Z-75bc42d5,marginal,A,169,169,11.344600800002809,0.3224781900644302,0.3166251927614212,test_pix_recon,0.005852997303008978
shapley-20260606T023438Z-75bc42d5,marginal,A,170,170,11.408863700002255,0.3209883421659469,0.3168937563896179,test_pix_recon,0.004094585776328985
shapley-20260606T023438Z-75bc42d5,marginal,A,171,171,11.47228240000186,0.3210862576961517,0.3167348057031631,test_pix_recon,0.004351451992988586
shapley-20260606T023438Z-75bc42d5,marginal,A,172,172,11.542036700000608,0.3213534355163574,0.3169235736131668,test_pix_recon,0.004429861903190613
shapley-20260606T023438Z-75bc42d5,marginal,A,173,173,11.608964500002912,0.3219520300626755,0.3169938325881958,test_pix_recon,0.004958197474479675
shapley-20260606T023438Z-75bc42d5,marginal,A,174,174,11.679085400002805,0.3204594850540161,0.3165228962898254,test_pix_recon,0.003936588764190729
shapley-20260606T023438Z-75bc42d5,marginal,A,175,175,11.743911500005195,0.3200179189443588,0.3165645003318786,test_pix_recon,0.003453418612480219
shapley-20260606T023438Z-75bc42d5,marginal,A,176,176,11.81215510000402,0.3199825584888458,0.3165993839502334,test_pix_recon,0.0033831745386124212
shapley-20260606T023438Z-75bc42d5,marginal,A,177,177,11.87851550000414,0.3206497281789779,0.316211000084877,test_pix_recon,0.004438728094100897
shapley-20260606T023438Z-75bc42d5,marginal,A,178,178,11.941946000002645,0.3207043260335922,0.3159324824810028,test_pix_recon,0.0047718435525894165
shapley-20260606T023438Z-75bc42d5,marginal,A,179,179,12.008899700002075,0.319808691740036,0.3161476999521255,test_pix_recon,0.003660991787910517
shapley-20260606T023438Z-75bc42d5,marginal,A,180,180,12.072071500002494,0.3207165598869324,0.3162558078765869,test_pix_recon,0.004460752010345459
shapley-20260606T023438Z-75bc42d5,marginal,A,181,181,12.13444150000214,0.3214781284332275,0.3163337707519531,test_pix_recon,0.0051443576812743586
shapley-20260606T023438Z-75bc42d5,marginal,A,182,182,12.200040600000648,0.3213043212890625,0.3163289725780487,test_pix_recon,0.004975348711013794
shapley-20260606T023438Z-75bc42d5,marginal,A,183,183,12.26281690000178,0.321076899766922,0.3164146393537521,test_pix_recon,0.004662260413169916
shapley-20260606T023438Z-75bc42d5,marginal,A,184,184,12.327979200003028,0.3206523507833481,0.3163643479347229,test_pix_recon,0.004288002848625183
shapley-20260606T023438Z-75bc42d5,marginal,A,185,185,12.390810700002476,0.3204486221075058,0.3164628595113754,test_pix_recon,0.003985762596130371
shapley-20260606T023438Z-75bc42d5,marginal,A,186,186,12.456032900005084,0.3203985393047333,0.3165300339460373,test_pix_recon,0.003868505358695984
shapley-20260606T023438Z-75bc42d5,marginal,A,187,187,12.520280500004446,0.3201836943626404,0.3166676759719848,test_pix_recon,0.003516018390655573
shapley-20260606T023438Z-75bc42d5,marginal,A,188,188,12.583757700005664,0.3199634104967117,0.3166883438825607,test_pix_recon,0.003275066614151001
shapley-20260606T023438Z-75bc42d5,marginal,A,189,189,12.64682160000666,0.3193386644124985,0.3165373653173446,test_pix_recon,0.002801299095153864
shapley-20260606T023438Z-75bc42d5,marginal,A,190,190,12.713489900008426,0.3188569545745849,0.3164656311273575,test_pix_recon,0.0023913234472274225
shapley-20260606T023438Z-75bc42d5,marginal,A,191,191,12.775788000006289,0.3188161849975586,0.3164373934268951,test_pix_recon,0.0023787915706635077
shapley-20260606T023438Z-75bc42d5,marginal,A,192,192,12.845609400006651,0.31890469789505,0.3164216130971908,test_pix_recon,0.002483084797859192
shapley-20260606T023438Z-75bc42d5,marginal,A,193,193,12.917860300007304,0.3189540505409241,0.3164011687040329,test_pix_recon,0.0025528818368911743
shapley-20260606T023438Z-75bc42d5,marginal,A,194,194,12.988470900007089,0.3190078139305115,0.3163824528455734,test_pix_recon,0.0026253610849380493
shapley-20260606T023438Z-75bc42d5,marginal,A,195,195,13.055337100009638,0.3193877041339874,0.3163895905017853,test_pix_recon,0.0029981136322021484
shapley-20260606T023438Z-75bc42d5,marginal,A,196,196,13.119011000009776,0.3194067478179931,0.316408097743988,test_pix_recon,0.002998650074005127
shapley-20260606T023438Z-75bc42d5,marginal,A,197,197,13.18662220000988,0.3195844441652298,0.3164449781179428,test_pix_recon,0.0031394660472869873
shapley-20260606T023438Z-75bc42d5,marginal,A,198,198,13.259257100009563,0.3196947574615478,0.3165275603532791,test_pix_recon,0.0031671971082686823
shapley-20260606T023438Z-75bc42d5,marginal,A,199,199,13.327880000008008,0.3196450620889663,0.3166041672229767,test_pix_recon,0.0030408948659896295
shapley-20260606T023503Z-2cde927b,conditional,A,0,0,0.2518338000008953,0.8634924292564392,0.8658854961395264,test_pix_recon,-0.002393066883087158
shapley-20260606T023503Z-2cde927b,conditional,A,1,1,0.3127811000013025,0.6717444360256195,0.6954716444015503,test_pix_recon,-0.023727208375930786
shapley-20260606T023503Z-2cde927b,conditional,A,2,2,0.3739362000014807,0.5698244869709015,0.5896204710006714,test_pix_recon,-0.019795984029769897
shapley-20260606T023503Z-2cde927b,conditional,A,3,3,0.4343902000036905,0.5051439106464386,0.524436354637146,test_pix_recon,-0.019292443990707397
shapley-20260606T023503Z-2cde927b,conditional,A,4,4,0.4933426000025065,0.4593895822763443,0.4894437789916992,test_pix_recon,-0.03005419671535492
shapley-20260606T023503Z-2cde927b,conditional,A,5,5,0.553235900002619,0.4276562631130218,0.457605317234993,test_pix_recon,-0.029949054121971186
shapley-20260606T023503Z-2cde927b,conditional,A,6,6,0.6126764000036928,0.4014884084463119,0.42601278424263,test_pix_recon,-0.02452437579631811
shapley-20260606T023503Z-2cde927b,conditional,A,7,7,0.675039800004015,0.3812499940395355,0.3992865681648254,test_pix_recon,-0.01803657412528986
shapley-20260606T023503Z-2cde927b,conditional,A,8,8,0.7346894000038446,0.3664758503437042,0.3774294704198837,test_pix_recon,-0.010953620076179449
shapley-20260606T023503Z-2cde927b,conditional,A,9,9,0.7950014000052761,0.353677287697792,0.3602351546287536,test_pix_recon,-0.006557866930961609
shapley-20260606T023503Z-2cde927b,conditional,A,10,10,0.8547054000046046,0.3436003178358078,0.3462267369031906,test_pix_recon,-0.0026264190673828125
shapley-20260606T023503Z-2cde927b,conditional,A,11,11,0.918080600004032,0.3359581530094147,0.336444541811943,test_pix_recon,-0.00048638880252832584
shapley-20260606T023503Z-2cde927b,conditional,A,12,12,0.9803964000057022,0.3328720331192016,0.3329254537820816,test_pix_recon,-5.342066287999936e-05
shapley-20260606T023503Z-2cde927b,conditional,A,13,13,1.0396900000087044,0.325100377202034,0.3244703561067581,test_pix_recon,0.0006300210952758789
shapley-20260606T023503Z-2cde927b,conditional,A,14,14,1.1031696000063675,0.3175668269395828,0.3162795752286911,test_pix_recon,0.0012872517108917236
shapley-20260606T023503Z-2cde927b,conditional,A,15,15,1.1668017000047255,0.3123016953468323,0.3099792748689651,test_pix_recon,0.002322420477867182
shapley-20260606T023503Z-2cde927b,conditional,A,16,16,1.2284721000032732,0.3108341991901397,0.3083884716033935,test_pix_recon,0.002445727586746216
shapley-20260606T023503Z-2cde927b,conditional,A,17,17,1.2908137000013085,0.3063815385103225,0.3034302592277527,test_pix_recon,0.0029512792825698297
shapley-20260606T023503Z-2cde927b,conditional,A,18,18,1.3524651000006995,0.3029714673757553,0.2985069751739502,test_pix_recon,0.004464492201805115
shapley-20260606T023503Z-2cde927b,conditional,A,19,19,1.41603749999922,0.2980021387338638,0.2948096394538879,test_pix_recon,0.003192499279975891
shapley-20260606T023503Z-2cde927b,conditional,A,20,20,1.479181200000312,0.2977703958749771,0.2933899611234665,test_pix_recon,0.00438043475151062
shapley-20260606T023503Z-2cde927b,conditional,A,21,21,1.5424242000008237,0.2975601106882095,0.2911593616008758,test_pix_recon,0.006400749087333679
shapley-20260606T023503Z-2cde927b,conditional,A,22,22,1.6036840999986453,0.294523537158966,0.2902757376432419,test_pix_recon,0.004247799515724127
shapley-20260606T023503Z-2cde927b,conditional,A,23,23,1.6636953999986872,0.2924840748310089,0.2894975692033767,test_pix_recon,0.0029865056276321966
shapley-20260606T023503Z-2cde927b,conditional,A,24,24,1.726480299996183,0.2900652140378952,0.2879743278026581,test_pix_recon,0.0020908862352371216
shapley-20260606T023503Z-2cde927b,conditional,A,25,25,1.7880204999964917,0.2902689725160599,0.2865633070468902,test_pix_recon,0.003705665469169672
shapley-20260606T023503Z-2cde927b,conditional,A,26,26,1.84737309999764,0.286759614944458,0.2844286262989044,test_pix_recon,0.002330988645553589
shapley-20260606T023503Z-2cde927b,conditional,A,27,27,1.9107148999974013,0.28694748878479,0.2853361815214157,test_pix_recon,0.001611307263374273
shapley-20260606T023503Z-2cde927b,conditional,A,28,28,1.9758479999982228,0.2845375537872314,0.2838054597377777,test_pix_recon,0.0007320940494536798
shapley-20260606T023503Z-2cde927b,conditional,A,29,29,2.036172299998725,0.2863786369562149,0.2820218354463577,test_pix_recon,0.004356801509857178
shapley-20260606T023503Z-2cde927b,conditional,A,30,30,2.0993248999984644,0.2875359356403351,0.2838499546051025,test_pix_recon,0.0036859810352325995
shapley-20260606T023503Z-2cde927b,conditional,A,31,31,2.163080499998614,0.2859268933534622,0.2833443582057953,test_pix_recon,0.002582535147666931
shapley-20260606T023503Z-2cde927b,conditional,A,32,32,2.2256631999989622,0.2860729545354843,0.2808166444301605,test_pix_recon,0.0052563101053237915
shapley-20260606T023503Z-2cde927b,conditional,A,33,33,2.28877079999802,0.2861249893903732,0.281319335103035,test_pix_recon,0.004805654287338201
shapley-20260606T023503Z-2cde927b,conditional,A,34,34,2.35054389999641,0.2855685800313949,0.2785518765449524,test_pix_recon,0.00701670348644251
shapley-20260606T023503Z-2cde927b,conditional,A,35,35,2.41330499999458,0.2820614129304886,0.2801826596260071,test_pix_recon,0.0018787533044815063
shapley-20260606T023503Z-2cde927b,conditional,A,36,36,2.478802599995106,0.2837741076946258,0.2788813859224319,test_pix_recon,0.004892721772193909
shapley-20260606T023503Z-2cde927b,conditional,A,37,37,2.5395301999960798,0.2860682755708694,0.2780853658914566,test_pix_recon,0.007982909679412786
shapley-20260606T023503Z-2cde927b,conditional,A,38,38,2.599032999994961,0.2826965302228927,0.2783474028110504,test_pix_recon,0.004349127411842291
shapley-20260606T023503Z-2cde927b,conditional,A,39,39,2.661678699994809,0.2813903093338012,0.2791342288255691,test_pix_recon,0.0022560805082321167
shapley-20260606T023503Z-2cde927b,conditional,A,40,40,2.726578599995264,0.2819583266973495,0.2777631133794784,test_pix_recon,0.004195213317871094
shapley-20260606T023503Z-2cde927b,conditional,A,41,41,2.7904055999970296,0.2819188684225082,0.2768328040838241,test_pix_recon,0.005086064338684082
shapley-20260606T023503Z-2cde927b,conditional,A,42,42,2.8538471999963804,0.282891497015953,0.279395043849945,test_pix_recon,0.0034964531660079956
shapley-20260606T023503Z-2cde927b,conditional,A,43,43,2.920804599994881,0.2877743691205978,0.2807148545980453,test_pix_recon,0.00705951452255249
shapley-20260606T023503Z-2cde927b,conditional,A,44,44,2.983382899994467,0.2822871953248977,0.2794607579708099,test_pix_recon,0.0028264373540878296
shapley-20260606T023503Z-2cde927b,conditional,A,45,45,3.046140699992975,0.2824892103672027,0.2794617563486099,test_pix_recon,0.003027454018592779
shapley-20260606T023503Z-2cde927b,conditional,A,46,46,3.108652299993992,0.2831649035215378,0.2793465703725815,test_pix_recon,0.003818333148956299
shapley-20260606T023503Z-2cde927b,conditional,A,47,47,3.176811599994835,0.2813335657119751,0.2789154201745987,test_pix_recon,0.002418145537376404
shapley-20260606T023503Z-2cde927b,conditional,A,48,48,3.235571599994728,0.2838948667049408,0.2802271842956543,test_pix_recon,0.003667682409286499
shapley-20260606T023503Z-2cde927b,conditional,A,49,49,3.29663229999278,0.2801279425621032,0.2777625471353531,test_pix_recon,0.0023653954267501276
shapley-20260606T023503Z-2cde927b,conditional,A,50,50,3.3585345999927085,0.28297258913517,0.2754496783018112,test_pix_recon,0.007522910833358765
shapley-20260606T023503Z-2cde927b,conditional,A,51,51,3.4224002999908407,0.2861081659793854,0.2778732478618622,test_pix_recon,0.008234918117523193
shapley-20260606T023503Z-2cde927b,conditional,A,52,52,3.485856299990701,0.2855839729309082,0.2780128270387649,test_pix_recon,0.007571145892143305
shapley-20260606T023503Z-2cde927b,conditional,A,53,53,3.547641899989685,0.2854817807674408,0.2772552967071533,test_pix_recon,0.008226484060287476
shapley-20260606T023503Z-2cde927b,conditional,A,54,54,3.6108033999917097,0.2866001278162002,0.2793186902999878,test_pix_recon,0.007281437516212408
shapley-20260606T023503Z-2cde927b,conditional,A,55,55,3.673937299990939,0.2829076647758484,0.2793114781379699,test_pix_recon,0.0035961866378784735
shapley-20260606T023503Z-2cde927b,conditional,A,56,56,3.734663499992166,0.2812269479036331,0.2820627689361572,test_pix_recon,-0.0008358210325241089
shapley-20260606T023503Z-2cde927b,conditional,A,57,57,3.8008792999899015,0.2806316912174225,0.284959614276886,test_pix_recon,-0.004327923059463501
shapley-20260606T023503Z-2cde927b,conditional,A,58,58,3.8640328999899793,0.2804089188575744,0.2832700908184051,test_pix_recon,-0.0028611719608306885
shapley-20260606T023503Z-2cde927b,conditional,A,59,59,3.9266077999891422,0.2821350842714309,0.2805060297250747,test_pix_recon,0.0016290545463562012
shapley-20260606T023503Z-2cde927b,conditional,A,60,60,3.9906286999867007,0.2855758965015411,0.2809654176235199,test_pix_recon,0.004610478878021185
shapley-20260606T023503Z-2cde927b,conditional,A,61,61,4.053541899986158,0.2846299558877945,0.2841904312372207,test_pix_recon,0.000439524650573786
shapley-20260606T023503Z-2cde927b,conditional,A,62,62,4.112578299984307,0.2831124514341354,0.2826869636774063,test_pix_recon,0.00042548775672907047
shapley-20260606T023503Z-2cde927b,conditional,A,63,63,4.171321399982844,0.2838936895132065,0.2783719599246979,test_pix_recon,0.005521729588508606
shapley-20260606T023503Z-2cde927b,conditional,A,64,64,4.230492999980925,0.2825835645198822,0.2815108448266983,test_pix_recon,0.001072719693183899
shapley-20260606T023503Z-2cde927b,conditional,A,65,65,4.288911899981031,0.2839755862951278,0.2834367603063583,test_pix_recon,0.0005388259887695312
shapley-20260606T023503Z-2cde927b,conditional,A,66,66,4.35243139998056,0.2875058799982071,0.2814077734947204,test_pix_recon,0.006098106503486689
shapley-20260606T023503Z-2cde927b,conditional,A,67,67,4.410969599983218,0.2835946381092071,0.2844036370515823,test_pix_recon,-0.0008089989423751831
shapley-20260606T023503Z-2cde927b,conditional,A,68,68,4.4757806999805325,0.2857570797204971,0.2804693132638931,test_pix_recon,0.005287766456603948
shapley-20260606T023503Z-2cde927b,conditional,A,69,69,4.53882419997899,0.284889742732048,0.2822711765766144,test_pix_recon,0.0026185661554335993
shapley-20260606T023503Z-2cde927b,conditional,A,70,70,4.59853259997908,0.2863977402448654,0.2791410684585571,test_pix_recon,0.007256671786308344
shapley-20260606T023503Z-2cde927b,conditional,A,71,71,4.658080199980759,0.2860324382781982,0.2896340787410736,test_pix_recon,-0.0036016404628754217
shapley-20260606T023503Z-2cde927b,conditional,A,72,72,4.719722099980572,0.2933864593505859,0.283228188753128,test_pix_recon,0.010158270597457886
shapley-20260606T023503Z-2cde927b,conditional,A,73,73,4.779174099981901,0.2915686368942261,0.2903565466403961,test_pix_recon,0.001212090253829956
shapley-20260606T023503Z-2cde927b,conditional,A,74,74,4.842664199979481,0.2894659787416458,0.2853573560714721,test_pix_recon,0.0041086226701737005
shapley-20260606T023503Z-2cde927b,conditional,A,75,75,4.908686499980831,0.2878491282463074,0.286629855632782,test_pix_recon,0.0012192726135253906
shapley-20260606T023503Z-2cde927b,conditional,A,76,76,4.97139099998094,0.288759097456932,0.2878371924161911,test_pix_recon,0.0009219050407409113
shapley-20260606T023503Z-2cde927b,conditional,A,77,77,5.032632999980706,0.2904914319515228,0.2907684743404388,test_pix_recon,-0.0002770423889159601
shapley-20260606T023503Z-2cde927b,conditional,A,78,78,5.09138719998009,0.2902445197105407,0.2917303889989853,test_pix_recon,-0.0014858692884445746
shapley-20260606T023503Z-2cde927b,conditional,A,79,79,5.151531599982263,0.2882792502641678,0.2862405329942703,test_pix_recon,0.002038717269897461
shapley-20260606T023503Z-2cde927b,conditional,A,80,80,5.210730399983731,0.2918245494365692,0.2856407016515732,test_pix_recon,0.006183847784996033
shapley-20260606T023503Z-2cde927b,conditional,A,81,81,5.269736699985515,0.2885618507862091,0.2847899049520492,test_pix_recon,0.0037719458341599066
shapley-20260606T023503Z-2cde927b,conditional,A,82,82,5.334483899983752,0.2891829907894134,0.2887295037508011,test_pix_recon,0.0004534870386123102
shapley-20260606T023503Z-2cde927b,conditional,A,83,83,5.394866699985869,0.2938474267721176,0.2888218015432358,test_pix_recon,0.005025625228881836
shapley-20260606T023503Z-2cde927b,conditional,A,84,84,5.458041799985949,0.2996306419372558,0.295032188296318,test_pix_recon,0.004598453640937805
shapley-20260606T023503Z-2cde927b,conditional,A,85,85,5.518002299984801,0.3007353991270065,0.29075488448143,test_pix_recon,0.009980514645576477
shapley-20260606T023503Z-2cde927b,conditional,A,86,86,5.576550999983738,0.301640897989273,0.2926571071147918,test_pix_recon,0.008983790874481201
shapley-20260606T023503Z-2cde927b,conditional,A,87,87,5.639481999984128,0.2980000972747803,0.2895427495241165,test_pix_recon,0.008457347750663757
shapley-20260606T023503Z-2cde927b,conditional,A,88,88,5.700722399986262,0.2996903508901596,0.2911836355924606,test_pix_recon,0.00850671529769903
shapley-20260606T023503Z-2cde927b,conditional,A,89,89,5.7602820999854885,0.2989403456449508,0.2950164526700973,test_pix_recon,0.003923892974853516
shapley-20260606T023503Z-2cde927b,conditional,A,90,90,5.833387599985144,0.2946993261575699,0.2943427711725235,test_pix_recon,0.0003565549850463867
shapley-20260606T023503Z-2cde927b,conditional,A,91,91,5.896831899986864,0.2991067767143249,0.2930476069450378,test_pix_recon,0.006059169769287109
shapley-20260606T023503Z-2cde927b,conditional,A,92,92,5.9647015999871655,0.2972998023033142,0.296670064330101,test_pix_recon,0.0006297379732131958
shapley-20260606T023503Z-2cde927b,conditional,A,93,93,6.033935599985853,0.2995662540197372,0.2961683720350265,test_pix_recon,0.0033978819847106934
shapley-20260606T023503Z-2cde927b,conditional,A,94,94,6.097917399987637,0.2988232970237732,0.2950893491506576,test_pix_recon,0.003733947873115595
shapley-20260606T023503Z-2cde927b,conditional,A,95,95,6.166443799986155,0.2973693013191223,0.2931057810783386,test_pix_recon,0.004263520240783691
shapley-20260606T023503Z-2cde927b,conditional,A,96,96,6.229278099988733,0.3015996217727661,0.2969891279935837,test_pix_recon,0.004610493779182434
shapley-20260606T023503Z-2cde927b,conditional,A,97,97,6.2942822999903,0.2997017055749893,0.2984655797481537,test_pix_recon,0.0012361258268356323
shapley-20260606T023503Z-2cde927b,conditional,A,98,98,6.360392199989292,0.3052027523517608,0.3005270063877105,test_pix_recon,0.004675745964050293
shapley-20260606T023503Z-2cde927b,conditional,A,99,99,6.425202599988552,0.3015352636575699,0.302917018532753,test_pix_recon,-0.0013817548751831055
shapley-20260606T023503Z-2cde927b,conditional,A,100,100,6.493014499988931,0.3006864637136459,0.3078361600637436,test_pix_recon,-0.007149696350097712
shapley-20260606T023503Z-2cde927b,conditional,A,101,101,6.561856299987994,0.3039413243532181,0.3003536164760589,test_pix_recon,0.003587707877159174
shapley-20260606T023503Z-2cde927b,conditional,A,102,102,6.628119099990727,0.3016752749681473,0.3014619946479797,test_pix_recon,0.00021328032016759702
shapley-20260606T023503Z-2cde927b,conditional,A,103,103,6.695479999991221,0.3052347600460052,0.3069151937961578,test_pix_recon,-0.0016804337501525879
shapley-20260606T023503Z-2cde927b,conditional,A,104,104,6.763188599994464,0.3086558878421783,0.3044053167104721,test_pix_recon,0.004250571131706182
shapley-20260606T023503Z-2cde927b,conditional,A,105,105,6.828055099991616,0.3088076561689377,0.3027999550104141,test_pix_recon,0.00600770115852356
shapley-20260606T023503Z-2cde927b,conditional,A,106,106,6.890470799989998,0.3087393045425415,0.308472603559494,test_pix_recon,0.00026670098304748535
shapley-20260606T023503Z-2cde927b,conditional,A,107,107,6.962305999990349,0.3082151412963867,0.3074145764112472,test_pix_recon,0.0008005648851395208
shapley-20260606T023503Z-2cde927b,conditional,A,108,108,7.032466499989823,0.3119200021028518,0.3106220215559006,test_pix_recon,0.0012979805469512384
shapley-20260606T023503Z-2cde927b,conditional,A,109,109,7.098866899988934,0.3123444765806198,0.3100205063819885,test_pix_recon,0.0023239701986312866
shapley-20260606T023503Z-2cde927b,conditional,A,110,110,7.162286199985829,0.309180274605751,0.3107885122299194,test_pix_recon,-0.001608237624168396
shapley-20260606T023503Z-2cde927b,conditional,A,111,111,7.227053899987368,0.3153805136680603,0.3161331117153168,test_pix_recon,-0.0007525980472564697
shapley-20260606T023503Z-2cde927b,conditional,A,112,112,7.292135399984545,0.311280757188797,0.3099110722541809,test_pix_recon,0.0013696849346160889
shapley-20260606T023503Z-2cde927b,conditional,A,113,113,7.363675299984607,0.3133991956710815,0.3087060451507568,test_pix_recon,0.004693150520324707
shapley-20260606T023503Z-2cde927b,conditional,A,114,114,7.430835199982539,0.3191873133182525,0.3159335404634475,test_pix_recon,0.0032537728548049927
shapley-20260606T023503Z-2cde927b,conditional,A,115,115,7.493830599982175,0.3160698860883713,0.3151151686906814,test_pix_recon,0.0009547173976898748
shapley-20260606T023503Z-2cde927b,conditional,A,116,116,7.559691999984352,0.3215600103139877,0.3160011619329452,test_pix_recon,0.0055588483810424805
shapley-20260606T023503Z-2cde927b,conditional,A,117,117,7.628818699984549,0.318586453795433,0.3130756318569183,test_pix_recon,0.0055108219385147095
shapley-20260606T023503Z-2cde927b,conditional,A,118,118,7.696527299984154,0.3182255029678345,0.3164022117853164,test_pix_recon,0.0018232911825180609
shapley-20260606T023503Z-2cde927b,conditional,A,119,119,7.768088499982696,0.3238556385040283,0.3226052522659302,test_pix_recon,0.0012503862380981445
shapley-20260606T023503Z-2cde927b,conditional,A,120,120,7.835676999984571,0.3241781890392303,0.3215270042419433,test_pix_recon,0.0026511847972869873
shapley-20260606T023503Z-2cde927b,conditional,A,121,121,7.898744599984639,0.3205161988735199,0.3202932626008987,test_pix_recon,0.0002229362726212103
shapley-20260606T023503Z-2cde927b,conditional,A,122,122,7.967652699982864,0.3220138996839523,0.3214539140462875,test_pix_recon,0.0005599856376647949
shapley-20260606T023503Z-2cde927b,conditional,A,123,123,8.03216539998175,0.3249214291572571,0.3317646980285644,test_pix_recon,-0.0068432688713073175
shapley-20260606T023503Z-2cde927b,conditional,A,124,124,8.095706099982635,0.324739009141922,0.3299541175365448,test_pix_recon,-0.005215108394622803
shapley-20260606T023503Z-2cde927b,conditional,A,125,125,8.164280699980736,0.3310694247484207,0.3246527910232544,test_pix_recon,0.006416633725166321
shapley-20260606T023503Z-2cde927b,conditional,A,126,126,8.230553099983808,0.3260192722082138,0.3330197334289551,test_pix_recon,-0.007000461220741272
shapley-20260606T023503Z-2cde927b,conditional,A,127,127,8.29438459998346,0.3237418234348297,0.3299006521701813,test_pix_recon,-0.0061588287353515625
shapley-20260606T023503Z-2cde927b,conditional,A,128,128,8.363481899985345,0.3298361897468567,0.3293730318546295,test_pix_recon,0.00046315789222717285
shapley-20260606T023503Z-2cde927b,conditional,A,129,129,8.434181499986153,0.325019046664238,0.3278999477624893,test_pix_recon,-0.0028809010982513428
shapley-20260606T023503Z-2cde927b,conditional,A,130,130,8.50339899998653,0.3248454183340072,0.3261335790157318,test_pix_recon,-0.0012881606817246039
shapley-20260606T023503Z-2cde927b,conditional,A,131,131,8.56839049998598,0.3230847269296646,0.3272387981414795,test_pix_recon,-0.00415407121181488
shapley-20260606T023503Z-2cde927b,conditional,A,132,132,8.635955299985653,0.325018048286438,0.3229327499866485,test_pix_recon,0.0020852982997894842
shapley-20260606T023503Z-2cde927b,conditional,A,133,133,8.703374199983955,0.3222076892852783,0.3249509632587433,test_pix_recon,-0.002743273973464966
shapley-20260606T023503Z-2cde927b,conditional,A,134,134,8.769342899984622,0.324283093214035,0.3235971927642822,test_pix_recon,0.0006859004497527521
shapley-20260606T023503Z-2cde927b,conditional,A,135,135,8.835394399986399,0.3204137980937958,0.3227941542863846,test_pix_recon,-0.002380356192588806
shapley-20260606T023503Z-2cde927b,conditional,A,136,136,8.900513499986118,0.3202390521764755,0.323630079627037,test_pix_recon,-0.003391027450561468
shapley-20260606T023503Z-2cde927b,conditional,A,137,137,8.969775199988362,0.3205853253602981,0.3217503577470779,test_pix_recon,-0.0011650323867797852
shapley-20260606T023503Z-2cde927b,conditional,A,138,138,9.038480399991386,0.3200844228267669,0.3223539590835571,test_pix_recon,-0.002269536256790161
shapley-20260606T023503Z-2cde927b,conditional,A,139,139,9.102618199991412,0.3203190416097641,0.3208901882171631,test_pix_recon,-0.0005711466073989868
shapley-20260606T023503Z-2cde927b,conditional,A,140,140,9.168581299989455,0.3210684508085251,0.3224706500768661,test_pix_recon,-0.001402199268341009
shapley-20260606T023503Z-2cde927b,conditional,A,141,141,9.236431299992546,0.3210978955030441,0.3225550055503845,test_pix_recon,-0.0014571100473404486
shapley-20260606T023503Z-2cde927b,conditional,A,142,142,9.299614499992458,0.3198457360267639,0.3223934769630432,test_pix_recon,-0.002547740936279297
shapley-20260606T023503Z-2cde927b,conditional,A,143,143,9.368255299992596,0.3194556832313537,0.3202388286590576,test_pix_recon,-0.0007831454277039129
shapley-20260606T023503Z-2cde927b,conditional,A,144,144,9.434667399993486,0.31817726790905,0.3193346112966537,test_pix_recon,-0.0011573433876037043
shapley-20260606T023503Z-2cde927b,conditional,A,145,145,9.501526099993498,0.3183356523513794,0.3195972442626953,test_pix_recon,-0.001261591911315918
shapley-20260606T023503Z-2cde927b,conditional,A,146,146,9.569715999994514,0.3174704164266586,0.3198001980781555,test_pix_recon,-0.0023297816514969427
shapley-20260606T023503Z-2cde927b,conditional,A,147,147,9.635914599992248,0.3172833025455475,0.3187838345766067,test_pix_recon,-0.0015005320310592096
shapley-20260606T023503Z-2cde927b,conditional,A,148,148,9.70404009999038,0.3185086101293564,0.3192415684461593,test_pix_recon,-0.000732958316802923
shapley-20260606T023503Z-2cde927b,conditional,A,149,149,9.769317699989188,0.3188519924879074,0.3185892403125763,test_pix_recon,0.0002627521753311157
shapley-20260606T023503Z-2cde927b,conditional,A,150,150,9.833442799990737,0.3191613405942917,0.318776473402977,test_pix_recon,0.00038486719131469727
shapley-20260606T023503Z-2cde927b,conditional,A,151,151,9.899200599989854,0.3185673356056213,0.3201009929180145,test_pix_recon,-0.001533657312393244
shapley-20260606T023503Z-2cde927b,conditional,A,152,152,9.969851099991502,0.3175694197416305,0.3190182745456695,test_pix_recon,-0.0014488548040390015
shapley-20260606T023503Z-2cde927b,conditional,A,153,153,10.036735699992278,0.3173470795154571,0.3173568397760391,test_pix_recon,-9.760260582025726e-06
shapley-20260606T023503Z-2cde927b,conditional,A,154,154,10.100200599990783,0.3175788819789886,0.318246454000473,test_pix_recon,-0.0006675720214844305
shapley-20260606T023503Z-2cde927b,conditional,A,155,155,10.163045199991757,0.3172541111707687,0.3170964568853378,test_pix_recon,0.0001576542854309082
shapley-20260606T023503Z-2cde927b,conditional,A,156,156,10.237165099992126,0.3172904849052429,0.3157113641500473,test_pix_recon,0.0015791207551956177
shapley-20260606T023503Z-2cde927b,conditional,A,157,157,10.300311899991357,0.3179256170988083,0.3181326240301132,test_pix_recon,-0.00020700693130493164
shapley-20260606T023503Z-2cde927b,conditional,A,158,158,10.36314269999275,0.317652553319931,0.3190907835960388,test_pix_recon,-0.0014382302761078436
shapley-20260606T023503Z-2cde927b,conditional,A,159,159,10.429862499990122,0.31685471534729,0.3184221088886261,test_pix_recon,-0.001567393541336115
shapley-20260606T023503Z-2cde927b,conditional,A,160,160,10.492650199990749,0.3165828138589859,0.3175152838230133,test_pix_recon,-0.0009324699640274048
shapley-20260606T023503Z-2cde927b,conditional,A,161,161,10.558923699991285,0.3164645433425903,0.3171804398298263,test_pix_recon,-0.000715896487236023
shapley-20260606T023503Z-2cde927b,conditional,A,162,162,10.629380599992146,0.3160855174064636,0.3171695172786712,test_pix_recon,-0.001083999872207586
shapley-20260606T023503Z-2cde927b,conditional,A,163,163,10.698435399990558,0.3160093277692795,0.3162840902805328,test_pix_recon,-0.0002747625112533014
shapley-20260606T023503Z-2cde927b,conditional,A,164,164,10.768841599990992,0.3159438669681549,0.3167171627283096,test_pix_recon,-0.0007732957601546686
shapley-20260606T023503Z-2cde927b,conditional,A,165,165,10.835582399988198,0.3154773861169815,0.3172963261604309,test_pix_recon,-0.0018189400434494019
shapley-20260606T023503Z-2cde927b,conditional,A,166,166,10.903032499987605,0.3155138939619064,0.3172798007726669,test_pix_recon,-0.001765906810760498
shapley-20260606T023503Z-2cde927b,conditional,A,167,167,10.967502299987244,0.3157150894403457,0.3172487616539001,test_pix_recon,-0.0015336722135543823
shapley-20260606T023503Z-2cde927b,conditional,A,168,168,11.038948999987042,0.3156006336212158,0.3166304677724838,test_pix_recon,-0.0010298341512680054
shapley-20260606T023503Z-2cde927b,conditional,A,169,169,11.108703899986722,0.3152344971895218,0.3166251927614212,test_pix_recon,-0.001390695571899414
shapley-20260606T023503Z-2cde927b,conditional,A,170,170,11.172599399986211,0.3150435835123062,0.3168937563896179,test_pix_recon,-0.0018501728773117065
shapley-20260606T023503Z-2cde927b,conditional,A,171,171,11.236003099988013,0.3153898268938064,0.3167348057031631,test_pix_recon,-0.0013449788093566895
shapley-20260606T023503Z-2cde927b,conditional,A,172,172,11.301529999986087,0.3155807554721832,0.3169235736131668,test_pix_recon,-0.0013428181409835815
shapley-20260606T023503Z-2cde927b,conditional,A,173,173,11.365128599987656,0.3156428933143616,0.3169938325881958,test_pix_recon,-0.0013509392738342285
shapley-20260606T023503Z-2cde927b,conditional,A,174,174,11.428381099987746,0.3155121356248855,0.3165228962898254,test_pix_recon,-0.0010107606649398804
shapley-20260606T023503Z-2cde927b,conditional,A,175,175,11.490852399987489,0.3155154287815094,0.3165645003318786,test_pix_recon,-0.0010490715503692072
shapley-20260606T023503Z-2cde927b,conditional,A,176,176,11.553471399987757,0.3157675564289093,0.3165993839502334,test_pix_recon,-0.0008318275213241022
shapley-20260606T023503Z-2cde927b,conditional,A,177,177,11.617884899987985,0.3160155713558197,0.316211000084877,test_pix_recon,-0.000195428729057312
shapley-20260606T023503Z-2cde927b,conditional,A,178,178,11.682723299989448,0.3161590099334717,0.3159324824810028,test_pix_recon,0.00022652745246887207
shapley-20260606T023503Z-2cde927b,conditional,A,179,179,11.7477831999895,0.3160625696182251,0.3161476999521255,test_pix_recon,-8.513033390039615e-05
shapley-20260606T023503Z-2cde927b,conditional,A,180,180,11.811548799989396,0.3159457892179489,0.3162558078765869,test_pix_recon,-0.0003100186586380005
shapley-20260606T023503Z-2cde927b,conditional,A,181,181,11.878492099989671,0.3157413750886917,0.3163337707519531,test_pix_recon,-0.0005923956632614136
shapley-20260606T023503Z-2cde927b,conditional,A,182,182,11.94439039998906,0.3157417923212051,0.3163289725780487,test_pix_recon,-0.0005871802568436224
shapley-20260606T023503Z-2cde927b,conditional,A,183,183,12.008983099989564,0.3157703876495361,0.3164146393537521,test_pix_recon,-0.0006442517042160034
shapley-20260606T023503Z-2cde927b,conditional,A,184,184,12.0746145999874,0.3158175051212311,0.3163643479347229,test_pix_recon,-0.0005468428134918213
shapley-20260606T023503Z-2cde927b,conditional,A,185,185,12.140418799986946,0.3158159255981445,0.3164628595113754,test_pix_recon,-0.0006469339132309515
shapley-20260606T023503Z-2cde927b,conditional,A,186,186,12.205483399986406,0.3158301264047622,0.3165300339460373,test_pix_recon,-0.0006999075412750799
shapley-20260606T023503Z-2cde927b,conditional,A,187,187,12.276820199986105,0.3158749341964721,0.3166676759719848,test_pix_recon,-0.0007927417755126953
shapley-20260606T023503Z-2cde927b,conditional,A,188,188,12.341824099985388,0.3158708363771438,0.3166883438825607,test_pix_recon,-0.0008175075054168701
shapley-20260606T023503Z-2cde927b,conditional,A,189,189,12.407441999985169,0.315837413072586,0.3165373653173446,test_pix_recon,-0.000699952244758606
shapley-20260606T023503Z-2cde927b,conditional,A,190,190,12.469690799982343,0.3157860338687897,0.3164656311273575,test_pix_recon,-0.0006795972585678101
shapley-20260606T023503Z-2cde927b,conditional,A,191,191,12.53221189998294,0.3157849460840225,0.3164373934268951,test_pix_recon,-0.0006524473428725641
shapley-20260606T023503Z-2cde927b,conditional,A,192,192,12.59530099998301,0.3157755732536316,0.3164216130971908,test_pix_recon,-0.0006460398435592096
shapley-20260606T023503Z-2cde927b,conditional,A,193,193,12.659330499984208,0.3157301694154739,0.3164011687040329,test_pix_recon,-0.0006709992885590155
shapley-20260606T023503Z-2cde927b,conditional,A,194,194,12.726374799985932,0.3157318979501724,0.3163824528455734,test_pix_recon,-0.000650554895401001
shapley-20260606T023503Z-2cde927b,conditional,A,195,195,12.794220699986909,0.3156958669424057,0.3163895905017853,test_pix_recon,-0.0006937235593795776
shapley-20260606T023503Z-2cde927b,conditional,A,196,196,12.85945949998495,0.3156385868787765,0.316408097743988,test_pix_recon,-0.0007695108652114868
shapley-20260606T023503Z-2cde927b,conditional,A,197,197,12.927575299981982,0.3155645728111267,0.3164449781179428,test_pix_recon,-0.0008804053068161011
shapley-20260606T023503Z-2cde927b,conditional,A,198,198,12.99033799998142,0.3154512941837311,0.3165275603532791,test_pix_recon,-0.0010762661695480347
shapley-20260606T023503Z-2cde927b,conditional,A,199,199,13.056422999979986,0.3153953403234482,0.3166041672229767,test_pix_recon,-0.0012088268995285034
shapley-20260606T023414Z-4c6a5561,baseline,A,0,0,0.2538408000000345,19.583693504333496,23.814656257629395,test_kl,-4.230962753295898
shapley-20260606T023414Z-4c6a5561,baseline,A,1,1,0.3166040999967663,38.26508331298828,41.750505447387695,test_kl,-3.485422134399414
shapley-20260606T023414Z-4c6a5561,baseline,A,2,2,0.375293099994451,51.57591247558594,53.19647026062012,test_kl,-1.6205577850341797
shapley-20260606T023414Z-4c6a5561,baseline,A,3,3,0.437843999992765,54.20840263366699,55.680795669555664,test_kl,-1.4723930358886719
shapley-20260606T023414Z-4c6a5561,baseline,A,4,4,0.4977256999954988,57.306318283081055,57.857526779174805,test_kl,-0.55120849609375
shapley-20260606T023414Z-4c6a5561,baseline,A,5,5,0.5597215999951004,61.69903755187988,61.67818260192871,test_kl,0.020854949951171875
shapley-20260606T023414Z-4c6a5561,baseline,A,6,6,0.6225944999969215,65.78506851196289,65.44333267211914,test_kl,0.34173583984375
shapley-20260606T023414Z-4c6a5561,baseline,A,7,7,0.6828521999959776,69.45030212402344,69.5728530883789,test_kl,-0.12255096435546875
shapley-20260606T023414Z-4c6a5561,baseline,A,8,8,0.741852299994207,71.53042221069336,72.79622268676758,test_kl,-1.2658004760742188
shapley-20260606T023414Z-4c6a5561,baseline,A,9,9,0.8001354999942123,74.43932723999023,75.64864730834961,test_kl,-1.209320068359375
shapley-20260606T023414Z-4c6a5561,baseline,A,10,10,0.862867499996355,76.40668487548828,77.86441040039062,test_kl,-1.4577255249023438
shapley-20260606T023414Z-4c6a5561,baseline,A,11,11,0.9290627999944264,48.3731861114502,48.42495536804199,test_kl,-0.05176925659178977
shapley-20260606T023414Z-4c6a5561,baseline,A,12,12,0.9886551999952644,25.592010498046875,27.060142517089844,test_kl,-1.4681320190429688
shapley-20260606T023414Z-4c6a5561,baseline,A,13,13,1.04843699999401,34.91959381103516,37.33905601501465,test_kl,-2.419462203979485
shapley-20260606T023414Z-4c6a5561,baseline,A,14,14,1.1107744999935676,46.85052680969238,48.16973876953125,test_kl,-1.3192119598388672
shapley-20260606T023414Z-4c6a5561,baseline,A,15,15,1.16893849999542,43.033315658569336,43.222843170166016,test_kl,-0.1895275115966797
shapley-20260606T023414Z-4c6a5561,baseline,A,16,16,1.2326643999949738,27.567362785339355,27.17680549621582,test_kl,0.39055728912353516
shapley-20260606T023414Z-4c6a5561,baseline,A,17,17,1.294319099997665,27.146944999694824,27.19189739227295,test_kl,-0.044952392578125
shapley-20260606T023414Z-4c6a5561,baseline,A,18,18,1.3581868999972355,38.53046798706055,38.97188186645508,test_kl,-0.44141387939453125
shapley-20260606T023414Z-4c6a5561,baseline,A,19,19,1.4193036999968172,39.08876609802246,39.47430610656738,test_kl,-0.3855400085449219
shapley-20260606T023414Z-4c6a5561,baseline,A,20,20,1.4824509999962174,27.53252220153809,27.366130828857425,test_kl,0.16639137268066406
shapley-20260606T023414Z-4c6a5561,baseline,A,21,21,1.5424756999964302,21.61931324005127,24.12749481201172,test_kl,-2.508181571960449
shapley-20260606T023414Z-4c6a5561,baseline,A,22,22,1.603781599998911,26.81645774841309,31.548208236694336,test_kl,-4.7317504882812464
shapley-20260606T023414Z-4c6a5561,baseline,A,23,23,1.6665235999971628,24.72341823577881,30.212241172790527,test_kl,-5.488822937011719
shapley-20260606T023414Z-4c6a5561,baseline,A,24,24,1.7295186999945145,19.471415519714355,22.25236797332764,test_kl,-2.780952453613285
shapley-20260606T023414Z-4c6a5561,baseline,A,25,25,1.794139499994344,22.65073776245117,25.252689361572266,test_kl,-2.6019515991210973
shapley-20260606T023414Z-4c6a5561,baseline,A,26,26,1.852338699995016,20.67014217376709,24.764376640319824,test_kl,-4.094234466552734
shapley-20260606T023414Z-4c6a5561,baseline,A,27,27,1.9124220999947283,20.949366569519043,20.390151023864743,test_kl,0.5592155456543004
shapley-20260606T023414Z-4c6a5561,baseline,A,28,28,1.9705615999955624,20.367547035217285,22.735196113586422,test_kl,-2.367649078369137
shapley-20260606T023414Z-4c6a5561,baseline,A,29,29,2.0338886999961687,18.608891487121586,20.98385524749756,test_kl,-2.374963760375973
shapley-20260606T023414Z-4c6a5561,baseline,A,30,30,2.096151399997325,19.903603553771973,18.73848342895508,test_kl,1.165120124816891
shapley-20260606T023414Z-4c6a5561,baseline,A,31,31,2.170270699996763,18.481475830078125,21.567055702209476,test_kl,-3.085579872131351
shapley-20260606T023414Z-4c6a5561,baseline,A,32,32,2.2355837999966752,16.792295455932617,19.219416618347168,test_kl,-2.427121162414551
shapley-20260606T023414Z-4c6a5561,baseline,A,33,33,2.2981955999966885,18.608736038208008,17.39908790588379,test_kl,1.2096481323242188
shapley-20260606T023414Z-4c6a5561,baseline,A,34,34,2.359449899999163,17.18277359008789,16.839055061340332,test_kl,0.3437185287475586
shapley-20260606T023414Z-4c6a5561,baseline,A,35,35,2.42462919999889,16.478166580200195,15.984902381896973,test_kl,0.49326419830322266
shapley-20260606T023414Z-4c6a5561,baseline,A,36,36,2.483838799998921,16.100890159606934,17.240177154541016,test_kl,-1.139286994934082
shapley-20260606T023414Z-4c6a5561,baseline,A,37,37,2.548800600001414,14.905070304870604,15.788991451263428,test_kl,-0.883921146392824
shapley-20260606T023414Z-4c6a5561,baseline,A,38,38,2.6117164000024786,16.184309005737305,15.568237781524658,test_kl,0.6160712242126465
shapley-20260606T023414Z-4c6a5561,baseline,A,39,39,2.6738466000024346,15.479722499847412,14.975517749786375,test_kl,0.5042047500610369
shapley-20260606T023414Z-4c6a5561,baseline,A,40,40,2.7357712000048195,14.493001461029053,14.55618667602539,test_kl,-0.06318521499633789
shapley-20260606T023414Z-4c6a5561,baseline,A,41,41,2.7966768000042066,14.412028312683104,13.786625862121582,test_kl,0.6254024505615217
shapley-20260606T023414Z-4c6a5561,baseline,A,42,42,2.857208200002788,13.818865299224854,14.60830307006836,test_kl,-0.7894377708435059
shapley-20260606T023414Z-4c6a5561,baseline,A,43,43,2.9158302000032563,13.991732120513916,13.44180393218994,test_kl,0.5499281883239764
shapley-20260606T023414Z-4c6a5561,baseline,A,44,44,2.978519700005563,12.9131178855896,13.579602718353271,test_kl,-0.6664848327636719
shapley-20260606T023414Z-4c6a5561,baseline,A,45,45,3.041313400004583,13.516699314117432,13.047784328460692,test_kl,0.46891498565674006
shapley-20260606T023414Z-4c6a5561,baseline,A,46,46,3.1083821000029275,12.76994276046753,13.076719284057615,test_kl,-0.3067765235900861
shapley-20260606T023414Z-4c6a5561,baseline,A,47,47,3.1717773000018497,12.6473388671875,12.304181575775146,test_kl,0.3431572914123535
shapley-20260606T023414Z-4c6a5561,baseline,A,48,48,3.235043800003041,12.546772480010986,12.874395370483398,test_kl,-0.3276228904724121
shapley-20260606T023414Z-4c6a5561,baseline,A,49,49,3.299836400001368,11.820787906646729,12.542837619781494,test_kl,-0.7220497131347656
shapley-20260606T023414Z-4c6a5561,baseline,A,50,50,3.3628557000010915,11.957258701324465,12.21116542816162,test_kl,-0.25390672683715465
shapley-20260606T023414Z-4c6a5561,baseline,A,51,51,3.427134200002911,11.638907432556152,11.793846607208252,test_kl,-0.1549391746520996
shapley-20260606T023414Z-4c6a5561,baseline,A,52,52,3.4930105000021285,12.124013900756836,11.589391231536863,test_kl,0.5346226692199725
shapley-20260606T023414Z-4c6a5561,baseline,A,53,53,3.5557007000024896,11.491833209991457,11.18844985961914,test_kl,0.30338335037231623
shapley-20260606T023414Z-4c6a5561,baseline,A,54,54,3.6158850000028906,10.793532371520996,11.363054752349854,test_kl,-0.5695223808288574
shapley-20260606T023414Z-4c6a5561,baseline,A,55,55,3.682116399999359,11.079543113708496,10.863893985748293,test_kl,0.2156491279602033
shapley-20260606T023414Z-4c6a5561,baseline,A,56,56,3.742177999996784,11.33341646194458,11.197856903076172,test_kl,0.1355595588684082
shapley-20260606T023414Z-4c6a5561,baseline,A,57,57,3.80884039999728,10.86324167251587,10.225905418395996,test_kl,0.637336254119873
shapley-20260606T023414Z-4c6a5561,baseline,A,58,58,3.8699893999983033,10.00784158706665,10.219232082366943,test_kl,-0.21139049530029297
shapley-20260606T023414Z-4c6a5561,baseline,A,59,59,3.934456200000568,10.040292263031006,10.5419602394104,test_kl,-0.5016679763793945
shapley-20260606T023414Z-4c6a5561,baseline,A,60,60,4.001215399999637,10.282681941986084,10.46448564529419,test_kl,-0.18180370330810547
shapley-20260606T023414Z-4c6a5561,baseline,A,61,61,4.067067100000713,10.371236324310305,9.987316131591797,test_kl,0.38392019271850764
shapley-20260606T023414Z-4c6a5561,baseline,A,62,62,4.127671600002941,10.027107238769531,9.704780101776125,test_kl,0.3223271369934064
shapley-20260606T023414Z-4c6a5561,baseline,A,63,63,4.190557000001718,10.299991607666016,10.033791065216064,test_kl,0.26620054244995117
shapley-20260606T023414Z-4c6a5561,baseline,A,64,64,4.2515315000018745,10.215778350830078,9.44374704360962,test_kl,0.772031307220459
shapley-20260606T023414Z-4c6a5561,baseline,A,65,65,4.31029540000236,9.691033840179443,9.128558158874512,test_kl,0.5624756813049316
shapley-20260606T023414Z-4c6a5561,baseline,A,66,66,4.368983700001991,9.382395267486572,9.33563232421875,test_kl,0.046762943267822266
shapley-20260606T023414Z-4c6a5561,baseline,A,67,67,4.432879600000888,9.214645862579346,9.01564884185791,test_kl,0.19899702072143555
shapley-20260606T023414Z-4c6a5561,baseline,A,68,68,4.499245899998641,9.19087266921997,9.12552261352539,test_kl,0.06535005569458008
shapley-20260606T023414Z-4c6a5561,baseline,A,69,69,4.562187999999878,8.903568744659424,8.946045398712158,test_kl,-0.042476654052734375
shapley-20260606T023414Z-4c6a5561,baseline,A,70,70,4.624484899999516,8.965157508850098,9.314468383789062,test_kl,-0.34931087493896484
shapley-20260606T023414Z-4c6a5561,baseline,A,71,71,4.687037399999099,8.907651901245117,8.572699546813965,test_kl,0.33495235443115234
shapley-20260606T023414Z-4c6a5561,baseline,A,72,72,4.746762399998261,8.52120304107666,8.521915435791016,test_kl,-0.0007123947143554688
shapley-20260606T023414Z-4c6a5561,baseline,A,73,73,4.805409299999155,8.765735626220703,8.431633472442627,test_kl,0.33410215377807617
shapley-20260606T023414Z-4c6a5561,baseline,A,74,74,4.870224900001631,8.462249755859375,8.318306922912598,test_kl,0.14394283294677734
shapley-20260606T023414Z-4c6a5561,baseline,A,75,75,4.934785800003738,8.745034217834473,8.007060289382935,test_kl,0.7379739284515381
shapley-20260606T023414Z-4c6a5561,baseline,A,76,76,4.995370800003002,8.371071815490723,7.962238550186157,test_kl,0.40883326530456543
shapley-20260606T023414Z-4c6a5561,baseline,A,77,77,5.05661300000429,8.592432975769043,8.193198204040527,test_kl,0.3992347717285156
shapley-20260606T023414Z-4c6a5561,baseline,A,78,78,5.122262000004412,8.02271032333374,8.034404993057251,test_kl,-0.011694669723510742
shapley-20260606T023414Z-4c6a5561,baseline,A,79,79,5.183443700003409,7.878853797912598,8.018097400665283,test_kl,-0.13924360275268555
shapley-20260606T023414Z-4c6a5561,baseline,A,80,80,5.242753700003959,7.86619758605957,7.829125642776489,test_kl,0.037071943283081055
shapley-20260606T023414Z-4c6a5561,baseline,A,81,81,5.304386100004194,8.084639072418213,7.810526132583618,test_kl,0.2741129398345947
shapley-20260606T023414Z-4c6a5561,baseline,A,82,82,5.366842700004781,7.6747660636901855,7.71750807762146,test_kl,-0.042742013931274414
shapley-20260606T023414Z-4c6a5561,baseline,A,83,83,5.432933100004448,7.401717185974121,7.255854368209839,test_kl,0.14586281776428223
shapley-20260606T023414Z-4c6a5561,baseline,A,84,84,5.499135700003535,7.36842155456543,6.894949436187744,test_kl,0.47347211837768555
shapley-20260606T023414Z-4c6a5561,baseline,A,85,85,5.561501000003773,7.804318904876709,7.290098428726196,test_kl,0.5142204761505127
shapley-20260606T023414Z-4c6a5561,baseline,A,86,86,5.626002800003334,7.197865724563599,7.7872254848480225,test_kl,-0.5893597602844238
shapley-20260606T023414Z-4c6a5561,baseline,A,87,87,5.690500500004418,6.854226350784302,7.58923602104187,test_kl,-0.7350096702575684
shapley-20260606T023414Z-4c6a5561,baseline,A,88,88,5.750306400004774,7.180983543395996,7.4748735427856445,test_kl,-0.29388999938964844
shapley-20260606T023414Z-4c6a5561,baseline,A,89,89,5.815957500006334,7.056635618209839,7.511890172958374,test_kl,-0.45525455474853516
shapley-20260606T023414Z-4c6a5561,baseline,A,90,90,5.882872400004999,7.4746785163879395,7.201893091201782,test_kl,0.2727854251861572
shapley-20260606T023414Z-4c6a5561,baseline,A,91,91,5.951445800004876,7.616198062896728,7.163737773895264,test_kl,0.45246028900146396
shapley-20260606T023414Z-4c6a5561,baseline,A,92,92,6.014380400003574,6.903875589370728,6.723144292831421,test_kl,0.18073129653930753
shapley-20260606T023414Z-4c6a5561,baseline,A,93,93,6.076313500005199,6.972954511642456,6.629406213760376,test_kl,0.3435482978820801
shapley-20260606T023414Z-4c6a5561,baseline,A,94,94,6.150428800003283,7.099808692932129,6.92256498336792,test_kl,0.17724370956420898
shapley-20260606T023414Z-4c6a5561,baseline,A,95,95,6.220113800001855,6.448575973510742,7.010357856750488,test_kl,-0.5617818832397461
shapley-20260606T023414Z-4c6a5561,baseline,A,96,96,6.290195600002335,6.853584289550781,6.916775226593018,test_kl,-0.06319093704223633
shapley-20260606T023414Z-4c6a5561,baseline,A,97,97,6.35445510000136,7.016674280166626,6.558576345443726,test_kl,0.4580979347229004
shapley-20260606T023414Z-4c6a5561,baseline,A,98,98,6.4213385000039125,6.503306150436401,6.49647068977356,test_kl,0.006835460662841797
shapley-20260606T023414Z-4c6a5561,baseline,A,99,99,6.489110000002256,6.913609504699707,6.695539236068726,test_kl,0.21807026863098145
shapley-20260606T023414Z-4c6a5561,baseline,A,100,100,6.556318300001294,6.418594837188721,6.179033517837524,test_kl,0.2395613193511963
shapley-20260606T023414Z-4c6a5561,baseline,A,101,101,6.626302900003793,6.7636494636535645,6.352209091186523,test_kl,0.411440372467041
shapley-20260606T023414Z-4c6a5561,baseline,A,102,102,6.696441100004449,6.635538101196289,6.320664405822754,test_kl,0.31487369537353516
shapley-20260606T023414Z-4c6a5561,baseline,A,103,103,6.762754200004565,6.091505289077759,6.144057989120483,test_kl,-0.05255270004272461
shapley-20260606T023414Z-4c6a5561,baseline,A,104,104,6.828407400007563,6.015709161758423,6.228578805923462,test_kl,-0.21286964416503906
shapley-20260606T023414Z-4c6a5561,baseline,A,105,105,6.892706800008455,6.042032957077026,6.193593740463257,test_kl,-0.15156078338623047
shapley-20260606T023414Z-4c6a5561,baseline,A,106,106,6.956840000009834,6.294658184051514,6.09258246421814,test_kl,0.20207571983337402
shapley-20260606T023414Z-4c6a5561,baseline,A,107,107,7.025822300009168,6.161484241485596,6.105633735656738,test_kl,0.05585050582885742
shapley-20260606T023414Z-4c6a5561,baseline,A,108,108,7.094741700006125,5.83515191078186,6.180746793746948,test_kl,-0.3455948829650879
shapley-20260606T023414Z-4c6a5561,baseline,A,109,109,7.160316800003784,5.959932327270508,5.472604990005493,test_kl,0.48732733726501465
shapley-20260606T023414Z-4c6a5561,baseline,A,110,110,7.224661900003412,6.270406484603882,6.187772750854492,test_kl,0.08263373374938965
shapley-20260606T023414Z-4c6a5561,baseline,A,111,111,7.29447450000589,5.894957542419434,5.827394008636475,test_kl,0.06756353378295898
shapley-20260606T023414Z-4c6a5561,baseline,A,112,112,7.358599800005322,6.1867101192474365,6.07210373878479,test_kl,0.11460638046264648
shapley-20260606T023414Z-4c6a5561,baseline,A,113,113,7.4218121000048995,5.636220932006836,5.975111246109009,test_kl,-0.33889031410217285
shapley-20260606T023414Z-4c6a5561,baseline,A,114,114,7.49166910000713,5.36523699760437,5.4387922286987305,test_kl,-0.07355523109436035
shapley-20260606T023414Z-4c6a5561,baseline,A,115,115,7.563838700003544,5.789470195770264,5.574976444244385,test_kl,0.2144937515258789
shapley-20260606T023414Z-4c6a5561,baseline,A,116,116,7.638397100003203,5.685323715209961,5.662476301193237,test_kl,0.022847414016723633
shapley-20260606T023414Z-4c6a5561,baseline,A,117,117,7.704346400001668,5.722611665725708,5.587515830993652,test_kl,0.13509583473205566
shapley-20260606T023414Z-4c6a5561,baseline,A,118,118,7.772919200000615,5.507187128067017,5.576121807098389,test_kl,-0.06893467903137207
shapley-20260606T023414Z-4c6a5561,baseline,A,119,119,7.837731600000552,5.589846849441528,5.317479133605957,test_kl,0.2723677158355713
shapley-20260606T023414Z-4c6a5561,baseline,A,120,120,7.902330799999618,5.332871437072754,5.366150140762329,test_kl,-0.033278703689575195
shapley-20260606T023414Z-4c6a5561,baseline,A,121,121,7.966626600002201,5.22138237953186,5.054503440856934,test_kl,0.16687893867492676
shapley-20260606T023414Z-4c6a5561,baseline,A,122,122,8.030123500000627,5.614610910415649,5.604750633239746,test_kl,0.00986027717590332
shapley-20260606T023414Z-4c6a5561,baseline,A,123,123,8.097658700000466,4.986999988555908,4.797538995742798,test_kl,0.18946099281311035
shapley-20260606T023414Z-4c6a5561,baseline,A,124,124,8.163603000000876,5.140238761901856,4.868002414703369,test_kl,0.2722363471984872
shapley-20260606T023414Z-4c6a5561,baseline,A,125,125,8.231591499999922,5.008782148361206,5.760939121246338,test_kl,-0.7521569728851318
shapley-20260606T023414Z-4c6a5561,baseline,A,126,126,8.298966199999995,4.943747043609619,4.454539299011231,test_kl,0.4892077445983878
shapley-20260606T023414Z-4c6a5561,baseline,A,127,127,8.36380150000332,5.15114426612854,5.244012117385864,test_kl,-0.09286785125732422
shapley-20260606T023414Z-4c6a5561,baseline,A,128,128,8.43230140000378,4.7305097579956055,4.886005878448486,test_kl,-0.15549612045288086
shapley-20260606T023414Z-4c6a5561,baseline,A,129,129,8.501609700004337,5.412923574447632,4.8940110206604,test_kl,0.5189125537872314
shapley-20260606T023414Z-4c6a5561,baseline,A,130,130,8.569221400004608,4.593108415603638,5.070630788803101,test_kl,-0.4775223731994629
shapley-20260606T023414Z-4c6a5561,baseline,A,131,131,8.636281000002782,5.5584821701049805,4.919522762298584,test_kl,0.6389594078063965
shapley-20260606T023414Z-4c6a5561,baseline,A,132,132,8.701133000005939,4.535844087600708,5.096785306930542,test_kl,-0.560941219329834
shapley-20260606T023414Z-4c6a5561,baseline,A,133,133,8.767390100005287,5.092047929763794,4.842663288116455,test_kl,0.24938464164733887
shapley-20260606T023414Z-4c6a5561,baseline,A,134,134,8.832374300003721,4.894198656082153,5.217142343521118,test_kl,-0.32294368743896484
shapley-20260606T023414Z-4c6a5561,baseline,A,135,135,8.896310600004654,5.003061294555664,4.849982976913452,test_kl,0.15307831764221191
shapley-20260606T023414Z-4c6a5561,baseline,A,136,136,8.961195200005022,5.073038578033447,4.761231184005737,test_kl,0.31180739402770996
shapley-20260606T023414Z-4c6a5561,baseline,A,137,137,9.02351130000534,5.0623087882995605,5.072667121887207,test_kl,-0.010358333587646484
shapley-20260606T023414Z-4c6a5561,baseline,A,138,138,9.08608240000467,4.835426330566406,5.120344161987305,test_kl,-0.28491783142089844
shapley-20260606T023414Z-4c6a5561,baseline,A,139,139,9.153356200007693,5.10714602470398,4.926515340805054,test_kl,0.18063068389892667
shapley-20260606T023414Z-4c6a5561,baseline,A,140,140,9.21634100000665,5.1044762134552,5.033935070037842,test_kl,0.0705411434173584
shapley-20260606T023414Z-4c6a5561,baseline,A,141,141,9.284586900008437,4.853155612945557,4.993899583816528,test_kl,-0.14074397087097168
shapley-20260606T023414Z-4c6a5561,baseline,A,142,142,9.351719100010088,5.036170721054077,4.926375389099121,test_kl,0.10979533195495605
shapley-20260606T023414Z-4c6a5561,baseline,A,143,143,9.418888100011827,5.199747323989868,5.012950658798218,test_kl,0.1867966651916504
shapley-20260606T023414Z-4c6a5561,baseline,A,144,144,9.482347700013634,4.850597143173218,5.062208414077759,test_kl,-0.21161127090454102
shapley-20260606T023414Z-4c6a5561,baseline,A,145,145,9.544822300013038,4.812295436859131,4.997848510742188,test_kl,-0.18555307388305753
shapley-20260606T023414Z-4c6a5561,baseline,A,146,146,9.606855500012898,4.992167711257935,4.889049530029297,test_kl,0.1031181812286377
shapley-20260606T023414Z-4c6a5561,baseline,A,147,147,9.671641100012494,5.072878837585449,4.969452619552612,test_kl,0.10342621803283691
shapley-20260606T023414Z-4c6a5561,baseline,A,148,148,9.73637610001242,5.0488996505737305,4.930541038513184,test_kl,0.11835861206054688
shapley-20260606T023414Z-4c6a5561,baseline,A,149,149,9.798080400010804,5.021109580993652,5.115647554397583,test_kl,-0.09453797340393066
shapley-20260606T023414Z-4c6a5561,baseline,A,150,150,9.86045640001248,5.037879467010498,5.104470491409302,test_kl,-0.06659102439880371
shapley-20260606T023414Z-4c6a5561,baseline,A,151,151,9.925925500014271,4.981247663497925,4.888500213623047,test_kl,0.09274744987487793
shapley-20260606T023414Z-4c6a5561,baseline,A,152,152,9.988909600015177,4.93445086479187,4.913139581680298,test_kl,0.021311283111572266
shapley-20260606T023414Z-4c6a5561,baseline,A,153,153,10.055725200014422,4.924251317977905,5.188966274261475,test_kl,-0.26471495628356934
shapley-20260606T023414Z-4c6a5561,baseline,A,154,154,10.126386600015394,4.918186187744141,5.125586271286011,test_kl,-0.20740008354187012
shapley-20260606T023414Z-4c6a5561,baseline,A,155,155,10.192115700014256,4.994203567504883,4.938922166824341,test_kl,0.05528140068054199
shapley-20260606T023414Z-4c6a5561,baseline,A,156,156,10.257549900012236,5.185086965560913,5.074207067489624,test_kl,0.11087989807128906
shapley-20260606T023414Z-4c6a5561,baseline,A,157,157,10.323275700011436,5.082574844360352,4.927992582321167,test_kl,0.15458226203918457
shapley-20260606T023414Z-4c6a5561,baseline,A,158,158,10.387677000013356,4.941494464874268,4.910262823104858,test_kl,0.03123164176940918
shapley-20260606T023414Z-4c6a5561,baseline,A,159,159,10.45112210001389,5.048272371292114,5.063593149185181,test_kl,-0.015320777893066406
shapley-20260606T023414Z-4c6a5561,baseline,A,160,160,10.516262200013443,5.030331373214722,5.151917934417725,test_kl,-0.12158656120300293
shapley-20260606T023414Z-4c6a5561,baseline,A,161,161,10.579055800011702,5.0230584144592285,4.977185010910034,test_kl,0.045873403549194336
shapley-20260606T023414Z-4c6a5561,baseline,A,162,162,10.641096800012749,4.9906837940216064,4.800838708877564,test_kl,0.18984508514404208
shapley-20260606T023414Z-4c6a5561,baseline,A,163,163,10.703630900010468,5.0151567459106445,4.954674482345581,test_kl,0.06048226356506348
shapley-20260606T023414Z-4c6a5561,baseline,A,164,164,10.76861560000907,4.93520450592041,5.094381809234619,test_kl,-0.15917730331420898
shapley-20260606T023414Z-4c6a5561,baseline,A,165,165,10.831794100009574,4.93112063407898,5.064347505569458,test_kl,-0.13322687149047763
shapley-20260606T023414Z-4c6a5561,baseline,A,166,166,10.896413800008304,4.951655387878418,5.0555078983306885,test_kl,-0.10385251045227051
shapley-20260606T023414Z-4c6a5561,baseline,A,167,167,10.958443400009855,4.96900749206543,5.000691890716553,test_kl,-0.03168439865112305
shapley-20260606T023414Z-4c6a5561,baseline,A,168,168,11.023315400008867,4.993019342422485,4.97881555557251,test_kl,0.014203786849975586
shapley-20260606T023414Z-4c6a5561,baseline,A,169,169,11.090738600007173,5.005189895629883,4.933635234832764,test_kl,0.07155466079711914
shapley-20260606T023414Z-4c6a5561,baseline,A,170,170,11.154737500008196,5.016062021255493,4.954199314117432,test_kl,0.06186270713806152
shapley-20260606T023414Z-4c6a5561,baseline,A,171,171,11.21717210000861,5.048399209976196,5.031283378601074,test_kl,0.01711583137512207
shapley-20260606T023414Z-4c6a5561,baseline,A,172,172,11.282856700010598,5.0660059452056885,5.015532970428467,test_kl,0.05047297477722168
shapley-20260606T023414Z-4c6a5561,baseline,A,173,173,11.344838000008169,5.079373836517334,4.99370002746582,test_kl,0.08567380905151367
shapley-20260606T023414Z-4c6a5561,baseline,A,174,174,11.417863600006967,5.048060655593872,5.051324129104614,test_kl,-0.0032634735107421875
shapley-20260606T023414Z-4c6a5561,baseline,A,175,175,11.482864500005237,5.02333664894104,5.041099548339844,test_kl,-0.01776289939880371
shapley-20260606T023414Z-4c6a5561,baseline,A,176,176,11.545164700004534,5.000680208206177,5.0100085735321045,test_kl,-0.009328365325927734
shapley-20260606T023414Z-4c6a5561,baseline,A,177,177,11.6076960000064,4.954040765762329,5.014902830123901,test_kl,-0.060862064361572266
shapley-20260606T023414Z-4c6a5561,baseline,A,178,178,11.672724700005348,4.95054817199707,5.008740425109863,test_kl,-0.05819225311279297
shapley-20260606T023414Z-4c6a5561,baseline,A,179,179,11.737489800005278,4.927021265029907,4.967334032058716,test_kl,-0.040312767028808594
shapley-20260606T023414Z-4c6a5561,baseline,A,180,180,11.802501600006508,4.920677661895752,4.936658143997192,test_kl,-0.01598048210144043
shapley-20260606T023414Z-4c6a5561,baseline,A,181,181,11.868056000006618,4.933852672576904,4.931536912918091,test_kl,0.0023157596588134766
shapley-20260606T023414Z-4c6a5561,baseline,A,182,182,11.942628300006618,4.933805465698242,4.973424673080444,test_kl,-0.03961920738220215
shapley-20260606T023414Z-4c6a5561,baseline,A,183,183,12.009308300006523,4.96323037147522,5.003634214401245,test_kl,-0.04040384292602539
shapley-20260606T023414Z-4c6a5561,baseline,A,184,184,12.07154850000734,5.000712156295776,5.027175188064575,test_kl,-0.026463031768798828
shapley-20260606T023414Z-4c6a5561,baseline,A,185,185,12.140941600006045,5.039463520050049,5.021227598190308,test_kl,0.01823592185974121
shapley-20260606T023414Z-4c6a5561,baseline,A,186,186,12.203752900008112,5.0584876537323,5.013465642929077,test_kl,0.045022010803222656
shapley-20260606T023414Z-4c6a5561,baseline,A,187,187,12.268786800010275,5.05944037437439,5.007486581802368,test_kl,0.051953792572021484
shapley-20260606T023414Z-4c6a5561,baseline,A,188,188,12.330759200012835,5.046161890029907,5.012607097625732,test_kl,0.033554792404174805
shapley-20260606T023414Z-4c6a5561,baseline,A,189,189,12.396857800013096,5.034609317779541,5.026638269424439,test_kl,0.007971048355101651
shapley-20260606T023414Z-4c6a5561,baseline,A,190,190,12.467067200013844,5.043674945831299,5.033294200897217,test_kl,0.010380744934082031
shapley-20260606T023414Z-4c6a5561,baseline,A,191,191,12.532627200016575,5.058605909347534,5.036120414733887,test_kl,0.02248549461364746
shapley-20260606T023414Z-4c6a5561,baseline,A,192,192,12.6014530000175,5.043185472488403,5.028775691986084,test_kl,0.014409780502319336
shapley-20260606T023414Z-4c6a5561,baseline,A,193,193,12.665449800017086,4.999837875366211,5.017184734344482,test_kl,-0.017346858978271484
shapley-20260606T023414Z-4c6a5561,baseline,A,194,194,12.736244400017313,4.964920520782471,4.994221448898315,test_kl,-0.029300928115844727
shapley-20260606T023414Z-4c6a5561,baseline,A,195,195,12.802181200018822,4.931201696395874,4.98408842086792,test_kl,-0.0528867244720459
shapley-20260606T023414Z-4c6a5561,baseline,A,196,196,12.865508100017903,4.914331197738648,4.985091924667358,test_kl,-0.07076072692871005
shapley-20260606T023414Z-4c6a5561,baseline,A,197,197,12.931033100016066,4.911993741989136,4.9891791343688965,test_kl,-0.07718539237976074
shapley-20260606T023414Z-4c6a5561,baseline,A,198,198,12.99527180001678,4.915253639221191,4.992032527923584,test_kl,-0.07677888870239258
shapley-20260606T023414Z-4c6a5561,baseline,A,199,199,13.06468860001769,4.921404838562012,4.992562532424927,test_kl,-0.07115769386291504
shapley-20260606T023438Z-75bc42d5,marginal,A,0,0,0.2611864999998943,19.88106918334961,23.814656257629395,test_kl,-3.933587074279785
shapley-20260606T023438Z-75bc42d5,marginal,A,1,1,0.3286195000000589,46.67508125305176,41.750505447387695,test_kl,4.9245758056640625
shapley-20260606T023438Z-75bc42d5,marginal,A,2,2,0.3933702000031189,50.76589584350586,53.19647026062012,test_kl,-2.430574417114258
shapley-20260606T023438Z-75bc42d5,marginal,A,3,3,0.4616407000030449,54.91113090515137,55.680795669555664,test_kl,-0.7696647644042969
shapley-20260606T023438Z-75bc42d5,marginal,A,4,4,0.5370317000015348,58.60561180114746,57.857526779174805,test_kl,0.7480850219726562
shapley-20260606T023438Z-75bc42d5,marginal,A,5,5,0.6149635000001581,61.5299243927002,61.67818260192871,test_kl,-0.14825820922850852
shapley-20260606T023438Z-75bc42d5,marginal,A,6,6,0.6859156999998959,65.75292205810547,65.44333267211914,test_kl,0.3095893859863281
shapley-20260606T023438Z-75bc42d5,marginal,A,7,7,0.7569062000002305,69.19684600830078,69.5728530883789,test_kl,-0.376007080078125
shapley-20260606T023438Z-75bc42d5,marginal,A,8,8,0.8204089999999269,72.69746780395508,72.79622268676758,test_kl,-0.0987548828125
shapley-20260606T023438Z-75bc42d5,marginal,A,9,9,0.8863688000019465,76.98072052001953,75.64864730834961,test_kl,1.3320732116699219
shapley-20260606T023438Z-75bc42d5,marginal,A,10,10,0.946799800000008,81.86169815063477,77.86441040039062,test_kl,3.9972877502441406
shapley-20260606T023438Z-75bc42d5,marginal,A,11,11,1.005612500001007,51.68477249145508,48.42495536804199,test_kl,3.259817123413086
shapley-20260606T023438Z-75bc42d5,marginal,A,12,12,1.0674065000021074,26.07174015045166,27.060142517089844,test_kl,-0.9884023666381836
shapley-20260606T023438Z-75bc42d5,marginal,A,13,13,1.127960300000268,35.24351692199707,37.33905601501465,test_kl,-2.095539093017578
shapley-20260606T023438Z-75bc42d5,marginal,A,14,14,1.1878347000019858,47.675575256347656,48.16973876953125,test_kl,-0.49416351318359375
shapley-20260606T023438Z-75bc42d5,marginal,A,15,15,1.247955400001956,43.759307861328125,43.222843170166016,test_kl,0.5364646911621094
shapley-20260606T023438Z-75bc42d5,marginal,A,16,16,1.3065071000019088,27.371198654174805,27.17680549621582,test_kl,0.19439315795898438
shapley-20260606T023438Z-75bc42d5,marginal,A,17,17,1.373204600004101,27.326882362365723,27.19189739227295,test_kl,0.13498497009277344
shapley-20260606T023438Z-75bc42d5,marginal,A,18,18,1.4356420000040089,38.8065071105957,38.97188186645508,test_kl,-0.165374755859375
shapley-20260606T023438Z-75bc42d5,marginal,A,19,19,1.502623100004712,39.51168251037598,39.47430610656738,test_kl,0.03737640380859375
shapley-20260606T023438Z-75bc42d5,marginal,A,20,20,1.569075300005352,27.6540470123291,27.366130828857425,test_kl,0.28791618347167613
shapley-20260606T023438Z-75bc42d5,marginal,A,21,21,1.6399159000029613,21.93903350830078,24.12749481201172,test_kl,-2.1884613037109375
shapley-20260606T023438Z-75bc42d5,marginal,A,22,22,1.702649200004089,27.496577262878414,31.548208236694336,test_kl,-4.0516309738159215
shapley-20260606T023438Z-75bc42d5,marginal,A,23,23,1.7667883000030995,24.805480003356934,30.212241172790527,test_kl,-5.406761169433594
shapley-20260606T023438Z-75bc42d5,marginal,A,24,24,1.8260162000042328,19.71203899383545,22.25236797332764,test_kl,-2.540328979492191
shapley-20260606T023438Z-75bc42d5,marginal,A,25,25,1.894033300006413,22.61181259155273,25.252689361572266,test_kl,-2.640876770019535
shapley-20260606T023438Z-75bc42d5,marginal,A,26,26,1.9559474000052437,21.6420373916626,24.764376640319824,test_kl,-3.122339248657223
shapley-20260606T023438Z-75bc42d5,marginal,A,27,27,2.0167417000047863,17.864227294921875,20.390151023864743,test_kl,-2.5259237289428675
shapley-20260606T023438Z-75bc42d5,marginal,A,28,28,2.0762283000040043,21.2884464263916,22.735196113586422,test_kl,-1.4467496871948207
shapley-20260606T023438Z-75bc42d5,marginal,A,29,29,2.1390625000058208,18.898776054382324,20.98385524749756,test_kl,-2.0850791931152344
shapley-20260606T023438Z-75bc42d5,marginal,A,30,30,2.2064406000063173,19.320103645324707,18.73848342895508,test_kl,0.5816202163696254
shapley-20260606T023438Z-75bc42d5,marginal,A,31,31,2.2705304000046453,18.92468738555908,21.567055702209476,test_kl,-2.6423683166503977
shapley-20260606T023438Z-75bc42d5,marginal,A,32,32,2.3315530000072613,17.524062156677246,19.219416618347168,test_kl,-1.6953544616699219
shapley-20260606T023438Z-75bc42d5,marginal,A,33,33,2.392912000010256,19.318403244018555,17.39908790588379,test_kl,1.9193153381347656
shapley-20260606T023438Z-75bc42d5,marginal,A,34,34,2.4594074000087858,17.12343692779541,16.839055061340332,test_kl,0.2843818664550781
shapley-20260606T023438Z-75bc42d5,marginal,A,35,35,2.5204500000072585,16.195338249206543,15.984902381896973,test_kl,0.2104358673095703
shapley-20260606T023438Z-75bc42d5,marginal,A,36,36,2.584322600006999,17.763861656188965,17.240177154541016,test_kl,0.5236845016479492
shapley-20260606T023438Z-75bc42d5,marginal,A,37,37,2.645288400006393,16.225098609924316,15.788991451263428,test_kl,0.43610715866088867
shapley-20260606T023438Z-75bc42d5,marginal,A,38,38,2.7053991000029782,15.766364574432371,15.568237781524658,test_kl,0.19812679290771307
shapley-20260606T023438Z-75bc42d5,marginal,A,39,39,2.769384400002309,14.77504062652588,14.975517749786375,test_kl,-0.2004771232604945
shapley-20260606T023438Z-75bc42d5,marginal,A,40,40,2.8344175000056566,14.750147342681885,14.55618667602539,test_kl,0.19396066665649414
shapley-20260606T023438Z-75bc42d5,marginal,A,41,41,2.902762900004745,14.17109727859497,13.786625862121582,test_kl,0.38447141647338867
shapley-20260606T023438Z-75bc42d5,marginal,A,42,42,2.963228500004334,14.144538402557371,14.60830307006836,test_kl,-0.4637646675109881
shapley-20260606T023438Z-75bc42d5,marginal,A,43,43,3.022429300002841,13.794651985168455,13.44180393218994,test_kl,0.3528480529785156
shapley-20260606T023438Z-75bc42d5,marginal,A,44,44,3.092130700002599,13.250895500183104,13.579602718353271,test_kl,-0.3287072181701678
shapley-20260606T023438Z-75bc42d5,marginal,A,45,45,3.161306300000433,13.07745361328125,13.047784328460692,test_kl,0.029669284820558417
shapley-20260606T023438Z-75bc42d5,marginal,A,46,46,3.222156799998629,12.652963161468506,13.076719284057615,test_kl,-0.42375612258910955
shapley-20260606T023438Z-75bc42d5,marginal,A,47,47,3.282224699996732,12.141056537628174,12.304181575775146,test_kl,-0.16312503814697266
shapley-20260606T023438Z-75bc42d5,marginal,A,48,48,3.3452565999978106,13.265872955322266,12.874395370483398,test_kl,0.3914775848388672
shapley-20260606T023438Z-75bc42d5,marginal,A,49,49,3.415113799997925,12.04624605178833,12.542837619781494,test_kl,-0.49659156799316406
shapley-20260606T023438Z-75bc42d5,marginal,A,50,50,3.478248399998847,12.019904136657717,12.21116542816162,test_kl,-0.1912612915039027
shapley-20260606T023438Z-75bc42d5,marginal,A,51,51,3.5410871999993105,11.634422779083252,11.793846607208252,test_kl,-0.159423828125
shapley-20260606T023438Z-75bc42d5,marginal,A,52,52,3.606328099998791,11.63589859008789,11.589391231536863,test_kl,0.04650735855102717
shapley-20260606T023438Z-75bc42d5,marginal,A,53,53,3.668874699997105,11.58559513092041,11.18844985961914,test_kl,0.39714527130126953
shapley-20260606T023438Z-75bc42d5,marginal,A,54,54,3.7313470999979472,11.295779705047607,11.363054752349854,test_kl,-0.0672750473022461
shapley-20260606T023438Z-75bc42d5,marginal,A,55,55,3.7940302999959385,11.589537620544434,10.863893985748293,test_kl,0.7256436347961408
shapley-20260606T023438Z-75bc42d5,marginal,A,56,56,3.853602699993644,10.522325992584229,11.197856903076172,test_kl,-0.6755309104919434
shapley-20260606T023438Z-75bc42d5,marginal,A,57,57,3.912645699991117,10.287696838378906,10.225905418395996,test_kl,0.061791419982910156
shapley-20260606T023438Z-75bc42d5,marginal,A,58,58,3.972081599989906,10.079673767089844,10.219232082366943,test_kl,-0.1395583152770996
shapley-20260606T023438Z-75bc42d5,marginal,A,59,59,4.031154799988144,10.084511280059814,10.5419602394104,test_kl,-0.45744895935058594
shapley-20260606T023438Z-75bc42d5,marginal,A,60,60,4.097616599989124,10.486340999603271,10.46448564529419,test_kl,0.02185535430908203
shapley-20260606T023438Z-75bc42d5,marginal,A,61,61,4.164657899986196,10.453612327575684,9.987316131591797,test_kl,0.4662961959838867
shapley-20260606T023438Z-75bc42d5,marginal,A,62,62,4.228974899986497,10.084288597106934,9.704780101776125,test_kl,0.37950849533080877
shapley-20260606T023438Z-75bc42d5,marginal,A,63,63,4.2909533999845735,10.037265300750732,10.033791065216064,test_kl,0.0034742355346679688
shapley-20260606T023438Z-75bc42d5,marginal,A,64,64,4.350271999985125,9.756223678588867,9.44374704360962,test_kl,0.31247663497924805
shapley-20260606T023438Z-75bc42d5,marginal,A,65,65,4.414642699986871,9.886763572692873,9.128558158874512,test_kl,0.7582054138183612
shapley-20260606T023438Z-75bc42d5,marginal,A,66,66,4.478191799986234,9.64965295791626,9.33563232421875,test_kl,0.31402063369750977
shapley-20260606T023438Z-75bc42d5,marginal,A,67,67,4.536666199986939,9.146807193756104,9.01564884185791,test_kl,0.13115835189819336
shapley-20260606T023438Z-75bc42d5,marginal,A,68,68,4.607987999988836,9.006202220916748,9.12552261352539,test_kl,-0.11932039260864258
shapley-20260606T023438Z-75bc42d5,marginal,A,69,69,4.670806799989805,9.104409217834473,8.946045398712158,test_kl,0.15836381912231445
shapley-20260606T023438Z-75bc42d5,marginal,A,70,70,4.731391899989831,8.562777996063232,9.314468383789062,test_kl,-0.7516903877258301
shapley-20260606T023438Z-75bc42d5,marginal,A,71,71,4.792042599987326,8.811816692352295,8.572699546813965,test_kl,0.23911714553833008
shapley-20260606T023438Z-75bc42d5,marginal,A,72,72,4.8516987999901175,9.03020715713501,8.521915435791016,test_kl,0.5082917213439941
shapley-20260606T023438Z-75bc42d5,marginal,A,73,73,4.914395999992848,8.764520645141602,8.431633472442627,test_kl,0.3328871726989746
shapley-20260606T023438Z-75bc42d5,marginal,A,74,74,4.973533699991094,8.503992080688477,8.318306922912598,test_kl,0.1856851577758789
shapley-20260606T023438Z-75bc42d5,marginal,A,75,75,5.0383595999883255,8.268911838531494,8.007060289382935,test_kl,0.26185154914855957
shapley-20260606T023438Z-75bc42d5,marginal,A,76,76,5.100357499988604,8.444672107696533,7.962238550186157,test_kl,0.482433557510376
shapley-20260606T023438Z-75bc42d5,marginal,A,77,77,5.16025419998914,8.666569709777832,8.193198204040527,test_kl,0.4733715057373047
shapley-20260606T023438Z-75bc42d5,marginal,A,78,78,5.223083699991548,8.34997272491455,8.034404993057251,test_kl,0.3155677318572998
shapley-20260606T023438Z-75bc42d5,marginal,A,79,79,5.285225399991759,7.531665802001953,8.018097400665283,test_kl,-0.4864315986633301
shapley-20260606T023438Z-75bc42d5,marginal,A,80,80,5.344140599991079,7.57303786277771,7.829125642776489,test_kl,-0.2560877799987793
shapley-20260606T023438Z-75bc42d5,marginal,A,81,81,5.4037287999926775,7.751299619674683,7.810526132583618,test_kl,-0.05922651290893555
shapley-20260606T023438Z-75bc42d5,marginal,A,82,82,5.466110099994694,7.748803615570068,7.71750807762146,test_kl,0.0312955379486084
shapley-20260606T023438Z-75bc42d5,marginal,A,83,83,5.52745569999388,7.449942111968994,7.255854368209839,test_kl,0.19408774375915527
shapley-20260606T023438Z-75bc42d5,marginal,A,84,84,5.589985499991599,7.350764989852905,6.894949436187744,test_kl,0.45581555366516113
shapley-20260606T023438Z-75bc42d5,marginal,A,85,85,5.65147879999131,7.456175565719604,7.290098428726196,test_kl,0.16607713699340731
shapley-20260606T023438Z-75bc42d5,marginal,A,86,86,5.711905799991655,7.277040481567383,7.7872254848480225,test_kl,-0.5101850032806396
shapley-20260606T023438Z-75bc42d5,marginal,A,87,87,5.772363199994288,7.617641687393188,7.58923602104187,test_kl,0.02840566635131747
shapley-20260606T023438Z-75bc42d5,marginal,A,88,88,5.836300899994967,6.966449499130249,7.4748735427856445,test_kl,-0.5084240436553955
shapley-20260606T023438Z-75bc42d5,marginal,A,89,89,5.900251799997932,7.04692530632019,7.511890172958374,test_kl,-0.4649648666381836
shapley-20260606T023438Z-75bc42d5,marginal,A,90,90,5.969498300000851,7.238565444946289,7.201893091201782,test_kl,0.036672353744506836
shapley-20260606T023438Z-75bc42d5,marginal,A,91,91,6.034652000002097,6.853453397750855,7.163737773895264,test_kl,-0.3102843761444083
shapley-20260606T023438Z-75bc42d5,marginal,A,92,92,6.098433000002842,6.758050441741943,6.723144292831421,test_kl,0.03490614891052246
shapley-20260606T023438Z-75bc42d5,marginal,A,93,93,6.165835900003003,6.871054649353027,6.629406213760376,test_kl,0.24164843559265137
shapley-20260606T023438Z-75bc42d5,marginal,A,94,94,6.23337320000428,6.823009014129639,6.92256498336792,test_kl,-0.09955596923828125
shapley-20260606T023438Z-75bc42d5,marginal,A,95,95,6.29587580000225,6.707960605621338,7.010357856750488,test_kl,-0.3023972511291504
shapley-20260606T023438Z-75bc42d5,marginal,A,96,96,6.361959600002592,6.8022520542144775,6.916775226593018,test_kl,-0.11452317237854004
shapley-20260606T023438Z-75bc42d5,marginal,A,97,97,6.425792000005458,6.42053484916687,6.558576345443726,test_kl,-0.13804149627685547
shapley-20260606T023438Z-75bc42d5,marginal,A,98,98,6.489713500006474,6.242196083068848,6.49647068977356,test_kl,-0.2542746067047119
shapley-20260606T023438Z-75bc42d5,marginal,A,99,99,6.562060800006293,6.426268577575684,6.695539236068726,test_kl,-0.269270658493042
shapley-20260606T023438Z-75bc42d5,marginal,A,100,100,6.629643300006137,6.516616106033325,6.179033517837524,test_kl,0.3375825881958008
shapley-20260606T023438Z-75bc42d5,marginal,A,101,101,6.695125600002939,6.821438550949097,6.352209091186523,test_kl,0.46922945976257324
shapley-20260606T023438Z-75bc42d5,marginal,A,102,102,6.757983200001036,5.894280433654785,6.320664405822754,test_kl,-0.42638397216796875
shapley-20260606T023438Z-75bc42d5,marginal,A,103,103,6.83378889999949,5.967208862304688,6.144057989120483,test_kl,-0.176849126815795
shapley-20260606T023438Z-75bc42d5,marginal,A,104,104,6.903882599999633,6.378960371017456,6.228578805923462,test_kl,0.15038156509399414
shapley-20260606T023438Z-75bc42d5,marginal,A,105,105,6.969095799999195,6.302137136459351,6.193593740463257,test_kl,0.10854339599609375
shapley-20260606T023438Z-75bc42d5,marginal,A,106,106,7.0397082999988925,6.297702074050903,6.09258246421814,test_kl,0.20511960983276367
shapley-20260606T023438Z-75bc42d5,marginal,A,107,107,7.102951999997458,5.710679531097412,6.105633735656738,test_kl,-0.39495420455932617
shapley-20260606T023438Z-75bc42d5,marginal,A,108,108,7.169896899995365,6.017797470092773,6.180746793746948,test_kl,-0.1629493236541748
shapley-20260606T023438Z-75bc42d5,marginal,A,109,109,7.236515899996448,6.074826240539551,5.472604990005493,test_kl,0.6022212505340576
shapley-20260606T023438Z-75bc42d5,marginal,A,110,110,7.30230429999574,5.757038354873657,6.187772750854492,test_kl,-0.43073439598083496
shapley-20260606T023438Z-75bc42d5,marginal,A,111,111,7.365679099995759,5.435811996459961,5.827394008636475,test_kl,-0.39158201217651367
shapley-20260606T023438Z-75bc42d5,marginal,A,112,112,7.431772799995087,5.905924558639526,6.07210373878479,test_kl,-0.16617918014526367
shapley-20260606T023438Z-75bc42d5,marginal,A,113,113,7.502180699993914,5.886085271835327,5.975111246109009,test_kl,-0.08902597427368164
shapley-20260606T023438Z-75bc42d5,marginal,A,114,114,7.569864999994024,5.64976978302002,5.4387922286987305,test_kl,0.21097755432128995
shapley-20260606T023438Z-75bc42d5,marginal,A,115,115,7.636255999994319,5.749629497528076,5.574976444244385,test_kl,0.1746530532836914
shapley-20260606T023438Z-75bc42d5,marginal,A,116,116,7.699381999991601,5.540698051452637,5.662476301193237,test_kl,-0.12177824974060059
shapley-20260606T023438Z-75bc42d5,marginal,A,117,117,7.762126899990108,5.325414180755615,5.587515830993652,test_kl,-0.2621016502380371
shapley-20260606T023438Z-75bc42d5,marginal,A,118,118,7.824965499992686,5.666977167129517,5.576121807098389,test_kl,0.09085536003112793
shapley-20260606T023438Z-75bc42d5,marginal,A,119,119,7.887254299992492,5.280220985412598,5.317479133605957,test_kl,-0.037258148193359375
shapley-20260606T023438Z-75bc42d5,marginal,A,120,120,7.953642699991178,5.586849689483643,5.366150140762329,test_kl,0.22069954872131348
shapley-20260606T023438Z-75bc42d5,marginal,A,121,121,8.016569199990045,4.945981740951538,5.054503440856934,test_kl,-0.10852169990539551
shapley-20260606T023438Z-75bc42d5,marginal,A,122,122,8.090061499991862,4.983294486999512,5.604750633239746,test_kl,-0.6214561462402344
shapley-20260606T023438Z-75bc42d5,marginal,A,123,123,8.156423699991137,5.389073610305786,4.797538995742798,test_kl,0.5915346145629883
shapley-20260606T023438Z-75bc42d5,marginal,A,124,124,8.225520899992262,4.922415256500244,4.868002414703369,test_kl,0.054412841796875
shapley-20260606T023438Z-75bc42d5,marginal,A,125,125,8.29514799999015,5.117265701293945,5.760939121246338,test_kl,-0.6436734199523926
shapley-20260606T023438Z-75bc42d5,marginal,A,126,126,8.36668839999038,4.830474376678467,4.454539299011231,test_kl,0.37593507766723544
shapley-20260606T023438Z-75bc42d5,marginal,A,127,127,8.429684099988663,5.15553092956543,5.244012117385864,test_kl,-0.08848118782043457
shapley-20260606T023438Z-75bc42d5,marginal,A,128,128,8.49654299998656,4.804590463638306,4.886005878448486,test_kl,-0.08141541481018066
shapley-20260606T023438Z-75bc42d5,marginal,A,129,129,8.563929499985534,5.454460144042969,4.8940110206604,test_kl,0.5604491233825684
shapley-20260606T023438Z-75bc42d5,marginal,A,130,130,8.629902299984678,4.602895021438599,5.070630788803101,test_kl,-0.46773576736450195
shapley-20260606T023438Z-75bc42d5,marginal,A,131,131,8.693252499986556,5.353235721588135,4.919522762298584,test_kl,0.4337129592895508
shapley-20260606T023438Z-75bc42d5,marginal,A,132,132,8.779879299989261,4.826953649520874,5.096785306930542,test_kl,-0.26983165740966797
shapley-20260606T023438Z-75bc42d5,marginal,A,133,133,8.876578499988682,5.037123680114746,4.842663288116455,test_kl,0.19446039199829102
shapley-20260606T023438Z-75bc42d5,marginal,A,134,134,8.970024299989745,5.117560863494873,5.217142343521118,test_kl,-0.09958148002624512
shapley-20260606T023438Z-75bc42d5,marginal,A,135,135,9.06360849998964,4.656185865402222,4.849982976913452,test_kl,-0.19379711151123047
shapley-20260606T023438Z-75bc42d5,marginal,A,136,136,9.13701429998764,5.360658407211304,4.761231184005737,test_kl,0.5994272232055664
shapley-20260606T023438Z-75bc42d5,marginal,A,137,137,9.20824859998902,4.817504644393921,5.072667121887207,test_kl,-0.25516247749328613
shapley-20260606T023438Z-75bc42d5,marginal,A,138,138,9.279958399987663,5.114522457122803,5.120344161987305,test_kl,-0.005821704864501953
shapley-20260606T023438Z-75bc42d5,marginal,A,139,139,9.343605199988817,4.805386304855347,4.926515340805054,test_kl,-0.12112903594970703
shapley-20260606T023438Z-75bc42d5,marginal,A,140,140,9.41358419998869,5.006631135940552,5.033935070037842,test_kl,-0.02730393409729004
shapley-20260606T023438Z-75bc42d5,marginal,A,141,141,9.48141319998831,5.122051239013672,4.993899583816528,test_kl,0.12815165519714355
shapley-20260606T023438Z-75bc42d5,marginal,A,142,142,9.546817399990688,4.837823867797852,4.926375389099121,test_kl,-0.08855152130126953
shapley-20260606T023438Z-75bc42d5,marginal,A,143,143,9.612175199992636,5.007293939590454,5.012950658798218,test_kl,-0.005656719207763672
shapley-20260606T023438Z-75bc42d5,marginal,A,144,144,9.678200599995762,5.12831711769104,5.062208414077759,test_kl,0.06610870361328125
shapley-20260606T023438Z-75bc42d5,marginal,A,145,145,9.744749499994214,4.984188556671143,4.997848510742188,test_kl,-0.01365995407104581
shapley-20260606T023438Z-75bc42d5,marginal,A,146,146,9.81292069999472,4.885379791259766,4.889049530029297,test_kl,-0.00366973876953125
shapley-20260606T023438Z-75bc42d5,marginal,A,147,147,9.884022899994306,5.241587400436401,4.969452619552612,test_kl,0.27213478088378906
shapley-20260606T023438Z-75bc42d5,marginal,A,148,148,9.95547369999258,4.929339647293091,4.930541038513184,test_kl,-0.0012013912200927734
shapley-20260606T023438Z-75bc42d5,marginal,A,149,149,10.022749499992642,5.058041095733643,5.115647554397583,test_kl,-0.05760645866394043
shapley-20260606T023438Z-75bc42d5,marginal,A,150,150,10.08898639999461,4.862573385238648,5.104470491409302,test_kl,-0.2418971061706534
shapley-20260606T023438Z-75bc42d5,marginal,A,151,151,10.155264099994383,4.9103827476501465,4.888500213623047,test_kl,0.02188253402709961
shapley-20260606T023438Z-75bc42d5,marginal,A,152,152,10.218752599994332,5.041567087173462,4.913139581680298,test_kl,0.12842750549316406
shapley-20260606T023438Z-75bc42d5,marginal,A,153,153,10.288161199994647,4.876839637756348,5.188966274261475,test_kl,-0.31212663650512695
shapley-20260606T023438Z-75bc42d5,marginal,A,154,154,10.35683049999716,5.134394884109497,5.125586271286011,test_kl,0.008808612823486328
shapley-20260606T023438Z-75bc42d5,marginal,A,155,155,10.419562599996423,5.004999399185181,4.938922166824341,test_kl,0.06607723236083984
shapley-20260606T023438Z-75bc42d5,marginal,A,156,156,10.487565699993866,5.198091506958008,5.074207067489624,test_kl,0.12388443946838379
shapley-20260606T023438Z-75bc42d5,marginal,A,157,157,10.556336899993768,4.9581403732299805,4.927992582321167,test_kl,0.030147790908813477
shapley-20260606T023438Z-75bc42d5,marginal,A,158,158,10.622248399995442,5.016946077346802,4.910262823104858,test_kl,0.10668325424194336
shapley-20260606T023438Z-75bc42d5,marginal,A,159,159,10.69043309999688,5.034766912460327,5.063593149185181,test_kl,-0.028826236724853516
shapley-20260606T023438Z-75bc42d5,marginal,A,160,160,10.754831299997022,5.031813859939575,5.151917934417725,test_kl,-0.12010407447814941
shapley-20260606T023438Z-75bc42d5,marginal,A,161,161,10.818228199997977,5.066279649734497,4.977185010910034,test_kl,0.08909463882446289
shapley-20260606T023438Z-75bc42d5,marginal,A,162,162,10.881801199997426,4.911434888839722,4.800838708877564,test_kl,0.11059617996215731
shapley-20260606T023438Z-75bc42d5,marginal,A,163,163,10.945231699999567,4.83477520942688,4.954674482345581,test_kl,-0.11989927291870117
shapley-20260606T023438Z-75bc42d5,marginal,A,164,164,11.010668499999156,5.1199445724487305,5.094381809234619,test_kl,0.025562763214111328
shapley-20260606T023438Z-75bc42d5,marginal,A,165,165,11.077230200000486,4.939429998397827,5.064347505569458,test_kl,-0.12491750717163086
shapley-20260606T023438Z-75bc42d5,marginal,A,166,166,11.143126000002669,4.963768243789673,5.0555078983306885,test_kl,-0.09173965454101562
shapley-20260606T023438Z-75bc42d5,marginal,A,167,167,11.20835740000257,4.994467735290527,5.000691890716553,test_kl,-0.006224155426025391
shapley-20260606T023438Z-75bc42d5,marginal,A,168,168,11.27992190000441,4.869025707244873,4.97881555557251,test_kl,-0.10978984832763672
shapley-20260606T023438Z-75bc42d5,marginal,A,169,169,11.344600800002809,4.9044036865234375,4.933635234832764,test_kl,-0.029231548309326172
shapley-20260606T023438Z-75bc42d5,marginal,A,170,170,11.408863700002255,5.105415105819702,4.954199314117432,test_kl,0.1512157917022705
shapley-20260606T023438Z-75bc42d5,marginal,A,171,171,11.47228240000186,5.13695216178894,5.031283378601074,test_kl,0.10566878318786621
shapley-20260606T023438Z-75bc42d5,marginal,A,172,172,11.542036700000608,4.858347177505493,5.015532970428467,test_kl,-0.15718579292297363
shapley-20260606T023438Z-75bc42d5,marginal,A,173,173,11.608964500002912,4.880783796310425,4.99370002746582,test_kl,-0.11291623115539551
shapley-20260606T023438Z-75bc42d5,marginal,A,174,174,11.679085400002805,5.06507682800293,5.051324129104614,test_kl,0.01375269889831543
shapley-20260606T023438Z-75bc42d5,marginal,A,175,175,11.743911500005195,5.031332969665527,5.041099548339844,test_kl,-0.009766578674316406
shapley-20260606T023438Z-75bc42d5,marginal,A,176,176,11.81215510000402,5.0395448207855225,5.0100085735321045,test_kl,0.02953624725341797
shapley-20260606T023438Z-75bc42d5,marginal,A,177,177,11.87851550000414,5.06784987449646,5.014902830123901,test_kl,0.052947044372558594
shapley-20260606T023438Z-75bc42d5,marginal,A,178,178,11.941946000002645,5.043988943099976,5.008740425109863,test_kl,0.035248517990112305
shapley-20260606T023438Z-75bc42d5,marginal,A,179,179,12.008899700002075,5.055848121643066,4.967334032058716,test_kl,0.08851408958435059
shapley-20260606T023438Z-75bc42d5,marginal,A,180,180,12.072071500002494,4.9478185176849365,4.936658143997192,test_kl,0.01116037368774414
shapley-20260606T023438Z-75bc42d5,marginal,A,181,181,12.13444150000214,4.931960105895996,4.931536912918091,test_kl,0.00042319297790527344
shapley-20260606T023438Z-75bc42d5,marginal,A,182,182,12.200040600000648,4.939480543136597,4.973424673080444,test_kl,-0.033944129943847656
shapley-20260606T023438Z-75bc42d5,marginal,A,183,183,12.26281690000178,4.956520080566406,5.003634214401245,test_kl,-0.04711413383483887
shapley-20260606T023438Z-75bc42d5,marginal,A,184,184,12.327979200003028,4.990206956863403,5.027175188064575,test_kl,-0.036968231201171875
shapley-20260606T023438Z-75bc42d5,marginal,A,185,185,12.390810700002476,5.068184614181519,5.021227598190308,test_kl,0.046957015991211826
shapley-20260606T023438Z-75bc42d5,marginal,A,186,186,12.456032900005084,5.017338037490845,5.013465642929077,test_kl,0.003872394561767578
shapley-20260606T023438Z-75bc42d5,marginal,A,187,187,12.520280500004446,4.94235372543335,5.007486581802368,test_kl,-0.06513285636901855
shapley-20260606T023438Z-75bc42d5,marginal,A,188,188,12.583757700005664,4.914052963256836,5.012607097625732,test_kl,-0.09855413436889648
shapley-20260606T023438Z-75bc42d5,marginal,A,189,189,12.64682160000666,4.93994402885437,5.026638269424439,test_kl,-0.08669424057006925
shapley-20260606T023438Z-75bc42d5,marginal,A,190,190,12.713489900008426,5.018444299697876,5.033294200897217,test_kl,-0.01484990119934082
shapley-20260606T023438Z-75bc42d5,marginal,A,191,191,12.775788000006289,5.042277574539185,5.036120414733887,test_kl,0.0061571598052978516
shapley-20260606T023438Z-75bc42d5,marginal,A,192,192,12.845609400006651,5.079679250717163,5.028775691986084,test_kl,0.0509035587310791
shapley-20260606T023438Z-75bc42d5,marginal,A,193,193,12.917860300007304,5.079975605010986,5.017184734344482,test_kl,0.0627908706665039
shapley-20260606T023438Z-75bc42d5,marginal,A,194,194,12.988470900007089,5.070541858673096,4.994221448898315,test_kl,0.07632040977478027
shapley-20260606T023438Z-75bc42d5,marginal,A,195,195,13.055337100009638,5.057431221008301,4.98408842086792,test_kl,0.07334280014038086
shapley-20260606T023438Z-75bc42d5,marginal,A,196,196,13.119011000009776,5.027503728866577,4.985091924667358,test_kl,0.04241180419921875
shapley-20260606T023438Z-75bc42d5,marginal,A,197,197,13.18662220000988,5.007309436798096,4.9891791343688965,test_kl,0.01813030242919922
shapley-20260606T023438Z-75bc42d5,marginal,A,198,198,13.259257100009563,4.999906778335571,4.992032527923584,test_kl,0.007874250411987305
shapley-20260606T023438Z-75bc42d5,marginal,A,199,199,13.327880000008008,4.980745553970337,4.992562532424927,test_kl,-0.011816978454589844
shapley-20260606T023503Z-2cde927b,conditional,A,0,0,0.2518338000008953,20.19562816619873,23.814656257629395,test_kl,-3.619028091430664
shapley-20260606T023503Z-2cde927b,conditional,A,1,1,0.3127811000013025,41.49016189575195,41.750505447387695,test_kl,-0.2603435516357422
shapley-20260606T023503Z-2cde927b,conditional,A,2,2,0.3739362000014807,52.96106147766113,53.19647026062012,test_kl,-0.23540878295898438
shapley-20260606T023503Z-2cde927b,conditional,A,3,3,0.4343902000036905,59.35577583312988,55.680795669555664,test_kl,3.6749801635742188
shapley-20260606T023503Z-2cde927b,conditional,A,4,4,0.4933426000025065,64.50652122497559,57.857526779174805,test_kl,6.648994445800781
shapley-20260606T023503Z-2cde927b,conditional,A,5,5,0.553235900002619,66.96150207519531,61.67818260192871,test_kl,5.283319473266602
shapley-20260606T023503Z-2cde927b,conditional,A,6,6,0.6126764000036928,69.53194808959961,65.44333267211914,test_kl,4.088615417480469
shapley-20260606T023503Z-2cde927b,conditional,A,7,7,0.675039800004015,71.9744644165039,69.5728530883789,test_kl,2.401611328125
shapley-20260606T023503Z-2cde927b,conditional,A,8,8,0.7346894000038446,74.66930389404297,72.79622268676758,test_kl,1.8730812072753906
shapley-20260606T023503Z-2cde927b,conditional,A,9,9,0.7950014000052761,77.98690032958984,75.64864730834961,test_kl,2.3382530212402344
shapley-20260606T023503Z-2cde927b,conditional,A,10,10,0.8547054000046046,80.98459243774414,77.86441040039062,test_kl,3.1201820373535156
shapley-20260606T023503Z-2cde927b,conditional,A,11,11,0.918080600004032,49.786075592041016,48.42495536804199,test_kl,1.3611202239990234
shapley-20260606T023503Z-2cde927b,conditional,A,12,12,0.9803964000057022,25.08362293243408,27.060142517089844,test_kl,-1.9765195846557653
shapley-20260606T023503Z-2cde927b,conditional,A,13,13,1.0396900000087044,35.66365432739258,37.33905601501465,test_kl,-1.6754016876220703
shapley-20260606T023503Z-2cde927b,conditional,A,14,14,1.1031696000063675,48.76835441589356,48.16973876953125,test_kl,0.5986156463623118
shapley-20260606T023503Z-2cde927b,conditional,A,15,15,1.1668017000047255,43.97727584838867,43.222843170166016,test_kl,0.7544326782226562
shapley-20260606T023503Z-2cde927b,conditional,A,16,16,1.2284721000032732,27.19088840484619,27.17680549621582,test_kl,0.014082908630371094
shapley-20260606T023503Z-2cde927b,conditional,A,17,17,1.2908137000013085,26.474851608276367,27.19189739227295,test_kl,-0.717045783996582
shapley-20260606T023503Z-2cde927b,conditional,A,18,18,1.3524651000006995,38.96712875366211,38.97188186645508,test_kl,-0.00475311279296875
shapley-20260606T023503Z-2cde927b,conditional,A,19,19,1.41603749999922,39.31960487365723,39.47430610656738,test_kl,-0.15470123291015625
shapley-20260606T023503Z-2cde927b,conditional,A,20,20,1.479181200000312,27.97625732421875,27.366130828857425,test_kl,0.6101264953613246
shapley-20260606T023503Z-2cde927b,conditional,A,21,21,1.5424242000008237,20.96834373474121,24.12749481201172,test_kl,-3.159151077270508
shapley-20260606T023503Z-2cde927b,conditional,A,22,22,1.6036840999986453,26.3524227142334,31.548208236694336,test_kl,-5.1957855224609375
shapley-20260606T023503Z-2cde927b,conditional,A,23,23,1.6636953999986872,24.00939178466797,30.212241172790527,test_kl,-6.202849388122559
shapley-20260606T023503Z-2cde927b,conditional,A,24,24,1.726480299996183,23.137351989746094,22.25236797332764,test_kl,0.8849840164184535
shapley-20260606T023503Z-2cde927b,conditional,A,25,25,1.7880204999964917,27.28638744354248,25.252689361572266,test_kl,2.033698081970215
shapley-20260606T023503Z-2cde927b,conditional,A,26,26,1.84737309999764,24.5448694229126,24.764376640319824,test_kl,-0.219507217407223
shapley-20260606T023503Z-2cde927b,conditional,A,27,27,1.9107148999974013,20.39973258972168,20.390151023864743,test_kl,0.009581565856937146
shapley-20260606T023503Z-2cde927b,conditional,A,28,28,1.9758479999982228,23.29509258270264,22.735196113586422,test_kl,0.559896469116218
shapley-20260606T023503Z-2cde927b,conditional,A,29,29,2.036172299998725,21.96840190887451,20.98385524749756,test_kl,0.9845466613769531
shapley-20260606T023503Z-2cde927b,conditional,A,30,30,2.0993248999984644,18.86663818359375,18.73848342895508,test_kl,0.12815475463866832
shapley-20260606T023503Z-2cde927b,conditional,A,31,31,2.163080499998614,19.715723991394043,21.567055702209476,test_kl,-1.8513317108154332
shapley-20260606T023503Z-2cde927b,conditional,A,32,32,2.2256631999989622,18.238272666931152,19.219416618347168,test_kl,-0.9811439514160156
shapley-20260606T023503Z-2cde927b,conditional,A,33,33,2.28877079999802,17.096924781799316,17.39908790588379,test_kl,-0.30216312408447266
shapley-20260606T023503Z-2cde927b,conditional,A,34,34,2.35054389999641,18.61398983001709,16.839055061340332,test_kl,1.7749347686767578
shapley-20260606T023503Z-2cde927b,conditional,A,35,35,2.41330499999458,17.02774715423584,15.984902381896973,test_kl,1.0428447723388672
shapley-20260606T023503Z-2cde927b,conditional,A,36,36,2.478802599995106,16.11329936981201,17.240177154541016,test_kl,-1.126877784729004
shapley-20260606T023503Z-2cde927b,conditional,A,37,37,2.5395301999960798,15.438247203826904,15.788991451263428,test_kl,-0.35074424743652344
shapley-20260606T023503Z-2cde927b,conditional,A,38,38,2.599032999994961,16.222487449645996,15.568237781524658,test_kl,0.6542496681213379
shapley-20260606T023503Z-2cde927b,conditional,A,39,39,2.661678699994809,15.028688907623293,14.975517749786375,test_kl,0.053171157836917615
shapley-20260606T023503Z-2cde927b,conditional,A,40,40,2.726578599995264,15.04958438873291,14.55618667602539,test_kl,0.49339771270751953
shapley-20260606T023503Z-2cde927b,conditional,A,41,41,2.7904055999970296,14.286975383758543,13.786625862121582,test_kl,0.5003495216369611
shapley-20260606T023503Z-2cde927b,conditional,A,42,42,2.8538471999963804,13.840698719024658,14.60830307006836,test_kl,-0.7676043510437012
shapley-20260606T023503Z-2cde927b,conditional,A,43,43,2.920804599994881,13.143439769744871,13.44180393218994,test_kl,-0.29836416244506836
shapley-20260606T023503Z-2cde927b,conditional,A,44,44,2.983382899994467,14.038240432739258,13.579602718353271,test_kl,0.45863771438598633
shapley-20260606T023503Z-2cde927b,conditional,A,45,45,3.046140699992975,13.201529026031494,13.047784328460692,test_kl,0.15374469757080256
shapley-20260606T023503Z-2cde927b,conditional,A,46,46,3.108652299993992,13.092047691345217,13.076719284057615,test_kl,0.015328407287601209
shapley-20260606T023503Z-2cde927b,conditional,A,47,47,3.176811599994835,12.947391033172607,12.304181575775146,test_kl,0.6432094573974609
shapley-20260606T023503Z-2cde927b,conditional,A,48,48,3.235571599994728,12.562871932983398,12.874395370483398,test_kl,-0.3115234375
shapley-20260606T023503Z-2cde927b,conditional,A,49,49,3.29663229999278,12.387860774993896,12.542837619781494,test_kl,-0.15497684478759766
shapley-20260606T023503Z-2cde927b,conditional,A,50,50,3.3585345999927085,11.779529094696043,12.21116542816162,test_kl,-0.43163633346557617
shapley-20260606T023503Z-2cde927b,conditional,A,51,51,3.4224002999908407,11.41605520248413,11.793846607208252,test_kl,-0.3777914047241211
shapley-20260606T023503Z-2cde927b,conditional,A,52,52,3.485856299990701,11.467262268066406,11.589391231536863,test_kl,-0.12212896347045721
shapley-20260606T023503Z-2cde927b,conditional,A,53,53,3.547641899989685,10.946814060211182,11.18844985961914,test_kl,-0.24163579940795898
shapley-20260606T023503Z-2cde927b,conditional,A,54,54,3.6108033999917097,11.369049549102783,11.363054752349854,test_kl,0.0059947967529296875
shapley-20260606T023503Z-2cde927b,conditional,A,55,55,3.673937299990939,10.970710754394531,10.863893985748293,test_kl,0.10681676864623846
shapley-20260606T023503Z-2cde927b,conditional,A,56,56,3.734663499992166,10.863786220550535,11.197856903076172,test_kl,-0.33407068252563654
shapley-20260606T023503Z-2cde927b,conditional,A,57,57,3.8008792999899015,10.77562952041626,10.225905418395996,test_kl,0.5497241020202637
shapley-20260606T023503Z-2cde927b,conditional,A,58,58,3.8640328999899793,10.682510375976562,10.219232082366943,test_kl,0.46327829360961914
shapley-20260606T023503Z-2cde927b,conditional,A,59,59,3.9266077999891422,10.940149784088137,10.5419602394104,test_kl,0.39818954467773615
shapley-20260606T023503Z-2cde927b,conditional,A,60,60,3.9906286999867007,10.164349555969238,10.46448564529419,test_kl,-0.30013608932495117
shapley-20260606T023503Z-2cde927b,conditional,A,61,61,4.053541899986158,10.121660709381104,9.987316131591797,test_kl,0.13434457778930664
shapley-20260606T023503Z-2cde927b,conditional,A,62,62,4.112578299984307,10.463508605957031,9.704780101776125,test_kl,0.7587285041809064
shapley-20260606T023503Z-2cde927b,conditional,A,63,63,4.171321399982844,9.779466152191162,10.033791065216064,test_kl,-0.25432491302490234
shapley-20260606T023503Z-2cde927b,conditional,A,64,64,4.230492999980925,9.403157234191896,9.44374704360962,test_kl,-0.04058980941772283
shapley-20260606T023503Z-2cde927b,conditional,A,65,65,4.288911899981031,9.475234985351562,9.128558158874512,test_kl,0.3466768264770508
shapley-20260606T023503Z-2cde927b,conditional,A,66,66,4.35243139998056,9.34803342819214,9.33563232421875,test_kl,0.012401103973390448
shapley-20260606T023503Z-2cde927b,conditional,A,67,67,4.410969599983218,9.2095947265625,9.01564884185791,test_kl,0.19394588470458984
shapley-20260606T023503Z-2cde927b,conditional,A,68,68,4.4757806999805325,9.551804065704346,9.12552261352539,test_kl,0.4262814521789551
shapley-20260606T023503Z-2cde927b,conditional,A,69,69,4.53882419997899,9.546027183532717,8.946045398712158,test_kl,0.5999817848205584
shapley-20260606T023503Z-2cde927b,conditional,A,70,70,4.59853259997908,8.886140823364258,9.314468383789062,test_kl,-0.4283275604248047
shapley-20260606T023503Z-2cde927b,conditional,A,71,71,4.658080199980759,8.670482635498047,8.572699546813965,test_kl,0.09778308868408203
shapley-20260606T023503Z-2cde927b,conditional,A,72,72,4.719722099980572,8.543364524841309,8.521915435791016,test_kl,0.02144908905029297
shapley-20260606T023503Z-2cde927b,conditional,A,73,73,4.779174099981901,7.929389238357544,8.431633472442627,test_kl,-0.502244234085083
shapley-20260606T023503Z-2cde927b,conditional,A,74,74,4.842664199979481,8.548722267150879,8.318306922912598,test_kl,0.23041534423828125
shapley-20260606T023503Z-2cde927b,conditional,A,75,75,4.908686499980831,8.753228187561035,8.007060289382935,test_kl,0.7461678981781006
shapley-20260606T023503Z-2cde927b,conditional,A,76,76,4.97139099998094,8.651698589324951,7.962238550186157,test_kl,0.689460039138794
shapley-20260606T023503Z-2cde927b,conditional,A,77,77,5.032632999980706,7.969678163528442,8.193198204040527,test_kl,-0.22352004051208496
shapley-20260606T023503Z-2cde927b,conditional,A,78,78,5.09138719998009,8.264560222625732,8.034404993057251,test_kl,0.23015522956848145
shapley-20260606T023503Z-2cde927b,conditional,A,79,79,5.151531599982263,8.487661361694336,8.018097400665283,test_kl,0.46956396102905273
shapley-20260606T023503Z-2cde927b,conditional,A,80,80,5.210730399983731,7.710005283355713,7.829125642776489,test_kl,-0.11912035942077637
shapley-20260606T023503Z-2cde927b,conditional,A,81,81,5.269736699985515,7.698832273483276,7.810526132583618,test_kl,-0.1116938591003418
shapley-20260606T023503Z-2cde927b,conditional,A,82,82,5.334483899983752,8.404670238494873,7.71750807762146,test_kl,0.6871621608734131
shapley-20260606T023503Z-2cde927b,conditional,A,83,83,5.394866699985869,7.857192039489746,7.255854368209839,test_kl,0.6013376712799072
shapley-20260606T023503Z-2cde927b,conditional,A,84,84,5.458041799985949,7.259671211242676,6.894949436187744,test_kl,0.36472177505493164
shapley-20260606T023503Z-2cde927b,conditional,A,85,85,5.518002299984801,7.32779860496521,7.290098428726196,test_kl,0.03770017623901367
shapley-20260606T023503Z-2cde927b,conditional,A,86,86,5.576550999983738,7.371420621871948,7.7872254848480225,test_kl,-0.4158048629760742
shapley-20260606T023503Z-2cde927b,conditional,A,87,87,5.639481999984128,7.504518032073975,7.58923602104187,test_kl,-0.08471798896789551
shapley-20260606T023503Z-2cde927b,conditional,A,88,88,5.700722399986262,7.352614402770996,7.4748735427856445,test_kl,-0.12225914001464844
shapley-20260606T023503Z-2cde927b,conditional,A,89,89,5.7602820999854885,7.1322338581085205,7.511890172958374,test_kl,-0.3796563148498535
shapley-20260606T023503Z-2cde927b,conditional,A,90,90,5.833387599985144,7.312124967575073,7.201893091201782,test_kl,0.11023187637329102
shapley-20260606T023503Z-2cde927b,conditional,A,91,91,5.896831899986864,6.928637027740479,7.163737773895264,test_kl,-0.23510074615478427
shapley-20260606T023503Z-2cde927b,conditional,A,92,92,5.9647015999871655,7.142590761184692,6.723144292831421,test_kl,0.4194464683532715
shapley-20260606T023503Z-2cde927b,conditional,A,93,93,6.033935599985853,7.1842100620269775,6.629406213760376,test_kl,0.5548038482666016
shapley-20260606T023503Z-2cde927b,conditional,A,94,94,6.097917399987637,6.828192949295044,6.92256498336792,test_kl,-0.09437203407287598
shapley-20260606T023503Z-2cde927b,conditional,A,95,95,6.166443799986155,6.7670629024505615,7.010357856750488,test_kl,-0.24329495429992676
shapley-20260606T023503Z-2cde927b,conditional,A,96,96,6.229278099988733,6.552516222000122,6.916775226593018,test_kl,-0.3642590045928955
shapley-20260606T023503Z-2cde927b,conditional,A,97,97,6.2942822999903,7.233281850814819,6.558576345443726,test_kl,0.6747055053710938
shapley-20260606T023503Z-2cde927b,conditional,A,98,98,6.360392199989292,6.624513387680054,6.49647068977356,test_kl,0.12804269790649414
shapley-20260606T023503Z-2cde927b,conditional,A,99,99,6.425202599988552,7.192117929458618,6.695539236068726,test_kl,0.4965786933898926
shapley-20260606T023503Z-2cde927b,conditional,A,100,100,6.493014499988931,6.280672073364258,6.179033517837524,test_kl,0.1016385555267334
shapley-20260606T023503Z-2cde927b,conditional,A,101,101,6.561856299987994,6.4155113697052,6.352209091186523,test_kl,0.06330227851867676
shapley-20260606T023503Z-2cde927b,conditional,A,102,102,6.628119099990727,6.493016481399536,6.320664405822754,test_kl,0.17235207557678223
shapley-20260606T023503Z-2cde927b,conditional,A,103,103,6.695479999991221,6.20502495765686,6.144057989120483,test_kl,0.06096696853637695
shapley-20260606T023503Z-2cde927b,conditional,A,104,104,6.763188599994464,5.929663896560669,6.228578805923462,test_kl,-0.29891490936279297
shapley-20260606T023503Z-2cde927b,conditional,A,105,105,6.828055099991616,6.535727500915527,6.193593740463257,test_kl,0.3421337604522705
shapley-20260606T023503Z-2cde927b,conditional,A,106,106,6.890470799989998,5.793706655502319,6.09258246421814,test_kl,-0.2988758087158203
shapley-20260606T023503Z-2cde927b,conditional,A,107,107,6.962305999990349,6.292277097702026,6.105633735656738,test_kl,0.18664336204528809
shapley-20260606T023503Z-2cde927b,conditional,A,108,108,7.032466499989823,6.177237033843994,6.180746793746948,test_kl,-0.0035097599029541016
shapley-20260606T023503Z-2cde927b,conditional,A,109,109,7.098866899988934,5.618717908859253,5.472604990005493,test_kl,0.14611291885375977
shapley-20260606T023503Z-2cde927b,conditional,A,110,110,7.162286199985829,5.719470500946045,6.187772750854492,test_kl,-0.46830224990844727
shapley-20260606T023503Z-2cde927b,conditional,A,111,111,7.227053899987368,5.972143650054932,5.827394008636475,test_kl,0.14474964141845703
shapley-20260606T023503Z-2cde927b,conditional,A,112,112,7.292135399984545,6.014531373977661,6.07210373878479,test_kl,-0.057572364807128906
shapley-20260606T023503Z-2cde927b,conditional,A,113,113,7.363675299984607,5.929403066635132,5.975111246109009,test_kl,-0.04570817947387695
shapley-20260606T023503Z-2cde927b,conditional,A,114,114,7.430835199982539,5.640992403030396,5.4387922286987305,test_kl,0.20220017433166593
shapley-20260606T023503Z-2cde927b,conditional,A,115,115,7.493830599982175,5.760958671569824,5.574976444244385,test_kl,0.18598222732543945
shapley-20260606T023503Z-2cde927b,conditional,A,116,116,7.559691999984352,5.457020998001099,5.662476301193237,test_kl,-0.20545530319213867
shapley-20260606T023503Z-2cde927b,conditional,A,117,117,7.628818699984549,5.479259252548218,5.587515830993652,test_kl,-0.10825657844543457
shapley-20260606T023503Z-2cde927b,conditional,A,118,118,7.696527299984154,5.8755834102630615,5.576121807098389,test_kl,0.29946160316467285
shapley-20260606T023503Z-2cde927b,conditional,A,119,119,7.768088499982696,5.201051473617554,5.317479133605957,test_kl,-0.11642765998840332
shapley-20260606T023503Z-2cde927b,conditional,A,120,120,7.835676999984571,5.443590879440308,5.366150140762329,test_kl,0.07744073867797852
shapley-20260606T023503Z-2cde927b,conditional,A,121,121,7.898744599984639,5.23159384727478,5.054503440856934,test_kl,0.17709040641784668
shapley-20260606T023503Z-2cde927b,conditional,A,122,122,7.967652699982864,5.294358730316162,5.604750633239746,test_kl,-0.310391902923584
shapley-20260606T023503Z-2cde927b,conditional,A,123,123,8.03216539998175,4.765975713729858,4.797538995742798,test_kl,-0.03156328201293945
shapley-20260606T023503Z-2cde927b,conditional,A,124,124,8.095706099982635,5.318333625793457,4.868002414703369,test_kl,0.4503312110900879
shapley-20260606T023503Z-2cde927b,conditional,A,125,125,8.164280699980736,5.082932710647583,5.760939121246338,test_kl,-0.6780064105987549
shapley-20260606T023503Z-2cde927b,conditional,A,126,126,8.230553099983808,4.859270095825195,4.454539299011231,test_kl,0.40473079681396396
shapley-20260606T023503Z-2cde927b,conditional,A,127,127,8.29438459998346,5.248064994812012,5.244012117385864,test_kl,0.004052877426147461
shapley-20260606T023503Z-2cde927b,conditional,A,128,128,8.363481899985345,4.689422369003296,4.886005878448486,test_kl,-0.19658350944519043
shapley-20260606T023503Z-2cde927b,conditional,A,129,129,8.434181499986153,5.30344557762146,4.8940110206604,test_kl,0.40943455696105957
shapley-20260606T023503Z-2cde927b,conditional,A,130,130,8.50339899998653,4.807453870773315,5.070630788803101,test_kl,-0.26317691802978516
shapley-20260606T023503Z-2cde927b,conditional,A,131,131,8.56839049998598,5.148268938064575,4.919522762298584,test_kl,0.2287461757659912
shapley-20260606T023503Z-2cde927b,conditional,A,132,132,8.635955299985653,4.722705602645874,5.096785306930542,test_kl,-0.37407970428466797
shapley-20260606T023503Z-2cde927b,conditional,A,133,133,8.703374199983955,5.379755258560181,4.842663288116455,test_kl,0.5370919704437256
shapley-20260606T023503Z-2cde927b,conditional,A,134,134,8.769342899984622,4.634006023406982,5.217142343521118,test_kl,-0.5831363201141357
shapley-20260606T023503Z-2cde927b,conditional,A,135,135,8.835394399986399,5.247097969055176,4.849982976913452,test_kl,0.39711499214172363
shapley-20260606T023503Z-2cde927b,conditional,A,136,136,8.900513499986118,4.94852089881897,4.761231184005737,test_kl,0.18728971481323242
shapley-20260606T023503Z-2cde927b,conditional,A,137,137,8.969775199988362,4.910651683807373,5.072667121887207,test_kl,-0.16201543807983398
shapley-20260606T023503Z-2cde927b,conditional,A,138,138,9.038480399991386,5.0894105434417725,5.120344161987305,test_kl,-0.030933618545532227
shapley-20260606T023503Z-2cde927b,conditional,A,139,139,9.102618199991412,5.033670425415039,4.926515340805054,test_kl,0.10715508460998535
shapley-20260606T023503Z-2cde927b,conditional,A,140,140,9.168581299989455,4.9506611824035645,5.033935070037842,test_kl,-0.08327388763427734
shapley-20260606T023503Z-2cde927b,conditional,A,141,141,9.236431299992546,5.019925594329834,4.993899583816528,test_kl,0.026026010513305664
shapley-20260606T023503Z-2cde927b,conditional,A,142,142,9.299614499992458,4.904719829559326,4.926375389099121,test_kl,-0.021655559539794922
shapley-20260606T023503Z-2cde927b,conditional,A,143,143,9.368255299992596,4.948038101196289,5.012950658798218,test_kl,-0.06491255760192871
shapley-20260606T023503Z-2cde927b,conditional,A,144,144,9.434667399993486,5.152347087860107,5.062208414077759,test_kl,0.09013867378234863
shapley-20260606T023503Z-2cde927b,conditional,A,145,145,9.501526099993498,4.813823938369751,4.997848510742188,test_kl,-0.1840245723724374
shapley-20260606T023503Z-2cde927b,conditional,A,146,146,9.569715999994514,4.858484506607056,4.889049530029297,test_kl,-0.03056502342224121
shapley-20260606T023503Z-2cde927b,conditional,A,147,147,9.635914599992248,5.140784978866577,4.969452619552612,test_kl,0.17133235931396484
shapley-20260606T023503Z-2cde927b,conditional,A,148,148,9.70404009999038,5.146376848220825,4.930541038513184,test_kl,0.2158358097076416
shapley-20260606T023503Z-2cde927b,conditional,A,149,149,9.769317699989188,4.966974973678589,5.115647554397583,test_kl,-0.14867258071899414
shapley-20260606T023503Z-2cde927b,conditional,A,150,150,9.833442799990737,4.833598852157593,5.104470491409302,test_kl,-0.270871639251709
shapley-20260606T023503Z-2cde927b,conditional,A,151,151,9.899200599989854,5.101630210876465,4.888500213623047,test_kl,0.21312999725341797
shapley-20260606T023503Z-2cde927b,conditional,A,152,152,9.969851099991502,5.144712209701538,4.913139581680298,test_kl,0.23157262802124023
shapley-20260606T023503Z-2cde927b,conditional,A,153,153,10.036735699992278,5.148392200469971,5.188966274261475,test_kl,-0.040574073791503906
shapley-20260606T023503Z-2cde927b,conditional,A,154,154,10.100200599990783,4.987859010696411,5.125586271286011,test_kl,-0.1377272605895996
shapley-20260606T023503Z-2cde927b,conditional,A,155,155,10.163045199991757,4.902309894561768,4.938922166824341,test_kl,-0.03661227226257324
shapley-20260606T023503Z-2cde927b,conditional,A,156,156,10.237165099992126,4.939343690872192,5.074207067489624,test_kl,-0.13486337661743164
shapley-20260606T023503Z-2cde927b,conditional,A,157,157,10.300311899991357,4.9528968334198,4.927992582321167,test_kl,0.024904251098632812
shapley-20260606T023503Z-2cde927b,conditional,A,158,158,10.36314269999275,5.012276649475098,4.910262823104858,test_kl,0.10201382637023926
shapley-20260606T023503Z-2cde927b,conditional,A,159,159,10.429862499990122,5.04403829574585,5.063593149185181,test_kl,-0.019554853439331055
shapley-20260606T023503Z-2cde927b,conditional,A,160,160,10.492650199990749,4.996687173843384,5.151917934417725,test_kl,-0.15523076057434082
shapley-20260606T023503Z-2cde927b,conditional,A,161,161,10.558923699991285,4.961286067962647,4.977185010910034,test_kl,-0.015898942947386807
shapley-20260606T023503Z-2cde927b,conditional,A,162,162,10.629380599992146,4.992379188537598,4.800838708877564,test_kl,0.1915404796600333
shapley-20260606T023503Z-2cde927b,conditional,A,163,163,10.698435399990558,5.006402969360352,4.954674482345581,test_kl,0.05172848701477051
shapley-20260606T023503Z-2cde927b,conditional,A,164,164,10.768841599990992,5.007063150405884,5.094381809234619,test_kl,-0.08731865882873535
shapley-20260606T023503Z-2cde927b,conditional,A,165,165,10.835582399988198,5.019456148147583,5.064347505569458,test_kl,-0.044891357421875
shapley-20260606T023503Z-2cde927b,conditional,A,166,166,10.903032499987605,4.985446453094482,5.0555078983306885,test_kl,-0.07006144523620605
shapley-20260606T023503Z-2cde927b,conditional,A,167,167,10.967502299987244,4.95448899269104,5.000691890716553,test_kl,-0.046202898025512695
shapley-20260606T023503Z-2cde927b,conditional,A,168,168,11.038948999987042,4.959821701049805,4.97881555557251,test_kl,-0.018993854522705078
shapley-20260606T023503Z-2cde927b,conditional,A,169,169,11.108703899986722,5.003878116607666,4.933635234832764,test_kl,0.07024288177490234
shapley-20260606T023503Z-2cde927b,conditional,A,170,170,11.172599399986211,5.030015230178833,4.954199314117432,test_kl,0.07581591606140137
shapley-20260606T023503Z-2cde927b,conditional,A,171,171,11.236003099988013,5.021390676498413,5.031283378601074,test_kl,-0.009892702102661133
shapley-20260606T023503Z-2cde927b,conditional,A,172,172,11.301529999986087,5.043445825576782,5.015532970428467,test_kl,0.02791285514831543
shapley-20260606T023503Z-2cde927b,conditional,A,173,173,11.365128599987656,5.034168004989624,4.99370002746582,test_kl,0.04046797752380371
shapley-20260606T023503Z-2cde927b,conditional,A,174,174,11.428381099987746,5.025741815567017,5.051324129104614,test_kl,-0.025582313537597656
shapley-20260606T023503Z-2cde927b,conditional,A,175,175,11.490852399987489,5.020059585571289,5.041099548339844,test_kl,-0.021039962768554688
shapley-20260606T023503Z-2cde927b,conditional,A,176,176,11.553471399987757,5.004586219787598,5.0100085735321045,test_kl,-0.005422353744506836
shapley-20260606T023503Z-2cde927b,conditional,A,177,177,11.617884899987985,4.98707389831543,5.014902830123901,test_kl,-0.02782893180847168
shapley-20260606T023503Z-2cde927b,conditional,A,178,178,11.682723299989448,4.987586975097656,5.008740425109863,test_kl,-0.02115345001220703
shapley-20260606T023503Z-2cde927b,conditional,A,179,179,11.7477831999895,4.992431879043579,4.967334032058716,test_kl,0.02509784698486328
shapley-20260606T023503Z-2cde927b,conditional,A,180,180,11.811548799989396,5.01337480545044,4.936658143997192,test_kl,0.07671666145324796
shapley-20260606T023503Z-2cde927b,conditional,A,181,181,11.878492099989671,5.050306558609009,4.931536912918091,test_kl,0.11876964569091797
shapley-20260606T023503Z-2cde927b,conditional,A,182,182,11.94439039998906,5.062298536300659,4.973424673080444,test_kl,0.08887386322021484
shapley-20260606T023503Z-2cde927b,conditional,A,183,183,12.008983099989564,5.0508952140808105,5.003634214401245,test_kl,0.04726099967956543
shapley-20260606T023503Z-2cde927b,conditional,A,184,184,12.0746145999874,5.030839681625366,5.027175188064575,test_kl,0.0036644935607910156
shapley-20260606T023503Z-2cde927b,conditional,A,185,185,12.140418799986946,5.0037689208984375,5.021227598190308,test_kl,-0.017458677291870117
shapley-20260606T023503Z-2cde927b,conditional,A,186,186,12.205483399986406,4.977805614471436,5.013465642929077,test_kl,-0.03566002845764071
shapley-20260606T023503Z-2cde927b,conditional,A,187,187,12.276820199986105,4.949894428253174,5.007486581802368,test_kl,-0.057592153549194336
shapley-20260606T023503Z-2cde927b,conditional,A,188,188,12.341824099985388,4.933260440826416,5.012607097625732,test_kl,-0.0793466567993164
shapley-20260606T023503Z-2cde927b,conditional,A,189,189,12.407441999985169,4.934938192367554,5.026638269424439,test_kl,-0.09170007705688565
shapley-20260606T023503Z-2cde927b,conditional,A,190,190,12.469690799982343,4.94225287437439,5.033294200897217,test_kl,-0.09104132652282715
shapley-20260606T023503Z-2cde927b,conditional,A,191,191,12.53221189998294,4.942718744277954,5.036120414733887,test_kl,-0.09340167045593262
shapley-20260606T023503Z-2cde927b,conditional,A,192,192,12.59530099998301,4.943555593490601,5.028775691986084,test_kl,-0.0852200984954834
shapley-20260606T023503Z-2cde927b,conditional,A,193,193,12.659330499984208,4.953747272491455,5.017184734344482,test_kl,-0.06343746185302734
shapley-20260606T023503Z-2cde927b,conditional,A,194,194,12.726374799985932,4.960983037948608,4.994221448898315,test_kl,-0.03323841094970703
shapley-20260606T023503Z-2cde927b,conditional,A,195,195,12.794220699986909,4.970425605773926,4.98408842086792,test_kl,-0.01366281509399414
shapley-20260606T023503Z-2cde927b,conditional,A,196,196,12.85945949998495,4.9791810512542725,4.985091924667358,test_kl,-0.0059108734130859375
shapley-20260606T023503Z-2cde927b,conditional,A,197,197,12.927575299981982,4.989686012268066,4.9891791343688965,test_kl,0.0005068778991699219
shapley-20260606T023503Z-2cde927b,conditional,A,198,198,12.99033799998142,4.995918035507202,4.992032527923584,test_kl,0.003885507583618164
shapley-20260606T023503Z-2cde927b,conditional,A,199,199,13.056422999979986,5.000551223754883,4.992562532424927,test_kl,0.007988691329956055
