run_id,shapley_tactic,phase,epoch,logical_epoch,elapsed_train_sec,shapley_value,baseline_value,metric,delta
shapley-20260606T024528Z-b5a00de9,baseline,A,0,0,0.2501740000006975,0.974451082093375,0.9742443902151924,train_pix_recon,0.00020669187818267432
shapley-20260606T024528Z-b5a00de9,baseline,A,1,1,0.314502100001846,0.8009343317576817,0.7608872396605355,train_pix_recon,0.040047092097146186
shapley-20260606T024528Z-b5a00de9,baseline,A,2,2,0.3771622000022034,0.6544850979532514,0.6221806492124285,train_pix_recon,0.03230444874082283
shapley-20260606T024528Z-b5a00de9,baseline,A,3,3,0.4400510000014037,0.5544017893927438,0.5408966626439776,train_pix_recon,0.013505126748766139
shapley-20260606T024528Z-b5a00de9,baseline,A,4,4,0.5019266000017524,0.4832522783960615,0.4916973412036896,train_pix_recon,-0.008445062807628079
shapley-20260606T024528Z-b5a00de9,baseline,A,5,5,0.5660732000033022,0.4401146599224635,0.4498113308634077,train_pix_recon,-0.009696670940944174
shapley-20260606T024528Z-b5a00de9,baseline,A,6,6,0.6285277000060887,0.4107799657753536,0.4190955332347325,train_pix_recon,-0.008315567459378892
shapley-20260606T024528Z-b5a00de9,baseline,A,7,7,0.6887707000059891,0.3850695150239127,0.3883498651640756,train_pix_recon,-0.0032803501401629243
shapley-20260606T024528Z-b5a00de9,baseline,A,8,8,0.7515218000080495,0.3651209133011954,0.3676661082676479,train_pix_recon,-0.002545194966452502
shapley-20260606T024528Z-b5a00de9,baseline,A,9,9,0.8118233000059263,0.3495093413761684,0.3509722352027893,train_pix_recon,-0.0014628938266209035
shapley-20260606T024528Z-b5a00de9,baseline,A,10,10,0.8730535000067903,0.3383362250668661,0.3320462959153311,train_pix_recon,0.006289929151535034
shapley-20260606T024528Z-b5a00de9,baseline,A,11,11,0.9349014000035822,0.3282666376658848,0.3199289057935987,train_pix_recon,0.008337731872286147
shapley-20260606T024528Z-b5a00de9,baseline,A,12,12,0.9978362000001652,0.3259204796382359,0.3249756140368325,train_pix_recon,0.0009448656014033885
shapley-20260606T024528Z-b5a00de9,baseline,A,13,13,1.0562468000025549,0.3206522337027958,0.3192968155656542,train_pix_recon,0.001355418137141573
shapley-20260606T024528Z-b5a00de9,baseline,A,14,14,1.1167194000008749,0.3058163736547742,0.2993721195629665,train_pix_recon,0.006444254091807711
shapley-20260606T024528Z-b5a00de9,baseline,A,15,15,1.1803065999993123,0.3004718508039202,0.2952059592519487,train_pix_recon,0.005265891551971491
shapley-20260606T024528Z-b5a00de9,baseline,A,16,16,1.2447331000003032,0.2950201758316585,0.286977367741721,train_pix_recon,0.008042808089937514
shapley-20260606T024528Z-b5a00de9,baseline,A,17,17,1.3039343999989796,0.2978340898241315,0.2908650210925511,train_pix_recon,0.00696906873158043
shapley-20260606T024528Z-b5a00de9,baseline,A,18,18,1.3653736999985997,0.2887065027441297,0.2808155587741306,train_pix_recon,0.007890943969999065
shapley-20260606T024528Z-b5a00de9,baseline,A,19,19,1.4240884999999253,0.2794274389743805,0.2715723131384168,train_pix_recon,0.007855125835963706
shapley-20260606T024528Z-b5a00de9,baseline,A,20,20,1.483559599997534,0.2759678959846496,0.2730102326188768,train_pix_recon,0.0029576633657728
shapley-20260606T024528Z-b5a00de9,baseline,A,21,21,1.5551411999986158,0.2838696752275739,0.2766255395753043,train_pix_recon,0.007244135652269612
shapley-20260606T024528Z-b5a00de9,baseline,A,22,22,1.6190505999984453,0.2826102886881147,0.2751747965812683,train_pix_recon,0.007435492106846409
shapley-20260606T024528Z-b5a00de9,baseline,A,23,23,1.6803636999975424,0.2722993535654885,0.2682432191712515,train_pix_recon,0.004056134394237021
shapley-20260606T024528Z-b5a00de9,baseline,A,24,24,1.7406241999960912,0.2777781784534454,0.271393175636019,train_pix_recon,0.006385002817426377
shapley-20260606T024528Z-b5a00de9,baseline,A,25,25,1.8021545999981756,0.2790390167917524,0.2714795001915523,train_pix_recon,0.0075595166002001
shapley-20260606T024528Z-b5a00de9,baseline,A,26,26,1.863298699998268,0.266888861145292,0.2660691865852901,train_pix_recon,0.0008196745600018707
shapley-20260606T024528Z-b5a00de9,baseline,A,27,27,1.92457789999753,0.2641316481998988,0.2694924729210989,train_pix_recon,-0.005360824721200086
shapley-20260606T024528Z-b5a00de9,baseline,A,28,28,1.9865915000009409,0.2678242283208029,0.2704284063407353,train_pix_recon,-0.0026041780199324016
shapley-20260606T024528Z-b5a00de9,baseline,A,29,29,2.048613099999784,0.2669663216386522,0.2653092784540994,train_pix_recon,0.0016570431845527867
shapley-20260606T024528Z-b5a00de9,baseline,A,30,30,2.1144185999983165,0.2601222566195896,0.2666583061218261,train_pix_recon,-0.006536049502236518
shapley-20260606T024528Z-b5a00de9,baseline,A,31,31,2.1752122999969288,0.2645393141678401,0.2639235428401402,train_pix_recon,0.0006157713276999099
shapley-20260606T024528Z-b5a00de9,baseline,A,32,32,2.234131699995487,0.2637775029454912,0.2650612209524427,train_pix_recon,-0.0012837180069515397
shapley-20260606T024528Z-b5a00de9,baseline,A,33,33,2.299425399996835,0.2608090511390141,0.2625778402600969,train_pix_recon,-0.0017687891210828033
shapley-20260606T024528Z-b5a00de9,baseline,A,34,34,2.3623899999947757,0.2646104480539049,0.2603287100791931,train_pix_recon,0.004281737974711763
shapley-20260606T024528Z-b5a00de9,baseline,A,35,35,2.4219902999939222,0.2679517439433506,0.2618030565125601,train_pix_recon,0.0061486874307905
shapley-20260606T024528Z-b5a00de9,baseline,A,36,36,2.4828152999943995,0.2664167327540261,0.2623518151896341,train_pix_recon,0.004064917564392034
shapley-20260606T024528Z-b5a00de9,baseline,A,37,37,2.546960499992565,0.2670942757810865,0.2584296337195805,train_pix_recon,0.008664642061506023
shapley-20260606T024528Z-b5a00de9,baseline,A,38,38,2.610907599992061,0.2644142593656267,0.2627317543540682,train_pix_recon,0.0016825050115584772
shapley-20260606T024528Z-b5a00de9,baseline,A,39,39,2.6731267999930424,0.2649675054209573,0.2629600082124982,train_pix_recon,0.002007497208459108
shapley-20260606T024528Z-b5a00de9,baseline,A,40,40,2.732641399990825,0.2678591438702175,0.265020489692688,train_pix_recon,0.002838654177529487
shapley-20260606T024528Z-b5a00de9,baseline,A,41,41,2.793301099991368,0.2698531065668378,0.2669891544750759,train_pix_recon,0.0028639520917619343
shapley-20260606T024528Z-b5a00de9,baseline,A,42,42,2.851650499993412,0.2721186450549534,0.2695779544966561,train_pix_recon,0.0025406905582973094
shapley-20260606T024528Z-b5a00de9,baseline,A,43,43,2.9127079999925627,0.2740683385304042,0.2694784147398812,train_pix_recon,0.004589923790522976
shapley-20260606T024528Z-b5a00de9,baseline,A,44,44,2.974530799991044,0.2769070863723755,0.2664223994527544,train_pix_recon,0.010484686919621067
shapley-20260606T024528Z-b5a00de9,baseline,A,45,45,3.0404614999897603,0.2765384060995919,0.2733448360647474,train_pix_recon,0.003193570034844495
shapley-20260606T024528Z-b5a00de9,baseline,A,46,46,3.1029449999878125,0.2769755295344761,0.2726538819926126,train_pix_recon,0.0043216475418634825
shapley-20260606T024528Z-b5a00de9,baseline,A,47,47,3.161676299987448,0.2813840295587267,0.2753446868487766,train_pix_recon,0.006039342709950102
shapley-20260606T024528Z-b5a00de9,baseline,A,48,48,3.222038399988378,0.2797085813113621,0.2736313045024872,train_pix_recon,0.006077276808874932
shapley-20260606T024528Z-b5a00de9,baseline,A,49,49,3.2834577999892645,0.2821797387940543,0.2801349886826106,train_pix_recon,0.0020447501114436717
shapley-20260606T024528Z-b5a00de9,baseline,A,50,50,3.349535199988168,0.2814327010086604,0.2829196538243975,train_pix_recon,-0.0014869528157370748
shapley-20260606T024528Z-b5a00de9,baseline,A,51,51,3.4150683999869216,0.2817008963653019,0.2807903800691877,train_pix_recon,0.0009105162961141611
shapley-20260606T024528Z-b5a00de9,baseline,A,52,52,3.4862695999872813,0.2848555615970066,0.279807448387146,train_pix_recon,0.005048113209860594
shapley-20260606T024528Z-b5a00de9,baseline,A,53,53,3.561549599984573,0.2845509094851358,0.286260472876685,train_pix_recon,-0.001709563391549207
shapley-20260606T024528Z-b5a00de9,baseline,A,54,54,3.627339299986488,0.2881643346377781,0.291369902236121,train_pix_recon,-0.003205567598342951
shapley-20260606T024528Z-b5a00de9,baseline,A,55,55,3.694540999986202,0.2869863212108612,0.2893516506467546,train_pix_recon,-0.002365329435893404
shapley-20260606T024528Z-b5a00de9,baseline,A,56,56,3.7601978999882704,0.2915050515106746,0.2868510782718658,train_pix_recon,0.004653973238808784
shapley-20260606T024528Z-b5a00de9,baseline,A,57,57,3.831499999985681,0.2931433958666665,0.2925587168761662,train_pix_recon,0.000584678990500298
shapley-20260606T024528Z-b5a00de9,baseline,A,58,58,3.897787999987486,0.2989806830883026,0.2906890554087503,train_pix_recon,0.008291627679552327
shapley-20260606T024528Z-b5a00de9,baseline,A,59,59,3.970113699990179,0.2962188933576856,0.2964746228286198,train_pix_recon,-0.0002557294709342184
shapley-20260606T024528Z-b5a00de9,baseline,A,60,60,4.039575099988724,0.2995480682168688,0.2956916732447488,train_pix_recon,0.003856394972119981
shapley-20260606T024528Z-b5a00de9,baseline,A,61,61,4.107062499988388,0.3021833513464246,0.2982432075909206,train_pix_recon,0.003940143755504
shapley-20260606T024528Z-b5a00de9,baseline,A,62,62,4.166001599991432,0.3028051427432469,0.2968823441437312,train_pix_recon,0.005922798599515666
shapley-20260606T024528Z-b5a00de9,baseline,A,63,63,4.227089799991518,0.3077421954699925,0.3025505117007664,train_pix_recon,0.005191683769226074
shapley-20260606T024528Z-b5a00de9,baseline,A,64,64,4.291314999994938,0.3058763912745884,0.2985344231128692,train_pix_recon,0.00734196816171917
shapley-20260606T024528Z-b5a00de9,baseline,A,65,65,4.35516099999586,0.3128921559878758,0.3005598783493042,train_pix_recon,0.012332277638571587
shapley-20260606T024528Z-b5a00de9,baseline,A,66,66,4.416261799997301,0.3113306377615247,0.3029690512589046,train_pix_recon,0.008361586502620089
shapley-20260606T024528Z-b5a00de9,baseline,A,67,67,4.478290499995637,0.318753502198628,0.3089405383382524,train_pix_recon,0.009812963860375612
shapley-20260606T024528Z-b5a00de9,baseline,A,68,68,4.544429499994294,0.3185152794633593,0.3043982514313289,train_pix_recon,0.014117028032030354
shapley-20260606T024528Z-b5a00de9,baseline,A,69,69,4.604279499995755,0.3201270273753575,0.3148438334465027,train_pix_recon,0.00528319392885479
shapley-20260606T024528Z-b5a00de9,baseline,A,70,70,4.667824299995118,0.321932920387813,0.314214540379388,train_pix_recon,0.007718380008425008
shapley-20260606T024528Z-b5a00de9,baseline,A,71,71,4.728966699996818,0.3260574085371835,0.3138505944183895,train_pix_recon,0.01220681411879404
shapley-20260606T024528Z-b5a00de9,baseline,A,72,72,4.790256399995997,0.3245299415928976,0.3178909804139818,train_pix_recon,0.006638961178915825
shapley-20260606T024528Z-b5a00de9,baseline,A,73,73,4.854859499995655,0.3190190408911024,0.3245040987219129,train_pix_recon,-0.005485057830810491
shapley-20260606T024528Z-b5a00de9,baseline,A,74,74,4.916196299996955,0.3259584265095847,0.3261394671031407,train_pix_recon,-0.00018104059355600333
shapley-20260606T024528Z-b5a00de9,baseline,A,75,75,4.975371499996982,0.3250287175178528,0.3240477911063603,train_pix_recon,0.0009809264114924998
shapley-20260606T024528Z-b5a00de9,baseline,A,76,76,5.035698299994692,0.3267696159226553,0.3261207938194275,train_pix_recon,0.0006488221032278085
shapley-20260606T024528Z-b5a00de9,baseline,A,77,77,5.095153299993399,0.3310574548585074,0.3284924413476671,train_pix_recon,0.0025650135108403194
shapley-20260606T024528Z-b5a00de9,baseline,A,78,78,5.154378499995801,0.3374282377106802,0.3312634101935795,train_pix_recon,0.0061648275171006794
shapley-20260606T024528Z-b5a00de9,baseline,A,79,79,5.216525799994997,0.3313642357076917,0.3333360510213034,train_pix_recon,-0.0019718153136117356
shapley-20260606T024528Z-b5a00de9,baseline,A,80,80,5.282890299993596,0.3383861780166626,0.3300338472638811,train_pix_recon,0.008352330752781523
shapley-20260606T024528Z-b5a00de9,baseline,A,81,81,5.3484442999906605,0.3373698166438511,0.3346514744418008,train_pix_recon,0.00271834220205025
shapley-20260606T024528Z-b5a00de9,baseline,A,82,82,5.408823299989308,0.3401070535182953,0.3371630438736507,train_pix_recon,0.002944009644644585
shapley-20260606T024528Z-b5a00de9,baseline,A,83,83,5.47777819998737,0.3470723118100847,0.3385056640420641,train_pix_recon,0.008566647768020574
shapley-20260606T024528Z-b5a00de9,baseline,A,84,84,5.539441699987947,0.3428167487893785,0.3388145906584603,train_pix_recon,0.004002158130918199
shapley-20260606T024528Z-b5a00de9,baseline,A,85,85,5.601925199989637,0.3530064821243286,0.3433952459267207,train_pix_recon,0.009611236197607897
shapley-20260606T024528Z-b5a00de9,baseline,A,86,86,5.665743199988356,0.3453751036099025,0.350839044366564,train_pix_recon,-0.005463940756661512
shapley-20260606T024528Z-b5a00de9,baseline,A,87,87,5.724995599986869,0.3499808141163417,0.348390838929585,train_pix_recon,0.001589975186756687
shapley-20260606T024528Z-b5a00de9,baseline,A,88,88,5.785222399987106,0.3611052930355072,0.3513399490288326,train_pix_recon,0.009765344006674614
shapley-20260606T024528Z-b5a00de9,baseline,A,89,89,5.846177799987345,0.3540381108011518,0.3501635023525783,train_pix_recon,0.0038746084485734578
shapley-20260606T024528Z-b5a00de9,baseline,A,90,90,5.921818299986626,0.3522003889083862,0.356175239597048,train_pix_recon,-0.003974850688661824
shapley-20260606T024528Z-b5a00de9,baseline,A,91,91,5.989956499986874,0.3613096007278987,0.3546688854694366,train_pix_recon,0.006640715258462104
shapley-20260606T024528Z-b5a00de9,baseline,A,92,92,6.064283099985914,0.3641179161412375,0.3575839570590428,train_pix_recon,0.006533959082194729
shapley-20260606T024528Z-b5a00de9,baseline,A,93,93,6.127789099984511,0.3567193022796086,0.3615035499845232,train_pix_recon,-0.004784247704914646
shapley-20260606T024528Z-b5a00de9,baseline,A,94,94,6.19860789998711,0.3628877656800406,0.3584144072873251,train_pix_recon,0.00447335839271551
shapley-20260606T024528Z-b5a00de9,baseline,A,95,95,6.261473099988507,0.3686357864311763,0.3639150559902191,train_pix_recon,0.004720730440957166
shapley-20260606T024528Z-b5a00de9,baseline,A,96,96,6.328567999986262,0.3690814461026873,0.3680696019104549,train_pix_recon,0.0010118441922323806
shapley-20260606T024528Z-b5a00de9,baseline,A,97,97,6.391987199986033,0.3594603112765721,0.3716203187193189,train_pix_recon,-0.012160007442746812
shapley-20260606T024528Z-b5a00de9,baseline,A,98,98,6.455094299984921,0.3799778052738735,0.365816844361169,train_pix_recon,0.014160960912704468
shapley-20260606T024528Z-b5a00de9,baseline,A,99,99,6.523877199982962,0.3664586586611612,0.3745512366294861,train_pix_recon,-0.00809257796832491
shapley-20260606T024528Z-b5a00de9,baseline,A,100,100,6.589957199983473,0.3728157324450357,0.375241151877812,train_pix_recon,-0.002425419432776299
shapley-20260606T024528Z-b5a00de9,baseline,A,101,101,6.655478599983326,0.3697096577712467,0.3701911909239633,train_pix_recon,-0.0004815331527165956
shapley-20260606T024528Z-b5a00de9,baseline,A,102,102,6.721141099984379,0.3738900082451956,0.3826825874192374,train_pix_recon,-0.008792579174041804
shapley-20260606T024528Z-b5a00de9,baseline,A,103,103,6.787916599983873,0.3749650163309915,0.3846905188901083,train_pix_recon,-0.009725502559116805
shapley-20260606T024528Z-b5a00de9,baseline,A,104,104,6.858163499986404,0.3799740331513541,0.386496752500534,train_pix_recon,-0.006522719349179917
shapley-20260606T024528Z-b5a00de9,baseline,A,105,105,6.9252075999829685,0.378299389566694,0.3902526157242911,train_pix_recon,-0.011953226157597086
shapley-20260606T024528Z-b5a00de9,baseline,A,106,106,6.992459699984465,0.3832491678850991,0.3842658272811344,train_pix_recon,-0.001016659396035291
shapley-20260606T024528Z-b5a00de9,baseline,A,107,107,7.062938099985331,0.3822247045380728,0.3901197101388658,train_pix_recon,-0.007895005600793037
shapley-20260606T024528Z-b5a00de9,baseline,A,108,108,7.131567099986569,0.3911710466657366,0.3919812142848968,train_pix_recon,-0.0008101676191601959
shapley-20260606T024528Z-b5a00de9,baseline,A,109,109,7.198493199986842,0.3867868057319096,0.3971668950148991,train_pix_recon,-0.010380089282989502
shapley-20260606T024528Z-b5a00de9,baseline,A,110,110,7.260311199988791,0.3903660135609763,0.4026092333453042,train_pix_recon,-0.012243219784327908
shapley-20260606T024528Z-b5a00de9,baseline,A,111,111,7.323264899987407,0.396282217332295,0.3912139620099749,train_pix_recon,0.0050682553223201365
shapley-20260606T024528Z-b5a00de9,baseline,A,112,112,7.38927499998681,0.3985927445547921,0.3927119970321655,train_pix_recon,0.005880747522626573
shapley-20260606T024528Z-b5a00de9,baseline,A,113,113,7.457078799987357,0.3916241100856236,0.4022641224520547,train_pix_recon,-0.010640012366431084
shapley-20260606T024528Z-b5a00de9,baseline,A,114,114,7.521366199987824,0.3988296730177743,0.4087269731930324,train_pix_recon,-0.009897300175258139
shapley-20260606T024528Z-b5a00de9,baseline,A,115,115,7.5843173999855935,0.4018940968172891,0.4008598285061972,train_pix_recon,0.0010342683110918793
shapley-20260606T024528Z-b5a00de9,baseline,A,116,116,7.646645899985742,0.3995229942458017,0.4082230584962027,train_pix_recon,-0.00870006425040104
shapley-20260606T024528Z-b5a00de9,baseline,A,117,117,7.709431699986453,0.4032155615942819,0.4038759001663753,train_pix_recon,-0.0006603385720934107
shapley-20260606T024528Z-b5a00de9,baseline,A,118,118,7.776590899986331,0.4003835277897971,0.4052038277898516,train_pix_recon,-0.0048203000000545115
shapley-20260606T024528Z-b5a00de9,baseline,A,119,119,7.838806999985536,0.4041212669440678,0.4056096460138048,train_pix_recon,-0.001488379069736978
shapley-20260606T024528Z-b5a00de9,baseline,A,120,120,7.903816099984397,0.406472304037639,0.4173911937645503,train_pix_recon,-0.010918889726911296
shapley-20260606T024528Z-b5a00de9,baseline,A,121,121,7.965845399983664,0.4167495199612209,0.4274418481758663,train_pix_recon,-0.010692328214645386
shapley-20260606T024528Z-b5a00de9,baseline,A,122,122,8.028894999984914,0.4195439517498016,0.4152981213160923,train_pix_recon,0.004245830433709297
shapley-20260606T024528Z-b5a00de9,baseline,A,123,123,8.095314099984535,0.4261679436479296,0.4430485580648695,train_pix_recon,-0.016880614416939888
shapley-20260606T024528Z-b5a00de9,baseline,A,124,124,8.160705399983271,0.4283648771899087,0.4335892881665911,train_pix_recon,-0.005224410976682414
shapley-20260606T024528Z-b5a00de9,baseline,A,125,125,8.225815399982821,0.4333611301013401,0.4320133243288312,train_pix_recon,0.00134780577250887
shapley-20260606T024528Z-b5a00de9,baseline,A,126,126,8.293960399980278,0.440698219197137,0.4454259318964822,train_pix_recon,-0.004727712699345243
shapley-20260606T024528Z-b5a00de9,baseline,A,127,127,8.357443599979888,0.4254159161022731,0.4340875404221671,train_pix_recon,-0.008671624319893989
shapley-20260606T024528Z-b5a00de9,baseline,A,128,128,8.421566099979827,0.4370838446276529,0.4359060951641628,train_pix_recon,0.0011777494634900854
shapley-20260606T024528Z-b5a00de9,baseline,A,129,129,8.487472999979218,0.4284044929913112,0.4323750649179731,train_pix_recon,-0.003970571926661892
shapley-20260606T024528Z-b5a00de9,baseline,A,130,130,8.550426099980541,0.4335898501532418,0.4340342240674155,train_pix_recon,-0.0004443739141736791
shapley-20260606T024528Z-b5a00de9,baseline,A,131,131,8.616024499980995,0.426007615668433,0.4285434484481811,train_pix_recon,-0.002535832779748115
shapley-20260606T024528Z-b5a00de9,baseline,A,132,132,8.68356379997931,0.4296472413199289,0.4278425361428942,train_pix_recon,0.0018047051770346823
shapley-20260606T024528Z-b5a00de9,baseline,A,133,133,8.763724499978707,0.4217244003500257,0.4212994532925742,train_pix_recon,0.00042494705745149686
shapley-20260606T024528Z-b5a00de9,baseline,A,134,134,8.85382899997785,0.4233285273824419,0.4245479873248509,train_pix_recon,-0.0012194599424089625
shapley-20260606T024528Z-b5a00de9,baseline,A,135,135,8.94478199997684,0.4164090284279415,0.4217187166213989,train_pix_recon,-0.005309688193457451
shapley-20260606T024528Z-b5a00de9,baseline,A,136,136,9.032629099980111,0.425785767180579,0.4218364357948303,train_pix_recon,0.003949331385748656
shapley-20260606T024528Z-b5a00de9,baseline,A,137,137,9.102864299980864,0.4156194925308227,0.4200090042182377,train_pix_recon,-0.004389511687415026
shapley-20260606T024528Z-b5a00de9,baseline,A,138,138,9.165446899980452,0.4223336960588182,0.415765174797603,train_pix_recon,0.00656852126121521
shapley-20260606T024528Z-b5a00de9,baseline,A,139,139,9.229073699978471,0.4174856543540954,0.4204525010926382,train_pix_recon,-0.0029668467385428055
shapley-20260606T024528Z-b5a00de9,baseline,A,140,140,9.295768499978294,0.426788968699319,0.413188887493951,train_pix_recon,0.013600081205367986
shapley-20260606T024528Z-b5a00de9,baseline,A,141,141,9.360152399978688,0.419001076902662,0.4202141336032322,train_pix_recon,-0.001213056700570203
shapley-20260606T024528Z-b5a00de9,baseline,A,142,142,9.42408869997962,0.4165431218487875,0.4139548454965864,train_pix_recon,0.002588276352201102
shapley-20260606T024528Z-b5a00de9,baseline,A,143,143,9.488466399980098,0.4189484800611223,0.4075397891657693,train_pix_recon,0.011408690895353013
shapley-20260606T024528Z-b5a00de9,baseline,A,144,144,9.55474249998224,0.4211448132991791,0.4287477476256234,train_pix_recon,-0.007602934326444322
shapley-20260606T024528Z-b5a00de9,baseline,A,145,145,9.617920999982744,0.4127556341035025,0.4170775243214198,train_pix_recon,-0.00432189021791729
shapley-20260606T024528Z-b5a00de9,baseline,A,146,146,9.683122899983571,0.4097582783017839,0.4057782122067043,train_pix_recon,0.003980066095079615
shapley-20260606T024528Z-b5a00de9,baseline,A,147,147,9.745934999984456,0.4182789879185812,0.4251244153295244,train_pix_recon,-0.006845427410943183
shapley-20260606T024528Z-b5a00de9,baseline,A,148,148,9.812450499983242,0.4151285886764526,0.415631000484739,train_pix_recon,-0.0005024118082864182
shapley-20260606T024528Z-b5a00de9,baseline,A,149,149,9.876323499986029,0.4168307142598288,0.4157065408570425,train_pix_recon,0.0011241734027863104
shapley-20260606T024528Z-b5a00de9,baseline,A,150,150,9.93888339998739,0.4141023627349308,0.4183587857655116,train_pix_recon,-0.004256423030580825
shapley-20260606T024528Z-b5a00de9,baseline,A,151,151,10.003877999988616,0.4070980080536434,0.419167446238654,train_pix_recon,-0.012069438185010606
shapley-20260606T024528Z-b5a00de9,baseline,A,152,152,10.074641399991378,0.4122742286750248,0.4100470244884491,train_pix_recon,0.002227204186575682
shapley-20260606T024528Z-b5a00de9,baseline,A,153,153,10.13927829999011,0.4141816709722791,0.4168178864887782,train_pix_recon,-0.0026362155164991186
shapley-20260606T024528Z-b5a00de9,baseline,A,154,154,10.205484999991311,0.416992540870394,0.4180598429271153,train_pix_recon,-0.0010673020567212865
shapley-20260606T024528Z-b5a00de9,baseline,A,155,155,10.272080599992478,0.4112209720270974,0.4203161299228668,train_pix_recon,-0.009095157895769423
shapley-20260606T024528Z-b5a00de9,baseline,A,156,156,10.339344999993044,0.412772889648165,0.4085305162838527,train_pix_recon,0.004242373364312324
shapley-20260606T024528Z-b5a00de9,baseline,A,157,157,10.413657099990814,0.4095956598009382,0.4044717039380754,train_pix_recon,0.005123955862862795
shapley-20260606T024528Z-b5a00de9,baseline,A,158,158,10.479648799988354,0.4157695897987911,0.4246326472078051,train_pix_recon,-0.008863057409013997
shapley-20260606T024528Z-b5a00de9,baseline,A,159,159,10.544694399988655,0.4120666597570692,0.415109600339617,train_pix_recon,-0.0030429405825478373
shapley-20260606T024528Z-b5a00de9,baseline,A,160,160,10.607467099987844,0.4077792210238321,0.4052737738404955,train_pix_recon,0.002505447183336562
shapley-20260606T024528Z-b5a00de9,baseline,A,161,161,10.673864399988815,0.4127794802188873,0.399508318730763,train_pix_recon,0.013271161488124295
shapley-20260606T024528Z-b5a00de9,baseline,A,162,162,10.740007499989588,0.4098958245345524,0.4198459344250815,train_pix_recon,-0.00995010989052908
shapley-20260606T024528Z-b5a00de9,baseline,A,163,163,10.80495429999064,0.4095099653516497,0.4125733247825077,train_pix_recon,-0.0030633594308580037
shapley-20260606T024528Z-b5a00de9,baseline,A,164,164,10.868473599988649,0.4071762902396066,0.415789497750146,train_pix_recon,-0.0086132075105394
shapley-20260606T024528Z-b5a00de9,baseline,A,165,165,10.938112199990428,0.4065146701676504,0.3996068835258484,train_pix_recon,0.006907786641802027
shapley-20260606T024528Z-b5a00de9,baseline,A,166,166,11.003359899990755,0.4058410227298736,0.3997897207736969,train_pix_recon,0.006051301956176702
shapley-20260606T024528Z-b5a00de9,baseline,A,167,167,11.06572659999074,0.411822749035699,0.41676122375897,train_pix_recon,-0.004938474723271025
shapley-20260606T024528Z-b5a00de9,baseline,A,168,168,11.129017099989142,0.4122683107852936,0.4121904373168945,train_pix_recon,7.787346839910336e-05
shapley-20260606T024528Z-b5a00de9,baseline,A,169,169,11.194122999990212,0.4112519706998552,0.4101355586733137,train_pix_recon,0.0011164120265415023
shapley-20260606T024528Z-b5a00de9,baseline,A,170,170,11.265887899990048,0.4088574179581233,0.4079486642565046,train_pix_recon,0.000908753701618692
shapley-20260606T024528Z-b5a00de9,baseline,A,171,171,11.33366689999093,0.4071714963231768,0.4178474800927298,train_pix_recon,-0.010675983769553032
shapley-20260606T024528Z-b5a00de9,baseline,A,172,172,11.397085299991886,0.4117486987795148,0.4134518461568015,train_pix_recon,-0.0017031473772866623
shapley-20260606T024528Z-b5a00de9,baseline,A,173,173,11.459479899993312,0.4110904335975647,0.4050479275839669,train_pix_recon,0.006042506013597793
shapley-20260606T024528Z-b5a00de9,baseline,A,174,174,11.52514849999352,0.4118275131498064,0.4065243431500026,train_pix_recon,0.005303169999803847
shapley-20260606T024528Z-b5a00de9,baseline,A,175,175,11.59125999999378,0.4073431534426553,0.4064089741025652,train_pix_recon,0.0009341793400901022
shapley-20260606T024528Z-b5a00de9,baseline,A,176,176,11.662433099994814,0.4089779640947069,0.4100759497710636,train_pix_recon,-0.0010979856763567164
shapley-20260606T024528Z-b5a00de9,baseline,A,177,177,11.728257399994618,0.4097016964639936,0.4107316902705601,train_pix_recon,-0.001029993806566487
shapley-20260606T024528Z-b5a00de9,baseline,A,178,178,11.794583999992028,0.4027422325951712,0.4052553985800062,train_pix_recon,-0.0025131659848349752
shapley-20260606T024528Z-b5a00de9,baseline,A,179,179,11.859672599992336,0.4100855503763471,0.4079176442963736,train_pix_recon,0.0021679060799734695
shapley-20260606T024528Z-b5a00de9,baseline,A,180,180,11.924162399991474,0.4136586231844766,0.4104342886379787,train_pix_recon,0.003224334546497898
shapley-20260606T024528Z-b5a00de9,baseline,A,181,181,11.987281599991547,0.411408577646528,0.4074630694729941,train_pix_recon,0.003945508173533896
shapley-20260606T024528Z-b5a00de9,baseline,A,182,182,12.051070099991191,0.4140246851103646,0.4115018078259059,train_pix_recon,0.0025228772844587133
shapley-20260606T024528Z-b5a00de9,baseline,A,183,183,12.11456229999385,0.4121672936848232,0.410668283700943,train_pix_recon,0.0014990099838801951
shapley-20260606T024528Z-b5a00de9,baseline,A,184,184,12.185729299995728,0.4080887309142521,0.4025902279785701,train_pix_recon,0.0054985029356819926
shapley-20260606T024528Z-b5a00de9,baseline,A,185,185,12.259721299997182,0.412484735250473,0.4012872959886278,train_pix_recon,0.011197439261845243
shapley-20260606T024528Z-b5a00de9,baseline,A,186,186,12.324269199998524,0.4088214124952044,0.4108463057449886,train_pix_recon,-0.002024893249784221
shapley-20260606T024528Z-b5a00de9,baseline,A,187,187,12.388885999997,0.4058609817709241,0.4104505436761038,train_pix_recon,-0.004589561905179673
shapley-20260606T024528Z-b5a00de9,baseline,A,188,188,12.45594379999602,0.4137086740561894,0.403459472315652,train_pix_recon,0.010249201740537395
shapley-20260606T024528Z-b5a00de9,baseline,A,189,189,12.519188499994923,0.4061162727219717,0.4105204897267477,train_pix_recon,-0.004404217004776001
shapley-20260606T024528Z-b5a00de9,baseline,A,190,190,12.58245359999637,0.4055960689272199,0.4103838333061763,train_pix_recon,-0.004787764378956394
shapley-20260606T024528Z-b5a00de9,baseline,A,191,191,12.65414229999442,0.4102227219513484,0.4128695087773459,train_pix_recon,-0.0026467868259975047
shapley-20260606T024528Z-b5a00de9,baseline,A,192,192,12.724051499997586,0.4100704746586935,0.4071861633232662,train_pix_recon,0.0028843113354273253
shapley-20260606T024528Z-b5a00de9,baseline,A,193,193,12.787213899999188,0.4098795226642063,0.4001325879778181,train_pix_recon,0.009746934686388209
shapley-20260606T024528Z-b5a00de9,baseline,A,194,194,12.855836799997633,0.4034978747367859,0.3996970355510711,train_pix_recon,0.003800839185714777
shapley-20260606T024528Z-b5a00de9,baseline,A,195,195,12.927408399998969,0.4091396416936602,0.4085906531129564,train_pix_recon,0.0005489885807037909
shapley-20260606T024528Z-b5a00de9,baseline,A,196,196,12.996747499997582,0.405594391482217,0.4042505536760603,train_pix_recon,0.0013438378061567113
shapley-20260606T024528Z-b5a00de9,baseline,A,197,197,13.063196499999322,0.3983814971787588,0.4068444541522434,train_pix_recon,-0.008462956973484592
shapley-20260606T024528Z-b5a00de9,baseline,A,198,198,13.127165199995943,0.4060280152729579,0.4069062301090785,train_pix_recon,-0.0008782148361206055
shapley-20260606T024528Z-b5a00de9,baseline,A,199,199,13.198142399996868,0.4071342263902937,0.4085217586585453,train_pix_recon,-0.0013875322682516122
shapley-20260606T024553Z-69396335,marginal,A,0,0,0.2505272999987937,0.9856327772140504,0.9742443902151924,train_pix_recon,0.011388386998858024
shapley-20260606T024553Z-69396335,marginal,A,1,1,0.3150267999990319,0.7808235032217843,0.7608872396605355,train_pix_recon,0.01993626356124878
shapley-20260606T024553Z-69396335,marginal,A,2,2,0.3770762999993167,0.6490482602800641,0.6221806492124285,train_pix_recon,0.026867611067635577
shapley-20260606T024553Z-69396335,marginal,A,3,3,0.4427575999980035,0.5649933048657009,0.5408966626439776,train_pix_recon,0.024096642221723252
shapley-20260606T024553Z-69396335,marginal,A,4,4,0.5036130999978923,0.4971667528152466,0.4916973412036896,train_pix_recon,0.005469411611557007
shapley-20260606T024553Z-69396335,marginal,A,5,5,0.5656566999969073,0.4499523426805223,0.4498113308634077,train_pix_recon,0.0001410118171146224
shapley-20260606T024553Z-69396335,marginal,A,6,6,0.6291529999944032,0.4182375371456146,0.4190955332347325,train_pix_recon,-0.0008579960891178517
shapley-20260606T024553Z-69396335,marginal,A,7,7,0.6936665999928664,0.3916810836110796,0.3883498651640756,train_pix_recon,0.003331218447004014
shapley-20260606T024553Z-69396335,marginal,A,8,8,0.7568316999931994,0.3668901877743857,0.3676661082676479,train_pix_recon,-0.0007759204932621944
shapley-20260606T024553Z-69396335,marginal,A,9,9,0.8195276999940688,0.3486728497913905,0.3509722352027893,train_pix_recon,-0.002299385411398791
shapley-20260606T024553Z-69396335,marginal,A,10,10,0.8845669999936945,0.3344188928604126,0.3320462959153311,train_pix_recon,0.0023725969450815176
shapley-20260606T024553Z-69396335,marginal,A,11,11,0.947077699995134,0.3218908991132463,0.3199289057935987,train_pix_recon,0.001961993319647637
shapley-20260606T024553Z-69396335,marginal,A,12,12,1.0076844999930472,0.322709960596902,0.3249756140368325,train_pix_recon,-0.002265653439930515
shapley-20260606T024553Z-69396335,marginal,A,13,13,1.068666499992105,0.3189474897725241,0.3192968155656542,train_pix_recon,-0.00034932579313012857
shapley-20260606T024553Z-69396335,marginal,A,14,14,1.1307516999913787,0.3001819423266819,0.2993721195629665,train_pix_recon,0.0008098227637153843
shapley-20260606T024553Z-69396335,marginal,A,15,15,1.191689499992208,0.2926893361977168,0.2952059592519487,train_pix_recon,-0.0025166230542318924
shapley-20260606T024553Z-69396335,marginal,A,16,16,1.2545789999931003,0.2911336634840284,0.286977367741721,train_pix_recon,0.004156295742307414
shapley-20260606T024553Z-69396335,marginal,A,17,17,1.315844399992784,0.292789101600647,0.2908650210925511,train_pix_recon,0.0019240805080958934
shapley-20260606T024553Z-69396335,marginal,A,18,18,1.3783964999929594,0.2804591570581708,0.2808155587741306,train_pix_recon,-0.00035640171595979764
shapley-20260606T024553Z-69396335,marginal,A,19,19,1.4405508999916492,0.2752964666911534,0.2715723131384168,train_pix_recon,0.0037241535527365865
shapley-20260606T024553Z-69396335,marginal,A,20,20,1.499791299989738,0.271567519221987,0.2730102326188768,train_pix_recon,-0.0014427133968897832
shapley-20260606T024553Z-69396335,marginal,A,21,21,1.5609089999888963,0.277979769877025,0.2766255395753043,train_pix_recon,0.0013542303017207158
shapley-20260606T024553Z-69396335,marginal,A,22,22,1.623756399989361,0.2769372420651572,0.2751747965812683,train_pix_recon,0.0017624454838888748
shapley-20260606T024553Z-69396335,marginal,A,23,23,1.690274699991278,0.2701541057654789,0.2682432191712515,train_pix_recon,0.00191088659422739
shapley-20260606T024553Z-69396335,marginal,A,24,24,1.7576921999898332,0.2729079851082393,0.271393175636019,train_pix_recon,0.0015148094722203242
shapley-20260606T024553Z-69396335,marginal,A,25,25,1.8246790999874063,0.2701294337000166,0.2714795001915523,train_pix_recon,-0.0013500664915357397
shapley-20260606T024553Z-69396335,marginal,A,26,26,1.893281499989825,0.2634897104331425,0.2660691865852901,train_pix_recon,-0.0025794761521475973
shapley-20260606T024553Z-69396335,marginal,A,27,27,1.959929699987697,0.2660313163484846,0.2694924729210989,train_pix_recon,-0.00346115657261431
shapley-20260606T024553Z-69396335,marginal,A,28,28,2.0209376999882807,0.2633209271090371,0.2704284063407353,train_pix_recon,-0.007107479231698188
shapley-20260606T024553Z-69396335,marginal,A,29,29,2.085439599988604,0.2646109206335885,0.2653092784540994,train_pix_recon,-0.0006983578205109198
shapley-20260606T024553Z-69396335,marginal,A,30,30,2.14766379998764,0.264401376247406,0.2666583061218261,train_pix_recon,-0.0022569298744201105
shapley-20260606T024553Z-69396335,marginal,A,31,31,2.210884999989503,0.2588575141770499,0.2639235428401402,train_pix_recon,-0.005066028663090305
shapley-20260606T024553Z-69396335,marginal,A,32,32,2.2750158999915584,0.2654012484209878,0.2650612209524427,train_pix_recon,0.0003400274685450566
shapley-20260606T024553Z-69396335,marginal,A,33,33,2.334041799993429,0.2614668181964329,0.2625778402600969,train_pix_recon,-0.00111102206366398
shapley-20260606T024553Z-69396335,marginal,A,34,34,2.394038299989916,0.2590225381510598,0.2603287100791931,train_pix_recon,-0.001306171928133315
shapley-20260606T024553Z-69396335,marginal,A,35,35,2.461481799989997,0.2650386222771236,0.2618030565125601,train_pix_recon,0.0032355657645635194
shapley-20260606T024553Z-69396335,marginal,A,36,36,2.5221350999891,0.2635484039783478,0.2623518151896341,train_pix_recon,0.0011965887887137039
shapley-20260606T024553Z-69396335,marginal,A,37,37,2.5844868999884056,0.2602986608232771,0.2584296337195805,train_pix_recon,0.0018690271036965744
shapley-20260606T024553Z-69396335,marginal,A,38,38,2.643377199987299,0.2642544550555093,0.2627317543540682,train_pix_recon,0.0015227007014411154
shapley-20260606T024553Z-69396335,marginal,A,39,39,2.7037848999862035,0.2629685997962951,0.2629600082124982,train_pix_recon,8.591583796901947e-06
shapley-20260606T024553Z-69396335,marginal,A,40,40,2.766021299987188,0.2656697460583278,0.265020489692688,train_pix_recon,0.0006492563656398387
shapley-20260606T024553Z-69396335,marginal,A,41,41,2.829818299989711,0.2650134691170284,0.2669891544750759,train_pix_recon,-0.0019756853580474854
shapley-20260606T024553Z-69396335,marginal,A,42,42,2.8904871999911848,0.262806053672518,0.2695779544966561,train_pix_recon,-0.0067719008241380885
shapley-20260606T024553Z-69396335,marginal,A,43,43,2.9498720999908983,0.2705652671200888,0.2694784147398812,train_pix_recon,0.0010868523802076147
shapley-20260606T024553Z-69396335,marginal,A,44,44,3.009548499991069,0.2671884553773062,0.2664223994527544,train_pix_recon,0.0007660559245517562
shapley-20260606T024553Z-69396335,marginal,A,45,45,3.071452399992268,0.2659666963985988,0.2733448360647474,train_pix_recon,-0.0073781396661485865
shapley-20260606T024553Z-69396335,marginal,A,46,46,3.132643899993127,0.2678465630326952,0.2726538819926126,train_pix_recon,-0.004807318959917373
shapley-20260606T024553Z-69396335,marginal,A,47,47,3.193345899991982,0.2677251654011862,0.2753446868487766,train_pix_recon,-0.007619521447590427
shapley-20260606T024553Z-69396335,marginal,A,48,48,3.254737599989312,0.2731126546859741,0.2736313045024872,train_pix_recon,-0.0005186498165130615
shapley-20260606T024553Z-69396335,marginal,A,49,49,3.318500299988955,0.272021757704871,0.2801349886826106,train_pix_recon,-0.008113230977739583
shapley-20260606T024553Z-69396335,marginal,A,50,50,3.379244399988238,0.2760162906987326,0.2829196538243975,train_pix_recon,-0.006903363125664863
shapley-20260606T024553Z-69396335,marginal,A,51,51,3.4382037999857857,0.2799200585910252,0.2807903800691877,train_pix_recon,-0.0008703214781625168
shapley-20260606T024553Z-69396335,marginal,A,52,52,3.4996842999862565,0.2782437205314636,0.279807448387146,train_pix_recon,-0.001563727855682373
shapley-20260606T024553Z-69396335,marginal,A,53,53,3.5645814999843424,0.2846486781324659,0.286260472876685,train_pix_recon,-0.001611794744219075
shapley-20260606T024553Z-69396335,marginal,A,54,54,3.62624279998272,0.2822936219828469,0.291369902236121,train_pix_recon,-0.009076280253274116
shapley-20260606T024553Z-69396335,marginal,A,55,55,3.68891049998274,0.2876862457820347,0.2893516506467546,train_pix_recon,-0.0016654048647198882
shapley-20260606T024553Z-69396335,marginal,A,56,56,3.750389199984056,0.2888112706797464,0.2868510782718658,train_pix_recon,0.00196019240788059
shapley-20260606T024553Z-69396335,marginal,A,57,57,3.816740199985361,0.2913949148995535,0.2925587168761662,train_pix_recon,-0.0011638019766126995
shapley-20260606T024553Z-69396335,marginal,A,58,58,3.878762799984543,0.292799311024802,0.2906890554087503,train_pix_recon,0.002110255616051715
shapley-20260606T024553Z-69396335,marginal,A,59,59,3.940743999984989,0.2942125541823251,0.2964746228286198,train_pix_recon,-0.0022620686462946904
shapley-20260606T024553Z-69396335,marginal,A,60,60,3.999579999985144,0.2940034908907754,0.2956916732447488,train_pix_recon,-0.0016881823539734442
shapley-20260606T024553Z-69396335,marginal,A,61,61,4.058786299985513,0.3006812972681863,0.2982432075909206,train_pix_recon,0.00243808967726572
shapley-20260606T024553Z-69396335,marginal,A,62,62,4.1212794999846665,0.2998345579419817,0.2968823441437312,train_pix_recon,0.0029522137982505026
shapley-20260606T024553Z-69396335,marginal,A,63,63,4.1840617999841925,0.3062575374330793,0.3025505117007664,train_pix_recon,0.0037070257323129074
shapley-20260606T024553Z-69396335,marginal,A,64,64,4.2460533999837935,0.3039959073066711,0.2985344231128692,train_pix_recon,0.00546148419380188
shapley-20260606T024553Z-69396335,marginal,A,65,65,4.3062689999824215,0.3013173512050083,0.3005598783493042,train_pix_recon,0.0007574728557040999
shapley-20260606T024553Z-69396335,marginal,A,66,66,4.367847299981804,0.3108898827007839,0.3029690512589046,train_pix_recon,0.007920831441879272
shapley-20260606T024553Z-69396335,marginal,A,67,67,4.427192599981936,0.3091591554028647,0.3089405383382524,train_pix_recon,0.00021861706461229202
shapley-20260606T024553Z-69396335,marginal,A,68,68,4.49072359998172,0.3047309304986681,0.3043982514313289,train_pix_recon,0.00033267906733919217
shapley-20260606T024553Z-69396335,marginal,A,69,69,4.553544899979897,0.3092597126960754,0.3148438334465027,train_pix_recon,-0.005584120750427302
shapley-20260606T024553Z-69396335,marginal,A,70,70,4.613728299980721,0.3138178970132555,0.314214540379388,train_pix_recon,-0.0003966433661324875
shapley-20260606T024553Z-69396335,marginal,A,71,71,4.673455699979968,0.3116662587438311,0.3138505944183895,train_pix_recon,-0.002184335674558391
shapley-20260606T024553Z-69396335,marginal,A,72,72,4.732318899979873,0.3186159857681819,0.3178909804139818,train_pix_recon,0.0007250053542001145
shapley-20260606T024553Z-69396335,marginal,A,73,73,4.793253899977572,0.3209955394268036,0.3245040987219129,train_pix_recon,-0.0035085592951092925
shapley-20260606T024553Z-69396335,marginal,A,74,74,4.857183499978419,0.3217281017984663,0.3261394671031407,train_pix_recon,-0.004411365304674397
shapley-20260606T024553Z-69396335,marginal,A,75,75,4.919398899979569,0.3216578023774283,0.3240477911063603,train_pix_recon,-0.00238998872893198
shapley-20260606T024553Z-69396335,marginal,A,76,76,4.98150479998003,0.3188944288662502,0.3261207938194275,train_pix_recon,-0.0072263649531773
shapley-20260606T024553Z-69396335,marginal,A,77,77,5.045411199978844,0.3290717303752899,0.3284924413476671,train_pix_recon,0.0005792890276228313
shapley-20260606T024553Z-69396335,marginal,A,78,78,5.108750499977759,0.3307503887585231,0.3312634101935795,train_pix_recon,-0.0005130214350564377
shapley-20260606T024553Z-69396335,marginal,A,79,79,5.172792199977266,0.3304199150630406,0.3333360510213034,train_pix_recon,-0.0029161359582628443
shapley-20260606T024553Z-69396335,marginal,A,80,80,5.233255299979646,0.3280207983085087,0.3300338472638811,train_pix_recon,-0.002013048955372354
shapley-20260606T024553Z-69396335,marginal,A,81,81,5.29206449997946,0.3354467451572418,0.3346514744418008,train_pix_recon,0.0007952707154409988
shapley-20260606T024553Z-69396335,marginal,A,82,82,5.352660899978218,0.3375425849642072,0.3371630438736507,train_pix_recon,0.00037954109055649
shapley-20260606T024553Z-69396335,marginal,A,83,83,5.413484299977426,0.3417884537151882,0.3385056640420641,train_pix_recon,0.0032827896731240647
shapley-20260606T024553Z-69396335,marginal,A,84,84,5.4775308999742265,0.3462739161082676,0.3388145906584603,train_pix_recon,0.007459325449807264
shapley-20260606T024553Z-69396335,marginal,A,85,85,5.537964599971019,0.3495680774961199,0.3433952459267207,train_pix_recon,0.006172831569399184
shapley-20260606T024553Z-69396335,marginal,A,86,86,5.601815899968642,0.3451418365750994,0.350839044366564,train_pix_recon,-0.005697207791464598
shapley-20260606T024553Z-69396335,marginal,A,87,87,5.663215399967157,0.3537782643522535,0.348390838929585,train_pix_recon,0.0053874254226685125
shapley-20260606T024553Z-69396335,marginal,A,88,88,5.722221699965303,0.3508275917598179,0.3513399490288326,train_pix_recon,-0.0005123572690146627
shapley-20260606T024553Z-69396335,marginal,A,89,89,5.78793839996797,0.3485431543418339,0.3501635023525783,train_pix_recon,-0.001620348010744399
shapley-20260606T024553Z-69396335,marginal,A,90,90,5.859671499965771,0.3526294870035989,0.356175239597048,train_pix_recon,-0.0035457525934490808
shapley-20260606T024553Z-69396335,marginal,A,91,91,5.924191899965081,0.3568659850529262,0.3546688854694366,train_pix_recon,0.0021970995834896256
shapley-20260606T024553Z-69396335,marginal,A,92,92,5.988977999964845,0.3533169201442173,0.3575839570590428,train_pix_recon,-0.004267036914825495
shapley-20260606T024553Z-69396335,marginal,A,93,93,6.053112399964448,0.3611663196768079,0.3615035499845232,train_pix_recon,-0.00033723030771531937
shapley-20260606T024553Z-69396335,marginal,A,94,94,6.121185999963927,0.3590091041156223,0.3584144072873251,train_pix_recon,0.0005946968282972143
shapley-20260606T024553Z-69396335,marginal,A,95,95,6.18749519996345,0.3601951003074646,0.3639150559902191,train_pix_recon,-0.0037199556827545166
shapley-20260606T024553Z-69396335,marginal,A,96,96,6.250133199962875,0.3675066658428737,0.3680696019104549,train_pix_recon,-0.0005629360675811768
shapley-20260606T024553Z-69396335,marginal,A,97,97,6.317429299961077,0.364992048059191,0.3716203187193189,train_pix_recon,-0.0066282706601278885
shapley-20260606T024553Z-69396335,marginal,A,98,98,6.383849399961036,0.3672463340418679,0.365816844361169,train_pix_recon,0.0014294896806988922
shapley-20260606T024553Z-69396335,marginal,A,99,99,6.446264399961365,0.3710843537534986,0.3745512366294861,train_pix_recon,-0.003466882875987509
shapley-20260606T024553Z-69396335,marginal,A,100,100,6.509606299961888,0.3714181653090885,0.375241151877812,train_pix_recon,-0.0038229865687234854
shapley-20260606T024553Z-69396335,marginal,A,101,101,6.572586799960845,0.3633057687963758,0.3701911909239633,train_pix_recon,-0.0068854221275874705
shapley-20260606T024553Z-69396335,marginal,A,102,102,6.639753999959794,0.3716691860130855,0.3826825874192374,train_pix_recon,-0.011013401406151868
shapley-20260606T024553Z-69396335,marginal,A,103,103,6.708302599960007,0.3806782364845276,0.3846905188901083,train_pix_recon,-0.004012282405580714
shapley-20260606T024553Z-69396335,marginal,A,104,104,6.775939499962988,0.3720516775335584,0.386496752500534,train_pix_recon,-0.014445074966975613
shapley-20260606T024553Z-69396335,marginal,A,105,105,6.842620699961117,0.3760074249335697,0.3902526157242911,train_pix_recon,-0.014245190790721396
shapley-20260606T024553Z-69396335,marginal,A,106,106,6.909746399964206,0.3915211686066219,0.3842658272811344,train_pix_recon,0.0072553413254874966
shapley-20260606T024553Z-69396335,marginal,A,107,107,6.9745932999649085,0.3763826702322279,0.3901197101388658,train_pix_recon,-0.013737039906637938
shapley-20260606T024553Z-69396335,marginal,A,108,108,7.039529699963168,0.3851024721349989,0.3919812142848968,train_pix_recon,-0.006878742149897921
shapley-20260606T024553Z-69396335,marginal,A,109,109,7.105090899964125,0.389588577406747,0.3971668950148991,train_pix_recon,-0.007578317608152085
shapley-20260606T024553Z-69396335,marginal,A,110,110,7.168292199963616,0.3790011193071093,0.4026092333453042,train_pix_recon,-0.023608114038194905
shapley-20260606T024553Z-69396335,marginal,A,111,111,7.231595799963543,0.3954846390656062,0.3912139620099749,train_pix_recon,0.004270677055631333
shapley-20260606T024553Z-69396335,marginal,A,112,112,7.297695599965664,0.3955091834068298,0.3927119970321655,train_pix_recon,0.002797186374664251
shapley-20260606T024553Z-69396335,marginal,A,113,113,7.363262599967129,0.3922605344227382,0.4022641224520547,train_pix_recon,-0.010003588029316446
shapley-20260606T024553Z-69396335,marginal,A,114,114,7.429781099966931,0.4005560321467263,0.4087269731930324,train_pix_recon,-0.008170941046306113
shapley-20260606T024553Z-69396335,marginal,A,115,115,7.494852699965122,0.3998007433755057,0.4008598285061972,train_pix_recon,-0.0010590851306915283
shapley-20260606T024553Z-69396335,marginal,A,116,116,7.560237499965297,0.3980990052223205,0.4082230584962027,train_pix_recon,-0.010124053273882216
shapley-20260606T024553Z-69396335,marginal,A,117,117,7.628494099964882,0.4081691801548004,0.4038759001663753,train_pix_recon,0.004293279988425103
shapley-20260606T024553Z-69396335,marginal,A,118,118,7.694647499967687,0.4032472116606576,0.4052038277898516,train_pix_recon,-0.001956616129194011
shapley-20260606T024553Z-69396335,marginal,A,119,119,7.764603299969167,0.413572473185403,0.4056096460138048,train_pix_recon,0.007962827171598241
shapley-20260606T024553Z-69396335,marginal,A,120,120,7.829560799971659,0.4187471142836979,0.4173911937645503,train_pix_recon,0.0013559205191475687
shapley-20260606T024553Z-69396335,marginal,A,121,121,7.893838799969671,0.4189648287636893,0.4274418481758663,train_pix_recon,-0.00847701941217699
shapley-20260606T024553Z-69396335,marginal,A,122,122,7.961148399968806,0.4199286230972835,0.4152981213160923,train_pix_recon,0.004630501781191232
shapley-20260606T024553Z-69396335,marginal,A,123,123,8.031024599968077,0.4398780252252306,0.4430485580648695,train_pix_recon,-0.003170532839638862
shapley-20260606T024553Z-69396335,marginal,A,124,124,8.094212899966806,0.4293909200600215,0.4335892881665911,train_pix_recon,-0.004198368106569594
shapley-20260606T024553Z-69396335,marginal,A,125,125,8.160903399970266,0.4334408726011003,0.4320133243288312,train_pix_recon,0.0014275482722690969
shapley-20260606T024553Z-69396335,marginal,A,126,126,8.229952099969523,0.4332363477775028,0.4454259318964822,train_pix_recon,-0.012189584118979413
shapley-20260606T024553Z-69396335,marginal,A,127,127,8.297278799967899,0.4319995556558881,0.4340875404221671,train_pix_recon,-0.002087984766278972
shapley-20260606T024553Z-69396335,marginal,A,128,128,8.363866599967878,0.4387504117829459,0.4359060951641628,train_pix_recon,0.0028443166187830937
shapley-20260606T024553Z-69396335,marginal,A,129,129,8.433081899969693,0.4210980321679796,0.4323750649179731,train_pix_recon,-0.011277032749993532
shapley-20260606T024553Z-69396335,marginal,A,130,130,8.499380299970653,0.4345468580722809,0.4340342240674155,train_pix_recon,0.0005126340048653977
shapley-20260606T024553Z-69396335,marginal,A,131,131,8.563536999972712,0.430318432194846,0.4285434484481811,train_pix_recon,0.0017749837466649043
shapley-20260606T024553Z-69396335,marginal,A,132,132,8.631116899974586,0.4230024942329952,0.4278425361428942,train_pix_recon,-0.004840041909899007
shapley-20260606T024553Z-69396335,marginal,A,133,133,8.700824899973668,0.4262504918234689,0.4212994532925742,train_pix_recon,0.004951038530894736
shapley-20260606T024553Z-69396335,marginal,A,134,134,8.769537199972547,0.4195128040654318,0.4245479873248509,train_pix_recon,-0.005035183259419096
shapley-20260606T024553Z-69396335,marginal,A,135,135,8.83269809997364,0.4176988431385585,0.4217187166213989,train_pix_recon,-0.0040198734828404414
shapley-20260606T024553Z-69396335,marginal,A,136,136,8.898898899973574,0.424469986132213,0.4218364357948303,train_pix_recon,0.002633550337382662
shapley-20260606T024553Z-69396335,marginal,A,137,137,8.966989299973648,0.416578790971211,0.4200090042182377,train_pix_recon,-0.0034302132470267477
shapley-20260606T024553Z-69396335,marginal,A,138,138,9.034787699973094,0.4205517896584102,0.415765174797603,train_pix_recon,0.004786614860807226
shapley-20260606T024553Z-69396335,marginal,A,139,139,9.0990846999739,0.4217118450573512,0.4204525010926382,train_pix_recon,0.001259343964713
shapley-20260606T024553Z-69396335,marginal,A,140,140,9.164810699974623,0.4051297775336674,0.413188887493951,train_pix_recon,-0.008059109960283584
shapley-20260606T024553Z-69396335,marginal,A,141,141,9.234165699974255,0.4362217911652156,0.4202141336032322,train_pix_recon,0.016007657561983413
shapley-20260606T024553Z-69396335,marginal,A,142,142,9.304616599973087,0.4148614065987723,0.4139548454965864,train_pix_recon,0.0009065611021858988
shapley-20260606T024553Z-69396335,marginal,A,143,143,9.372494199971698,0.41850660102708,0.4075397891657693,train_pix_recon,0.01096681186131071
shapley-20260606T024553Z-69396335,marginal,A,144,144,9.444893399973807,0.4258887980665479,0.4287477476256234,train_pix_recon,-0.0028589495590755076
shapley-20260606T024553Z-69396335,marginal,A,145,145,9.509375699974044,0.4137245544365474,0.4170775243214198,train_pix_recon,-0.0033529698848724365
shapley-20260606T024553Z-69396335,marginal,A,146,146,9.574053299977097,0.429650068283081,0.4057782122067043,train_pix_recon,0.023871856076376707
shapley-20260606T024553Z-69396335,marginal,A,147,147,9.646592199977022,0.4163135290145874,0.4251244153295244,train_pix_recon,-0.008810886314936983
shapley-20260606T024553Z-69396335,marginal,A,148,148,9.714377799977228,0.415848365851811,0.415631000484739,train_pix_recon,0.00021736536707200882
shapley-20260606T024553Z-69396335,marginal,A,149,149,9.776427299977511,0.4247804369245256,0.4157065408570425,train_pix_recon,0.0090738960674831
shapley-20260606T024553Z-69396335,marginal,A,150,150,9.842930799975877,0.4133103404726301,0.4183587857655116,train_pix_recon,-0.005048445292881509
shapley-20260606T024553Z-69396335,marginal,A,151,151,9.9091289999742,0.4118261422429766,0.419167446238654,train_pix_recon,-0.007341303995677395
shapley-20260606T024553Z-69396335,marginal,A,152,152,9.976820699976088,0.4171501312937055,0.4100470244884491,train_pix_recon,0.007103106805256387
shapley-20260606T024553Z-69396335,marginal,A,153,153,10.039747299975716,0.4137326776981354,0.4168178864887782,train_pix_recon,-0.003085208790642835
shapley-20260606T024553Z-69396335,marginal,A,154,154,10.110266899973794,0.4056869915553501,0.4180598429271153,train_pix_recon,-0.012372851371765192
shapley-20260606T024553Z-69396335,marginal,A,155,155,10.17535209997368,0.4173371876989092,0.4203161299228668,train_pix_recon,-0.0029789422239576147
shapley-20260606T024553Z-69396335,marginal,A,156,156,10.24446189997616,0.4201293247086661,0.4085305162838527,train_pix_recon,0.011598808424813423
shapley-20260606T024553Z-69396335,marginal,A,157,157,10.309315199974662,0.410326212644577,0.4044717039380754,train_pix_recon,0.0058545087065016155
shapley-20260606T024553Z-69396335,marginal,A,158,158,10.372475299973305,0.4067841214793069,0.4246326472078051,train_pix_recon,-0.017848525728498155
shapley-20260606T024553Z-69396335,marginal,A,159,159,10.440412899974037,0.417502760887146,0.415109600339617,train_pix_recon,0.002393160547528972
shapley-20260606T024553Z-69396335,marginal,A,160,160,10.505748499974288,0.4148456411702292,0.4052737738404955,train_pix_recon,0.009571867329733696
shapley-20260606T024553Z-69396335,marginal,A,161,161,10.570777899974928,0.4035194558756692,0.399508318730763,train_pix_recon,0.004011137144906196
shapley-20260606T024553Z-69396335,marginal,A,162,162,10.640613699972164,0.4053842893668583,0.4198459344250815,train_pix_recon,-0.014461645058223227
shapley-20260606T024553Z-69396335,marginal,A,163,163,10.709865999971951,0.4121838467461722,0.4125733247825077,train_pix_recon,-0.00038947803633548883
shapley-20260606T024553Z-69396335,marginal,A,164,164,10.772869699969306,0.4192284899098532,0.415789497750146,train_pix_recon,0.003438992159707166
shapley-20260606T024553Z-69396335,marginal,A,165,165,10.83971089996703,0.4084046951362065,0.3996068835258484,train_pix_recon,0.008797811610358086
shapley-20260606T024553Z-69396335,marginal,A,166,166,10.909540899967396,0.4143589181559426,0.3997897207736969,train_pix_recon,0.014569197382245713
shapley-20260606T024553Z-69396335,marginal,A,167,167,10.9805851999663,0.4134312186922346,0.41676122375897,train_pix_recon,-0.0033300050667354197
shapley-20260606T024553Z-69396335,marginal,A,168,168,11.046043099966482,0.4129208411489214,0.4121904373168945,train_pix_recon,0.0007304038320269379
shapley-20260606T024553Z-69396335,marginal,A,169,169,11.112869499967928,0.4086032169205801,0.4101355586733137,train_pix_recon,-0.0015323417527335903
shapley-20260606T024553Z-69396335,marginal,A,170,170,11.17689969996718,0.4163808567183358,0.4079486642565046,train_pix_recon,0.00843219246183119
shapley-20260606T024553Z-69396335,marginal,A,171,171,11.241958299968246,0.4034743521894727,0.4178474800927298,train_pix_recon,-0.014373127903257121
shapley-20260606T024553Z-69396335,marginal,A,172,172,11.311153099970396,0.4091575912066868,0.4134518461568015,train_pix_recon,-0.004294254950114651
shapley-20260606T024553Z-69396335,marginal,A,173,173,11.379167699971733,0.4085755348205566,0.4050479275839669,train_pix_recon,0.0035276072365896805
shapley-20260606T024553Z-69396335,marginal,A,174,174,11.450687399970777,0.4137235369001116,0.4065243431500026,train_pix_recon,0.007199193750109023
shapley-20260606T024553Z-69396335,marginal,A,175,175,11.517936099971848,0.4054116308689117,0.4064089741025652,train_pix_recon,-0.0009973432336535248
shapley-20260606T024553Z-69396335,marginal,A,176,176,11.583300199970836,0.4105471798351833,0.4100759497710636,train_pix_recon,0.0004712300641196987
shapley-20260606T024553Z-69396335,marginal,A,177,177,11.652674099968864,0.4110557436943054,0.4107316902705601,train_pix_recon,0.00032405342374530743
shapley-20260606T024553Z-69396335,marginal,A,178,178,11.71824699996796,0.4081725861345018,0.4052553985800062,train_pix_recon,0.002917187554495604
shapley-20260606T024553Z-69396335,marginal,A,179,179,11.783399699968868,0.4122100685323988,0.4079176442963736,train_pix_recon,0.004292424236025161
shapley-20260606T024553Z-69396335,marginal,A,180,180,11.85115889996814,0.4062196314334869,0.4104342886379787,train_pix_recon,-0.004214657204491823
shapley-20260606T024553Z-69396335,marginal,A,181,181,11.915732599969488,0.4082511791161128,0.4074630694729941,train_pix_recon,0.0007881096431187062
shapley-20260606T024553Z-69396335,marginal,A,182,182,11.985678699969869,0.4150864013603755,0.4115018078259059,train_pix_recon,0.0035845935344696045
shapley-20260606T024553Z-69396335,marginal,A,183,183,12.055086199969082,0.4034914885248457,0.410668283700943,train_pix_recon,-0.007176795176097317
shapley-20260606T024553Z-69396335,marginal,A,184,184,12.120099199968536,0.4043133854866028,0.4025902279785701,train_pix_recon,0.0017231575080327022
shapley-20260606T024553Z-69396335,marginal,A,185,185,12.186844899966673,0.4080348951475961,0.4012872959886278,train_pix_recon,0.0067475991589683315
shapley-20260606T024553Z-69396335,marginal,A,186,186,12.254603899964422,0.4094272681644985,0.4108463057449886,train_pix_recon,-0.0014190375804901123
shapley-20260606T024553Z-69396335,marginal,A,187,187,12.32308059996285,0.4127604876245771,0.4104505436761038,train_pix_recon,0.0023099439484733364
shapley-20260606T024553Z-69396335,marginal,A,188,188,12.38775909996548,0.4118714332580566,0.403459472315652,train_pix_recon,0.008411960942404595
shapley-20260606T024553Z-69396335,marginal,A,189,189,12.458063199963362,0.4090231359004974,0.4105204897267477,train_pix_recon,-0.001497353826250325
shapley-20260606T024553Z-69396335,marginal,A,190,190,12.524113899962686,0.4107871311051504,0.4103838333061763,train_pix_recon,0.00040329779897413376
shapley-20260606T024553Z-69396335,marginal,A,191,191,12.59167139996498,0.4084990280015128,0.4128695087773459,train_pix_recon,-0.00437048077583313
shapley-20260606T024553Z-69396335,marginal,A,192,192,12.65827679996437,0.4065251350402832,0.4071861633232662,train_pix_recon,-0.0006610282829829783
shapley-20260606T024553Z-69396335,marginal,A,193,193,12.726144199961707,0.4039472341537475,0.4001325879778181,train_pix_recon,0.003814646175929415
shapley-20260606T024553Z-69396335,marginal,A,194,194,12.795132399962313,0.4123660411153521,0.3996970355510711,train_pix_recon,0.012669005564280966
shapley-20260606T024553Z-69396335,marginal,A,195,195,12.861663699961356,0.3984485609190805,0.4085906531129564,train_pix_recon,-0.010142092193875907
shapley-20260606T024553Z-69396335,marginal,A,196,196,12.92623789996287,0.4061200661318643,0.4042505536760603,train_pix_recon,0.0018695124558040233
shapley-20260606T024553Z-69396335,marginal,A,197,197,12.9889080999601,0.4053729602268764,0.4068444541522434,train_pix_recon,-0.0014714939253669956
shapley-20260606T024553Z-69396335,marginal,A,198,198,13.051306399956957,0.4015921865190778,0.4069062301090785,train_pix_recon,-0.0053140435900007055
shapley-20260606T024553Z-69396335,marginal,A,199,199,13.116315299954294,0.4050556336130415,0.4085217586585453,train_pix_recon,-0.0034661250455038095
shapley-20260606T024617Z-fc523473,conditional,A,0,0,0.2541750999989745,0.9695450748716082,0.9742443902151924,train_pix_recon,-0.004699315343584143
shapley-20260606T024617Z-fc523473,conditional,A,1,1,0.3195603999993182,0.7610163348061698,0.7608872396605355,train_pix_recon,0.0001290951456343059
shapley-20260606T024617Z-fc523473,conditional,A,2,2,0.3797574999989592,0.6164952686854771,0.6221806492124285,train_pix_recon,-0.005685380526951445
shapley-20260606T024617Z-fc523473,conditional,A,3,3,0.4447311999974772,0.5284392833709717,0.5408966626439776,train_pix_recon,-0.012457379273005942
shapley-20260606T024617Z-fc523473,conditional,A,4,4,0.5072106999978132,0.4877810903957912,0.4916973412036896,train_pix_recon,-0.003916250807898369
shapley-20260606T024617Z-fc523473,conditional,A,5,5,0.5689804999965418,0.4558779767581394,0.4498113308634077,train_pix_recon,0.006066645894731715
shapley-20260606T024617Z-fc523473,conditional,A,6,6,0.6323625999975775,0.4261521271296909,0.4190955332347325,train_pix_recon,0.007056593894958441
shapley-20260606T024617Z-fc523473,conditional,A,7,7,0.6929973999976937,0.3943479316575186,0.3883498651640756,train_pix_recon,0.005998066493442977
shapley-20260606T024617Z-fc523473,conditional,A,8,8,0.7573070999969786,0.3782366897378649,0.3676661082676479,train_pix_recon,0.010570581470217
shapley-20260606T024617Z-fc523473,conditional,A,9,9,0.8186074999975972,0.3611700960568019,0.3509722352027893,train_pix_recon,0.010197860854012586
shapley-20260606T024617Z-fc523473,conditional,A,10,10,0.880609199997707,0.3476634834493909,0.3320462959153311,train_pix_recon,0.015617187534059829
shapley-20260606T024617Z-fc523473,conditional,A,11,11,0.940523299999768,0.3358822975839887,0.3199289057935987,train_pix_recon,0.015953391790390015
shapley-20260606T024617Z-fc523473,conditional,A,12,12,1.0040009999975157,0.3351625672408512,0.3249756140368325,train_pix_recon,0.01018695320401869
shapley-20260606T024617Z-fc523473,conditional,A,13,13,1.0632054999950924,0.3276496742452894,0.3192968155656542,train_pix_recon,0.0083528586796352
shapley-20260606T024617Z-fc523473,conditional,A,14,14,1.125883499993506,0.3093557740960802,0.2993721195629665,train_pix_recon,0.009983654533113728
shapley-20260606T024617Z-fc523473,conditional,A,15,15,1.1871261999949638,0.2997600436210632,0.2952059592519487,train_pix_recon,0.004554084369114475
shapley-20260606T024617Z-fc523473,conditional,A,16,16,1.246794199996657,0.2961009527955736,0.286977367741721,train_pix_recon,0.009123585053852579
shapley-20260606T024617Z-fc523473,conditional,A,17,17,1.3072114999959012,0.2968339025974273,0.2908650210925511,train_pix_recon,0.005968881504876233
shapley-20260606T024617Z-fc523473,conditional,A,18,18,1.3655419999959122,0.2863832541874477,0.2808155587741306,train_pix_recon,0.005567695413317086
shapley-20260606T024617Z-fc523473,conditional,A,19,19,1.4259356999973534,0.2787016587597983,0.2715723131384168,train_pix_recon,0.007129345621381511
shapley-20260606T024617Z-fc523473,conditional,A,20,20,1.4906704999993965,0.2750755293028695,0.2730102326188768,train_pix_recon,0.00206529668399269
shapley-20260606T024617Z-fc523473,conditional,A,21,21,1.5559624999987136,0.2815365535872323,0.2766255395753043,train_pix_recon,0.0049110140119280055
shapley-20260606T024617Z-fc523473,conditional,A,22,22,1.6155193999984476,0.2787654527596065,0.2751747965812683,train_pix_recon,0.003590656178338203
shapley-20260606T024617Z-fc523473,conditional,A,23,23,1.6803437999988091,0.2730705397469656,0.2682432191712515,train_pix_recon,0.004827320575714111
shapley-20260606T024617Z-fc523473,conditional,A,24,24,1.7451991999987513,0.270133512360709,0.271393175636019,train_pix_recon,-0.001259663275310019
shapley-20260606T024617Z-fc523473,conditional,A,25,25,1.8108805999982,0.2662350365093776,0.2714795001915523,train_pix_recon,-0.005244463682174738
shapley-20260606T024617Z-fc523473,conditional,A,26,26,1.870528199997352,0.2713146976062229,0.2660691865852901,train_pix_recon,0.0052455110209327915
shapley-20260606T024617Z-fc523473,conditional,A,27,27,1.929846599996381,0.2673733787877219,0.2694924729210989,train_pix_recon,-0.0021190941333770197
shapley-20260606T024617Z-fc523473,conditional,A,28,28,1.99163939999562,0.2624084396021707,0.2704284063407353,train_pix_recon,-0.008019966738564588
shapley-20260606T024617Z-fc523473,conditional,A,29,29,2.0600649999942107,0.2646869889327458,0.2653092784540994,train_pix_recon,-0.000622289521353625
shapley-20260606T024617Z-fc523473,conditional,A,30,30,2.1258312999962072,0.2646914167063577,0.2666583061218261,train_pix_recon,-0.001966889415468409
shapley-20260606T024617Z-fc523473,conditional,A,31,31,2.1897762999942643,0.2595946086304528,0.2639235428401402,train_pix_recon,-0.004328934209687385
shapley-20260606T024617Z-fc523473,conditional,A,32,32,2.2534125999954995,0.2660138607025146,0.2650612209524427,train_pix_recon,0.0009526397500718708
shapley-20260606T024617Z-fc523473,conditional,A,33,33,2.314184499995463,0.264811098575592,0.2625778402600969,train_pix_recon,0.0022332583154950902
shapley-20260606T024617Z-fc523473,conditional,A,34,34,2.381971099996008,0.2628037503787449,0.2603287100791931,train_pix_recon,0.0024750402995518117
shapley-20260606T024617Z-fc523473,conditional,A,35,35,2.4485864999951445,0.266194360596793,0.2618030565125601,train_pix_recon,0.004391304084232939
shapley-20260606T024617Z-fc523473,conditional,A,36,36,2.510645599995769,0.2604738218443734,0.2623518151896341,train_pix_recon,-0.0018779933452606756
shapley-20260606T024617Z-fc523473,conditional,A,37,37,2.5726915999948687,0.2589682723794664,0.2584296337195805,train_pix_recon,0.0005386386598859039
shapley-20260606T024617Z-fc523473,conditional,A,38,38,2.631779999992432,0.2625794751303537,0.2627317543540682,train_pix_recon,-0.0001522792237145243
shapley-20260606T024617Z-fc523473,conditional,A,39,39,2.69083929999033,0.2655040792056492,0.2629600082124982,train_pix_recon,0.0025440709931510153
shapley-20260606T024617Z-fc523473,conditional,A,40,40,2.751723099991068,0.2636229651314871,0.265020489692688,train_pix_recon,-0.0013975245612009024
shapley-20260606T024617Z-fc523473,conditional,A,41,41,2.8121948999905726,0.2672721402985709,0.2669891544750759,train_pix_recon,0.0002829858234950078
shapley-20260606T024617Z-fc523473,conditional,A,42,42,2.874722899992776,0.2726748755999973,0.2695779544966561,train_pix_recon,0.003096921103341199
shapley-20260606T024617Z-fc523473,conditional,A,43,43,2.938068099992961,0.2739698418549129,0.2694784147398812,train_pix_recon,0.004491427115031699
shapley-20260606T024617Z-fc523473,conditional,A,44,44,2.9994676999922376,0.2712024067129407,0.2664223994527544,train_pix_recon,0.004780007260186292
shapley-20260606T024617Z-fc523473,conditional,A,45,45,3.05824209999264,0.2704239870820726,0.2733448360647474,train_pix_recon,-0.0029208489826748063
shapley-20260606T024617Z-fc523473,conditional,A,46,46,3.118594699990353,0.270339629479817,0.2726538819926126,train_pix_recon,-0.0023142525127956004
shapley-20260606T024617Z-fc523473,conditional,A,47,47,3.1858866999900783,0.2729650821004595,0.2753446868487766,train_pix_recon,-0.00237960474831711
shapley-20260606T024617Z-fc523473,conditional,A,48,48,3.2521539999906963,0.2747444723333631,0.2736313045024872,train_pix_recon,0.001113167830875894
shapley-20260606T024617Z-fc523473,conditional,A,49,49,3.317834599991329,0.2751427931444986,0.2801349886826106,train_pix_recon,-0.004992195538112032
shapley-20260606T024617Z-fc523473,conditional,A,50,50,3.377688799988391,0.2788290636880057,0.2829196538243975,train_pix_recon,-0.004090590136391792
shapley-20260606T024617Z-fc523473,conditional,A,51,51,3.438062199988053,0.283815290246691,0.2807903800691877,train_pix_recon,0.0030249101775032816
shapley-20260606T024617Z-fc523473,conditional,A,52,52,3.502212799990957,0.2862119546958378,0.279807448387146,train_pix_recon,0.006404506308691826
shapley-20260606T024617Z-fc523473,conditional,A,53,53,3.5720783999895502,0.2839921201978411,0.286260472876685,train_pix_recon,-0.002268352678843899
shapley-20260606T024617Z-fc523473,conditional,A,54,54,3.632509599989135,0.2857013557638441,0.291369902236121,train_pix_recon,-0.005668546472276936
shapley-20260606T024617Z-fc523473,conditional,A,55,55,3.699332799988042,0.2909351076398577,0.2893516506467546,train_pix_recon,0.0015834569931030829
shapley-20260606T024617Z-fc523473,conditional,A,56,56,3.7630025999860655,0.2889630922249385,0.2868510782718658,train_pix_recon,0.0021120139530727
shapley-20260606T024617Z-fc523473,conditional,A,57,57,3.821816999985458,0.2922255992889404,0.2925587168761662,train_pix_recon,-0.0003331175872258174
shapley-20260606T024617Z-fc523473,conditional,A,58,58,3.885848099987925,0.295819239956992,0.2906890554087503,train_pix_recon,0.005130184548241712
shapley-20260606T024617Z-fc523473,conditional,A,59,59,3.9509113999884,0.2970057811055864,0.2964746228286198,train_pix_recon,0.0005311582769665923
shapley-20260606T024617Z-fc523473,conditional,A,60,60,4.014722699990671,0.2967395569596971,0.2956916732447488,train_pix_recon,0.0010478837149482945
shapley-20260606T024617Z-fc523473,conditional,A,61,61,4.0733865999936825,0.3005740259374891,0.2982432075909206,train_pix_recon,0.0023308183465685084
shapley-20260606T024617Z-fc523473,conditional,A,62,62,4.134974099993997,0.3010839266436441,0.2968823441437312,train_pix_recon,0.00420158249991287
shapley-20260606T024617Z-fc523473,conditional,A,63,63,4.1967251999958535,0.3063842143331255,0.3025505117007664,train_pix_recon,0.003833702632359104
shapley-20260606T024617Z-fc523473,conditional,A,64,64,4.26511749999554,0.3081287443637848,0.2985344231128692,train_pix_recon,0.009594321250915583
shapley-20260606T024617Z-fc523473,conditional,A,65,65,4.327981699996599,0.3090104673589979,0.3005598783493042,train_pix_recon,0.008450589009693699
shapley-20260606T024617Z-fc523473,conditional,A,66,66,4.393992499994056,0.3166949663843427,0.3029690512589046,train_pix_recon,0.013725915125438082
shapley-20260606T024617Z-fc523473,conditional,A,67,67,4.458093499993993,0.315212790455137,0.3089405383382524,train_pix_recon,0.006272252116884591
shapley-20260606T024617Z-fc523473,conditional,A,68,68,4.524060599993391,0.3173398758683886,0.3043982514313289,train_pix_recon,0.012941624437059651
shapley-20260606T024617Z-fc523473,conditional,A,69,69,4.588659699991695,0.3190743071692331,0.3148438334465027,train_pix_recon,0.004230473722730388
shapley-20260606T024617Z-fc523473,conditional,A,70,70,4.6555905999885,0.3169018881661551,0.314214540379388,train_pix_recon,0.0026873477867671025
shapley-20260606T024617Z-fc523473,conditional,A,71,71,4.719019199987088,0.3200576560837881,0.3138505944183895,train_pix_recon,0.006207061665398639
shapley-20260606T024617Z-fc523473,conditional,A,72,72,4.780058999986068,0.3160477876663208,0.3178909804139818,train_pix_recon,-0.0018431927476609822
shapley-20260606T024617Z-fc523473,conditional,A,73,73,4.8411758999864105,0.3221156256539481,0.3245040987219129,train_pix_recon,-0.0023884730679648025
shapley-20260606T024617Z-fc523473,conditional,A,74,74,4.902477799987537,0.3203944223267691,0.3261394671031407,train_pix_recon,-0.005745044776371555
shapley-20260606T024617Z-fc523473,conditional,A,75,75,4.965870599986374,0.324677220412663,0.3240477911063603,train_pix_recon,0.0006294293063027201
shapley-20260606T024617Z-fc523473,conditional,A,76,76,5.027185799983272,0.3279416390827724,0.3261207938194275,train_pix_recon,0.0018208452633449168
shapley-20260606T024617Z-fc523473,conditional,A,77,77,5.091641399983928,0.3308876369680677,0.3284924413476671,train_pix_recon,0.0023951956204006364
shapley-20260606T024617Z-fc523473,conditional,A,78,78,5.149928299986641,0.3260226973465511,0.3312634101935795,train_pix_recon,-0.005240712847028428
shapley-20260606T024617Z-fc523473,conditional,A,79,79,5.2085083999882045,0.3362874346120016,0.3333360510213034,train_pix_recon,0.0029513835906981867
shapley-20260606T024617Z-fc523473,conditional,A,80,80,5.271592299985059,0.3364600922380175,0.3300338472638811,train_pix_recon,0.006426244974136408
shapley-20260606T024617Z-fc523473,conditional,A,81,81,5.333082599983754,0.3402622469833919,0.3346514744418008,train_pix_recon,0.005610772541591091
shapley-20260606T024617Z-fc523473,conditional,A,82,82,5.3963219999859575,0.3391703878130231,0.3371630438736507,train_pix_recon,0.002007343939372408
shapley-20260606T024617Z-fc523473,conditional,A,83,83,5.456882999984373,0.3405049741268158,0.3385056640420641,train_pix_recon,0.001999310084751682
shapley-20260606T024617Z-fc523473,conditional,A,84,84,5.51588459998311,0.3466224457536425,0.3388145906584603,train_pix_recon,0.00780785509518217
shapley-20260606T024617Z-fc523473,conditional,A,85,85,5.5765471999839065,0.3444469273090362,0.3433952459267207,train_pix_recon,0.0010516813823154836
shapley-20260606T024617Z-fc523473,conditional,A,86,86,5.641878899983567,0.3505321655954633,0.350839044366564,train_pix_recon,-0.0003068787711006937
shapley-20260606T024617Z-fc523473,conditional,A,87,87,5.706102599982842,0.3532701986176627,0.348390838929585,train_pix_recon,0.004879359688077678
shapley-20260606T024617Z-fc523473,conditional,A,88,88,5.770620999981475,0.3545227476528713,0.3513399490288326,train_pix_recon,0.0031827986240386963
shapley-20260606T024617Z-fc523473,conditional,A,89,89,5.831329299981007,0.3658203610352107,0.3501635023525783,train_pix_recon,0.01565685868263239
shapley-20260606T024617Z-fc523473,conditional,A,90,90,5.898644499979127,0.3553016313484737,0.356175239597048,train_pix_recon,-0.000873608248574298
shapley-20260606T024617Z-fc523473,conditional,A,91,91,5.961136799978704,0.3588706467832838,0.3546688854694366,train_pix_recon,0.0042017613138471965
shapley-20260606T024617Z-fc523473,conditional,A,92,92,6.023070099981851,0.3607586068766458,0.3575839570590428,train_pix_recon,0.0031746498176030147
shapley-20260606T024617Z-fc523473,conditional,A,93,93,6.088095799983421,0.3516070033822741,0.3615035499845232,train_pix_recon,-0.009896546602249146
shapley-20260606T024617Z-fc523473,conditional,A,94,94,6.152584799983742,0.3650626114436558,0.3584144072873251,train_pix_recon,0.006648204156330717
shapley-20260606T024617Z-fc523473,conditional,A,95,95,6.215062699982809,0.3683482706546783,0.3639150559902191,train_pix_recon,0.004433214664459173
shapley-20260606T024617Z-fc523473,conditional,A,96,96,6.283930799982045,0.3622265500681741,0.3680696019104549,train_pix_recon,-0.005843051842280789
shapley-20260606T024617Z-fc523473,conditional,A,97,97,6.3492957999806094,0.3663097620010376,0.3716203187193189,train_pix_recon,-0.00531055671828129
shapley-20260606T024617Z-fc523473,conditional,A,98,98,6.413932799980103,0.3678953264440809,0.365816844361169,train_pix_recon,0.002078482082911892
shapley-20260606T024617Z-fc523473,conditional,A,99,99,6.479766799981007,0.3713072155203138,0.3745512366294861,train_pix_recon,-0.003244021109172268
shapley-20260606T024617Z-fc523473,conditional,A,100,100,6.542782499982423,0.3773798261369978,0.375241151877812,train_pix_recon,0.002138674259185791
shapley-20260606T024617Z-fc523473,conditional,A,101,101,6.605280599982507,0.3748231530189514,0.3701911909239633,train_pix_recon,0.004631962094988118
shapley-20260606T024617Z-fc523473,conditional,A,102,102,6.670303799979592,0.3688387615340097,0.3826825874192374,train_pix_recon,-0.0138438258852277
shapley-20260606T024617Z-fc523473,conditional,A,103,103,6.735555899980682,0.3741202226706913,0.3846905188901083,train_pix_recon,-0.01057029621941702
shapley-20260606T024617Z-fc523473,conditional,A,104,104,6.797584399981133,0.3883038120610373,0.386496752500534,train_pix_recon,0.0018070595605033102
shapley-20260606T024617Z-fc523473,conditional,A,105,105,6.865046399980201,0.3785070223467691,0.3902526157242911,train_pix_recon,-0.011745593377522012
shapley-20260606T024617Z-fc523473,conditional,A,106,106,6.930753699980414,0.3886376406465258,0.3842658272811344,train_pix_recon,0.004371813365391386
shapley-20260606T024617Z-fc523473,conditional,A,107,107,6.996225299979415,0.3837717005184718,0.3901197101388658,train_pix_recon,-0.006348009620394002
shapley-20260606T024617Z-fc523473,conditional,A,108,108,7.060266899981798,0.3842264711856842,0.3919812142848968,train_pix_recon,-0.007754743099212591
shapley-20260606T024617Z-fc523473,conditional,A,109,109,7.122846099980961,0.3957047079290662,0.3971668950148991,train_pix_recon,-0.0014621870858329
shapley-20260606T024617Z-fc523473,conditional,A,110,110,7.186155999981565,0.3937638401985168,0.4026092333453042,train_pix_recon,-0.008845393146787395
shapley-20260606T024617Z-fc523473,conditional,A,111,111,7.250805199983006,0.3887637385300228,0.3912139620099749,train_pix_recon,-0.002450223479952107
shapley-20260606T024617Z-fc523473,conditional,A,112,112,7.315127699981531,0.3910942758832659,0.3927119970321655,train_pix_recon,-0.0016177211488996313
shapley-20260606T024617Z-fc523473,conditional,A,113,113,7.378831799982436,0.3964188482080187,0.4022641224520547,train_pix_recon,-0.0058452742440359695
shapley-20260606T024617Z-fc523473,conditional,A,114,114,7.447569199979625,0.4046946678842817,0.4087269731930324,train_pix_recon,-0.0040323053087507055
shapley-20260606T024617Z-fc523473,conditional,A,115,115,7.514295299977675,0.3895113723618643,0.4008598285061972,train_pix_recon,-0.011348456144332941
shapley-20260606T024617Z-fc523473,conditional,A,116,116,7.580054099977133,0.4065342077187129,0.4082230584962027,train_pix_recon,-0.0016888507774898143
shapley-20260606T024617Z-fc523473,conditional,A,117,117,7.645137899977271,0.4085094502993992,0.4038759001663753,train_pix_recon,0.0046335501330239115
shapley-20260606T024617Z-fc523473,conditional,A,118,118,7.713402999976097,0.4016014124665941,0.4052038277898516,train_pix_recon,-0.003602415323257502
shapley-20260606T024617Z-fc523473,conditional,A,119,119,7.776221499978419,0.4029505508286612,0.4056096460138048,train_pix_recon,-0.0026590951851435674
shapley-20260606T024617Z-fc523473,conditional,A,120,120,7.8458843999760575,0.4107667250292642,0.4173911937645503,train_pix_recon,-0.006624468735286104
shapley-20260606T024617Z-fc523473,conditional,A,121,121,7.9179261999779555,0.417470851114818,0.4274418481758663,train_pix_recon,-0.009970997061048259
shapley-20260606T024617Z-fc523473,conditional,A,122,122,7.984205699976883,0.4134469287736075,0.4152981213160923,train_pix_recon,-0.0018511925424847808
shapley-20260606T024617Z-fc523473,conditional,A,123,123,8.047430599977815,0.4270523531096322,0.4430485580648695,train_pix_recon,-0.015996204955237292
shapley-20260606T024617Z-fc523473,conditional,A,124,124,8.111566699979448,0.4195448287895748,0.4335892881665911,train_pix_recon,-0.014044459377016316
shapley-20260606T024617Z-fc523473,conditional,A,125,125,8.180739299979905,0.4279770467962537,0.4320133243288312,train_pix_recon,-0.004036277532577515
shapley-20260606T024617Z-fc523473,conditional,A,126,126,8.244943999980023,0.431696104151862,0.4454259318964822,train_pix_recon,-0.013729827744620227
shapley-20260606T024617Z-fc523473,conditional,A,127,127,8.32545349997963,0.4178965985774994,0.4340875404221671,train_pix_recon,-0.016190941844667683
shapley-20260606T024617Z-fc523473,conditional,A,128,128,8.418804399978399,0.4320918619632721,0.4359060951641628,train_pix_recon,-0.003814233200890693
shapley-20260606T024617Z-fc523473,conditional,A,129,129,8.510421099977975,0.4212688888822283,0.4323750649179731,train_pix_recon,-0.01110617603574482
shapley-20260606T024617Z-fc523473,conditional,A,130,130,8.600264899978356,0.4286394672734396,0.4340342240674155,train_pix_recon,-0.005394756793975886
shapley-20260606T024617Z-fc523473,conditional,A,131,131,8.686226099980559,0.4247650461537497,0.4285434484481811,train_pix_recon,-0.003778402294431382
shapley-20260606T024617Z-fc523473,conditional,A,132,132,8.753351899980771,0.4084075561591557,0.4278425361428942,train_pix_recon,-0.0194349799837385
shapley-20260606T024617Z-fc523473,conditional,A,133,133,8.817288099980942,0.4229625974382673,0.4212994532925742,train_pix_recon,0.0016631441456931295
shapley-20260606T024617Z-fc523473,conditional,A,134,134,8.87909269998272,0.4149598905018398,0.4245479873248509,train_pix_recon,-0.009588096823011094
shapley-20260606T024617Z-fc523473,conditional,A,135,135,8.948523199982446,0.4129944571426936,0.4217187166213989,train_pix_recon,-0.00872425947870531
shapley-20260606T024617Z-fc523473,conditional,A,136,136,9.016054499981692,0.4275849674429212,0.4218364357948303,train_pix_recon,0.00574853164809086
shapley-20260606T024617Z-fc523473,conditional,A,137,137,9.08311439998215,0.4059216805866786,0.4200090042182377,train_pix_recon,-0.014087323631559123
shapley-20260606T024617Z-fc523473,conditional,A,138,138,9.147320199983367,0.4291863015719822,0.415765174797603,train_pix_recon,0.013421126774379177
shapley-20260606T024617Z-fc523473,conditional,A,139,139,9.213693599980616,0.4063314752919333,0.4204525010926382,train_pix_recon,-0.0141210258007049
shapley-20260606T024617Z-fc523473,conditional,A,140,140,9.276104199980182,0.4163444978850228,0.413188887493951,train_pix_recon,0.003155610391071817
shapley-20260606T024617Z-fc523473,conditional,A,141,141,9.33892349998132,0.4084070835794721,0.4202141336032322,train_pix_recon,-0.01180705002376009
shapley-20260606T024617Z-fc523473,conditional,A,142,142,9.4021061999847,0.4156442923205239,0.4139548454965864,train_pix_recon,0.0016894468239375127
shapley-20260606T024617Z-fc523473,conditional,A,143,143,9.466752199983604,0.409336690391813,0.4075397891657693,train_pix_recon,0.0017969012260437012
shapley-20260606T024617Z-fc523473,conditional,A,144,144,9.535386699983064,0.4147497628416334,0.4287477476256234,train_pix_recon,-0.013997984783990003
shapley-20260606T024617Z-fc523473,conditional,A,145,145,9.607189999984255,0.4170492674623217,0.4170775243214198,train_pix_recon,-2.825685909813025e-05
shapley-20260606T024617Z-fc523473,conditional,A,146,146,9.674268199985818,0.4086102843284607,0.4057782122067043,train_pix_recon,0.0028320721217564016
shapley-20260606T024617Z-fc523473,conditional,A,147,147,9.742094099987298,0.419636104788099,0.4251244153295244,train_pix_recon,-0.005488310541425401
shapley-20260606T024617Z-fc523473,conditional,A,148,148,9.81134599998768,0.4094321302005222,0.415631000484739,train_pix_recon,-0.006198870284216784
shapley-20260606T024617Z-fc523473,conditional,A,149,149,9.87735919998886,0.4107383617333003,0.4157065408570425,train_pix_recon,-0.0049681791237422
shapley-20260606T024617Z-fc523473,conditional,A,150,150,9.94042649999028,0.4058946924550192,0.4183587857655116,train_pix_recon,-0.012464093310492419
shapley-20260606T024617Z-fc523473,conditional,A,151,151,10.00323089999074,0.4165429515498025,0.419167446238654,train_pix_recon,-0.0026244946888515086
shapley-20260606T024617Z-fc523473,conditional,A,152,152,10.079786899990722,0.4120832341057913,0.4100470244884491,train_pix_recon,0.0020362096173421884
shapley-20260606T024617Z-fc523473,conditional,A,153,153,10.151683999989473,0.4138716203825814,0.4168178864887782,train_pix_recon,-0.0029462661061968043
shapley-20260606T024617Z-fc523473,conditional,A,154,154,10.22499459998653,0.4013008347579411,0.4180598429271153,train_pix_recon,-0.016759008169174194
shapley-20260606T024617Z-fc523473,conditional,A,155,155,10.300418099985109,0.4030854531696864,0.4203161299228668,train_pix_recon,-0.017230676753180407
shapley-20260606T024617Z-fc523473,conditional,A,156,156,10.36421589998281,0.4194408229419163,0.4085305162838527,train_pix_recon,0.01091030665806364
shapley-20260606T024617Z-fc523473,conditional,A,157,157,10.435753999983715,0.4078786586012159,0.4044717039380754,train_pix_recon,0.0034069546631405045
shapley-20260606T024617Z-fc523473,conditional,A,158,158,10.5019905999834,0.3971002357346671,0.4246326472078051,train_pix_recon,-0.027532411473138008
shapley-20260606T024617Z-fc523473,conditional,A,159,159,10.565472299982504,0.4046905807086399,0.415109600339617,train_pix_recon,-0.010419019630977133
shapley-20260606T024617Z-fc523473,conditional,A,160,160,10.6319649999823,0.4062428474426269,0.4052737738404955,train_pix_recon,0.0009690736021313873
shapley-20260606T024617Z-fc523473,conditional,A,161,161,10.698610199982795,0.4063841359955923,0.399508318730763,train_pix_recon,0.006875817264829331
shapley-20260606T024617Z-fc523473,conditional,A,162,162,10.761262299984082,0.4060195854731968,0.4198459344250815,train_pix_recon,-0.013826348951884726
shapley-20260606T024617Z-fc523473,conditional,A,163,163,10.827016699986416,0.4050754564149039,0.4125733247825077,train_pix_recon,-0.007497868367603799
shapley-20260606T024617Z-fc523473,conditional,A,164,164,10.89172809998854,0.4100280318941389,0.415789497750146,train_pix_recon,-0.00576146585600712
shapley-20260606T024617Z-fc523473,conditional,A,165,165,10.959447899989756,0.4089243582316807,0.3996068835258484,train_pix_recon,0.00931747470583233
shapley-20260606T024617Z-fc523473,conditional,A,166,166,11.02322619998813,0.399146808045251,0.3997897207736969,train_pix_recon,-0.0006429127284459102
shapley-20260606T024617Z-fc523473,conditional,A,167,167,11.089473199990609,0.3988598031657083,0.41676122375897,train_pix_recon,-0.01790142059326172
shapley-20260606T024617Z-fc523473,conditional,A,168,168,11.158248999989157,0.4055939444473811,0.4121904373168945,train_pix_recon,-0.0065964928695133596
shapley-20260606T024617Z-fc523473,conditional,A,169,169,11.226588399986213,0.4201097871576036,0.4101355586733137,train_pix_recon,0.009974228484289915
shapley-20260606T024617Z-fc523473,conditional,A,170,170,11.293256199984173,0.4094982189791543,0.4079486642565046,train_pix_recon,0.0015495547226496709
shapley-20260606T024617Z-fc523473,conditional,A,171,171,11.357911199982482,0.4017294134412493,0.4178474800927298,train_pix_recon,-0.016118066651480523
shapley-20260606T024617Z-fc523473,conditional,A,172,172,11.423556499983532,0.3984361333506448,0.4134518461568015,train_pix_recon,-0.015015712806156656
shapley-20260606T024617Z-fc523473,conditional,A,173,173,11.489440699984698,0.3985338807106018,0.4050479275839669,train_pix_recon,-0.006514046873365098
shapley-20260606T024617Z-fc523473,conditional,A,174,174,11.552191299986587,0.3999736649649484,0.4065243431500026,train_pix_recon,-0.006550678185054171
shapley-20260606T024617Z-fc523473,conditional,A,175,175,11.619961199983663,0.3999677811350141,0.4064089741025652,train_pix_recon,-0.006441192967551135
shapley-20260606T024617Z-fc523473,conditional,A,176,176,11.685000499983287,0.4025152666228158,0.4100759497710636,train_pix_recon,-0.007560683148247815
shapley-20260606T024617Z-fc523473,conditional,A,177,177,11.747900999984267,0.4166687726974487,0.4107316902705601,train_pix_recon,0.0059370824268885625
shapley-20260606T024617Z-fc523473,conditional,A,178,178,11.814982399984729,0.4055163051400866,0.4052553985800062,train_pix_recon,0.00026090656008037616
shapley-20260606T024617Z-fc523473,conditional,A,179,179,11.880633299984764,0.4026138356753758,0.4079176442963736,train_pix_recon,-0.00530380862099783
shapley-20260606T024617Z-fc523473,conditional,A,180,180,11.944265999984054,0.3991238261972155,0.4104342886379787,train_pix_recon,-0.011310462440763225
shapley-20260606T024617Z-fc523473,conditional,A,181,181,12.01091649998125,0.4033903777599334,0.4074630694729941,train_pix_recon,-0.004072691713060683
shapley-20260606T024617Z-fc523473,conditional,A,182,182,12.078488399980415,0.4017120472022465,0.4115018078259059,train_pix_recon,-0.009789760623659383
shapley-20260606T024617Z-fc523473,conditional,A,183,183,12.146237399978418,0.4063250294753483,0.410668283700943,train_pix_recon,-0.004343254225594673
shapley-20260606T024617Z-fc523473,conditional,A,184,184,12.212351299978764,0.3964159999574934,0.4025902279785701,train_pix_recon,-0.0061742280210767
shapley-20260606T024617Z-fc523473,conditional,A,185,185,12.275081599978876,0.3999742908137185,0.4012872959886278,train_pix_recon,-0.0013130051749092875
shapley-20260606T024617Z-fc523473,conditional,A,186,186,12.337702299981174,0.4008199189390455,0.4108463057449886,train_pix_recon,-0.010026386805943088
shapley-20260606T024617Z-fc523473,conditional,A,187,187,12.402725799984182,0.4055197366646358,0.4104505436761038,train_pix_recon,-0.004930807011467975
shapley-20260606T024617Z-fc523473,conditional,A,188,188,12.470426099982433,0.4083678637232099,0.403459472315652,train_pix_recon,0.004908391407557888
shapley-20260606T024617Z-fc523473,conditional,A,189,189,12.53399729998273,0.4027647674083709,0.4105204897267477,train_pix_recon,-0.00775572231837679
shapley-20260606T024617Z-fc523473,conditional,A,190,190,12.60132799998246,0.4048359777246202,0.4103838333061763,train_pix_recon,-0.0055478555815560715
shapley-20260606T024617Z-fc523473,conditional,A,191,191,12.670504799982156,0.4005517363548279,0.4128695087773459,train_pix_recon,-0.012317772422518025
shapley-20260606T024617Z-fc523473,conditional,A,192,192,12.733871799984628,0.4020754950387137,0.4071861633232662,train_pix_recon,-0.005110668284552478
shapley-20260606T024617Z-fc523473,conditional,A,193,193,12.798667599985492,0.3983987271785736,0.4001325879778181,train_pix_recon,-0.0017338607992444799
shapley-20260606T024617Z-fc523473,conditional,A,194,194,12.863229799982946,0.403362648827689,0.3996970355510711,train_pix_recon,0.0036656132766179073
shapley-20260606T024617Z-fc523473,conditional,A,195,195,12.925551199983602,0.4026818658624376,0.4085906531129564,train_pix_recon,-0.005908787250518799
shapley-20260606T024617Z-fc523473,conditional,A,196,196,12.994602199982182,0.4129193212304796,0.4042505536760603,train_pix_recon,0.00866876755441931
shapley-20260606T024617Z-fc523473,conditional,A,197,197,13.057591899982071,0.3991820003305162,0.4068444541522434,train_pix_recon,-0.0076624538217272
shapley-20260606T024617Z-fc523473,conditional,A,198,198,13.122195799984183,0.4021242431231907,0.4069062301090785,train_pix_recon,-0.004781986985887776
shapley-20260606T024617Z-fc523473,conditional,A,199,199,13.183885299986288,0.4069150047642844,0.4085217586585453,train_pix_recon,-0.0016067538942609039
shapley-20260606T024528Z-b5a00de9,baseline,A,0,0,0.2501740000006975,0.8840324878692627,0.8455381095409393,test_pix_recon,0.038494378328323364
shapley-20260606T024528Z-b5a00de9,baseline,A,1,1,0.314502100001846,0.6995612382888794,0.6630519032478333,test_pix_recon,0.03650933504104614
shapley-20260606T024528Z-b5a00de9,baseline,A,2,2,0.3771622000022034,0.5953828990459442,0.5686814785003662,test_pix_recon,0.026701420545578003
shapley-20260606T024528Z-b5a00de9,baseline,A,3,3,0.4400510000014037,0.5106964707374573,0.5100161284208298,test_pix_recon,0.0006803423166275024
shapley-20260606T024528Z-b5a00de9,baseline,A,4,4,0.5019266000017524,0.4584612101316452,0.4740872085094452,test_pix_recon,-0.015625998377799988
shapley-20260606T024528Z-b5a00de9,baseline,A,5,5,0.5660732000033022,0.4320818334817886,0.4397757649421692,test_pix_recon,-0.00769393146038061
shapley-20260606T024528Z-b5a00de9,baseline,A,6,6,0.6285277000060887,0.4060427844524383,0.4130516797304153,test_pix_recon,-0.00700889527797699
shapley-20260606T024528Z-b5a00de9,baseline,A,7,7,0.6887707000059891,0.3849779963493347,0.3891378939151764,test_pix_recon,-0.004159897565841675
shapley-20260606T024528Z-b5a00de9,baseline,A,8,8,0.7515218000080495,0.3691318184137344,0.3699494153261184,test_pix_recon,-0.0008175969123840332
shapley-20260606T024528Z-b5a00de9,baseline,A,9,9,0.8118233000059263,0.3566193133592605,0.3551930040121078,test_pix_recon,0.00142630934715271
shapley-20260606T024528Z-b5a00de9,baseline,A,10,10,0.8730535000067903,0.3462271988391876,0.342307835817337,test_pix_recon,0.0039193630218506414
shapley-20260606T024528Z-b5a00de9,baseline,A,11,11,0.9349014000035822,0.3391917645931244,0.3345810174942016,test_pix_recon,0.004610747098922785
shapley-20260606T024528Z-b5a00de9,baseline,A,12,12,0.9978362000001652,0.3358611166477203,0.331302598118782,test_pix_recon,0.0045585185289382935
shapley-20260606T024528Z-b5a00de9,baseline,A,13,13,1.0562468000025549,0.3284000307321548,0.3275303244590759,test_pix_recon,0.000869706273078863
shapley-20260606T024528Z-b5a00de9,baseline,A,14,14,1.1167194000008749,0.3207858353853225,0.3177917450666427,test_pix_recon,0.0029940903186798096
shapley-20260606T024528Z-b5a00de9,baseline,A,15,15,1.1803065999993123,0.3169711977243423,0.3132650554180145,test_pix_recon,0.0037061423063277643
shapley-20260606T024528Z-b5a00de9,baseline,A,16,16,1.2447331000003032,0.3137433975934982,0.3089952766895294,test_pix_recon,0.0047481209039687555
shapley-20260606T024528Z-b5a00de9,baseline,A,17,17,1.3039343999989796,0.3115923851728439,0.3048672527074814,test_pix_recon,0.006725132465362493
shapley-20260606T024528Z-b5a00de9,baseline,A,18,18,1.3653736999985997,0.3076028078794479,0.3036960065364837,test_pix_recon,0.003906801342964172
shapley-20260606T024528Z-b5a00de9,baseline,A,19,19,1.4240884999999253,0.3025672733783722,0.2990657687187195,test_pix_recon,0.00350150465965271
shapley-20260606T024528Z-b5a00de9,baseline,A,20,20,1.483559599997534,0.3013536930084228,0.2966865748167038,test_pix_recon,0.004667118191719
shapley-20260606T024528Z-b5a00de9,baseline,A,21,21,1.5551411999986158,0.2999078929424286,0.2979676723480224,test_pix_recon,0.0019402205944061834
shapley-20260606T024528Z-b5a00de9,baseline,A,22,22,1.6190505999984453,0.3007271140813827,0.2957993447780609,test_pix_recon,0.004927769303321783
shapley-20260606T024528Z-b5a00de9,baseline,A,23,23,1.6803636999975424,0.2966614812612533,0.2953435480594635,test_pix_recon,0.0013179332017898004
shapley-20260606T024528Z-b5a00de9,baseline,A,24,24,1.7406241999960912,0.2980301231145859,0.2937008291482925,test_pix_recon,0.0043292939662933905
shapley-20260606T024528Z-b5a00de9,baseline,A,25,25,1.8021545999981756,0.2980674207210541,0.2925975620746612,test_pix_recon,0.005469858646392878
shapley-20260606T024528Z-b5a00de9,baseline,A,26,26,1.863298699998268,0.2955975830554962,0.2911860644817352,test_pix_recon,0.004411518573761042
shapley-20260606T024528Z-b5a00de9,baseline,A,27,27,1.92457789999753,0.2908616662025451,0.2930179387331009,test_pix_recon,-0.0021562725305557806
shapley-20260606T024528Z-b5a00de9,baseline,A,28,28,1.9865915000009409,0.2902301996946335,0.2920370399951935,test_pix_recon,-0.0018068403005599976
shapley-20260606T024528Z-b5a00de9,baseline,A,29,29,2.048613099999784,0.2893917560577392,0.2888098657131195,test_pix_recon,0.0005818903446196955
shapley-20260606T024528Z-b5a00de9,baseline,A,30,30,2.1144185999983165,0.289064273238182,0.2876889407634735,test_pix_recon,0.0013753324747085016
shapley-20260606T024528Z-b5a00de9,baseline,A,31,31,2.1752122999969288,0.2893826812505722,0.2907870858907699,test_pix_recon,-0.0014044046401976984
shapley-20260606T024528Z-b5a00de9,baseline,A,32,32,2.234131699995487,0.2881853729486465,0.2865874022245407,test_pix_recon,0.0015979707241057794
shapley-20260606T024528Z-b5a00de9,baseline,A,33,33,2.299425399996835,0.2871249914169311,0.2861815840005874,test_pix_recon,0.000943407416343689
shapley-20260606T024528Z-b5a00de9,baseline,A,34,34,2.3623899999947757,0.287915363907814,0.2838431894779205,test_pix_recon,0.004072174429893549
shapley-20260606T024528Z-b5a00de9,baseline,A,35,35,2.4219902999939222,0.2855109423398971,0.2850547581911087,test_pix_recon,0.00045618414878839664
shapley-20260606T024528Z-b5a00de9,baseline,A,36,36,2.4828152999943995,0.2869435101747513,0.2851737141609192,test_pix_recon,0.0017697960138320923
shapley-20260606T024528Z-b5a00de9,baseline,A,37,37,2.546960499992565,0.285089299082756,0.2837749123573303,test_pix_recon,0.0013143867254256647
shapley-20260606T024528Z-b5a00de9,baseline,A,38,38,2.610907599992061,0.2861204147338867,0.283582478761673,test_pix_recon,0.002537935972213745
shapley-20260606T024528Z-b5a00de9,baseline,A,39,39,2.6731267999930424,0.2856435328722,0.2820297926664352,test_pix_recon,0.003613740205764826
shapley-20260606T024528Z-b5a00de9,baseline,A,40,40,2.732641399990825,0.2852073460817337,0.2809880524873733,test_pix_recon,0.004219293594360407
shapley-20260606T024528Z-b5a00de9,baseline,A,41,41,2.793301099991368,0.2835187017917633,0.2826237380504608,test_pix_recon,0.0008949637413024902
shapley-20260606T024528Z-b5a00de9,baseline,A,42,42,2.851650499993412,0.2853511571884155,0.2834169715642929,test_pix_recon,0.0019341856241226196
shapley-20260606T024528Z-b5a00de9,baseline,A,43,43,2.9127079999925627,0.284245952963829,0.2809132784605026,test_pix_recon,0.0033326745033263605
shapley-20260606T024528Z-b5a00de9,baseline,A,44,44,2.974530799991044,0.2847898304462433,0.2847427576780319,test_pix_recon,4.7072768211364746e-05
shapley-20260606T024528Z-b5a00de9,baseline,A,45,45,3.0404614999897603,0.2837812602519989,0.2820964753627777,test_pix_recon,0.0016847848892211914
shapley-20260606T024528Z-b5a00de9,baseline,A,46,46,3.1029449999878125,0.2830040901899338,0.2822295278310776,test_pix_recon,0.0007745623588562012
shapley-20260606T024528Z-b5a00de9,baseline,A,47,47,3.161676299987448,0.2823879569768905,0.2819410264492035,test_pix_recon,0.00044693052768701724
shapley-20260606T024528Z-b5a00de9,baseline,A,48,48,3.222038399988378,0.2829763144254684,0.2847690731287002,test_pix_recon,-0.0017927587032318115
shapley-20260606T024528Z-b5a00de9,baseline,A,49,49,3.2834577999892645,0.2837689965963363,0.2832549810409546,test_pix_recon,0.0005140155553817194
shapley-20260606T024528Z-b5a00de9,baseline,A,50,50,3.349535199988168,0.2858164310455322,0.2807516008615494,test_pix_recon,0.005064830183982849
shapley-20260606T024528Z-b5a00de9,baseline,A,51,51,3.4150683999869216,0.2842762172222137,0.2839986681938171,test_pix_recon,0.00027754902839660645
shapley-20260606T024528Z-b5a00de9,baseline,A,52,52,3.4862695999872813,0.2841395884752273,0.2828646004199981,test_pix_recon,0.001274988055229187
shapley-20260606T024528Z-b5a00de9,baseline,A,53,53,3.561549599984573,0.284747302532196,0.2889720797538757,test_pix_recon,-0.0042247772216796875
shapley-20260606T024528Z-b5a00de9,baseline,A,54,54,3.627339299986488,0.2835214734077453,0.2835065871477127,test_pix_recon,1.4886260032598297e-05
shapley-20260606T024528Z-b5a00de9,baseline,A,55,55,3.694540999986202,0.2853414565324783,0.2870613783597946,test_pix_recon,-0.0017199218273163397
shapley-20260606T024528Z-b5a00de9,baseline,A,56,56,3.7601978999882704,0.2886165678501129,0.2852502763271332,test_pix_recon,0.0033662915229797363
shapley-20260606T024528Z-b5a00de9,baseline,A,57,57,3.831499999985681,0.2871818393468857,0.2838860303163528,test_pix_recon,0.0032958090305328924
shapley-20260606T024528Z-b5a00de9,baseline,A,58,58,3.897787999987486,0.2840695530176162,0.2867709398269653,test_pix_recon,-0.00270138680934906
shapley-20260606T024528Z-b5a00de9,baseline,A,59,59,3.970113699990179,0.2853722721338272,0.2846850752830505,test_pix_recon,0.0006871968507767279
shapley-20260606T024528Z-b5a00de9,baseline,A,60,60,4.039575099988724,0.2831660062074661,0.2842300534248352,test_pix_recon,-0.0010640472173690796
shapley-20260606T024528Z-b5a00de9,baseline,A,61,61,4.107062499988388,0.2860775738954544,0.2864987403154373,test_pix_recon,-0.00042116641998291016
shapley-20260606T024528Z-b5a00de9,baseline,A,62,62,4.166001599991432,0.2859143316745758,0.2846348583698272,test_pix_recon,0.0012794733047485907
shapley-20260606T024528Z-b5a00de9,baseline,A,63,63,4.227089799991518,0.2869673818349838,0.2867155373096466,test_pix_recon,0.00025184452533721924
shapley-20260606T024528Z-b5a00de9,baseline,A,64,64,4.291314999994938,0.2883306443691253,0.2863244116306305,test_pix_recon,0.0020062327384948175
shapley-20260606T024528Z-b5a00de9,baseline,A,65,65,4.35516099999586,0.2952010184526443,0.2841274738311767,test_pix_recon,0.01107354462146759
shapley-20260606T024528Z-b5a00de9,baseline,A,66,66,4.416261799997301,0.2877499759197235,0.2854779213666916,test_pix_recon,0.0022720545530319214
shapley-20260606T024528Z-b5a00de9,baseline,A,67,67,4.478290499995637,0.2904135286808014,0.2829409390687942,test_pix_recon,0.007472589612007197
shapley-20260606T024528Z-b5a00de9,baseline,A,68,68,4.544429499994294,0.2892801910638809,0.2820824831724167,test_pix_recon,0.007197707891464233
shapley-20260606T024528Z-b5a00de9,baseline,A,69,69,4.604279499995755,0.2892161309719085,0.2842031270265579,test_pix_recon,0.0050130039453505915
shapley-20260606T024528Z-b5a00de9,baseline,A,70,70,4.667824299995118,0.2905837744474411,0.2837405800819397,test_pix_recon,0.006843194365501404
shapley-20260606T024528Z-b5a00de9,baseline,A,71,71,4.728966699996818,0.2945697754621506,0.2906131744384765,test_pix_recon,0.003956601023674067
shapley-20260606T024528Z-b5a00de9,baseline,A,72,72,4.790256399995997,0.2903161942958832,0.2899933010339737,test_pix_recon,0.00032289326190948486
shapley-20260606T024528Z-b5a00de9,baseline,A,73,73,4.854859499995655,0.2876608669757843,0.2890236228704452,test_pix_recon,-0.0013627558946608942
shapley-20260606T024528Z-b5a00de9,baseline,A,74,74,4.916196299996955,0.2917292267084121,0.2907701134681701,test_pix_recon,0.0009591132402420044
shapley-20260606T024528Z-b5a00de9,baseline,A,75,75,4.975371499996982,0.2931557893753052,0.2932020574808121,test_pix_recon,-4.626810550689697e-05
shapley-20260606T024528Z-b5a00de9,baseline,A,76,76,5.035698299994692,0.2927467226982116,0.2903637439012527,test_pix_recon,0.0023829787969589233
shapley-20260606T024528Z-b5a00de9,baseline,A,77,77,5.095153299993399,0.2950791269540787,0.2906624376773834,test_pix_recon,0.0044166892766952515
shapley-20260606T024528Z-b5a00de9,baseline,A,78,78,5.154378499995801,0.2909962236881256,0.28937828540802,test_pix_recon,0.0016179382801055908
shapley-20260606T024528Z-b5a00de9,baseline,A,79,79,5.216525799994997,0.2957444339990616,0.2928552478551864,test_pix_recon,0.0028891861438751776
shapley-20260606T024528Z-b5a00de9,baseline,A,80,80,5.282890299993596,0.2924520224332809,0.2927667051553726,test_pix_recon,-0.0003146827220917303
shapley-20260606T024528Z-b5a00de9,baseline,A,81,81,5.3484442999906605,0.2967096716165542,0.2952289432287216,test_pix_recon,0.001480728387832586
shapley-20260606T024528Z-b5a00de9,baseline,A,82,82,5.408823299989308,0.2994972914457321,0.2958780825138092,test_pix_recon,0.0036192089319229126
shapley-20260606T024528Z-b5a00de9,baseline,A,83,83,5.47777819998737,0.2958050072193146,0.2936300784349441,test_pix_recon,0.002174928784370478
shapley-20260606T024528Z-b5a00de9,baseline,A,84,84,5.539441699987947,0.2939306050539017,0.2944734394550323,test_pix_recon,-0.0005428344011306208
shapley-20260606T024528Z-b5a00de9,baseline,A,85,85,5.601925199989637,0.2951034605503082,0.2945244610309601,test_pix_recon,0.0005789995193481445
shapley-20260606T024528Z-b5a00de9,baseline,A,86,86,5.665743199988356,0.2953412979841232,0.296170249581337,test_pix_recon,-0.0008289515972138006
shapley-20260606T024528Z-b5a00de9,baseline,A,87,87,5.724995599986869,0.2968097925186157,0.2928295284509659,test_pix_recon,0.003980264067649841
shapley-20260606T024528Z-b5a00de9,baseline,A,88,88,5.785222399987106,0.299308717250824,0.2982642948627472,test_pix_recon,0.0010444223880767822
shapley-20260606T024528Z-b5a00de9,baseline,A,89,89,5.846177799987345,0.3009088188409805,0.2973087728023529,test_pix_recon,0.003600046038627569
shapley-20260606T024528Z-b5a00de9,baseline,A,90,90,5.921818299986626,0.3025301545858383,0.305477425456047,test_pix_recon,-0.0029472708702086847
shapley-20260606T024528Z-b5a00de9,baseline,A,91,91,5.989956499986874,0.3061632961034775,0.2977844923734665,test_pix_recon,0.008378803730010986
shapley-20260606T024528Z-b5a00de9,baseline,A,92,92,6.064283099985914,0.3064020872116089,0.3016944378614425,test_pix_recon,0.004707649350166376
shapley-20260606T024528Z-b5a00de9,baseline,A,93,93,6.127789099984511,0.3042857646942138,0.296389490365982,test_pix_recon,0.007896274328231812
shapley-20260606T024528Z-b5a00de9,baseline,A,94,94,6.19860789998711,0.3004752844572067,0.3002531230449676,test_pix_recon,0.00022216141223913022
shapley-20260606T024528Z-b5a00de9,baseline,A,95,95,6.261473099988507,0.3017666190862655,0.2997525334358215,test_pix_recon,0.0020140856504440308
shapley-20260606T024528Z-b5a00de9,baseline,A,96,96,6.328567999986262,0.3018282502889633,0.3014230281114578,test_pix_recon,0.00040522217750549316
shapley-20260606T024528Z-b5a00de9,baseline,A,97,97,6.391987199986033,0.3080355823040008,0.3012682497501373,test_pix_recon,0.006767332553863525
shapley-20260606T024528Z-b5a00de9,baseline,A,98,98,6.455094299984921,0.3044808655977249,0.300873652100563,test_pix_recon,0.0036072134971619207
shapley-20260606T024528Z-b5a00de9,baseline,A,99,99,6.523877199982962,0.3055777251720428,0.3050274848937988,test_pix_recon,0.0005502402782440186
shapley-20260606T024528Z-b5a00de9,baseline,A,100,100,6.589957199983473,0.3084062784910202,0.3064928501844406,test_pix_recon,0.0019134283065795898
shapley-20260606T024528Z-b5a00de9,baseline,A,101,101,6.655478599983326,0.3073187917470932,0.3088194727897644,test_pix_recon,-0.0015006810426712036
shapley-20260606T024528Z-b5a00de9,baseline,A,102,102,6.721141099984379,0.3095481693744659,0.3078469336032867,test_pix_recon,0.0017012357711791992
shapley-20260606T024528Z-b5a00de9,baseline,A,103,103,6.787916599983873,0.3087507337331772,0.3090762495994568,test_pix_recon,-0.00032551586627960205
shapley-20260606T024528Z-b5a00de9,baseline,A,104,104,6.858163499986404,0.3076768517494201,0.3070138543844223,test_pix_recon,0.0006629973649978083
shapley-20260606T024528Z-b5a00de9,baseline,A,105,105,6.9252075999829685,0.3073754757642746,0.3087379038333893,test_pix_recon,-0.001362428069114685
shapley-20260606T024528Z-b5a00de9,baseline,A,106,106,6.992459699984465,0.3064853847026825,0.3147618472576141,test_pix_recon,-0.008276462554931585
shapley-20260606T024528Z-b5a00de9,baseline,A,107,107,7.062938099985331,0.3100002110004425,0.3069832473993301,test_pix_recon,0.0030169636011124212
shapley-20260606T024528Z-b5a00de9,baseline,A,108,108,7.131567099986569,0.3126021027565002,0.3098181933164596,test_pix_recon,0.0027839094400405884
shapley-20260606T024528Z-b5a00de9,baseline,A,109,109,7.198493199986842,0.3118217140436172,0.3154971152544021,test_pix_recon,-0.003675401210784912
shapley-20260606T024528Z-b5a00de9,baseline,A,110,110,7.260311199988791,0.3151329606771469,0.317984864115715,test_pix_recon,-0.0028519034385681152
shapley-20260606T024528Z-b5a00de9,baseline,A,111,111,7.323264899987407,0.3135252892971039,0.3135328590869903,test_pix_recon,-7.569789886419098e-06
shapley-20260606T024528Z-b5a00de9,baseline,A,112,112,7.38927499998681,0.314074695110321,0.3146877437829971,test_pix_recon,-0.0006130486726760864
shapley-20260606T024528Z-b5a00de9,baseline,A,113,113,7.457078799987357,0.3140051066875458,0.316078707575798,test_pix_recon,-0.002073600888252203
shapley-20260606T024528Z-b5a00de9,baseline,A,114,114,7.521366199987824,0.3129408210515976,0.3134337812662124,test_pix_recon,-0.0004929602146148127
shapley-20260606T024528Z-b5a00de9,baseline,A,115,115,7.5843173999855935,0.313924103975296,0.3173360526561737,test_pix_recon,-0.0034119486808776855
shapley-20260606T024528Z-b5a00de9,baseline,A,116,116,7.646645899985742,0.3155386596918106,0.3211177289485931,test_pix_recon,-0.005579069256782476
shapley-20260606T024528Z-b5a00de9,baseline,A,117,117,7.709431699986453,0.3168510198593139,0.3211687207221985,test_pix_recon,-0.004317700862884577
shapley-20260606T024528Z-b5a00de9,baseline,A,118,118,7.776590899986331,0.3199353218078613,0.31332728266716,test_pix_recon,0.006608039140701294
shapley-20260606T024528Z-b5a00de9,baseline,A,119,119,7.838806999985536,0.3180292248725891,0.3220281153917312,test_pix_recon,-0.003998890519142095
shapley-20260606T024528Z-b5a00de9,baseline,A,120,120,7.903816099984397,0.3184857964515686,0.322027176618576,test_pix_recon,-0.0035413801670073908
shapley-20260606T024528Z-b5a00de9,baseline,A,121,121,7.965845399983664,0.3221345096826553,0.3240312337875366,test_pix_recon,-0.0018967241048813421
shapley-20260606T024528Z-b5a00de9,baseline,A,122,122,8.028894999984914,0.3259365409612655,0.3293465822935104,test_pix_recon,-0.003410041332244873
shapley-20260606T024528Z-b5a00de9,baseline,A,123,123,8.095314099984535,0.3275203555822372,0.3305695205926895,test_pix_recon,-0.003049165010452326
shapley-20260606T024528Z-b5a00de9,baseline,A,124,124,8.160705399983271,0.3292186409235,0.333868458867073,test_pix_recon,-0.004649817943572998
shapley-20260606T024528Z-b5a00de9,baseline,A,125,125,8.225815399982821,0.3397383838891983,0.3284392356872558,test_pix_recon,0.0112991482019425
shapley-20260606T024528Z-b5a00de9,baseline,A,126,126,8.293960399980278,0.3283802568912506,0.3301363885402679,test_pix_recon,-0.0017561316490172785
shapley-20260606T024528Z-b5a00de9,baseline,A,127,127,8.357443599979888,0.3305857479572296,0.3319687694311142,test_pix_recon,-0.0013830214738845825
shapley-20260606T024528Z-b5a00de9,baseline,A,128,128,8.421566099979827,0.332945317029953,0.335476890206337,test_pix_recon,-0.002531573176383972
shapley-20260606T024528Z-b5a00de9,baseline,A,129,129,8.487472999979218,0.3275545984506607,0.330299437046051,test_pix_recon,-0.00274483859539032
shapley-20260606T024528Z-b5a00de9,baseline,A,130,130,8.550426099980541,0.3324897736310959,0.3269738107919693,test_pix_recon,0.005515962839126587
shapley-20260606T024528Z-b5a00de9,baseline,A,131,131,8.616024499980995,0.3304020166397095,0.3274971842765808,test_pix_recon,0.002904832363128662
shapley-20260606T024528Z-b5a00de9,baseline,A,132,132,8.68356379997931,0.3251231014728546,0.3226736932992935,test_pix_recon,0.002449408173561096
shapley-20260606T024528Z-b5a00de9,baseline,A,133,133,8.763724499978707,0.3274288475513458,0.3249200284481048,test_pix_recon,0.0025088191032410223
shapley-20260606T024528Z-b5a00de9,baseline,A,134,134,8.85382899997785,0.3224806636571884,0.3261711448431015,test_pix_recon,-0.003690481185913086
shapley-20260606T024528Z-b5a00de9,baseline,A,135,135,8.94478199997684,0.3259888887405395,0.325509250164032,test_pix_recon,0.00047963857650751285
shapley-20260606T024528Z-b5a00de9,baseline,A,136,136,9.032629099980111,0.3228163421154022,0.3254591673612594,test_pix_recon,-0.0026428252458571833
shapley-20260606T024528Z-b5a00de9,baseline,A,137,137,9.102864299980864,0.3229241818189621,0.3273158967494964,test_pix_recon,-0.004391714930534307
shapley-20260606T024528Z-b5a00de9,baseline,A,138,138,9.165446899980452,0.3246178179979324,0.3236854821443558,test_pix_recon,0.0009323358535766046
shapley-20260606T024528Z-b5a00de9,baseline,A,139,139,9.229073699978471,0.3244721740484237,0.3213254958391189,test_pix_recon,0.0031466782093048096
shapley-20260606T024528Z-b5a00de9,baseline,A,140,140,9.295768499978294,0.3235174864530563,0.3214503675699234,test_pix_recon,0.002067118883132879
shapley-20260606T024528Z-b5a00de9,baseline,A,141,141,9.360152399978688,0.3231329172849655,0.3205268234014511,test_pix_recon,0.0026060938835144043
shapley-20260606T024528Z-b5a00de9,baseline,A,142,142,9.42408869997962,0.3252234011888504,0.3183448016643524,test_pix_recon,0.006878599524497986
shapley-20260606T024528Z-b5a00de9,baseline,A,143,143,9.488466399980098,0.324489563703537,0.3200461119413376,test_pix_recon,0.004443451762199402
shapley-20260606T024528Z-b5a00de9,baseline,A,144,144,9.55474249998224,0.3228842318058014,0.3196582943201065,test_pix_recon,0.0032259374856948853
shapley-20260606T024528Z-b5a00de9,baseline,A,145,145,9.617920999982744,0.3214652836322784,0.3210020661354065,test_pix_recon,0.00046321749687189273
shapley-20260606T024528Z-b5a00de9,baseline,A,146,146,9.683122899983571,0.322997435927391,0.3220247328281402,test_pix_recon,0.0009727030992507935
shapley-20260606T024528Z-b5a00de9,baseline,A,147,147,9.745934999984456,0.3237295895814895,0.3239950388669967,test_pix_recon,-0.00026544928550720215
shapley-20260606T024528Z-b5a00de9,baseline,A,148,148,9.812450499983242,0.321115642786026,0.3215429335832596,test_pix_recon,-0.00042729079723358154
shapley-20260606T024528Z-b5a00de9,baseline,A,149,149,9.876323499986029,0.3207671046257019,0.3206866532564163,test_pix_recon,8.04513692855835e-05
shapley-20260606T024528Z-b5a00de9,baseline,A,150,150,9.93888339998739,0.3211899250745773,0.3208298534154892,test_pix_recon,0.00036007165908807925
shapley-20260606T024528Z-b5a00de9,baseline,A,151,151,10.003877999988616,0.3203481435775757,0.3217351883649826,test_pix_recon,-0.0013870447874069214
shapley-20260606T024528Z-b5a00de9,baseline,A,152,152,10.074641399991378,0.3204054683446884,0.3226887881755829,test_pix_recon,-0.00228331983089447
shapley-20260606T024528Z-b5a00de9,baseline,A,153,153,10.13927829999011,0.3205371499061584,0.3220523297786712,test_pix_recon,-0.0015151798725128174
shapley-20260606T024528Z-b5a00de9,baseline,A,154,154,10.205484999991311,0.3209020048379898,0.3212237507104873,test_pix_recon,-0.0003217458724975031
shapley-20260606T024528Z-b5a00de9,baseline,A,155,155,10.272080599992478,0.3205747902393341,0.3188555985689163,test_pix_recon,0.0017191916704177856
shapley-20260606T024528Z-b5a00de9,baseline,A,156,156,10.339344999993044,0.320703849196434,0.3187979906797409,test_pix_recon,0.0019058585166931152
shapley-20260606T024528Z-b5a00de9,baseline,A,157,157,10.413657099990814,0.3207289278507232,0.3196708559989929,test_pix_recon,0.0010580718517302912
shapley-20260606T024528Z-b5a00de9,baseline,A,158,158,10.479648799988354,0.3198934197425842,0.3190184235572815,test_pix_recon,0.0008749961853026789
shapley-20260606T024528Z-b5a00de9,baseline,A,159,159,10.544694399988655,0.3200617581605911,0.3181071132421493,test_pix_recon,0.001954644918441828
shapley-20260606T024528Z-b5a00de9,baseline,A,160,160,10.607467099987844,0.3202126622200012,0.3190470337867737,test_pix_recon,0.001165628433227539
shapley-20260606T024528Z-b5a00de9,baseline,A,161,161,10.673864399988815,0.319972425699234,0.319612056016922,test_pix_recon,0.0003603696823120117
shapley-20260606T024528Z-b5a00de9,baseline,A,162,162,10.740007499989588,0.3195681124925613,0.3184459656476974,test_pix_recon,0.0011221468448638916
shapley-20260606T024528Z-b5a00de9,baseline,A,163,163,10.80495429999064,0.3195757865905761,0.3183068782091141,test_pix_recon,0.0012689083814620417
shapley-20260606T024528Z-b5a00de9,baseline,A,164,164,10.868473599988649,0.3195115625858307,0.3178177624940872,test_pix_recon,0.0016938000917434692
shapley-20260606T024528Z-b5a00de9,baseline,A,165,165,10.938112199990428,0.3195548057556152,0.3178188502788543,test_pix_recon,0.0017359554767608643
shapley-20260606T024528Z-b5a00de9,baseline,A,166,166,11.003359899990755,0.3194210529327392,0.3188266307115555,test_pix_recon,0.0005944222211837213
shapley-20260606T024528Z-b5a00de9,baseline,A,167,167,11.06572659999074,0.3194034993648529,0.3194120228290558,test_pix_recon,-8.52346420288086e-06
shapley-20260606T024528Z-b5a00de9,baseline,A,168,168,11.129017099989142,0.319181352853775,0.3197478055953979,test_pix_recon,-0.0005664527416228693
shapley-20260606T024528Z-b5a00de9,baseline,A,169,169,11.194122999990212,0.318942666053772,0.3189875036478042,test_pix_recon,-4.4837594032232087e-05
shapley-20260606T024528Z-b5a00de9,baseline,A,170,170,11.265887899990048,0.318714827299118,0.3189560770988464,test_pix_recon,-0.00024124979972839355
shapley-20260606T024528Z-b5a00de9,baseline,A,171,171,11.33366689999093,0.3187242001295089,0.3187941014766693,test_pix_recon,-6.990134716039487e-05
shapley-20260606T024528Z-b5a00de9,baseline,A,172,172,11.397085299991886,0.3188637495040893,0.318874642252922,test_pix_recon,-1.0892748832702637e-05
shapley-20260606T024528Z-b5a00de9,baseline,A,173,173,11.459479899993312,0.3187768161296844,0.3183958530426025,test_pix_recon,0.0003809630870819092
shapley-20260606T024528Z-b5a00de9,baseline,A,174,174,11.52514849999352,0.3185723721981048,0.3178412616252899,test_pix_recon,0.0007311105728148859
shapley-20260606T024528Z-b5a00de9,baseline,A,175,175,11.59125999999378,0.3183799386024475,0.3173129856586456,test_pix_recon,0.0010669529438019354
shapley-20260606T024528Z-b5a00de9,baseline,A,176,176,11.662433099994814,0.3184044361114502,0.3175292164087295,test_pix_recon,0.0008752197027206976
shapley-20260606T024528Z-b5a00de9,baseline,A,177,177,11.728257399994618,0.3183377683162689,0.3175487071275711,test_pix_recon,0.0007890611886978149
shapley-20260606T024528Z-b5a00de9,baseline,A,178,178,11.794583999992028,0.3182462751865387,0.317685604095459,test_pix_recon,0.0005606710910797119
shapley-20260606T024528Z-b5a00de9,baseline,A,179,179,11.859672599992336,0.3183631896972656,0.3183002322912216,test_pix_recon,6.295740604400635e-05
shapley-20260606T024528Z-b5a00de9,baseline,A,180,180,11.924162399991474,0.3186081051826477,0.318354994058609,test_pix_recon,0.0002531111240386963
shapley-20260606T024528Z-b5a00de9,baseline,A,181,181,11.987281599991547,0.3187709003686905,0.3183379769325256,test_pix_recon,0.00043292343616491147
shapley-20260606T024528Z-b5a00de9,baseline,A,182,182,12.051070099991191,0.3188013583421707,0.3180747628211975,test_pix_recon,0.0007265955209732056
shapley-20260606T024528Z-b5a00de9,baseline,A,183,183,12.11456229999385,0.3186958879232406,0.3181942999362945,test_pix_recon,0.000501587986946106
shapley-20260606T024528Z-b5a00de9,baseline,A,184,184,12.185729299995728,0.3186359107494354,0.3178877234458923,test_pix_recon,0.0007481873035431463
shapley-20260606T024528Z-b5a00de9,baseline,A,185,185,12.259721299997182,0.3184674680233001,0.3175528645515442,test_pix_recon,0.0009146034717559259
shapley-20260606T024528Z-b5a00de9,baseline,A,186,186,12.324269199998524,0.3183139413595199,0.3174612522125244,test_pix_recon,0.0008526891469954889
shapley-20260606T024528Z-b5a00de9,baseline,A,187,187,12.388885999997,0.3181964755058288,0.3172474950551986,test_pix_recon,0.000948980450630188
shapley-20260606T024528Z-b5a00de9,baseline,A,188,188,12.45594379999602,0.3181284219026565,0.3170931190252304,test_pix_recon,0.001035302877426092
shapley-20260606T024528Z-b5a00de9,baseline,A,189,189,12.519188499994923,0.3180544078350067,0.3171703368425369,test_pix_recon,0.0008840709924697876
shapley-20260606T024528Z-b5a00de9,baseline,A,190,190,12.58245359999637,0.317992091178894,0.3172734677791595,test_pix_recon,0.0007186233997344971
shapley-20260606T024528Z-b5a00de9,baseline,A,191,191,12.65414229999442,0.3179707378149032,0.3171337097883224,test_pix_recon,0.0008370280265808105
shapley-20260606T024528Z-b5a00de9,baseline,A,192,192,12.724051499997586,0.3178995251655578,0.3170320391654968,test_pix_recon,0.0008674860000609796
shapley-20260606T024528Z-b5a00de9,baseline,A,193,193,12.787213899999188,0.3179585337638855,0.3170203417539596,test_pix_recon,0.0009381920099258978
shapley-20260606T024528Z-b5a00de9,baseline,A,194,194,12.855836799997633,0.3180229365825653,0.3171247094869613,test_pix_recon,0.0008982270956039984
shapley-20260606T024528Z-b5a00de9,baseline,A,195,195,12.927408399998969,0.3180877268314361,0.3171900659799576,test_pix_recon,0.0008976608514785211
shapley-20260606T024528Z-b5a00de9,baseline,A,196,196,12.996747499997582,0.3181350827217102,0.3171058297157287,test_pix_recon,0.0010292530059815008
shapley-20260606T024528Z-b5a00de9,baseline,A,197,197,13.063196499999322,0.3181995749473572,0.3170743435621261,test_pix_recon,0.0011252313852310736
shapley-20260606T024528Z-b5a00de9,baseline,A,198,198,13.127165199995943,0.3182888627052307,0.3171163350343704,test_pix_recon,0.0011725276708602905
shapley-20260606T024528Z-b5a00de9,baseline,A,199,199,13.198142399996868,0.3183450400829315,0.3170798867940902,test_pix_recon,0.001265153288841303
shapley-20260606T024553Z-69396335,marginal,A,0,0,0.2505272999987937,0.8716031908988953,0.8455381095409393,test_pix_recon,0.026065081357955933
shapley-20260606T024553Z-69396335,marginal,A,1,1,0.3150267999990319,0.6909958124160767,0.6630519032478333,test_pix_recon,0.027943909168243408
shapley-20260606T024553Z-69396335,marginal,A,2,2,0.3770762999993167,0.5962252020835876,0.5686814785003662,test_pix_recon,0.027543723583221436
shapley-20260606T024553Z-69396335,marginal,A,3,3,0.4427575999980035,0.5259881317615509,0.5100161284208298,test_pix_recon,0.01597200334072113
shapley-20260606T024553Z-69396335,marginal,A,4,4,0.5036130999978923,0.4732777625322342,0.4740872085094452,test_pix_recon,-0.0008094459772109985
shapley-20260606T024553Z-69396335,marginal,A,5,5,0.5656566999969073,0.4379446357488632,0.4397757649421692,test_pix_recon,-0.0018311291933059692
shapley-20260606T024553Z-69396335,marginal,A,6,6,0.6291529999944032,0.4113277643918991,0.4130516797304153,test_pix_recon,-0.0017239153385161798
shapley-20260606T024553Z-69396335,marginal,A,7,7,0.6936665999928664,0.3869218975305557,0.3891378939151764,test_pix_recon,-0.0022159963846206665
shapley-20260606T024553Z-69396335,marginal,A,8,8,0.7568316999931994,0.3703286498785019,0.3699494153261184,test_pix_recon,0.00037923455238347836
shapley-20260606T024553Z-69396335,marginal,A,9,9,0.8195276999940688,0.3553955107927322,0.3551930040121078,test_pix_recon,0.00020250678062438965
shapley-20260606T024553Z-69396335,marginal,A,10,10,0.8845669999936945,0.3445127755403518,0.342307835817337,test_pix_recon,0.0022049397230148315
shapley-20260606T024553Z-69396335,marginal,A,11,11,0.947077699995134,0.3356552869081497,0.3345810174942016,test_pix_recon,0.0010742694139481146
shapley-20260606T024553Z-69396335,marginal,A,12,12,1.0076844999930472,0.3343510180711746,0.331302598118782,test_pix_recon,0.0030484199523926336
shapley-20260606T024553Z-69396335,marginal,A,13,13,1.068666499992105,0.3246409744024277,0.3275303244590759,test_pix_recon,-0.0028893500566482544
shapley-20260606T024553Z-69396335,marginal,A,14,14,1.1307516999913787,0.3183262646198272,0.3177917450666427,test_pix_recon,0.0005345195531845093
shapley-20260606T024553Z-69396335,marginal,A,15,15,1.191689499992208,0.313772901892662,0.3132650554180145,test_pix_recon,0.0005078464746474665
shapley-20260606T024553Z-69396335,marginal,A,16,16,1.2545789999931003,0.3102843165397644,0.3089952766895294,test_pix_recon,0.0012890398502349854
shapley-20260606T024553Z-69396335,marginal,A,17,17,1.315844399992784,0.3062534779310226,0.3048672527074814,test_pix_recon,0.0013862252235412043
shapley-20260606T024553Z-69396335,marginal,A,18,18,1.3783964999929594,0.3036994487047195,0.3036960065364837,test_pix_recon,3.4421682357788086e-06
shapley-20260606T024553Z-69396335,marginal,A,19,19,1.4405508999916492,0.299754723906517,0.2990657687187195,test_pix_recon,0.0006889551877974909
shapley-20260606T024553Z-69396335,marginal,A,20,20,1.499791299989738,0.2975800037384033,0.2966865748167038,test_pix_recon,0.0008934289216995239
shapley-20260606T024553Z-69396335,marginal,A,21,21,1.5609089999888963,0.297224149107933,0.2979676723480224,test_pix_recon,-0.0007435232400894165
shapley-20260606T024553Z-69396335,marginal,A,22,22,1.623756399989361,0.2979893684387207,0.2957993447780609,test_pix_recon,0.00219002366065979
shapley-20260606T024553Z-69396335,marginal,A,23,23,1.690274699991278,0.2943462282419204,0.2953435480594635,test_pix_recon,-0.0009973198175430853
shapley-20260606T024553Z-69396335,marginal,A,24,24,1.7576921999898332,0.2921322733163833,0.2937008291482925,test_pix_recon,-0.0015685558319091797
shapley-20260606T024553Z-69396335,marginal,A,25,25,1.8246790999874063,0.2892115265130996,0.2925975620746612,test_pix_recon,-0.0033860355615615845
shapley-20260606T024553Z-69396335,marginal,A,26,26,1.893281499989825,0.2892075031995773,0.2911860644817352,test_pix_recon,-0.001978561282157898
shapley-20260606T024553Z-69396335,marginal,A,27,27,1.959929699987697,0.2911423444747925,0.2930179387331009,test_pix_recon,-0.0018755942583084106
shapley-20260606T024553Z-69396335,marginal,A,28,28,2.0209376999882807,0.2883133143186569,0.2920370399951935,test_pix_recon,-0.00372372567653656
shapley-20260606T024553Z-69396335,marginal,A,29,29,2.085439599988604,0.288083866238594,0.2888098657131195,test_pix_recon,-0.0007259994745255072
shapley-20260606T024553Z-69396335,marginal,A,30,30,2.14766379998764,0.2868511974811554,0.2876889407634735,test_pix_recon,-0.0008377432823181152
shapley-20260606T024553Z-69396335,marginal,A,31,31,2.210884999989503,0.2845707833766937,0.2907870858907699,test_pix_recon,-0.006216302514076177
shapley-20260606T024553Z-69396335,marginal,A,32,32,2.2750158999915584,0.2826094180345535,0.2865874022245407,test_pix_recon,-0.003977984189987238
shapley-20260606T024553Z-69396335,marginal,A,33,33,2.334041799993429,0.2826139479875564,0.2861815840005874,test_pix_recon,-0.003567636013031006
shapley-20260606T024553Z-69396335,marginal,A,34,34,2.394038299989916,0.2843514382839203,0.2838431894779205,test_pix_recon,0.0005082488059998114
shapley-20260606T024553Z-69396335,marginal,A,35,35,2.461481799989997,0.2825332581996918,0.2850547581911087,test_pix_recon,-0.002521499991416931
shapley-20260606T024553Z-69396335,marginal,A,36,36,2.5221350999891,0.2819705903530121,0.2851737141609192,test_pix_recon,-0.0032031238079071045
shapley-20260606T024553Z-69396335,marginal,A,37,37,2.5844868999884056,0.2805535495281219,0.2837749123573303,test_pix_recon,-0.0032213628292084295
shapley-20260606T024553Z-69396335,marginal,A,38,38,2.643377199987299,0.2799995988607406,0.283582478761673,test_pix_recon,-0.0035828799009323675
shapley-20260606T024553Z-69396335,marginal,A,39,39,2.7037848999862035,0.279257982969284,0.2820297926664352,test_pix_recon,-0.002771809697151184
shapley-20260606T024553Z-69396335,marginal,A,40,40,2.766021299987188,0.2802670747041702,0.2809880524873733,test_pix_recon,-0.0007209777832030695
shapley-20260606T024553Z-69396335,marginal,A,41,41,2.829818299989711,0.2814563065767288,0.2826237380504608,test_pix_recon,-0.0011674314737319946
shapley-20260606T024553Z-69396335,marginal,A,42,42,2.8904871999911848,0.2823320180177688,0.2834169715642929,test_pix_recon,-0.0010849535465241034
shapley-20260606T024553Z-69396335,marginal,A,43,43,2.9498720999908983,0.2835388034582138,0.2809132784605026,test_pix_recon,0.0026255249977111816
shapley-20260606T024553Z-69396335,marginal,A,44,44,3.009548499991069,0.2817732393741607,0.2847427576780319,test_pix_recon,-0.0029695183038712103
shapley-20260606T024553Z-69396335,marginal,A,45,45,3.071452399992268,0.2777911573648453,0.2820964753627777,test_pix_recon,-0.004305317997932434
shapley-20260606T024553Z-69396335,marginal,A,46,46,3.132643899993127,0.2780491858720779,0.2822295278310776,test_pix_recon,-0.004180341958999689
shapley-20260606T024553Z-69396335,marginal,A,47,47,3.193345899991982,0.2769391536712646,0.2819410264492035,test_pix_recon,-0.005001872777938898
shapley-20260606T024553Z-69396335,marginal,A,48,48,3.254737599989312,0.2784747630357742,0.2847690731287002,test_pix_recon,-0.006294310092926025
shapley-20260606T024553Z-69396335,marginal,A,49,49,3.318500299988955,0.2809308022260666,0.2832549810409546,test_pix_recon,-0.0023241788148880005
shapley-20260606T024553Z-69396335,marginal,A,50,50,3.379244399988238,0.283195897936821,0.2807516008615494,test_pix_recon,0.0024442970752716064
shapley-20260606T024553Z-69396335,marginal,A,51,51,3.4382037999857857,0.2820920199155807,0.2839986681938171,test_pix_recon,-0.0019066482782363892
shapley-20260606T024553Z-69396335,marginal,A,52,52,3.4996842999862565,0.2820736169815063,0.2828646004199981,test_pix_recon,-0.0007909834384918213
shapley-20260606T024553Z-69396335,marginal,A,53,53,3.5645814999843424,0.2797106951475143,0.2889720797538757,test_pix_recon,-0.00926138460636139
shapley-20260606T024553Z-69396335,marginal,A,54,54,3.62624279998272,0.279185339808464,0.2835065871477127,test_pix_recon,-0.004321247339248713
shapley-20260606T024553Z-69396335,marginal,A,55,55,3.68891049998274,0.2826585620641708,0.2870613783597946,test_pix_recon,-0.004402816295623835
shapley-20260606T024553Z-69396335,marginal,A,56,56,3.750389199984056,0.2804168313741684,0.2852502763271332,test_pix_recon,-0.004833444952964783
shapley-20260606T024553Z-69396335,marginal,A,57,57,3.816740199985361,0.279359683394432,0.2838860303163528,test_pix_recon,-0.004526346921920776
shapley-20260606T024553Z-69396335,marginal,A,58,58,3.878762799984543,0.2798089832067489,0.2867709398269653,test_pix_recon,-0.00696195662021637
shapley-20260606T024553Z-69396335,marginal,A,59,59,3.940743999984989,0.2789179235696792,0.2846850752830505,test_pix_recon,-0.005767151713371277
shapley-20260606T024553Z-69396335,marginal,A,60,60,3.999579999985144,0.279000386595726,0.2842300534248352,test_pix_recon,-0.005229666829109192
shapley-20260606T024553Z-69396335,marginal,A,61,61,4.058786299985513,0.2811308056116104,0.2864987403154373,test_pix_recon,-0.005367934703826904
shapley-20260606T024553Z-69396335,marginal,A,62,62,4.1212794999846665,0.2815139144659042,0.2846348583698272,test_pix_recon,-0.0031209439039230347
shapley-20260606T024553Z-69396335,marginal,A,63,63,4.1840617999841925,0.2829499095678329,0.2867155373096466,test_pix_recon,-0.003765627741813715
shapley-20260606T024553Z-69396335,marginal,A,64,64,4.2460533999837935,0.288862332701683,0.2863244116306305,test_pix_recon,0.0025379210710524958
shapley-20260606T024553Z-69396335,marginal,A,65,65,4.3062689999824215,0.2868160456418991,0.2841274738311767,test_pix_recon,0.0026885718107224066
shapley-20260606T024553Z-69396335,marginal,A,66,66,4.367847299981804,0.2835826724767685,0.2854779213666916,test_pix_recon,-0.0018952488899230957
shapley-20260606T024553Z-69396335,marginal,A,67,67,4.427192599981936,0.2847412675619125,0.2829409390687942,test_pix_recon,0.0018003284931182861
shapley-20260606T024553Z-69396335,marginal,A,68,68,4.49072359998172,0.283936008810997,0.2820824831724167,test_pix_recon,0.0018535256385803223
shapley-20260606T024553Z-69396335,marginal,A,69,69,4.553544899979897,0.283781498670578,0.2842031270265579,test_pix_recon,-0.00042162835597991943
shapley-20260606T024553Z-69396335,marginal,A,70,70,4.613728299980721,0.2831125110387802,0.2837405800819397,test_pix_recon,-0.0006280690431594849
shapley-20260606T024553Z-69396335,marginal,A,71,71,4.673455699979968,0.2875706851482391,0.2906131744384765,test_pix_recon,-0.0030424892902374268
shapley-20260606T024553Z-69396335,marginal,A,72,72,4.732318899979873,0.285882905125618,0.2899933010339737,test_pix_recon,-0.004110395908355713
shapley-20260606T024553Z-69396335,marginal,A,73,73,4.793253899977572,0.2878687083721161,0.2890236228704452,test_pix_recon,-0.001154914498329107
shapley-20260606T024553Z-69396335,marginal,A,74,74,4.857183499978419,0.2846086621284485,0.2907701134681701,test_pix_recon,-0.006161451339721624
shapley-20260606T024553Z-69396335,marginal,A,75,75,4.919398899979569,0.2866065502166748,0.2932020574808121,test_pix_recon,-0.006595507264137268
shapley-20260606T024553Z-69396335,marginal,A,76,76,4.98150479998003,0.2866667062044143,0.2903637439012527,test_pix_recon,-0.003697037696838379
shapley-20260606T024553Z-69396335,marginal,A,77,77,5.045411199978844,0.2882041335105896,0.2906624376773834,test_pix_recon,-0.0024583041667938232
shapley-20260606T024553Z-69396335,marginal,A,78,78,5.108750499977759,0.2895228117704391,0.28937828540802,test_pix_recon,0.0001445263624190729
shapley-20260606T024553Z-69396335,marginal,A,79,79,5.172792199977266,0.293445885181427,0.2928552478551864,test_pix_recon,0.0005906373262405951
shapley-20260606T024553Z-69396335,marginal,A,80,80,5.233255299979646,0.2913288176059723,0.2927667051553726,test_pix_recon,-0.0014378875494003296
shapley-20260606T024553Z-69396335,marginal,A,81,81,5.29206449997946,0.2928952276706695,0.2952289432287216,test_pix_recon,-0.0023337155580521185
shapley-20260606T024553Z-69396335,marginal,A,82,82,5.352660899978218,0.2954801321029663,0.2958780825138092,test_pix_recon,-0.0003979504108428955
shapley-20260606T024553Z-69396335,marginal,A,83,83,5.413484299977426,0.2959688901901245,0.2936300784349441,test_pix_recon,0.0023388117551804144
shapley-20260606T024553Z-69396335,marginal,A,84,84,5.4775308999742265,0.2968370318412781,0.2944734394550323,test_pix_recon,0.002363592386245783
shapley-20260606T024553Z-69396335,marginal,A,85,85,5.537964599971019,0.2949662357568741,0.2945244610309601,test_pix_recon,0.00044177472591400146
shapley-20260606T024553Z-69396335,marginal,A,86,86,5.601815899968642,0.2987085729837417,0.296170249581337,test_pix_recon,0.0025383234024047296
shapley-20260606T024553Z-69396335,marginal,A,87,87,5.663215399967157,0.2942507117986679,0.2928295284509659,test_pix_recon,0.0014211833477020264
shapley-20260606T024553Z-69396335,marginal,A,88,88,5.722221699965303,0.2976982742547989,0.2982642948627472,test_pix_recon,-0.0005660206079483032
shapley-20260606T024553Z-69396335,marginal,A,89,89,5.78793839996797,0.2960278540849685,0.2973087728023529,test_pix_recon,-0.0012809187173843939
shapley-20260606T024553Z-69396335,marginal,A,90,90,5.859671499965771,0.2926245778799057,0.305477425456047,test_pix_recon,-0.012852847576141302
shapley-20260606T024553Z-69396335,marginal,A,91,91,5.924191899965081,0.2954034805297851,0.2977844923734665,test_pix_recon,-0.002381011843681391
shapley-20260606T024553Z-69396335,marginal,A,92,92,5.988977999964845,0.3018877059221267,0.3016944378614425,test_pix_recon,0.0001932680606842041
shapley-20260606T024553Z-69396335,marginal,A,93,93,6.053112399964448,0.2967362850904464,0.296389490365982,test_pix_recon,0.0003467947244644165
shapley-20260606T024553Z-69396335,marginal,A,94,94,6.121185999963927,0.3028649240732193,0.3002531230449676,test_pix_recon,0.0026118010282517035
shapley-20260606T024553Z-69396335,marginal,A,95,95,6.18749519996345,0.2970629930496216,0.2997525334358215,test_pix_recon,-0.0026895403861998957
shapley-20260606T024553Z-69396335,marginal,A,96,96,6.250133199962875,0.2992594391107559,0.3014230281114578,test_pix_recon,-0.0021635890007019043
shapley-20260606T024553Z-69396335,marginal,A,97,97,6.317429299961077,0.2974571883678436,0.3012682497501373,test_pix_recon,-0.003811061382293701
shapley-20260606T024553Z-69396335,marginal,A,98,98,6.383849399961036,0.3046990185976028,0.300873652100563,test_pix_recon,0.003825366497039795
shapley-20260606T024553Z-69396335,marginal,A,99,99,6.446264399961365,0.3004127144813537,0.3050274848937988,test_pix_recon,-0.004614770412445068
shapley-20260606T024553Z-69396335,marginal,A,100,100,6.509606299961888,0.2997370660305023,0.3064928501844406,test_pix_recon,-0.0067557841539382935
shapley-20260606T024553Z-69396335,marginal,A,101,101,6.572586799960845,0.3036897778511047,0.3088194727897644,test_pix_recon,-0.0051296949386597235
shapley-20260606T024553Z-69396335,marginal,A,102,102,6.639753999959794,0.3021193444728851,0.3078469336032867,test_pix_recon,-0.005727589130401611
shapley-20260606T024553Z-69396335,marginal,A,103,103,6.708302599960007,0.3022528290748596,0.3090762495994568,test_pix_recon,-0.006823420524597168
shapley-20260606T024553Z-69396335,marginal,A,104,104,6.775939499962988,0.3069261908531189,0.3070138543844223,test_pix_recon,-8.766353130340576e-05
shapley-20260606T024553Z-69396335,marginal,A,105,105,6.842620699961117,0.3105002790689468,0.3087379038333893,test_pix_recon,0.0017623752355575006
shapley-20260606T024553Z-69396335,marginal,A,106,106,6.909746399964206,0.3029588311910629,0.3147618472576141,test_pix_recon,-0.011803016066551153
shapley-20260606T024553Z-69396335,marginal,A,107,107,6.9745932999649085,0.3099845945835113,0.3069832473993301,test_pix_recon,0.0030013471841812134
shapley-20260606T024553Z-69396335,marginal,A,108,108,7.039529699963168,0.308425173163414,0.3098181933164596,test_pix_recon,-0.0013930201530455988
shapley-20260606T024553Z-69396335,marginal,A,109,109,7.105090899964125,0.3064061105251312,0.3154971152544021,test_pix_recon,-0.00909100472927088
shapley-20260606T024553Z-69396335,marginal,A,110,110,7.168292199963616,0.3100788742303848,0.317984864115715,test_pix_recon,-0.0079059898853302
shapley-20260606T024553Z-69396335,marginal,A,111,111,7.231595799963543,0.3115970492362976,0.3135328590869903,test_pix_recon,-0.0019358098506926935
shapley-20260606T024553Z-69396335,marginal,A,112,112,7.297695599965664,0.3088916689157486,0.3146877437829971,test_pix_recon,-0.00579607486724848
shapley-20260606T024553Z-69396335,marginal,A,113,113,7.363262599967129,0.3190139383077621,0.316078707575798,test_pix_recon,0.0029352307319641113
shapley-20260606T024553Z-69396335,marginal,A,114,114,7.429781099966931,0.313082218170166,0.3134337812662124,test_pix_recon,-0.00035156309604639224
shapley-20260606T024553Z-69396335,marginal,A,115,115,7.494852699965122,0.3187756389379501,0.3173360526561737,test_pix_recon,0.0014395862817763727
shapley-20260606T024553Z-69396335,marginal,A,116,116,7.560237499965297,0.3181902766227722,0.3211177289485931,test_pix_recon,-0.0029274523258208673
shapley-20260606T024553Z-69396335,marginal,A,117,117,7.628494099964882,0.3169952929019928,0.3211687207221985,test_pix_recon,-0.0041734278202056885
shapley-20260606T024553Z-69396335,marginal,A,118,118,7.694647499967687,0.3236142098903656,0.31332728266716,test_pix_recon,0.010286927223205622
shapley-20260606T024553Z-69396335,marginal,A,119,119,7.764603299969167,0.3214889317750931,0.3220281153917312,test_pix_recon,-0.0005391836166381281
shapley-20260606T024553Z-69396335,marginal,A,120,120,7.829560799971659,0.3224613964557647,0.322027176618576,test_pix_recon,0.0004342198371887207
shapley-20260606T024553Z-69396335,marginal,A,121,121,7.893838799969671,0.3232634663581848,0.3240312337875366,test_pix_recon,-0.0007677674293518066
shapley-20260606T024553Z-69396335,marginal,A,122,122,7.961148399968806,0.3302046656608581,0.3293465822935104,test_pix_recon,0.0008580833673477173
shapley-20260606T024553Z-69396335,marginal,A,123,123,8.031024599968077,0.324010506272316,0.3305695205926895,test_pix_recon,-0.006559014320373535
shapley-20260606T024553Z-69396335,marginal,A,124,124,8.094212899966806,0.3305899202823639,0.333868458867073,test_pix_recon,-0.003278538584709112
shapley-20260606T024553Z-69396335,marginal,A,125,125,8.160903399970266,0.3250584602355957,0.3284392356872558,test_pix_recon,-0.0033807754516601007
shapley-20260606T024553Z-69396335,marginal,A,126,126,8.229952099969523,0.330093041062355,0.3301363885402679,test_pix_recon,-4.334747791290283e-05
shapley-20260606T024553Z-69396335,marginal,A,127,127,8.297278799967899,0.3254036903381347,0.3319687694311142,test_pix_recon,-0.006565079092979487
shapley-20260606T024553Z-69396335,marginal,A,128,128,8.363866599967878,0.3299150317907333,0.335476890206337,test_pix_recon,-0.005561858415603693
shapley-20260606T024553Z-69396335,marginal,A,129,129,8.433081899969693,0.3276378512382507,0.330299437046051,test_pix_recon,-0.0026615858078003485
shapley-20260606T024553Z-69396335,marginal,A,130,130,8.499380299970653,0.3252810388803482,0.3269738107919693,test_pix_recon,-0.0016927719116210938
shapley-20260606T024553Z-69396335,marginal,A,131,131,8.563536999972712,0.3251078724861145,0.3274971842765808,test_pix_recon,-0.0023893117904663086
shapley-20260606T024553Z-69396335,marginal,A,132,132,8.631116899974586,0.3212235420942306,0.3226736932992935,test_pix_recon,-0.0014501512050629217
shapley-20260606T024553Z-69396335,marginal,A,133,133,8.700824899973668,0.3221385776996612,0.3249200284481048,test_pix_recon,-0.0027814507484436035
shapley-20260606T024553Z-69396335,marginal,A,134,134,8.769537199972547,0.3228761851787567,0.3261711448431015,test_pix_recon,-0.0032949596643447876
shapley-20260606T024553Z-69396335,marginal,A,135,135,8.83269809997364,0.3244745880365371,0.325509250164032,test_pix_recon,-0.0010346621274948675
shapley-20260606T024553Z-69396335,marginal,A,136,136,8.898898899973574,0.3221157044172287,0.3254591673612594,test_pix_recon,-0.003343462944030706
shapley-20260606T024553Z-69396335,marginal,A,137,137,8.966989299973648,0.3223900496959686,0.3273158967494964,test_pix_recon,-0.004925847053527832
shapley-20260606T024553Z-69396335,marginal,A,138,138,9.034787699973094,0.3202744871377945,0.3236854821443558,test_pix_recon,-0.0034109950065612793
shapley-20260606T024553Z-69396335,marginal,A,139,139,9.0990846999739,0.3212707638740539,0.3213254958391189,test_pix_recon,-5.473196506500244e-05
shapley-20260606T024553Z-69396335,marginal,A,140,140,9.164810699974623,0.3215711563825607,0.3214503675699234,test_pix_recon,0.00012078881263727359
shapley-20260606T024553Z-69396335,marginal,A,141,141,9.234165699974255,0.320601224899292,0.3205268234014511,test_pix_recon,7.440149784088135e-05
shapley-20260606T024553Z-69396335,marginal,A,142,142,9.304616599973087,0.3232403844594955,0.3183448016643524,test_pix_recon,0.004895582795143072
shapley-20260606T024553Z-69396335,marginal,A,143,143,9.372494199971698,0.3273437768220901,0.3200461119413376,test_pix_recon,0.007297664880752508
shapley-20260606T024553Z-69396335,marginal,A,144,144,9.444893399973807,0.3226265907287597,0.3196582943201065,test_pix_recon,0.0029682964086532038
shapley-20260606T024553Z-69396335,marginal,A,145,145,9.509375699974044,0.323858767747879,0.3210020661354065,test_pix_recon,0.0028567016124724787
shapley-20260606T024553Z-69396335,marginal,A,146,146,9.574053299977097,0.3250198662281036,0.3220247328281402,test_pix_recon,0.002995133399963379
shapley-20260606T024553Z-69396335,marginal,A,147,147,9.646592199977022,0.3228651881217956,0.3239950388669967,test_pix_recon,-0.0011298507452011108
shapley-20260606T024553Z-69396335,marginal,A,148,148,9.714377799977228,0.322589710354805,0.3215429335832596,test_pix_recon,0.0010467767715454102
shapley-20260606T024553Z-69396335,marginal,A,149,149,9.776427299977511,0.3227365165948868,0.3206866532564163,test_pix_recon,0.002049863338470459
shapley-20260606T024553Z-69396335,marginal,A,150,150,9.842930799975877,0.3220207244157791,0.3208298534154892,test_pix_recon,0.001190871000289917
shapley-20260606T024553Z-69396335,marginal,A,151,151,9.9091289999742,0.3226793557405472,0.3217351883649826,test_pix_recon,0.0009441673755645752
shapley-20260606T024553Z-69396335,marginal,A,152,152,9.976820699976088,0.3204618394374847,0.3226887881755829,test_pix_recon,-0.0022269487380982
shapley-20260606T024553Z-69396335,marginal,A,153,153,10.039747299975716,0.3203581869602203,0.3220523297786712,test_pix_recon,-0.0016941428184509277
shapley-20260606T024553Z-69396335,marginal,A,154,154,10.110266899973794,0.3213400989770889,0.3212237507104873,test_pix_recon,0.0001163482666015625
shapley-20260606T024553Z-69396335,marginal,A,155,155,10.17535209997368,0.3202717900276184,0.3188555985689163,test_pix_recon,0.0014161914587020874
shapley-20260606T024553Z-69396335,marginal,A,156,156,10.24446189997616,0.3195719867944717,0.3187979906797409,test_pix_recon,0.0007739961147307794
shapley-20260606T024553Z-69396335,marginal,A,157,157,10.309315199974662,0.3204318284988403,0.3196708559989929,test_pix_recon,0.0007609724998473566
shapley-20260606T024553Z-69396335,marginal,A,158,158,10.372475299973305,0.3212830722332001,0.3190184235572815,test_pix_recon,0.002264648675918579
shapley-20260606T024553Z-69396335,marginal,A,159,159,10.440412899974037,0.3207673579454422,0.3181071132421493,test_pix_recon,0.002660244703292902
shapley-20260606T024553Z-69396335,marginal,A,160,160,10.505748499974288,0.3188661634922027,0.3190470337867737,test_pix_recon,-0.00018087029457097836
shapley-20260606T024553Z-69396335,marginal,A,161,161,10.570777899974928,0.3176781386137008,0.319612056016922,test_pix_recon,-0.0019339174032211859
shapley-20260606T024553Z-69396335,marginal,A,162,162,10.640613699972164,0.3184296488761902,0.3184459656476974,test_pix_recon,-1.6316771507207672e-05
shapley-20260606T024553Z-69396335,marginal,A,163,163,10.709865999971951,0.3195214718580246,0.3183068782091141,test_pix_recon,0.0012145936489105225
shapley-20260606T024553Z-69396335,marginal,A,164,164,10.772869699969306,0.3196356743574142,0.3178177624940872,test_pix_recon,0.0018179118633269709
shapley-20260606T024553Z-69396335,marginal,A,165,165,10.83971089996703,0.3193199038505554,0.3178188502788543,test_pix_recon,0.0015010535717011053
shapley-20260606T024553Z-69396335,marginal,A,166,166,10.909540899967396,0.3197049647569656,0.3188266307115555,test_pix_recon,0.0008783340454101007
shapley-20260606T024553Z-69396335,marginal,A,167,167,10.9805851999663,0.3195757120847702,0.3194120228290558,test_pix_recon,0.0001636892557144165
shapley-20260606T024553Z-69396335,marginal,A,168,168,11.046043099966482,0.3188516497611999,0.3197478055953979,test_pix_recon,-0.000896155834197998
shapley-20260606T024553Z-69396335,marginal,A,169,169,11.112869499967928,0.3178859204053879,0.3189875036478042,test_pix_recon,-0.0011015832424163263
shapley-20260606T024553Z-69396335,marginal,A,170,170,11.17689969996718,0.318098321557045,0.3189560770988464,test_pix_recon,-0.0008577555418013971
shapley-20260606T024553Z-69396335,marginal,A,171,171,11.241958299968246,0.3180676251649856,0.3187941014766693,test_pix_recon,-0.0007264763116837103
shapley-20260606T024553Z-69396335,marginal,A,172,172,11.311153099970396,0.3180021494626999,0.318874642252922,test_pix_recon,-0.0008724927902221125
shapley-20260606T024553Z-69396335,marginal,A,173,173,11.379167699971733,0.3188472092151642,0.3183958530426025,test_pix_recon,0.000451356172561701
shapley-20260606T024553Z-69396335,marginal,A,174,174,11.450687399970777,0.3186878114938736,0.3178412616252899,test_pix_recon,0.0008465498685836792
shapley-20260606T024553Z-69396335,marginal,A,175,175,11.517936099971848,0.3175957202911377,0.3173129856586456,test_pix_recon,0.00028273463249212094
shapley-20260606T024553Z-69396335,marginal,A,176,176,11.583300199970836,0.3171135187149048,0.3175292164087295,test_pix_recon,-0.00041569769382471256
shapley-20260606T024553Z-69396335,marginal,A,177,177,11.652674099968864,0.3174836933612823,0.3175487071275711,test_pix_recon,-6.501376628881284e-05
shapley-20260606T024553Z-69396335,marginal,A,178,178,11.71824699996796,0.3182355165481567,0.317685604095459,test_pix_recon,0.0005499124526976984
shapley-20260606T024553Z-69396335,marginal,A,179,179,11.783399699968868,0.3184880465269089,0.3183002322912216,test_pix_recon,0.00018781423568725586
shapley-20260606T024553Z-69396335,marginal,A,180,180,11.85115889996814,0.3185925185680389,0.318354994058609,test_pix_recon,0.00023752450942987613
shapley-20260606T024553Z-69396335,marginal,A,181,181,11.915732599969488,0.3187114000320434,0.3183379769325256,test_pix_recon,0.00037342309951782227
shapley-20260606T024553Z-69396335,marginal,A,182,182,11.985678699969869,0.3185585886240005,0.3180747628211975,test_pix_recon,0.00048382580280298404
shapley-20260606T024553Z-69396335,marginal,A,183,183,12.055086199969082,0.31822270154953,0.3181942999362945,test_pix_recon,2.8401613235473633e-05
shapley-20260606T024553Z-69396335,marginal,A,184,184,12.120099199968536,0.3181690275669098,0.3178877234458923,test_pix_recon,0.00028130412101751157
shapley-20260606T024553Z-69396335,marginal,A,185,185,12.186844899966673,0.3182284384965896,0.3175528645515442,test_pix_recon,0.0006755739450454157
shapley-20260606T024553Z-69396335,marginal,A,186,186,12.254603899964422,0.31818787753582,0.3174612522125244,test_pix_recon,0.0007266253232955933
shapley-20260606T024553Z-69396335,marginal,A,187,187,12.32308059996285,0.318109393119812,0.3172474950551986,test_pix_recon,0.0008618980646133978
shapley-20260606T024553Z-69396335,marginal,A,188,188,12.38775909996548,0.3179640471935272,0.3170931190252304,test_pix_recon,0.000870928168296814
shapley-20260606T024553Z-69396335,marginal,A,189,189,12.458063199963362,0.3178122341632843,0.3171703368425369,test_pix_recon,0.0006418973207473755
shapley-20260606T024553Z-69396335,marginal,A,190,190,12.524113899962686,0.3173570334911346,0.3172734677791595,test_pix_recon,8.356571197509766e-05
shapley-20260606T024553Z-69396335,marginal,A,191,191,12.59167139996498,0.3168950527906418,0.3171337097883224,test_pix_recon,-0.00023865699768060855
shapley-20260606T024553Z-69396335,marginal,A,192,192,12.65827679996437,0.3167553842067718,0.3170320391654968,test_pix_recon,-0.0002766549587250311
shapley-20260606T024553Z-69396335,marginal,A,193,193,12.726144199961707,0.3167993724346161,0.3170203417539596,test_pix_recon,-0.00022096931934351138
shapley-20260606T024553Z-69396335,marginal,A,194,194,12.795132399962313,0.3166625946760177,0.3171247094869613,test_pix_recon,-0.0004621148109436035
shapley-20260606T024553Z-69396335,marginal,A,195,195,12.861663699961356,0.3165973126888275,0.3171900659799576,test_pix_recon,-0.0005927532911300659
shapley-20260606T024553Z-69396335,marginal,A,196,196,12.92623789996287,0.3167113065719604,0.3171058297157287,test_pix_recon,-0.00039452314376831055
shapley-20260606T024553Z-69396335,marginal,A,197,197,12.9889080999601,0.316849336028099,0.3170743435621261,test_pix_recon,-0.0002250075340270996
shapley-20260606T024553Z-69396335,marginal,A,198,198,13.051306399956957,0.3171891570091247,0.3171163350343704,test_pix_recon,7.282197475427798e-05
shapley-20260606T024553Z-69396335,marginal,A,199,199,13.116315299954294,0.3175644874572754,0.3170798867940902,test_pix_recon,0.00048460066318517514
shapley-20260606T024617Z-fc523473,conditional,A,0,0,0.2541750999989745,0.8392879366874695,0.8455381095409393,test_pix_recon,-0.006250172853469849
shapley-20260606T024617Z-fc523473,conditional,A,1,1,0.3195603999993182,0.6656976938247681,0.6630519032478333,test_pix_recon,0.0026457905769348145
shapley-20260606T024617Z-fc523473,conditional,A,2,2,0.3797574999989592,0.5523398518562317,0.5686814785003662,test_pix_recon,-0.01634162664413452
shapley-20260606T024617Z-fc523473,conditional,A,3,3,0.4447311999974772,0.5026971250772476,0.5100161284208298,test_pix_recon,-0.007319003343582153
shapley-20260606T024617Z-fc523473,conditional,A,4,4,0.5072106999978132,0.4675595611333847,0.4740872085094452,test_pix_recon,-0.006527647376060486
shapley-20260606T024617Z-fc523473,conditional,A,5,5,0.5689804999965418,0.4423548877239227,0.4397757649421692,test_pix_recon,0.0025791227817534845
shapley-20260606T024617Z-fc523473,conditional,A,6,6,0.6323625999975775,0.4181579500436783,0.4130516797304153,test_pix_recon,0.005106270313262995
shapley-20260606T024617Z-fc523473,conditional,A,7,7,0.6929973999976937,0.397660419344902,0.3891378939151764,test_pix_recon,0.008522525429725591
shapley-20260606T024617Z-fc523473,conditional,A,8,8,0.7573070999969786,0.3811038583517074,0.3699494153261184,test_pix_recon,0.01115444302558899
shapley-20260606T024617Z-fc523473,conditional,A,9,9,0.8186074999975972,0.3688193708658218,0.3551930040121078,test_pix_recon,0.01362636685371399
shapley-20260606T024617Z-fc523473,conditional,A,10,10,0.880609199997707,0.3556705564260483,0.342307835817337,test_pix_recon,0.013362720608711298
shapley-20260606T024617Z-fc523473,conditional,A,11,11,0.940523299999768,0.3470580875873565,0.3345810174942016,test_pix_recon,0.012477070093154907
shapley-20260606T024617Z-fc523473,conditional,A,12,12,1.0040009999975157,0.3400783091783523,0.331302598118782,test_pix_recon,0.008775711059570312
shapley-20260606T024617Z-fc523473,conditional,A,13,13,1.0632054999950924,0.3345691412687301,0.3275303244590759,test_pix_recon,0.00703881680965418
shapley-20260606T024617Z-fc523473,conditional,A,14,14,1.125883499993506,0.3249021023511886,0.3177917450666427,test_pix_recon,0.0071103572845458984
shapley-20260606T024617Z-fc523473,conditional,A,15,15,1.1871261999949638,0.3188031762838363,0.3132650554180145,test_pix_recon,0.005538120865821783
shapley-20260606T024617Z-fc523473,conditional,A,16,16,1.246794199996657,0.3167833536863327,0.3089952766895294,test_pix_recon,0.007788076996803284
shapley-20260606T024617Z-fc523473,conditional,A,17,17,1.3072114999959012,0.3104399740695953,0.3048672527074814,test_pix_recon,0.005572721362113897
shapley-20260606T024617Z-fc523473,conditional,A,18,18,1.3655419999959122,0.3069095015525818,0.3036960065364837,test_pix_recon,0.003213495016098078
shapley-20260606T024617Z-fc523473,conditional,A,19,19,1.4259356999973534,0.3024950176477432,0.2990657687187195,test_pix_recon,0.0034292489290237427
shapley-20260606T024617Z-fc523473,conditional,A,20,20,1.4906704999993965,0.3007202744483948,0.2966865748167038,test_pix_recon,0.004033699631690979
shapley-20260606T024617Z-fc523473,conditional,A,21,21,1.5559624999987136,0.2990313619375229,0.2979676723480224,test_pix_recon,0.0010636895895004828
shapley-20260606T024617Z-fc523473,conditional,A,22,22,1.6155193999984476,0.3004800975322723,0.2957993447780609,test_pix_recon,0.00468075275421137
shapley-20260606T024617Z-fc523473,conditional,A,23,23,1.6803437999988091,0.2979912459850311,0.2953435480594635,test_pix_recon,0.0026476979255675714
shapley-20260606T024617Z-fc523473,conditional,A,24,24,1.7451991999987513,0.2950078099966049,0.2937008291482925,test_pix_recon,0.0013069808483124334
shapley-20260606T024617Z-fc523473,conditional,A,25,25,1.8108805999982,0.2924076169729233,0.2925975620746612,test_pix_recon,-0.00018994510173792056
shapley-20260606T024617Z-fc523473,conditional,A,26,26,1.870528199997352,0.2917238026857376,0.2911860644817352,test_pix_recon,0.0005377382040024359
shapley-20260606T024617Z-fc523473,conditional,A,27,27,1.929846599996381,0.2920263707637787,0.2930179387331009,test_pix_recon,-0.0009915679693222046
shapley-20260606T024617Z-fc523473,conditional,A,28,28,1.99163939999562,0.2897154092788696,0.2920370399951935,test_pix_recon,-0.002321630716323908
shapley-20260606T024617Z-fc523473,conditional,A,29,29,2.0600649999942107,0.2878750115633011,0.2888098657131195,test_pix_recon,-0.0009348541498184204
shapley-20260606T024617Z-fc523473,conditional,A,30,30,2.1258312999962072,0.2876940965652466,0.2876889407634735,test_pix_recon,5.155801773071289e-06
shapley-20260606T024617Z-fc523473,conditional,A,31,31,2.1897762999942643,0.2900886386632919,0.2907870858907699,test_pix_recon,-0.0006984472274780273
shapley-20260606T024617Z-fc523473,conditional,A,32,32,2.2534125999954995,0.2869332134723663,0.2865874022245407,test_pix_recon,0.00034581124782556705
shapley-20260606T024617Z-fc523473,conditional,A,33,33,2.314184499995463,0.2880545705556869,0.2861815840005874,test_pix_recon,0.0018729865550994873
shapley-20260606T024617Z-fc523473,conditional,A,34,34,2.381971099996008,0.2839933931827545,0.2838431894779205,test_pix_recon,0.00015020370483403989
shapley-20260606T024617Z-fc523473,conditional,A,35,35,2.4485864999951445,0.2832760959863662,0.2850547581911087,test_pix_recon,-0.0017786622047424872
shapley-20260606T024617Z-fc523473,conditional,A,36,36,2.510645599995769,0.2822970151901245,0.2851737141609192,test_pix_recon,-0.0028766989707946777
shapley-20260606T024617Z-fc523473,conditional,A,37,37,2.5726915999948687,0.2823487371206283,0.2837749123573303,test_pix_recon,-0.0014261752367020208
shapley-20260606T024617Z-fc523473,conditional,A,38,38,2.631779999992432,0.283044621348381,0.283582478761673,test_pix_recon,-0.0005378574132919867
shapley-20260606T024617Z-fc523473,conditional,A,39,39,2.69083929999033,0.2833189517259598,0.2820297926664352,test_pix_recon,0.0012891590595245916
shapley-20260606T024617Z-fc523473,conditional,A,40,40,2.751723099991068,0.2820473462343216,0.2809880524873733,test_pix_recon,0.0010592937469482977
shapley-20260606T024617Z-fc523473,conditional,A,41,41,2.8121948999905726,0.2859892398118973,0.2826237380504608,test_pix_recon,0.0033655017614364624
shapley-20260606T024617Z-fc523473,conditional,A,42,42,2.874722899992776,0.2818776220083236,0.2834169715642929,test_pix_recon,-0.0015393495559692938
shapley-20260606T024617Z-fc523473,conditional,A,43,43,2.938068099992961,0.2821327745914459,0.2809132784605026,test_pix_recon,0.0012194961309432983
shapley-20260606T024617Z-fc523473,conditional,A,44,44,2.9994676999922376,0.2817443162202835,0.2847427576780319,test_pix_recon,-0.002998441457748413
shapley-20260606T024617Z-fc523473,conditional,A,45,45,3.05824209999264,0.2797078043222427,0.2820964753627777,test_pix_recon,-0.0023886710405350287
shapley-20260606T024617Z-fc523473,conditional,A,46,46,3.118594699990353,0.2803035527467727,0.2822295278310776,test_pix_recon,-0.001925975084304865
shapley-20260606T024617Z-fc523473,conditional,A,47,47,3.1858866999900783,0.2816156148910522,0.2819410264492035,test_pix_recon,-0.00032541155815130063
shapley-20260606T024617Z-fc523473,conditional,A,48,48,3.2521539999906963,0.2841750383377075,0.2847690731287002,test_pix_recon,-0.0005940347909926813
shapley-20260606T024617Z-fc523473,conditional,A,49,49,3.317834599991329,0.2823462933301925,0.2832549810409546,test_pix_recon,-0.0009086877107620794
shapley-20260606T024617Z-fc523473,conditional,A,50,50,3.377688799988391,0.2836428433656692,0.2807516008615494,test_pix_recon,0.0028912425041198175
shapley-20260606T024617Z-fc523473,conditional,A,51,51,3.438062199988053,0.2865059375762939,0.2839986681938171,test_pix_recon,0.0025072693824768066
shapley-20260606T024617Z-fc523473,conditional,A,52,52,3.502212799990957,0.2800759226083755,0.2828646004199981,test_pix_recon,-0.0027886778116226196
shapley-20260606T024617Z-fc523473,conditional,A,53,53,3.5720783999895502,0.282799482345581,0.2889720797538757,test_pix_recon,-0.006172597408294678
shapley-20260606T024617Z-fc523473,conditional,A,54,54,3.632509599989135,0.2838557213544845,0.2835065871477127,test_pix_recon,0.0003491342067717951
shapley-20260606T024617Z-fc523473,conditional,A,55,55,3.699332799988042,0.2806854397058487,0.2870613783597946,test_pix_recon,-0.006375938653945923
shapley-20260606T024617Z-fc523473,conditional,A,56,56,3.7630025999860655,0.2811684608459472,0.2852502763271332,test_pix_recon,-0.004081815481185969
shapley-20260606T024617Z-fc523473,conditional,A,57,57,3.821816999985458,0.2810967266559601,0.2838860303163528,test_pix_recon,-0.0027893036603927057
shapley-20260606T024617Z-fc523473,conditional,A,58,58,3.885848099987925,0.2807085216045379,0.2867709398269653,test_pix_recon,-0.006062418222427368
shapley-20260606T024617Z-fc523473,conditional,A,59,59,3.9509113999884,0.282554343342781,0.2846850752830505,test_pix_recon,-0.00213073194026947
shapley-20260606T024617Z-fc523473,conditional,A,60,60,4.014722699990671,0.284268781542778,0.2842300534248352,test_pix_recon,3.872811794281006e-05
shapley-20260606T024617Z-fc523473,conditional,A,61,61,4.0733865999936825,0.2823027968406677,0.2864987403154373,test_pix_recon,-0.004195943474769592
shapley-20260606T024617Z-fc523473,conditional,A,62,62,4.134974099993997,0.2843912690877914,0.2846348583698272,test_pix_recon,-0.00024358928203582764
shapley-20260606T024617Z-fc523473,conditional,A,63,63,4.1967251999958535,0.2815645039081573,0.2867155373096466,test_pix_recon,-0.005151033401489313
shapley-20260606T024617Z-fc523473,conditional,A,64,64,4.26511749999554,0.2840032130479812,0.2863244116306305,test_pix_recon,-0.0023211985826492865
shapley-20260606T024617Z-fc523473,conditional,A,65,65,4.327981699996599,0.2843641191720962,0.2841274738311767,test_pix_recon,0.00023664534091949463
shapley-20260606T024617Z-fc523473,conditional,A,66,66,4.393992499994056,0.2882436513900757,0.2854779213666916,test_pix_recon,0.0027657300233840942
shapley-20260606T024617Z-fc523473,conditional,A,67,67,4.458093499993993,0.2863008677959442,0.2829409390687942,test_pix_recon,0.003359928727150019
shapley-20260606T024617Z-fc523473,conditional,A,68,68,4.524060599993391,0.2872196733951568,0.2820824831724167,test_pix_recon,0.005137190222740118
shapley-20260606T024617Z-fc523473,conditional,A,69,69,4.588659699991695,0.284897580742836,0.2842031270265579,test_pix_recon,0.0006944537162780762
shapley-20260606T024617Z-fc523473,conditional,A,70,70,4.6555905999885,0.2876720875501632,0.2837405800819397,test_pix_recon,0.003931507468223516
shapley-20260606T024617Z-fc523473,conditional,A,71,71,4.719019199987088,0.2853682190179825,0.2906131744384765,test_pix_recon,-0.005244955420494024
shapley-20260606T024617Z-fc523473,conditional,A,72,72,4.780058999986068,0.2839142680168152,0.2899933010339737,test_pix_recon,-0.006079033017158508
shapley-20260606T024617Z-fc523473,conditional,A,73,73,4.8411758999864105,0.2875789701938629,0.2890236228704452,test_pix_recon,-0.001444652676582281
shapley-20260606T024617Z-fc523473,conditional,A,74,74,4.902477799987537,0.2870545983314514,0.2907701134681701,test_pix_recon,-0.0037155151367186945
shapley-20260606T024617Z-fc523473,conditional,A,75,75,4.965870599986374,0.288277119398117,0.2932020574808121,test_pix_recon,-0.004924938082695063
shapley-20260606T024617Z-fc523473,conditional,A,76,76,5.027185799983272,0.2847075164318084,0.2903637439012527,test_pix_recon,-0.005656227469444275
shapley-20260606T024617Z-fc523473,conditional,A,77,77,5.091641399983928,0.2898059636354446,0.2906624376773834,test_pix_recon,-0.0008564740419388372
shapley-20260606T024617Z-fc523473,conditional,A,78,78,5.149928299986641,0.2892726063728332,0.28937828540802,test_pix_recon,-0.00010567903518682309
shapley-20260606T024617Z-fc523473,conditional,A,79,79,5.2085083999882045,0.2921671122312546,0.2928552478551864,test_pix_recon,-0.0006881356239318293
shapley-20260606T024617Z-fc523473,conditional,A,80,80,5.271592299985059,0.2903084754943847,0.2927667051553726,test_pix_recon,-0.0024582296609879095
shapley-20260606T024617Z-fc523473,conditional,A,81,81,5.333082599983754,0.2893548607826233,0.2952289432287216,test_pix_recon,-0.005874082446098328
shapley-20260606T024617Z-fc523473,conditional,A,82,82,5.3963219999859575,0.292214497923851,0.2958780825138092,test_pix_recon,-0.003663584589958191
shapley-20260606T024617Z-fc523473,conditional,A,83,83,5.456882999984373,0.2957895994186401,0.2936300784349441,test_pix_recon,0.002159520983695984
shapley-20260606T024617Z-fc523473,conditional,A,84,84,5.51588459998311,0.2938753664493561,0.2944734394550323,test_pix_recon,-0.000598073005676214
shapley-20260606T024617Z-fc523473,conditional,A,85,85,5.5765471999839065,0.2954238206148147,0.2945244610309601,test_pix_recon,0.0008993595838546198
shapley-20260606T024617Z-fc523473,conditional,A,86,86,5.641878899983567,0.2968644201755523,0.296170249581337,test_pix_recon,0.0006941705942153376
shapley-20260606T024617Z-fc523473,conditional,A,87,87,5.706102599982842,0.3003501445055008,0.2928295284509659,test_pix_recon,0.007520616054534912
shapley-20260606T024617Z-fc523473,conditional,A,88,88,5.770620999981475,0.2986783683300018,0.2982642948627472,test_pix_recon,0.00041407346725458316
shapley-20260606T024617Z-fc523473,conditional,A,89,89,5.831329299981007,0.2984128147363662,0.2973087728023529,test_pix_recon,0.0011040419340133112
shapley-20260606T024617Z-fc523473,conditional,A,90,90,5.898644499979127,0.301510751247406,0.305477425456047,test_pix_recon,-0.003966674208640997
shapley-20260606T024617Z-fc523473,conditional,A,91,91,5.961136799978704,0.298786386847496,0.2977844923734665,test_pix_recon,0.0010018944740294855
shapley-20260606T024617Z-fc523473,conditional,A,92,92,6.023070099981851,0.3001629710197449,0.3016944378614425,test_pix_recon,-0.0015314668416976374
shapley-20260606T024617Z-fc523473,conditional,A,93,93,6.088095799983421,0.2983060777187347,0.296389490365982,test_pix_recon,0.0019165873527526855
shapley-20260606T024617Z-fc523473,conditional,A,94,94,6.152584799983742,0.2968339771032333,0.3002531230449676,test_pix_recon,-0.003419145941734314
shapley-20260606T024617Z-fc523473,conditional,A,95,95,6.215062699982809,0.3002235293388366,0.2997525334358215,test_pix_recon,0.0004709959030151367
shapley-20260606T024617Z-fc523473,conditional,A,96,96,6.283930799982045,0.301829382777214,0.3014230281114578,test_pix_recon,0.0004063546657561701
shapley-20260606T024617Z-fc523473,conditional,A,97,97,6.3492957999806094,0.3016959577798843,0.3012682497501373,test_pix_recon,0.0004277080297470093
shapley-20260606T024617Z-fc523473,conditional,A,98,98,6.413932799980103,0.3066904544830322,0.300873652100563,test_pix_recon,0.005816802382469233
shapley-20260606T024617Z-fc523473,conditional,A,99,99,6.479766799981007,0.2992004305124283,0.3050274848937988,test_pix_recon,-0.005827054381370489
shapley-20260606T024617Z-fc523473,conditional,A,100,100,6.542782499982423,0.3026648014783859,0.3064928501844406,test_pix_recon,-0.0038280487060546875
shapley-20260606T024617Z-fc523473,conditional,A,101,101,6.605280599982507,0.3007572293281555,0.3088194727897644,test_pix_recon,-0.008062243461608887
shapley-20260606T024617Z-fc523473,conditional,A,102,102,6.670303799979592,0.3059225529432297,0.3078469336032867,test_pix_recon,-0.0019243806600570124
shapley-20260606T024617Z-fc523473,conditional,A,103,103,6.735555899980682,0.3045633882284164,0.3090762495994568,test_pix_recon,-0.0045128613710404
shapley-20260606T024617Z-fc523473,conditional,A,104,104,6.797584399981133,0.3052686005830765,0.3070138543844223,test_pix_recon,-0.0017452538013458252
shapley-20260606T024617Z-fc523473,conditional,A,105,105,6.865046399980201,0.3093942999839782,0.3087379038333893,test_pix_recon,0.0006563961505889337
shapley-20260606T024617Z-fc523473,conditional,A,106,106,6.930753699980414,0.3048478215932846,0.3147618472576141,test_pix_recon,-0.009914025664329473
shapley-20260606T024617Z-fc523473,conditional,A,107,107,6.996225299979415,0.312601163983345,0.3069832473993301,test_pix_recon,0.005617916584014893
shapley-20260606T024617Z-fc523473,conditional,A,108,108,7.060266899981798,0.3149642646312713,0.3098181933164596,test_pix_recon,0.0051460713148117065
shapley-20260606T024617Z-fc523473,conditional,A,109,109,7.122846099980961,0.3091709315776825,0.3154971152544021,test_pix_recon,-0.00632618367671961
shapley-20260606T024617Z-fc523473,conditional,A,110,110,7.186155999981565,0.3121013939380646,0.317984864115715,test_pix_recon,-0.005883470177650452
shapley-20260606T024617Z-fc523473,conditional,A,111,111,7.250805199983006,0.3112432658672333,0.3135328590869903,test_pix_recon,-0.0022895932197570246
shapley-20260606T024617Z-fc523473,conditional,A,112,112,7.315127699981531,0.3147934079170227,0.3146877437829971,test_pix_recon,0.00010566413402562924
shapley-20260606T024617Z-fc523473,conditional,A,113,113,7.378831799982436,0.3102673888206482,0.316078707575798,test_pix_recon,-0.005811318755149786
shapley-20260606T024617Z-fc523473,conditional,A,114,114,7.447569199979625,0.3128831535577774,0.3134337812662124,test_pix_recon,-0.0005506277084350031
shapley-20260606T024617Z-fc523473,conditional,A,115,115,7.514295299977675,0.3157890439033508,0.3173360526561737,test_pix_recon,-0.0015470087528229315
shapley-20260606T024617Z-fc523473,conditional,A,116,116,7.580054099977133,0.3183723390102386,0.3211177289485931,test_pix_recon,-0.002745389938354492
shapley-20260606T024617Z-fc523473,conditional,A,117,117,7.645137899977271,0.3159541636705398,0.3211687207221985,test_pix_recon,-0.005214557051658686
shapley-20260606T024617Z-fc523473,conditional,A,118,118,7.713402999976097,0.3152172863483429,0.31332728266716,test_pix_recon,0.0018900036811829168
shapley-20260606T024617Z-fc523473,conditional,A,119,119,7.776221499978419,0.3206780105829239,0.3220281153917312,test_pix_recon,-0.0013501048088073175
shapley-20260606T024617Z-fc523473,conditional,A,120,120,7.8458843999760575,0.3216354101896286,0.322027176618576,test_pix_recon,-0.0003917664289473932
shapley-20260606T024617Z-fc523473,conditional,A,121,121,7.9179261999779555,0.3235772848129272,0.3240312337875366,test_pix_recon,-0.0004539489746094305
shapley-20260606T024617Z-fc523473,conditional,A,122,122,7.984205699976883,0.3215993642807007,0.3293465822935104,test_pix_recon,-0.007747218012809698
shapley-20260606T024617Z-fc523473,conditional,A,123,123,8.047430599977815,0.3187879621982574,0.3305695205926895,test_pix_recon,-0.011781558394432123
shapley-20260606T024617Z-fc523473,conditional,A,124,124,8.111566699979448,0.3298291116952896,0.333868458867073,test_pix_recon,-0.004039347171783392
shapley-20260606T024617Z-fc523473,conditional,A,125,125,8.180739299979905,0.3291307389736175,0.3284392356872558,test_pix_recon,0.0006915032863616943
shapley-20260606T024617Z-fc523473,conditional,A,126,126,8.244943999980023,0.3229223787784576,0.3301363885402679,test_pix_recon,-0.007214009761810303
shapley-20260606T024617Z-fc523473,conditional,A,127,127,8.32545349997963,0.3276347517967224,0.3319687694311142,test_pix_recon,-0.004334017634391785
shapley-20260606T024617Z-fc523473,conditional,A,128,128,8.418804399978399,0.3242224007844925,0.335476890206337,test_pix_recon,-0.011254489421844482
shapley-20260606T024617Z-fc523473,conditional,A,129,129,8.510421099977975,0.3236257284879684,0.330299437046051,test_pix_recon,-0.006673708558082636
shapley-20260606T024617Z-fc523473,conditional,A,130,130,8.600264899978356,0.324823796749115,0.3269738107919693,test_pix_recon,-0.002150014042854309
shapley-20260606T024617Z-fc523473,conditional,A,131,131,8.686226099980559,0.32411690056324,0.3274971842765808,test_pix_recon,-0.003380283713340815
shapley-20260606T024617Z-fc523473,conditional,A,132,132,8.753351899980771,0.321644589304924,0.3226736932992935,test_pix_recon,-0.0010291039943695068
shapley-20260606T024617Z-fc523473,conditional,A,133,133,8.817288099980942,0.3230728060007095,0.3249200284481048,test_pix_recon,-0.0018472224473953247
shapley-20260606T024617Z-fc523473,conditional,A,134,134,8.87909269998272,0.3254558444023132,0.3261711448431015,test_pix_recon,-0.0007153004407883246
shapley-20260606T024617Z-fc523473,conditional,A,135,135,8.948523199982446,0.3242510706186294,0.325509250164032,test_pix_recon,-0.0012581795454025824
shapley-20260606T024617Z-fc523473,conditional,A,136,136,9.016054499981692,0.3232248723506927,0.3254591673612594,test_pix_recon,-0.0022342950105667114
shapley-20260606T024617Z-fc523473,conditional,A,137,137,9.08311439998215,0.3217738419771194,0.3273158967494964,test_pix_recon,-0.005542054772377014
shapley-20260606T024617Z-fc523473,conditional,A,138,138,9.147320199983367,0.3206718564033508,0.3236854821443558,test_pix_recon,-0.0030136257410049994
shapley-20260606T024617Z-fc523473,conditional,A,139,139,9.213693599980616,0.3207946419715881,0.3213254958391189,test_pix_recon,-0.0005308538675308228
shapley-20260606T024617Z-fc523473,conditional,A,140,140,9.276104199980182,0.3198317885398865,0.3214503675699234,test_pix_recon,-0.0016185790300369263
shapley-20260606T024617Z-fc523473,conditional,A,141,141,9.33892349998132,0.3198876529932022,0.3205268234014511,test_pix_recon,-0.0006391704082489014
shapley-20260606T024617Z-fc523473,conditional,A,142,142,9.4021061999847,0.3221109062433243,0.3183448016643524,test_pix_recon,0.003766104578971863
shapley-20260606T024617Z-fc523473,conditional,A,143,143,9.466752199983604,0.3209100067615509,0.3200461119413376,test_pix_recon,0.0008638948202133179
shapley-20260606T024617Z-fc523473,conditional,A,144,144,9.535386699983064,0.3220825642347336,0.3196582943201065,test_pix_recon,0.002424269914627075
shapley-20260606T024617Z-fc523473,conditional,A,145,145,9.607189999984255,0.3213135004043579,0.3210020661354065,test_pix_recon,0.000311434268951416
shapley-20260606T024617Z-fc523473,conditional,A,146,146,9.674268199985818,0.3198602348566055,0.3220247328281402,test_pix_recon,-0.002164497971534729
shapley-20260606T024617Z-fc523473,conditional,A,147,147,9.742094099987298,0.3173240423202514,0.3239950388669967,test_pix_recon,-0.0066709965467453
shapley-20260606T024617Z-fc523473,conditional,A,148,148,9.81134599998768,0.3181159794330597,0.3215429335832596,test_pix_recon,-0.00342695415019989
shapley-20260606T024617Z-fc523473,conditional,A,149,149,9.87735919998886,0.3201282471418381,0.3206866532564163,test_pix_recon,-0.0005584061145782471
shapley-20260606T024617Z-fc523473,conditional,A,150,150,9.94042649999028,0.3211279958486557,0.3208298534154892,test_pix_recon,0.0002981424331665039
shapley-20260606T024617Z-fc523473,conditional,A,151,151,10.00323089999074,0.3210076838731766,0.3217351883649826,test_pix_recon,-0.0007275044918060303
shapley-20260606T024617Z-fc523473,conditional,A,152,152,10.079786899990722,0.3191574662923813,0.3226887881755829,test_pix_recon,-0.003531321883201599
shapley-20260606T024617Z-fc523473,conditional,A,153,153,10.151683999989473,0.3180314898490906,0.3220523297786712,test_pix_recon,-0.004020839929580633
shapley-20260606T024617Z-fc523473,conditional,A,154,154,10.22499459998653,0.3174046128988266,0.3212237507104873,test_pix_recon,-0.003819137811660711
shapley-20260606T024617Z-fc523473,conditional,A,155,155,10.300418099985109,0.3182910978794098,0.3188555985689163,test_pix_recon,-0.0005645006895065308
shapley-20260606T024617Z-fc523473,conditional,A,156,156,10.36421589998281,0.3168272227048874,0.3187979906797409,test_pix_recon,-0.0019707679748535156
shapley-20260606T024617Z-fc523473,conditional,A,157,157,10.435753999983715,0.3155608475208282,0.3196708559989929,test_pix_recon,-0.004110008478164728
shapley-20260606T024617Z-fc523473,conditional,A,158,158,10.5019905999834,0.3154646754264831,0.3190184235572815,test_pix_recon,-0.0035537481307983954
shapley-20260606T024617Z-fc523473,conditional,A,159,159,10.565472299982504,0.3165047168731689,0.3181071132421493,test_pix_recon,-0.0016023963689804077
shapley-20260606T024617Z-fc523473,conditional,A,160,160,10.6319649999823,0.3172416687011719,0.3190470337867737,test_pix_recon,-0.0018053650856018066
shapley-20260606T024617Z-fc523473,conditional,A,161,161,10.698610199982795,0.3168523609638214,0.319612056016922,test_pix_recon,-0.002759695053100586
shapley-20260606T024617Z-fc523473,conditional,A,162,162,10.761262299984082,0.3166725039482116,0.3184459656476974,test_pix_recon,-0.0017734616994857788
shapley-20260606T024617Z-fc523473,conditional,A,163,163,10.827016699986416,0.3172480911016464,0.3183068782091141,test_pix_recon,-0.0010587871074676514
shapley-20260606T024617Z-fc523473,conditional,A,164,164,10.89172809998854,0.3170947879552841,0.3178177624940872,test_pix_recon,-0.0007229745388031006
shapley-20260606T024617Z-fc523473,conditional,A,165,165,10.959447899989756,0.3166536688804626,0.3178188502788543,test_pix_recon,-0.0011651813983917236
shapley-20260606T024617Z-fc523473,conditional,A,166,166,11.02322619998813,0.3155757337808609,0.3188266307115555,test_pix_recon,-0.00325089693069458
shapley-20260606T024617Z-fc523473,conditional,A,167,167,11.089473199990609,0.3168576806783676,0.3194120228290558,test_pix_recon,-0.0025543421506881714
shapley-20260606T024617Z-fc523473,conditional,A,168,168,11.158248999989157,0.3174922913312912,0.3197478055953979,test_pix_recon,-0.002255514264106695
shapley-20260606T024617Z-fc523473,conditional,A,169,169,11.226588399986213,0.3172275573015213,0.3189875036478042,test_pix_recon,-0.0017599463462829035
shapley-20260606T024617Z-fc523473,conditional,A,170,170,11.293256199984173,0.3157777637243271,0.3189560770988464,test_pix_recon,-0.0031783133745192926
shapley-20260606T024617Z-fc523473,conditional,A,171,171,11.357911199982482,0.3147571086883545,0.3187941014766693,test_pix_recon,-0.004036992788314819
shapley-20260606T024617Z-fc523473,conditional,A,172,172,11.423556499983532,0.3148818463087082,0.318874642252922,test_pix_recon,-0.003992795944213812
shapley-20260606T024617Z-fc523473,conditional,A,173,173,11.489440699984698,0.3146571069955826,0.3183958530426025,test_pix_recon,-0.003738746047019903
shapley-20260606T024617Z-fc523473,conditional,A,174,174,11.552191299986587,0.3153486847877502,0.3178412616252899,test_pix_recon,-0.0024925768375397284
shapley-20260606T024617Z-fc523473,conditional,A,175,175,11.619961199983663,0.3158998638391495,0.3173129856586456,test_pix_recon,-0.0014131218194960993
shapley-20260606T024617Z-fc523473,conditional,A,176,176,11.685000499983287,0.3162080943584442,0.3175292164087295,test_pix_recon,-0.0013211220502852838
shapley-20260606T024617Z-fc523473,conditional,A,177,177,11.747900999984267,0.3163120895624161,0.3175487071275711,test_pix_recon,-0.0012366175651550293
shapley-20260606T024617Z-fc523473,conditional,A,178,178,11.814982399984729,0.3158706575632095,0.317685604095459,test_pix_recon,-0.0018149465322495062
shapley-20260606T024617Z-fc523473,conditional,A,179,179,11.880633299984764,0.3156303018331527,0.3183002322912216,test_pix_recon,-0.002669930458068903
shapley-20260606T024617Z-fc523473,conditional,A,180,180,11.944265999984054,0.3155572861433029,0.318354994058609,test_pix_recon,-0.0027977079153060913
shapley-20260606T024617Z-fc523473,conditional,A,181,181,12.01091649998125,0.3153935223817825,0.3183379769325256,test_pix_recon,-0.002944454550743103
shapley-20260606T024617Z-fc523473,conditional,A,182,182,12.078488399980415,0.3151193410158157,0.3180747628211975,test_pix_recon,-0.0029554218053818304
shapley-20260606T024617Z-fc523473,conditional,A,183,183,12.146237399978418,0.3145978152751922,0.3181942999362945,test_pix_recon,-0.003596484661102295
shapley-20260606T024617Z-fc523473,conditional,A,184,184,12.212351299978764,0.3145773410797119,0.3178877234458923,test_pix_recon,-0.0033103823661803644
shapley-20260606T024617Z-fc523473,conditional,A,185,185,12.275081599978876,0.3146838396787643,0.3175528645515442,test_pix_recon,-0.0028690248727799017
shapley-20260606T024617Z-fc523473,conditional,A,186,186,12.337702299981174,0.3147376924753189,0.3174612522125244,test_pix_recon,-0.0027235597372055054
shapley-20260606T024617Z-fc523473,conditional,A,187,187,12.402725799984182,0.3147900700569153,0.3172474950551986,test_pix_recon,-0.0024574249982833307
shapley-20260606T024617Z-fc523473,conditional,A,188,188,12.470426099982433,0.3145890682935714,0.3170931190252304,test_pix_recon,-0.002504050731658991
shapley-20260606T024617Z-fc523473,conditional,A,189,189,12.53399729998273,0.3142950087785721,0.3171703368425369,test_pix_recon,-0.0028753280639648438
shapley-20260606T024617Z-fc523473,conditional,A,190,190,12.60132799998246,0.3142124116420746,0.3172734677791595,test_pix_recon,-0.0030610561370849054
shapley-20260606T024617Z-fc523473,conditional,A,191,191,12.670504799982156,0.3140862286090851,0.3171337097883224,test_pix_recon,-0.00304748117923731
shapley-20260606T024617Z-fc523473,conditional,A,192,192,12.733871799984628,0.3140911906957626,0.3170320391654968,test_pix_recon,-0.0029408484697342474
shapley-20260606T024617Z-fc523473,conditional,A,193,193,12.798667599985492,0.3140837401151657,0.3170203417539596,test_pix_recon,-0.00293660163879389
shapley-20260606T024617Z-fc523473,conditional,A,194,194,12.863229799982946,0.3141820430755615,0.3171247094869613,test_pix_recon,-0.002942666411399786
shapley-20260606T024617Z-fc523473,conditional,A,195,195,12.925551199983602,0.3142926841974258,0.3171900659799576,test_pix_recon,-0.002897381782531794
shapley-20260606T024617Z-fc523473,conditional,A,196,196,12.994602199982182,0.3143333941698074,0.3171058297157287,test_pix_recon,-0.0027724355459213257
shapley-20260606T024617Z-fc523473,conditional,A,197,197,13.057591899982071,0.3142950385808944,0.3170743435621261,test_pix_recon,-0.0027793049812316895
shapley-20260606T024617Z-fc523473,conditional,A,198,198,13.122195799984183,0.314340740442276,0.3171163350343704,test_pix_recon,-0.0027755945920944214
shapley-20260606T024617Z-fc523473,conditional,A,199,199,13.183885299986288,0.3145187050104141,0.3170798867940902,test_pix_recon,-0.002561181783676092
shapley-20260606T024528Z-b5a00de9,baseline,A,0,0,0.2501740000006975,26.699371337890625,22.85098552703857,test_kl,3.8483858108520543
shapley-20260606T024528Z-b5a00de9,baseline,A,1,1,0.314502100001846,50.32706451416016,44.96039009094238,test_kl,5.3666744232177805
shapley-20260606T024528Z-b5a00de9,baseline,A,2,2,0.3771622000022034,57.10147666931152,50.80817222595215,test_kl,6.293304443359375
shapley-20260606T024528Z-b5a00de9,baseline,A,3,3,0.4400510000014037,65.46942329406738,55.8014030456543,test_kl,9.668020248413086
shapley-20260606T024528Z-b5a00de9,baseline,A,4,4,0.5019266000017524,68.18575286865234,58.06897163391113,test_kl,10.116781234741211
shapley-20260606T024528Z-b5a00de9,baseline,A,5,5,0.5660732000033022,70.88775634765625,62.72495269775391,test_kl,8.162803649902337
shapley-20260606T024528Z-b5a00de9,baseline,A,6,6,0.6285277000060887,70.24653625488281,67.32644653320312,test_kl,2.9200897216796875
shapley-20260606T024528Z-b5a00de9,baseline,A,7,7,0.6887707000059891,71.4338150024414,70.21719741821289,test_kl,1.2166175842285156
shapley-20260606T024528Z-b5a00de9,baseline,A,8,8,0.7515218000080495,73.78129959106445,72.29167556762695,test_kl,1.4896240234375
shapley-20260606T024528Z-b5a00de9,baseline,A,9,9,0.8118233000059263,76.33910369873047,74.07947540283203,test_kl,2.2596282958984375
shapley-20260606T024528Z-b5a00de9,baseline,A,10,10,0.8730535000067903,79.72131729125977,77.56653213500977,test_kl,2.15478515625
shapley-20260606T024528Z-b5a00de9,baseline,A,11,11,0.9349014000035822,48.932931900024414,48.97897911071777,test_kl,-0.046047210693359375
shapley-20260606T024528Z-b5a00de9,baseline,A,12,12,0.9978362000001652,26.579635620117188,26.41822052001953,test_kl,0.16141510009765625
shapley-20260606T024528Z-b5a00de9,baseline,A,13,13,1.0562468000025549,36.24599266052246,37.04176139831543,test_kl,-0.7957687377929688
shapley-20260606T024528Z-b5a00de9,baseline,A,14,14,1.1167194000008749,47.76609802246094,48.840850830078125,test_kl,-1.0747528076171875
shapley-20260606T024528Z-b5a00de9,baseline,A,15,15,1.1803065999993123,42.97174072265625,43.75227546691895,test_kl,-0.7805347442627024
shapley-20260606T024528Z-b5a00de9,baseline,A,16,16,1.2447331000003032,26.970473289489743,27.80920124053955,test_kl,-0.8387279510498082
shapley-20260606T024528Z-b5a00de9,baseline,A,17,17,1.3039343999989796,27.78142642974853,27.747912406921387,test_kl,0.033514022827144885
shapley-20260606T024528Z-b5a00de9,baseline,A,18,18,1.3653736999985997,40.03054237365723,39.05864715576172,test_kl,0.9718952178955078
shapley-20260606T024528Z-b5a00de9,baseline,A,19,19,1.4240884999999253,40.02182197570801,38.84233093261719,test_kl,1.1794910430908203
shapley-20260606T024528Z-b5a00de9,baseline,A,20,20,1.483559599997534,27.80807399749756,28.174259185791016,test_kl,-0.36618518829345703
shapley-20260606T024528Z-b5a00de9,baseline,A,21,21,1.5551411999986158,21.833386421203613,21.84608364105225,test_kl,-0.012697219848636365
shapley-20260606T024528Z-b5a00de9,baseline,A,22,22,1.6190505999984453,27.12971019744873,26.692009925842285,test_kl,0.4377002716064453
shapley-20260606T024528Z-b5a00de9,baseline,A,23,23,1.6803636999975424,24.492091178894043,24.511988639831543,test_kl,-0.0198974609375
shapley-20260606T024528Z-b5a00de9,baseline,A,24,24,1.7406241999960912,19.66367244720459,20.189024925231934,test_kl,-0.5253524780273438
shapley-20260606T024528Z-b5a00de9,baseline,A,25,25,1.8021545999981756,22.094603538513184,22.41819477081299,test_kl,-0.3235912322998047
shapley-20260606T024528Z-b5a00de9,baseline,A,26,26,1.863298699998268,25.671889305114743,21.846092224121094,test_kl,3.825797080993649
shapley-20260606T024528Z-b5a00de9,baseline,A,27,27,1.92457789999753,21.872323989868164,18.315994262695312,test_kl,3.5563297271728516
shapley-20260606T024528Z-b5a00de9,baseline,A,28,28,1.9865915000009409,19.03156280517578,20.23967456817627,test_kl,-1.2081117630004883
shapley-20260606T024528Z-b5a00de9,baseline,A,29,29,2.048613099999784,22.36917495727539,19.351655960083008,test_kl,3.017518997192383
shapley-20260606T024528Z-b5a00de9,baseline,A,30,30,2.1144185999983165,19.836894035339355,19.734094619750977,test_kl,0.1027994155883789
shapley-20260606T024528Z-b5a00de9,baseline,A,31,31,2.1752122999969288,17.588051795959473,18.67973518371582,test_kl,-1.0916833877563477
shapley-20260606T024528Z-b5a00de9,baseline,A,32,32,2.234131699995487,19.73482608795166,17.119508743286133,test_kl,2.6153173446655273
shapley-20260606T024528Z-b5a00de9,baseline,A,33,33,2.299425399996835,18.7863245010376,19.081144332885746,test_kl,-0.29481983184814453
shapley-20260606T024528Z-b5a00de9,baseline,A,34,34,2.3623899999947757,17.232444763183594,17.529848098754883,test_kl,-0.29740333557128906
shapley-20260606T024528Z-b5a00de9,baseline,A,35,35,2.4219902999939222,16.86627769470215,15.791701316833496,test_kl,1.0745763778686523
shapley-20260606T024528Z-b5a00de9,baseline,A,36,36,2.4828152999943995,15.731401443481444,17.612041473388672,test_kl,-1.8806400299072283
shapley-20260606T024528Z-b5a00de9,baseline,A,37,37,2.546960499992565,16.35677433013916,16.181111335754395,test_kl,0.17566299438476562
shapley-20260606T024528Z-b5a00de9,baseline,A,38,38,2.610907599992061,15.107540130615234,15.67655324935913,test_kl,-0.5690131187438965
shapley-20260606T024528Z-b5a00de9,baseline,A,39,39,2.6731267999930424,15.185609340667725,15.255618572235107,test_kl,-0.07000923156738281
shapley-20260606T024528Z-b5a00de9,baseline,A,40,40,2.732641399990825,14.795397281646729,14.645788669586182,test_kl,0.14960861206054688
shapley-20260606T024528Z-b5a00de9,baseline,A,41,41,2.793301099991368,14.268186569213867,14.244229793548584,test_kl,0.023956775665283203
shapley-20260606T024528Z-b5a00de9,baseline,A,42,42,2.851650499993412,13.765490531921388,13.597272872924805,test_kl,0.1682176589965838
shapley-20260606T024528Z-b5a00de9,baseline,A,43,43,2.9127079999925627,14.22226619720459,14.882669925689695,test_kl,-0.6604037284851056
shapley-20260606T024528Z-b5a00de9,baseline,A,44,44,2.974530799991044,13.69284439086914,13.546307563781738,test_kl,0.14653682708740234
shapley-20260606T024528Z-b5a00de9,baseline,A,45,45,3.0404614999897603,13.648348331451416,13.681661128997805,test_kl,-0.033312797546388495
shapley-20260606T024528Z-b5a00de9,baseline,A,46,46,3.1029449999878125,12.981166362762451,13.454395771026611,test_kl,-0.47322940826416016
shapley-20260606T024528Z-b5a00de9,baseline,A,47,47,3.161676299987448,12.38652753829956,12.491661548614502,test_kl,-0.1051340103149414
shapley-20260606T024528Z-b5a00de9,baseline,A,48,48,3.222038399988378,12.352973461151125,12.514389514923096,test_kl,-0.16141605377197088
shapley-20260606T024528Z-b5a00de9,baseline,A,49,49,3.2834577999892645,11.69898509979248,11.953418731689451,test_kl,-0.2544336318969709
shapley-20260606T024528Z-b5a00de9,baseline,A,50,50,3.349535199988168,12.40760612487793,11.780725479125977,test_kl,0.6268806457519531
shapley-20260606T024528Z-b5a00de9,baseline,A,51,51,3.4150683999869216,12.165416717529297,11.263383388519289,test_kl,0.902033329010008
shapley-20260606T024528Z-b5a00de9,baseline,A,52,52,3.4862695999872813,12.362749576568604,11.618478298187256,test_kl,0.7442712783813477
shapley-20260606T024528Z-b5a00de9,baseline,A,53,53,3.561549599984573,11.571500301361084,11.332130908966064,test_kl,0.23936939239501953
shapley-20260606T024528Z-b5a00de9,baseline,A,54,54,3.627339299986488,11.108688354492188,11.47803544998169,test_kl,-0.36934709548950195
shapley-20260606T024528Z-b5a00de9,baseline,A,55,55,3.694540999986202,10.965655326843262,11.390998840332031,test_kl,-0.42534351348876953
shapley-20260606T024528Z-b5a00de9,baseline,A,56,56,3.7601978999882704,11.179652214050291,10.726969718933104,test_kl,0.4526824951171875
shapley-20260606T024528Z-b5a00de9,baseline,A,57,57,3.831499999985681,10.743499755859377,10.870562553405762,test_kl,-0.12706279754638494
shapley-20260606T024528Z-b5a00de9,baseline,A,58,58,3.897787999987486,10.91047430038452,10.386604309082031,test_kl,0.5238699913024885
shapley-20260606T024528Z-b5a00de9,baseline,A,59,59,3.970113699990179,10.327085971832275,10.552202224731444,test_kl,-0.22511625289916815
shapley-20260606T024528Z-b5a00de9,baseline,A,60,60,4.039575099988724,10.19692039489746,10.272473335266112,test_kl,-0.07555294036865234
shapley-20260606T024528Z-b5a00de9,baseline,A,61,61,4.107062499988388,10.675363063812256,10.105717658996582,test_kl,0.5696454048156738
shapley-20260606T024528Z-b5a00de9,baseline,A,62,62,4.166001599991432,9.922383785247805,9.357889652252195,test_kl,0.564494132995609
shapley-20260606T024528Z-b5a00de9,baseline,A,63,63,4.227089799991518,9.936555862426758,9.94435214996338,test_kl,-0.00779628753662287
shapley-20260606T024528Z-b5a00de9,baseline,A,64,64,4.291314999994938,9.784502506256104,9.853060245513916,test_kl,-0.0685577392578125
shapley-20260606T024528Z-b5a00de9,baseline,A,65,65,4.35516099999586,9.305779933929443,9.831746578216553,test_kl,-0.5259666442871094
shapley-20260606T024528Z-b5a00de9,baseline,A,66,66,4.416261799997301,9.313573837280272,9.550060749053957,test_kl,-0.2364869117736852
shapley-20260606T024528Z-b5a00de9,baseline,A,67,67,4.478290499995637,9.293694972991943,9.38153314590454,test_kl,-0.08783817291259588
shapley-20260606T024528Z-b5a00de9,baseline,A,68,68,4.544429499994294,9.026063442230225,9.183935642242432,test_kl,-0.15787220001220703
shapley-20260606T024528Z-b5a00de9,baseline,A,69,69,4.604279499995755,9.05634880065918,9.3782000541687,test_kl,-0.3218512535095197
shapley-20260606T024528Z-b5a00de9,baseline,A,70,70,4.667824299995118,8.577187061309814,9.360430717468262,test_kl,-0.7832436561584473
shapley-20260606T024528Z-b5a00de9,baseline,A,71,71,4.728966699996818,8.144187927246094,8.593557834625244,test_kl,-0.4493699073791504
shapley-20260606T024528Z-b5a00de9,baseline,A,72,72,4.790256399995997,8.987618923187256,8.892899990081787,test_kl,0.09471893310546875
shapley-20260606T024528Z-b5a00de9,baseline,A,73,73,4.854859499995655,8.533674716949463,8.794413089752197,test_kl,-0.2607383728027344
shapley-20260606T024528Z-b5a00de9,baseline,A,74,74,4.916196299996955,8.68285608291626,8.0440514087677,test_kl,0.6388046741485596
shapley-20260606T024528Z-b5a00de9,baseline,A,75,75,4.975371499996982,8.127265453338623,8.08269739151001,test_kl,0.04456806182861328
shapley-20260606T024528Z-b5a00de9,baseline,A,76,76,5.035698299994692,8.395241737365723,8.257821083068848,test_kl,0.137420654296875
shapley-20260606T024528Z-b5a00de9,baseline,A,77,77,5.095153299993399,8.007656812667847,8.484901905059814,test_kl,-0.4772450923919678
shapley-20260606T024528Z-b5a00de9,baseline,A,78,78,5.154378499995801,8.191386699676514,8.334396362304688,test_kl,-0.14300966262817383
shapley-20260606T024528Z-b5a00de9,baseline,A,79,79,5.216525799994997,7.907306671142578,7.898340225219727,test_kl,0.008966445922851562
shapley-20260606T024528Z-b5a00de9,baseline,A,80,80,5.282890299993596,7.992820024490356,8.012271165847778,test_kl,-0.019451141357422763
shapley-20260606T024528Z-b5a00de9,baseline,A,81,81,5.3484442999906605,7.548820972442627,7.719347238540649,test_kl,-0.17052626609802246
shapley-20260606T024528Z-b5a00de9,baseline,A,82,82,5.408823299989308,7.4688427448272705,8.05677318572998,test_kl,-0.58793044090271
shapley-20260606T024528Z-b5a00de9,baseline,A,83,83,5.47777819998737,7.7826690673828125,7.567997217178345,test_kl,0.21467185020446777
shapley-20260606T024528Z-b5a00de9,baseline,A,84,84,5.539441699987947,7.241657018661499,7.339398145675659,test_kl,-0.09774112701416016
shapley-20260606T024528Z-b5a00de9,baseline,A,85,85,5.601925199989637,7.536278009414673,7.743673086166382,test_kl,-0.20739507675170898
shapley-20260606T024528Z-b5a00de9,baseline,A,86,86,5.665743199988356,7.343815326690674,7.625345230102539,test_kl,-0.28152990341186523
shapley-20260606T024528Z-b5a00de9,baseline,A,87,87,5.724995599986869,7.335927248001099,7.542106866836548,test_kl,-0.20617961883544922
shapley-20260606T024528Z-b5a00de9,baseline,A,88,88,5.785222399987106,7.496150255203247,7.557782888412476,test_kl,-0.061632633209228516
shapley-20260606T024528Z-b5a00de9,baseline,A,89,89,5.846177799987345,7.288637399673462,6.940465450286865,test_kl,0.3481719493865967
shapley-20260606T024528Z-b5a00de9,baseline,A,90,90,5.921818299986626,6.73610520362854,6.774284839630127,test_kl,-0.038179636001586914
shapley-20260606T024528Z-b5a00de9,baseline,A,91,91,5.989956499986874,7.215086698532104,7.095586061477661,test_kl,0.11950063705444247
shapley-20260606T024528Z-b5a00de9,baseline,A,92,92,6.064283099985914,6.600951433181763,6.5986878871917725,test_kl,0.0022635459899902344
shapley-20260606T024528Z-b5a00de9,baseline,A,93,93,6.127789099984511,6.863200664520264,7.180366277694702,test_kl,-0.3171656131744385
shapley-20260606T024528Z-b5a00de9,baseline,A,94,94,6.19860789998711,6.964918375015259,6.675535440444946,test_kl,0.2893829345703125
shapley-20260606T024528Z-b5a00de9,baseline,A,95,95,6.261473099988507,7.251662731170654,6.574585437774658,test_kl,0.6770772933959961
shapley-20260606T024528Z-b5a00de9,baseline,A,96,96,6.328567999986262,6.672466039657593,6.90419602394104,test_kl,-0.23172998428344727
shapley-20260606T024528Z-b5a00de9,baseline,A,97,97,6.391987199986033,5.996992349624634,6.610758543014526,test_kl,-0.6137661933898926
shapley-20260606T024528Z-b5a00de9,baseline,A,98,98,6.455094299984921,7.266855955123901,6.299414396286011,test_kl,0.9674415588378906
shapley-20260606T024528Z-b5a00de9,baseline,A,99,99,6.523877199982962,6.693747043609619,6.345810413360596,test_kl,0.34793663024902344
shapley-20260606T024528Z-b5a00de9,baseline,A,100,100,6.589957199983473,6.585707902908325,6.191828727722168,test_kl,0.3938791751861572
shapley-20260606T024528Z-b5a00de9,baseline,A,101,101,6.655478599983326,6.289025068283081,6.050817489624023,test_kl,0.23820757865905762
shapley-20260606T024528Z-b5a00de9,baseline,A,102,102,6.721141099984379,5.971662282943726,6.174689292907715,test_kl,-0.20302700996398926
shapley-20260606T024528Z-b5a00de9,baseline,A,103,103,6.787916599983873,6.246184587478638,6.134787082672119,test_kl,0.11139750480651855
shapley-20260606T024528Z-b5a00de9,baseline,A,104,104,6.858163499986404,6.1742236614227295,6.50713324546814,test_kl,-0.33290958404541016
shapley-20260606T024528Z-b5a00de9,baseline,A,105,105,6.9252075999829685,6.204968214035034,6.168349266052246,test_kl,0.036618947982788086
shapley-20260606T024528Z-b5a00de9,baseline,A,106,106,6.992459699984465,6.082212924957275,5.980279207229614,test_kl,0.10193371772766113
shapley-20260606T024528Z-b5a00de9,baseline,A,107,107,7.062938099985331,6.143331289291382,5.884107351303101,test_kl,0.25922393798828125
shapley-20260606T024528Z-b5a00de9,baseline,A,108,108,7.131567099986569,6.034644365310669,5.969088554382324,test_kl,0.06555581092834473
shapley-20260606T024528Z-b5a00de9,baseline,A,109,109,7.198493199986842,5.841412544250488,5.984224557876587,test_kl,-0.14281201362609863
shapley-20260606T024528Z-b5a00de9,baseline,A,110,110,7.260311199988791,6.026993751525879,6.264530181884766,test_kl,-0.23753643035888672
shapley-20260606T024528Z-b5a00de9,baseline,A,111,111,7.323264899987407,5.906555414199829,5.668248891830444,test_kl,0.23830652236938477
shapley-20260606T024528Z-b5a00de9,baseline,A,112,112,7.38927499998681,5.975431203842163,5.257858753204346,test_kl,0.7175724506378174
shapley-20260606T024528Z-b5a00de9,baseline,A,113,113,7.457078799987357,5.52293062210083,6.007822036743164,test_kl,-0.484891414642334
shapley-20260606T024528Z-b5a00de9,baseline,A,114,114,7.521366199987824,5.687734365463257,6.111070394515991,test_kl,-0.4233360290527344
shapley-20260606T024528Z-b5a00de9,baseline,A,115,115,7.5843173999855935,5.897598505020142,5.569857597351074,test_kl,0.3277409076690674
shapley-20260606T024528Z-b5a00de9,baseline,A,116,116,7.646645899985742,5.699702978134155,5.752399206161499,test_kl,-0.05269622802734375
shapley-20260606T024528Z-b5a00de9,baseline,A,117,117,7.709431699986453,5.566273212432861,5.292595863342285,test_kl,0.27367734909057617
shapley-20260606T024528Z-b5a00de9,baseline,A,118,118,7.776590899986331,5.434558153152466,5.435975790023804,test_kl,-0.0014176368713378906
shapley-20260606T024528Z-b5a00de9,baseline,A,119,119,7.838806999985536,5.569357872009277,5.33557915687561,test_kl,0.233778715133667
shapley-20260606T024528Z-b5a00de9,baseline,A,120,120,7.903816099984397,5.575210332870483,5.812437057495117,test_kl,-0.2372267246246338
shapley-20260606T024528Z-b5a00de9,baseline,A,121,121,7.965845399983664,5.214927911758423,5.038980484008789,test_kl,0.1759474277496338
shapley-20260606T024528Z-b5a00de9,baseline,A,122,122,8.028894999984914,5.098176956176758,5.008162021636963,test_kl,0.09001493453979492
shapley-20260606T024528Z-b5a00de9,baseline,A,123,123,8.095314099984535,5.096441030502319,5.371116399765015,test_kl,-0.2746753692626953
shapley-20260606T024528Z-b5a00de9,baseline,A,124,124,8.160705399983271,5.361106872558594,4.7154645919799805,test_kl,0.6456422805786133
shapley-20260606T024528Z-b5a00de9,baseline,A,125,125,8.225815399982821,4.661433935165405,5.25288462638855,test_kl,-0.5914506912231445
shapley-20260606T024528Z-b5a00de9,baseline,A,126,126,8.293960399980278,5.454655408859253,5.021162986755371,test_kl,0.43349242210388184
shapley-20260606T024528Z-b5a00de9,baseline,A,127,127,8.357443599979888,4.710711717605591,5.319252252578735,test_kl,-0.6085405349731445
shapley-20260606T024528Z-b5a00de9,baseline,A,128,128,8.421566099979827,5.217554330825806,4.594022750854492,test_kl,0.6235315799713135
shapley-20260606T024528Z-b5a00de9,baseline,A,129,129,8.487472999979218,4.861953020095825,5.083728313446045,test_kl,-0.22177529335021973
shapley-20260606T024528Z-b5a00de9,baseline,A,130,130,8.550426099980541,5.013033151626587,4.685358285903931,test_kl,0.32767486572265625
shapley-20260606T024528Z-b5a00de9,baseline,A,131,131,8.616024499980995,4.852728605270386,5.227712154388428,test_kl,-0.374983549118042
shapley-20260606T024528Z-b5a00de9,baseline,A,132,132,8.68356379997931,5.110544443130493,4.967590093612671,test_kl,0.14295434951782227
shapley-20260606T024528Z-b5a00de9,baseline,A,133,133,8.763724499978707,4.808671712875366,4.921785593032837,test_kl,-0.1131138801574707
shapley-20260606T024528Z-b5a00de9,baseline,A,134,134,8.85382899997785,5.26206111907959,5.060754776000977,test_kl,0.20130634307861328
shapley-20260606T024528Z-b5a00de9,baseline,A,135,135,8.94478199997684,4.861298322677612,4.988326787948608,test_kl,-0.1270284652709961
shapley-20260606T024528Z-b5a00de9,baseline,A,136,136,9.032629099980111,5.092047691345215,4.907457590103149,test_kl,0.18459010124206543
shapley-20260606T024528Z-b5a00de9,baseline,A,137,137,9.102864299980864,4.9501471519470215,4.916033744812012,test_kl,0.034113407135009766
shapley-20260606T024528Z-b5a00de9,baseline,A,138,138,9.165446899980452,5.046252727508545,4.925419092178345,test_kl,0.1208336353302002
shapley-20260606T024528Z-b5a00de9,baseline,A,139,139,9.229073699978471,5.019103765487671,5.075141906738281,test_kl,-0.05603814125061035
shapley-20260606T024528Z-b5a00de9,baseline,A,140,140,9.295768499978294,4.995772361755371,5.014792919158936,test_kl,-0.01902055740356534
shapley-20260606T024528Z-b5a00de9,baseline,A,141,141,9.360152399978688,5.082250356674194,5.027256965637207,test_kl,0.054993391036987305
shapley-20260606T024528Z-b5a00de9,baseline,A,142,142,9.42408869997962,4.954178810119629,5.089347839355469,test_kl,-0.13516902923583984
shapley-20260606T024528Z-b5a00de9,baseline,A,143,143,9.488466399980098,4.8270769119262695,4.95911431312561,test_kl,-0.13203740119934082
shapley-20260606T024528Z-b5a00de9,baseline,A,144,144,9.55474249998224,5.016182899475098,4.983378887176514,test_kl,0.032804012298583984
shapley-20260606T024528Z-b5a00de9,baseline,A,145,145,9.617920999982744,5.091874361038208,5.252260446548462,test_kl,-0.1603860855102539
shapley-20260606T024528Z-b5a00de9,baseline,A,146,146,9.683122899983571,4.953995704650879,4.913543224334717,test_kl,0.04045248031616211
shapley-20260606T024528Z-b5a00de9,baseline,A,147,147,9.745934999984456,4.901523590087891,4.782776117324829,test_kl,0.11874747276306152
shapley-20260606T024528Z-b5a00de9,baseline,A,148,148,9.812450499983242,4.963568925857544,5.121062278747559,test_kl,-0.15749335289001465
shapley-20260606T024528Z-b5a00de9,baseline,A,149,149,9.876323499986029,5.000717878341675,4.9173431396484375,test_kl,0.0833747386932373
shapley-20260606T024528Z-b5a00de9,baseline,A,150,150,9.93888339998739,5.079715967178345,5.0383851528167725,test_kl,0.041330814361572266
shapley-20260606T024528Z-b5a00de9,baseline,A,151,151,10.003877999988616,5.0845091342926025,5.099296808242798,test_kl,-0.014787673950195312
shapley-20260606T024528Z-b5a00de9,baseline,A,152,152,10.074641399991378,5.034488677978516,4.961366415023804,test_kl,0.07312226295471191
shapley-20260606T024528Z-b5a00de9,baseline,A,153,153,10.13927829999011,5.011152982711792,4.935542821884155,test_kl,0.07561016082763672
shapley-20260606T024528Z-b5a00de9,baseline,A,154,154,10.205484999991311,4.976781129837036,4.944231986999512,test_kl,0.032549142837524414
shapley-20260606T024528Z-b5a00de9,baseline,A,155,155,10.272080599992478,4.997642755508423,5.070475101470947,test_kl,-0.07283234596252441
shapley-20260606T024528Z-b5a00de9,baseline,A,156,156,10.339344999993044,4.993298292160034,5.06328821182251,test_kl,-0.06998991966247559
shapley-20260606T024528Z-b5a00de9,baseline,A,157,157,10.413657099990814,4.935612440109253,4.812358856201172,test_kl,0.12325358390808105
shapley-20260606T024528Z-b5a00de9,baseline,A,158,158,10.479648799988354,4.9624924659729,4.865877866744995,test_kl,0.09661459922790527
shapley-20260606T024528Z-b5a00de9,baseline,A,159,159,10.544694399988655,4.982217073440552,5.120898962020874,test_kl,-0.13868188858032227
shapley-20260606T024528Z-b5a00de9,baseline,A,160,160,10.607467099987844,4.956722974777222,5.202347755432129,test_kl,-0.24562478065490723
shapley-20260606T024528Z-b5a00de9,baseline,A,161,161,10.673864399988815,4.946727991104126,5.017805576324463,test_kl,-0.07107758522033691
shapley-20260606T024528Z-b5a00de9,baseline,A,162,162,10.740007499989588,5.001075983047485,4.882105350494385,test_kl,0.11897063255310059
shapley-20260606T024528Z-b5a00de9,baseline,A,163,163,10.80495429999064,5.032650709152222,4.90129280090332,test_kl,0.13135790824890137
shapley-20260606T024528Z-b5a00de9,baseline,A,164,164,10.868473599988649,5.034578561782837,5.120243787765503,test_kl,-0.08566522598266602
shapley-20260606T024528Z-b5a00de9,baseline,A,165,165,10.938112199990428,5.011605262756348,5.184033393859863,test_kl,-0.17242813110351562
shapley-20260606T024528Z-b5a00de9,baseline,A,166,166,11.003359899990755,4.9784462451934814,4.962855815887451,test_kl,0.015590429306030273
shapley-20260606T024528Z-b5a00de9,baseline,A,167,167,11.06572659999074,4.944069147109985,4.916223049163818,test_kl,0.027846097946166992
shapley-20260606T024528Z-b5a00de9,baseline,A,168,168,11.129017099989142,4.949732542037964,5.0168070793151855,test_kl,-0.06707453727722168
shapley-20260606T024528Z-b5a00de9,baseline,A,169,169,11.194122999990212,4.975549936294556,4.970805644989014,test_kl,0.004744291305541992
shapley-20260606T024528Z-b5a00de9,baseline,A,170,170,11.265887899990048,5.034618854522705,4.90901780128479,test_kl,0.12560105323791504
shapley-20260606T024528Z-b5a00de9,baseline,A,171,171,11.33366689999093,5.082158327102661,4.972589015960693,test_kl,0.10956931114196777
shapley-20260606T024528Z-b5a00de9,baseline,A,172,172,11.397085299991886,5.077309846878052,5.057995796203613,test_kl,0.019314050674438477
shapley-20260606T024528Z-b5a00de9,baseline,A,173,173,11.459479899993312,5.068637847900391,5.042972803115845,test_kl,0.0256650447845459
shapley-20260606T024528Z-b5a00de9,baseline,A,174,174,11.52514849999352,5.046797275543213,5.016329050064087,test_kl,0.030468225479125977
shapley-20260606T024528Z-b5a00de9,baseline,A,175,175,11.59125999999378,5.028669357299805,5.041034460067749,test_kl,-0.012365102767944336
shapley-20260606T024528Z-b5a00de9,baseline,A,176,176,11.662433099994814,5.011413335800171,4.970235586166382,test_kl,0.04117774963378906
shapley-20260606T024528Z-b5a00de9,baseline,A,177,177,11.728257399994618,4.996431589126587,4.977162599563599,test_kl,0.01926898956298828
shapley-20260606T024528Z-b5a00de9,baseline,A,178,178,11.794583999992028,4.98043417930603,4.993437051773071,test_kl,-0.013002872467041016
shapley-20260606T024528Z-b5a00de9,baseline,A,179,179,11.859672599992336,4.950955390930176,5.026344299316406,test_kl,-0.07538890838623047
shapley-20260606T024528Z-b5a00de9,baseline,A,180,180,11.924162399991474,4.933796167373657,5.022709846496582,test_kl,-0.0889136791229248
shapley-20260606T024528Z-b5a00de9,baseline,A,181,181,11.987281599991547,4.943493366241455,4.952245473861694,test_kl,-0.008752107620239258
shapley-20260606T024528Z-b5a00de9,baseline,A,182,182,12.051070099991191,4.949862241744995,4.972384929656982,test_kl,-0.022522687911987305
shapley-20260606T024528Z-b5a00de9,baseline,A,183,183,12.11456229999385,4.970936059951782,5.02285623550415,test_kl,-0.051920175552368164
shapley-20260606T024528Z-b5a00de9,baseline,A,184,184,12.185729299995728,4.978710412979126,5.054485559463501,test_kl,-0.075775146484375
shapley-20260606T024528Z-b5a00de9,baseline,A,185,185,12.259721299997182,4.993088483810425,5.006879806518555,test_kl,-0.013791322708129883
shapley-20260606T024528Z-b5a00de9,baseline,A,186,186,12.324269199998524,5.0081329345703125,4.928933382034302,test_kl,0.07919955253601074
shapley-20260606T024528Z-b5a00de9,baseline,A,187,187,12.388885999997,5.013675689697266,4.940078020095825,test_kl,0.07359766960144043
shapley-20260606T024528Z-b5a00de9,baseline,A,188,188,12.45594379999602,5.014483451843262,4.950034856796265,test_kl,0.06444859504699707
shapley-20260606T024528Z-b5a00de9,baseline,A,189,189,12.519188499994923,5.017049312591553,4.942157745361328,test_kl,0.07489156723022461
shapley-20260606T024528Z-b5a00de9,baseline,A,190,190,12.58245359999637,5.0165770053863525,4.944146633148193,test_kl,0.07243037223815918
shapley-20260606T024528Z-b5a00de9,baseline,A,191,191,12.65414229999442,5.019066333770752,4.996490240097046,test_kl,0.022576093673706055
shapley-20260606T024528Z-b5a00de9,baseline,A,192,192,12.724051499997586,5.032526016235352,5.023375034332275,test_kl,0.009150981903076172
shapley-20260606T024528Z-b5a00de9,baseline,A,193,193,12.787213899999188,5.039655923843384,5.047888517379761,test_kl,-0.008232593536376953
shapley-20260606T024528Z-b5a00de9,baseline,A,194,194,12.855836799997633,5.040031433105469,5.033700942993164,test_kl,0.0063304901123046875
shapley-20260606T024528Z-b5a00de9,baseline,A,195,195,12.927408399998969,5.034543037414551,5.015229225158691,test_kl,0.019313812255859375
shapley-20260606T024528Z-b5a00de9,baseline,A,196,196,12.996747499997582,5.029130220413208,5.002537727355957,test_kl,0.026592493057250977
shapley-20260606T024528Z-b5a00de9,baseline,A,197,197,13.063196499999322,5.020160675048828,4.998801469802856,test_kl,0.021359205245972568
shapley-20260606T024528Z-b5a00de9,baseline,A,198,198,13.127165199995943,5.004692316055298,4.987924337387085,test_kl,0.01676797866821289
shapley-20260606T024528Z-b5a00de9,baseline,A,199,199,13.198142399996868,4.992919206619263,4.98615026473999,test_kl,0.006768941879272461
shapley-20260606T024553Z-69396335,marginal,A,0,0,0.2505272999987937,19.64420986175537,22.85098552703857,test_kl,-3.2067756652831996
shapley-20260606T024553Z-69396335,marginal,A,1,1,0.3150267999990319,41.93268394470215,44.96039009094238,test_kl,-3.0277061462402344
shapley-20260606T024553Z-69396335,marginal,A,2,2,0.3770762999993167,50.08872222900391,50.80817222595215,test_kl,-0.7194499969482351
shapley-20260606T024553Z-69396335,marginal,A,3,3,0.4427575999980035,58.618513107299805,55.8014030456543,test_kl,2.817110061645508
shapley-20260606T024553Z-69396335,marginal,A,4,4,0.5036130999978923,65.31314468383789,58.06897163391113,test_kl,7.244173049926758
shapley-20260606T024553Z-69396335,marginal,A,5,5,0.5656566999969073,67.66615295410156,62.72495269775391,test_kl,4.941200256347649
shapley-20260606T024553Z-69396335,marginal,A,6,6,0.6291529999944032,69.87041854858398,67.32644653320312,test_kl,2.5439720153808594
shapley-20260606T024553Z-69396335,marginal,A,7,7,0.6936665999928664,72.96514511108398,70.21719741821289,test_kl,2.7479476928710938
shapley-20260606T024553Z-69396335,marginal,A,8,8,0.7568316999931994,76.50862884521484,72.29167556762695,test_kl,4.216953277587891
shapley-20260606T024553Z-69396335,marginal,A,9,9,0.8195276999940688,79.66292953491211,74.07947540283203,test_kl,5.583454132080078
shapley-20260606T024553Z-69396335,marginal,A,10,10,0.8845669999936945,82.28639221191406,77.56653213500977,test_kl,4.719860076904297
shapley-20260606T024553Z-69396335,marginal,A,11,11,0.947077699995134,51.146881103515625,48.97897911071777,test_kl,2.1679019927978516
shapley-20260606T024553Z-69396335,marginal,A,12,12,1.0076844999930472,26.367992401123047,26.41822052001953,test_kl,-0.050228118896484375
shapley-20260606T024553Z-69396335,marginal,A,13,13,1.068666499992105,36.44769287109375,37.04176139831543,test_kl,-0.5940685272216797
shapley-20260606T024553Z-69396335,marginal,A,14,14,1.1307516999913787,48.51241683959961,48.840850830078125,test_kl,-0.3284339904785156
shapley-20260606T024553Z-69396335,marginal,A,15,15,1.191689499992208,44.438594818115234,43.75227546691895,test_kl,0.686319351196282
shapley-20260606T024553Z-69396335,marginal,A,16,16,1.2545789999931003,28.23852157592773,27.80920124053955,test_kl,0.42932033538818004
shapley-20260606T024553Z-69396335,marginal,A,17,17,1.315844399992784,27.036995887756348,27.747912406921387,test_kl,-0.7109165191650391
shapley-20260606T024553Z-69396335,marginal,A,18,18,1.3783964999929594,39.01020050048828,39.05864715576172,test_kl,-0.0484466552734375
shapley-20260606T024553Z-69396335,marginal,A,19,19,1.4405508999916492,39.62444877624512,38.84233093261719,test_kl,0.7821178436279297
shapley-20260606T024553Z-69396335,marginal,A,20,20,1.499791299989738,28.367222785949707,28.174259185791016,test_kl,0.1929636001586914
shapley-20260606T024553Z-69396335,marginal,A,21,21,1.5609089999888963,22.01615524291992,21.84608364105225,test_kl,0.17007160186766868
shapley-20260606T024553Z-69396335,marginal,A,22,22,1.623756399989361,26.250327110290527,26.692009925842285,test_kl,-0.4416828155517578
shapley-20260606T024553Z-69396335,marginal,A,23,23,1.690274699991278,24.40975379943848,24.511988639831543,test_kl,-0.10223484039306285
shapley-20260606T024553Z-69396335,marginal,A,24,24,1.7576921999898332,19.91803741455078,20.189024925231934,test_kl,-0.27098751068115234
shapley-20260606T024553Z-69396335,marginal,A,25,25,1.8246790999874063,23.262012481689453,22.41819477081299,test_kl,0.8438177108764648
shapley-20260606T024553Z-69396335,marginal,A,26,26,1.893281499989825,20.98613548278809,21.846092224121094,test_kl,-0.8599567413330043
shapley-20260606T024553Z-69396335,marginal,A,27,27,1.959929699987697,21.092246055603027,18.315994262695312,test_kl,2.776251792907715
shapley-20260606T024553Z-69396335,marginal,A,28,28,2.0209376999882807,20.419178009033203,20.23967456817627,test_kl,0.1795034408569336
shapley-20260606T024553Z-69396335,marginal,A,29,29,2.085439599988604,18.502406120300293,19.351655960083008,test_kl,-0.8492498397827148
shapley-20260606T024553Z-69396335,marginal,A,30,30,2.14766379998764,19.986696243286133,19.734094619750977,test_kl,0.25260162353515625
shapley-20260606T024553Z-69396335,marginal,A,31,31,2.210884999989503,18.740243911743164,18.67973518371582,test_kl,0.06050872802734375
shapley-20260606T024553Z-69396335,marginal,A,32,32,2.2750158999915584,16.894731521606445,17.119508743286133,test_kl,-0.2247772216796875
shapley-20260606T024553Z-69396335,marginal,A,33,33,2.334041799993429,19.246007919311523,19.081144332885746,test_kl,0.1648635864257777
shapley-20260606T024553Z-69396335,marginal,A,34,34,2.394038299989916,17.31550693511963,17.529848098754883,test_kl,-0.2143411636352539
shapley-20260606T024553Z-69396335,marginal,A,35,35,2.461481799989997,15.81762981414795,15.791701316833496,test_kl,0.025928497314453125
shapley-20260606T024553Z-69396335,marginal,A,36,36,2.5221350999891,17.747838020324707,17.612041473388672,test_kl,0.13579654693603516
shapley-20260606T024553Z-69396335,marginal,A,37,37,2.5844868999884056,16.28403091430664,16.181111335754395,test_kl,0.1029195785522461
shapley-20260606T024553Z-69396335,marginal,A,38,38,2.643377199987299,15.874813079833984,15.67655324935913,test_kl,0.19825983047485352
shapley-20260606T024553Z-69396335,marginal,A,39,39,2.7037848999862035,15.410712718963625,15.255618572235107,test_kl,0.1550941467285174
shapley-20260606T024553Z-69396335,marginal,A,40,40,2.766021299987188,14.353232860565186,14.645788669586182,test_kl,-0.2925558090209961
shapley-20260606T024553Z-69396335,marginal,A,41,41,2.829818299989711,14.724056720733644,14.244229793548584,test_kl,0.47982692718506037
shapley-20260606T024553Z-69396335,marginal,A,42,42,2.8904871999911848,13.775787353515623,13.597272872924805,test_kl,0.17851448059081854
shapley-20260606T024553Z-69396335,marginal,A,43,43,2.9498720999908983,13.18312168121338,14.882669925689695,test_kl,-1.6995482444763148
shapley-20260606T024553Z-69396335,marginal,A,44,44,3.009548499991069,14.477465629577637,13.546307563781738,test_kl,0.9311580657958984
shapley-20260606T024553Z-69396335,marginal,A,45,45,3.071452399992268,13.739541053771973,13.681661128997805,test_kl,0.057879924774168146
shapley-20260606T024553Z-69396335,marginal,A,46,46,3.132643899993127,13.754143714904783,13.454395771026611,test_kl,0.29974794387817205
shapley-20260606T024553Z-69396335,marginal,A,47,47,3.193345899991982,13.362104415893556,12.491661548614502,test_kl,0.8704428672790545
shapley-20260606T024553Z-69396335,marginal,A,48,48,3.254737599989312,13.228599071502686,12.514389514923096,test_kl,0.7142095565795898
shapley-20260606T024553Z-69396335,marginal,A,49,49,3.318500299988955,12.61260223388672,11.953418731689451,test_kl,0.6591835021972692
shapley-20260606T024553Z-69396335,marginal,A,50,50,3.379244399988238,12.375974178314207,11.780725479125977,test_kl,0.5952486991882306
shapley-20260606T024553Z-69396335,marginal,A,51,51,3.4382037999857857,12.130995750427246,11.263383388519289,test_kl,0.8676123619079572
shapley-20260606T024553Z-69396335,marginal,A,52,52,3.4996842999862565,11.26662540435791,11.618478298187256,test_kl,-0.3518528938293457
shapley-20260606T024553Z-69396335,marginal,A,53,53,3.5645814999843424,11.496765613555908,11.332130908966064,test_kl,0.16463470458984375
shapley-20260606T024553Z-69396335,marginal,A,54,54,3.62624279998272,11.234819889068604,11.47803544998169,test_kl,-0.24321556091308594
shapley-20260606T024553Z-69396335,marginal,A,55,55,3.68891049998274,11.36264991760254,11.390998840332031,test_kl,-0.02834892272949041
shapley-20260606T024553Z-69396335,marginal,A,56,56,3.750389199984056,10.68699026107788,10.726969718933104,test_kl,-0.03997945785522283
shapley-20260606T024553Z-69396335,marginal,A,57,57,3.816740199985361,10.780376434326172,10.870562553405762,test_kl,-0.09018611907958984
shapley-20260606T024553Z-69396335,marginal,A,58,58,3.878762799984543,10.704958438873293,10.386604309082031,test_kl,0.31835412979126154
shapley-20260606T024553Z-69396335,marginal,A,59,59,3.940743999984989,11.040660858154297,10.552202224731444,test_kl,0.48845863342285334
shapley-20260606T024553Z-69396335,marginal,A,60,60,3.999579999985144,10.749282360076904,10.272473335266112,test_kl,0.4768090248107928
shapley-20260606T024553Z-69396335,marginal,A,61,61,4.058786299985513,10.76068115234375,10.105717658996582,test_kl,0.654963493347168
shapley-20260606T024553Z-69396335,marginal,A,62,62,4.1212794999846665,10.02119779586792,9.357889652252195,test_kl,0.6633081436157244
shapley-20260606T024553Z-69396335,marginal,A,63,63,4.1840617999841925,9.440935611724854,9.94435214996338,test_kl,-0.5034165382385272
shapley-20260606T024553Z-69396335,marginal,A,64,64,4.2460533999837935,9.084301948547363,9.853060245513916,test_kl,-0.7687582969665527
shapley-20260606T024553Z-69396335,marginal,A,65,65,4.3062689999824215,9.437479972839355,9.831746578216553,test_kl,-0.39426660537719727
shapley-20260606T024553Z-69396335,marginal,A,66,66,4.367847299981804,9.657845497131348,9.550060749053957,test_kl,0.1077847480773908
shapley-20260606T024553Z-69396335,marginal,A,67,67,4.427192599981936,9.130455493927002,9.38153314590454,test_kl,-0.2510776519775373
shapley-20260606T024553Z-69396335,marginal,A,68,68,4.49072359998172,8.928406715393066,9.183935642242432,test_kl,-0.25552892684936523
shapley-20260606T024553Z-69396335,marginal,A,69,69,4.553544899979897,9.172119617462158,9.3782000541687,test_kl,-0.2060804367065412
shapley-20260606T024553Z-69396335,marginal,A,70,70,4.613728299980721,9.206119060516356,9.360430717468262,test_kl,-0.15431165695190607
shapley-20260606T024553Z-69396335,marginal,A,71,71,4.673455699979968,8.595578670501709,8.593557834625244,test_kl,0.0020208358764648438
shapley-20260606T024553Z-69396335,marginal,A,72,72,4.732318899979873,8.674737930297852,8.892899990081787,test_kl,-0.21816205978393555
shapley-20260606T024553Z-69396335,marginal,A,73,73,4.793253899977572,9.172366619110107,8.794413089752197,test_kl,0.37795352935791016
shapley-20260606T024553Z-69396335,marginal,A,74,74,4.857183499978419,8.654960632324219,8.0440514087677,test_kl,0.6109092235565186
shapley-20260606T024553Z-69396335,marginal,A,75,75,4.919398899979569,8.162217617034912,8.08269739151001,test_kl,0.07952022552490234
shapley-20260606T024553Z-69396335,marginal,A,76,76,4.98150479998003,7.868502378463745,8.257821083068848,test_kl,-0.38931870460510254
shapley-20260606T024553Z-69396335,marginal,A,77,77,5.045411199978844,8.57215404510498,8.484901905059814,test_kl,0.08725214004516602
shapley-20260606T024553Z-69396335,marginal,A,78,78,5.108750499977759,8.431069374084473,8.334396362304688,test_kl,0.09667301177978516
shapley-20260606T024553Z-69396335,marginal,A,79,79,5.172792199977266,7.850387334823608,7.898340225219727,test_kl,-0.047952890396118164
shapley-20260606T024553Z-69396335,marginal,A,80,80,5.233255299979646,7.764130115509033,8.012271165847778,test_kl,-0.24814105033874512
shapley-20260606T024553Z-69396335,marginal,A,81,81,5.29206449997946,7.840641736984253,7.719347238540649,test_kl,0.12129449844360352
shapley-20260606T024553Z-69396335,marginal,A,82,82,5.352660899978218,7.606374979019165,8.05677318572998,test_kl,-0.45039820671081543
shapley-20260606T024553Z-69396335,marginal,A,83,83,5.413484299977426,7.48359227180481,7.567997217178345,test_kl,-0.08440494537353516
shapley-20260606T024553Z-69396335,marginal,A,84,84,5.4775308999742265,7.515539646148682,7.339398145675659,test_kl,0.17614150047302246
shapley-20260606T024553Z-69396335,marginal,A,85,85,5.537964599971019,7.5742762088775635,7.743673086166382,test_kl,-0.16939687728881836
shapley-20260606T024553Z-69396335,marginal,A,86,86,5.601815899968642,7.241392612457275,7.625345230102539,test_kl,-0.38395261764526367
shapley-20260606T024553Z-69396335,marginal,A,87,87,5.663215399967157,7.719890356063843,7.542106866836548,test_kl,0.17778348922729492
shapley-20260606T024553Z-69396335,marginal,A,88,88,5.722221699965303,7.048964023590088,7.557782888412476,test_kl,-0.5088188648223877
shapley-20260606T024553Z-69396335,marginal,A,89,89,5.78793839996797,6.647616386413574,6.940465450286865,test_kl,-0.292849063873291
shapley-20260606T024553Z-69396335,marginal,A,90,90,5.859671499965771,7.512405157089233,6.774284839630127,test_kl,0.7381203174591064
shapley-20260606T024553Z-69396335,marginal,A,91,91,5.924191899965081,7.232337474822998,7.095586061477661,test_kl,0.13675141334533691
shapley-20260606T024553Z-69396335,marginal,A,92,92,5.988977999964845,7.150759696960449,6.5986878871917725,test_kl,0.5520718097686768
shapley-20260606T024553Z-69396335,marginal,A,93,93,6.053112399964448,7.179446458816528,7.180366277694702,test_kl,-0.0009198188781738281
shapley-20260606T024553Z-69396335,marginal,A,94,94,6.121185999963927,6.521479606628418,6.675535440444946,test_kl,-0.15405583381652832
shapley-20260606T024553Z-69396335,marginal,A,95,95,6.18749519996345,6.785809278488159,6.574585437774658,test_kl,0.21122384071350098
shapley-20260606T024553Z-69396335,marginal,A,96,96,6.250133199962875,7.05877161026001,6.90419602394104,test_kl,0.15457558631896973
shapley-20260606T024553Z-69396335,marginal,A,97,97,6.317429299961077,6.482421875,6.610758543014526,test_kl,-0.12833666801452637
shapley-20260606T024553Z-69396335,marginal,A,98,98,6.383849399961036,6.912838459014893,6.299414396286011,test_kl,0.6134240627288818
shapley-20260606T024553Z-69396335,marginal,A,99,99,6.446264399961365,6.60087776184082,6.345810413360596,test_kl,0.2550673484802246
shapley-20260606T024553Z-69396335,marginal,A,100,100,6.509606299961888,6.710483074188232,6.191828727722168,test_kl,0.5186543464660645
shapley-20260606T024553Z-69396335,marginal,A,101,101,6.572586799960845,6.050480604171753,6.050817489624023,test_kl,-0.0003368854522705078
shapley-20260606T024553Z-69396335,marginal,A,102,102,6.639753999959794,6.54022741317749,6.174689292907715,test_kl,0.3655381202697754
shapley-20260606T024553Z-69396335,marginal,A,103,103,6.708302599960007,6.659631252288818,6.134787082672119,test_kl,0.5248441696166992
shapley-20260606T024553Z-69396335,marginal,A,104,104,6.775939499962988,5.769788980484009,6.50713324546814,test_kl,-0.7373442649841309
shapley-20260606T024553Z-69396335,marginal,A,105,105,6.842620699961117,5.979640483856201,6.168349266052246,test_kl,-0.18870878219604492
shapley-20260606T024553Z-69396335,marginal,A,106,106,6.909746399964206,6.648226737976074,5.980279207229614,test_kl,0.66794753074646
shapley-20260606T024553Z-69396335,marginal,A,107,107,6.9745932999649085,5.65313982963562,5.884107351303101,test_kl,-0.23096752166748047
shapley-20260606T024553Z-69396335,marginal,A,108,108,7.039529699963168,6.09768009185791,5.969088554382324,test_kl,0.12859153747558594
shapley-20260606T024553Z-69396335,marginal,A,109,109,7.105090899964125,6.121764421463013,5.984224557876587,test_kl,0.13753986358642578
shapley-20260606T024553Z-69396335,marginal,A,110,110,7.168292199963616,5.61932635307312,6.264530181884766,test_kl,-0.6452038288116455
shapley-20260606T024553Z-69396335,marginal,A,111,111,7.231595799963543,6.204035997390747,5.668248891830444,test_kl,0.5357871055603027
shapley-20260606T024553Z-69396335,marginal,A,112,112,7.297695599965664,5.891000509262085,5.257858753204346,test_kl,0.6331417560577393
shapley-20260606T024553Z-69396335,marginal,A,113,113,7.363262599967129,5.74776816368103,6.007822036743164,test_kl,-0.2600538730621338
shapley-20260606T024553Z-69396335,marginal,A,114,114,7.429781099966931,6.1350181102752686,6.111070394515991,test_kl,0.023947715759277344
shapley-20260606T024553Z-69396335,marginal,A,115,115,7.494852699965122,5.616393089294434,5.569857597351074,test_kl,0.046535491943359375
shapley-20260606T024553Z-69396335,marginal,A,116,116,7.560237499965297,5.597563028335571,5.752399206161499,test_kl,-0.15483617782592773
shapley-20260606T024553Z-69396335,marginal,A,117,117,7.628494099964882,5.838757276535034,5.292595863342285,test_kl,0.546161413192749
shapley-20260606T024553Z-69396335,marginal,A,118,118,7.694647499967687,5.393041133880615,5.435975790023804,test_kl,-0.04293465614318848
shapley-20260606T024553Z-69396335,marginal,A,119,119,7.764603299969167,5.575408697128296,5.33557915687561,test_kl,0.23982954025268555
shapley-20260606T024553Z-69396335,marginal,A,120,120,7.829560799971659,5.693898916244507,5.812437057495117,test_kl,-0.11853814125061035
shapley-20260606T024553Z-69396335,marginal,A,121,121,7.893838799969671,5.013807535171509,5.038980484008789,test_kl,-0.025172948837280273
shapley-20260606T024553Z-69396335,marginal,A,122,122,7.961148399968806,5.30184268951416,5.008162021636963,test_kl,0.29368066787719727
shapley-20260606T024553Z-69396335,marginal,A,123,123,8.031024599968077,5.433996677398682,5.371116399765015,test_kl,0.06288027763366699
shapley-20260606T024553Z-69396335,marginal,A,124,124,8.094212899966806,4.759355783462524,4.7154645919799805,test_kl,0.043891191482543945
shapley-20260606T024553Z-69396335,marginal,A,125,125,8.160903399970266,5.325747013092041,5.25288462638855,test_kl,0.07286238670349121
shapley-20260606T024553Z-69396335,marginal,A,126,126,8.229952099969523,4.784153938293457,5.021162986755371,test_kl,-0.23700904846191406
shapley-20260606T024553Z-69396335,marginal,A,127,127,8.297278799967899,4.996932506561279,5.319252252578735,test_kl,-0.32231974601745605
shapley-20260606T024553Z-69396335,marginal,A,128,128,8.363866599967878,5.038369178771973,4.594022750854492,test_kl,0.44434642791748047
shapley-20260606T024553Z-69396335,marginal,A,129,129,8.433081899969693,4.725205898284912,5.083728313446045,test_kl,-0.3585224151611328
shapley-20260606T024553Z-69396335,marginal,A,130,130,8.499380299970653,5.209205865859985,4.685358285903931,test_kl,0.5238475799560547
shapley-20260606T024553Z-69396335,marginal,A,131,131,8.563536999972712,4.791568040847778,5.227712154388428,test_kl,-0.4361441135406494
shapley-20260606T024553Z-69396335,marginal,A,132,132,8.631116899974586,5.182597875595093,4.967590093612671,test_kl,0.21500778198242188
shapley-20260606T024553Z-69396335,marginal,A,133,133,8.700824899973668,5.047159194946289,4.921785593032837,test_kl,0.12537360191345215
shapley-20260606T024553Z-69396335,marginal,A,134,134,8.769537199972547,4.938924312591553,5.060754776000977,test_kl,-0.12183046340942383
shapley-20260606T024553Z-69396335,marginal,A,135,135,8.83269809997364,4.927266359329224,4.988326787948608,test_kl,-0.061060428619384766
shapley-20260606T024553Z-69396335,marginal,A,136,136,8.898898899973574,5.026134014129639,4.907457590103149,test_kl,0.11867642402648926
shapley-20260606T024553Z-69396335,marginal,A,137,137,8.966989299973648,5.176380157470703,4.916033744812012,test_kl,0.2603464126586914
shapley-20260606T024553Z-69396335,marginal,A,138,138,9.034787699973094,4.891842842102051,4.925419092178345,test_kl,-0.033576250076293945
shapley-20260606T024553Z-69396335,marginal,A,139,139,9.0990846999739,5.286869049072266,5.075141906738281,test_kl,0.21172714233398438
shapley-20260606T024553Z-69396335,marginal,A,140,140,9.164810699974623,4.67586350440979,5.014792919158936,test_kl,-0.3389294147491464
shapley-20260606T024553Z-69396335,marginal,A,141,141,9.234165699974255,5.024160861968994,5.027256965637207,test_kl,-0.0030961036682128906
shapley-20260606T024553Z-69396335,marginal,A,142,142,9.304616599973087,5.20278525352478,5.089347839355469,test_kl,0.11343741416931152
shapley-20260606T024553Z-69396335,marginal,A,143,143,9.372494199971698,4.744633913040161,4.95911431312561,test_kl,-0.21448040008544922
shapley-20260606T024553Z-69396335,marginal,A,144,144,9.444893399973807,5.16260552406311,4.983378887176514,test_kl,0.17922663688659668
shapley-20260606T024553Z-69396335,marginal,A,145,145,9.509375699974044,5.010956525802612,5.252260446548462,test_kl,-0.2413039207458496
shapley-20260606T024553Z-69396335,marginal,A,146,146,9.574053299977097,4.821514129638672,4.913543224334717,test_kl,-0.09202909469604492
shapley-20260606T024553Z-69396335,marginal,A,147,147,9.646592199977022,5.12646222114563,4.782776117324829,test_kl,0.3436861038208008
shapley-20260606T024553Z-69396335,marginal,A,148,148,9.714377799977228,4.859348297119141,5.121062278747559,test_kl,-0.26171398162841797
shapley-20260606T024553Z-69396335,marginal,A,149,149,9.776427299977511,4.895521879196167,4.9173431396484375,test_kl,-0.021821260452270508
shapley-20260606T024553Z-69396335,marginal,A,150,150,9.842930799975877,5.154350757598877,5.0383851528167725,test_kl,0.11596560478210449
shapley-20260606T024553Z-69396335,marginal,A,151,151,9.9091289999742,4.985431432723999,5.099296808242798,test_kl,-0.11386537551879883
shapley-20260606T024553Z-69396335,marginal,A,152,152,9.976820699976088,4.926784515380859,4.961366415023804,test_kl,-0.034581899642944336
shapley-20260606T024553Z-69396335,marginal,A,153,153,10.039747299975716,5.182048559188843,4.935542821884155,test_kl,0.2465057373046875
shapley-20260606T024553Z-69396335,marginal,A,154,154,10.110266899973794,5.047784805297852,4.944231986999512,test_kl,0.10355281829833984
shapley-20260606T024553Z-69396335,marginal,A,155,155,10.17535209997368,4.81917667388916,5.070475101470947,test_kl,-0.2512984275817871
shapley-20260606T024553Z-69396335,marginal,A,156,156,10.24446189997616,5.008734703063965,5.06328821182251,test_kl,-0.05455350875854492
shapley-20260606T024553Z-69396335,marginal,A,157,157,10.309315199974662,5.126568078994751,4.812358856201172,test_kl,0.3142092227935791
shapley-20260606T024553Z-69396335,marginal,A,158,158,10.372475299973305,4.9782798290252686,4.865877866744995,test_kl,0.11240196228027344
shapley-20260606T024553Z-69396335,marginal,A,159,159,10.440412899974037,4.94861364364624,5.120898962020874,test_kl,-0.1722853183746338
shapley-20260606T024553Z-69396335,marginal,A,160,160,10.505748499974288,5.083104372024536,5.202347755432129,test_kl,-0.11924338340759277
shapley-20260606T024553Z-69396335,marginal,A,161,161,10.570777899974928,5.038825035095215,5.017805576324463,test_kl,0.021019458770751953
shapley-20260606T024553Z-69396335,marginal,A,162,162,10.640613699972164,4.9557106494903564,4.882105350494385,test_kl,0.07360529899597168
shapley-20260606T024553Z-69396335,marginal,A,163,163,10.709865999971951,4.908149242401123,4.90129280090332,test_kl,0.006856441497802734
shapley-20260606T024553Z-69396335,marginal,A,164,164,10.772869699969306,4.985177040100098,5.120243787765503,test_kl,-0.13506674766540527
shapley-20260606T024553Z-69396335,marginal,A,165,165,10.83971089996703,5.045392274856567,5.184033393859863,test_kl,-0.1386411190032959
shapley-20260606T024553Z-69396335,marginal,A,166,166,10.909540899967396,4.966157197952271,4.962855815887451,test_kl,0.003301382064820224
shapley-20260606T024553Z-69396335,marginal,A,167,167,10.9805851999663,4.928322076797485,4.916223049163818,test_kl,0.012099027633666992
shapley-20260606T024553Z-69396335,marginal,A,168,168,11.046043099966482,4.941603183746338,5.0168070793151855,test_kl,-0.07520389556884766
shapley-20260606T024553Z-69396335,marginal,A,169,169,11.112869499967928,4.994283676147461,4.970805644989014,test_kl,0.023478031158447266
shapley-20260606T024553Z-69396335,marginal,A,170,170,11.17689969996718,5.034931182861328,4.90901780128479,test_kl,0.12591338157653809
shapley-20260606T024553Z-69396335,marginal,A,171,171,11.241958299968246,5.043938159942627,4.972589015960693,test_kl,0.0713491439819336
shapley-20260606T024553Z-69396335,marginal,A,172,172,11.311153099970396,5.0020856857299805,5.057995796203613,test_kl,-0.05591011047363281
shapley-20260606T024553Z-69396335,marginal,A,173,173,11.379167699971733,4.963935852050781,5.042972803115845,test_kl,-0.07903695106506348
shapley-20260606T024553Z-69396335,marginal,A,174,174,11.450687399970777,5.019996404647827,5.016329050064087,test_kl,0.0036673545837402344
shapley-20260606T024553Z-69396335,marginal,A,175,175,11.517936099971848,5.069533586502075,5.041034460067749,test_kl,0.028499126434326172
shapley-20260606T024553Z-69396335,marginal,A,176,176,11.583300199970836,5.028360366821289,4.970235586166382,test_kl,0.05812478065490723
shapley-20260606T024553Z-69396335,marginal,A,177,177,11.652674099968864,5.038699150085449,4.977162599563599,test_kl,0.061536550521850586
shapley-20260606T024553Z-69396335,marginal,A,178,178,11.71824699996796,5.043346881866455,4.993437051773071,test_kl,0.04990983009338379
shapley-20260606T024553Z-69396335,marginal,A,179,179,11.783399699968868,5.000790119171143,5.026344299316406,test_kl,-0.025554180145263672
shapley-20260606T024553Z-69396335,marginal,A,180,180,11.85115889996814,4.989207744598389,5.022709846496582,test_kl,-0.03350210189819336
shapley-20260606T024553Z-69396335,marginal,A,181,181,11.915732599969488,4.958771228790283,4.952245473861694,test_kl,0.006525754928588867
shapley-20260606T024553Z-69396335,marginal,A,182,182,11.985678699969869,4.959168434143066,4.972384929656982,test_kl,-0.013216495513916016
shapley-20260606T024553Z-69396335,marginal,A,183,183,12.055086199969082,4.981897354125977,5.02285623550415,test_kl,-0.04095888137817383
shapley-20260606T024553Z-69396335,marginal,A,184,184,12.120099199968536,4.958914518356323,5.054485559463501,test_kl,-0.09557104110717773
shapley-20260606T024553Z-69396335,marginal,A,185,185,12.186844899966673,4.927538156509399,5.006879806518555,test_kl,-0.07934165000915527
shapley-20260606T024553Z-69396335,marginal,A,186,186,12.254603899964422,4.931716203689575,4.928933382034302,test_kl,0.0027828216552734375
shapley-20260606T024553Z-69396335,marginal,A,187,187,12.32308059996285,4.947264194488525,4.940078020095825,test_kl,0.007186174392700195
shapley-20260606T024553Z-69396335,marginal,A,188,188,12.38775909996548,4.963589191436768,4.950034856796265,test_kl,0.01355433464050293
shapley-20260606T024553Z-69396335,marginal,A,189,189,12.458063199963362,4.988583087921143,4.942157745361328,test_kl,0.04642534255981445
shapley-20260606T024553Z-69396335,marginal,A,190,190,12.524113899962686,5.021362066268921,4.944146633148193,test_kl,0.07721543312072754
shapley-20260606T024553Z-69396335,marginal,A,191,191,12.59167139996498,5.048607110977173,4.996490240097046,test_kl,0.05211687088012695
shapley-20260606T024553Z-69396335,marginal,A,192,192,12.65827679996437,5.049314022064209,5.023375034332275,test_kl,0.025938987731933594
shapley-20260606T024553Z-69396335,marginal,A,193,193,12.726144199961707,5.047401189804077,5.047888517379761,test_kl,-0.00048732757568359375
shapley-20260606T024553Z-69396335,marginal,A,194,194,12.795132399962313,5.069350481033325,5.033700942993164,test_kl,0.03564953804016113
shapley-20260606T024553Z-69396335,marginal,A,195,195,12.861663699961356,5.064026117324829,5.015229225158691,test_kl,0.048796892166137695
shapley-20260606T024553Z-69396335,marginal,A,196,196,12.92623789996287,5.059928894042969,5.002537727355957,test_kl,0.05739116668701172
shapley-20260606T024553Z-69396335,marginal,A,197,197,12.9889080999601,5.046576976776123,4.998801469802856,test_kl,0.04777550697326749
shapley-20260606T024553Z-69396335,marginal,A,198,198,13.051306399956957,5.023205041885376,4.987924337387085,test_kl,0.035280704498291016
shapley-20260606T024553Z-69396335,marginal,A,199,199,13.116315299954294,5.005143642425537,4.98615026473999,test_kl,0.018993377685546875
shapley-20260606T024617Z-fc523473,conditional,A,0,0,0.2541750999989745,21.511244773864743,22.85098552703857,test_kl,-1.3397407531738281
shapley-20260606T024617Z-fc523473,conditional,A,1,1,0.3195603999993182,43.87555694580078,44.96039009094238,test_kl,-1.0848331451416016
shapley-20260606T024617Z-fc523473,conditional,A,2,2,0.3797574999989592,55.729339599609375,50.80817222595215,test_kl,4.921167373657227
shapley-20260606T024617Z-fc523473,conditional,A,3,3,0.4447311999974772,57.80097579956055,55.8014030456543,test_kl,1.99957275390625
shapley-20260606T024617Z-fc523473,conditional,A,4,4,0.5072106999978132,59.95089340209961,58.06897163391113,test_kl,1.8819217681884766
shapley-20260606T024617Z-fc523473,conditional,A,5,5,0.5689804999965418,62.03342628479004,62.72495269775391,test_kl,-0.6915264129638743
shapley-20260606T024617Z-fc523473,conditional,A,6,6,0.6323625999975775,64.0845947265625,67.32644653320312,test_kl,-3.241851806640625
shapley-20260606T024617Z-fc523473,conditional,A,7,7,0.6929973999976937,67.83449172973633,70.21719741821289,test_kl,-2.3827056884765625
shapley-20260606T024617Z-fc523473,conditional,A,8,8,0.7573070999969786,70.3744010925293,72.29167556762695,test_kl,-1.9172744750976562
shapley-20260606T024617Z-fc523473,conditional,A,9,9,0.8186074999975972,73.64350509643555,74.07947540283203,test_kl,-0.4359703063964844
shapley-20260606T024617Z-fc523473,conditional,A,10,10,0.880609199997707,76.85525894165039,77.56653213500977,test_kl,-0.711273193359375
shapley-20260606T024617Z-fc523473,conditional,A,11,11,0.940523299999768,48.64092445373535,48.97897911071777,test_kl,-0.3380546569824219
shapley-20260606T024617Z-fc523473,conditional,A,12,12,1.0040009999975157,25.63472557067871,26.41822052001953,test_kl,-0.7834949493408203
shapley-20260606T024617Z-fc523473,conditional,A,13,13,1.0632054999950924,35.3137149810791,37.04176139831543,test_kl,-1.7280464172363281
shapley-20260606T024617Z-fc523473,conditional,A,14,14,1.125883499993506,47.63303184509277,48.840850830078125,test_kl,-1.2078189849853516
shapley-20260606T024617Z-fc523473,conditional,A,15,15,1.1871261999949638,43.804237365722656,43.75227546691895,test_kl,0.05196189880370383
shapley-20260606T024617Z-fc523473,conditional,A,16,16,1.246794199996657,27.81502723693848,27.80920124053955,test_kl,0.005825996398929334
shapley-20260606T024617Z-fc523473,conditional,A,17,17,1.3072114999959012,26.29754447937012,27.747912406921387,test_kl,-1.450367927551266
shapley-20260606T024617Z-fc523473,conditional,A,18,18,1.3655419999959122,37.35433578491211,39.05864715576172,test_kl,-1.7043113708496094
shapley-20260606T024617Z-fc523473,conditional,A,19,19,1.4259356999973534,38.715667724609375,38.84233093261719,test_kl,-0.1266632080078125
shapley-20260606T024617Z-fc523473,conditional,A,20,20,1.4906704999993965,27.61501979827881,28.174259185791016,test_kl,-0.559239387512207
shapley-20260606T024617Z-fc523473,conditional,A,21,21,1.5559624999987136,21.165345191955566,21.84608364105225,test_kl,-0.6807384490966832
shapley-20260606T024617Z-fc523473,conditional,A,22,22,1.6155193999984476,26.09530544281006,26.692009925842285,test_kl,-0.5967044830322266
shapley-20260606T024617Z-fc523473,conditional,A,23,23,1.6803437999988091,23.905012130737305,24.511988639831543,test_kl,-0.6069765090942383
shapley-20260606T024617Z-fc523473,conditional,A,24,24,1.7451991999987513,23.46373653411865,20.189024925231934,test_kl,3.274711608886715
shapley-20260606T024617Z-fc523473,conditional,A,25,25,1.8108805999982,22.46522331237793,22.41819477081299,test_kl,0.047028541564941406
shapley-20260606T024617Z-fc523473,conditional,A,26,26,1.870528199997352,20.375544548034668,21.846092224121094,test_kl,-1.4705476760864258
shapley-20260606T024617Z-fc523473,conditional,A,27,27,1.929846599996381,22.25244140625,18.315994262695312,test_kl,3.9364471435546875
shapley-20260606T024617Z-fc523473,conditional,A,28,28,1.99163939999562,20.915066719055176,20.23967456817627,test_kl,0.6753921508789062
shapley-20260606T024617Z-fc523473,conditional,A,29,29,2.0600649999942107,17.779608726501465,19.351655960083008,test_kl,-1.572047233581543
shapley-20260606T024617Z-fc523473,conditional,A,30,30,2.1258312999962072,20.349602699279785,19.734094619750977,test_kl,0.6155080795288086
shapley-20260606T024617Z-fc523473,conditional,A,31,31,2.1897762999942643,18.736599922180176,18.67973518371582,test_kl,0.05686473846435547
shapley-20260606T024617Z-fc523473,conditional,A,32,32,2.2534125999954995,17.288936614990234,17.119508743286133,test_kl,0.16942787170410156
shapley-20260606T024617Z-fc523473,conditional,A,33,33,2.314184499995463,18.88639259338379,19.081144332885746,test_kl,-0.19475173950195668
shapley-20260606T024617Z-fc523473,conditional,A,34,34,2.381971099996008,17.018278121948242,17.529848098754883,test_kl,-0.5115699768066406
shapley-20260606T024617Z-fc523473,conditional,A,35,35,2.4485864999951445,15.950293064117432,15.791701316833496,test_kl,0.15859174728393555
shapley-20260606T024617Z-fc523473,conditional,A,36,36,2.510645599995769,17.391993522644043,17.612041473388672,test_kl,-0.2200479507446289
shapley-20260606T024617Z-fc523473,conditional,A,37,37,2.5726915999948687,15.699600219726562,16.181111335754395,test_kl,-0.48151111602783203
shapley-20260606T024617Z-fc523473,conditional,A,38,38,2.631779999992432,15.139426231384276,15.67655324935913,test_kl,-0.5371270179748553
shapley-20260606T024617Z-fc523473,conditional,A,39,39,2.69083929999033,15.066462516784668,15.255618572235107,test_kl,-0.18915605545043945
shapley-20260606T024617Z-fc523473,conditional,A,40,40,2.751723099991068,14.473710060119627,14.645788669586182,test_kl,-0.1720786094665545
shapley-20260606T024617Z-fc523473,conditional,A,41,41,2.8121948999905726,14.593071460723875,14.244229793548584,test_kl,0.3488416671752912
shapley-20260606T024617Z-fc523473,conditional,A,42,42,2.874722899992776,13.840907096862791,13.597272872924805,test_kl,0.2436342239379865
shapley-20260606T024617Z-fc523473,conditional,A,43,43,2.938068099992961,13.775039196014404,14.882669925689695,test_kl,-1.1076307296752912
shapley-20260606T024617Z-fc523473,conditional,A,44,44,2.9994676999922376,12.999176025390623,13.546307563781738,test_kl,-0.5471315383911151
shapley-20260606T024617Z-fc523473,conditional,A,45,45,3.05824209999264,13.462731838226318,13.681661128997805,test_kl,-0.21892929077148615
shapley-20260606T024617Z-fc523473,conditional,A,46,46,3.118594699990353,13.227466583251951,13.454395771026611,test_kl,-0.22692918777465998
shapley-20260606T024617Z-fc523473,conditional,A,47,47,3.1858866999900783,12.784992218017578,12.491661548614502,test_kl,0.29333066940307617
shapley-20260606T024617Z-fc523473,conditional,A,48,48,3.2521539999906963,12.166008472442629,12.514389514923096,test_kl,-0.348381042480467
shapley-20260606T024617Z-fc523473,conditional,A,49,49,3.317834599991329,12.399417400360107,11.953418731689451,test_kl,0.4459986686706561
shapley-20260606T024617Z-fc523473,conditional,A,50,50,3.377688799988391,11.864015102386476,11.780725479125977,test_kl,0.08328962326049982
shapley-20260606T024617Z-fc523473,conditional,A,51,51,3.438062199988053,11.704972743988035,11.263383388519289,test_kl,0.44158935546874645
shapley-20260606T024617Z-fc523473,conditional,A,52,52,3.502212799990957,11.688510417938232,11.618478298187256,test_kl,0.07003211975097656
shapley-20260606T024617Z-fc523473,conditional,A,53,53,3.5720783999895502,11.476685047149658,11.332130908966064,test_kl,0.14455413818359375
shapley-20260606T024617Z-fc523473,conditional,A,54,54,3.632509599989135,11.296270847320557,11.47803544998169,test_kl,-0.1817646026611328
shapley-20260606T024617Z-fc523473,conditional,A,55,55,3.699332799988042,11.18141508102417,11.390998840332031,test_kl,-0.20958375930786133
shapley-20260606T024617Z-fc523473,conditional,A,56,56,3.7630025999860655,10.89801549911499,10.726969718933104,test_kl,0.17104578018188654
shapley-20260606T024617Z-fc523473,conditional,A,57,57,3.821816999985458,10.866334438323976,10.870562553405762,test_kl,-0.004228115081785333
shapley-20260606T024617Z-fc523473,conditional,A,58,58,3.885848099987925,10.586506366729736,10.386604309082031,test_kl,0.19990205764770508
shapley-20260606T024617Z-fc523473,conditional,A,59,59,3.9509113999884,10.326774597167969,10.552202224731444,test_kl,-0.2254276275634748
shapley-20260606T024617Z-fc523473,conditional,A,60,60,4.014722699990671,9.88476848602295,10.272473335266112,test_kl,-0.3877048492431623
shapley-20260606T024617Z-fc523473,conditional,A,61,61,4.0733865999936825,10.231101989746094,10.105717658996582,test_kl,0.12538433074951172
shapley-20260606T024617Z-fc523473,conditional,A,62,62,4.134974099993997,10.011878967285156,9.357889652252195,test_kl,0.6539893150329608
shapley-20260606T024617Z-fc523473,conditional,A,63,63,4.1967251999958535,10.071511268615724,9.94435214996338,test_kl,0.12715911865234375
shapley-20260606T024617Z-fc523473,conditional,A,64,64,4.26511749999554,9.715147972106934,9.853060245513916,test_kl,-0.13791227340698242
shapley-20260606T024617Z-fc523473,conditional,A,65,65,4.327981699996599,9.460543632507324,9.831746578216553,test_kl,-0.3712029457092285
shapley-20260606T024617Z-fc523473,conditional,A,66,66,4.393992499994056,9.397026538848875,9.550060749053957,test_kl,-0.15303421020508168
shapley-20260606T024617Z-fc523473,conditional,A,67,67,4.458093499993993,8.885772228240967,9.38153314590454,test_kl,-0.49576091766357244
shapley-20260606T024617Z-fc523473,conditional,A,68,68,4.524060599993391,8.657712459564209,9.183935642242432,test_kl,-0.5262231826782227
shapley-20260606T024617Z-fc523473,conditional,A,69,69,4.588659699991695,9.13990879058838,9.3782000541687,test_kl,-0.2382912635803187
shapley-20260606T024617Z-fc523473,conditional,A,70,70,4.6555905999885,8.356327056884766,9.360430717468262,test_kl,-1.004103660583496
shapley-20260606T024617Z-fc523473,conditional,A,71,71,4.719019199987088,8.948941707611084,8.593557834625244,test_kl,0.35538387298583984
shapley-20260606T024617Z-fc523473,conditional,A,72,72,4.780058999986068,8.746567726135254,8.892899990081787,test_kl,-0.1463322639465332
shapley-20260606T024617Z-fc523473,conditional,A,73,73,4.8411758999864105,8.648855686187744,8.794413089752197,test_kl,-0.14555740356445312
shapley-20260606T024617Z-fc523473,conditional,A,74,74,4.902477799987537,8.46914005279541,8.0440514087677,test_kl,0.42508864402770996
shapley-20260606T024617Z-fc523473,conditional,A,75,75,4.965870599986374,8.242701053619385,8.08269739151001,test_kl,0.160003662109375
shapley-20260606T024617Z-fc523473,conditional,A,76,76,5.027185799983272,8.738340377807617,8.257821083068848,test_kl,0.48051929473876953
shapley-20260606T024617Z-fc523473,conditional,A,77,77,5.091641399983928,7.956464052200317,8.484901905059814,test_kl,-0.5284378528594971
shapley-20260606T024617Z-fc523473,conditional,A,78,78,5.149928299986641,7.771449327468872,8.334396362304688,test_kl,-0.5629470348358154
shapley-20260606T024617Z-fc523473,conditional,A,79,79,5.2085083999882045,7.853245258331299,7.898340225219727,test_kl,-0.045094966888427734
shapley-20260606T024617Z-fc523473,conditional,A,80,80,5.271592299985059,7.60646653175354,8.012271165847778,test_kl,-0.4058046340942383
shapley-20260606T024617Z-fc523473,conditional,A,81,81,5.333082599983754,8.065754175186157,7.719347238540649,test_kl,0.3464069366455078
shapley-20260606T024617Z-fc523473,conditional,A,82,82,5.3963219999859575,7.84901762008667,8.05677318572998,test_kl,-0.20775556564331055
shapley-20260606T024617Z-fc523473,conditional,A,83,83,5.456882999984373,7.377203464508057,7.567997217178345,test_kl,-0.19079375267028809
shapley-20260606T024617Z-fc523473,conditional,A,84,84,5.51588459998311,7.880001068115234,7.339398145675659,test_kl,0.5406029224395752
shapley-20260606T024617Z-fc523473,conditional,A,85,85,5.5765471999839065,7.141703605651856,7.743673086166382,test_kl,-0.6019694805145255
shapley-20260606T024617Z-fc523473,conditional,A,86,86,5.641878899983567,7.501998662948608,7.625345230102539,test_kl,-0.12334656715393066
shapley-20260606T024617Z-fc523473,conditional,A,87,87,5.706102599982842,7.358409643173218,7.542106866836548,test_kl,-0.18369722366333008
shapley-20260606T024617Z-fc523473,conditional,A,88,88,5.770620999981475,7.092591285705566,7.557782888412476,test_kl,-0.4651916027069092
shapley-20260606T024617Z-fc523473,conditional,A,89,89,5.831329299981007,7.490230321884155,6.940465450286865,test_kl,0.54976487159729
shapley-20260606T024617Z-fc523473,conditional,A,90,90,5.898644499979127,7.004764556884766,6.774284839630127,test_kl,0.23047971725463867
shapley-20260606T024617Z-fc523473,conditional,A,91,91,5.961136799978704,7.041054725646973,7.095586061477661,test_kl,-0.05453133583068848
shapley-20260606T024617Z-fc523473,conditional,A,92,92,6.023070099981851,6.641209602355957,6.5986878871917725,test_kl,0.04252171516418457
shapley-20260606T024617Z-fc523473,conditional,A,93,93,6.088095799983421,6.591044664382935,7.180366277694702,test_kl,-0.5893216133117676
shapley-20260606T024617Z-fc523473,conditional,A,94,94,6.152584799983742,7.083283424377441,6.675535440444946,test_kl,0.4077479839324951
shapley-20260606T024617Z-fc523473,conditional,A,95,95,6.215062699982809,7.103245496749878,6.574585437774658,test_kl,0.5286600589752197
shapley-20260606T024617Z-fc523473,conditional,A,96,96,6.283930799982045,6.450116872787476,6.90419602394104,test_kl,-0.45407915115356445
shapley-20260606T024617Z-fc523473,conditional,A,97,97,6.3492957999806094,6.562584161758423,6.610758543014526,test_kl,-0.048174381256103516
shapley-20260606T024617Z-fc523473,conditional,A,98,98,6.413932799980103,6.210378885269165,6.299414396286011,test_kl,-0.0890355110168457
shapley-20260606T024617Z-fc523473,conditional,A,99,99,6.479766799981007,6.547280550003052,6.345810413360596,test_kl,0.20147013664245605
shapley-20260606T024617Z-fc523473,conditional,A,100,100,6.542782499982423,6.651567459106445,6.191828727722168,test_kl,0.45973873138427734
shapley-20260606T024617Z-fc523473,conditional,A,101,101,6.605280599982507,6.504863262176514,6.050817489624023,test_kl,0.45404577255249023
shapley-20260606T024617Z-fc523473,conditional,A,102,102,6.670303799979592,6.064013242721558,6.174689292907715,test_kl,-0.11067605018615723
shapley-20260606T024617Z-fc523473,conditional,A,103,103,6.735555899980682,6.188005447387695,6.134787082672119,test_kl,0.05321836471557617
shapley-20260606T024617Z-fc523473,conditional,A,104,104,6.797584399981133,6.439964056015015,6.50713324546814,test_kl,-0.067169189453125
shapley-20260606T024617Z-fc523473,conditional,A,105,105,6.865046399980201,6.0554845333099365,6.168349266052246,test_kl,-0.11286473274230957
shapley-20260606T024617Z-fc523473,conditional,A,106,106,6.930753699980414,6.451093912124634,5.980279207229614,test_kl,0.47081470489501953
shapley-20260606T024617Z-fc523473,conditional,A,107,107,6.996225299979415,5.611307144165039,5.884107351303101,test_kl,-0.2728002071380615
shapley-20260606T024617Z-fc523473,conditional,A,108,108,7.060266899981798,5.69204044342041,5.969088554382324,test_kl,-0.27704811096191406
shapley-20260606T024617Z-fc523473,conditional,A,109,109,7.122846099980961,6.087768793106079,5.984224557876587,test_kl,0.10354423522949219
shapley-20260606T024617Z-fc523473,conditional,A,110,110,7.186155999981565,6.179969787597656,6.264530181884766,test_kl,-0.08456039428710938
shapley-20260606T024617Z-fc523473,conditional,A,111,111,7.250805199983006,5.443827629089356,5.668248891830444,test_kl,-0.22442126274108798
shapley-20260606T024617Z-fc523473,conditional,A,112,112,7.315127699981531,5.621948719024658,5.257858753204346,test_kl,0.3640899658203125
shapley-20260606T024617Z-fc523473,conditional,A,113,113,7.378831799982436,6.248992681503296,6.007822036743164,test_kl,0.24117064476013184
shapley-20260606T024617Z-fc523473,conditional,A,114,114,7.447569199979625,5.886045217514038,6.111070394515991,test_kl,-0.22502517700195312
shapley-20260606T024617Z-fc523473,conditional,A,115,115,7.514295299977675,5.1186683177948,5.569857597351074,test_kl,-0.4511892795562744
shapley-20260606T024617Z-fc523473,conditional,A,116,116,7.580054099977133,5.634431600570679,5.752399206161499,test_kl,-0.11796760559082031
shapley-20260606T024617Z-fc523473,conditional,A,117,117,7.645137899977271,5.257278203964233,5.292595863342285,test_kl,-0.03531765937805176
shapley-20260606T024617Z-fc523473,conditional,A,118,118,7.713402999976097,5.42301082611084,5.435975790023804,test_kl,-0.012964963912963867
shapley-20260606T024617Z-fc523473,conditional,A,119,119,7.776221499978419,5.6438047885894775,5.33557915687561,test_kl,0.3082256317138672
shapley-20260606T024617Z-fc523473,conditional,A,120,120,7.8458843999760575,5.463299989700317,5.812437057495117,test_kl,-0.3491370677947998
shapley-20260606T024617Z-fc523473,conditional,A,121,121,7.9179261999779555,4.944829940795898,5.038980484008789,test_kl,-0.09415054321289062
shapley-20260606T024617Z-fc523473,conditional,A,122,122,7.984205699976883,5.487783432006836,5.008162021636963,test_kl,0.47962141036987305
shapley-20260606T024617Z-fc523473,conditional,A,123,123,8.047430599977815,5.1282055377960205,5.371116399765015,test_kl,-0.24291086196899414
shapley-20260606T024617Z-fc523473,conditional,A,124,124,8.111566699979448,4.982106685638428,4.7154645919799805,test_kl,0.26664209365844727
shapley-20260606T024617Z-fc523473,conditional,A,125,125,8.180739299979905,5.025234937667847,5.25288462638855,test_kl,-0.22764968872070312
shapley-20260606T024617Z-fc523473,conditional,A,126,126,8.244943999980023,5.094129323959351,5.021162986755371,test_kl,0.07296633720397949
shapley-20260606T024617Z-fc523473,conditional,A,127,127,8.32545349997963,4.8882551193237305,5.319252252578735,test_kl,-0.4309971332550049
shapley-20260606T024617Z-fc523473,conditional,A,128,128,8.418804399978399,5.121741056442261,4.594022750854492,test_kl,0.5277183055877686
shapley-20260606T024617Z-fc523473,conditional,A,129,129,8.510421099977975,5.0146026611328125,5.083728313446045,test_kl,-0.06912565231323242
shapley-20260606T024617Z-fc523473,conditional,A,130,130,8.600264899978356,4.924869060516357,4.685358285903931,test_kl,0.23951077461242676
shapley-20260606T024617Z-fc523473,conditional,A,131,131,8.686226099980559,5.164306879043579,5.227712154388428,test_kl,-0.06340527534484863
shapley-20260606T024617Z-fc523473,conditional,A,132,132,8.753351899980771,4.913128614425659,4.967590093612671,test_kl,-0.05446147918701172
shapley-20260606T024617Z-fc523473,conditional,A,133,133,8.817288099980942,4.943532705307007,4.921785593032837,test_kl,0.021747112274169922
shapley-20260606T024617Z-fc523473,conditional,A,134,134,8.87909269998272,5.050185918807983,5.060754776000977,test_kl,-0.010568857192993164
shapley-20260606T024617Z-fc523473,conditional,A,135,135,8.948523199982446,4.858558893203735,4.988326787948608,test_kl,-0.12976789474487305
shapley-20260606T024617Z-fc523473,conditional,A,136,136,9.016054499981692,5.104114770889282,4.907457590103149,test_kl,0.1966571807861328
shapley-20260606T024617Z-fc523473,conditional,A,137,137,9.08311439998215,4.901902914047241,4.916033744812012,test_kl,-0.014130830764770508
shapley-20260606T024617Z-fc523473,conditional,A,138,138,9.147320199983367,5.030420064926148,4.925419092178345,test_kl,0.10500097274780362
shapley-20260606T024617Z-fc523473,conditional,A,139,139,9.213693599980616,5.0147864818573,5.075141906738281,test_kl,-0.060355424880981445
shapley-20260606T024617Z-fc523473,conditional,A,140,140,9.276104199980182,5.017145395278931,5.014792919158936,test_kl,0.002352476119994229
shapley-20260606T024617Z-fc523473,conditional,A,141,141,9.33892349998132,5.0808186531066895,5.027256965637207,test_kl,0.05356168746948242
shapley-20260606T024617Z-fc523473,conditional,A,142,142,9.4021061999847,4.98807168006897,5.089347839355469,test_kl,-0.10127615928649902
shapley-20260606T024617Z-fc523473,conditional,A,143,143,9.466752199983604,5.0492589473724365,4.95911431312561,test_kl,0.09014463424682617
shapley-20260606T024617Z-fc523473,conditional,A,144,144,9.535386699983064,4.864217519760132,4.983378887176514,test_kl,-0.11916136741638184
shapley-20260606T024617Z-fc523473,conditional,A,145,145,9.607189999984255,5.198112726211548,5.252260446548462,test_kl,-0.05414772033691406
shapley-20260606T024617Z-fc523473,conditional,A,146,146,9.674268199985818,4.834561824798584,4.913543224334717,test_kl,-0.07898139953613281
shapley-20260606T024617Z-fc523473,conditional,A,147,147,9.742094099987298,5.055795669555664,4.782776117324829,test_kl,0.27301955223083496
shapley-20260606T024617Z-fc523473,conditional,A,148,148,9.81134599998768,5.085006237030029,5.121062278747559,test_kl,-0.0360560417175293
shapley-20260606T024617Z-fc523473,conditional,A,149,149,9.87735919998886,5.047774791717529,4.9173431396484375,test_kl,0.1304316520690918
shapley-20260606T024617Z-fc523473,conditional,A,150,150,9.94042649999028,4.813043117523193,5.0383851528167725,test_kl,-0.2253420352935791
shapley-20260606T024617Z-fc523473,conditional,A,151,151,10.00323089999074,4.877143621444702,5.099296808242798,test_kl,-0.2221531867980957
shapley-20260606T024617Z-fc523473,conditional,A,152,152,10.079786899990722,4.999757051467896,4.961366415023804,test_kl,0.038390636444092685
shapley-20260606T024617Z-fc523473,conditional,A,153,153,10.151683999989473,5.0626301765441895,4.935542821884155,test_kl,0.12708735466003418
shapley-20260606T024617Z-fc523473,conditional,A,154,154,10.22499459998653,5.073140859603882,4.944231986999512,test_kl,0.12890887260437012
shapley-20260606T024617Z-fc523473,conditional,A,155,155,10.300418099985109,4.838580131530762,5.070475101470947,test_kl,-0.23189496994018555
shapley-20260606T024617Z-fc523473,conditional,A,156,156,10.36421589998281,4.921865701675415,5.06328821182251,test_kl,-0.14142251014709473
shapley-20260606T024617Z-fc523473,conditional,A,157,157,10.435753999983715,5.162396192550659,4.812358856201172,test_kl,0.3500373363494873
shapley-20260606T024617Z-fc523473,conditional,A,158,158,10.5019905999834,5.162862777709961,4.865877866744995,test_kl,0.2969849109649658
shapley-20260606T024617Z-fc523473,conditional,A,159,159,10.565472299982504,4.978304386138916,5.120898962020874,test_kl,-0.142594575881958
shapley-20260606T024617Z-fc523473,conditional,A,160,160,10.6319649999823,4.940731525421143,5.202347755432129,test_kl,-0.26161623001098633
shapley-20260606T024617Z-fc523473,conditional,A,161,161,10.698610199982795,5.015947103500366,5.017805576324463,test_kl,-0.0018584728240966797
shapley-20260606T024617Z-fc523473,conditional,A,162,162,10.761262299984082,5.061058044433594,4.882105350494385,test_kl,0.17895269393920898
shapley-20260606T024617Z-fc523473,conditional,A,163,163,10.827016699986416,4.96644139289856,4.90129280090332,test_kl,0.06514859199523926
shapley-20260606T024617Z-fc523473,conditional,A,164,164,10.89172809998854,4.898965835571289,5.120243787765503,test_kl,-0.22127795219421387
shapley-20260606T024617Z-fc523473,conditional,A,165,165,10.959447899989756,4.970463752746582,5.184033393859863,test_kl,-0.21356964111328125
shapley-20260606T024617Z-fc523473,conditional,A,166,166,11.02322619998813,5.136423826217651,4.962855815887451,test_kl,0.1735680103302002
shapley-20260606T024617Z-fc523473,conditional,A,167,167,11.089473199990609,5.013815402984619,4.916223049163818,test_kl,0.09759235382080078
shapley-20260606T024617Z-fc523473,conditional,A,168,168,11.158248999989157,4.8004209995269775,5.0168070793151855,test_kl,-0.216386079788208
shapley-20260606T024617Z-fc523473,conditional,A,169,169,11.226588399986213,4.86217737197876,4.970805644989014,test_kl,-0.1086282730102539
shapley-20260606T024617Z-fc523473,conditional,A,170,170,11.293256199984173,5.016269207000732,4.90901780128479,test_kl,0.10725140571594238
shapley-20260606T024617Z-fc523473,conditional,A,171,171,11.357911199982482,5.118102073669434,4.972589015960693,test_kl,0.14551305770874023
shapley-20260606T024617Z-fc523473,conditional,A,172,172,11.423556499983532,5.121485471725464,5.057995796203613,test_kl,0.06348967552185059
shapley-20260606T024617Z-fc523473,conditional,A,173,173,11.489440699984698,5.077277898788452,5.042972803115845,test_kl,0.03430509567260742
shapley-20260606T024617Z-fc523473,conditional,A,174,174,11.552191299986587,4.998931884765625,5.016329050064087,test_kl,-0.017397165298461914
shapley-20260606T024617Z-fc523473,conditional,A,175,175,11.619961199983663,4.919729471206665,5.041034460067749,test_kl,-0.12130498886108398
shapley-20260606T024617Z-fc523473,conditional,A,176,176,11.685000499983287,4.882611989974976,4.970235586166382,test_kl,-0.08762359619140625
shapley-20260606T024617Z-fc523473,conditional,A,177,177,11.747900999984267,4.934128761291504,4.977162599563599,test_kl,-0.04303383827209473
shapley-20260606T024617Z-fc523473,conditional,A,178,178,11.814982399984729,5.019373893737793,4.993437051773071,test_kl,0.02593684196472168
shapley-20260606T024617Z-fc523473,conditional,A,179,179,11.880633299984764,5.043275356292725,5.026344299316406,test_kl,0.01693105697631836
shapley-20260606T024617Z-fc523473,conditional,A,180,180,11.944265999984054,5.053421258926392,5.022709846496582,test_kl,0.03071141242980957
shapley-20260606T024617Z-fc523473,conditional,A,181,181,12.01091649998125,5.029458522796631,4.952245473861694,test_kl,0.07721304893493652
shapley-20260606T024617Z-fc523473,conditional,A,182,182,12.078488399980415,5.012203931808472,4.972384929656982,test_kl,0.03981900215148926
shapley-20260606T024617Z-fc523473,conditional,A,183,183,12.146237399978418,5.022591590881348,5.02285623550415,test_kl,-0.0002646446228027344
shapley-20260606T024617Z-fc523473,conditional,A,184,184,12.212351299978764,5.009929418563843,5.054485559463501,test_kl,-0.0445561408996582
shapley-20260606T024617Z-fc523473,conditional,A,185,185,12.275081599978876,4.976016521453857,5.006879806518555,test_kl,-0.030863285064697266
shapley-20260606T024617Z-fc523473,conditional,A,186,186,12.337702299981174,4.946811437606812,4.928933382034302,test_kl,0.017878055572510654
shapley-20260606T024617Z-fc523473,conditional,A,187,187,12.402725799984182,4.936097860336304,4.940078020095825,test_kl,-0.003980159759521484
shapley-20260606T024617Z-fc523473,conditional,A,188,188,12.470426099982433,4.963031053543091,4.950034856796265,test_kl,0.012996196746826172
shapley-20260606T024617Z-fc523473,conditional,A,189,189,12.53399729998273,4.999590396881104,4.942157745361328,test_kl,0.05743265151977628
shapley-20260606T024617Z-fc523473,conditional,A,190,190,12.60132799998246,5.032605886459351,4.944146633148193,test_kl,0.08845925331115723
shapley-20260606T024617Z-fc523473,conditional,A,191,191,12.670504799982156,5.0502214431762695,4.996490240097046,test_kl,0.05373120307922363
shapley-20260606T024617Z-fc523473,conditional,A,192,192,12.733871799984628,5.04346227645874,5.023375034332275,test_kl,0.020087242126464844
shapley-20260606T024617Z-fc523473,conditional,A,193,193,12.798667599985492,5.027848243713379,5.047888517379761,test_kl,-0.020040273666381836
shapley-20260606T024617Z-fc523473,conditional,A,194,194,12.863229799982946,5.008530378341675,5.033700942993164,test_kl,-0.025170564651489258
shapley-20260606T024617Z-fc523473,conditional,A,195,195,12.925551199983602,5.000351190567017,5.015229225158691,test_kl,-0.014878034591674805
shapley-20260606T024617Z-fc523473,conditional,A,196,196,12.994602199982182,5.008694171905518,5.002537727355957,test_kl,0.006156444549560547
shapley-20260606T024617Z-fc523473,conditional,A,197,197,13.057591899982071,5.023038387298584,4.998801469802856,test_kl,0.024236917495728427
shapley-20260606T024617Z-fc523473,conditional,A,198,198,13.122195799984183,5.027917146682739,4.987924337387085,test_kl,0.0399928092956543
shapley-20260606T024617Z-fc523473,conditional,A,199,199,13.183885299986288,5.029397964477539,4.98615026473999,test_kl,0.04324769973754883
