node_id,mask,coalition_size,c_value,mean,second_moment,variance,effective_count,effective_count_pre,blend_weight,probability,n_new,global_progress,epoch,cycle,sampling_phase,run_id,training_type,shapley_tactic
0,0,0,1.0,-1.4223058223724363,2.2186641693115234,0.1957104206085205,32.0,0.0,1.0,0.1666045933961868,32,0.0,49,0,1,shapley-20260606T032116Z-d77a7a1c,shapley,baseline
1,10000,1,0.4000000059604645,-1.1961913108825684,1.6007871627807615,0.1699135303497314,32.0,0.0,1.0,0.0627219229936599,32,0.0,49,0,1,shapley-20260606T032116Z-d77a7a1c,shapley,baseline
2,1000,1,0.4000000059604645,-0.4541839957237243,0.2325449883937835,0.026261880993843,32.0,0.0,1.0,0.0252654496580362,32,0.0,49,0,1,shapley-20260606T032116Z-d77a7a1c,shapley,baseline
3,11000,2,0.2000000029802322,-0.2981177866458893,0.109779804944992,0.0209055915474891,32.0,0.0,1.0,0.01182496920228,32,0.0,49,0,1,shapley-20260606T032116Z-d77a7a1c,shapley,baseline
4,100,1,0.4000000059604645,-1.1430840492248535,1.6637108325958252,0.357069730758667,32.0,0.0,1.0,0.0904750525951385,32,0.0,49,0,1,shapley-20260606T032116Z-d77a7a1c,shapley,baseline
5,10100,2,0.2000000029802322,-0.9630281925201416,1.0757319927215576,0.1483086943626403,32.0,0.0,1.0,0.0298322644084692,32,0.0,49,0,1,shapley-20260606T032116Z-d77a7a1c,shapley,baseline
6,1100,2,0.2000000029802322,-0.2575814723968506,0.084283098578453,0.0179348811507225,32.0,0.0,1.0,0.0110263917595148,32,0.0,49,0,1,shapley-20260606T032116Z-d77a7a1c,shapley,baseline
7,11100,3,0.2000000029802322,-0.1429762542247772,0.0328961908817291,0.012453980743885,32.0,0.0,1.0,0.0093550588935613,32,0.0,49,0,1,shapley-20260606T032116Z-d77a7a1c,shapley,baseline
8,10,1,0.4000000059604645,-1.1929147243499756,1.6357649564743042,0.212719440460205,32.0,0.0,1.0,0.0700603872537612,32,0.0,49,0,1,shapley-20260606T032116Z-d77a7a1c,shapley,baseline
9,10010,2,0.2000000029802322,-1.1569476127624512,1.4414561986923218,0.1029284000396728,32.0,0.0,1.0,0.0250194501131773,32,0.0,49,0,1,shapley-20260606T032116Z-d77a7a1c,shapley,baseline
10,1010,2,0.2000000029802322,-0.3313073515892029,0.128550499677658,0.0187859386205673,32.0,0.0,1.0,0.0112615237012505,32,0.0,49,0,1,shapley-20260606T032116Z-d77a7a1c,shapley,baseline
11,11010,3,0.2000000029802322,-0.2476789206266403,0.0697777718305587,0.008432924747467,32.0,0.0,1.0,0.0078751873224973,32,0.0,49,0,1,shapley-20260606T032116Z-d77a7a1c,shapley,baseline
12,110,2,0.2000000029802322,-0.8643713593482971,0.8907687664031982,0.1436309218406677,32.0,0.0,1.0,0.0293739233165979,32,0.0,49,0,1,shapley-20260606T032116Z-d77a7a1c,shapley,baseline
13,10110,3,0.2000000029802322,-0.8902230262756348,0.866356611251831,0.0738595724105835,32.0,0.0,1.0,0.0213469248265028,32,0.0,49,0,1,shapley-20260606T032116Z-d77a7a1c,shapley,baseline
14,1110,3,0.2000000029802322,-0.1472843140363693,0.0420694276690483,0.0203767586499452,32.0,0.0,1.0,0.0116871763020753,32,0.0,49,0,1,shapley-20260606T032116Z-d77a7a1c,shapley,baseline
15,11110,4,0.4000000059604645,-0.0587597861886024,0.0098392190411686,0.0063865063712,32.0,0.0,1.0,0.0129662239924073,32,0.0,49,0,1,shapley-20260606T032116Z-d77a7a1c,shapley,baseline
16,1,1,0.4000000059604645,-1.1626237630844116,1.5315581560134888,0.1798641681671142,32.0,0.0,1.0,0.064503513276577,32,0.0,49,0,1,shapley-20260606T032116Z-d77a7a1c,shapley,baseline
17,10001,2,0.2000000029802322,-1.1227397918701172,1.5124547481536863,0.2519100904464721,32.0,0.0,1.0,0.0385766588151454,32,0.0,49,0,1,shapley-20260606T032116Z-d77a7a1c,shapley,baseline
18,1001,2,0.2000000029802322,-0.3726853132247925,0.1560765206813812,0.017182171344757,32.0,0.0,1.0,0.0108137363567948,32,0.0,49,0,1,shapley-20260606T032116Z-d77a7a1c,shapley,baseline
19,11001,3,0.2000000029802322,-0.2877539098262787,0.1011333242058754,0.0183310136198997,32.0,0.0,1.0,0.011136514134705,32,0.0,49,0,1,shapley-20260606T032116Z-d77a7a1c,shapley,baseline
20,101,2,0.2000000029802322,-0.9429161548614502,1.0222043991088867,0.1331135034561157,32.0,0.0,1.0,0.0283153336495161,32,0.0,49,0,1,shapley-20260606T032116Z-d77a7a1c,shapley,baseline
21,10101,3,0.2000000029802322,-1.025184154510498,1.3095959424972534,0.2585934400558471,32.0,0.0,1.0,0.0390718653798103,32,0.0,49,0,1,shapley-20260606T032116Z-d77a7a1c,shapley,baseline
22,1101,3,0.2000000029802322,-0.173492431640625,0.0428741052746772,0.0127744823694229,32.0,0.0,1.0,0.0094618834555149,32,0.0,49,0,1,shapley-20260606T032116Z-d77a7a1c,shapley,baseline
23,11101,4,0.4000000059604645,-0.0718740373849868,0.0098588354885578,0.004692958202213,32.0,0.0,1.0,0.0112576708197593,32,0.0,49,0,1,shapley-20260606T032116Z-d77a7a1c,shapley,baseline
24,11,2,0.2000000029802322,-1.0969905853271484,1.3887193202972412,0.1853309869766235,32.0,0.0,1.0,0.0332306772470474,32,0.0,49,0,1,shapley-20260606T032116Z-d77a7a1c,shapley,baseline
25,10011,3,0.2000000029802322,-1.1368615627288818,1.501964449882507,0.2095102071762085,32.0,0.0,1.0,0.0352687276899814,32,0.0,49,0,1,shapley-20260606T032116Z-d77a7a1c,shapley,baseline
26,1011,3,0.2000000029802322,-0.2301521897315979,0.061944842338562,0.0089748129248619,32.0,0.0,1.0,0.0080926436930894,32,0.0,49,0,1,shapley-20260606T032116Z-d77a7a1c,shapley,baseline
27,11011,4,0.4000000059604645,-0.1583358496427536,0.0284904483705759,0.0034202076494693,32.0,0.0,1.0,0.009756926447153,32,0.0,49,0,1,shapley-20260606T032116Z-d77a7a1c,shapley,baseline
28,111,3,0.2000000029802322,-0.8261751532554626,0.8251643180847168,0.1425989270210266,32.0,0.0,1.0,0.0292718056589365,32,0.0,49,0,1,shapley-20260606T032116Z-d77a7a1c,shapley,baseline
29,10111,4,0.4000000059604645,-0.9247815012931824,1.0277758836746216,0.1725550293922424,32.0,0.0,1.0,0.063199833035469,32,0.0,49,0,1,shapley-20260606T032116Z-d77a7a1c,shapley,baseline
30,1111,4,0.4000000059604645,-0.0645955651998519,0.0080681415274739,0.0038955546915531,32.0,0.0,1.0,0.0103456620126962,32,0.0,49,0,1,shapley-20260606T032116Z-d77a7a1c,shapley,baseline
31,11111,5,1.0,0.0,0.0,0.0,32.0,0.0,1.0,0.0010000000474974,32,0.0,49,0,1,shapley-20260606T032116Z-d77a7a1c,shapley,baseline
0,0,0,1.0,-1.4536064863204956,2.3962395191192627,0.2832677364349365,256.0,32.0,0.8888888955116272,0.1888137906789779,256,0.0,69,1,2,shapley-20260606T032116Z-d77a7a1c,shapley,baseline
1,10000,1,0.4000000059604645,-1.3167237043380735,1.9803087711334229,0.2465474605560302,160.0,32.0,0.800000011920929,0.0710872784256935,128,0.0,69,1,2,shapley-20260606T032116Z-d77a7a1c,shapley,baseline
2,1000,1,0.4000000059604645,-0.4564455151557922,0.2410332858562469,0.0326907783746719,64.0,32.0,0.5,0.0265212245285511,32,0.0,69,1,2,shapley-20260606T032116Z-d77a7a1c,shapley,baseline
3,11000,2,0.2000000029802322,-0.2981177866458893,0.109779804944992,0.0209055915474891,32.0,0.0,1.0,0.011204463429749,0,0.0,69,1,2,shapley-20260606T032116Z-d77a7a1c,shapley,baseline
4,100,1,0.4000000059604645,-1.2121903896331787,1.683251142501831,0.2138456106185913,192.0,32.0,0.8333333134651184,0.0662738308310508,160,0.0,69,1,2,shapley-20260606T032116Z-d77a7a1c,shapley,baseline
5,10100,2,0.2000000029802322,-1.0490974187850952,1.2862298488616943,0.1856244802474975,96.0,32.0,0.6666666865348816,0.031407207250595,64,0.0,69,1,2,shapley-20260606T032116Z-d77a7a1c,shapley,baseline
6,1100,2,0.2000000029802322,-0.2667856812477112,0.0975673720240593,0.0263927727937698,64.0,32.0,0.5,0.0124657228589057,32,0.0,69,1,2,shapley-20260606T032116Z-d77a7a1c,shapley,baseline
7,11100,3,0.2000000029802322,-0.1429762542247772,0.0328961908817291,0.012453980743885,32.0,0.0,1.0,0.0088761327788233,0,0.0,69,1,2,shapley-20260606T032116Z-d77a7a1c,shapley,baseline
8,10,1,0.4000000059604645,-1.2906965017318726,1.8681390285491943,0.2022415399551391,160.0,32.0,0.800000011920929,0.0644781291484832,128,0.0,69,1,2,shapley-20260606T032116Z-d77a7a1c,shapley,baseline
9,10010,2,0.2000000029802322,-1.1689971685409546,1.543912649154663,0.1773582696914672,64.0,32.0,0.5,0.0307224541902542,32,0.0,69,1,2,shapley-20260606T032116Z-d77a7a1c,shapley,baseline
10,1010,2,0.2000000029802322,-0.3313073515892029,0.128550499677658,0.0187859386205673,32.0,0.0,1.0,0.0106733161956071,0,0.0,69,1,2,shapley-20260606T032116Z-d77a7a1c,shapley,baseline
11,11010,3,0.2000000029802322,-0.232018306851387,0.063286617398262,0.0094541236758232,64.0,32.0,0.5,0.0078622978180646,32,0.0,69,1,2,shapley-20260606T032116Z-d77a7a1c,shapley,baseline
12,110,2,0.2000000029802322,-0.9665924310684204,1.0533719062805176,0.1190710067749023,96.0,32.0,0.6666666865348816,0.025353530421853,64,0.0,69,1,2,shapley-20260606T032116Z-d77a7a1c,shapley,baseline
13,10110,3,0.2000000029802322,-0.9141823053359984,0.9614339470863342,0.1257046461105346,96.0,32.0,0.6666666865348816,0.0260227248072624,64,0.0,69,1,2,shapley-20260606T032116Z-d77a7a1c,shapley,baseline
14,1110,3,0.2000000029802322,-0.1472843140363693,0.0420694276690483,0.0203767586499452,32.0,0.0,1.0,0.0110745690762996,0,0.0,69,1,2,shapley-20260606T032116Z-d77a7a1c,shapley,baseline
15,11110,4,0.4000000059604645,-0.0587597861886024,0.0098392190411686,0.0063865063712,32.0,0.0,1.0,0.0122802993282675,0,0.0,69,1,2,shapley-20260606T032116Z-d77a7a1c,shapley,baseline
16,1,1,0.4000000059604645,-1.3165103197097778,1.978538990020752,0.2453395128250122,128.0,32.0,0.75,0.0709153711795806,96,0.0,69,1,2,shapley-20260606T032116Z-d77a7a1c,shapley,baseline
17,10001,2,0.2000000029802322,-1.2175980806350708,1.7609384059906006,0.2783932685852051,128.0,32.0,0.75,0.038238164037466,96,0.0,69,1,2,shapley-20260606T032116Z-d77a7a1c,shapley,baseline
18,1001,2,0.2000000029802322,-0.3726853132247925,0.1560765206813812,0.017182171344757,32.0,0.0,1.0,0.0102511970326304,0,0.0,69,1,2,shapley-20260606T032116Z-d77a7a1c,shapley,baseline
19,11001,3,0.2000000029802322,-0.2955408692359924,0.1094840541481971,0.0221396461129188,64.0,32.0,0.5,0.0115013290196657,32,0.0,69,1,2,shapley-20260606T032116Z-d77a7a1c,shapley,baseline
20,101,2,0.2000000029802322,-1.0117740631103516,1.206443428993225,0.1827566623687744,64.0,32.0,0.5,0.0311714056879282,32,0.0,69,1,2,shapley-20260606T032116Z-d77a7a1c,shapley,baseline
21,10101,3,0.2000000029802322,-1.016995549201965,1.262817621231079,0.2285376787185669,128.0,32.0,0.75,0.0347394384443759,96,0.0,69,1,2,shapley-20260606T032116Z-d77a7a1c,shapley,baseline
22,1101,3,0.2000000029802322,-0.173492431640625,0.0428741052746772,0.0127744823694229,32.0,0.0,1.0,0.0089768338948488,0,0.0,69,1,2,shapley-20260606T032116Z-d77a7a1c,shapley,baseline
23,11101,4,0.4000000059604645,-0.0718740373849868,0.0098588354885578,0.004692958202213,32.0,0.0,1.0,0.0106696840375661,0,0.0,69,1,2,shapley-20260606T032116Z-d77a7a1c,shapley,baseline
24,11,2,0.2000000029802322,-1.096182107925415,1.3956735134124756,0.1940582990646362,64.0,32.0,0.5,0.0320903100073337,32,0.0,69,1,2,shapley-20260606T032116Z-d77a7a1c,shapley,baseline
25,10011,3,0.2000000029802322,-1.1368615627288818,1.501964449882507,0.2095102071762085,32.0,0.0,1.0,0.0333043858408927,0,0.0,69,1,2,shapley-20260606T032116Z-d77a7a1c,shapley,baseline
26,1011,3,0.2000000029802322,-0.2301521897315979,0.061944842338562,0.0089748129248619,32.0,0.0,1.0,0.0076860813423991,0,0.0,69,1,2,shapley-20260606T032116Z-d77a7a1c,shapley,baseline
27,11011,4,0.4000000059604645,-0.1646741777658462,0.0313644744455814,0.0042468905448913,64.0,32.0,0.5,0.0101986583322286,32,0.0,69,1,2,shapley-20260606T032116Z-d77a7a1c,shapley,baseline
28,111,3,0.2000000029802322,-0.8793593645095825,0.92161363363266,0.1483407616615295,128.0,32.0,0.75,0.0281824879348278,96,0.0,69,1,2,shapley-20260606T032116Z-d77a7a1c,shapley,baseline
29,10111,4,0.4000000059604645,-0.8630753755569458,0.8975421190261841,0.1526430249214172,128.0,32.0,0.75,0.0561477020382881,96,0.0,69,1,2,shapley-20260606T032116Z-d77a7a1c,shapley,baseline
30,1111,4,0.4000000059604645,-0.0645955651998519,0.0080681415274739,0.0038955546915531,32.0,0.0,1.0,0.0098099522292613,0,0.0,69,1,2,shapley-20260606T032116Z-d77a7a1c,shapley,baseline
31,11111,5,1.0,0.0,0.0,0.0,32.0,0.0,1.0,0.0010000000474974,0,0.0,69,1,2,shapley-20260606T032116Z-d77a7a1c,shapley,baseline
0,0,0,1.0,-1.512885570526123,2.675992965698242,0.3871703147888183,256.0,256.0,0.5,0.1982770264148712,256,0.0,89,2,3,shapley-20260606T032116Z-d77a7a1c,shapley,baseline
1,10000,1,0.4000000059604645,-1.379573106765747,2.2628602981567383,0.3596383333206177,256.0,160.0,0.375,0.0770533755421638,96,0.0,89,2,3,shapley-20260606T032116Z-d77a7a1c,shapley,baseline
2,1000,1,0.4000000059604645,-0.4564455151557922,0.2410332858562469,0.0326907783746719,64.0,32.0,0.5,0.0239296853542327,0,0.0,89,2,3,shapley-20260606T032116Z-d77a7a1c,shapley,baseline
3,11000,2,0.2000000029802322,-0.2981177866458893,0.109779804944992,0.0209055915474891,32.0,0.0,1.0,0.0101682562381029,0,0.0,89,2,3,shapley-20260606T032116Z-d77a7a1c,shapley,baseline
4,100,1,0.4000000059604645,-1.239973783493042,1.7952978610992432,0.2577629089355469,256.0,192.0,0.4545454680919647,0.0653866305947303,160,0.0,89,2,3,shapley-20260606T032116Z-d77a7a1c,shapley,baseline
5,10100,2,0.2000000029802322,-1.09601092338562,1.4536981582641602,0.2524582147598266,192.0,96.0,0.5,0.0328603275120258,96,0.0,89,2,3,shapley-20260606T032116Z-d77a7a1c,shapley,baseline
6,1100,2,0.2000000029802322,-0.2667856812477112,0.0975673720240593,0.0263927727937698,64.0,32.0,0.5,0.0113014420494437,0,0.0,89,2,3,shapley-20260606T032116Z-d77a7a1c,shapley,baseline
7,11100,3,0.2000000029802322,-0.1426843106746673,0.0339283421635627,0.0135695300996303,64.0,32.0,0.5,0.0083864862099289,32,0.0,89,2,3,shapley-20260606T032116Z-d77a7a1c,shapley,baseline
8,10,1,0.4000000059604645,-1.349468469619751,2.0648083686828613,0.2437431812286377,256.0,160.0,0.375,0.0636111572384834,96,0.0,89,2,3,shapley-20260606T032116Z-d77a7a1c,shapley,baseline
9,10010,2,0.2000000029802322,-1.1801817417144775,1.6623601913452148,0.26953125,128.0,64.0,0.5,0.0339200161397457,64,0.0,89,2,3,shapley-20260606T032116Z-d77a7a1c,shapley,baseline
10,1010,2,0.2000000029802322,-0.3198208510875702,0.1212124526500701,0.0189270749688148,64.0,32.0,0.5,0.0097236298024654,32,0.0,89,2,3,shapley-20260606T032116Z-d77a7a1c,shapley,baseline
11,11010,3,0.2000000029802322,-0.2243149578571319,0.060054387897253,0.0097371861338615,96.0,64.0,0.3333333432674408,0.0072570880874991,32,0.0,89,2,3,shapley-20260606T032116Z-d77a7a1c,shapley,baseline
12,110,2,0.2000000029802322,-0.9747157096862792,1.0848727226257324,0.134801983833313,160.0,96.0,0.4000000059604645,0.0242811068892478,64,0.0,89,2,3,shapley-20260606T032116Z-d77a7a1c,shapley,baseline
13,10110,3,0.2000000029802322,-0.9524197578430176,1.0553734302520752,0.1482700109481811,192.0,96.0,0.5,0.0254164319485425,96,0.0,89,2,3,shapley-20260606T032116Z-d77a7a1c,shapley,baseline
14,1110,3,0.2000000029802322,-0.1328330338001251,0.0373981818556785,0.0197535678744316,64.0,32.0,0.5,0.0099120633676648,32,0.0,89,2,3,shapley-20260606T032116Z-d77a7a1c,shapley,baseline
15,11110,4,0.4000000059604645,-0.0587597861886024,0.0098392190411686,0.0063865063712,32.0,0.0,1.0,0.0111348470672965,0,0.0,89,2,3,shapley-20260606T032116Z-d77a7a1c,shapley,baseline
16,1,1,0.4000000059604645,-1.4096331596374512,2.342376470565796,0.3553107976913452,224.0,128.0,0.4285714328289032,0.0765944123268127,96,0.0,89,2,3,shapley-20260606T032116Z-d77a7a1c,shapley,baseline
17,10001,2,0.2000000029802322,-1.2497045993804932,1.879554033279419,0.3177924156188965,192.0,128.0,0.3333333432674408,0.0367459803819656,64,0.0,89,2,3,shapley-20260606T032116Z-d77a7a1c,shapley,baseline
18,1001,2,0.2000000029802322,-0.3444299697875976,0.138095811009407,0.0194638073444366,64.0,32.0,0.5,0.0098464572802186,32,0.0,89,2,3,shapley-20260606T032116Z-d77a7a1c,shapley,baseline
19,11001,3,0.2000000029802322,-0.2955408692359924,0.1094840541481971,0.0221396461129188,64.0,32.0,0.5,0.0104349767789244,0,0.0,89,2,3,shapley-20260606T032116Z-d77a7a1c,shapley,baseline
20,101,2,0.2000000029802322,-1.0629254579544067,1.373932123184204,0.2441215515136718,96.0,64.0,0.3333333432674408,0.0323298647999763,32,0.0,89,2,3,shapley-20260606T032116Z-d77a7a1c,shapley,baseline
21,10101,3,0.2000000029802322,-1.050148367881775,1.3588597774505615,0.2560482025146484,160.0,128.0,0.2000000029802322,0.0330860577523708,32,0.0,89,2,3,shapley-20260606T032116Z-d77a7a1c,shapley,baseline
22,1101,3,0.2000000029802322,-0.173492431640625,0.0428741052746772,0.0127744823694229,32.0,0.0,1.0,0.0081668309867382,0,0.0,89,2,3,shapley-20260606T032116Z-d77a7a1c,shapley,baseline
23,11101,4,0.4000000059604645,-0.0745585113763809,0.0100316433236002,0.0044726715423166,64.0,32.0,0.5,0.0094814291223883,32,0.0,89,2,3,shapley-20260606T032116Z-d77a7a1c,shapley,baseline
24,11,2,0.2000000029802322,-1.096182107925415,1.3956735134124756,0.1940582990646362,64.0,32.0,0.5,0.0289332587271928,0,0.0,89,2,3,shapley-20260606T032116Z-d77a7a1c,shapley,baseline
25,10011,3,0.2000000029802322,-1.149685978889465,1.6351085901260376,0.3133307695388794,192.0,32.0,0.8333333134651184,0.0364941656589508,160,0.0,89,2,3,shapley-20260606T032116Z-d77a7a1c,shapley,baseline
26,1011,3,0.2000000029802322,-0.2235801517963409,0.0585064254701137,0.0085183419287204,64.0,32.0,0.5,0.0068523874506354,32,0.0,89,2,3,shapley-20260606T032116Z-d77a7a1c,shapley,baseline
27,11011,4,0.4000000059604645,-0.1646741777658462,0.0313644744455814,0.0042468905448913,64.0,32.0,0.5,0.0092645855620503,0,0.0,89,2,3,shapley-20260606T032116Z-d77a7a1c,shapley,baseline
28,111,3,0.2000000029802322,-0.8993459939956665,0.975663125514984,0.1668398976325988,160.0,128.0,0.2000000029802322,0.0269003398716449,32,0.0,89,2,3,shapley-20260606T032116Z-d77a7a1c,shapley,baseline
29,10111,4,0.4000000059604645,-0.8632839918136597,0.9091085195541382,0.1638492941856384,160.0,128.0,0.2000000029802322,0.0523343086242675,32,0.0,89,2,3,shapley-20260606T032116Z-d77a7a1c,shapley,baseline
30,1111,4,0.4000000059604645,-0.0645955651998519,0.0080681415274739,0.0038955546915531,32.0,0.0,1.0,0.0089153507724404,0,0.0,89,2,3,shapley-20260606T032116Z-d77a7a1c,shapley,baseline
31,11111,5,1.0,0.0,0.0,0.0,32.0,0.0,1.0,0.0010000000474974,0,0.0,89,2,3,shapley-20260606T032116Z-d77a7a1c,shapley,baseline
0,0,0,1.0,-1.723148226737976,3.7447781562805176,0.775538444519043,256.0,256.0,0.4666666686534881,0.2215917408466339,224,0.0,109,3,4,shapley-20260606T032116Z-d77a7a1c,shapley,baseline
1,10000,1,0.4000000059604645,-1.5188548564910889,2.9735119342803955,0.6665918827056885,256.0,256.0,0.4285714328289032,0.0828045755624771,192,0.0,109,3,4,shapley-20260606T032116Z-d77a7a1c,shapley,baseline
2,1000,1,0.4000000059604645,-0.4068672657012939,0.1988673061132431,0.0333263278007507,96.0,64.0,0.3333333432674408,0.0192911624908447,32,0.0,109,3,4,shapley-20260606T032116Z-d77a7a1c,shapley,baseline
3,11000,2,0.2000000029802322,-0.2849738001823425,0.0996256694197654,0.0184156000614166,64.0,32.0,0.5,0.007798459380865,32,0.0,109,3,4,shapley-20260606T032116Z-d77a7a1c,shapley,baseline
4,100,1,0.4000000059604645,-1.2720556259155271,1.929552674293518,0.3114271163940429,256.0,256.0,0.1111111119389534,0.0569146685302257,32,0.0,109,3,4,shapley-20260606T032116Z-d77a7a1c,shapley,baseline
5,10100,2,0.2000000029802322,-1.2018547058105469,1.8656730651855469,0.4212182760238647,256.0,192.0,0.25,0.0335140526294708,64,0.0,109,3,4,shapley-20260606T032116Z-d77a7a1c,shapley,baseline
6,1100,2,0.2000000029802322,-0.2667856812477112,0.0975673720240593,0.0263927727937698,64.0,32.0,0.5,0.0091387955471873,0,0.0,109,3,4,shapley-20260606T032116Z-d77a7a1c,shapley,baseline
7,11100,3,0.2000000029802322,-0.1426843106746673,0.0339283421635627,0.0135695300996303,64.0,32.0,0.5,0.0068357945419847,0,0.0,109,3,4,shapley-20260606T032116Z-d77a7a1c,shapley,baseline
8,10,1,0.4000000059604645,-1.5115810632705688,2.868504524230957,0.5836272239685059,256.0,256.0,0.5,0.0775447487831115,256,0.0,109,3,4,shapley-20260606T032116Z-d77a7a1c,shapley,baseline
9,10010,2,0.2000000029802322,-1.274824142456055,2.0111050605773926,0.3859285116195678,160.0,128.0,0.2000000029802322,0.0321222506463527,32,0.0,109,3,4,shapley-20260606T032116Z-d77a7a1c,shapley,baseline
10,1010,2,0.2000000029802322,-0.3198208510875702,0.1212124526500701,0.0189270749688148,64.0,32.0,0.5,0.0078922230750322,0,0.0,109,3,4,shapley-20260606T032116Z-d77a7a1c,shapley,baseline
11,11010,3,0.2000000029802322,-0.2243149578571319,0.060054387897253,0.0097371861338615,96.0,64.0,0.3333333432674408,0.0059434976428747,0,0.0,109,3,4,shapley-20260606T032116Z-d77a7a1c,shapley,baseline
12,110,2,0.2000000029802322,-1.0734723806381226,1.4056437015533447,0.2533007860183716,224.0,160.0,0.2857142984867096,0.0262136571109294,64,0.0,109,3,4,shapley-20260606T032116Z-d77a7a1c,shapley,baseline
13,10110,3,0.2000000029802322,-0.9974538087844848,1.2263858318328855,0.2314717173576355,224.0,192.0,0.1428571492433548,0.0251027476042509,32,0.0,109,3,4,shapley-20260606T032116Z-d77a7a1c,shapley,baseline
14,1110,3,0.2000000029802322,-0.1328330338001251,0.0373981818556785,0.0197535678744316,64.0,32.0,0.5,0.0080410968512296,0,0.0,109,3,4,shapley-20260606T032116Z-d77a7a1c,shapley,baseline
15,11110,4,0.4000000059604645,-0.0346607491374015,0.0047519961372017,0.0035506286658346,96.0,32.0,0.6666666865348816,0.0069703552871942,64,0.0,109,3,4,shapley-20260606T032116Z-d77a7a1c,shapley,baseline
16,1,1,0.4000000059604645,-1.5510945320129397,2.949183464050293,0.5432891845703125,256.0,224.0,0.3636363744735718,0.0748521462082862,128,0.0,109,3,4,shapley-20260606T032116Z-d77a7a1c,shapley,baseline
17,10001,2,0.2000000029802322,-1.4692201614379885,2.838564872741699,0.6799569129943848,256.0,192.0,0.4000000059604645,0.0423102937638759,128,0.0,109,3,4,shapley-20260606T032116Z-d77a7a1c,shapley,baseline
18,1001,2,0.2000000029802322,-0.3444299697875976,0.138095811009407,0.0194638073444366,64.0,32.0,0.5,0.0079892640933394,0,0.0,109,3,4,shapley-20260606T032116Z-d77a7a1c,shapley,baseline
19,11001,3,0.2000000029802322,-0.2955408692359924,0.1094840541481971,0.0221396461129188,64.0,32.0,0.5,0.0084542324766516,0,0.0,109,3,4,shapley-20260606T032116Z-d77a7a1c,shapley,baseline
20,101,2,0.2000000029802322,-1.1759188175201416,1.744930863380432,0.3621457815170288,128.0,96.0,0.25,0.0311480537056922,32,0.0,109,3,4,shapley-20260606T032116Z-d77a7a1c,shapley,baseline
21,10101,3,0.2000000029802322,-1.0970792770385742,1.5553027391433716,0.351719856262207,224.0,160.0,0.2857142984867096,0.0307109151035547,64,0.0,109,3,4,shapley-20260606T032116Z-d77a7a1c,shapley,baseline
22,1101,3,0.2000000029802322,-0.173492431640625,0.0428741052746772,0.0127744823694229,32.0,0.0,1.0,0.0066622528247535,0,0.0,109,3,4,shapley-20260606T032116Z-d77a7a1c,shapley,baseline
23,11101,4,0.4000000059604645,-0.0745585113763809,0.0100316433236002,0.0044726715423166,64.0,32.0,0.5,0.0077008684165775,0,0.0,109,3,4,shapley-20260606T032116Z-d77a7a1c,shapley,baseline
24,11,2,0.2000000029802322,-1.2706528902053833,2.1522233486175537,0.537664532661438,128.0,64.0,0.5,0.0377344228327274,64,0.0,109,3,4,shapley-20260606T032116Z-d77a7a1c,shapley,baseline
25,10011,3,0.2000000029802322,-1.2520618438720703,2.081814765930176,0.5141558647155762,256.0,192.0,0.3333333432674408,0.0369223654270172,96,0.0,109,3,4,shapley-20260606T032116Z-d77a7a1c,shapley,baseline
26,1011,3,0.2000000029802322,-0.2235801517963409,0.0585064254701137,0.0085183419287204,64.0,32.0,0.5,0.0056237587705254,0,0.0,109,3,4,shapley-20260606T032116Z-d77a7a1c,shapley,baseline
27,11011,4,0.4000000059604645,-0.1646741777658462,0.0313644744455814,0.0042468905448913,64.0,32.0,0.5,0.007529548369348,0,0.0,109,3,4,shapley-20260606T032116Z-d77a7a1c,shapley,baseline
28,111,3,0.2000000029802322,-0.9299870133399964,1.0911576747894287,0.2262818217277526,224.0,160.0,0.2857142984867096,0.0248310100287199,64,0.0,109,3,4,shapley-20260606T032116Z-d77a7a1c,shapley,baseline
29,10111,4,0.4000000059604645,-0.8632839918136597,0.9091085195541382,0.1638492941856384,160.0,128.0,0.2000000029802322,0.0415573753416538,0,0.0,109,3,4,shapley-20260606T032116Z-d77a7a1c,shapley,baseline
30,1111,4,0.4000000059604645,-0.0645955651998519,0.0080681415274739,0.0038955546915531,32.0,0.0,1.0,0.0072536310181021,0,0.0,109,3,4,shapley-20260606T032116Z-d77a7a1c,shapley,baseline
31,11111,5,1.0,0.0,0.0,0.0,32.0,0.0,1.0,0.0010000000474974,0,0.0,109,3,4,shapley-20260606T032116Z-d77a7a1c,shapley,baseline
0,0,0,1.0,-1.8941030502319336,4.775007724761963,1.1873812675476074,256.0,256.0,0.5789473652839661,0.2321103662252426,352,0.0,129,4,5,shapley-20260606T032116Z-d77a7a1c,shapley,baseline
1,10000,1,0.4000000059604645,-1.6281670331954956,3.5901031494140625,0.9391753673553468,256.0,256.0,0.3846153914928436,0.0832162573933601,160,0.0,129,4,5,shapley-20260606T032116Z-d77a7a1c,shapley,baseline
2,1000,1,0.4000000059604645,-0.3901057243347168,0.1852921843528747,0.0331097096204757,128.0,96.0,0.25,0.016436967998743,32,0.0,129,4,5,shapley-20260606T032116Z-d77a7a1c,shapley,baseline
3,11000,2,0.2000000029802322,-0.2849738001823425,0.0996256694197654,0.0184156000614166,64.0,32.0,0.5,0.0067563508637249,0,0.0,129,4,5,shapley-20260606T032116Z-d77a7a1c,shapley,baseline
4,100,1,0.4000000059604645,-1.328039050102234,2.1780991554260254,0.4144114255905151,256.0,256.0,0.2000000029802322,0.0556135177612304,64,0.0,129,4,5,shapley-20260606T032116Z-d77a7a1c,shapley,baseline
5,10100,2,0.2000000029802322,-1.2018547058105469,1.8656730651855469,0.4212182760238647,256.0,192.0,0.25,0.0285301059484481,0,0.0,129,4,5,shapley-20260606T032116Z-d77a7a1c,shapley,baseline
6,1100,2,0.2000000029802322,-0.2667856812477112,0.0975673720240593,0.0263927727937698,64.0,32.0,0.5,0.0078912312164902,0,0.0,129,4,5,shapley-20260606T032116Z-d77a7a1c,shapley,baseline
7,11100,3,0.2000000029802322,-0.1426843106746673,0.0339283421635627,0.0135695300996303,64.0,32.0,0.5,0.0059412489645183,0,0.0,129,4,5,shapley-20260606T032116Z-d77a7a1c,shapley,baseline
8,10,1,0.4000000059604645,-1.5544652938842771,3.153824806213379,0.7374625205993652,256.0,256.0,0.2000000029802322,0.0738541483879089,64,0.0,129,4,5,shapley-20260606T032116Z-d77a7a1c,shapley,baseline
9,10010,2,0.2000000029802322,-1.339627981185913,2.3011138439178467,0.5065107345581055,192.0,160.0,0.1666666716337204,0.0311889946460723,32,0.0,129,4,5,shapley-20260606T032116Z-d77a7a1c,shapley,baseline
10,1010,2,0.2000000029802322,-0.2727387547492981,0.0963891223073005,0.0220026969909667,96.0,64.0,0.3333333432674408,0.0072920517995953,32,0.0,129,4,5,shapley-20260606T032116Z-d77a7a1c,shapley,baseline
11,11010,3,0.2000000029802322,-0.2243149578571319,0.060054387897253,0.0097371861338615,96.0,64.0,0.3333333432674408,0.0051857284270226,0,0.0,129,4,5,shapley-20260606T032116Z-d77a7a1c,shapley,baseline
12,110,2,0.2000000029802322,-1.0734723806381226,1.4056437015533447,0.2533007860183716,224.0,160.0,0.2857142984867096,0.0223487559705972,0,0.0,129,4,5,shapley-20260606T032116Z-d77a7a1c,shapley,baseline
13,10110,3,0.2000000029802322,-1.0871901512145996,1.5428876876831057,0.3609052896499634,256.0,224.0,0.2222222238779068,0.0264830235391855,64,0.0,129,4,5,shapley-20260606T032116Z-d77a7a1c,shapley,baseline
14,1110,3,0.2000000029802322,-0.114690825343132,0.0297734886407852,0.0166195034980773,96.0,64.0,0.3333333432674408,0.0064684385433793,32,0.0,129,4,5,shapley-20260606T032116Z-d77a7a1c,shapley,baseline
15,11110,4,0.4000000059604645,-0.0346607491374015,0.0047519961372017,0.0035506286658346,96.0,32.0,0.6666666865348816,0.0060551832430064,0,0.0,129,4,5,shapley-20260606T032116Z-d77a7a1c,shapley,baseline
16,1,1,0.4000000059604645,-1.661191463470459,3.854031562805176,1.0944745540618896,256.0,256.0,0.4285714328289032,0.0897538438439369,192,0.0,129,4,5,shapley-20260606T032116Z-d77a7a1c,shapley,baseline
17,10001,2,0.2000000029802322,-1.478583574295044,2.945427656173706,0.7592182159423828,256.0,256.0,0.1111111119389534,0.0379604808986187,32,0.0,129,4,5,shapley-20260606T032116Z-d77a7a1c,shapley,baseline
18,1001,2,0.2000000029802322,-0.3444299697875976,0.138095811009407,0.0194638073444366,64.0,32.0,0.5,0.0069179078564047,0,0.0,129,4,5,shapley-20260606T032116Z-d77a7a1c,shapley,baseline
19,11001,3,0.2000000029802322,-0.2955408692359924,0.1094840541481971,0.0221396461129188,64.0,32.0,0.5,0.0073116025887429,0,0.0,129,4,5,shapley-20260606T032116Z-d77a7a1c,shapley,baseline
20,101,2,0.2000000029802322,-1.2256990671157837,1.982665061950684,0.4803268909454345,224.0,128.0,0.4285714328289032,0.0303983371704816,96,0.0,129,4,5,shapley-20260606T032116Z-d77a7a1c,shapley,baseline
21,10101,3,0.2000000029802322,-1.1701653003692627,1.921308279037476,0.5520215034484863,256.0,224.0,0.3000000119209289,0.0325160846114158,96,0.0,129,4,5,shapley-20260606T032116Z-d77a7a1c,shapley,baseline
22,1101,3,0.2000000029802322,-0.173492431640625,0.0428741052746772,0.0127744823694229,32.0,0.0,1.0,0.0057943081483244,0,0.0,129,4,5,shapley-20260606T032116Z-d77a7a1c,shapley,baseline
23,11101,4,0.4000000059604645,-0.0745585113763809,0.0100316433236002,0.0044726715423166,64.0,32.0,0.5,0.0066737192682921,0,0.0,129,4,5,shapley-20260606T032116Z-d77a7a1c,shapley,baseline
24,11,2,0.2000000029802322,-1.2706528902053833,2.1522233486175537,0.537664532661438,128.0,64.0,0.5,0.0321035496890544,0,0.0,129,4,5,shapley-20260606T032116Z-d77a7a1c,shapley,baseline
25,10011,3,0.2000000029802322,-1.3779261112213137,2.7221574783325195,0.8234771490097046,256.0,256.0,0.3333333432674408,0.0394928492605686,128,0.0,129,4,5,shapley-20260606T032116Z-d77a7a1c,shapley,baseline
26,1011,3,0.2000000029802322,-0.2235801517963409,0.0585064254701137,0.0085183419287204,64.0,32.0,0.5,0.0049150008708238,0,0.0,129,4,5,shapley-20260606T032116Z-d77a7a1c,shapley,baseline
27,11011,4,0.4000000059604645,-0.1629569232463836,0.0333116427063941,0.0067566838115453,96.0,64.0,0.3333333432674408,0.0079735042527318,32,0.0,129,4,5,shapley-20260606T032116Z-d77a7a1c,shapley,baseline
28,111,3,0.2000000029802322,-0.977759599685669,1.2493698596954346,0.2933560013771057,256.0,224.0,0.2222222238779068,0.0239748042076826,64,0.0,129,4,5,shapley-20260606T032116Z-d77a7a1c,shapley,baseline
29,10111,4,0.4000000059604645,-0.9294099807739258,1.218791961669922,0.3549890518188476,256.0,160.0,0.4444444477558136,0.0515465810894966,128,0.0,129,4,5,shapley-20260606T032116Z-d77a7a1c,shapley,baseline
30,1111,4,0.4000000059604645,-0.0645955651998519,0.0080681415274739,0.0038955546915531,32.0,0.0,1.0,0.0062950365245342,0,0.0,129,4,5,shapley-20260606T032116Z-d77a7a1c,shapley,baseline
31,11111,5,1.0,0.0,0.0,0.0,32.0,0.0,1.0,0.0010000000474974,0,0.0,129,4,5,shapley-20260606T032116Z-d77a7a1c,shapley,baseline
0,0,0,1.0,-2.042898654937744,5.780505180358887,1.6070704460144043,256.0,249.5692596435547,0.5851362943649292,0.2441529929637909,352,0.025120070598091,169,5,6,shapley-20260606T032116Z-d77a7a1c,shapley,baseline
1,10000,1,0.4000000059604645,-1.75715434551239,4.392319679260254,1.3047282695770264,256.0,249.5692596435547,0.4348128736019134,0.0886359363794326,192,0.025120070598091,169,5,6,shapley-20260606T032116Z-d77a7a1c,shapley,baseline
2,1000,1,0.4000000059604645,-0.3797928690910339,0.1789810806512832,0.0347384512424469,156.78463745117188,124.78462982177734,0.2041016370058059,0.0152997160330414,32,0.025120070598091,169,5,6,shapley-20260606T032116Z-d77a7a1c,shapley,baseline
3,11000,2,0.2000000029802322,-0.2849738001823425,0.0996256694197654,0.0184156000614166,64.0,32.0,0.5,0.0062057711184024,0,0.025120070598091,169,5,6,shapley-20260606T032116Z-d77a7a1c,shapley,baseline
4,100,1,0.4000000059604645,-1.3738491535186768,2.416566848754883,0.5291053056716919,256.0,249.5692596435547,0.2041016370058059,0.0568075813353061,64,0.025120070598091,169,5,6,shapley-20260606T032116Z-d77a7a1c,shapley,baseline
5,10100,2,0.2000000029802322,-1.2629773616790771,2.132930278778076,0.537818431854248,256.0,249.5692596435547,0.2041016370058059,0.0291326101869344,64,0.025120070598091,169,5,6,shapley-20260606T032116Z-d77a7a1c,shapley,baseline
6,1100,2,0.2000000029802322,-0.2667856812477112,0.0975673720240593,0.0263927727937698,64.0,32.0,0.5,0.0072321039624512,0,0.025120070598091,169,5,6,shapley-20260606T032116Z-d77a7a1c,shapley,baseline
7,11100,3,0.2000000029802322,-0.1426843106746673,0.0339283421635627,0.0135695300996303,64.0,32.0,0.5,0.0054686316289007,0,0.025120070598091,169,5,6,shapley-20260606T032116Z-d77a7a1c,shapley,baseline
8,10,1,0.4000000059604645,-1.5985541343688965,3.4114489555358887,0.8560736179351807,256.0,249.5692596435547,0.3906543254852295,0.0719868242740631,160,0.025120070598091,169,5,6,shapley-20260606T032116Z-d77a7a1c,shapley,baseline
9,10010,2,0.2000000029802322,-1.339627981185913,2.3011138439178467,0.5065107345581055,192.0,160.0,0.1666666716337204,0.0283014997839927,0,0.025120070598091,169,5,6,shapley-20260606T032116Z-d77a7a1c,shapley,baseline
10,1010,2,0.2000000029802322,-0.2635951936244964,0.0906498730182647,0.0211674496531486,125.58847045898438,93.58847045898438,0.2548004686832428,0.0065811853855848,32,0.025120070598091,169,5,6,shapley-20260606T032116Z-d77a7a1c,shapley,baseline
11,11010,3,0.2000000029802322,-0.2243149578571319,0.060054387897253,0.0097371861338615,96.0,64.0,0.3333333432674408,0.004785374738276,0,0.025120070598091,169,5,6,shapley-20260606T032116Z-d77a7a1c,shapley,baseline
12,110,2,0.2000000029802322,-1.1315993070602417,1.5933144092559814,0.3127974271774292,256.0,218.37310791015625,0.2266504764556884,0.0224547646939754,64,0.025120070598091,169,5,6,shapley-20260606T032116Z-d77a7a1c,shapley,baseline
13,10110,3,0.2000000029802322,-1.1350728273391724,1.7168738842010498,0.4284836053848266,256.0,249.5692596435547,0.2778024971485138,0.0261107273399829,96,0.025120070598091,169,5,6,shapley-20260606T032116Z-d77a7a1c,shapley,baseline
14,1110,3,0.2000000029802322,-0.0981269553303718,0.0237159952521324,0.0140870958566665,125.58847045898438,93.58847045898438,0.2548004686832428,0.0055530555546283,32,0.025120070598091,169,5,6,shapley-20260606T032116Z-d77a7a1c,shapley,baseline
15,11110,4,0.4000000059604645,-0.0346607491374015,0.0047519961372017,0.0035506286658346,96.0,32.0,0.6666666865348816,0.0055716689676046,0,0.025120070598091,169,5,6,shapley-20260606T032116Z-d77a7a1c,shapley,baseline
16,1,1,0.4000000059604645,-1.7622110843658447,4.293256759643555,1.18786883354187,256.0,249.5692596435547,0.3390106558799743,0.0846192762255668,128,0.025120070598091,169,5,6,shapley-20260606T032116Z-d77a7a1c,shapley,baseline
17,10001,2,0.2000000029802322,-1.478583574295044,2.945427656173706,0.7592182159423828,256.0,256.0,0.1111111119389534,0.0344253107905387,0,0.025120070598091,169,5,6,shapley-20260606T032116Z-d77a7a1c,shapley,baseline
18,1001,2,0.2000000029802322,-0.3444299697875976,0.138095811009407,0.0194638073444366,64.0,32.0,0.5,0.0063518760725855,0,0.025120070598091,169,5,6,shapley-20260606T032116Z-d77a7a1c,shapley,baseline
19,11001,3,0.2000000029802322,-0.2955408692359924,0.1094840541481971,0.0221396461129188,64.0,32.0,0.5,0.0067079151049256,0,0.025120070598091,169,5,6,shapley-20260606T032116Z-d77a7a1c,shapley,baseline
20,101,2,0.2000000029802322,-1.2256990671157837,1.982665061950684,0.4803268909454345,224.0,128.0,0.4285714328289032,0.0275864675641059,0,0.025120070598091,169,5,6,shapley-20260606T032116Z-d77a7a1c,shapley,baseline
21,10101,3,0.2000000029802322,-1.2424569129943848,2.262786626815796,0.7190874814987183,256.0,249.5692596435547,0.3390106558799743,0.0335299223661422,128,0.025120070598091,169,5,6,shapley-20260606T032116Z-d77a7a1c,shapley,baseline
22,1101,3,0.2000000029802322,-0.173492431640625,0.0428741052746772,0.0127744823694229,32.0,0.0,1.0,0.0053357458673417,0,0.025120070598091,169,5,6,shapley-20260606T032116Z-d77a7a1c,shapley,baseline
23,11101,4,0.4000000059604645,-0.0841448828577995,0.0132165029644966,0.0061361417174339,94.39231872558594,62.39231491088867,0.3390106558799743,0.0070099360309541,32,0.025120070598091,169,5,6,shapley-20260606T032116Z-d77a7a1c,shapley,baseline
24,11,2,0.2000000029802322,-1.4379122257232666,3.1003904342651367,1.0327987670898438,188.78463745117188,124.78462982177734,0.3390106558799743,0.0399852208793163,64,0.025120070598091,169,5,6,shapley-20260606T032116Z-d77a7a1c,shapley,baseline
25,10011,3,0.2000000029802322,-1.405468225479126,2.884247064590454,0.908906102180481,256.0,249.5692596435547,0.113648772239685,0.0375722460448741,32,0.025120070598091,169,5,6,shapley-20260606T032116Z-d77a7a1c,shapley,baseline
26,1011,3,0.2000000029802322,-0.2235801517963409,0.0585064254701137,0.0085183419287204,64.0,32.0,0.5,0.0045405416749417,0,0.025120070598091,169,5,6,shapley-20260606T032116Z-d77a7a1c,shapley,baseline
27,11011,4,0.4000000059604645,-0.1629569232463836,0.0333116427063941,0.0067566838115453,96.0,64.0,0.3333333432674408,0.0073065082542598,0,0.025120070598091,169,5,6,shapley-20260606T032116Z-d77a7a1c,shapley,baseline
28,111,3,0.2000000029802322,-0.9862210154533386,1.2805641889572144,0.3079323172569275,256.0,249.5692596435547,0.113648772239685,0.0222872626036405,32,0.025120070598091,169,5,6,shapley-20260606T032116Z-d77a7a1c,shapley,baseline
29,10111,4,0.4000000059604645,-0.970203936100006,1.3876925706863403,0.4463968873023987,256.0,249.5692596435547,0.2041016370058059,0.0522604882717132,64,0.025120070598091,169,5,6,shapley-20260606T032116Z-d77a7a1c,shapley,baseline
30,1111,4,0.4000000059604645,-0.0528565868735313,0.0057918354868888,0.0029980167746543,63.19615936279297,31.196157455444336,0.506359875202179,0.0052008694037795,32,0.025120070598091,169,5,6,shapley-20260606T032116Z-d77a7a1c,shapley,baseline
31,11111,5,1.0,0.0,0.0,0.0,32.0,0.0,1.0,0.0010000000474974,0,0.025120070598091,169,5,6,shapley-20260606T032116Z-d77a7a1c,shapley,baseline
0,0,0,1.0,-1.7037848234176636,3.1179561614990234,0.2150733470916748,32.0,0.0,1.0,0.138776808977127,32,0.0,49,0,1,shapley-20260606T032141Z-56697dcf,shapley,marginal
1,10000,1,0.4000000059604645,-1.6387989521026611,2.9062836170196533,0.2206215858459472,32.0,0.0,1.0,0.0568170361220836,32,0.0,49,0,1,shapley-20260606T032141Z-56697dcf,shapley,marginal
2,1000,1,0.4000000059604645,-0.6972811222076416,0.5652199983596802,0.0790190398693084,32.0,0.0,1.0,0.0344047807157039,32,0.0,49,0,1,shapley-20260606T032141Z-56697dcf,shapley,marginal
3,11000,2,0.2000000029802322,-0.5580912828445435,0.3894801139831543,0.0780142247676849,32.0,0.0,1.0,0.0175958555191755,32,0.0,49,0,1,shapley-20260606T032141Z-56697dcf,shapley,marginal
4,100,1,0.4000000059604645,-1.3735822439193726,2.329897880554199,0.4431697130203247,32.0,0.0,1.0,0.0801093503832817,32,0.0,49,0,1,shapley-20260606T032141Z-56697dcf,shapley,marginal
5,10100,2,0.2000000029802322,-1.2671148777008057,1.8609943389892576,0.2554142475128174,32.0,0.0,1.0,0.0310286153107881,32,0.0,49,0,1,shapley-20260606T032141Z-56697dcf,shapley,marginal
6,1100,2,0.2000000029802322,-0.4821792840957641,0.3124721050262451,0.0799752473831176,32.0,0.0,1.0,0.0178031455725431,32,0.0,49,0,1,shapley-20260606T032141Z-56697dcf,shapley,marginal
7,11100,3,0.2000000029802322,-0.2802626192569732,0.11478091776371,0.0362337827682495,32.0,0.0,1.0,0.0123101826757192,32,0.0,49,0,1,shapley-20260606T032141Z-56697dcf,shapley,marginal
8,10,1,0.4000000059604645,-1.3824975490570068,2.2066738605499268,0.2953743934631347,32.0,0.0,1.0,0.0655846372246742,32,0.0,49,0,1,shapley-20260606T032141Z-56697dcf,shapley,marginal
9,10010,2,0.2000000029802322,-1.364927053451538,2.0873305797576904,0.2243046760559082,32.0,0.0,1.0,0.0291405096650123,32,0.0,49,0,1,shapley-20260606T032141Z-56697dcf,shapley,marginal
10,1010,2,0.2000000029802322,-0.5488084554672241,0.3526718318462372,0.0514810979366302,32.0,0.0,1.0,0.0144814532250165,32,0.0,49,0,1,shapley-20260606T032141Z-56697dcf,shapley,marginal
11,11010,3,0.2000000029802322,-0.3616982400417328,0.163470059633255,0.032644435763359,32.0,0.0,1.0,0.0117353787645697,32,0.0,49,0,1,shapley-20260606T032141Z-56697dcf,shapley,marginal
12,110,2,0.2000000029802322,-1.2948617935180664,1.9845600128173828,0.3078929185867309,32.0,0.0,1.0,0.0339695177972316,32,0.0,49,0,1,shapley-20260606T032141Z-56697dcf,shapley,marginal
13,10110,3,0.2000000029802322,-1.0212570428848269,1.2908989191055298,0.247933030128479,32.0,0.0,1.0,0.0305855721235275,32,0.0,49,0,1,shapley-20260606T032141Z-56697dcf,shapley,marginal
14,1110,3,0.2000000029802322,-0.1937804669141769,0.0562876500189304,0.0187367796897888,32.0,0.0,1.0,0.0091331778094172,32,0.0,49,0,1,shapley-20260606T032141Z-56697dcf,shapley,marginal
15,11110,4,0.4000000059604645,-0.0920305550098419,0.0259269215166568,0.0174572989344596,32.0,0.0,1.0,0.0167011450976133,32,0.0,49,0,1,shapley-20260606T032141Z-56697dcf,shapley,marginal
16,1,1,0.4000000059604645,-1.7944787740707395,3.6561782360076895,0.4360241889953613,32.0,0.0,1.0,0.0794690027832984,32,0.0,49,0,1,shapley-20260606T032141Z-56697dcf,shapley,marginal
17,10001,2,0.2000000029802322,-1.5200655460357666,2.737844467163086,0.4272451400756836,32.0,0.0,1.0,0.039837509393692,32,0.0,49,0,1,shapley-20260606T032141Z-56697dcf,shapley,marginal
18,1001,2,0.2000000029802322,-0.5938584804534912,0.40455362200737,0.0518857240676879,32.0,0.0,1.0,0.0145343290641903,32,0.0,49,0,1,shapley-20260606T032141Z-56697dcf,shapley,marginal
19,11001,3,0.2000000029802322,-0.5160824060440063,0.3089382648468017,0.0425972044467926,32.0,0.0,1.0,0.0132631864398717,32,0.0,49,0,1,shapley-20260606T032141Z-56697dcf,shapley,marginal
20,101,2,0.2000000029802322,-1.315688133239746,1.9058780670166016,0.1748428344726562,32.0,0.0,1.0,0.0258448682725429,32,0.0,49,0,1,shapley-20260606T032141Z-56697dcf,shapley,marginal
21,10101,3,0.2000000029802322,-1.1167571544647217,1.473322868347168,0.226176381111145,32.0,0.0,1.0,0.0292576737701892,32,0.0,49,0,1,shapley-20260606T032141Z-56697dcf,shapley,marginal
22,1101,3,0.2000000029802322,-0.2986864745616913,0.1151646971702575,0.0259510874748229,32.0,0.0,1.0,0.0105717331171035,32,0.0,49,0,1,shapley-20260606T032141Z-56697dcf,shapley,marginal
23,11101,4,0.4000000059604645,-0.2067852467298507,0.0686514228582382,0.0258912853896617,32.0,0.0,1.0,0.0201213955879211,32,0.0,49,0,1,shapley-20260606T032141Z-56697dcf,shapley,marginal
24,11,2,0.2000000029802322,-1.390647292137146,2.170706987380981,0.236807107925415,32.0,0.0,1.0,0.0299141313880682,32,0.0,49,0,1,shapley-20260606T032141Z-56697dcf,shapley,marginal
25,10011,3,0.2000000029802322,-1.202744722366333,1.61757493019104,0.1709800958633422,32.0,0.0,1.0,0.0255688913166522,32,0.0,49,0,1,shapley-20260606T032141Z-56697dcf,shapley,marginal
26,1011,3,0.2000000029802322,-0.3640040755271911,0.1635937690734863,0.031094804406166,32.0,0.0,1.0,0.0114774769172072,32,0.0,49,0,1,shapley-20260606T032141Z-56697dcf,shapley,marginal
27,11011,4,0.4000000059604645,-0.2909952402114868,0.0995337665081024,0.014855533838272,32.0,0.0,1.0,0.0154839474707841,32,0.0,49,0,1,shapley-20260606T032141Z-56697dcf,shapley,marginal
28,111,3,0.2000000029802322,-1.1395258903503418,1.4475164413452148,0.1489971876144409,32.0,0.0,1.0,0.0239351615309715,32,0.0,49,0,1,shapley-20260606T032141Z-56697dcf,shapley,marginal
29,10111,4,0.4000000059604645,-1.0279128551483154,1.1758863925933838,0.119281530380249,32.0,0.0,1.0,0.0420420803129673,32,0.0,49,0,1,shapley-20260606T032141Z-56697dcf,shapley,marginal
30,1111,4,0.4000000059604645,-0.1343362778425216,0.0373287200927734,0.0192824844270944,32.0,0.0,1.0,0.0175015330314636,32,0.0,49,0,1,shapley-20260606T032141Z-56697dcf,shapley,marginal
31,11111,5,1.0,0.0,0.0,0.0,32.0,0.0,1.0,0.0010000000474974,32,0.0,49,0,1,shapley-20260606T032141Z-56697dcf,shapley,marginal
0,0,0,1.0,-1.7031826972961426,3.2713279724121094,0.3704967498779297,192.0,32.0,0.8333333134651184,0.1691018939018249,160,0.0,69,1,2,shapley-20260606T032141Z-56697dcf,shapley,marginal
1,10000,1,0.4000000059604645,-1.6273541450500488,3.022777318954468,0.3744957447052002,96.0,32.0,0.6666666865348816,0.0686026737093925,64,0.0,69,1,2,shapley-20260606T032141Z-56697dcf,shapley,marginal
2,1000,1,0.4000000059604645,-0.7177345752716064,0.6205225586891174,0.1053796410560607,192.0,32.0,0.8333333134651184,0.0368607006967067,160,0.0,69,1,2,shapley-20260606T032141Z-56697dcf,shapley,marginal
3,11000,2,0.2000000029802322,-0.5580912828445435,0.3894801139831543,0.0780142247676849,32.0,0.0,1.0,0.0164275597780942,0,0.0,69,1,2,shapley-20260606T032141Z-56697dcf,shapley,marginal
4,100,1,0.4000000059604645,-1.4617040157318115,2.58000111579895,0.4434225559234619,96.0,32.0,0.6666666865348816,0.0745612829923629,64,0.0,69,1,2,shapley-20260606T032141Z-56697dcf,shapley,marginal
5,10100,2,0.2000000029802322,-1.2671148777008057,1.8609943389892576,0.2554142475128174,32.0,0.0,1.0,0.0289146974682807,0,0.0,69,1,2,shapley-20260606T032141Z-56697dcf,shapley,marginal
6,1100,2,0.2000000029802322,-0.4912305474281311,0.329870194196701,0.0885627418756485,96.0,32.0,0.6666666865348816,0.0174375064671039,64,0.0,69,1,2,shapley-20260606T032141Z-56697dcf,shapley,marginal
7,11100,3,0.2000000029802322,-0.2937581539154053,0.1264426559209823,0.040148802101612,96.0,32.0,0.6666666865348816,0.0120674269273877,64,0.0,69,1,2,shapley-20260606T032141Z-56697dcf,shapley,marginal
8,10,1,0.4000000059604645,-1.490952968597412,2.568441390991211,0.3455007076263428,64.0,32.0,0.5,0.0659329146146774,32,0.0,69,1,2,shapley-20260606T032141Z-56697dcf,shapley,marginal
9,10010,2,0.2000000029802322,-1.4197895526885986,2.302948236465454,0.2871458530426025,128.0,32.0,0.75,0.0305979549884796,96,0.0,69,1,2,shapley-20260606T032141Z-56697dcf,shapley,marginal
10,1010,2,0.2000000029802322,-0.5488084554672241,0.3526718318462372,0.0514810979366302,32.0,0.0,1.0,0.0135324019938707,0,0.0,69,1,2,shapley-20260606T032141Z-56697dcf,shapley,marginal
11,11010,3,0.2000000029802322,-0.3616982400417328,0.163470059633255,0.032644435763359,32.0,0.0,1.0,0.0109796430915594,0,0.0,69,1,2,shapley-20260606T032141Z-56697dcf,shapley,marginal
12,110,2,0.2000000029802322,-1.197001576423645,1.664581298828125,0.2317684888839721,128.0,32.0,0.75,0.0275911800563335,96,0.0,69,1,2,shapley-20260606T032141Z-56697dcf,shapley,marginal
13,10110,3,0.2000000029802322,-1.023237228393555,1.2490434646606443,0.2020289897918701,64.0,32.0,0.5,0.0258265994489192,32,0.0,69,1,2,shapley-20260606T032141Z-56697dcf,shapley,marginal
14,1110,3,0.2000000029802322,-0.1937804669141769,0.0562876500189304,0.0187367796897888,32.0,0.0,1.0,0.0085606276988983,0,0.0,69,1,2,shapley-20260606T032141Z-56697dcf,shapley,marginal
15,11110,4,0.4000000059604645,-0.1018899157643318,0.025831501930952,0.0154499467462301,128.0,32.0,0.75,0.0147310541942715,96,0.0,69,1,2,shapley-20260606T032141Z-56697dcf,shapley,marginal
16,1,1,0.4000000059604645,-1.7020883560180664,3.246062994003296,0.3489582538604736,192.0,32.0,0.8333333134651184,0.066257007420063,160,0.0,69,1,2,shapley-20260606T032141Z-56697dcf,shapley,marginal
17,10001,2,0.2000000029802322,-1.527462601661682,2.6572725772857666,0.3241305351257324,96.0,32.0,0.6666666865348816,0.0324463546276092,64,0.0,69,1,2,shapley-20260606T032141Z-56697dcf,shapley,marginal
18,1001,2,0.2000000029802322,-0.5938584804534912,0.40455362200737,0.0518857240676879,32.0,0.0,1.0,0.0135815562680363,0,0.0,69,1,2,shapley-20260606T032141Z-56697dcf,shapley,marginal
19,11001,3,0.2000000029802322,-0.4908371865749359,0.2738754749298095,0.0329543352127075,64.0,32.0,0.5,0.0110269002616405,32,0.0,69,1,2,shapley-20260606T032141Z-56697dcf,shapley,marginal
20,101,2,0.2000000029802322,-1.280915379524231,1.9117329120635984,0.2709887027740478,64.0,32.0,0.5,0.0297531876713037,32,0.0,69,1,2,shapley-20260606T032141Z-56697dcf,shapley,marginal
21,10101,3,0.2000000029802322,-1.1630315780639648,1.6238083839416504,0.2711659669876098,96.0,32.0,0.6666666865348816,0.029762590304017,64,0.0,69,1,2,shapley-20260606T032141Z-56697dcf,shapley,marginal
22,1101,3,0.2000000029802322,-0.2986864745616913,0.1151646971702575,0.0259510874748229,32.0,0.0,1.0,0.0098979137837886,0,0.0,69,1,2,shapley-20260606T032141Z-56697dcf,shapley,marginal
23,11101,4,0.4000000059604645,-0.2019758224487304,0.0652331113815307,0.0244388803839683,96.0,32.0,0.6666666865348816,0.0182695519179105,64,0.0,69,1,2,shapley-20260606T032141Z-56697dcf,shapley,marginal
24,11,2,0.2000000029802322,-1.4117591381072998,2.203568458557129,0.2105046510696411,64.0,32.0,0.5,0.0263420231640338,32,0.0,69,1,2,shapley-20260606T032141Z-56697dcf,shapley,marginal
25,10011,3,0.2000000029802322,-1.203018069267273,1.7169549465179443,0.2697024345397949,96.0,32.0,0.6666666865348816,0.0296848677098751,64,0.0,69,1,2,shapley-20260606T032141Z-56697dcf,shapley,marginal
26,1011,3,0.2000000029802322,-0.3663349151611328,0.1677483469247818,0.0335470736026763,64.0,32.0,0.5,0.011116674169898,32,0.0,69,1,2,shapley-20260606T032141Z-56697dcf,shapley,marginal
27,11011,4,0.4000000059604645,-0.2909952402114868,0.0995337665081024,0.014855533838272,32.0,0.0,1.0,0.0144643243402242,0,0.0,69,1,2,shapley-20260606T032141Z-56697dcf,shapley,marginal
28,111,3,0.2000000029802322,-1.1953353881835938,1.6924023628234863,0.2635756731033325,128.0,32.0,0.75,0.0293571818619966,96,0.0,69,1,2,shapley-20260606T032141Z-56697dcf,shapley,marginal
29,10111,4,0.4000000059604645,-1.0279128551483154,1.1758863925933838,0.119281530380249,32.0,0.0,1.0,0.0391528494656086,0,0.0,69,1,2,shapley-20260606T032141Z-56697dcf,shapley,marginal
30,1111,4,0.4000000059604645,-0.1332188546657562,0.0365822874009609,0.018835024908185,64.0,32.0,0.5,0.0161608476191759,32,0.0,69,1,2,shapley-20260606T032141Z-56697dcf,shapley,marginal
31,11111,5,1.0,0.0,0.0,0.0,32.0,0.0,1.0,0.0010000000474974,0,0.0,69,1,2,shapley-20260606T032141Z-56697dcf,shapley,marginal
0,0,0,1.0,-1.595789909362793,2.988672971725464,0.4421274662017822,256.0,192.0,0.625,0.1727230697870254,320,0.0,89,2,3,shapley-20260606T032141Z-56697dcf,shapley,marginal
1,10000,1,0.4000000059604645,-1.5596781969070437,2.830986976623535,0.3983910083770752,192.0,96.0,0.5,0.0662033110857009,96,0.0,89,2,3,shapley-20260606T032141Z-56697dcf,shapley,marginal
2,1000,1,0.4000000059604645,-0.7425240278244019,0.6713452339172363,0.1200032830238342,256.0,192.0,0.25,0.0367858558893203,64,0.0,89,2,3,shapley-20260606T032141Z-56697dcf,shapley,marginal
3,11000,2,0.2000000029802322,-0.5468592643737793,0.3700683116912842,0.0710132420063018,64.0,32.0,0.5,0.0147643135860562,32,0.0,89,2,3,shapley-20260606T032141Z-56697dcf,shapley,marginal
4,100,1,0.4000000059604645,-1.4636774063110352,2.569908142089844,0.4275565147399902,160.0,96.0,0.4000000059604645,0.0685478672385215,64,0.0,89,2,3,shapley-20260606T032141Z-56697dcf,shapley,marginal
5,10100,2,0.2000000029802322,-1.2528295516967771,1.940670132637024,0.3710882663726806,128.0,32.0,0.75,0.0324646905064582,96,0.0,89,2,3,shapley-20260606T032141Z-56697dcf,shapley,marginal
6,1100,2,0.2000000029802322,-0.4912305474281311,0.329870194196701,0.0885627418756485,96.0,32.0,0.6666666865348816,0.0163712929934263,0,0.0,89,2,3,shapley-20260606T032141Z-56697dcf,shapley,marginal
7,11100,3,0.2000000029802322,-0.3046312630176544,0.1353594958782196,0.0425592884421348,160.0,96.0,0.4000000059604645,0.0116557013243436,64,0.0,89,2,3,shapley-20260606T032141Z-56697dcf,shapley,marginal
8,10,1,0.4000000059604645,-1.4694466590881348,2.5180017948150635,0.3587284088134765,192.0,64.0,0.6666666865348816,0.062872514128685,128,0.0,89,2,3,shapley-20260606T032141Z-56697dcf,shapley,marginal
9,10010,2,0.2000000029802322,-1.3954893350601196,2.251624822616577,0.3042343854904175,160.0,128.0,0.2000000029802322,0.0294897761195898,32,0.0,89,2,3,shapley-20260606T032141Z-56697dcf,shapley,marginal
10,1010,2,0.2000000029802322,-0.5488084554672241,0.3526718318462372,0.0514810979366302,32.0,0.0,1.0,0.0127194924280047,0,0.0,89,2,3,shapley-20260606T032141Z-56697dcf,shapley,marginal
11,11010,3,0.2000000029802322,-0.3616982400417328,0.163470059633255,0.032644435763359,32.0,0.0,1.0,0.0103323170915246,0,0.0,89,2,3,shapley-20260606T032141Z-56697dcf,shapley,marginal
12,110,2,0.2000000029802322,-1.2025340795516968,1.7083650827407837,0.2622768878936767,160.0,128.0,0.2000000029802322,0.0274523887783288,32,0.0,89,2,3,shapley-20260606T032141Z-56697dcf,shapley,marginal
13,10110,3,0.2000000029802322,-1.023237228393555,1.2490434646606443,0.2020289897918701,64.0,32.0,0.5,0.0242162309587001,0,0.0,89,2,3,shapley-20260606T032141Z-56697dcf,shapley,marginal
14,1110,3,0.2000000029802322,-0.288974791765213,0.1411619484424591,0.0576555207371711,128.0,32.0,0.75,0.0134023893624544,96,0.0,89,2,3,shapley-20260606T032141Z-56697dcf,shapley,marginal
15,11110,4,0.4000000059604645,-0.1030966192483902,0.0276421532034873,0.0170132406055927,192.0,128.0,0.3333333432674408,0.0144743667915463,64,0.0,89,2,3,shapley-20260606T032141Z-56697dcf,shapley,marginal
16,1,1,0.4000000059604645,-1.6491918563842771,3.110452175140381,0.3906183242797851,256.0,192.0,0.25,0.0655641108751297,64,0.0,89,2,3,shapley-20260606T032141Z-56697dcf,shapley,marginal
17,10001,2,0.2000000029802322,-1.4974879026412964,2.6637074947357178,0.4212374687194824,160.0,96.0,0.4000000059604645,0.034523420035839,64,0.0,89,2,3,shapley-20260606T032141Z-56697dcf,shapley,marginal
18,1001,2,0.2000000029802322,-0.5938584804534912,0.40455362200737,0.0518857240676879,32.0,0.0,1.0,0.0127654578536748,0,0.0,89,2,3,shapley-20260606T032141Z-56697dcf,shapley,marginal
19,11001,3,0.2000000029802322,-0.4908371865749359,0.2738754749298095,0.0329543352127075,64.0,32.0,0.5,0.0103765092790126,0,0.0,89,2,3,shapley-20260606T032141Z-56697dcf,shapley,marginal
20,101,2,0.2000000029802322,-1.2639003992080688,1.9052138328552248,0.3077696561813354,96.0,64.0,0.3333333432674408,0.0296548269689083,32,0.0,89,2,3,shapley-20260606T032141Z-56697dcf,shapley,marginal
21,10101,3,0.2000000029802322,-1.2195634841918943,1.8197016716003416,0.3323665857315063,160.0,96.0,0.4000000059604645,0.0307778660207986,64,0.0,89,2,3,shapley-20260606T032141Z-56697dcf,shapley,marginal
22,1101,3,0.2000000029802322,-0.2986864745616913,0.1151646971702575,0.0259510874748229,32.0,0.0,1.0,0.0093207536265254,0,0.0,89,2,3,shapley-20260606T032141Z-56697dcf,shapley,marginal
23,11101,4,0.4000000059604645,-0.2019758224487304,0.0652331113815307,0.0244388803839683,96.0,32.0,0.6666666865348816,0.0171493683010339,0,0.0,89,2,3,shapley-20260606T032141Z-56697dcf,shapley,marginal
24,11,2,0.2000000029802322,-1.431626558303833,2.328176498413086,0.2786219120025635,128.0,64.0,0.5,0.028264183551073,64,0.0,89,2,3,shapley-20260606T032141Z-56697dcf,shapley,marginal
25,10011,3,0.2000000029802322,-1.203018069267273,1.7169549465179443,0.2697024345397949,96.0,32.0,0.6666666865348816,0.0278242323547601,0,0.0,89,2,3,shapley-20260606T032141Z-56697dcf,shapley,marginal
26,1011,3,0.2000000029802322,-0.397230327129364,0.2055864185094833,0.0477944910526275,96.0,64.0,0.3333333432674408,0.0122920768335461,32,0.0,89,2,3,shapley-20260606T032141Z-56697dcf,shapley,marginal
27,11011,4,0.4000000059604645,-0.2911955118179321,0.1043824851512909,0.0195876583456993,64.0,32.0,0.5,0.0154579309746623,32,0.0,89,2,3,shapley-20260606T032141Z-56697dcf,shapley,marginal
28,111,3,0.2000000029802322,-1.1953353881835938,1.6924023628234863,0.2635756731033325,128.0,32.0,0.75,0.0275178030133247,0,0.0,89,2,3,shapley-20260606T032141Z-56697dcf,shapley,marginal
29,10111,4,0.4000000059604645,-1.0346218347549438,1.2843142747879028,0.213871955871582,160.0,32.0,0.800000011920929,0.0487740188837051,128,0.0,89,2,3,shapley-20260606T032141Z-56697dcf,shapley,marginal
30,1111,4,0.4000000059604645,-0.1320836395025253,0.033926960080862,0.0164808724075555,96.0,64.0,0.3333333432674408,0.014261876232922,32,0.0,89,2,3,shapley-20260606T032141Z-56697dcf,shapley,marginal
31,11111,5,1.0,0.0,0.0,0.0,32.0,0.0,1.0,0.0010000000474974,0,0.0,89,2,3,shapley-20260606T032141Z-56697dcf,shapley,marginal
0,0,0,1.0,-1.63250732421875,3.264999866485596,0.5999197959899902,256.0,256.0,0.5,0.1785056889057159,256,0.0,109,3,4,shapley-20260606T032141Z-56697dcf,shapley,marginal
1,10000,1,0.4000000059604645,-1.605129957199097,3.045128345489502,0.4686861038208008,256.0,192.0,0.25,0.0637576580047607,64,0.0,109,3,4,shapley-20260606T032141Z-56697dcf,shapley,marginal
2,1000,1,0.4000000059604645,-0.7741429805755615,0.7490173578262329,0.149720013141632,256.0,256.0,0.3846153914928436,0.0364703573286533,160,0.0,109,3,4,shapley-20260606T032141Z-56697dcf,shapley,marginal
3,11000,2,0.2000000029802322,-0.5468592643737793,0.3700683116912842,0.0710132420063018,64.0,32.0,0.5,0.0132142091169953,0,0.0,109,3,4,shapley-20260606T032141Z-56697dcf,shapley,marginal
4,100,1,0.4000000059604645,-1.4397926330566406,2.557548999786377,0.4845461845397949,192.0,160.0,0.1666666716337204,0.0648106634616851,32,0.0,109,3,4,shapley-20260606T032141Z-56697dcf,shapley,marginal
5,10100,2,0.2000000029802322,-1.297703742980957,2.1429214477539062,0.4588863849639892,160.0,128.0,0.2000000029802322,0.0320490449666976,32,0.0,109,3,4,shapley-20260606T032141Z-56697dcf,shapley,marginal
6,1100,2,0.2000000029802322,-0.481566309928894,0.3196116685867309,0.0877055525779724,128.0,96.0,0.25,0.0145740425214171,32,0.0,109,3,4,shapley-20260606T032141Z-56697dcf,shapley,marginal
7,11100,3,0.2000000029802322,-0.3046312630176544,0.1353594958782196,0.0425592884421348,160.0,96.0,0.4000000059604645,0.0104556819424033,0,0.0,109,3,4,shapley-20260606T032141Z-56697dcf,shapley,marginal
8,10,1,0.4000000059604645,-1.5136229991912842,2.7935359477996826,0.5024814605712891,256.0,192.0,0.3333333432674408,0.0659808963537216,96,0.0,109,3,4,shapley-20260606T032141Z-56697dcf,shapley,marginal
9,10010,2,0.2000000029802322,-1.3954893350601196,2.251624822616577,0.3042343854904175,160.0,128.0,0.2000000029802322,0.0262813251465559,0,0.0,109,3,4,shapley-20260606T032141Z-56697dcf,shapley,marginal
10,1010,2,0.2000000029802322,-0.5731450319290161,0.4150258898735046,0.0865306556224823,64.0,32.0,0.5,0.0144828176125884,32,0.0,109,3,4,shapley-20260606T032141Z-56697dcf,shapley,marginal
11,11010,3,0.2000000029802322,-0.3616982400417328,0.163470059633255,0.032644435763359,32.0,0.0,1.0,0.0092813335359096,0,0.0,109,3,4,shapley-20260606T032141Z-56697dcf,shapley,marginal
12,110,2,0.2000000029802322,-1.251837134361267,1.90260648727417,0.33551025390625,224.0,160.0,0.2857142984867096,0.0275490228086709,64,0.0,109,3,4,shapley-20260606T032141Z-56697dcf,shapley,marginal
13,10110,3,0.2000000029802322,-1.023237228393555,1.2490434646606443,0.2020289897918701,64.0,32.0,0.5,0.0216016750782728,0,0.0,109,3,4,shapley-20260606T032141Z-56697dcf,shapley,marginal
14,1110,3,0.2000000029802322,-0.2973390817642212,0.1500146389007568,0.0616041123867034,192.0,128.0,0.3333333432674408,0.0123762870207428,64,0.0,109,3,4,shapley-20260606T032141Z-56697dcf,shapley,marginal
15,11110,4,0.4000000059604645,-0.1062788590788841,0.0279899612069129,0.0166947655379772,224.0,192.0,0.1428571492433548,0.0128444749861955,32,0.0,109,3,4,shapley-20260606T032141Z-56697dcf,shapley,marginal
16,1,1,0.4000000059604645,-1.6285433769226074,3.1544034481048584,0.5022499561309814,256.0,256.0,0.2727272808551788,0.0659659206867218,96,0.0,109,3,4,shapley-20260606T032141Z-56697dcf,shapley,marginal
17,10001,2,0.2000000029802322,-1.6198420524597168,3.21951961517334,0.5956313610076904,224.0,160.0,0.2857142984867096,0.0363740213215351,64,0.0,109,3,4,shapley-20260606T032141Z-56697dcf,shapley,marginal
18,1001,2,0.2000000029802322,-0.5938584804534912,0.40455362200737,0.0518857240676879,32.0,0.0,1.0,0.011440459638834,0,0.0,109,3,4,shapley-20260606T032141Z-56697dcf,shapley,marginal
19,11001,3,0.2000000029802322,-0.4999090731143951,0.3017105162143707,0.0518014281988143,96.0,64.0,0.3333333432674408,0.0114319752901792,32,0.0,109,3,4,shapley-20260606T032141Z-56697dcf,shapley,marginal
20,101,2,0.2000000029802322,-1.3532551527023315,2.330571174621582,0.4992716312408447,160.0,96.0,0.4000000059604645,0.0333865024149417,64,0.0,109,3,4,shapley-20260606T032141Z-56697dcf,shapley,marginal
21,10101,3,0.2000000029802322,-1.2195634841918943,1.8197016716003416,0.3323665857315063,160.0,96.0,0.4000000059604645,0.0274243541061878,0,0.0,109,3,4,shapley-20260606T032141Z-56697dcf,shapley,marginal
22,1101,3,0.2000000029802322,-0.2986864745616913,0.1151646971702575,0.0259510874748229,32.0,0.0,1.0,0.0083836903795599,0,0.0,109,3,4,shapley-20260606T032141Z-56697dcf,shapley,marginal
23,11101,4,0.4000000059604645,-0.2019758224487304,0.0652331113815307,0.0244388803839683,96.0,32.0,0.6666666865348816,0.0153306638821959,0,0.0,109,3,4,shapley-20260606T032141Z-56697dcf,shapley,marginal
24,11,2,0.2000000029802322,-1.4629454612731934,2.61196231842041,0.4717528820037842,256.0,128.0,0.5,0.0324813202023506,128,0.0,109,3,4,shapley-20260606T032141Z-56697dcf,shapley,marginal
25,10011,3,0.2000000029802322,-1.203018069267273,1.7169549465179443,0.2697024345397949,96.0,32.0,0.6666666865348816,0.0248033516108989,0,0.0,109,3,4,shapley-20260606T032141Z-56697dcf,shapley,marginal
26,1011,3,0.2000000029802322,-0.397230327129364,0.2055864185094833,0.0477944910526275,96.0,64.0,0.3333333432674408,0.0110203893855214,0,0.0,109,3,4,shapley-20260606T032141Z-56697dcf,shapley,marginal
27,11011,4,0.4000000059604645,-0.2874453067779541,0.1036237031221389,0.0209988951683044,96.0,64.0,0.3333333432674408,0.0142838470637798,32,0.0,109,3,4,shapley-20260606T032141Z-56697dcf,shapley,marginal
28,111,3,0.2000000029802322,-1.2448667287826538,1.8343449831008911,0.2846517562866211,160.0,128.0,0.2000000029802322,0.0254541542381048,32,0.0,109,3,4,shapley-20260606T032141Z-56697dcf,shapley,marginal
29,10111,4,0.4000000059604645,-1.1660451889038086,1.827836275100708,0.468174934387207,256.0,160.0,0.6153846383094788,0.0637234300374984,256,0.0,109,3,4,shapley-20260606T032141Z-56697dcf,shapley,marginal
30,1111,4,0.4000000059604645,-0.1394241154193878,0.0373277701437473,0.0178886856883764,128.0,96.0,0.25,0.0132606886327266,32,0.0,109,3,4,shapley-20260606T032141Z-56697dcf,shapley,marginal
31,11111,5,1.0,0.0,0.0,0.0,32.0,0.0,1.0,0.0010000000474974,0,0.0,109,3,4,shapley-20260606T032141Z-56697dcf,shapley,marginal
0,0,0,1.0,-1.6652004718780518,3.394204378128052,0.6213116645812988,256.0,256.0,0.5,0.167928859591484,256,0.0,129,4,5,shapley-20260606T032141Z-56697dcf,shapley,marginal
1,10000,1,0.4000000059604645,-1.6102217435836792,3.068657636642456,0.4758436679840088,256.0,256.0,0.2000000029802322,0.0594344325363636,64,0.0,129,4,5,shapley-20260606T032141Z-56697dcf,shapley,marginal
2,1000,1,0.4000000059604645,-0.8136720061302185,0.8705106377601624,0.2084485292434692,256.0,256.0,0.1111111119389534,0.0396755114197731,32,0.0,129,4,5,shapley-20260606T032141Z-56697dcf,shapley,marginal
3,11000,2,0.2000000029802322,-0.6031533479690552,0.4986124038696289,0.134818434715271,96.0,64.0,0.3333333432674408,0.0165518224239349,32,0.0,129,4,5,shapley-20260606T032141Z-56697dcf,shapley,marginal
4,100,1,0.4000000059604645,-1.5040889978408811,2.8323841094970703,0.5701003074645996,256.0,192.0,0.3333333432674408,0.0649605691432952,96,0.0,129,4,5,shapley-20260606T032141Z-56697dcf,shapley,marginal
5,10100,2,0.2000000029802322,-1.351169228553772,2.3509883880615234,0.5253300666809082,224.0,160.0,0.2857142984867096,0.0316988974809646,64,0.0,129,4,5,shapley-20260606T032141Z-56697dcf,shapley,marginal
6,1100,2,0.2000000029802322,-0.481566309928894,0.3196116685867309,0.0877055525779724,128.0,96.0,0.25,0.0135435424745082,0,0.0,129,4,5,shapley-20260606T032141Z-56697dcf,shapley,marginal
7,11100,3,0.2000000029802322,-0.3073755502700805,0.1407004296779632,0.0462206974625587,192.0,160.0,0.1666666716337204,0.0101059423759579,32,0.0,129,4,5,shapley-20260606T032141Z-56697dcf,shapley,marginal
8,10,1,0.4000000059604645,-1.5635899305343628,3.016726493835449,0.5719130039215088,256.0,256.0,0.2727272808551788,0.0650621727108955,96,0.0,129,4,5,shapley-20260606T032141Z-56697dcf,shapley,marginal
9,10010,2,0.2000000029802322,-1.4179978370666504,2.3423190116882324,0.3316011428833008,192.0,160.0,0.1666666716337204,0.0253901630640029,32,0.0,129,4,5,shapley-20260606T032141Z-56697dcf,shapley,marginal
10,1010,2,0.2000000029802322,-0.595502495765686,0.4553441405296325,0.1007209122180938,96.0,64.0,0.3333333432674408,0.0144420815631747,32,0.0,129,4,5,shapley-20260606T032141Z-56697dcf,shapley,marginal
11,11010,3,0.2000000029802322,-0.383030891418457,0.198830634355545,0.0521179735660553,64.0,32.0,0.5,0.0106694204732775,32,0.0,129,4,5,shapley-20260606T032141Z-56697dcf,shapley,marginal
12,110,2,0.2000000029802322,-1.3506512641906738,2.256875276565552,0.4326164722442627,256.0,224.0,0.3000000119209289,0.0288585312664508,96,0.0,129,4,5,shapley-20260606T032141Z-56697dcf,shapley,marginal
13,10110,3,0.2000000029802322,-1.2906033992767334,2.364861488342285,0.6992043256759644,96.0,64.0,0.3333333432674408,0.0364167504012584,32,0.0,129,4,5,shapley-20260606T032141Z-56697dcf,shapley,marginal
14,1110,3,0.2000000029802322,-0.2867412269115448,0.1398022919893264,0.0575817599892616,224.0,192.0,0.1428571492433548,0.0111636379733681,32,0.0,129,4,5,shapley-20260606T032141Z-56697dcf,shapley,marginal
15,11110,4,0.4000000059604645,-0.1018447130918502,0.0268091242760419,0.0164367780089378,256.0,224.0,0.2222222238779068,0.011860379949212,64,0.0,129,4,5,shapley-20260606T032141Z-56697dcf,shapley,marginal
16,1,1,0.4000000059604645,-1.6471645832061768,3.3074429035186768,0.5942916870117188,256.0,256.0,0.2727272808551788,0.0663035064935684,96,0.0,129,4,5,shapley-20260606T032141Z-56697dcf,shapley,marginal
17,10001,2,0.2000000029802322,-1.5782537460327148,3.103898048400879,0.6130132675170898,256.0,224.0,0.4615384638309479,0.0341620668768882,192,0.0,129,4,5,shapley-20260606T032141Z-56697dcf,shapley,marginal
18,1001,2,0.2000000029802322,-0.6416552066802979,0.5592831373214722,0.1475617289543151,64.0,32.0,0.5,0.0172702241688966,32,0.0,129,4,5,shapley-20260606T032141Z-56697dcf,shapley,marginal
19,11001,3,0.2000000029802322,-0.53006511926651,0.3657270073890686,0.0847579836845398,128.0,96.0,0.25,0.0133309625089168,32,0.0,129,4,5,shapley-20260606T032141Z-56697dcf,shapley,marginal
20,101,2,0.2000000029802322,-1.3532551527023315,2.330571174621582,0.4992716312408447,160.0,96.0,0.4000000059604645,0.0309278219938278,0,0.0,129,4,5,shapley-20260606T032141Z-56697dcf,shapley,marginal
21,10101,3,0.2000000029802322,-1.2706348896026611,2.012202262878418,0.3976892232894897,224.0,160.0,0.2857142984867096,0.0277102906256914,64,0.0,129,4,5,shapley-20260606T032141Z-56697dcf,shapley,marginal
22,1101,3,0.2000000029802322,-0.2986864745616913,0.1151646971702575,0.0259510874748229,32.0,0.0,1.0,0.0078231431543827,0,0.0,129,4,5,shapley-20260606T032141Z-56697dcf,shapley,marginal
23,11101,4,0.4000000059604645,-0.2019758224487304,0.0652331113815307,0.0244388803839683,96.0,32.0,0.6666666865348816,0.0142427245154976,0,0.0,129,4,5,shapley-20260606T032141Z-56697dcf,shapley,marginal
24,11,2,0.2000000029802322,-1.4881646633148191,2.726848840713501,0.5122146606445312,256.0,256.0,0.1111111119389534,0.0313132591545581,32,0.0,129,4,5,shapley-20260606T032141Z-56697dcf,shapley,marginal
25,10011,3,0.2000000029802322,-1.203018069267273,1.7169549465179443,0.2697024345397949,96.0,32.0,0.6666666865348816,0.0229962728917598,0,0.0,129,4,5,shapley-20260606T032141Z-56697dcf,shapley,marginal
26,1011,3,0.2000000029802322,-0.397230327129364,0.2055864185094833,0.0477944910526275,96.0,64.0,0.3333333432674408,0.0102596720680594,0,0.0,129,4,5,shapley-20260606T032141Z-56697dcf,shapley,marginal
27,11011,4,0.4000000059604645,-0.295654296875,0.1155025959014892,0.0280911326408386,128.0,96.0,0.25,0.0151978069916367,32,0.0,129,4,5,shapley-20260606T032141Z-56697dcf,shapley,marginal
28,111,3,0.2000000029802322,-1.2448667287826538,1.8343449831008911,0.2846517562866211,160.0,128.0,0.2000000029802322,0.0235976688563823,0,0.0,129,4,5,shapley-20260606T032141Z-56697dcf,shapley,marginal
29,10111,4,0.4000000059604645,-1.2087475061416626,2.010179042816162,0.5491085052490234,256.0,256.0,0.3333333432674408,0.0637719705700874,128,0.0,129,4,5,shapley-20260606T032141Z-56697dcf,shapley,marginal
30,1111,4,0.4000000059604645,-0.1394241154193878,0.0373277701437473,0.0178886856883764,128.0,96.0,0.25,0.0123298959806561,0,0.0,129,4,5,shapley-20260606T032141Z-56697dcf,shapley,marginal
31,11111,5,1.0,0.0,0.0,0.0,32.0,0.0,1.0,0.0010000000474974,0,0.0,129,4,5,shapley-20260606T032141Z-56697dcf,shapley,marginal
0,0,0,1.0,-1.8645579814910889,4.566924095153809,1.0903475284576416,256.0,249.1098175048828,0.4352657496929168,0.1907893270254135,192,0.0269148047267124,169,5,6,shapley-20260606T032141Z-56697dcf,shapley,marginal
1,10000,1,0.4000000059604645,-1.6102217435836792,3.068657636642456,0.4758436679840088,256.0,256.0,0.2000000029802322,0.0511512123048305,0,0.0269148047267124,169,5,6,shapley-20260606T032141Z-56697dcf,shapley,marginal
2,1000,1,0.4000000059604645,-0.8414886593818665,0.9550632238388062,0.2469600439071655,256.0,249.1098175048828,0.2781723141670227,0.0371295548975467,96,0.0269148047267124,169,5,6,shapley-20260606T032141Z-56697dcf,shapley,marginal
3,11000,2,0.2000000029802322,-0.6525915861129761,0.5845982432365417,0.1587224602699279,125.41618347167967,93.41618347167967,0.2551504969596863,0.0154823334887623,32,0.0269148047267124,169,5,6,shapley-20260606T032141Z-56697dcf,shapley,marginal
4,100,1,0.4000000059604645,-1.554551362991333,3.107220411300659,0.6905903816223145,256.0,249.1098175048828,0.1138345152139663,0.0614170581102371,32,0.0269148047267124,169,5,6,shapley-20260606T032141Z-56697dcf,shapley,marginal
5,10100,2,0.2000000029802322,-1.351169228553772,2.3509883880615234,0.5253300666809082,224.0,160.0,0.2857142984867096,0.0273472592234611,0,0.0269148047267124,169,5,6,shapley-20260606T032141Z-56697dcf,shapley,marginal
6,1100,2,0.2000000029802322,-0.4874772429466247,0.3499268293380737,0.1122927665710449,156.55490112304688,124.5549087524414,0.2044011354446411,0.0131813446059823,32,0.0269148047267124,169,5,6,shapley-20260606T032141Z-56697dcf,shapley,marginal
7,11100,3,0.2000000029802322,-0.3073755502700805,0.1407004296779632,0.0462206974625587,192.0,160.0,0.1666666716337204,0.0088151535019278,0,0.0269148047267124,169,5,6,shapley-20260606T032141Z-56697dcf,shapley,marginal
8,10,1,0.4000000059604645,-1.669556736946106,3.694876194000244,0.907456398010254,256.0,249.1098175048828,0.4734629988670349,0.0702567622065544,224,0.0269148047267124,169,5,6,shapley-20260606T032141Z-56697dcf,shapley,marginal
9,10010,2,0.2000000029802322,-1.5387282371520996,2.91448974609375,0.5468051433563232,256.0,186.83236694335935,0.339423656463623,0.0278803911060094,96,0.0269148047267124,169,5,6,shapley-20260606T032141Z-56697dcf,shapley,marginal
10,1010,2,0.2000000029802322,-0.595502495765686,0.4553441405296325,0.1007209122180938,96.0,64.0,0.3333333432674408,0.0125366346910595,0,0.0269148047267124,169,5,6,shapley-20260606T032141Z-56697dcf,shapley,marginal
11,11010,3,0.2000000029802322,-0.383030891418457,0.198830634355545,0.0521179735660553,64.0,32.0,0.5,0.0092987576499581,0,0.0269148047267124,169,5,6,shapley-20260606T032141Z-56697dcf,shapley,marginal
12,110,2,0.2000000029802322,-1.3859306573867798,2.412418365478516,0.4916145801544189,256.0,249.1098175048828,0.2044011354446411,0.0264877602458,64,0.0269148047267124,169,5,6,shapley-20260606T032141Z-56697dcf,shapley,marginal
13,10110,3,0.2000000029802322,-1.417496681213379,2.8563520908355717,0.847055196762085,157.4161834716797,93.41618347167967,0.4065655767917633,0.0344560891389846,64,0.0269148047267124,169,5,6,shapley-20260606T032141Z-56697dcf,shapley,marginal
14,1110,3,0.2000000029802322,-0.2867412269115448,0.1398022919893264,0.0575817599892616,224.0,192.0,0.1428571492433548,0.0097229182720184,0,0.0269148047267124,169,5,6,shapley-20260606T032141Z-56697dcf,shapley,marginal
15,11110,4,0.4000000059604645,-0.1032314524054527,0.0273165013641119,0.0166597682982683,256.0,249.1098175048828,0.1138345152139663,0.010383908636868,32,0.0269148047267124,169,5,6,shapley-20260606T032141Z-56697dcf,shapley,marginal
16,1,1,0.4000000059604645,-1.663670301437378,3.4120934009552,0.6442945003509521,256.0,249.1098175048828,0.2044011354446411,0.0593568012118339,64,0.0269148047267124,169,5,6,shapley-20260606T032141Z-56697dcf,shapley,marginal
17,10001,2,0.2000000029802322,-1.5782537460327148,3.103898048400879,0.6130132675170898,256.0,224.0,0.4615384638309479,0.0294612664729356,0,0.0269148047267124,169,5,6,shapley-20260606T032141Z-56697dcf,shapley,marginal
18,1001,2,0.2000000029802322,-0.7554294466972351,0.8153859376907349,0.2447122931480407,126.27745056152344,62.2774543762207,0.5068204998970032,0.0189823806285858,64,0.0269148047267124,169,5,6,shapley-20260606T032141Z-56697dcf,shapley,marginal
19,11001,3,0.2000000029802322,-0.5459498167037964,0.3848623633384704,0.0868011713027954,156.55490112304688,124.5549087524414,0.2044011354446411,0.0117098186165094,32,0.0269148047267124,169,5,6,shapley-20260606T032141Z-56697dcf,shapley,marginal
20,101,2,0.2000000029802322,-1.4765727519989014,2.88897705078125,0.7087099552154541,219.69363403320312,155.69363403320312,0.2913147807121277,0.0316022634506225,64,0.0269148047267124,169,5,6,shapley-20260606T032141Z-56697dcf,shapley,marginal
21,10101,3,0.2000000029802322,-1.432560920715332,2.767596483230591,0.7153656482696533,256.0,217.97108459472656,0.3057606518268585,0.0317456275224685,96,0.0269148047267124,169,5,6,shapley-20260606T032141Z-56697dcf,shapley,marginal
22,1101,3,0.2000000029802322,-0.2986864745616913,0.1151646971702575,0.0259510874748229,32.0,0.0,1.0,0.0068559464998543,0,0.0269148047267124,169,5,6,shapley-20260606T032141Z-56697dcf,shapley,marginal
23,11101,4,0.4000000059604645,-0.2019758224487304,0.0652331113815307,0.0244388803839683,96.0,32.0,0.6666666865348816,0.0123655367642641,0,0.0269148047267124,169,5,6,shapley-20260606T032141Z-56697dcf,shapley,marginal
24,11,2,0.2000000029802322,-1.5487456321716309,3.080961942672729,0.6823489665985107,256.0,249.1098175048828,0.2044011354446411,0.0310277342796325,64,0.0269148047267124,169,5,6,shapley-20260606T032141Z-56697dcf,shapley,marginal
25,10011,3,0.2000000029802322,-1.4755072593688965,2.854111909866333,0.676990270614624,221.4161834716797,93.41618347167967,0.578096866607666,0.0309095941483974,128,0.0269148047267124,169,5,6,shapley-20260606T032141Z-56697dcf,shapley,marginal
26,1011,3,0.2000000029802322,-0.397230327129364,0.2055864185094833,0.0477944910526275,96.0,64.0,0.3333333432674408,0.0089470921084284,0,0.0269148047267124,169,5,6,shapley-20260606T032141Z-56697dcf,shapley,marginal
27,11011,4,0.4000000059604645,-0.3084914684295654,0.1265001446008682,0.0313331559300422,156.55490112304688,124.5549087524414,0.2044011354446411,0.0138691952452063,32,0.0269148047267124,169,5,6,shapley-20260606T032141Z-56697dcf,shapley,marginal
28,111,3,0.2000000029802322,-1.338806390762329,2.48020076751709,0.687798261642456,219.69363403320312,155.69363403320312,0.2913147807121277,0.0311473980545997,64,0.0269148047267124,169,5,6,shapley-20260606T032141Z-56697dcf,shapley,marginal
29,10111,4,0.4000000059604645,-1.2998745441436768,2.4453284740448,0.7556546926498413,256.0,249.1098175048828,0.2044011354446411,0.0641991198062896,64,0.0269148047267124,169,5,6,shapley-20260606T032141Z-56697dcf,shapley,marginal
30,1111,4,0.4000000059604645,-0.1414325982332229,0.0370195731520652,0.0170163940638303,188.55490112304688,124.5549087524414,0.3394236862659454,0.0104838144034147,64,0.0269148047267124,169,5,6,shapley-20260606T032141Z-56697dcf,shapley,marginal
31,11111,5,1.0,0.0,0.0,0.0,32.0,0.0,1.0,0.0010000000474974,0,0.0269148047267124,169,5,6,shapley-20260606T032141Z-56697dcf,shapley,marginal
0,0,0,1.0,-0.931939423084259,1.021368384361267,0.1528573036193847,32.0,0.0,1.0,0.1604884564876556,32,0.0,49,0,1,shapley-20260606T032205Z-2e4b89ef,shapley,conditional
1,10000,1,0.4000000059604645,-0.959074854850769,1.0278303623199463,0.1080057621002197,32.0,0.0,1.0,0.0546252839267253,32,0.0,49,0,1,shapley-20260606T032205Z-2e4b89ef,shapley,conditional
2,1000,1,0.4000000059604645,-0.3801175355911255,0.1617181301116943,0.0172287821769714,32.0,0.0,1.0,0.0224177297204732,32,0.0,49,0,1,shapley-20260606T032205Z-2e4b89ef,shapley,conditional
3,11000,2,0.2000000029802322,-0.3638578951358795,0.1770407706499099,0.0446482002735137,32.0,0.0,1.0,0.0182392392307519,32,0.0,49,0,1,shapley-20260606T032205Z-2e4b89ef,shapley,conditional
4,100,1,0.4000000059604645,-0.7947973012924194,0.8219828605651855,0.1902801394462585,32.0,0.0,1.0,0.0721775218844413,32,0.0,49,0,1,shapley-20260606T032205Z-2e4b89ef,shapley,conditional
5,10100,2,0.2000000029802322,-0.6629433631896973,0.5166637897491455,0.0771698951721191,32.0,0.0,1.0,0.0236641839146614,32,0.0,49,0,1,shapley-20260606T032205Z-2e4b89ef,shapley,conditional
6,1100,2,0.2000000029802322,-0.2293999344110489,0.0673092231154441,0.0146848931908607,32.0,0.0,1.0,0.0108867036178708,32,0.0,49,0,1,shapley-20260606T032205Z-2e4b89ef,shapley,conditional
7,11100,3,0.2000000029802322,-0.1238206848502159,0.0251603238284587,0.0098287621513009,32.0,0.0,1.0,0.0090884547680616,32,0.0,49,0,1,shapley-20260606T032205Z-2e4b89ef,shapley,conditional
8,10,1,0.4000000059604645,-0.9349160194396972,1.009584665298462,0.1355167031288147,32.0,0.0,1.0,0.0610679164528846,32,0.0,49,0,1,shapley-20260606T032205Z-2e4b89ef,shapley,conditional
9,10010,2,0.2000000029802322,-0.7702891826629639,0.6948683261871338,0.1015229225158691,32.0,0.0,1.0,0.026995500549674,32,0.0,49,0,1,shapley-20260606T032205Z-2e4b89ef,shapley,conditional
10,1010,2,0.2000000029802322,-0.2828649282455444,0.1011952906847,0.0211827233433723,32.0,0.0,1.0,0.0128742735832929,32,0.0,49,0,1,shapley-20260606T032205Z-2e4b89ef,shapley,conditional
11,11010,3,0.2000000029802322,-0.2098680436611175,0.0598933659493923,0.015848770737648,32.0,0.0,1.0,0.0112710278481245,32,0.0,49,0,1,shapley-20260606T032205Z-2e4b89ef,shapley,conditional
12,110,2,0.2000000029802322,-0.6613643169403076,0.5695134997367859,0.1321107447147369,32.0,0.0,1.0,0.0306541323661804,32,0.0,49,0,1,shapley-20260606T032205Z-2e4b89ef,shapley,conditional
13,10110,3,0.2000000029802322,-0.5254216194152832,0.3810902833938598,0.1050224006175994,32.0,0.0,1.0,0.0274397376924753,32,0.0,49,0,1,shapley-20260606T032205Z-2e4b89ef,shapley,conditional
14,1110,3,0.2000000029802322,-0.06134520098567,0.0123522710055112,0.0085890367627143,32.0,0.0,1.0,0.0085611585527658,32,0.0,49,0,1,shapley-20260606T032205Z-2e4b89ef,shapley,conditional
15,11110,4,0.4000000059604645,-0.0179118458181619,0.0029274618718773,0.0026066275313496,32.0,0.0,1.0,0.0093307793140411,32,0.0,49,0,1,shapley-20260606T032205Z-2e4b89ef,shapley,conditional
16,1,1,0.4000000059604645,-1.0051829814910889,1.2153851985931396,0.204992413520813,32.0,0.0,1.0,0.0748779848217964,32,0.0,49,0,1,shapley-20260606T032205Z-2e4b89ef,shapley,conditional
17,10001,2,0.2000000029802322,-0.8836252689361572,1.077423334121704,0.2966297268867492,32.0,0.0,1.0,0.0454348251223564,32,0.0,49,0,1,shapley-20260606T032205Z-2e4b89ef,shapley,conditional
18,1001,2,0.2000000029802322,-0.3688341677188873,0.1805132031440735,0.0444745570421218,32.0,0.0,1.0,0.0182056855410337,32,0.0,49,0,1,shapley-20260606T032205Z-2e4b89ef,shapley,conditional
19,11001,3,0.2000000029802322,-0.3133352994918823,0.1161695942282676,0.0179905816912651,32.0,0.0,1.0,0.0119430599734187,32,0.0,49,0,1,shapley-20260606T032205Z-2e4b89ef,shapley,conditional
20,101,2,0.2000000029802322,-0.6603718996047974,0.6000796556472778,0.1639886200428009,32.0,0.0,1.0,0.0340387038886547,32,0.0,49,0,1,shapley-20260606T032205Z-2e4b89ef,shapley,conditional
21,10101,3,0.2000000029802322,-0.7420828938484192,0.7111868858337402,0.1604998707771301,32.0,0.0,1.0,0.0336853750050067,32,0.0,49,0,1,shapley-20260606T032205Z-2e4b89ef,shapley,conditional
22,1101,3,0.2000000029802322,-0.1763184964656829,0.0522284768521785,0.0211402643471956,32.0,0.0,1.0,0.0128623666241765,32,0.0,49,0,1,shapley-20260606T032205Z-2e4b89ef,shapley,conditional
23,11101,4,0.4000000059604645,-0.0859981924295425,0.0137866009026765,0.0063909119926393,32.0,0.0,1.0,0.0140445036813616,32,0.0,49,0,1,shapley-20260606T032205Z-2e4b89ef,shapley,conditional
24,11,2,0.2000000029802322,-0.9224362373352052,1.0274202823638916,0.1765316724777221,32.0,0.0,1.0,0.0352789424359798,32,0.0,49,0,1,shapley-20260606T032205Z-2e4b89ef,shapley,conditional
25,10011,3,0.2000000029802322,-0.8510419726371765,0.9020940065383912,0.1778215765953064,32.0,0.0,1.0,0.0354039557278156,32,0.0,49,0,1,shapley-20260606T032205Z-2e4b89ef,shapley,conditional
26,1011,3,0.2000000029802322,-0.2323860228061676,0.0637707263231277,0.0097674615681171,32.0,0.0,1.0,0.0090631917119026,32,0.0,49,0,1,shapley-20260606T032205Z-2e4b89ef,shapley,conditional
27,11011,4,0.4000000059604645,-0.1804680079221725,0.041310116648674,0.0087414160370826,32.0,0.0,1.0,0.016255872324109,32,0.0,49,0,1,shapley-20260606T032205Z-2e4b89ef,shapley,conditional
28,111,3,0.2000000029802322,-0.6252344846725464,0.4975935816764831,0.1066754162311554,32.0,0.0,1.0,0.0276469998061656,32,0.0,49,0,1,shapley-20260606T032205Z-2e4b89ef,shapley,conditional
29,10111,4,0.4000000059604645,-0.5662535429000854,0.439395010471344,0.1187519431114196,32.0,0.0,1.0,0.0572297945618629,32,0.0,49,0,1,shapley-20260606T032205Z-2e4b89ef,shapley,conditional
30,1111,4,0.4000000059604645,-0.0632051527500152,0.009627878665924,0.0056329872459173,32.0,0.0,1.0,0.0132466005161404,32,0.0,49,0,1,shapley-20260606T032205Z-2e4b89ef,shapley,conditional
31,11111,5,1.0,0.0,0.0,0.0,32.0,0.0,1.0,0.0010000000474974,32,0.0,49,0,1,shapley-20260606T032205Z-2e4b89ef,shapley,conditional
0,0,0,1.0,-0.9380124807357788,1.09734308719635,0.2174756526947021,160.0,32.0,0.800000011920929,0.1731055527925491,128,0.0,69,1,2,shapley-20260606T032205Z-2e4b89ef,shapley,conditional
1,10000,1,0.4000000059604645,-0.923091471195221,1.095206618309021,0.2431087493896484,192.0,32.0,0.8333333134651184,0.0737863406538963,160,0.0,69,1,2,shapley-20260606T032205Z-2e4b89ef,shapley,conditional
2,1000,1,0.4000000059604645,-0.3669162392616272,0.1688496172428131,0.0342220962047576,96.0,32.0,0.6666666865348816,0.0283088162541389,64,0.0,69,1,2,shapley-20260606T032205Z-2e4b89ef,shapley,conditional
3,11000,2,0.2000000029802322,-0.3429401814937591,0.1550297737121582,0.0374218076467514,96.0,32.0,0.6666666865348816,0.0152784790843725,64,0.0,69,1,2,shapley-20260606T032205Z-2e4b89ef,shapley,conditional
4,100,1,0.4000000059604645,-0.7450214624404907,0.7850167155265808,0.2299597263336181,192.0,32.0,0.8333333134651184,0.0717905759811401,160,0.0,69,1,2,shapley-20260606T032205Z-2e4b89ef,shapley,conditional
5,10100,2,0.2000000029802322,-0.6334074139595032,0.5154637694358826,0.1142588257789611,64.0,32.0,0.5,0.0259496495127677,32,0.0,69,1,2,shapley-20260606T032205Z-2e4b89ef,shapley,conditional
6,1100,2,0.2000000029802322,-0.2058243453502655,0.062226939946413,0.0198632776737213,96.0,32.0,0.6666666865348816,0.0114026749506592,64,0.0,69,1,2,shapley-20260606T032205Z-2e4b89ef,shapley,conditional
7,11100,3,0.2000000029802322,-0.1238206848502159,0.0251603238284587,0.0098287621513009,32.0,0.0,1.0,0.0083176046609878,0,0.0,69,1,2,shapley-20260606T032205Z-2e4b89ef,shapley,conditional
8,10,1,0.4000000059604645,-0.8383777141571045,0.8344883322715759,0.131611168384552,160.0,32.0,0.800000011920929,0.054554495960474,128,0.0,69,1,2,shapley-20260606T032205Z-2e4b89ef,shapley,conditional
9,10010,2,0.2000000029802322,-0.7788867354393005,0.7512570023536682,0.1445924639701843,128.0,32.0,0.75,0.0290667675435543,96,0.0,69,1,2,shapley-20260606T032205Z-2e4b89ef,shapley,conditional
10,1010,2,0.2000000029802322,-0.2698036432266235,0.1026117652654647,0.0298177599906921,128.0,32.0,0.75,0.0137455072253942,96,0.0,69,1,2,shapley-20260606T032205Z-2e4b89ef,shapley,conditional
11,11010,3,0.2000000029802322,-0.2165006399154663,0.0621190890669822,0.0152465626597404,128.0,32.0,0.75,0.0101139266043901,96,0.0,69,1,2,shapley-20260606T032205Z-2e4b89ef,shapley,conditional
12,110,2,0.2000000029802322,-0.5868839025497437,0.4594171643257141,0.1149844527244567,64.0,32.0,0.5,0.026028748601675,32,0.0,69,1,2,shapley-20260606T032205Z-2e4b89ef,shapley,conditional
13,10110,3,0.2000000029802322,-0.5281784534454346,0.3839138150215149,0.1049413383007049,96.0,32.0,0.6666666865348816,0.0249107312411069,64,0.0,69,1,2,shapley-20260606T032205Z-2e4b89ef,shapley,conditional
14,1110,3,0.2000000029802322,-0.06134520098567,0.0123522710055112,0.0085890367627143,32.0,0.0,1.0,0.0078405616804957,0,0.0,69,1,2,shapley-20260606T032205Z-2e4b89ef,shapley,conditional
15,11110,4,0.4000000059604645,-0.0179118458181619,0.0029274618718773,0.0026066275313496,32.0,0.0,1.0,0.0085368352010846,0,0.0,69,1,2,shapley-20260606T032205Z-2e4b89ef,shapley,conditional
16,1,1,0.4000000059604645,-0.9909547567367554,1.23810076713562,0.2561094164848327,192.0,32.0,0.8333333134651184,0.0757071748375892,160,0.0,69,1,2,shapley-20260606T032205Z-2e4b89ef,shapley,conditional
17,10001,2,0.2000000029802322,-0.9193696975708008,1.1225306987762451,0.2772900462150574,96.0,32.0,0.6666666865348816,0.0398675091564655,64,0.0,69,1,2,shapley-20260606T032205Z-2e4b89ef,shapley,conditional
18,1001,2,0.2000000029802322,-0.3688341677188873,0.1805132031440735,0.0444745570421218,32.0,0.0,1.0,0.0165659412741661,0,0.0,69,1,2,shapley-20260606T032205Z-2e4b89ef,shapley,conditional
19,11001,3,0.2000000029802322,-0.2936436235904693,0.1033338159322738,0.0171072408556938,64.0,32.0,0.5,0.0106540499255061,32,0.0,69,1,2,shapley-20260606T032205Z-2e4b89ef,shapley,conditional
20,101,2,0.2000000029802322,-0.6603718996047974,0.6000796556472778,0.1639886200428009,32.0,0.0,1.0,0.0308900363743305,0,0.0,69,1,2,shapley-20260606T032205Z-2e4b89ef,shapley,conditional
21,10101,3,0.2000000029802322,-0.7420828938484192,0.7111868858337402,0.1604998707771301,32.0,0.0,1.0,0.0305703822523355,0,0.0,69,1,2,shapley-20260606T032205Z-2e4b89ef,shapley,conditional
22,1101,3,0.2000000029802322,-0.1763184964656829,0.0522284768521785,0.0211402643471956,32.0,0.0,1.0,0.0117318537086248,0,0.0,69,1,2,shapley-20260606T032205Z-2e4b89ef,shapley,conditional
23,11101,4,0.4000000059604645,-0.1049477532505989,0.0175798758864402,0.0065658446401357,64.0,32.0,0.5,0.0129617527127265,32,0.0,69,1,2,shapley-20260606T032205Z-2e4b89ef,shapley,conditional
24,11,2,0.2000000029802322,-0.917189598083496,1.0921554565429688,0.2509186863899231,96.0,32.0,0.6666666865348816,0.0379731133580207,64,0.0,69,1,2,shapley-20260606T032205Z-2e4b89ef,shapley,conditional
25,10011,3,0.2000000029802322,-0.8510419726371765,0.9020940065383912,0.1778215765953064,32.0,0.0,1.0,0.032125174999237,0,0.0,69,1,2,shapley-20260606T032205Z-2e4b89ef,shapley,conditional
26,1011,3,0.2000000029802322,-0.2266778647899627,0.062251754105091,0.0108688995242118,64.0,32.0,0.5,0.0086950659751892,32,0.0,69,1,2,shapley-20260606T032205Z-2e4b89ef,shapley,conditional
27,11011,4,0.4000000059604645,-0.1804680079221725,0.041310116648674,0.0087414160370826,32.0,0.0,1.0,0.014801949262619,0,0.0,69,1,2,shapley-20260606T032205Z-2e4b89ef,shapley,conditional
28,111,3,0.2000000029802322,-0.6252344846725464,0.4975935816764831,0.1066754162311554,32.0,0.0,1.0,0.0251074749976396,0,0.0,69,1,2,shapley-20260606T032205Z-2e4b89ef,shapley,conditional
29,10111,4,0.4000000059604645,-0.5816462635993958,0.4798213541507721,0.1415089666843414,64.0,32.0,0.5,0.0565317757427692,32,0.0,69,1,2,shapley-20260606T032205Z-2e4b89ef,shapley,conditional
30,1111,4,0.4000000059604645,-0.0632051527500152,0.009627878665924,0.0056329872459173,32.0,0.0,1.0,0.0120794698596,0,0.0,69,1,2,shapley-20260606T032205Z-2e4b89ef,shapley,conditional
31,11111,5,1.0,0.0,0.0,0.0,32.0,0.0,1.0,0.0010000000474974,0,0.0,69,1,2,shapley-20260606T032205Z-2e4b89ef,shapley,conditional
0,0,0,1.0,-0.891740083694458,1.023797869682312,0.2285975217819214,256.0,160.0,0.5454545617103577,0.1796268373727798,192,0.0,89,2,3,shapley-20260606T032205Z-2e4b89ef,shapley,conditional
1,10000,1,0.4000000059604645,-0.908435583114624,1.071441888809204,0.2461866736412048,256.0,192.0,0.25,0.0751486495137214,64,0.0,89,2,3,shapley-20260606T032205Z-2e4b89ef,shapley,conditional
2,1000,1,0.4000000059604645,-0.3602479696273803,0.1603527963161468,0.0305742025375366,128.0,96.0,0.25,0.0271305479109287,32,0.0,89,2,3,shapley-20260606T032205Z-2e4b89ef,shapley,conditional
3,11000,2,0.2000000029802322,-0.3429401814937591,0.1550297737121582,0.0374218076467514,96.0,32.0,0.6666666865348816,0.0154545092955231,0,0.0,89,2,3,shapley-20260606T032205Z-2e4b89ef,shapley,conditional
4,100,1,0.4000000059604645,-0.7146751880645752,0.7172937989234924,0.2065331935882568,256.0,192.0,0.4000000059604645,0.0689150243997573,128,0.0,89,2,3,shapley-20260606T032205Z-2e4b89ef,shapley,conditional
5,10100,2,0.2000000029802322,-0.6427482962608337,0.5416638255119324,0.1285384595394134,160.0,64.0,0.6000000238418579,0.0277890618890523,96,0.0,89,2,3,shapley-20260606T032205Z-2e4b89ef,shapley,conditional
6,1100,2,0.2000000029802322,-0.1945081055164337,0.0575204342603683,0.0196870304644107,160.0,96.0,0.4000000059604645,0.0114840986207127,64,0.0,89,2,3,shapley-20260606T032205Z-2e4b89ef,shapley,conditional
7,11100,3,0.2000000029802322,-0.1208823025226593,0.0261169634759426,0.0115044321864843,128.0,32.0,0.75,0.0090144462883472,96,0.0,89,2,3,shapley-20260606T032205Z-2e4b89ef,shapley,conditional
8,10,1,0.4000000059604645,-0.8411523103713989,0.8664834499359131,0.1589462161064148,192.0,160.0,0.1666666716337204,0.0605793893337249,32,0.0,89,2,3,shapley-20260606T032205Z-2e4b89ef,shapley,conditional
9,10010,2,0.2000000029802322,-0.7613056898117065,0.7325575351715088,0.1529712080955505,160.0,128.0,0.2000000029802322,0.0302244164049625,32,0.0,89,2,3,shapley-20260606T032205Z-2e4b89ef,shapley,conditional
10,1010,2,0.2000000029802322,-0.2587210536003113,0.096328891813755,0.0293923094868659,160.0,128.0,0.2000000029802322,0.0138102564960718,32,0.0,89,2,3,shapley-20260606T032205Z-2e4b89ef,shapley,conditional
11,11010,3,0.2000000029802322,-0.2113804817199707,0.0607705749571323,0.0160888656973838,160.0,128.0,0.2000000029802322,0.0104777161031961,32,0.0,89,2,3,shapley-20260606T032205Z-2e4b89ef,shapley,conditional
12,110,2,0.2000000029802322,-0.5895008444786072,0.4624115824699402,0.1149003505706787,96.0,64.0,0.3333333432674408,0.0263280421495437,32,0.0,89,2,3,shapley-20260606T032205Z-2e4b89ef,shapley,conditional
13,10110,3,0.2000000029802322,-0.4996785819530487,0.3408085703849792,0.0911298841238021,128.0,96.0,0.25,0.0235564820468425,32,0.0,89,2,3,shapley-20260606T032205Z-2e4b89ef,shapley,conditional
14,1110,3,0.2000000029802322,-0.06134520098567,0.0123522710055112,0.0085890367627143,32.0,0.0,1.0,0.0079248948022723,0,0.0,89,2,3,shapley-20260606T032205Z-2e4b89ef,shapley,conditional
15,11110,4,0.4000000059604645,-0.0108038391917943,0.0013089252170175,0.0011922023259103,96.0,32.0,0.6666666865348816,0.0061599556356668,64,0.0,89,2,3,shapley-20260606T032205Z-2e4b89ef,shapley,conditional
16,1,1,0.4000000059604645,-0.9512025117874146,1.1451644897460938,0.2403782606124878,256.0,192.0,0.5,0.0742687135934829,192,0.0,89,2,3,shapley-20260606T032205Z-2e4b89ef,shapley,conditional
17,10001,2,0.2000000029802322,-0.903033971786499,1.0548200607299805,0.2393497228622436,192.0,96.0,0.5,0.0375558994710445,96,0.0,89,2,3,shapley-20260606T032205Z-2e4b89ef,shapley,conditional
18,1001,2,0.2000000029802322,-0.3506999015808105,0.157057449221611,0.0340670272707939,64.0,32.0,0.5,0.0147913908585906,32,0.0,89,2,3,shapley-20260606T032205Z-2e4b89ef,shapley,conditional
19,11001,3,0.2000000029802322,-0.2953968644142151,0.1093871742486953,0.0221278667449951,96.0,64.0,0.3333333432674408,0.0121150333434343,32,0.0,89,2,3,shapley-20260606T032205Z-2e4b89ef,shapley,conditional
20,101,2,0.2000000029802322,-0.6113616824150085,0.5297671556472778,0.1560040414333343,64.0,32.0,0.5,0.0305126961320638,32,0.0,89,2,3,shapley-20260606T032205Z-2e4b89ef,shapley,conditional
21,10101,3,0.2000000029802322,-0.6344215869903564,0.5274693369865417,0.1249785721302032,64.0,32.0,0.5,0.0274154935032129,32,0.0,89,2,3,shapley-20260606T032205Z-2e4b89ef,shapley,conditional
22,1101,3,0.2000000029802322,-0.1763184964656829,0.0522284768521785,0.0211402643471956,32.0,0.0,1.0,0.0118641601875424,0,0.0,89,2,3,shapley-20260606T032205Z-2e4b89ef,shapley,conditional
23,11101,4,0.4000000059604645,-0.1049477532505989,0.0175798758864402,0.0065658446401357,64.0,32.0,0.5,0.0131092220544815,0,0.0,89,2,3,shapley-20260606T032205Z-2e4b89ef,shapley,conditional
24,11,2,0.2000000029802322,-0.847152590751648,0.9398452043533324,0.2221776843070984,192.0,96.0,0.5,0.0362201482057571,96,0.0,89,2,3,shapley-20260606T032205Z-2e4b89ef,shapley,conditional
25,10011,3,0.2000000029802322,-0.8510419726371765,0.9020940065383912,0.1778215765953064,32.0,0.0,1.0,0.0325088948011398,0,0.0,89,2,3,shapley-20260606T032205Z-2e4b89ef,shapley,conditional
26,1011,3,0.2000000029802322,-0.2266778647899627,0.062251754105091,0.0108688995242118,64.0,32.0,0.5,0.0087899332866072,0,0.0,89,2,3,shapley-20260606T032205Z-2e4b89ef,shapley,conditional
27,11011,4,0.4000000059604645,-0.1804680079221725,0.041310116648674,0.0087414160370826,32.0,0.0,1.0,0.0149721056222915,0,0.0,89,2,3,shapley-20260606T032205Z-2e4b89ef,shapley,conditional
28,111,3,0.2000000029802322,-0.6252344846725464,0.4975935816764831,0.1066754162311554,32.0,0.0,1.0,0.0254046823829412,0,0.0,89,2,3,shapley-20260606T032205Z-2e4b89ef,shapley,conditional
29,10111,4,0.4000000059604645,-0.5523595809936523,0.4319670796394348,0.1268659830093383,192.0,64.0,0.6666666865348816,0.0542284175753593,128,0.0,89,2,3,shapley-20260606T032205Z-2e4b89ef,shapley,conditional
30,1111,4,0.4000000059604645,-0.0494026020169258,0.0074897804297506,0.0050491634756326,64.0,32.0,0.5,0.0116189289838075,32,0.0,89,2,3,shapley-20260606T032205Z-2e4b89ef,shapley,conditional
31,11111,5,1.0,0.0,0.0,0.0,32.0,0.0,1.0,0.0010000000474974,0,0.0,89,2,3,shapley-20260606T032205Z-2e4b89ef,shapley,conditional
0,0,0,1.0,-0.9105701446533204,1.095167875289917,0.2660298943519592,256.0,256.0,0.4285714328289032,0.1873902380466461,192,0.0,109,3,4,shapley-20260606T032205Z-2e4b89ef,shapley,conditional
1,10000,1,0.4000000059604645,-0.8363322019577026,0.9380407333374025,0.2385891675949096,256.0,256.0,0.4666666686534881,0.071606270968914,224,0.0,109,3,4,shapley-20260606T032205Z-2e4b89ef,shapley,conditional
2,1000,1,0.4000000059604645,-0.3527153134346008,0.1564202010631561,0.0320121124386787,160.0,128.0,0.2000000029802322,0.0268627740442752,32,0.0,109,3,4,shapley-20260606T032205Z-2e4b89ef,shapley,conditional
3,11000,2,0.2000000029802322,-0.3340111970901489,0.1455921828746795,0.0340287014842033,128.0,96.0,0.25,0.0143324704840779,32,0.0,109,3,4,shapley-20260606T032205Z-2e4b89ef,shapley,conditional
4,100,1,0.4000000059604645,-0.7111226916313171,0.7092757821083069,0.2035803198814392,256.0,256.0,0.3333333432674408,0.0662207603454589,128,0.0,109,3,4,shapley-20260606T032205Z-2e4b89ef,shapley,conditional
5,10100,2,0.2000000029802322,-0.6617722511291504,0.6011008024215698,0.1631582975387573,224.0,160.0,0.2857142984867096,0.0301939267665147,64,0.0,109,3,4,shapley-20260606T032205Z-2e4b89ef,shapley,conditional
6,1100,2,0.2000000029802322,-0.1749027371406555,0.0492075160145759,0.0186165478080511,224.0,160.0,0.2857142984867096,0.0108613763004541,64,0.0,109,3,4,shapley-20260606T032205Z-2e4b89ef,shapley,conditional
7,11100,3,0.2000000029802322,-0.1208823025226593,0.0261169634759426,0.0115044321864843,128.0,32.0,0.75,0.0087521206587553,0,0.0,109,3,4,shapley-20260606T032205Z-2e4b89ef,shapley,conditional
8,10,1,0.4000000059604645,-0.8296620845794678,0.8426945209503174,0.1543553471565246,224.0,192.0,0.1428571492433548,0.0577909015119075,32,0.0,109,3,4,shapley-20260606T032205Z-2e4b89ef,shapley,conditional
9,10010,2,0.2000000029802322,-0.771192193031311,0.7702036499977112,0.175466239452362,224.0,160.0,0.2857142984867096,0.0312750414013862,64,0.0,109,3,4,shapley-20260606T032205Z-2e4b89ef,shapley,conditional
10,1010,2,0.2000000029802322,-0.2587210536003113,0.096328891813755,0.0293923094868659,160.0,128.0,0.2000000029802322,0.0133909564465284,0,0.0,109,3,4,shapley-20260606T032205Z-2e4b89ef,shapley,conditional
11,11010,3,0.2000000029802322,-0.2113804817199707,0.0607705749571323,0.0160888656973838,160.0,128.0,0.2000000029802322,0.0101674934849143,0,0.0,109,3,4,shapley-20260606T032205Z-2e4b89ef,shapley,conditional
12,110,2,0.2000000029802322,-0.5713943243026733,0.4376264214515686,0.1111349463462829,128.0,96.0,0.25,0.0250942409038543,32,0.0,109,3,4,shapley-20260606T032205Z-2e4b89ef,shapley,conditional
13,10110,3,0.2000000029802322,-0.4996785819530487,0.3408085703849792,0.0911298841238021,128.0,96.0,0.25,0.0228181704878807,0,0.0,109,3,4,shapley-20260606T032205Z-2e4b89ef,shapley,conditional
14,1110,3,0.2000000029802322,-0.06134520098567,0.0123522710055112,0.0085890367627143,32.0,0.0,1.0,0.0076982313767075,0,0.0,109,3,4,shapley-20260606T032205Z-2e4b89ef,shapley,conditional
15,11110,4,0.4000000059604645,-0.0108038391917943,0.0013089252170175,0.0011922023259103,96.0,32.0,0.6666666865348816,0.0059910616837441,0,0.0,109,3,4,shapley-20260606T032205Z-2e4b89ef,shapley,conditional
16,1,1,0.4000000059604645,-0.909870743751526,1.0722122192382812,0.2443474531173706,256.0,256.0,0.3846153914928436,0.0724532306194305,160,0.0,109,3,4,shapley-20260606T032205Z-2e4b89ef,shapley,conditional
17,10001,2,0.2000000029802322,-0.8822779059410095,1.024052619934082,0.2456383109092712,224.0,192.0,0.1428571492433548,0.0368208549916744,32,0.0,109,3,4,shapley-20260606T032205Z-2e4b89ef,shapley,conditional
18,1001,2,0.2000000029802322,-0.3506999015808105,0.157057449221611,0.0340670272707939,64.0,32.0,0.5,0.0143399760127067,0,0.0,109,3,4,shapley-20260606T032205Z-2e4b89ef,shapley,conditional
19,11001,3,0.2000000029802322,-0.2953968644142151,0.1093871742486953,0.0221278667449951,96.0,64.0,0.3333333432674408,0.0117512196302413,0,0.0,109,3,4,shapley-20260606T032205Z-2e4b89ef,shapley,conditional
20,101,2,0.2000000029802322,-0.6583220362663269,0.6440367698669434,0.2106488645076751,160.0,64.0,0.6000000238418579,0.0341716818511486,96,0.0,109,3,4,shapley-20260606T032205Z-2e4b89ef,shapley,conditional
21,10101,3,0.2000000029802322,-0.6344215869903564,0.5274693369865417,0.1249785721302032,64.0,32.0,0.5,0.0265508703887462,0,0.0,109,3,4,shapley-20260606T032205Z-2e4b89ef,shapley,conditional
22,1101,3,0.2000000029802322,-0.1476636528968811,0.0397711992263793,0.0179666448384523,64.0,32.0,0.5,0.0106877172365784,32,0.0,109,3,4,shapley-20260606T032205Z-2e4b89ef,shapley,conditional
23,11101,4,0.4000000059604645,-0.101248987019062,0.0168224237859249,0.0065710665658116,128.0,64.0,0.5,0.0127175245434045,64,0.0,109,3,4,shapley-20260606T032205Z-2e4b89ef,shapley,conditional
24,11,2,0.2000000029802322,-0.8445110321044922,0.942225694656372,0.2290267944335937,256.0,192.0,0.25,0.0355884470045566,64,0.0,109,3,4,shapley-20260606T032205Z-2e4b89ef,shapley,conditional
25,10011,3,0.2000000029802322,-0.788001537322998,0.8578236103057861,0.2368772029876709,96.0,32.0,0.6666666865348816,0.03617624938488,64,0.0,109,3,4,shapley-20260606T032205Z-2e4b89ef,shapley,conditional
26,1011,3,0.2000000029802322,-0.2266778647899627,0.062251754105091,0.0108688995242118,64.0,32.0,0.5,0.008534955792129,0,0.0,109,3,4,shapley-20260606T032205Z-2e4b89ef,shapley,conditional
27,11011,4,0.4000000059604645,-0.1639131903648376,0.0358695983886718,0.0090020652860403,64.0,32.0,0.5,0.0147147858515381,32,0.0,109,3,4,shapley-20260606T032205Z-2e4b89ef,shapley,conditional
28,111,3,0.2000000029802322,-0.6006306409835815,0.5189337730407715,0.1581766009330749,96.0,32.0,0.6666666865348816,0.0297447834163904,64,0.0,109,3,4,shapley-20260606T032205Z-2e4b89ef,shapley,conditional
29,10111,4,0.4000000059604645,-0.5458027124404907,0.4324116110801697,0.1345110237598419,256.0,192.0,0.3333333432674408,0.0540147684514522,96,0.0,109,3,4,shapley-20260606T032205Z-2e4b89ef,shapley,conditional
30,1111,4,0.4000000059604645,-0.0439728498458862,0.0060613485984504,0.004127737134695,96.0,64.0,0.3333333432674408,0.0102869672700762,32,0.0,109,3,4,shapley-20260606T032205Z-2e4b89ef,shapley,conditional
31,11111,5,1.0,0.0,0.0,0.0,32.0,0.0,1.0,0.0010000000474974,0,0.0,109,3,4,shapley-20260606T032205Z-2e4b89ef,shapley,conditional
0,0,0,1.0,-0.8607696294784546,1.0278321504592896,0.2869077920913696,256.0,256.0,0.6521739363670349,0.1882274597883224,480,0.0,129,4,5,shapley-20260606T032205Z-2e4b89ef,shapley,conditional
1,10000,1,0.4000000059604645,-0.844658613204956,0.9574313759803772,0.2439832091331482,256.0,256.0,0.2000000029802322,0.0700618699193,64,0.0,129,4,5,shapley-20260606T032205Z-2e4b89ef,shapley,conditional
2,1000,1,0.4000000059604645,-0.3527153134346008,0.1564202010631561,0.0320121124386787,160.0,128.0,0.2000000029802322,0.0260158628225326,0,0.0,129,4,5,shapley-20260606T032205Z-2e4b89ef,shapley,conditional
3,11000,2,0.2000000029802322,-0.3340111970901489,0.1455921828746795,0.0340287014842033,128.0,96.0,0.25,0.0138958822935819,0,0.0,129,4,5,shapley-20260606T032205Z-2e4b89ef,shapley,conditional
4,100,1,0.4000000059604645,-0.7173365950584412,0.7556408047676086,0.2410690188407898,256.0,256.0,0.3333333432674408,0.0696481838822364,128,0.0,129,4,5,shapley-20260606T032205Z-2e4b89ef,shapley,conditional
5,10100,2,0.2000000029802322,-0.6617722511291504,0.6011008024215698,0.1631582975387573,224.0,160.0,0.2857142984867096,0.0292379353195428,0,0.0,129,4,5,shapley-20260606T032205Z-2e4b89ef,shapley,conditional
6,1100,2,0.2000000029802322,-0.1749027371406555,0.0492075160145759,0.0186165478080511,224.0,160.0,0.2857142984867096,0.0105384532362222,0,0.0,129,4,5,shapley-20260606T032205Z-2e4b89ef,shapley,conditional
7,11100,3,0.2000000029802322,-0.1208823025226593,0.0261169634759426,0.0115044321864843,128.0,32.0,0.75,0.0084982682019472,0,0.0,129,4,5,shapley-20260606T032205Z-2e4b89ef,shapley,conditional
8,10,1,0.4000000059604645,-0.7649850845336914,0.7482620477676392,0.1630598902702331,256.0,224.0,0.3636363744735718,0.0574588365852832,128,0.0,129,4,5,shapley-20260606T032205Z-2e4b89ef,shapley,conditional
9,10010,2,0.2000000029802322,-0.7679390907287598,0.7985096573829651,0.2087792158126831,256.0,224.0,0.125,0.0329427234828472,32,0.0,129,4,5,shapley-20260606T032205Z-2e4b89ef,shapley,conditional
10,1010,2,0.2000000029802322,-0.2587210536003113,0.096328891813755,0.0293923094868659,160.0,128.0,0.2000000029802322,0.0129851987585425,0,0.0,129,4,5,shapley-20260606T032205Z-2e4b89ef,shapley,conditional
11,11010,3,0.2000000029802322,-0.2113804817199707,0.0607705749571323,0.0160888656973838,160.0,128.0,0.2000000029802322,0.0098672928288578,0,0.0,129,4,5,shapley-20260606T032205Z-2e4b89ef,shapley,conditional
12,110,2,0.2000000029802322,-0.569976806640625,0.4703693687915802,0.1454958021640777,224.0,128.0,0.4285714328289032,0.0276657380163669,96,0.0,129,4,5,shapley-20260606T032205Z-2e4b89ef,shapley,conditional
13,10110,3,0.2000000029802322,-0.5101266503334045,0.3910261988639831,0.1307969987392425,160.0,128.0,0.2000000029802322,0.0262829214334487,32,0.0,129,4,5,shapley-20260606T032205Z-2e4b89ef,shapley,conditional
14,1110,3,0.2000000029802322,-0.0511512234807014,0.0085538076236844,0.005937360227108,64.0,32.0,0.5,0.0063867289572954,32,0.0,129,4,5,shapley-20260606T032205Z-2e4b89ef,shapley,conditional
15,11110,4,0.4000000059604645,-0.0108038391917943,0.0013089252170175,0.0011922023259103,96.0,32.0,0.6666666865348816,0.005827622488141,0,0.0,129,4,5,shapley-20260606T032205Z-2e4b89ef,shapley,conditional
16,1,1,0.4000000059604645,-0.9015120267868042,1.080921292304993,0.2681973576545715,256.0,256.0,0.2000000029802322,0.073407843708992,64,0.0,129,4,5,shapley-20260606T032205Z-2e4b89ef,shapley,conditional
17,10001,2,0.2000000029802322,-0.8587004542350769,0.982166826725006,0.244800329208374,256.0,224.0,0.125,0.0355887077748775,32,0.0,129,4,5,shapley-20260606T032205Z-2e4b89ef,shapley,conditional
18,1001,2,0.2000000029802322,-0.3506999015808105,0.157057449221611,0.0340670272707939,64.0,32.0,0.5,0.0139031410217285,0,0.0,129,4,5,shapley-20260606T032205Z-2e4b89ef,shapley,conditional
19,11001,3,0.2000000029802322,-0.2746910452842712,0.1002070605754852,0.0247518867254257,160.0,96.0,0.4000000059604645,0.011998476460576,64,0.0,129,4,5,shapley-20260606T032205Z-2e4b89ef,shapley,conditional
20,101,2,0.2000000029802322,-0.6817104816436768,0.6990149617195129,0.2342857718467712,192.0,160.0,0.1666666716337204,0.0348377339541912,32,0.0,129,4,5,shapley-20260606T032205Z-2e4b89ef,shapley,conditional
21,10101,3,0.2000000029802322,-0.6344215869903564,0.5274693369865417,0.1249785721302032,64.0,32.0,0.5,0.0257141757756471,0,0.0,129,4,5,shapley-20260606T032205Z-2e4b89ef,shapley,conditional
22,1101,3,0.2000000029802322,-0.1480171680450439,0.0392498634755611,0.0173407811671495,96.0,64.0,0.3333333432674408,0.0102058239281177,32,0.0,129,4,5,shapley-20260606T032205Z-2e4b89ef,shapley,conditional
23,11101,4,0.4000000059604645,-0.0943165197968483,0.0151497842743992,0.0062541784718632,160.0,128.0,0.2000000029802322,0.0120571572333574,32,0.0,129,4,5,shapley-20260606T032205Z-2e4b89ef,shapley,conditional
24,11,2,0.2000000029802322,-0.8150749206542969,0.9097753763198853,0.2454282641410827,256.0,256.0,0.3333333432674408,0.0356330424547195,128,0.0,129,4,5,shapley-20260606T032205Z-2e4b89ef,shapley,conditional
25,10011,3,0.2000000029802322,-0.788001537322998,0.8578236103057861,0.2368772029876709,96.0,32.0,0.6666666865348816,0.0350243598222732,0,0.0,129,4,5,shapley-20260606T032205Z-2e4b89ef,shapley,conditional
26,1011,3,0.2000000029802322,-0.2170436382293701,0.0585800185799598,0.011472076177597,96.0,64.0,0.3333333432674408,0.0084877163171768,32,0.0,129,4,5,shapley-20260606T032205Z-2e4b89ef,shapley,conditional
27,11011,4,0.4000000059604645,-0.1744061112403869,0.0405772551894187,0.0101597644388675,96.0,64.0,0.3333333432674408,0.0150928935036063,32,0.0,129,4,5,shapley-20260606T032205Z-2e4b89ef,shapley,conditional
28,111,3,0.2000000029802322,-0.5953083038330078,0.5068032741546631,0.1524113118648529,128.0,96.0,0.25,0.0282920990139246,32,0.0,129,4,5,shapley-20260606T032205Z-2e4b89ef,shapley,conditional
29,10111,4,0.4000000059604645,-0.5413807034492493,0.4369425773620605,0.1438495218753814,256.0,256.0,0.2727272808551788,0.054028894752264,96,0.0,129,4,5,shapley-20260606T032205Z-2e4b89ef,shapley,conditional
30,1111,4,0.4000000059604645,-0.040439486503601,0.0050640376284718,0.0034286854788661,128.0,96.0,0.25,0.0091869505122303,32,0.0,129,4,5,shapley-20260606T032205Z-2e4b89ef,shapley,conditional
31,11111,5,1.0,0.0,0.0,0.0,32.0,0.0,1.0,0.0010000000474974,0,0.0,129,4,5,shapley-20260606T032205Z-2e4b89ef,shapley,conditional
0,0,0,1.0,-0.860508918762207,1.0985068082809448,0.3580312132835388,256.0,251.02734375,0.5837214589118958,0.1987162679433822,352,0.0194244338656604,169,5,6,shapley-20260606T032205Z-2e4b89ef,shapley,conditional
1,10000,1,0.4000000059604645,-0.846245288848877,1.043837547302246,0.3277064561843872,256.0,251.02734375,0.3892685174942016,0.0766631588339805,160,0.0194244338656604,169,5,6,shapley-20260606T032205Z-2e4b89ef,shapley,conditional
2,1000,1,0.4000000059604645,-0.3456470072269439,0.1515275686979293,0.0320557132363319,188.89208984375,156.89208984375,0.1694088876247406,0.0246643554419279,32,0.0194244338656604,169,5,6,shapley-20260606T032205Z-2e4b89ef,shapley,conditional
3,11000,2,0.2000000029802322,-0.3228405714035034,0.139547973871231,0.0353219360113143,157.513671875,125.513671875,0.2031569629907608,0.0134203620254993,32,0.0194244338656604,169,5,6,shapley-20260606T032205Z-2e4b89ef,shapley,conditional
4,100,1,0.4000000059604645,-0.7173365950584412,0.7556408047676086,0.2410690188407898,256.0,256.0,0.3333333432674408,0.065895214676857,0,0.0194244338656604,169,5,6,shapley-20260606T032205Z-2e4b89ef,shapley,conditional
5,10100,2,0.2000000029802322,-0.6671134829521179,0.6365565657615662,0.1915161609649658,256.0,219.64892578125,0.2256310284137725,0.0299210920929908,64,0.0194244338656604,169,5,6,shapley-20260606T032205Z-2e4b89ef,shapley,conditional
6,1100,2,0.2000000029802322,-0.1749027371406555,0.0492075160145759,0.0186165478080511,224.0,160.0,0.2857142984867096,0.0100169898942112,0,0.0194244338656604,169,5,6,shapley-20260606T032205Z-2e4b89ef,shapley,conditional
7,11100,3,0.2000000029802322,-0.110002227127552,0.0220872964709997,0.0099868066608905,189.513671875,125.513671875,0.3377065062522888,0.0076042772270739,64,0.0194244338656604,169,5,6,shapley-20260606T032205Z-2e4b89ef,shapley,conditional
8,10,1,0.4000000059604645,-0.7649850845336914,0.7482620477676392,0.1630598902702331,256.0,224.0,0.3636363744735718,0.0543722547590732,0,0.0194244338656604,169,5,6,shapley-20260606T032205Z-2e4b89ef,shapley,conditional
9,10010,2,0.2000000029802322,-0.764348566532135,0.7911785840988159,0.2069498300552368,256.0,251.02734375,0.113063283264637,0.0310638453811407,32,0.0194244338656604,169,5,6,shapley-20260606T032205Z-2e4b89ef,shapley,conditional
10,1010,2,0.2000000029802322,-0.2399628907442093,0.0837359875440597,0.0261537991464138,220.89208984375,156.89208984375,0.2897342443466186,0.0116875804960727,64,0.0194244338656604,169,5,6,shapley-20260606T032205Z-2e4b89ef,shapley,conditional
11,11010,3,0.2000000029802322,-0.2113804817199707,0.0607705749571323,0.0160888656973838,160.0,128.0,0.2000000029802322,0.009382520802319,0,0.0194244338656604,169,5,6,shapley-20260606T032205Z-2e4b89ef,shapley,conditional
12,110,2,0.2000000029802322,-0.565218985080719,0.4688011407852173,0.1493286490440368,251.64892578125,219.64892578125,0.1271612793207168,0.0265378039330244,32,0.0194244338656604,169,5,6,shapley-20260606T032205Z-2e4b89ef,shapley,conditional
13,10110,3,0.2000000029802322,-0.5101266503334045,0.3910261988639831,0.1307969987392425,160.0,128.0,0.2000000029802322,0.0249007139354944,0,0.0194244338656604,169,5,6,shapley-20260606T032205Z-2e4b89ef,shapley,conditional
14,1110,3,0.2000000029802322,-0.0511512234807014,0.0085538076236844,0.005937360227108,64.0,32.0,0.5,0.0060922382399439,0,0.0194244338656604,169,5,6,shapley-20260606T032205Z-2e4b89ef,shapley,conditional
15,11110,4,0.4000000059604645,-0.0108038391917943,0.0013089252170175,0.0011922023259103,96.0,32.0,0.6666666865348816,0.005563698709011,0,0.0194244338656604,169,5,6,shapley-20260606T032205Z-2e4b89ef,shapley,conditional
16,1,1,0.4000000059604645,-0.8592566251754761,1.028540849685669,0.2902188897132873,256.0,251.02734375,0.3892685174942016,0.0722040683031082,160,0.0194244338656604,169,5,6,shapley-20260606T032205Z-2e4b89ef,shapley,conditional
17,10001,2,0.2000000029802322,-0.8745578527450562,1.0321236848831177,0.2672722339630127,256.0,251.02734375,0.113063283264637,0.0351655893027782,32,0.0194244338656604,169,5,6,shapley-20260606T032205Z-2e4b89ef,shapley,conditional
18,1001,2,0.2000000029802322,-0.3197606205940246,0.1388163417577743,0.0365694835782051,94.7568359375,62.7568359375,0.3377065062522888,0.0136377979069948,32,0.0194244338656604,169,5,6,shapley-20260606T032205Z-2e4b89ef,shapley,conditional
19,11001,3,0.2000000029802322,-0.2746910452842712,0.1002070605754852,0.0247518867254257,160.0,96.0,0.4000000059604645,0.0113971941173076,0,0.0194244338656604,169,5,6,shapley-20260606T032205Z-2e4b89ef,shapley,conditional
20,101,2,0.2000000029802322,-0.6753407120704651,0.699520468711853,0.2434353828430175,220.2705078125,188.2705078125,0.1452759206295013,0.033606469631195,32,0.0194244338656604,169,5,6,shapley-20260606T032205Z-2e4b89ef,shapley,conditional
21,10101,3,0.2000000029802322,-0.6846816539764404,0.7516671419143677,0.2828781604766845,94.7568359375,62.7568359375,0.3377065062522888,0.0361488945782184,32,0.0194244338656604,169,5,6,shapley-20260606T032205Z-2e4b89ef,shapley,conditional
22,1101,3,0.2000000029802322,-0.1337784677743911,0.0314930975437164,0.0135964192450046,254.13525390625,94.13525390625,0.6295859813690186,0.0087059158831834,160,0.0194244338656604,169,5,6,shapley-20260606T032205Z-2e4b89ef,shapley,conditional
23,11101,4,0.4000000059604645,-0.0943165197968483,0.0151497842743992,0.0062541784718632,160.0,128.0,0.2000000029802322,0.0114526655524969,0,0.0194244338656604,169,5,6,shapley-20260606T032205Z-2e4b89ef,shapley,conditional
24,11,2,0.2000000029802322,-0.8070300221443176,0.9251191020011902,0.2738216519355774,256.0,251.02734375,0.2031569629907608,0.0355816632509231,64,0.0194244338656604,169,5,6,shapley-20260606T032205Z-2e4b89ef,shapley,conditional
25,10011,3,0.2000000029802322,-0.7726239562034607,0.8601821660995483,0.2632343769073486,222.13525390625,94.13525390625,0.5762255191802979,0.0349065251648426,128,0.0194244338656604,169,5,6,shapley-20260606T032205Z-2e4b89ef,shapley,conditional
26,1011,3,0.2000000029802322,-0.2154164910316467,0.0586110353469848,0.0122067704796791,126.13525390625,94.13525390625,0.25369593501091,0.0083015048876404,32,0.0194244338656604,169,5,6,shapley-20260606T032205Z-2e4b89ef,shapley,conditional
27,11011,4,0.4000000059604645,-0.1744061112403869,0.0405772551894187,0.0101597644388675,96.0,64.0,0.3333333432674408,0.0143224401399493,0,0.0194244338656604,169,5,6,shapley-20260606T032205Z-2e4b89ef,shapley,conditional
28,111,3,0.2000000029802322,-0.565337061882019,0.4681436419486999,0.1485376358032226,189.513671875,125.513671875,0.3377065062522888,0.0264700762927532,64,0.0194244338656604,169,5,6,shapley-20260606T032205Z-2e4b89ef,shapley,conditional
29,10111,4,0.4000000059604645,-0.537676215171814,0.4371509552001953,0.1480552554130554,256.0,251.02734375,0.113063283264637,0.051857367157936,32,0.0194244338656604,169,5,6,shapley-20260606T032205Z-2e4b89ef,shapley,conditional
30,1111,4,0.4000000059604645,-0.040439486503601,0.0050640376284718,0.0034286854788661,128.0,96.0,0.25,0.0087393736466765,0,0.0194244338656604,169,5,6,shapley-20260606T032205Z-2e4b89ef,shapley,conditional
31,11111,5,1.0,0.0,0.0,0.0,32.0,0.0,1.0,0.0010000000474974,0,0.0194244338656604,169,5,6,shapley-20260606T032205Z-2e4b89ef,shapley,conditional
