run_id,shapley_tactic,phase,epoch,logical_epoch,elapsed_train_sec,shapley_value,baseline_value,metric,delta
shapley-20260606T031900Z-def8be2e,baseline,A,0,0,0.250898899997992,0.9897483246667044,0.9745840174811228,train_pix_recon,0.015164307185581594
shapley-20260606T031900Z-def8be2e,baseline,A,1,1,0.313854199997877,0.8090722901480538,0.7647169402667454,train_pix_recon,0.044355349881308404
shapley-20260606T031900Z-def8be2e,baseline,A,2,2,0.3763055999988864,0.668835529259273,0.6156605907848903,train_pix_recon,0.053174938474382705
shapley-20260606T031900Z-def8be2e,baseline,A,3,3,0.4380596999981208,0.5781793679509845,0.5504034417016166,train_pix_recon,0.027775926249367866
shapley-20260606T031900Z-def8be2e,baseline,A,4,4,0.4995989999988524,0.516525651727404,0.5015384043966021,train_pix_recon,0.014987247330801812
shapley-20260606T031900Z-def8be2e,baseline,A,5,5,0.5604166999983136,0.4672655505793435,0.4628497702734811,train_pix_recon,0.004415780305862371
shapley-20260606T031900Z-def8be2e,baseline,A,6,6,0.6231238999971538,0.4193183439118521,0.4233446078641074,train_pix_recon,-0.0040262639522553045
shapley-20260606T031900Z-def8be2e,baseline,A,7,7,0.6841462999982468,0.3925923109054565,0.3974142244883946,train_pix_recon,-0.004821913582938098
shapley-20260606T031900Z-def8be2e,baseline,A,8,8,0.7455574999985402,0.364696843283517,0.3693988110337938,train_pix_recon,-0.004701967750276814
shapley-20260606T031900Z-def8be2e,baseline,A,9,9,0.8067021999995632,0.3466356481824602,0.350383562701089,train_pix_recon,-0.0037479145186288254
shapley-20260606T031900Z-def8be2e,baseline,A,10,10,0.8665441999983159,0.3324267736503056,0.3378965769495283,train_pix_recon,-0.0054698032992226975
shapley-20260606T031900Z-def8be2e,baseline,A,11,11,0.928147499998886,0.3215014977114541,0.3250445766108377,train_pix_recon,-0.0035430788993836004
shapley-20260606T031900Z-def8be2e,baseline,A,12,12,0.9880546999993384,0.3215377160481044,0.3263862643923078,train_pix_recon,-0.004848548344203396
shapley-20260606T031900Z-def8be2e,baseline,A,13,13,1.0497221000005084,0.3164611203329904,0.3164133727550506,train_pix_recon,4.7747577939794006e-05
shapley-20260606T031900Z-def8be2e,baseline,A,14,14,1.1164124999995693,0.3021275656563895,0.300791927746364,train_pix_recon,0.0013356379100255
shapley-20260606T031900Z-def8be2e,baseline,A,15,15,1.1789544000021124,0.2954700887203216,0.2931711205414363,train_pix_recon,0.002298968178885308
shapley-20260606T031900Z-def8be2e,baseline,A,16,16,1.241464000002452,0.2916345511163984,0.2889290537152971,train_pix_recon,0.00270549740110132
shapley-20260606T031900Z-def8be2e,baseline,A,17,17,1.3087168000020029,0.2899961599281856,0.2901293677943093,train_pix_recon,-0.00013320786612369684
shapley-20260606T031900Z-def8be2e,baseline,A,18,18,1.3687345000034838,0.28097579734666,0.2834319089140211,train_pix_recon,-0.0024561115673610856
shapley-20260606T031900Z-def8be2e,baseline,A,19,19,1.4320903000043472,0.2731277048587799,0.2734568459647042,train_pix_recon,-0.0003291411059243021
shapley-20260606T031900Z-def8be2e,baseline,A,20,20,1.495812000004662,0.2734677110399519,0.2710857987403869,train_pix_recon,0.00238191229956497
shapley-20260606T031900Z-def8be2e,baseline,A,21,21,1.5596551000016916,0.2772713686738695,0.2766800309930529,train_pix_recon,0.0005913376808165949
shapley-20260606T031900Z-def8be2e,baseline,A,22,22,1.6209962000029918,0.2763730244977133,0.2761000139372689,train_pix_recon,0.00027301056044437555
shapley-20260606T031900Z-def8be2e,baseline,A,23,23,1.6815681000007316,0.2689947187900543,0.2706058749130794,train_pix_recon,-0.0016111561230250926
shapley-20260606T031900Z-def8be2e,baseline,A,24,24,1.7407081000019389,0.2694517544337681,0.2714499873774392,train_pix_recon,-0.0019982329436710744
shapley-20260606T031900Z-def8be2e,baseline,A,25,25,1.8000547000010556,0.2714852690696716,0.2732777212347303,train_pix_recon,-0.0017924521650587444
shapley-20260606T031900Z-def8be2e,baseline,A,26,26,1.860192800002551,0.2614331947905676,0.2640403551714761,train_pix_recon,-0.002607160380908524
shapley-20260606T031900Z-def8be2e,baseline,A,27,27,1.9219934000029752,0.2580326795578003,0.2619273705141885,train_pix_recon,-0.003894690956388225
shapley-20260606T031900Z-def8be2e,baseline,A,28,28,1.9846273000039216,0.2629074582031795,0.2653629950114659,train_pix_recon,-0.0024555368082863627
shapley-20260606T031900Z-def8be2e,baseline,A,29,29,2.0446057000044675,0.262067586183548,0.257724574634007,train_pix_recon,0.004343011549540976
shapley-20260606T031900Z-def8be2e,baseline,A,30,30,2.104257700004382,0.2606899269989559,0.2639370432921818,train_pix_recon,-0.003247116293225938
shapley-20260606T031900Z-def8be2e,baseline,A,31,31,2.1662179000049946,0.2615710369178227,0.2589797058275768,train_pix_recon,0.0025913310902458964
shapley-20260606T031900Z-def8be2e,baseline,A,32,32,2.2267418000046746,0.2588581996304648,0.257239248071398,train_pix_recon,0.001618951559066828
shapley-20260606T031900Z-def8be2e,baseline,A,33,33,2.287248800002999,0.2560077714068549,0.26370284812791,train_pix_recon,-0.007695076721055127
shapley-20260606T031900Z-def8be2e,baseline,A,34,34,2.353312000002916,0.2613739626748221,0.2622545404093606,train_pix_recon,-0.0008805777345384791
shapley-20260606T031900Z-def8be2e,baseline,A,35,35,2.4148189000006823,0.2607786996023996,0.2613432109355926,train_pix_recon,-0.0005645113331930185
shapley-20260606T031900Z-def8be2e,baseline,A,36,36,2.477800799999386,0.2642442073140825,0.2613520856414522,train_pix_recon,0.00289212167263031
shapley-20260606T031900Z-def8be2e,baseline,A,37,37,2.5413496999972267,0.2621891030243465,0.2610136227948325,train_pix_recon,0.0011754802295140254
shapley-20260606T031900Z-def8be2e,baseline,A,38,38,2.6074903000007907,0.263033253805978,0.2632599941321781,train_pix_recon,-0.00022674032620012552
shapley-20260606T031900Z-def8be2e,baseline,A,39,39,2.670552799998404,0.2679235850061689,0.2628989006791796,train_pix_recon,0.005024684326989326
shapley-20260606T031900Z-def8be2e,baseline,A,40,40,2.733876699996472,0.2668038521494184,0.2631890646048954,train_pix_recon,0.0036147875445229904
shapley-20260606T031900Z-def8be2e,baseline,A,41,41,2.79640489999656,0.2697612302643912,0.2694598053182874,train_pix_recon,0.000301424946103801
shapley-20260606T031900Z-def8be2e,baseline,A,42,42,2.859872999997606,0.2676278437886919,0.2692375566278185,train_pix_recon,-0.001609712839126587
shapley-20260606T031900Z-def8be2e,baseline,A,43,43,2.922198099997331,0.2669315763882228,0.2700584190232413,train_pix_recon,-0.003126842635018501
shapley-20260606T031900Z-def8be2e,baseline,A,44,44,2.983909999999014,0.2705898582935333,0.2712123606886182,train_pix_recon,-0.0006225023950848785
shapley-20260606T031900Z-def8be2e,baseline,A,45,45,3.0467558999989706,0.2731662264892033,0.2734373339584895,train_pix_recon,-0.00027110746928621365
shapley-20260606T031900Z-def8be2e,baseline,A,46,46,3.114514400000189,0.2738827807562692,0.2743602565356663,train_pix_recon,-0.0004774757793971074
shapley-20260606T031900Z-def8be2e,baseline,A,47,47,3.174631399997452,0.278607291834695,0.2809759761605944,train_pix_recon,-0.002368684325899373
shapley-20260606T031900Z-def8be2e,baseline,A,48,48,3.236825699998008,0.2787005092416491,0.2774604984692165,train_pix_recon,0.001240010772432576
shapley-20260606T031900Z-def8be2e,baseline,A,49,49,3.302963099999033,0.2789517343044281,0.2733989528247288,train_pix_recon,0.005552781479699287
shapley-20260606T031900Z-def8be2e,baseline,A,50,50,3.3647195999983524,0.2781070045062473,0.2728919131415231,train_pix_recon,0.0052150913647242
shapley-20260606T031900Z-def8be2e,baseline,A,51,51,3.423733899999206,0.2837249636650085,0.2812234503882272,train_pix_recon,0.0025015132767812753
shapley-20260606T031900Z-def8be2e,baseline,A,52,52,3.48527059999833,0.2801871640341623,0.2820024192333221,train_pix_recon,-0.0018152551991598154
shapley-20260606T031900Z-def8be2e,baseline,A,53,53,3.547239899999113,0.2854890269892556,0.2839863853795187,train_pix_recon,0.0015026416097368989
shapley-20260606T031900Z-def8be2e,baseline,A,54,54,3.607051799997862,0.2848900982311794,0.2840267079217093,train_pix_recon,0.0008633903094700801
shapley-20260606T031900Z-def8be2e,baseline,A,55,55,3.666853399998218,0.2928922814982278,0.2854954983506884,train_pix_recon,0.007396783147539443
shapley-20260606T031900Z-def8be2e,baseline,A,56,56,3.726811799999268,0.2940214233739035,0.2842153225626264,train_pix_recon,0.00980610081127714
shapley-20260606T031900Z-def8be2e,baseline,A,57,57,3.786182599997119,0.2944418958255222,0.2894766969340188,train_pix_recon,0.004965198891503431
shapley-20260606T031900Z-def8be2e,baseline,A,58,58,3.847635199996148,0.294745568718229,0.2948385434491293,train_pix_recon,-9.297473090030817e-05
shapley-20260606T031900Z-def8be2e,baseline,A,59,59,3.9084753999959503,0.2973483119692121,0.2957464584282466,train_pix_recon,0.001601853540965481
shapley-20260606T031900Z-def8be2e,baseline,A,60,60,3.970365999997739,0.3022360290799822,0.300780713558197,train_pix_recon,0.0014553155217851832
shapley-20260606T031900Z-def8be2e,baseline,A,61,61,4.03437169999961,0.3029853573867253,0.2967301309108734,train_pix_recon,0.0062552264758518605
shapley-20260606T031900Z-def8be2e,baseline,A,62,62,4.099554499996884,0.307801284960338,0.300720419202532,train_pix_recon,0.007080865757805976
shapley-20260606T031900Z-def8be2e,baseline,A,63,63,4.161841499997536,0.3059907342706408,0.3025857295308794,train_pix_recon,0.0034050047397613525
shapley-20260606T031900Z-def8be2e,baseline,A,64,64,4.2258604999988165,0.3086803087166377,0.302279783146722,train_pix_recon,0.006400525569915716
shapley-20260606T031900Z-def8be2e,baseline,A,65,65,4.290711099998589,0.31020445057324,0.3052056516919817,train_pix_recon,0.0049987988812582596
shapley-20260606T031900Z-def8be2e,baseline,A,66,66,4.352311899998313,0.3091673638139452,0.3101877357278551,train_pix_recon,-0.0010203719139098566
shapley-20260606T031900Z-def8be2e,baseline,A,67,67,4.415380499998719,0.3121183897767748,0.3088636483464922,train_pix_recon,0.0032547414302825928
shapley-20260606T031900Z-def8be2e,baseline,A,68,68,4.475121599996783,0.3128635713032314,0.3112807316439492,train_pix_recon,0.001582839659282187
shapley-20260606T031900Z-def8be2e,baseline,A,69,69,4.535627999997814,0.3100794809205191,0.3157300438199724,train_pix_recon,-0.00565056289945326
shapley-20260606T031900Z-def8be2e,baseline,A,70,70,4.600256699995953,0.3127260293279375,0.3151239454746246,train_pix_recon,-0.0023979161466870513
shapley-20260606T031900Z-def8be2e,baseline,A,71,71,4.664171199994598,0.3198392816952297,0.3143710536616189,train_pix_recon,0.0054682280336108
shapley-20260606T031900Z-def8be2e,baseline,A,72,72,4.725927599996794,0.3198493804250444,0.3204474789755685,train_pix_recon,-0.0005980985505241176
shapley-20260606T031900Z-def8be2e,baseline,A,73,73,4.791031799995835,0.3213073526109968,0.3255625367164612,train_pix_recon,-0.004255184105464382
shapley-20260606T031900Z-def8be2e,baseline,A,74,74,4.860296399994695,0.3257718043667929,0.3222535806042807,train_pix_recon,0.003518223762512207
shapley-20260606T031900Z-def8be2e,baseline,A,75,75,4.920155299994804,0.3239573069981166,0.3277280671255929,train_pix_recon,-0.0037707601274762914
shapley-20260606T031900Z-def8be2e,baseline,A,76,76,4.98894599999403,0.3218173810413905,0.3220121988228389,train_pix_recon,-0.00019481778144836426
shapley-20260606T031900Z-def8be2e,baseline,A,77,77,5.049712499992893,0.3303184637001582,0.3284858380045209,train_pix_recon,0.0018326256956373022
shapley-20260606T031900Z-def8be2e,baseline,A,78,78,5.11298779999197,0.3337293437549046,0.3322130228791918,train_pix_recon,0.0015163208757127955
shapley-20260606T031900Z-def8be2e,baseline,A,79,79,5.178274299993063,0.3318956622055599,0.3364274501800537,train_pix_recon,-0.004531787974493828
shapley-20260606T031900Z-def8be2e,baseline,A,80,80,5.2410669999917445,0.3400180510112217,0.3317666224070957,train_pix_recon,0.008251428604125977
shapley-20260606T031900Z-def8be2e,baseline,A,81,81,5.308313899993664,0.341534252677645,0.3378374704292842,train_pix_recon,0.003696782248360786
shapley-20260606T031900Z-def8be2e,baseline,A,82,82,5.367880799993145,0.3386189724717821,0.3319012139524732,train_pix_recon,0.006717758519308892
shapley-20260606T031900Z-def8be2e,baseline,A,83,83,5.430464199991548,0.3462956973484584,0.3419595999377114,train_pix_recon,0.004336097410746975
shapley-20260606T031900Z-def8be2e,baseline,A,84,84,5.489611899993179,0.3455716754708971,0.3431187144347599,train_pix_recon,0.0024529610361372356
shapley-20260606T031900Z-def8be2e,baseline,A,85,85,5.549133299995447,0.3403683517660413,0.3454369263989584,train_pix_recon,-0.0050685746329171
shapley-20260606T031900Z-def8be2e,baseline,A,86,86,5.613097399993421,0.3518825088228498,0.3439070539815085,train_pix_recon,0.007975454841341323
shapley-20260606T031900Z-def8be2e,baseline,A,87,87,5.674600799993641,0.3500545110021318,0.3565163654940469,train_pix_recon,-0.006461854491915109
shapley-20260606T031900Z-def8be2e,baseline,A,88,88,5.737123899994913,0.3550882807799748,0.3552468972546713,train_pix_recon,-0.00015861647469650464
shapley-20260606T031900Z-def8be2e,baseline,A,89,89,5.803199599995423,0.355194628238678,0.3645080583436148,train_pix_recon,-0.009313430104936848
shapley-20260606T031900Z-def8be2e,baseline,A,90,90,5.873772699993424,0.3510627448558807,0.355046238218035,train_pix_recon,-0.003983493362154311
shapley-20260606T031900Z-def8be2e,baseline,A,91,91,5.939543399992544,0.3532876074314117,0.3596063085964748,train_pix_recon,-0.006318701165063112
shapley-20260606T031900Z-def8be2e,baseline,A,92,92,6.003104599989456,0.3576114773750305,0.360188969544002,train_pix_recon,-0.0025774921689714625
shapley-20260606T031900Z-def8be2e,baseline,A,93,93,6.067357399988396,0.3592181376048496,0.3616605571338108,train_pix_recon,-0.0024424195289611816
shapley-20260606T031900Z-def8be2e,baseline,A,94,94,6.133518299990101,0.3618946969509125,0.3663970828056335,train_pix_recon,-0.004502385854721014
shapley-20260606T031900Z-def8be2e,baseline,A,95,95,6.200165099991864,0.3582481869629451,0.3599152394703456,train_pix_recon,-0.0016670525074005127
shapley-20260606T031900Z-def8be2e,baseline,A,96,96,6.263529599989852,0.3630516741956983,0.3671583916459764,train_pix_recon,-0.00410671745027813
shapley-20260606T031900Z-def8be2e,baseline,A,97,97,6.3277561999893805,0.362419136932918,0.364997203860964,train_pix_recon,-0.002578066928046019
shapley-20260606T031900Z-def8be2e,baseline,A,98,98,6.393479199989088,0.3688634080546243,0.3644392703260694,train_pix_recon,0.004424137728554933
shapley-20260606T031900Z-def8be2e,baseline,A,99,99,6.456457399988722,0.3680944315024784,0.3634702265262604,train_pix_recon,0.004624204976218016
shapley-20260606T031900Z-def8be2e,baseline,A,100,100,6.519957099986641,0.3685533915247236,0.3678635741983141,train_pix_recon,0.000689817326409492
shapley-20260606T031900Z-def8be2e,baseline,A,101,101,6.586060899986478,0.3833969490868704,0.370629506451743,train_pix_recon,0.012767442635127413
shapley-20260606T031900Z-def8be2e,baseline,A,102,102,6.6515300999853935,0.373967490025929,0.3702835610934666,train_pix_recon,0.003683928932462388
shapley-20260606T031900Z-def8be2e,baseline,A,103,103,6.713778799985448,0.3730577485901968,0.3690985356058393,train_pix_recon,0.00395921298435753
shapley-20260606T031900Z-def8be2e,baseline,A,104,104,6.776596099985909,0.3825956583023071,0.3804978685719626,train_pix_recon,0.002097789730344468
shapley-20260606T031900Z-def8be2e,baseline,A,105,105,6.84131729998262,0.3840307891368866,0.3915788573878152,train_pix_recon,-0.00754806825092863
shapley-20260606T031900Z-def8be2e,baseline,A,106,106,6.910914599982789,0.385409951210022,0.3803769818374088,train_pix_recon,0.005032969372613161
shapley-20260606T031900Z-def8be2e,baseline,A,107,107,6.980403599980491,0.3838558069297245,0.3833751848765782,train_pix_recon,0.0004806220531463068
shapley-20260606T031900Z-def8be2e,baseline,A,108,108,7.047232899978553,0.3898999350411551,0.3860040009021759,train_pix_recon,0.003895934138979207
shapley-20260606T031900Z-def8be2e,baseline,A,109,109,7.113878199979808,0.3917628995009831,0.3834474853106907,train_pix_recon,0.008315414190292358
shapley-20260606T031900Z-def8be2e,baseline,A,110,110,7.175896799981274,0.3861722350120544,0.3892469065529959,train_pix_recon,-0.003074671540941487
shapley-20260606T031900Z-def8be2e,baseline,A,111,111,7.240537299981952,0.3888159138815744,0.3956640405314309,train_pix_recon,-0.006848126649856512
shapley-20260606T031900Z-def8be2e,baseline,A,112,112,7.307493099982821,0.3901524671486446,0.3932532795837947,train_pix_recon,-0.003100812435150091
shapley-20260606T031900Z-def8be2e,baseline,A,113,113,7.376768299982359,0.399904945066997,0.3941582100731985,train_pix_recon,0.0057467349937984635
shapley-20260606T031900Z-def8be2e,baseline,A,114,114,7.440561099982005,0.3934574127197265,0.3965783374650137,train_pix_recon,-0.00312092474528719
shapley-20260606T031900Z-def8be2e,baseline,A,115,115,7.508674099983182,0.4027726905686514,0.3981017853532518,train_pix_recon,0.00467090521539959
shapley-20260606T031900Z-def8be2e,baseline,A,116,116,7.572118599982787,0.4022559012685503,0.4060775297028677,train_pix_recon,-0.003821628434317381
shapley-20260606T031900Z-def8be2e,baseline,A,117,117,7.637865799984866,0.4033770646367754,0.4079610747950418,train_pix_recon,-0.004584010158266372
shapley-20260606T031900Z-def8be2e,baseline,A,118,118,7.709035499985475,0.413288767848696,0.4108349170003618,train_pix_recon,0.002453850848334216
shapley-20260606T031900Z-def8be2e,baseline,A,119,119,7.772899999989022,0.3987720693860735,0.4085038389478411,train_pix_recon,-0.009731769561767578
shapley-20260606T031900Z-def8be2e,baseline,A,120,120,7.841550299988739,0.4172704092093876,0.4148633139474051,train_pix_recon,0.002407095261982517
shapley-20260606T031900Z-def8be2e,baseline,A,121,121,7.907819799987919,0.4158633053302765,0.4161549806594848,train_pix_recon,-0.0002916753292083185
shapley-20260606T031900Z-def8be2e,baseline,A,122,122,7.972857699987799,0.4217735486371176,0.4202178078038351,train_pix_recon,0.0015557408332824707
shapley-20260606T031900Z-def8be2e,baseline,A,123,123,8.038955199986958,0.4240714737347194,0.4356401222092764,train_pix_recon,-0.01156864847455702
shapley-20260606T031900Z-def8be2e,baseline,A,124,124,8.110165599984612,0.4306088515690395,0.4321083341326032,train_pix_recon,-0.0014994825635636921
shapley-20260606T031900Z-def8be2e,baseline,A,125,125,8.178471899984288,0.42270884343556,0.4356542314801897,train_pix_recon,-0.012945388044629746
shapley-20260606T031900Z-def8be2e,baseline,A,126,126,8.242897199983418,0.4306639262608119,0.4297626827444349,train_pix_recon,0.0009012435163769927
shapley-20260606T031900Z-def8be2e,baseline,A,127,127,8.308714299986605,0.4223238783223288,0.4272416021142687,train_pix_recon,-0.0049177237919398875
shapley-20260606T031900Z-def8be2e,baseline,A,128,128,8.37323399998786,0.4250436510358538,0.4336218493325369,train_pix_recon,-0.008578198296683104
shapley-20260606T031900Z-def8be2e,baseline,A,129,129,8.437572499988164,0.423064934355872,0.4317634659154074,train_pix_recon,-0.008698531559535372
shapley-20260606T031900Z-def8be2e,baseline,A,130,130,8.505628699989757,0.4319581133978707,0.437896545444216,train_pix_recon,-0.00593843204634531
shapley-20260606T031900Z-def8be2e,baseline,A,131,131,8.57023159999153,0.4279482705252511,0.4332218297890254,train_pix_recon,-0.005273559263774319
shapley-20260606T031900Z-def8be2e,baseline,A,132,132,8.638370599990594,0.4212389375482286,0.4388012843472617,train_pix_recon,-0.01756234679903307
shapley-20260606T031900Z-def8be2e,baseline,A,133,133,8.701648099991871,0.4199746676853725,0.4188595243862697,train_pix_recon,0.0011151432991027832
shapley-20260606T031900Z-def8be2e,baseline,A,134,134,8.768212599992694,0.4150479478495462,0.4220700008528573,train_pix_recon,-0.007022053003311102
shapley-20260606T031900Z-def8be2e,baseline,A,135,135,8.831026599993493,0.4251428246498108,0.4269062919276101,train_pix_recon,-0.0017634672777993021
shapley-20260606T031900Z-def8be2e,baseline,A,136,136,8.895310499992775,0.4139688611030578,0.4199682133538382,train_pix_recon,-0.00599935225078041
shapley-20260606T031900Z-def8be2e,baseline,A,137,137,8.96136249999472,0.4130860141345432,0.4231597355433872,train_pix_recon,-0.010073721408843994
shapley-20260606T031900Z-def8be2e,baseline,A,138,138,9.0318917999939,0.4258855325835092,0.4223855989319937,train_pix_recon,0.003499933651515519
shapley-20260606T031900Z-def8be2e,baseline,A,139,139,9.12408489999143,0.4156165165560586,0.425332771880286,train_pix_recon,-0.00971625532422743
shapley-20260606T031900Z-def8be2e,baseline,A,140,140,9.214618999991217,0.420894627060209,0.4222081984792437,train_pix_recon,-0.0013135714190346537
shapley-20260606T031900Z-def8be2e,baseline,A,141,141,9.30432679999285,0.411187367779868,0.4143307379313877,train_pix_recon,-0.00314337015151972
shapley-20260606T031900Z-def8be2e,baseline,A,142,142,9.387605799991434,0.4218705339091165,0.4234242865017482,train_pix_recon,-0.0015537525926316853
shapley-20260606T031900Z-def8be2e,baseline,A,143,143,9.457668399991237,0.4075870897088732,0.4228573909827641,train_pix_recon,-0.015270301273890896
shapley-20260606T031900Z-def8be2e,baseline,A,144,144,9.522375099993951,0.4142662584781647,0.4161626057965414,train_pix_recon,-0.0018963473183767343
shapley-20260606T031900Z-def8be2e,baseline,A,145,145,9.589366799995332,0.4255338822092329,0.4123807890074594,train_pix_recon,0.013153093201773491
shapley-20260606T031900Z-def8be2e,baseline,A,146,146,9.65394319999541,0.4077763855457306,0.4169198402336665,train_pix_recon,-0.009143454687935926
shapley-20260606T031900Z-def8be2e,baseline,A,147,147,9.718368699996065,0.4150431454181671,0.4187168180942535,train_pix_recon,-0.0036736726760863703
shapley-20260606T031900Z-def8be2e,baseline,A,148,148,9.783946099996683,0.4237015460218702,0.4185745801244463,train_pix_recon,0.005126965897423896
shapley-20260606T031900Z-def8be2e,baseline,A,149,149,9.848404699998357,0.4121528608458383,0.4120663404464721,train_pix_recon,8.652039936618561e-05
shapley-20260606T031900Z-def8be2e,baseline,A,150,150,9.913718299998436,0.4284642168453761,0.4219122699328831,train_pix_recon,0.006551946912493001
shapley-20260606T031900Z-def8be2e,baseline,A,151,151,9.977541899999778,0.4234024030821664,0.405961845602308,train_pix_recon,0.0174405574798584
shapley-20260606T031900Z-def8be2e,baseline,A,152,152,10.04036669999914,0.4045313341276986,0.4216220506599971,train_pix_recon,-0.01709071653229849
shapley-20260606T031900Z-def8be2e,baseline,A,153,153,10.104234700000234,0.4175243846007755,0.4237024273191179,train_pix_recon,-0.00617804271834238
shapley-20260606T031900Z-def8be2e,baseline,A,154,154,10.173177600001509,0.4100382200309208,0.4218717387744358,train_pix_recon,-0.011833518743515015
shapley-20260606T031900Z-def8be2e,baseline,A,155,155,10.242476700001134,0.415604931967599,0.4133157815252031,train_pix_recon,0.0022891504423959153
shapley-20260606T031900Z-def8be2e,baseline,A,156,156,10.315295799999149,0.4071354695728847,0.4206473231315613,train_pix_recon,-0.013511853558676568
shapley-20260606T031900Z-def8be2e,baseline,A,157,157,10.37865729999976,0.4179710788386209,0.4141827310834612,train_pix_recon,0.0037883477551596823
shapley-20260606T031900Z-def8be2e,baseline,A,158,158,10.444791999998415,0.4129067233630589,0.420744708606175,train_pix_recon,-0.00783798524311613
shapley-20260606T031900Z-def8be2e,baseline,A,159,159,10.507498799997848,0.4094586840697697,0.4223803111485072,train_pix_recon,-0.012921627078737508
shapley-20260606T031900Z-def8be2e,baseline,A,160,160,10.570777799995994,0.4131554280008588,0.4126539400645664,train_pix_recon,0.0005014879362923996
shapley-20260606T031900Z-def8be2e,baseline,A,161,161,10.637656399998376,0.4180974449430193,0.4110238254070282,train_pix_recon,0.007073619535991116
shapley-20260606T031900Z-def8be2e,baseline,A,162,162,10.701193499997316,0.4045598208904266,0.4172253906726837,train_pix_recon,-0.012665569782257136
shapley-20260606T031900Z-def8be2e,baseline,A,163,163,10.763730599996052,0.4081639392035348,0.4144721244062696,train_pix_recon,-0.006308185202734851
shapley-20260606T031900Z-def8be2e,baseline,A,164,164,10.826409699995564,0.4213092965739114,0.414880165031978,train_pix_recon,0.006429131541933419
shapley-20260606T031900Z-def8be2e,baseline,A,165,165,10.89265319999322,0.4064236623900277,0.4146932533809117,train_pix_recon,-0.00826959099088398
shapley-20260606T031900Z-def8be2e,baseline,A,166,166,10.95601789999273,0.4050542286464146,0.4141623718397958,train_pix_recon,-0.009108143193381213
shapley-20260606T031900Z-def8be2e,baseline,A,167,167,11.018021599993515,0.407685318163463,0.415478846856526,train_pix_recon,-0.00779352869306299
shapley-20260606T031900Z-def8be2e,baseline,A,168,168,11.084688199993252,0.4081971304757254,0.4071516990661621,train_pix_recon,0.0010454314095633133
shapley-20260606T031900Z-def8be2e,baseline,A,169,169,11.152400899991337,0.4101248553821018,0.4195982345512935,train_pix_recon,-0.00947337916919172
shapley-20260606T031900Z-def8be2e,baseline,A,170,170,11.21549509999386,0.4053222409316471,0.4193466688905443,train_pix_recon,-0.01402442795889719
shapley-20260606T031900Z-def8be2e,baseline,A,171,171,11.27963639999507,0.4098947005612509,0.4081460322652544,train_pix_recon,0.0017486682959964583
shapley-20260606T031900Z-def8be2e,baseline,A,172,172,11.346581899997544,0.4104926969323839,0.4121846556663513,train_pix_recon,-0.0016919587339674358
shapley-20260606T031900Z-def8be2e,baseline,A,173,173,11.41808729999684,0.4098552806036813,0.4244769981929234,train_pix_recon,-0.014621717589242078
shapley-20260606T031900Z-def8be2e,baseline,A,174,174,11.48464359999707,0.41274984393801,0.4153519102505275,train_pix_recon,-0.0026020663125174703
shapley-20260606T031900Z-def8be2e,baseline,A,175,175,11.5516419999949,0.4056768715381622,0.4168205601828439,train_pix_recon,-0.011143688644681737
shapley-20260606T031900Z-def8be2e,baseline,A,176,176,11.61834789999557,0.3991884248597281,0.4129259373460497,train_pix_recon,-0.013737512486321601
shapley-20260606T031900Z-def8be2e,baseline,A,177,177,11.683115299994824,0.4071567612034933,0.4089851081371307,train_pix_recon,-0.0018283469336373703
shapley-20260606T031900Z-def8be2e,baseline,A,178,178,11.75338909999482,0.4086530251162393,0.4105607441493443,train_pix_recon,-0.0019077190331049931
shapley-20260606T031900Z-def8be2e,baseline,A,179,179,11.82441089999702,0.4096033998898097,0.4138776872839246,train_pix_recon,-0.004274287394114895
shapley-20260606T031900Z-def8be2e,baseline,A,180,180,11.897732099994755,0.409083604812622,0.4192421223436083,train_pix_recon,-0.010158517530986289
shapley-20260606T031900Z-def8be2e,baseline,A,181,181,11.966081199992914,0.4088086571012224,0.4074261060782841,train_pix_recon,0.001382551022938272
shapley-20260606T031900Z-def8be2e,baseline,A,182,182,12.03322209999169,0.410291280065264,0.4104027705533163,train_pix_recon,-0.00011149048805231265
shapley-20260606T031900Z-def8be2e,baseline,A,183,183,12.099131999992096,0.4073675870895386,0.4055919306618826,train_pix_recon,0.0017756564276559805
shapley-20260606T031900Z-def8be2e,baseline,A,184,184,12.167094599994016,0.4074997561318533,0.4193158830915178,train_pix_recon,-0.011816126959664497
shapley-20260606T031900Z-def8be2e,baseline,A,185,185,12.232348199991977,0.4022939801216125,0.4163013015474592,train_pix_recon,-0.014007321425846708
shapley-20260606T031900Z-def8be2e,baseline,A,186,186,12.299015199991118,0.4070954067366464,0.4134721543107714,train_pix_recon,-0.006376747574124986
shapley-20260606T031900Z-def8be2e,baseline,A,187,187,12.362384699990798,0.403823333127158,0.4158891992909567,train_pix_recon,-0.012065866163798677
shapley-20260606T031900Z-def8be2e,baseline,A,188,188,12.42972249999002,0.4023033933980124,0.4079046802861349,train_pix_recon,-0.005601286888122503
shapley-20260606T031900Z-def8be2e,baseline,A,189,189,12.49836329999016,0.4034456653254373,0.4118377694061824,train_pix_recon,-0.008392104080745089
shapley-20260606T031900Z-def8be2e,baseline,A,190,190,12.565995299988572,0.4105475672653743,0.4108463951519557,train_pix_recon,-0.0002988278865814209
shapley-20260606T031900Z-def8be2e,baseline,A,191,191,12.635659399988072,0.4136516153812408,0.4173901975154876,train_pix_recon,-0.003738582134246826
shapley-20260606T031900Z-def8be2e,baseline,A,192,192,12.698912899984862,0.4137804295335497,0.4170331699507577,train_pix_recon,-0.0032527404172079666
shapley-20260606T031900Z-def8be2e,baseline,A,193,193,12.764678099985758,0.407385949577604,0.4162025366510664,train_pix_recon,-0.00881658707346239
shapley-20260606T031900Z-def8be2e,baseline,A,194,194,12.833668699986449,0.4082000894205911,0.4076405635901859,train_pix_recon,0.0005595258304051942
shapley-20260606T031900Z-def8be2e,baseline,A,195,195,12.8988685999866,0.4022217180047716,0.4106495380401611,train_pix_recon,-0.0084278200353895
shapley-20260606T031900Z-def8be2e,baseline,A,196,196,12.96429169998737,0.4032750470297677,0.4131983646324703,train_pix_recon,-0.009923317602702597
shapley-20260606T031900Z-def8be2e,baseline,A,197,197,13.03401199998916,0.3999432155064174,0.4198733185018812,train_pix_recon,-0.019930102995463772
shapley-20260606T031900Z-def8be2e,baseline,A,198,198,13.099838499987529,0.4115696464266096,0.4140287254537855,train_pix_recon,-0.0024590790271759033
shapley-20260606T031900Z-def8be2e,baseline,A,199,199,13.16699049998715,0.4088708077158247,0.4192710816860199,train_pix_recon,-0.010400273970195217
shapley-20260606T031924Z-4c117d56,marginal,A,0,0,0.2496620999991137,0.9715106061526708,0.9745840174811228,train_pix_recon,-0.003073411328451958
shapley-20260606T031924Z-4c117d56,marginal,A,1,1,0.3137051999983669,0.7678288306508746,0.7647169402667454,train_pix_recon,0.003111890384129179
shapley-20260606T031924Z-4c117d56,marginal,A,2,2,0.37492199999906,0.6177644559315273,0.6156605907848903,train_pix_recon,0.002103865146636963
shapley-20260606T031924Z-4c117d56,marginal,A,3,3,0.4341334999990067,0.5409399356160846,0.5504034417016166,train_pix_recon,-0.009463506085532036
shapley-20260606T031924Z-4c117d56,marginal,A,4,4,0.4949003000001539,0.4904302145753588,0.5015384043966021,train_pix_recon,-0.011108189821243342
shapley-20260606T031924Z-4c117d56,marginal,A,5,5,0.5579986999982793,0.45081798519407,0.4628497702734811,train_pix_recon,-0.012031785079411106
shapley-20260606T031924Z-4c117d56,marginal,A,6,6,0.6179659999979776,0.4207365896020617,0.4233446078641074,train_pix_recon,-0.002608018262045708
shapley-20260606T031924Z-4c117d56,marginal,A,7,7,0.6793092999978398,0.3931727749960763,0.3974142244883946,train_pix_recon,-0.0042414494923183055
shapley-20260606T031924Z-4c117d56,marginal,A,8,8,0.7414350999970338,0.3662657993180411,0.3693988110337938,train_pix_recon,-0.003133011715752698
shapley-20260606T031924Z-4c117d56,marginal,A,9,9,0.8009162999951513,0.3532060384750366,0.350383562701089,train_pix_recon,0.002822475773947619
shapley-20260606T031924Z-4c117d56,marginal,A,10,10,0.865132499995525,0.338368969304221,0.3378965769495283,train_pix_recon,0.0004723923546927078
shapley-20260606T031924Z-4c117d56,marginal,A,11,11,0.929662799993821,0.3277051363672529,0.3250445766108377,train_pix_recon,0.002660559756415215
shapley-20260606T031924Z-4c117d56,marginal,A,12,12,0.9983511999926122,0.3242332977907998,0.3263862643923078,train_pix_recon,-0.0021529666015079885
shapley-20260606T031924Z-4c117d56,marginal,A,13,13,1.064095299992914,0.32142145718847,0.3164133727550506,train_pix_recon,0.00500808443341938
shapley-20260606T031924Z-4c117d56,marginal,A,14,14,1.1261827999951493,0.304159871169499,0.300791927746364,train_pix_recon,0.0033679434231350114
shapley-20260606T031924Z-4c117d56,marginal,A,15,15,1.185801799994806,0.2967329961912973,0.2931711205414363,train_pix_recon,0.0035618756498609905
shapley-20260606T031924Z-4c117d56,marginal,A,16,16,1.2505983999944874,0.2880323316369738,0.2889290537152971,train_pix_recon,-0.0008967220783233087
shapley-20260606T031924Z-4c117d56,marginal,A,17,17,1.3170961999967403,0.2923424456800733,0.2901293677943093,train_pix_recon,0.00221307788576397
shapley-20260606T031924Z-4c117d56,marginal,A,18,18,1.381782899996324,0.28461982522692,0.2834319089140211,train_pix_recon,0.0011879163128988846
shapley-20260606T031924Z-4c117d56,marginal,A,19,19,1.441686899997876,0.2759929682527269,0.2734568459647042,train_pix_recon,0.002536122288022691
shapley-20260606T031924Z-4c117d56,marginal,A,20,20,1.5021549999983108,0.2742589882441929,0.2710857987403869,train_pix_recon,0.0031731895038060176
shapley-20260606T031924Z-4c117d56,marginal,A,21,21,1.567399599996861,0.2798061966896057,0.2766800309930529,train_pix_recon,0.0031261656965528295
shapley-20260606T031924Z-4c117d56,marginal,A,22,22,1.6284605999971973,0.2765988792691912,0.2761000139372689,train_pix_recon,0.0004988653319222824
shapley-20260606T031924Z-4c117d56,marginal,A,23,23,1.6913506999990204,0.268063770873206,0.2706058749130794,train_pix_recon,-0.0025421040398734274
shapley-20260606T031924Z-4c117d56,marginal,A,24,24,1.753277199997683,0.2721771172114781,0.2714499873774392,train_pix_recon,0.0007271298340388865
shapley-20260606T031924Z-4c117d56,marginal,A,25,25,1.8170315999959712,0.2702911027840206,0.2732777212347303,train_pix_recon,-0.0029866184507097437
shapley-20260606T031924Z-4c117d56,marginal,A,26,26,1.8825487999965844,0.2669770164149148,0.2640403551714761,train_pix_recon,0.002936661243438665
shapley-20260606T031924Z-4c117d56,marginal,A,27,27,1.947304899997107,0.2649929438318525,0.2619273705141885,train_pix_recon,0.0030655733176639943
shapley-20260606T031924Z-4c117d56,marginal,A,28,28,2.0096969999940484,0.2620593500988824,0.2653629950114659,train_pix_recon,-0.0033036449125834477
shapley-20260606T031924Z-4c117d56,marginal,A,29,29,2.074779499995202,0.2562348842620849,0.257724574634007,train_pix_recon,-0.0014896903719220922
shapley-20260606T031924Z-4c117d56,marginal,A,30,30,2.13954009999361,0.2609269874436514,0.2639370432921818,train_pix_recon,-0.003010055848530424
shapley-20260606T031924Z-4c117d56,marginal,A,31,31,2.201129299992317,0.2633931466511318,0.2589797058275768,train_pix_recon,0.004413440823554993
shapley-20260606T031924Z-4c117d56,marginal,A,32,32,2.262911099995108,0.257927588054112,0.257239248071398,train_pix_recon,0.0006883399827140035
shapley-20260606T031924Z-4c117d56,marginal,A,33,33,2.3315796999959275,0.2640644439629146,0.26370284812791,train_pix_recon,0.00036159583500461334
shapley-20260606T031924Z-4c117d56,marginal,A,34,34,2.3970524999967893,0.2626494722706931,0.2622545404093606,train_pix_recon,0.0003949318613324926
shapley-20260606T031924Z-4c117d56,marginal,A,35,35,2.459753099996305,0.2565484387534005,0.2613432109355926,train_pix_recon,-0.0047947721821920974
shapley-20260606T031924Z-4c117d56,marginal,A,36,36,2.522186799997144,0.2654937377997807,0.2613520856414522,train_pix_recon,0.004141652158328513
shapley-20260606T031924Z-4c117d56,marginal,A,37,37,2.5849232000000484,0.2632798509938376,0.2610136227948325,train_pix_recon,0.002266228199005127
shapley-20260606T031924Z-4c117d56,marginal,A,38,38,2.649020600001677,0.2667454992021833,0.2632599941321781,train_pix_recon,0.0034855050700052237
shapley-20260606T031924Z-4c117d56,marginal,A,39,39,2.707981800002017,0.2624144383839198,0.2628989006791796,train_pix_recon,-0.0004844622952597799
shapley-20260606T031924Z-4c117d56,marginal,A,40,40,2.767238800002815,0.2607681240354265,0.2631890646048954,train_pix_recon,-0.002420940569468899
shapley-20260606T031924Z-4c117d56,marginal,A,41,41,2.8310669000020425,0.2639737427234649,0.2694598053182874,train_pix_recon,-0.005486062594822483
shapley-20260606T031924Z-4c117d56,marginal,A,42,42,2.893908599999122,0.2682791309697287,0.2692375566278185,train_pix_recon,-0.0009584256580897899
shapley-20260606T031924Z-4c117d56,marginal,A,43,43,2.9559473999979677,0.2689405466829027,0.2700584190232413,train_pix_recon,-0.0011178723403386104
shapley-20260606T031924Z-4c117d56,marginal,A,44,44,3.0162872999972024,0.2703549265861511,0.2712123606886182,train_pix_recon,-0.0008574341024670806
shapley-20260606T031924Z-4c117d56,marginal,A,45,45,3.081127599998581,0.2739558603082384,0.2734373339584895,train_pix_recon,0.0005185263497488601
shapley-20260606T031924Z-4c117d56,marginal,A,46,46,3.1488083000003826,0.2724369508879525,0.2743602565356663,train_pix_recon,-0.0019233056477138133
shapley-20260606T031924Z-4c117d56,marginal,A,47,47,3.2104971000007936,0.2764150031975337,0.2809759761605944,train_pix_recon,-0.004560972963060683
shapley-20260606T031924Z-4c117d56,marginal,A,48,48,3.271172700002353,0.2765700774533408,0.2774604984692165,train_pix_recon,-0.0008904210158757198
shapley-20260606T031924Z-4c117d56,marginal,A,49,49,3.330961400002707,0.2796890948499952,0.2733989528247288,train_pix_recon,0.006290142025266399
shapley-20260606T031924Z-4c117d56,marginal,A,50,50,3.3926420000025246,0.2824969291687011,0.2728919131415231,train_pix_recon,0.009605016027178004
shapley-20260606T031924Z-4c117d56,marginal,A,51,51,3.4544593000027817,0.2813930937222072,0.2812234503882272,train_pix_recon,0.00016964333398000742
shapley-20260606T031924Z-4c117d56,marginal,A,52,52,3.5192785000035656,0.2836724519729614,0.2820024192333221,train_pix_recon,0.0016700327396393377
shapley-20260606T031924Z-4c117d56,marginal,A,53,53,3.580202500001178,0.2871280780860356,0.2839863853795187,train_pix_recon,0.0031416927065168743
shapley-20260606T031924Z-4c117d56,marginal,A,54,54,3.6463278000010177,0.2903061040810176,0.2840267079217093,train_pix_recon,0.006279396159308281
shapley-20260606T031924Z-4c117d56,marginal,A,55,55,3.712606299999607,0.2899169070380075,0.2854954983506884,train_pix_recon,0.004421408687319106
shapley-20260606T031924Z-4c117d56,marginal,A,56,56,3.774066800000583,0.2925378467355455,0.2842153225626264,train_pix_recon,0.008322524172919121
shapley-20260606T031924Z-4c117d56,marginal,A,57,57,3.834384400001,0.2921985004629407,0.2894766969340188,train_pix_recon,0.002721803528921929
shapley-20260606T031924Z-4c117d56,marginal,A,58,58,3.894011299998965,0.2910719982215336,0.2948385434491293,train_pix_recon,-0.0037665452275956746
shapley-20260606T031924Z-4c117d56,marginal,A,59,59,3.95388180000009,0.2943316187177385,0.2957464584282466,train_pix_recon,-0.0014148397105080979
shapley-20260606T031924Z-4c117d56,marginal,A,60,60,4.0171609000026365,0.2908402851649693,0.300780713558197,train_pix_recon,-0.00994042839322773
shapley-20260606T031924Z-4c117d56,marginal,A,61,61,4.07649610000226,0.2933288216590881,0.2967301309108734,train_pix_recon,-0.003401309251785334
shapley-20260606T031924Z-4c117d56,marginal,A,62,62,4.136128800004371,0.2939884236880711,0.300720419202532,train_pix_recon,-0.006731995514460909
shapley-20260606T031924Z-4c117d56,marginal,A,63,63,4.195139300005394,0.3003768835748945,0.3025857295308794,train_pix_recon,-0.002208845955984917
shapley-20260606T031924Z-4c117d56,marginal,A,64,64,4.257122900005925,0.3020544946193695,0.302279783146722,train_pix_recon,-0.00022528852735248517
shapley-20260606T031924Z-4c117d56,marginal,A,65,65,4.318199700006517,0.3001847182001386,0.3052056516919817,train_pix_recon,-0.005020933491843127
shapley-20260606T031924Z-4c117d56,marginal,A,66,66,4.379120000005059,0.309384286403656,0.3101877357278551,train_pix_recon,-0.0008034493241990681
shapley-20260606T031924Z-4c117d56,marginal,A,67,67,4.438004900002852,0.3049916369574411,0.3088636483464922,train_pix_recon,-0.003872011389051133
shapley-20260606T031924Z-4c117d56,marginal,A,68,68,4.502589400002762,0.307129008429391,0.3112807316439492,train_pix_recon,-0.004151723214558201
shapley-20260606T031924Z-4c117d56,marginal,A,69,69,4.56506370000352,0.3158219882420131,0.3157300438199724,train_pix_recon,9.194442204069064e-05
shapley-20260606T031924Z-4c117d56,marginal,A,70,70,4.625500300004205,0.3187643757888249,0.3151239454746246,train_pix_recon,0.0036404303142003047
shapley-20260606T031924Z-4c117d56,marginal,A,71,71,4.686086100005923,0.3171233832836151,0.3143710536616189,train_pix_recon,0.00275232962199623
shapley-20260606T031924Z-4c117d56,marginal,A,72,72,4.747210300003644,0.3186470993927547,0.3204474789755685,train_pix_recon,-0.0018003795828138158
shapley-20260606T031924Z-4c117d56,marginal,A,73,73,4.811490500003856,0.3207083174160549,0.3255625367164612,train_pix_recon,-0.004854219300406304
shapley-20260606T031924Z-4c117d56,marginal,A,74,74,4.871614700001373,0.3192843113626752,0.3222535806042807,train_pix_recon,-0.00296926924160551
shapley-20260606T031924Z-4c117d56,marginal,A,75,75,4.935407300003135,0.3227111228874751,0.3277280671255929,train_pix_recon,-0.005016944238117771
shapley-20260606T031924Z-4c117d56,marginal,A,76,76,4.994747500004451,0.3263433745929173,0.3220121988228389,train_pix_recon,0.00433117577007841
shapley-20260606T031924Z-4c117d56,marginal,A,77,77,5.053642400005629,0.324255964585713,0.3284858380045209,train_pix_recon,-0.004229873418807928
shapley-20260606T031924Z-4c117d56,marginal,A,78,78,5.119040400008089,0.328880250453949,0.3322130228791918,train_pix_recon,-0.003332772425242825
shapley-20260606T031924Z-4c117d56,marginal,A,79,79,5.17963590000727,0.3319539725780487,0.3364274501800537,train_pix_recon,-0.004473477602005005
shapley-20260606T031924Z-4c117d56,marginal,A,80,80,5.240332000004855,0.3345400478158678,0.3317666224070957,train_pix_recon,0.0027734254087721233
shapley-20260606T031924Z-4c117d56,marginal,A,81,81,5.302443000004132,0.3356467187404632,0.3378374704292842,train_pix_recon,-0.002190751688820991
shapley-20260606T031924Z-4c117d56,marginal,A,82,82,5.367660100004287,0.3381849612508501,0.3319012139524732,train_pix_recon,0.0062837472983769405
shapley-20260606T031924Z-4c117d56,marginal,A,83,83,5.430080200003431,0.3400092124938965,0.3419595999377114,train_pix_recon,-0.0019503874438149271
shapley-20260606T031924Z-4c117d56,marginal,A,84,84,5.490278500004933,0.3425159667219434,0.3431187144347599,train_pix_recon,-0.0006027477128164871
shapley-20260606T031924Z-4c117d56,marginal,A,85,85,5.552588800004742,0.3430266167436327,0.3454369263989584,train_pix_recon,-0.002410309655325682
shapley-20260606T031924Z-4c117d56,marginal,A,86,86,5.618121700004849,0.3417062163352966,0.3439070539815085,train_pix_recon,-0.0022008376462119283
shapley-20260606T031924Z-4c117d56,marginal,A,87,87,5.681032000004052,0.3460328791822706,0.3565163654940469,train_pix_recon,-0.010483486311776313
shapley-20260606T031924Z-4c117d56,marginal,A,88,88,5.744150300004549,0.3458364350455148,0.3552468972546713,train_pix_recon,-0.009410462209156478
shapley-20260606T031924Z-4c117d56,marginal,A,89,89,5.805583500005014,0.3466552070208958,0.3645080583436148,train_pix_recon,-0.01785285132271902
shapley-20260606T031924Z-4c117d56,marginal,A,90,90,5.875673900005495,0.3495345882007054,0.355046238218035,train_pix_recon,-0.005511650017329617
shapley-20260606T031924Z-4c117d56,marginal,A,91,91,5.943847600006848,0.3499060486044202,0.3596063085964748,train_pix_recon,-0.009700259992054594
shapley-20260606T031924Z-4c117d56,marginal,A,92,92,6.012917500007461,0.3559633365699223,0.360188969544002,train_pix_recon,-0.004225632974079685
shapley-20260606T031924Z-4c117d56,marginal,A,93,93,6.079154000006383,0.3516574118818555,0.3616605571338108,train_pix_recon,-0.010003145251955281
shapley-20260606T031924Z-4c117d56,marginal,A,94,94,6.142171400006191,0.354781367949077,0.3663970828056335,train_pix_recon,-0.011615714856556492
shapley-20260606T031924Z-4c117d56,marginal,A,95,95,6.206550800005061,0.3590875566005707,0.3599152394703456,train_pix_recon,-0.000827682869774915
shapley-20260606T031924Z-4c117d56,marginal,A,96,96,6.272964400006458,0.3571223531450544,0.3671583916459764,train_pix_recon,-0.010036038500921995
shapley-20260606T031924Z-4c117d56,marginal,A,97,97,6.336728600006609,0.3594168765204293,0.364997203860964,train_pix_recon,-0.005580327340534708
shapley-20260606T031924Z-4c117d56,marginal,A,98,98,6.402122400006192,0.3637660316058567,0.3644392703260694,train_pix_recon,-0.0006732387202126877
shapley-20260606T031924Z-4c117d56,marginal,A,99,99,6.467129900007421,0.3634992625032152,0.3634702265262604,train_pix_recon,2.903597695480542e-05
shapley-20260606T031924Z-4c117d56,marginal,A,100,100,6.535145300007571,0.3738098101956503,0.3678635741983141,train_pix_recon,0.00594623599733618
shapley-20260606T031924Z-4c117d56,marginal,A,101,101,6.599432100007107,0.3718173120703016,0.370629506451743,train_pix_recon,0.001187805618558635
shapley-20260606T031924Z-4c117d56,marginal,A,102,102,6.666907600007107,0.3772292733192444,0.3702835610934666,train_pix_recon,0.006945712225777778
shapley-20260606T031924Z-4c117d56,marginal,A,103,103,6.733787200006191,0.3709202153342111,0.3690985356058393,train_pix_recon,0.0018216797283718278
shapley-20260606T031924Z-4c117d56,marginal,A,104,104,6.7995022000031895,0.3759223222732544,0.3804978685719626,train_pix_recon,-0.004575546298708211
shapley-20260606T031924Z-4c117d56,marginal,A,105,105,6.863170300002821,0.381588808127812,0.3915788573878152,train_pix_recon,-0.009990049260003242
shapley-20260606T031924Z-4c117d56,marginal,A,106,106,6.926783800001431,0.3792790557656969,0.3803769818374088,train_pix_recon,-0.0010979260717118855
shapley-20260606T031924Z-4c117d56,marginal,A,107,107,6.993533300003037,0.3852460639817374,0.3833751848765782,train_pix_recon,0.0018708791051592066
shapley-20260606T031924Z-4c117d56,marginal,A,108,108,7.057307800005219,0.3895617297717503,0.3860040009021759,train_pix_recon,0.0035577288695743947
shapley-20260606T031924Z-4c117d56,marginal,A,109,109,7.120321000005788,0.3882362161363874,0.3834474853106907,train_pix_recon,0.0047887308256966965
shapley-20260606T031924Z-4c117d56,marginal,A,110,110,7.194753400006448,0.3942695983818599,0.3892469065529959,train_pix_recon,0.005022691828864001
shapley-20260606T031924Z-4c117d56,marginal,A,111,111,7.266020000006392,0.3896482033388955,0.3956640405314309,train_pix_recon,-0.0060158371925354
shapley-20260606T031924Z-4c117d56,marginal,A,112,112,7.33705610000834,0.3988829467977796,0.3932532795837947,train_pix_recon,0.00562966721398489
shapley-20260606T031924Z-4c117d56,marginal,A,113,113,7.414842900008807,0.4004485521997724,0.3941582100731985,train_pix_recon,0.006290342126573867
shapley-20260606T031924Z-4c117d56,marginal,A,114,114,7.495033300008799,0.3991066856043679,0.3965783374650137,train_pix_recon,0.0025283481393542084
shapley-20260606T031924Z-4c117d56,marginal,A,115,115,7.560068600010709,0.3978647461959294,0.3981017853532518,train_pix_recon,-0.0002370391573224273
shapley-20260606T031924Z-4c117d56,marginal,A,116,116,7.625720500011084,0.4055251947471073,0.4060775297028677,train_pix_recon,-0.0005523349557604029
shapley-20260606T031924Z-4c117d56,marginal,A,117,117,7.689828700011276,0.395739802292415,0.4079610747950418,train_pix_recon,-0.012221272502626779
shapley-20260606T031924Z-4c117d56,marginal,A,118,118,7.759869900011836,0.4076974902834211,0.4108349170003618,train_pix_recon,-0.003137426716940672
shapley-20260606T031924Z-4c117d56,marginal,A,119,119,7.830099400012841,0.4086269310542515,0.4085038389478411,train_pix_recon,0.00012309210641042734
shapley-20260606T031924Z-4c117d56,marginal,A,120,120,7.905601400012529,0.4107138216495514,0.4148633139474051,train_pix_recon,-0.0041494922978537185
shapley-20260606T031924Z-4c117d56,marginal,A,121,121,7.972212800013949,0.4143329858779907,0.4161549806594848,train_pix_recon,-0.0018219947814940851
shapley-20260606T031924Z-4c117d56,marginal,A,122,122,8.03977490001489,0.4243447482585907,0.4202178078038351,train_pix_recon,0.00412694045475559
shapley-20260606T031924Z-4c117d56,marginal,A,123,123,8.106059100016864,0.4260740152427128,0.4356401222092764,train_pix_recon,-0.00956610696656357
shapley-20260606T031924Z-4c117d56,marginal,A,124,124,8.173953900015476,0.4285602697304317,0.4321083341326032,train_pix_recon,-0.0035480644021714802
shapley-20260606T031924Z-4c117d56,marginal,A,125,125,8.24363420001464,0.4336192735603877,0.4356542314801897,train_pix_recon,-0.0020349579198020162
shapley-20260606T031924Z-4c117d56,marginal,A,126,126,8.307605900015915,0.4260296268122537,0.4297626827444349,train_pix_recon,-0.0037330559321812062
shapley-20260606T031924Z-4c117d56,marginal,A,127,127,8.378230800015444,0.4342055022716522,0.4272416021142687,train_pix_recon,0.006963900157383518
shapley-20260606T031924Z-4c117d56,marginal,A,128,128,8.445544900012464,0.4267896115779876,0.4336218493325369,train_pix_recon,-0.006832237754549275
shapley-20260606T031924Z-4c117d56,marginal,A,129,129,8.512495500013756,0.4373536237648555,0.4317634659154074,train_pix_recon,0.0055901578494481075
shapley-20260606T031924Z-4c117d56,marginal,A,130,130,8.579940900013753,0.4222568358693804,0.437896545444216,train_pix_recon,-0.015639709574835625
shapley-20260606T031924Z-4c117d56,marginal,A,131,131,8.646605600013572,0.4338579646178654,0.4332218297890254,train_pix_recon,0.000636134828840007
shapley-20260606T031924Z-4c117d56,marginal,A,132,132,8.709894600011467,0.4096900565283639,0.4388012843472617,train_pix_recon,-0.0291112278188978
shapley-20260606T031924Z-4c117d56,marginal,A,133,133,8.780520600012096,0.4400863860334669,0.4188595243862697,train_pix_recon,0.02122686164719717
shapley-20260606T031924Z-4c117d56,marginal,A,134,134,8.848969700015004,0.4124754284109388,0.4220700008528573,train_pix_recon,-0.00959457244191847
shapley-20260606T031924Z-4c117d56,marginal,A,135,135,8.91532760001428,0.4242806051458631,0.4269062919276101,train_pix_recon,-0.0026256867817470164
shapley-20260606T031924Z-4c117d56,marginal,A,136,136,8.98616990001392,0.4239327013492584,0.4199682133538382,train_pix_recon,0.003964487995420207
shapley-20260606T031924Z-4c117d56,marginal,A,137,137,9.056000100015808,0.4133394019944327,0.4231597355433872,train_pix_recon,-0.009820333548954507
shapley-20260606T031924Z-4c117d56,marginal,A,138,138,9.119988900016324,0.4302061370440891,0.4223855989319937,train_pix_recon,0.007820538112095432
shapley-20260606T031924Z-4c117d56,marginal,A,139,139,9.1891935000167,0.4066087646143777,0.425332771880286,train_pix_recon,-0.018724007265908282
shapley-20260606T031924Z-4c117d56,marginal,A,140,140,9.255302600016876,0.4222140439919063,0.4222081984792437,train_pix_recon,5.845512662638885e-06
shapley-20260606T031924Z-4c117d56,marginal,A,141,141,9.323495800017554,0.4167995367731367,0.4143307379313877,train_pix_recon,0.002468798841748998
shapley-20260606T031924Z-4c117d56,marginal,A,142,142,9.395684700019046,0.4054047295025417,0.4234242865017482,train_pix_recon,-0.018019556999206487
shapley-20260606T031924Z-4c117d56,marginal,A,143,143,9.463105700018788,0.4235118584973471,0.4228573909827641,train_pix_recon,0.0006544675145830348
shapley-20260606T031924Z-4c117d56,marginal,A,144,144,9.5326328000192,0.4090734166758401,0.4161626057965414,train_pix_recon,-0.0070891891207013336
shapley-20260606T031924Z-4c117d56,marginal,A,145,145,9.60044570001628,0.4174323805740901,0.4123807890074594,train_pix_recon,0.005051591566630709
shapley-20260606T031924Z-4c117d56,marginal,A,146,146,9.66920140001821,0.4212188294955662,0.4169198402336665,train_pix_recon,0.004298989261899699
shapley-20260606T031924Z-4c117d56,marginal,A,147,147,9.736628500017105,0.4102421786103929,0.4187168180942535,train_pix_recon,-0.008474639483860569
shapley-20260606T031924Z-4c117d56,marginal,A,148,148,9.807433800015133,0.4135317121233259,0.4185745801244463,train_pix_recon,-0.005042868001120415
shapley-20260606T031924Z-4c117d56,marginal,A,149,149,9.8783193000163,0.4182938763073512,0.4120663404464721,train_pix_recon,0.0062275358608790965
shapley-20260606T031924Z-4c117d56,marginal,A,150,150,9.948381300015171,0.4063808577401297,0.4219122699328831,train_pix_recon,-0.015531412192753391
shapley-20260606T031924Z-4c117d56,marginal,A,151,151,10.015743800013295,0.4041552075317928,0.405961845602308,train_pix_recon,-0.0018066380705152318
shapley-20260606T031924Z-4c117d56,marginal,A,152,152,10.081104100012451,0.428272864648274,0.4216220506599971,train_pix_recon,0.006650813988276938
shapley-20260606T031924Z-4c117d56,marginal,A,153,153,10.149976800013974,0.406577719109399,0.4237024273191179,train_pix_recon,-0.017124708209718897
shapley-20260606T031924Z-4c117d56,marginal,A,154,154,10.217010000011214,0.4092595960412706,0.4218717387744358,train_pix_recon,-0.012612142733165188
shapley-20260606T031924Z-4c117d56,marginal,A,155,155,10.28359280001314,0.4155911675521305,0.4133157815252031,train_pix_recon,0.002275386026927395
shapley-20260606T031924Z-4c117d56,marginal,A,156,156,10.352911300011328,0.4164070785045624,0.4206473231315613,train_pix_recon,-0.004240244626998901
shapley-20260606T031924Z-4c117d56,marginal,A,157,157,10.422133300013227,0.3994554706982204,0.4141827310834612,train_pix_recon,-0.014727260385240803
shapley-20260606T031924Z-4c117d56,marginal,A,158,158,10.48828850001155,0.4094313085079193,0.420744708606175,train_pix_recon,-0.01131340009825571
shapley-20260606T031924Z-4c117d56,marginal,A,159,159,10.553735700010291,0.4171112648078373,0.4223803111485072,train_pix_recon,-0.005269046340669936
shapley-20260606T031924Z-4c117d56,marginal,A,160,160,10.616965500012157,0.3987537111554827,0.4126539400645664,train_pix_recon,-0.013900228909083712
shapley-20260606T031924Z-4c117d56,marginal,A,161,161,10.683049200011736,0.4127752610615322,0.4110238254070282,train_pix_recon,0.0017514356545039744
shapley-20260606T031924Z-4c117d56,marginal,A,162,162,10.750502800012327,0.4180282482079097,0.4172253906726837,train_pix_recon,0.0008028575352259648
shapley-20260606T031924Z-4c117d56,marginal,A,163,163,10.816203500013216,0.4057010454790933,0.4144721244062696,train_pix_recon,-0.008771078927176323
shapley-20260606T031924Z-4c117d56,marginal,A,164,164,10.88357460001498,0.4141700225217001,0.414880165031978,train_pix_recon,-0.0007101425102779002
shapley-20260606T031924Z-4c117d56,marginal,A,165,165,10.947299900013604,0.4103393128940037,0.4146932533809117,train_pix_recon,-0.004353940486907959
shapley-20260606T031924Z-4c117d56,marginal,A,166,166,11.010979200011208,0.4142217167786189,0.4141623718397958,train_pix_recon,5.934493882309155e-05
shapley-20260606T031924Z-4c117d56,marginal,A,167,167,11.07666190000964,0.4142192431858608,0.415478846856526,train_pix_recon,-0.001259603670665188
shapley-20260606T031924Z-4c117d56,marginal,A,168,168,11.141098300009617,0.4109574896948678,0.4071516990661621,train_pix_recon,0.003805790628705674
shapley-20260606T031924Z-4c117d56,marginal,A,169,169,11.205996800010324,0.4038188585213252,0.4195982345512935,train_pix_recon,-0.015779376029968317
shapley-20260606T031924Z-4c117d56,marginal,A,170,170,11.269994900008896,0.4056761945996965,0.4193466688905443,train_pix_recon,-0.013670474290847778
shapley-20260606T031924Z-4c117d56,marginal,A,171,171,11.333673700009967,0.4135951101779938,0.4081460322652544,train_pix_recon,0.005449077912739353
shapley-20260606T031924Z-4c117d56,marginal,A,172,172,11.407662100009476,0.4090143357004438,0.4121846556663513,train_pix_recon,-0.0031703199659074977
shapley-20260606T031924Z-4c117d56,marginal,A,173,173,11.486035400008404,0.4104986616543361,0.4244769981929234,train_pix_recon,-0.013978336538587266
shapley-20260606T031924Z-4c117d56,marginal,A,174,174,11.551991000007549,0.4105885326862335,0.4153519102505275,train_pix_recon,-0.004763377564293958
shapley-20260606T031924Z-4c117d56,marginal,A,175,175,11.615318300009676,0.4150895391191755,0.4168205601828439,train_pix_recon,-0.0017310210636684031
shapley-20260606T031924Z-4c117d56,marginal,A,176,176,11.681430400010868,0.4055738874844142,0.4129259373460497,train_pix_recon,-0.007352049861635512
shapley-20260606T031924Z-4c117d56,marginal,A,177,177,11.74574890000804,0.4047132900782993,0.4089851081371307,train_pix_recon,-0.004271818058831367
shapley-20260606T031924Z-4c117d56,marginal,A,178,178,11.808916900004988,0.4071336133139474,0.4105607441493443,train_pix_recon,-0.0034271308353969188
shapley-20260606T031924Z-4c117d56,marginal,A,179,179,11.872118100007356,0.4047593176364898,0.4138776872839246,train_pix_recon,-0.009118369647434788
shapley-20260606T031924Z-4c117d56,marginal,A,180,180,11.940062400008172,0.4092317564146859,0.4192421223436083,train_pix_recon,-0.010010365928922405
shapley-20260606T031924Z-4c117d56,marginal,A,181,181,12.003051700008657,0.4096523267882211,0.4074261060782841,train_pix_recon,0.002226220709936999
shapley-20260606T031924Z-4c117d56,marginal,A,182,182,12.072697400009927,0.4089321366378239,0.4104027705533163,train_pix_recon,-0.001470633915492403
shapley-20260606T031924Z-4c117d56,marginal,A,183,183,12.140396300008431,0.4070232255118234,0.4055919306618826,train_pix_recon,0.0014312948499408118
shapley-20260606T031924Z-4c117d56,marginal,A,184,184,12.207190400007676,0.409310689994267,0.4193158830915178,train_pix_recon,-0.010005193097250786
shapley-20260606T031924Z-4c117d56,marginal,A,185,185,12.27276170000914,0.4102450907230377,0.4163013015474592,train_pix_recon,-0.006056210824421482
shapley-20260606T031924Z-4c117d56,marginal,A,186,186,12.339522800008126,0.3984186777046749,0.4134721543107714,train_pix_recon,-0.015053476606096516
shapley-20260606T031924Z-4c117d56,marginal,A,187,187,12.402309400007653,0.4077078912939344,0.4158891992909567,train_pix_recon,-0.008181307997022269
shapley-20260606T031924Z-4c117d56,marginal,A,188,188,12.468483500004368,0.4056979843548366,0.4079046802861349,train_pix_recon,-0.002206695931298297
shapley-20260606T031924Z-4c117d56,marginal,A,189,189,12.53852000000552,0.4018670661108834,0.4118377694061824,train_pix_recon,-0.009970703295298977
shapley-20260606T031924Z-4c117d56,marginal,A,190,190,12.604638600008911,0.4060351806027548,0.4108463951519557,train_pix_recon,-0.004811214549200915
shapley-20260606T031924Z-4c117d56,marginal,A,191,191,12.675107700008084,0.408025358404432,0.4173901975154876,train_pix_recon,-0.009364839111055623
shapley-20260606T031924Z-4c117d56,marginal,A,192,192,12.739882600009878,0.4122741307531084,0.4170331699507577,train_pix_recon,-0.004759039197649251
shapley-20260606T031924Z-4c117d56,marginal,A,193,193,12.806558700012827,0.4024453163146972,0.4162025366510664,train_pix_recon,-0.01375722033636917
shapley-20260606T031924Z-4c117d56,marginal,A,194,194,12.871948000014529,0.4043252042361668,0.4076405635901859,train_pix_recon,-0.0033153593540191095
shapley-20260606T031924Z-4c117d56,marginal,A,195,195,12.938586800013582,0.406133873122079,0.4106495380401611,train_pix_recon,-0.004515664918082085
shapley-20260606T031924Z-4c117d56,marginal,A,196,196,13.00641200001337,0.4050147959164211,0.4131983646324703,train_pix_recon,-0.008183568716049194
shapley-20260606T031924Z-4c117d56,marginal,A,197,197,13.069594300013703,0.3994748081479753,0.4198733185018812,train_pix_recon,-0.020398510353905885
shapley-20260606T031924Z-4c117d56,marginal,A,198,198,13.135149200013984,0.4066682287624904,0.4140287254537855,train_pix_recon,-0.007360496691295071
shapley-20260606T031924Z-4c117d56,marginal,A,199,199,13.201320000014675,0.4055339694023132,0.4192710816860199,train_pix_recon,-0.01373711228370672
shapley-20260606T031948Z-3581452d,conditional,A,0,0,0.2529357999992498,0.9712697097233364,0.9745840174811228,train_pix_recon,-0.0033143077577864055
shapley-20260606T031948Z-3581452d,conditional,A,1,1,0.3152555999986361,0.7611978394644601,0.7647169402667454,train_pix_recon,-0.0035191008022853465
shapley-20260606T031948Z-3581452d,conditional,A,2,2,0.3760260999988531,0.6257673587117877,0.6156605907848903,train_pix_recon,0.010106767926897353
shapley-20260606T031948Z-3581452d,conditional,A,3,3,0.4353673999976308,0.549567529133388,0.5504034417016166,train_pix_recon,-0.0008359125682285695
shapley-20260606T031948Z-3581452d,conditional,A,4,4,0.4949773999978788,0.4875350935118539,0.5015384043966021,train_pix_recon,-0.01400331088474821
shapley-20260606T031948Z-3581452d,conditional,A,5,5,0.5537111999983608,0.449095470564706,0.4628497702734811,train_pix_recon,-0.01375429970877512
shapley-20260606T031948Z-3581452d,conditional,A,6,6,0.6170837999998184,0.4184243679046631,0.4233446078641074,train_pix_recon,-0.004920239959444295
shapley-20260606T031948Z-3581452d,conditional,A,7,7,0.6818385000005946,0.3885307013988495,0.3974142244883946,train_pix_recon,-0.008883523089545098
shapley-20260606T031948Z-3581452d,conditional,A,8,8,0.743241100000887,0.3662345707416534,0.3693988110337938,train_pix_recon,-0.003164240292140408
shapley-20260606T031948Z-3581452d,conditional,A,9,9,0.8098396999994293,0.3490563077586038,0.350383562701089,train_pix_recon,-0.001327254942485201
shapley-20260606T031948Z-3581452d,conditional,A,10,10,0.875780999998824,0.3349354820592062,0.3378965769495283,train_pix_recon,-0.0029610948903220913
shapley-20260606T031948Z-3581452d,conditional,A,11,11,0.9364276999986032,0.320527787719454,0.3250445766108377,train_pix_recon,-0.004516788891383683
shapley-20260606T031948Z-3581452d,conditional,A,12,12,0.9966881000000284,0.3231048328535897,0.3263862643923078,train_pix_recon,-0.0032814315387180715
shapley-20260606T031948Z-3581452d,conditional,A,13,13,1.0556481999992684,0.3176877413477216,0.3164133727550506,train_pix_recon,0.0012743685926709936
shapley-20260606T031948Z-3581452d,conditional,A,14,14,1.117238399998314,0.3013864627906254,0.300791927746364,train_pix_recon,0.000594535044261435
shapley-20260606T031948Z-3581452d,conditional,A,15,15,1.1817905999960203,0.2931207631315504,0.2931711205414363,train_pix_recon,-5.035740988590387e-05
shapley-20260606T031948Z-3581452d,conditional,A,16,16,1.241280899997946,0.2891541974885123,0.2889290537152971,train_pix_recon,0.0002251437732151973
shapley-20260606T031948Z-3581452d,conditional,A,17,17,1.3053122999990592,0.2915120337690626,0.2901293677943093,train_pix_recon,0.0013826659747532832
shapley-20260606T031948Z-3581452d,conditional,A,18,18,1.3677156999983708,0.2841449167047228,0.2834319089140211,train_pix_recon,0.000713007790701714
shapley-20260606T031948Z-3581452d,conditional,A,19,19,1.426552299999457,0.2753751788820539,0.2734568459647042,train_pix_recon,0.0019183329173496633
shapley-20260606T031948Z-3581452d,conditional,A,20,20,1.4856426999976975,0.2734450101852417,0.2710857987403869,train_pix_recon,0.002359211444854792
shapley-20260606T031948Z-3581452d,conditional,A,21,21,1.5458565999979328,0.2754760043961661,0.2766800309930529,train_pix_recon,-0.001204026596886787
shapley-20260606T031948Z-3581452d,conditional,A,22,22,1.610029799998301,0.2732511843953814,0.2761000139372689,train_pix_recon,-0.002848829541887532
shapley-20260606T031948Z-3581452d,conditional,A,23,23,1.6738646999983755,0.271122898374285,0.2706058749130794,train_pix_recon,0.0005170234612055791
shapley-20260606T031948Z-3581452d,conditional,A,24,24,1.7380594999995085,0.2694770864077976,0.2714499873774392,train_pix_recon,-0.001972900969641589
shapley-20260606T031948Z-3581452d,conditional,A,25,25,1.8009281000013289,0.2660627790859767,0.2732777212347303,train_pix_recon,-0.0072149421487536225
shapley-20260606T031948Z-3581452d,conditional,A,26,26,1.862362600000779,0.2667358815670013,0.2640403551714761,train_pix_recon,0.002695526395525172
shapley-20260606T031948Z-3581452d,conditional,A,27,27,1.9224527000005764,0.2683120157037462,0.2619273705141885,train_pix_recon,0.0063846451895576695
shapley-20260606T031948Z-3581452d,conditional,A,28,28,1.981506600001012,0.2647989349705832,0.2653629950114659,train_pix_recon,-0.0005640600408826635
shapley-20260606T031948Z-3581452d,conditional,A,29,29,2.040451500000927,0.2664196108068739,0.257724574634007,train_pix_recon,0.008695036172866877
shapley-20260606T031948Z-3581452d,conditional,A,30,30,2.1001443000022846,0.2683918305805751,0.2639370432921818,train_pix_recon,0.004454787288393269
shapley-20260606T031948Z-3581452d,conditional,A,31,31,2.16044310000143,0.2640130605016436,0.2589797058275768,train_pix_recon,0.005033354674066792
shapley-20260606T031948Z-3581452d,conditional,A,32,32,2.2201524000010977,0.2680924151624952,0.257239248071398,train_pix_recon,0.010853167091097238
shapley-20260606T031948Z-3581452d,conditional,A,33,33,2.284109399999579,0.2659135247979845,0.26370284812791,train_pix_recon,0.0022106766700745184
shapley-20260606T031948Z-3581452d,conditional,A,34,34,2.3491080999992846,0.2618731686047145,0.2622545404093606,train_pix_recon,-0.0003813718046460912
shapley-20260606T031948Z-3581452d,conditional,A,35,35,2.41004879999673,0.2677091402666909,0.2613432109355926,train_pix_recon,0.006365929331098308
shapley-20260606T031948Z-3581452d,conditional,A,36,36,2.471676599998318,0.2696481943130493,0.2613520856414522,train_pix_recon,0.008296108671597135
shapley-20260606T031948Z-3581452d,conditional,A,37,37,2.538850699998875,0.2671218812465668,0.2610136227948325,train_pix_recon,0.006108258451734294
shapley-20260606T031948Z-3581452d,conditional,A,38,38,2.6014481999955024,0.2645717731543949,0.2632599941321781,train_pix_recon,0.0013117790222167969
shapley-20260606T031948Z-3581452d,conditional,A,39,39,2.664490699993621,0.2629647723266056,0.2628989006791796,train_pix_recon,6.587164742599683e-05
shapley-20260606T031948Z-3581452d,conditional,A,40,40,2.726214999991498,0.26217611346926,0.2631890646048954,train_pix_recon,-0.001012951135635376
shapley-20260606T031948Z-3581452d,conditional,A,41,41,2.7868460999925446,0.2648558148315975,0.2694598053182874,train_pix_recon,-0.004603990486689913
shapley-20260606T031948Z-3581452d,conditional,A,42,42,2.8485973999922862,0.262479909828731,0.2692375566278185,train_pix_recon,-0.006757646799087524
shapley-20260606T031948Z-3581452d,conditional,A,43,43,2.910240099990915,0.2649684654814856,0.2700584190232413,train_pix_recon,-0.005089953541755676
shapley-20260606T031948Z-3581452d,conditional,A,44,44,2.974112799991417,0.2700747081211635,0.2712123606886182,train_pix_recon,-0.0011376525674546833
shapley-20260606T031948Z-3581452d,conditional,A,45,45,3.041196799993486,0.2709324359893799,0.2734373339584895,train_pix_recon,-0.002504897969109632
shapley-20260606T031948Z-3581452d,conditional,A,46,46,3.1028435999942303,0.2733234890869686,0.2743602565356663,train_pix_recon,-0.0010367674486977396
shapley-20260606T031948Z-3581452d,conditional,A,47,47,3.164285299993935,0.2760952838829585,0.2809759761605944,train_pix_recon,-0.0048806922776358785
shapley-20260606T031948Z-3581452d,conditional,A,48,48,3.2238689999940107,0.2786071002483368,0.2774604984692165,train_pix_recon,0.0011466017791202932
shapley-20260606T031948Z-3581452d,conditional,A,49,49,3.284663399994315,0.2816138224942343,0.2733989528247288,train_pix_recon,0.008214869669505465
shapley-20260606T031948Z-3581452d,conditional,A,50,50,3.348910299991985,0.2812853157520294,0.2728919131415231,train_pix_recon,0.008393402610506306
shapley-20260606T031948Z-3581452d,conditional,A,51,51,3.4155547999907867,0.281938693353108,0.2812234503882272,train_pix_recon,0.0007152429648807912
shapley-20260606T031948Z-3581452d,conditional,A,52,52,3.478975599988189,0.285349931035723,0.2820024192333221,train_pix_recon,0.003347511802400893
shapley-20260606T031948Z-3581452d,conditional,A,53,53,3.5461336999869677,0.2870167025497981,0.2839863853795187,train_pix_recon,0.0030303171702794063
shapley-20260606T031948Z-3581452d,conditional,A,54,54,3.6068328999863297,0.2911056833607809,0.2840267079217093,train_pix_recon,0.0070789754390716
shapley-20260606T031948Z-3581452d,conditional,A,55,55,3.6720260999863967,0.2954028674534389,0.2854954983506884,train_pix_recon,0.00990736910275053
shapley-20260606T031948Z-3581452d,conditional,A,56,56,3.731682699988596,0.2913328451769693,0.2842153225626264,train_pix_recon,0.007117522614342897
shapley-20260606T031948Z-3581452d,conditional,A,57,57,3.800207099990075,0.297133309500558,0.2894766969340188,train_pix_recon,0.0076566125665392115
shapley-20260606T031948Z-3581452d,conditional,A,58,58,3.86301059998732,0.2950589443956102,0.2948385434491293,train_pix_recon,0.00022040094648090314
shapley-20260606T031948Z-3581452d,conditional,A,59,59,3.931240899986733,0.2974157759121486,0.2957464584282466,train_pix_recon,0.001669317483902033
shapley-20260606T031948Z-3581452d,conditional,A,60,60,4.002382699985901,0.2996892929077148,0.300780713558197,train_pix_recon,-0.0010914206504822332
shapley-20260606T031948Z-3581452d,conditional,A,61,61,4.067505099985283,0.2992826402187347,0.2967301309108734,train_pix_recon,0.0025525093078612726
shapley-20260606T031948Z-3581452d,conditional,A,62,62,4.13631139998688,0.3040010588509695,0.300720419202532,train_pix_recon,0.0032806396484375
shapley-20260606T031948Z-3581452d,conditional,A,63,63,4.199409299988474,0.3049172971929823,0.3025857295308794,train_pix_recon,0.0023315676621028514
shapley-20260606T031948Z-3581452d,conditional,A,64,64,4.267801399986638,0.302288966519492,0.302279783146722,train_pix_recon,9.18337277000525e-06
shapley-20260606T031948Z-3581452d,conditional,A,65,65,4.338892399984616,0.3078661433288029,0.3052056516919817,train_pix_recon,0.002660491636821194
shapley-20260606T031948Z-3581452d,conditional,A,66,66,4.400638199982495,0.3068679996899196,0.3101877357278551,train_pix_recon,-0.00331973603793545
shapley-20260606T031948Z-3581452d,conditional,A,67,67,4.460794899980101,0.3127608341830117,0.3088636483464922,train_pix_recon,0.00389718583651949
shapley-20260606T031948Z-3581452d,conditional,A,68,68,4.519981499979622,0.3129276803561619,0.3112807316439492,train_pix_recon,0.0016469487122127147
shapley-20260606T031948Z-3581452d,conditional,A,69,69,4.582043599977624,0.3142062638487135,0.3157300438199724,train_pix_recon,-0.0015237799712589095
shapley-20260606T031948Z-3581452d,conditional,A,70,70,4.642321199975413,0.3159698375633785,0.3151239454746246,train_pix_recon,0.0008458920887539079
shapley-20260606T031948Z-3581452d,conditional,A,71,71,4.702633799977775,0.3171888291835785,0.3143710536616189,train_pix_recon,0.002817775521959609
shapley-20260606T031948Z-3581452d,conditional,A,72,72,4.76605529997687,0.3153121982301984,0.3204474789755685,train_pix_recon,-0.005135280745370119
shapley-20260606T031948Z-3581452d,conditional,A,73,73,4.8294587999771466,0.3224420802933829,0.3255625367164612,train_pix_recon,-0.0031204564230782883
shapley-20260606T031948Z-3581452d,conditional,A,74,74,4.894587599977967,0.3231761455535888,0.3222535806042807,train_pix_recon,0.0009225649493080912
shapley-20260606T031948Z-3581452d,conditional,A,75,75,4.963053099978424,0.3225312786442892,0.3277280671255929,train_pix_recon,-0.005196788481303671
shapley-20260606T031948Z-3581452d,conditional,A,76,76,5.064063599980727,0.3271701804229191,0.3220121988228389,train_pix_recon,0.005157981600080241
shapley-20260606T031948Z-3581452d,conditional,A,77,77,5.149534099982702,0.3298791050910949,0.3284858380045209,train_pix_recon,0.0013932670865740016
shapley-20260606T031948Z-3581452d,conditional,A,78,78,5.215386899984878,0.3269200921058655,0.3322130228791918,train_pix_recon,-0.005292930773326321
shapley-20260606T031948Z-3581452d,conditional,A,79,79,5.275007599982928,0.3342709967068263,0.3364274501800537,train_pix_recon,-0.0021564534732274043
shapley-20260606T031948Z-3581452d,conditional,A,80,80,5.334417399983067,0.3321146539279392,0.3317666224070957,train_pix_recon,0.00034803152084350586
shapley-20260606T031948Z-3581452d,conditional,A,81,81,5.394924199983507,0.32880328808512,0.3378374704292842,train_pix_recon,-0.009034182344164199
shapley-20260606T031948Z-3581452d,conditional,A,82,82,5.453284599985636,0.3444070518016815,0.3319012139524732,train_pix_recon,0.012505837849208334
shapley-20260606T031948Z-3581452d,conditional,A,83,83,5.510299499983375,0.3394615479878017,0.3419595999377114,train_pix_recon,-0.0024980519499097076
shapley-20260606T031948Z-3581452d,conditional,A,84,84,5.5677870999861625,0.3388539637838091,0.3431187144347599,train_pix_recon,-0.004264750650950777
shapley-20260606T031948Z-3581452d,conditional,A,85,85,5.625196999986656,0.343514689377376,0.3454369263989584,train_pix_recon,-0.0019222370215823958
shapley-20260606T031948Z-3581452d,conditional,A,86,86,5.68405379998876,0.345880708524159,0.3439070539815085,train_pix_recon,0.0019736545426504715
shapley-20260606T031948Z-3581452d,conditional,A,87,87,5.741610999990371,0.3490962556430271,0.3565163654940469,train_pix_recon,-0.007420109851019818
shapley-20260606T031948Z-3581452d,conditional,A,88,88,5.798253799988743,0.3486623551164354,0.3552468972546713,train_pix_recon,-0.006584542138235894
shapley-20260606T031948Z-3581452d,conditional,A,89,89,5.854847399990831,0.3512385530131204,0.3645080583436148,train_pix_recon,-0.013269505330494424
shapley-20260606T031948Z-3581452d,conditional,A,90,90,5.919697599991196,0.3473182107721056,0.355046238218035,train_pix_recon,-0.007728027445929375
shapley-20260606T031948Z-3581452d,conditional,A,91,91,5.982677999989392,0.3591634673731668,0.3596063085964748,train_pix_recon,-0.00044284122330801035
shapley-20260606T031948Z-3581452d,conditional,A,92,92,6.043144499988557,0.3550655543804168,0.360188969544002,train_pix_recon,-0.0051234151635851655
shapley-20260606T031948Z-3581452d,conditional,A,93,93,6.103733899988583,0.3562268997941698,0.3616605571338108,train_pix_recon,-0.005433657339640963
shapley-20260606T031948Z-3581452d,conditional,A,94,94,6.164503899988631,0.3567201793193817,0.3663970828056335,train_pix_recon,-0.009676903486251776
shapley-20260606T031948Z-3581452d,conditional,A,95,95,6.22912839998753,0.3583992038454328,0.3599152394703456,train_pix_recon,-0.0015160356249128148
shapley-20260606T031948Z-3581452d,conditional,A,96,96,6.290892199987866,0.3659604617527553,0.3671583916459764,train_pix_recon,-0.0011979298932210947
shapley-20260606T031948Z-3581452d,conditional,A,97,97,6.353624399987893,0.37094247341156,0.364997203860964,train_pix_recon,0.0059452695505959885
shapley-20260606T031948Z-3581452d,conditional,A,98,98,6.412957599986839,0.3644341485840933,0.3644392703260694,train_pix_recon,-5.121741976088501e-06
shapley-20260606T031948Z-3581452d,conditional,A,99,99,6.4724730999878375,0.3702728237424578,0.3634702265262604,train_pix_recon,0.006802597216197415
shapley-20260606T031948Z-3581452d,conditional,A,100,100,6.531725399989227,0.3713795074394771,0.3678635741983141,train_pix_recon,0.003515933241163005
shapley-20260606T031948Z-3581452d,conditional,A,101,101,6.591266599989467,0.3668922781944275,0.370629506451743,train_pix_recon,-0.0037372282573154836
shapley-20260606T031948Z-3581452d,conditional,A,102,102,6.651017999989563,0.3758410726274763,0.3702835610934666,train_pix_recon,0.005557511534009685
shapley-20260606T031948Z-3581452d,conditional,A,103,103,6.711325099986425,0.3790304277624403,0.3690985356058393,train_pix_recon,0.009931892156601008
shapley-20260606T031948Z-3581452d,conditional,A,104,104,6.77341369998976,0.3747219230447496,0.3804978685719626,train_pix_recon,-0.005775945527213
shapley-20260606T031948Z-3581452d,conditional,A,105,105,6.840956699990784,0.386370518377849,0.3915788573878152,train_pix_recon,-0.005208339009966201
shapley-20260606T031948Z-3581452d,conditional,A,106,106,6.900627099992562,0.3877795040607452,0.3803769818374088,train_pix_recon,0.007402522223336372
shapley-20260606T031948Z-3581452d,conditional,A,107,107,6.977640599990991,0.3780432258333479,0.3833751848765782,train_pix_recon,-0.0053319590432303055
shapley-20260606T031948Z-3581452d,conditional,A,108,108,7.067591899991385,0.3904869300978524,0.3860040009021759,train_pix_recon,0.004482929195676499
shapley-20260606T031948Z-3581452d,conditional,A,109,109,7.156095199992706,0.3873328183378492,0.3834474853106907,train_pix_recon,0.0038853330271584885
shapley-20260606T031948Z-3581452d,conditional,A,110,110,7.227811799995834,0.3892720171383449,0.3892469065529959,train_pix_recon,2.511058534904187e-05
shapley-20260606T031948Z-3581452d,conditional,A,111,111,7.299307299996144,0.4016577218260084,0.3956640405314309,train_pix_recon,0.005993681294577502
shapley-20260606T031948Z-3581452d,conditional,A,112,112,7.371440599996276,0.3916990756988525,0.3932532795837947,train_pix_recon,-0.0015542038849422068
shapley-20260606T031948Z-3581452d,conditional,A,113,113,7.445374199993239,0.4027310907840729,0.3941582100731985,train_pix_recon,0.008572880710874364
shapley-20260606T031948Z-3581452d,conditional,A,114,114,7.519148499995936,0.3852770754269191,0.3965783374650137,train_pix_recon,-0.011301262038094617
shapley-20260606T031948Z-3581452d,conditional,A,115,115,7.588374199996906,0.392035858971732,0.3981017853532518,train_pix_recon,-0.006065926381519815
shapley-20260606T031948Z-3581452d,conditional,A,116,116,7.662663299997803,0.4058223622185843,0.4060775297028677,train_pix_recon,-0.00025516748428339175
shapley-20260606T031948Z-3581452d,conditional,A,117,117,7.740059799994924,0.3976428168160574,0.4079610747950418,train_pix_recon,-0.010318257978984391
shapley-20260606T031948Z-3581452d,conditional,A,118,118,7.810677899997245,0.3960111141204834,0.4108349170003618,train_pix_recon,-0.01482380287987839
shapley-20260606T031948Z-3581452d,conditional,A,119,119,7.879774499997438,0.4104009015219552,0.4085038389478411,train_pix_recon,0.0018970625741140945
shapley-20260606T031948Z-3581452d,conditional,A,120,120,7.943358499996975,0.416951128414699,0.4148633139474051,train_pix_recon,0.0020878144672938914
shapley-20260606T031948Z-3581452d,conditional,A,121,121,8.004187999995338,0.4121357202529907,0.4161549806594848,train_pix_recon,-0.004019260406494085
shapley-20260606T031948Z-3581452d,conditional,A,122,122,8.066407699992851,0.4258099198341369,0.4202178078038351,train_pix_recon,0.005592112030301799
shapley-20260606T031948Z-3581452d,conditional,A,123,123,8.128245999992942,0.4346378062452589,0.4356401222092764,train_pix_recon,-0.0010023159640175083
shapley-20260606T031948Z-3581452d,conditional,A,124,124,8.187394399992627,0.4241093524864742,0.4321083341326032,train_pix_recon,-0.007998981646129
shapley-20260606T031948Z-3581452d,conditional,A,125,125,8.247050999994826,0.4336777414594377,0.4356542314801897,train_pix_recon,-0.0019764900207520086
shapley-20260606T031948Z-3581452d,conditional,A,126,126,8.310323599991534,0.4387278301375253,0.4297626827444349,train_pix_recon,0.0089651473930904
shapley-20260606T031948Z-3581452d,conditional,A,127,127,8.370256199992582,0.4267588130065373,0.4272416021142687,train_pix_recon,-0.00048278910773141837
shapley-20260606T031948Z-3581452d,conditional,A,128,128,8.42948059999253,0.4346525073051452,0.4336218493325369,train_pix_recon,0.0010306579726083176
shapley-20260606T031948Z-3581452d,conditional,A,129,129,8.491713199993683,0.4245366581848689,0.4317634659154074,train_pix_recon,-0.007226807730538465
shapley-20260606T031948Z-3581452d,conditional,A,130,130,8.552849199993943,0.4356444861207689,0.437896545444216,train_pix_recon,-0.002252059323447131
shapley-20260606T031948Z-3581452d,conditional,A,131,131,8.613377199992101,0.4251306993620736,0.4332218297890254,train_pix_recon,-0.00809113042695181
shapley-20260606T031948Z-3581452d,conditional,A,132,132,8.674077199990279,0.4306747657912118,0.4388012843472617,train_pix_recon,-0.0081265185560499
shapley-20260606T031948Z-3581452d,conditional,A,133,133,8.739052299992181,0.4159058162144252,0.4188595243862697,train_pix_recon,-0.002953708171844538
shapley-20260606T031948Z-3581452d,conditional,A,134,134,8.80482129999291,0.4246200195380619,0.4220700008528573,train_pix_recon,0.0025500186852046025
shapley-20260606T031948Z-3581452d,conditional,A,135,135,8.8649227999922,0.4128972504820142,0.4269062919276101,train_pix_recon,-0.014009041445595893
shapley-20260606T031948Z-3581452d,conditional,A,136,136,8.925136099991505,0.4255555655275072,0.4199682133538382,train_pix_recon,0.005587352173668958
shapley-20260606T031948Z-3581452d,conditional,A,137,137,8.984918499991181,0.4145361014774867,0.4231597355433872,train_pix_recon,-0.008623634065900498
shapley-20260606T031948Z-3581452d,conditional,A,138,138,9.047015999989526,0.4172085991927555,0.4223855989319937,train_pix_recon,-0.005176999739238186
shapley-20260606T031948Z-3581452d,conditional,A,139,139,9.11364569998841,0.4241526637758527,0.425332771880286,train_pix_recon,-0.0011801081044333084
shapley-20260606T031948Z-3581452d,conditional,A,140,140,9.180618199989112,0.409181433064597,0.4222081984792437,train_pix_recon,-0.013026765414646702
shapley-20260606T031948Z-3581452d,conditional,A,141,141,9.243424299987964,0.4253746015684945,0.4143307379313877,train_pix_recon,0.011043863637106799
shapley-20260606T031948Z-3581452d,conditional,A,142,142,9.3080325999872,0.4036910789353506,0.4234242865017482,train_pix_recon,-0.01973320756639757
shapley-20260606T031948Z-3581452d,conditional,A,143,143,9.368479899989325,0.4167844227382115,0.4228573909827641,train_pix_recon,-0.006072968244552612
shapley-20260606T031948Z-3581452d,conditional,A,144,144,9.430587499988178,0.4190587018217359,0.4161626057965414,train_pix_recon,0.0028960960251944723
shapley-20260606T031948Z-3581452d,conditional,A,145,145,9.492522699987603,0.4108670226165226,0.4123807890074594,train_pix_recon,-0.0015137663909368104
shapley-20260606T031948Z-3581452d,conditional,A,146,146,9.552565999987564,0.4157335375036512,0.4169198402336665,train_pix_recon,-0.0011863027300152984
shapley-20260606T031948Z-3581452d,conditional,A,147,147,9.616626699989864,0.4171448392527444,0.4187168180942535,train_pix_recon,-0.0015719788415090585
shapley-20260606T031948Z-3581452d,conditional,A,148,148,9.676556999987952,0.405621200799942,0.4185745801244463,train_pix_recon,-0.0129533793245043
shapley-20260606T031948Z-3581452d,conditional,A,149,149,9.736805999986244,0.4198848903179168,0.4120663404464721,train_pix_recon,0.007818549871444702
shapley-20260606T031948Z-3581452d,conditional,A,150,150,9.801229799988503,0.4171485134533473,0.4219122699328831,train_pix_recon,-0.004763756479535808
shapley-20260606T031948Z-3581452d,conditional,A,151,151,9.863795999986904,0.4063687154224941,0.405961845602308,train_pix_recon,0.0004068698201860621
shapley-20260606T031948Z-3581452d,conditional,A,152,152,9.923612599985065,0.4135645202228001,0.4216220506599971,train_pix_recon,-0.00805753043719698
shapley-20260606T031948Z-3581452d,conditional,A,153,153,9.987466999984465,0.4114013739994594,0.4237024273191179,train_pix_recon,-0.012301053319658473
shapley-20260606T031948Z-3581452d,conditional,A,154,154,10.047943599984135,0.4073526731559208,0.4218717387744358,train_pix_recon,-0.014519065618515015
shapley-20260606T031948Z-3581452d,conditional,A,155,155,10.109981099983996,0.4034476493086134,0.4133157815252031,train_pix_recon,-0.00986813221658972
shapley-20260606T031948Z-3581452d,conditional,A,156,156,10.172207599985995,0.4168666899204254,0.4206473231315613,train_pix_recon,-0.0037806332111358643
shapley-20260606T031948Z-3581452d,conditional,A,157,157,10.2357172999873,0.4081183544227055,0.4141827310834612,train_pix_recon,-0.00606437666075571
shapley-20260606T031948Z-3581452d,conditional,A,158,158,10.29759459998604,0.4128358491829463,0.420744708606175,train_pix_recon,-0.00790885942322872
shapley-20260606T031948Z-3581452d,conditional,A,159,159,10.35764209998888,0.408733172076089,0.4223803111485072,train_pix_recon,-0.013647139072418213
shapley-20260606T031948Z-3581452d,conditional,A,160,160,10.421697499990842,0.4118135954652513,0.4126539400645664,train_pix_recon,-0.0008403445993150904
shapley-20260606T031948Z-3581452d,conditional,A,161,161,10.483701899989684,0.4132780134677887,0.4110238254070282,train_pix_recon,0.002254188060760498
shapley-20260606T031948Z-3581452d,conditional,A,162,162,10.54589469998973,0.4069200158119201,0.4172253906726837,train_pix_recon,-0.010305374860763605
shapley-20260606T031948Z-3581452d,conditional,A,163,163,10.609714699989128,0.4147280922957829,0.4144721244062696,train_pix_recon,0.00025596788951326443
shapley-20260606T031948Z-3581452d,conditional,A,164,164,10.671381999989537,0.4057715960911342,0.414880165031978,train_pix_recon,-0.009108568940843775
shapley-20260606T031948Z-3581452d,conditional,A,165,165,10.733479499991518,0.415688259260995,0.4146932533809117,train_pix_recon,0.0009950058800833328
shapley-20260606T031948Z-3581452d,conditional,A,166,166,10.797888499990222,0.4152591441358839,0.4141623718397958,train_pix_recon,0.0010967722960880666
shapley-20260606T031948Z-3581452d,conditional,A,167,167,10.862688599991088,0.4081272312573024,0.415478846856526,train_pix_recon,-0.007351615599223593
shapley-20260606T031948Z-3581452d,conditional,A,168,168,10.9223798999883,0.4122309216431209,0.4071516990661621,train_pix_recon,0.005079222576958808
shapley-20260606T031948Z-3581452d,conditional,A,169,169,10.984542799989867,0.4117877057620457,0.4195982345512935,train_pix_recon,-0.007810528789247817
shapley-20260606T031948Z-3581452d,conditional,A,170,170,11.045242999989568,0.408147496836526,0.4193466688905443,train_pix_recon,-0.01119917205401827
shapley-20260606T031948Z-3581452d,conditional,A,171,171,11.105607399989822,0.4098707394940512,0.4081460322652544,train_pix_recon,0.0017247072287967513
shapley-20260606T031948Z-3581452d,conditional,A,172,172,11.165815799991831,0.4200102090835571,0.4121846556663513,train_pix_recon,0.007825553417205755
shapley-20260606T031948Z-3581452d,conditional,A,173,173,11.231568299990611,0.4118078052997589,0.4244769981929234,train_pix_recon,-0.012669192893164483
shapley-20260606T031948Z-3581452d,conditional,A,174,174,11.299053899991122,0.4110390416213444,0.4153519102505275,train_pix_recon,-0.004312868629183064
shapley-20260606T031948Z-3581452d,conditional,A,175,175,11.359443299992565,0.4100612657410757,0.4168205601828439,train_pix_recon,-0.006759294441768204
shapley-20260606T031948Z-3581452d,conditional,A,176,176,11.420257999991009,0.4052163958549499,0.4129259373460497,train_pix_recon,-0.007709541491099814
shapley-20260606T031948Z-3581452d,conditional,A,177,177,11.480544699992606,0.4014500081539154,0.4089851081371307,train_pix_recon,-0.0075350999832152765
shapley-20260606T031948Z-3581452d,conditional,A,178,178,11.54219209999428,0.4042246895177023,0.4105607441493443,train_pix_recon,-0.006336054631641996
shapley-20260606T031948Z-3581452d,conditional,A,179,179,11.609285799993811,0.4182361917836325,0.4138776872839246,train_pix_recon,0.004358504499707927
shapley-20260606T031948Z-3581452d,conditional,A,180,180,11.668877699994482,0.4071260179792131,0.4192421223436083,train_pix_recon,-0.012116104364395197
shapley-20260606T031948Z-3581452d,conditional,A,181,181,11.731602699994257,0.411043963262013,0.4074261060782841,train_pix_recon,0.0036178571837288676
shapley-20260606T031948Z-3581452d,conditional,A,182,182,11.792186099995888,0.4061676476682935,0.4104027705533163,train_pix_recon,-0.004235122885022813
shapley-20260606T031948Z-3581452d,conditional,A,183,183,11.851747999997317,0.4047491763319288,0.4055919306618826,train_pix_recon,-0.0008427543299537876
shapley-20260606T031948Z-3581452d,conditional,A,184,184,11.911645000000137,0.4084289371967315,0.4193158830915178,train_pix_recon,-0.010886945894786282
shapley-20260606T031948Z-3581452d,conditional,A,185,185,11.973633199999313,0.4104503010000501,0.4163013015474592,train_pix_recon,-0.005851000547409113
shapley-20260606T031948Z-3581452d,conditional,A,186,186,12.035516899999491,0.4091280230454036,0.4134721543107714,train_pix_recon,-0.004344131265367812
shapley-20260606T031948Z-3581452d,conditional,A,187,187,12.097433599999931,0.4169346307005201,0.4158891992909567,train_pix_recon,0.0010454314095634243
shapley-20260606T031948Z-3581452d,conditional,A,188,188,12.15647959999842,0.4045894912311009,0.4079046802861349,train_pix_recon,-0.003315189055034029
shapley-20260606T031948Z-3581452d,conditional,A,189,189,12.217329499999323,0.4085801712104252,0.4118377694061824,train_pix_recon,-0.003257598195757161
shapley-20260606T031948Z-3581452d,conditional,A,190,190,12.280380699998204,0.4033062287739345,0.4108463951519557,train_pix_recon,-0.007540166378021185
shapley-20260606T031948Z-3581452d,conditional,A,191,191,12.341661099999328,0.4087791528020586,0.4173901975154876,train_pix_recon,-0.008611044713428995
shapley-20260606T031948Z-3581452d,conditional,A,192,192,12.401320099997974,0.4064521746976035,0.4170331699507577,train_pix_recon,-0.010580995253154202
shapley-20260606T031948Z-3581452d,conditional,A,193,193,12.461707200000092,0.4085894227027893,0.4162025366510664,train_pix_recon,-0.007613113948277073
shapley-20260606T031948Z-3581452d,conditional,A,194,194,12.52146189999985,0.4038658823285784,0.4076405635901859,train_pix_recon,-0.0037746812616075154
shapley-20260606T031948Z-3581452d,conditional,A,195,195,12.58074729999862,0.4080672519547598,0.4106495380401611,train_pix_recon,-0.0025822860854012863
shapley-20260606T031948Z-3581452d,conditional,A,196,196,12.639970500000343,0.40933672445161,0.4131983646324703,train_pix_recon,-0.0038616401808602707
shapley-20260606T031948Z-3581452d,conditional,A,197,197,12.702699500001472,0.4071093712534223,0.4198733185018812,train_pix_recon,-0.012763947248458918
shapley-20260606T031948Z-3581452d,conditional,A,198,198,12.763259200000904,0.4043590043272291,0.4140287254537855,train_pix_recon,-0.009669721126556396
shapley-20260606T031948Z-3581452d,conditional,A,199,199,12.82345830000122,0.4089318513870239,0.4192710816860199,train_pix_recon,-0.010339230298995972
shapley-20260606T031900Z-def8be2e,baseline,A,0,0,0.250898899997992,0.8873408436775208,0.8603262603282928,test_pix_recon,0.027014583349227905
shapley-20260606T031900Z-def8be2e,baseline,A,1,1,0.313854199997877,0.71910160779953,0.6509128510951996,test_pix_recon,0.06818875670433044
shapley-20260606T031900Z-def8be2e,baseline,A,2,2,0.3763055999988864,0.6082660853862762,0.573513925075531,test_pix_recon,0.03475216031074524
shapley-20260606T031900Z-def8be2e,baseline,A,3,3,0.4380596999981208,0.5403428971767426,0.5208356976509094,test_pix_recon,0.01950719952583313
shapley-20260606T031900Z-def8be2e,baseline,A,4,4,0.4995989999988524,0.4918311387300491,0.4836764335632324,test_pix_recon,0.008154705166816656
shapley-20260606T031900Z-def8be2e,baseline,A,5,5,0.5604166999983136,0.4467689841985702,0.4470560550689697,test_pix_recon,-0.0002870708703995306
shapley-20260606T031900Z-def8be2e,baseline,A,6,6,0.6231238999971538,0.4117138385772705,0.4165917932987213,test_pix_recon,-0.004877954721450806
shapley-20260606T031900Z-def8be2e,baseline,A,7,7,0.6841462999982468,0.3844244629144668,0.3933616727590561,test_pix_recon,-0.008937209844589289
shapley-20260606T031900Z-def8be2e,baseline,A,8,8,0.7455574999985402,0.3662798702716827,0.3724690824747085,test_pix_recon,-0.006189212203025818
shapley-20260606T031900Z-def8be2e,baseline,A,9,9,0.8067021999995632,0.3508018404245376,0.3578011393547058,test_pix_recon,-0.006999298930168207
shapley-20260606T031900Z-def8be2e,baseline,A,10,10,0.8665441999983159,0.3403167724609375,0.3449959903955459,test_pix_recon,-0.004679217934608404
shapley-20260606T031900Z-def8be2e,baseline,A,11,11,0.928147499998886,0.3316926807165146,0.3377645015716553,test_pix_recon,-0.006071820855140686
shapley-20260606T031900Z-def8be2e,baseline,A,12,12,0.9880546999993384,0.3288799971342087,0.3339386284351349,test_pix_recon,-0.0050586313009262085
shapley-20260606T031900Z-def8be2e,baseline,A,13,13,1.0497221000005084,0.3245572298765182,0.3267373889684677,test_pix_recon,-0.0021801590919495184
shapley-20260606T031900Z-def8be2e,baseline,A,14,14,1.1164124999995693,0.3167009204626083,0.3205851763486862,test_pix_recon,-0.0038842558860779364
shapley-20260606T031900Z-def8be2e,baseline,A,15,15,1.1789544000021124,0.3109177350997925,0.313757836818695,test_pix_recon,-0.0028401017189025324
shapley-20260606T031900Z-def8be2e,baseline,A,16,16,1.241464000002452,0.3088115304708481,0.3130700439214706,test_pix_recon,-0.004258513450622503
shapley-20260606T031900Z-def8be2e,baseline,A,17,17,1.3087168000020029,0.304632619023323,0.3090047389268875,test_pix_recon,-0.004372119903564509
shapley-20260606T031900Z-def8be2e,baseline,A,18,18,1.3687345000034838,0.3014359623193741,0.3042033910751343,test_pix_recon,-0.002767428755760193
shapley-20260606T031900Z-def8be2e,baseline,A,19,19,1.4320903000043472,0.298005610704422,0.2996628284454345,test_pix_recon,-0.0016572177410125177
shapley-20260606T031900Z-def8be2e,baseline,A,20,20,1.495812000004662,0.2962224632501602,0.2984723150730133,test_pix_recon,-0.0022498518228530884
shapley-20260606T031900Z-def8be2e,baseline,A,21,21,1.5596551000016916,0.2960458248853683,0.297881469130516,test_pix_recon,-0.001835644245147705
shapley-20260606T031900Z-def8be2e,baseline,A,22,22,1.6209962000029918,0.2929265052080154,0.2962362468242645,test_pix_recon,-0.00330974161624914
shapley-20260606T031900Z-def8be2e,baseline,A,23,23,1.6815681000007316,0.2909282594919204,0.2937788963317871,test_pix_recon,-0.0028506368398666937
shapley-20260606T031900Z-def8be2e,baseline,A,24,24,1.7407081000019389,0.2916540056467056,0.2951706498861313,test_pix_recon,-0.003516644239425659
shapley-20260606T031900Z-def8be2e,baseline,A,25,25,1.8000547000010556,0.2904820144176483,0.2948937267065048,test_pix_recon,-0.004411712288856506
shapley-20260606T031900Z-def8be2e,baseline,A,26,26,1.860192800002551,0.2881654500961303,0.2927098423242569,test_pix_recon,-0.004544392228126581
shapley-20260606T031900Z-def8be2e,baseline,A,27,27,1.9219934000029752,0.2858481705188751,0.2895010709762573,test_pix_recon,-0.003652900457382202
shapley-20260606T031900Z-def8be2e,baseline,A,28,28,1.9846273000039216,0.2851213365793228,0.2877397537231445,test_pix_recon,-0.002618417143821661
shapley-20260606T031900Z-def8be2e,baseline,A,29,29,2.0446057000044675,0.2849734872579574,0.2875440716743469,test_pix_recon,-0.002570584416389521
shapley-20260606T031900Z-def8be2e,baseline,A,30,30,2.104257700004382,0.2831194847822189,0.2870838940143585,test_pix_recon,-0.003964409232139643
shapley-20260606T031900Z-def8be2e,baseline,A,31,31,2.1662179000049946,0.2824842482805252,0.2881995439529419,test_pix_recon,-0.005715295672416687
shapley-20260606T031900Z-def8be2e,baseline,A,32,32,2.2267418000046746,0.2835312336683273,0.2864460200071335,test_pix_recon,-0.002914786338806208
shapley-20260606T031900Z-def8be2e,baseline,A,33,33,2.287248800002999,0.2804959118366241,0.2837099283933639,test_pix_recon,-0.003214016556739807
shapley-20260606T031900Z-def8be2e,baseline,A,34,34,2.353312000002916,0.2803236842155456,0.2833509892225265,test_pix_recon,-0.003027305006980896
shapley-20260606T031900Z-def8be2e,baseline,A,35,35,2.4148189000006823,0.2806914150714874,0.2844947576522827,test_pix_recon,-0.003803342580795288
shapley-20260606T031900Z-def8be2e,baseline,A,36,36,2.477800799999386,0.2817408293485641,0.2845842987298965,test_pix_recon,-0.0028434693813323975
shapley-20260606T031900Z-def8be2e,baseline,A,37,37,2.5413496999972267,0.2865296900272369,0.2819219976663589,test_pix_recon,0.004607692360877991
shapley-20260606T031900Z-def8be2e,baseline,A,38,38,2.6074903000007907,0.2837419360876083,0.282964363694191,test_pix_recon,0.0007775723934173029
shapley-20260606T031900Z-def8be2e,baseline,A,39,39,2.670552799998404,0.2824672311544418,0.2821976840496063,test_pix_recon,0.00026954710483545474
shapley-20260606T031900Z-def8be2e,baseline,A,40,40,2.733876699996472,0.2801331728696823,0.2827332019805908,test_pix_recon,-0.0026000291109085083
shapley-20260606T031900Z-def8be2e,baseline,A,41,41,2.79640489999656,0.2808334082365036,0.2835100293159485,test_pix_recon,-0.0026766210794448853
shapley-20260606T031900Z-def8be2e,baseline,A,42,42,2.859872999997606,0.2813029587268829,0.2826220244169235,test_pix_recon,-0.0013190656900406439
shapley-20260606T031900Z-def8be2e,baseline,A,43,43,2.922198099997331,0.2820315808057785,0.2826296836137771,test_pix_recon,-0.0005981028079986017
shapley-20260606T031900Z-def8be2e,baseline,A,44,44,2.983909999999014,0.2802550941705704,0.2848338037729263,test_pix_recon,-0.0045787096023559015
shapley-20260606T031900Z-def8be2e,baseline,A,45,45,3.0467558999989706,0.2814627885818481,0.2846296727657318,test_pix_recon,-0.0031668841838837225
shapley-20260606T031900Z-def8be2e,baseline,A,46,46,3.114514400000189,0.2801231443881988,0.2833043932914734,test_pix_recon,-0.0031812489032745916
shapley-20260606T031900Z-def8be2e,baseline,A,47,47,3.174631399997452,0.286576434969902,0.2867286652326584,test_pix_recon,-0.00015223026275640317
shapley-20260606T031900Z-def8be2e,baseline,A,48,48,3.236825699998008,0.2836397439241409,0.2853232026100158,test_pix_recon,-0.001683458685874939
shapley-20260606T031900Z-def8be2e,baseline,A,49,49,3.302963099999033,0.2841284126043319,0.2823648154735565,test_pix_recon,0.0017635971307753961
shapley-20260606T031900Z-def8be2e,baseline,A,50,50,3.3647195999983524,0.2798766493797302,0.283294215798378,test_pix_recon,-0.003417566418647766
shapley-20260606T031900Z-def8be2e,baseline,A,51,51,3.423733899999206,0.2818712592124939,0.2816426157951355,test_pix_recon,0.00022864341735839844
shapley-20260606T031900Z-def8be2e,baseline,A,52,52,3.48527059999833,0.2790893614292145,0.283293679356575,test_pix_recon,-0.004204317927360535
shapley-20260606T031900Z-def8be2e,baseline,A,53,53,3.547239899999113,0.2805799543857574,0.2830524742603302,test_pix_recon,-0.0024725198745728094
shapley-20260606T031900Z-def8be2e,baseline,A,54,54,3.607051799997862,0.2848810404539108,0.280983030796051,test_pix_recon,0.0038980096578598022
shapley-20260606T031900Z-def8be2e,baseline,A,55,55,3.666853399998218,0.2797512412071228,0.2809394299983978,test_pix_recon,-0.0011881887912750244
shapley-20260606T031900Z-def8be2e,baseline,A,56,56,3.726811799999268,0.2815883308649063,0.2820173949003219,test_pix_recon,-0.0004290640354155939
shapley-20260606T031900Z-def8be2e,baseline,A,57,57,3.786182599997119,0.2809046506881714,0.2913141995668411,test_pix_recon,-0.010409548878669739
shapley-20260606T031900Z-def8be2e,baseline,A,58,58,3.847635199996148,0.2837605029344558,0.2892253249883652,test_pix_recon,-0.005464822053909357
shapley-20260606T031900Z-def8be2e,baseline,A,59,59,3.9084753999959503,0.284477099776268,0.2856296300888061,test_pix_recon,-0.0011525303125380915
shapley-20260606T031900Z-def8be2e,baseline,A,60,60,3.970365999997739,0.286677822470665,0.2835422307252884,test_pix_recon,0.003135591745376587
shapley-20260606T031900Z-def8be2e,baseline,A,61,61,4.03437169999961,0.2862511575222015,0.2832755446434021,test_pix_recon,0.002975612878799383
shapley-20260606T031900Z-def8be2e,baseline,A,62,62,4.099554499996884,0.2881275713443756,0.2825066149234772,test_pix_recon,0.0056209564208984375
shapley-20260606T031900Z-def8be2e,baseline,A,63,63,4.161841499997536,0.2901800274848938,0.2830986976623535,test_pix_recon,0.007081329822540283
shapley-20260606T031900Z-def8be2e,baseline,A,64,64,4.2258604999988165,0.2919543087482452,0.2865036129951477,test_pix_recon,0.005450695753097479
shapley-20260606T031900Z-def8be2e,baseline,A,65,65,4.290711099998589,0.2846538871526718,0.2831454426050186,test_pix_recon,0.0015084445476531982
shapley-20260606T031900Z-def8be2e,baseline,A,66,66,4.352311899998313,0.2896103709936142,0.2868556976318359,test_pix_recon,0.002754673361778315
shapley-20260606T031900Z-def8be2e,baseline,A,67,67,4.415380499998719,0.2884825617074966,0.2885567992925644,test_pix_recon,-7.423758506780453e-05
shapley-20260606T031900Z-def8be2e,baseline,A,68,68,4.475121599996783,0.2877077758312225,0.2889875322580337,test_pix_recon,-0.0012797564268112183
shapley-20260606T031900Z-def8be2e,baseline,A,69,69,4.535627999997814,0.2912531495094299,0.2842126041650772,test_pix_recon,0.007040545344352667
shapley-20260606T031900Z-def8be2e,baseline,A,70,70,4.600256699995953,0.2871716767549515,0.2866480946540832,test_pix_recon,0.0005235821008682806
shapley-20260606T031900Z-def8be2e,baseline,A,71,71,4.664171199994598,0.2849775999784469,0.2914949208498001,test_pix_recon,-0.006517320871353205
shapley-20260606T031900Z-def8be2e,baseline,A,72,72,4.725927599996794,0.290705531835556,0.2911379635334015,test_pix_recon,-0.0004324316978455145
shapley-20260606T031900Z-def8be2e,baseline,A,73,73,4.791031799995835,0.2899858355522156,0.2857344895601272,test_pix_recon,0.004251345992088373
shapley-20260606T031900Z-def8be2e,baseline,A,74,74,4.860296399994695,0.2878740727901459,0.2898353338241577,test_pix_recon,-0.001961261034011841
shapley-20260606T031900Z-def8be2e,baseline,A,75,75,4.920155299994804,0.2893331944942474,0.292703628540039,test_pix_recon,-0.003370434045791626
shapley-20260606T031900Z-def8be2e,baseline,A,76,76,4.98894599999403,0.288549855351448,0.2888246178627014,test_pix_recon,-0.00027476251125341244
shapley-20260606T031900Z-def8be2e,baseline,A,77,77,5.049712499992893,0.289250299334526,0.2896724194288254,test_pix_recon,-0.0004221200942993719
shapley-20260606T031900Z-def8be2e,baseline,A,78,78,5.11298779999197,0.2910978496074676,0.2927785515785217,test_pix_recon,-0.0016807019710540771
shapley-20260606T031900Z-def8be2e,baseline,A,79,79,5.178274299993063,0.2879575192928314,0.2909809798002243,test_pix_recon,-0.0030234605073928833
shapley-20260606T031900Z-def8be2e,baseline,A,80,80,5.2410669999917445,0.2912542223930359,0.2899774014949798,test_pix_recon,0.0012768208980560858
shapley-20260606T031900Z-def8be2e,baseline,A,81,81,5.308313899993664,0.2965843975543976,0.2913853824138641,test_pix_recon,0.005199015140533503
shapley-20260606T031900Z-def8be2e,baseline,A,82,82,5.367880799993145,0.2978606671094894,0.2929836064577102,test_pix_recon,0.004877060651779175
shapley-20260606T031900Z-def8be2e,baseline,A,83,83,5.430464199991548,0.2961253076791763,0.2902268022298813,test_pix_recon,0.0058985054492949884
shapley-20260606T031900Z-def8be2e,baseline,A,84,84,5.489611899993179,0.2953086942434311,0.2925100773572922,test_pix_recon,0.002798616886138916
shapley-20260606T031900Z-def8be2e,baseline,A,85,85,5.549133299995447,0.2965957820415497,0.2945905178785324,test_pix_recon,0.002005264163017273
shapley-20260606T031900Z-def8be2e,baseline,A,86,86,5.613097399993421,0.2920334339141845,0.2988208830356598,test_pix_recon,-0.006787449121475275
shapley-20260606T031900Z-def8be2e,baseline,A,87,87,5.674600799993641,0.2904901355504989,0.2987648248672485,test_pix_recon,-0.008274689316749573
shapley-20260606T031900Z-def8be2e,baseline,A,88,88,5.737123899994913,0.3023926615715027,0.3034444153308868,test_pix_recon,-0.0010517537593840998
shapley-20260606T031900Z-def8be2e,baseline,A,89,89,5.803199599995423,0.296668216586113,0.2999330312013626,test_pix_recon,-0.003264814615249634
shapley-20260606T031900Z-def8be2e,baseline,A,90,90,5.873772699993424,0.2954447567462921,0.3057212084531784,test_pix_recon,-0.010276451706886292
shapley-20260606T031900Z-def8be2e,baseline,A,91,91,5.939543399992544,0.2971446812152862,0.3000757098197937,test_pix_recon,-0.002931028604507502
shapley-20260606T031900Z-def8be2e,baseline,A,92,92,6.003104599989456,0.2951582670211792,0.3035401254892349,test_pix_recon,-0.008381858468055725
shapley-20260606T031900Z-def8be2e,baseline,A,93,93,6.067357399988396,0.2964877188205719,0.2999894022941589,test_pix_recon,-0.0035016834735869806
shapley-20260606T031900Z-def8be2e,baseline,A,94,94,6.133518299990101,0.2964288294315338,0.2968934625387192,test_pix_recon,-0.00046463310718536377
shapley-20260606T031900Z-def8be2e,baseline,A,95,95,6.200165099991864,0.3001784980297088,0.3070730119943619,test_pix_recon,-0.006894513964653071
shapley-20260606T031900Z-def8be2e,baseline,A,96,96,6.263529599989852,0.3004147857427597,0.3001213371753692,test_pix_recon,0.0002934485673904974
shapley-20260606T031900Z-def8be2e,baseline,A,97,97,6.3277561999893805,0.2996781915426254,0.2982887327671051,test_pix_recon,0.0013894587755203247
shapley-20260606T031900Z-def8be2e,baseline,A,98,98,6.393479199989088,0.2976619750261307,0.3014759719371795,test_pix_recon,-0.0038139969110488336
shapley-20260606T031900Z-def8be2e,baseline,A,99,99,6.456457399988722,0.303664818406105,0.298261433839798,test_pix_recon,0.005403384566307012
shapley-20260606T031900Z-def8be2e,baseline,A,100,100,6.519957099986641,0.3024191856384277,0.3017512261867523,test_pix_recon,0.0006679594516753595
shapley-20260606T031900Z-def8be2e,baseline,A,101,101,6.586060899986478,0.3004761338233948,0.3008565604686737,test_pix_recon,-0.00038042664527893066
shapley-20260606T031900Z-def8be2e,baseline,A,102,102,6.6515300999853935,0.3063454627990722,0.3045592010021209,test_pix_recon,0.001786261796951294
shapley-20260606T031900Z-def8be2e,baseline,A,103,103,6.713778799985448,0.3030893504619598,0.304150179028511,test_pix_recon,-0.0010608285665512085
shapley-20260606T031900Z-def8be2e,baseline,A,104,104,6.776596099985909,0.308548554778099,0.3121657520532608,test_pix_recon,-0.0036171972751617987
shapley-20260606T031900Z-def8be2e,baseline,A,105,105,6.84131729998262,0.3070405423641205,0.3064073324203491,test_pix_recon,0.0006332099437713623
shapley-20260606T031900Z-def8be2e,baseline,A,106,106,6.910914599982789,0.3095998913049698,0.3092344105243683,test_pix_recon,0.00036548078060150146
shapley-20260606T031900Z-def8be2e,baseline,A,107,107,6.980403599980491,0.3069005608558655,0.3076529651880264,test_pix_recon,-0.0007524043321608942
shapley-20260606T031900Z-def8be2e,baseline,A,108,108,7.047232899978553,0.3101788312196731,0.3093317747116089,test_pix_recon,0.0008470565080642145
shapley-20260606T031900Z-def8be2e,baseline,A,109,109,7.113878199979808,0.3088244348764419,0.3095793426036834,test_pix_recon,-0.0007549077272415161
shapley-20260606T031900Z-def8be2e,baseline,A,110,110,7.175896799981274,0.3095885813236236,0.3133971095085144,test_pix_recon,-0.0038085281848908026
shapley-20260606T031900Z-def8be2e,baseline,A,111,111,7.240537299981952,0.3124196976423263,0.3123509138822555,test_pix_recon,6.878376007080078e-05
shapley-20260606T031900Z-def8be2e,baseline,A,112,112,7.307493099982821,0.3125844001770019,0.3133909404277801,test_pix_recon,-0.0008065402507781982
shapley-20260606T031900Z-def8be2e,baseline,A,113,113,7.376768299982359,0.3084620535373688,0.3185600340366363,test_pix_recon,-0.010097980499267523
shapley-20260606T031900Z-def8be2e,baseline,A,114,114,7.440561099982005,0.3128219246864319,0.3149325847625732,test_pix_recon,-0.002110660076141302
shapley-20260606T031900Z-def8be2e,baseline,A,115,115,7.508674099983182,0.3165988028049469,0.3183081597089767,test_pix_recon,-0.0017093569040297907
shapley-20260606T031900Z-def8be2e,baseline,A,116,116,7.572118599982787,0.3167599588632583,0.3133181929588318,test_pix_recon,0.003441765904426519
shapley-20260606T031900Z-def8be2e,baseline,A,117,117,7.637865799984866,0.3183921575546264,0.3129435777664184,test_pix_recon,0.005448579788208008
shapley-20260606T031900Z-def8be2e,baseline,A,118,118,7.709035499985475,0.316519170999527,0.3221697509288788,test_pix_recon,-0.005650579929351807
shapley-20260606T031900Z-def8be2e,baseline,A,119,119,7.772899999989022,0.3195188194513321,0.3197327107191086,test_pix_recon,-0.00021389126777648926
shapley-20260606T031900Z-def8be2e,baseline,A,120,120,7.841550299988739,0.3207939267158508,0.3198420703411102,test_pix_recon,0.0009518563747406006
shapley-20260606T031900Z-def8be2e,baseline,A,121,121,7.907819799987919,0.3210566490888595,0.3247208744287491,test_pix_recon,-0.003664225339889582
shapley-20260606T031900Z-def8be2e,baseline,A,122,122,7.972857699987799,0.3262160867452621,0.3275416791439056,test_pix_recon,-0.0013255923986434937
shapley-20260606T031900Z-def8be2e,baseline,A,123,123,8.038955199986958,0.3265904188156128,0.328387439250946,test_pix_recon,-0.0017970204353331964
shapley-20260606T031900Z-def8be2e,baseline,A,124,124,8.110165599984612,0.324961394071579,0.3296074420213699,test_pix_recon,-0.004646047949790899
shapley-20260606T031900Z-def8be2e,baseline,A,125,125,8.178471899984288,0.3244937658309936,0.3262247443199157,test_pix_recon,-0.0017309784889221191
shapley-20260606T031900Z-def8be2e,baseline,A,126,126,8.242897199983418,0.326616957783699,0.3327632695436477,test_pix_recon,-0.0061463117599487305
shapley-20260606T031900Z-def8be2e,baseline,A,127,127,8.308714299986605,0.3217933923006058,0.3279011994600296,test_pix_recon,-0.006107807159423828
shapley-20260606T031900Z-def8be2e,baseline,A,128,128,8.37323399998786,0.3258930891752243,0.3345723152160644,test_pix_recon,-0.008679226040840093
shapley-20260606T031900Z-def8be2e,baseline,A,129,129,8.437572499988164,0.3238415271043777,0.3270816951990127,test_pix_recon,-0.0032401680946350098
shapley-20260606T031900Z-def8be2e,baseline,A,130,130,8.505628699989757,0.3269926160573959,0.3343485444784164,test_pix_recon,-0.007355928421020508
shapley-20260606T031900Z-def8be2e,baseline,A,131,131,8.57023159999153,0.3209746181964874,0.3269559741020202,test_pix_recon,-0.005981355905532781
shapley-20260606T031900Z-def8be2e,baseline,A,132,132,8.638370599990594,0.3217342495918274,0.3227955251932144,test_pix_recon,-0.001061275601387024
shapley-20260606T031900Z-def8be2e,baseline,A,133,133,8.701648099991871,0.3192911595106125,0.3257276713848114,test_pix_recon,-0.006436511874198914
shapley-20260606T031900Z-def8be2e,baseline,A,134,134,8.768212599992694,0.3221770823001861,0.3222933560609817,test_pix_recon,-0.00011627376079559326
shapley-20260606T031900Z-def8be2e,baseline,A,135,135,8.831026599993493,0.3222170174121856,0.3234101086854934,test_pix_recon,-0.0011930912733078003
shapley-20260606T031900Z-def8be2e,baseline,A,136,136,8.895310499992775,0.3198568224906921,0.3250623494386673,test_pix_recon,-0.005205526947975214
shapley-20260606T031900Z-def8be2e,baseline,A,137,137,8.96136249999472,0.3200778812170028,0.3247170001268387,test_pix_recon,-0.004639118909835871
shapley-20260606T031900Z-def8be2e,baseline,A,138,138,9.0318917999939,0.3202396780252456,0.3231311738491058,test_pix_recon,-0.0028914958238601685
shapley-20260606T031900Z-def8be2e,baseline,A,139,139,9.12408489999143,0.3197286427021026,0.3211567550897598,test_pix_recon,-0.001428112387657221
shapley-20260606T031900Z-def8be2e,baseline,A,140,140,9.214618999991217,0.3206991106271744,0.3221860378980636,test_pix_recon,-0.0014869272708892267
shapley-20260606T031900Z-def8be2e,baseline,A,141,141,9.30432679999285,0.320244163274765,0.3240512609481811,test_pix_recon,-0.003807097673416082
shapley-20260606T031900Z-def8be2e,baseline,A,142,142,9.387605799991434,0.3191682249307632,0.3220016211271286,test_pix_recon,-0.002833396196365412
shapley-20260606T031900Z-def8be2e,baseline,A,143,143,9.457668399991237,0.321373775601387,0.32017582654953,test_pix_recon,0.0011979490518570501
shapley-20260606T031900Z-def8be2e,baseline,A,144,144,9.522375099993951,0.3196620941162109,0.3181307911872864,test_pix_recon,0.001531302928924505
shapley-20260606T031900Z-def8be2e,baseline,A,145,145,9.589366799995332,0.3204256743192673,0.3184567242860794,test_pix_recon,0.001968950033187866
shapley-20260606T031900Z-def8be2e,baseline,A,146,146,9.65394319999541,0.3173251301050186,0.3199199736118316,test_pix_recon,-0.002594843506812994
shapley-20260606T031900Z-def8be2e,baseline,A,147,147,9.718368699996065,0.3227209001779556,0.3218183070421219,test_pix_recon,0.0009025931358337402
shapley-20260606T031900Z-def8be2e,baseline,A,148,148,9.783946099996683,0.3206399083137512,0.3223517686128616,test_pix_recon,-0.001711860299110357
shapley-20260606T031900Z-def8be2e,baseline,A,149,149,9.848404699998357,0.3207518458366394,0.3197328001260757,test_pix_recon,0.0010190457105637152
shapley-20260606T031900Z-def8be2e,baseline,A,150,150,9.913718299998436,0.3198969662189483,0.3185921162366867,test_pix_recon,0.0013048499822616022
shapley-20260606T031900Z-def8be2e,baseline,A,151,151,9.977541899999778,0.3186164647340774,0.3190014511346817,test_pix_recon,-0.00038498640060430356
shapley-20260606T031900Z-def8be2e,baseline,A,152,152,10.04036669999914,0.3201770633459091,0.3198276907205581,test_pix_recon,0.00034937262535100766
shapley-20260606T031900Z-def8be2e,baseline,A,153,153,10.104234700000234,0.3186566829681396,0.320202112197876,test_pix_recon,-0.0015454292297363836
shapley-20260606T031900Z-def8be2e,baseline,A,154,154,10.173177600001509,0.3176870197057724,0.3197825700044632,test_pix_recon,-0.002095550298690796
shapley-20260606T031900Z-def8be2e,baseline,A,155,155,10.242476700001134,0.3195250630378723,0.319438025355339,test_pix_recon,8.703768253331967e-05
shapley-20260606T031900Z-def8be2e,baseline,A,156,156,10.315295799999149,0.3195600509643554,0.3196936100721359,test_pix_recon,-0.00013355910778051205
shapley-20260606T031900Z-def8be2e,baseline,A,157,157,10.37865729999976,0.3213168233633041,0.3205616474151611,test_pix_recon,0.0007551759481430054
shapley-20260606T031900Z-def8be2e,baseline,A,158,158,10.444791999998415,0.3183837831020355,0.3196831792593002,test_pix_recon,-0.001299396157264654
shapley-20260606T031900Z-def8be2e,baseline,A,159,159,10.507498799997848,0.3174716979265213,0.3178878575563431,test_pix_recon,-0.00041615962982177734
shapley-20260606T031900Z-def8be2e,baseline,A,160,160,10.570777799995994,0.3202936202287674,0.3184370994567871,test_pix_recon,0.0018565207719802856
shapley-20260606T031900Z-def8be2e,baseline,A,161,161,10.637656399998376,0.3189366608858108,0.3183862119913101,test_pix_recon,0.0005504488945006769
shapley-20260606T031900Z-def8be2e,baseline,A,162,162,10.701193499997316,0.3173069655895233,0.3173917829990387,test_pix_recon,-8.481740951538086e-05
shapley-20260606T031900Z-def8be2e,baseline,A,163,163,10.763730599996052,0.3179803937673569,0.317419946193695,test_pix_recon,0.0005604475736618597
shapley-20260606T031900Z-def8be2e,baseline,A,164,164,10.826409699995564,0.3179161250591278,0.3178542405366897,test_pix_recon,6.188452243810483e-05
shapley-20260606T031900Z-def8be2e,baseline,A,165,165,10.89265319999322,0.3173190653324127,0.3183655440807342,test_pix_recon,-0.0010464787483214777
shapley-20260606T031900Z-def8be2e,baseline,A,166,166,10.95601789999273,0.3158945590257644,0.3193229883909225,test_pix_recon,-0.003428429365158081
shapley-20260606T031900Z-def8be2e,baseline,A,167,167,11.018021599993515,0.3158404678106308,0.3191899210214615,test_pix_recon,-0.0033494532108306885
shapley-20260606T031900Z-def8be2e,baseline,A,168,168,11.084688199993252,0.31627157330513,0.3197085261344909,test_pix_recon,-0.0034369528293609064
shapley-20260606T031900Z-def8be2e,baseline,A,169,169,11.152400899991337,0.3163470178842544,0.3190184235572815,test_pix_recon,-0.002671405673027094
shapley-20260606T031900Z-def8be2e,baseline,A,170,170,11.21549509999386,0.3171130418777466,0.3190211057662964,test_pix_recon,-0.0019080638885498047
shapley-20260606T031900Z-def8be2e,baseline,A,171,171,11.27963639999507,0.3168850690126419,0.319717526435852,test_pix_recon,-0.0028324574232100885
shapley-20260606T031900Z-def8be2e,baseline,A,172,172,11.346581899997544,0.3166534900665283,0.3195210248231888,test_pix_recon,-0.0028675347566604614
shapley-20260606T031900Z-def8be2e,baseline,A,173,173,11.41808729999684,0.3160433322191238,0.3184030055999756,test_pix_recon,-0.002359673380851801
shapley-20260606T031900Z-def8be2e,baseline,A,174,174,11.48464359999707,0.3158712387084961,0.31771981716156,test_pix_recon,-0.0018485784530639093
shapley-20260606T031900Z-def8be2e,baseline,A,175,175,11.5516419999949,0.3155975341796875,0.3178663998842239,test_pix_recon,-0.0022688657045363825
shapley-20260606T031900Z-def8be2e,baseline,A,176,176,11.61834789999557,0.3156863152980804,0.3181311935186386,test_pix_recon,-0.002444878220558222
shapley-20260606T031900Z-def8be2e,baseline,A,177,177,11.683115299994824,0.3157490193843841,0.3181648999452591,test_pix_recon,-0.0024158805608749945
shapley-20260606T031900Z-def8be2e,baseline,A,178,178,11.75338909999482,0.3156776875257492,0.3181305080652237,test_pix_recon,-0.0024528205394744873
shapley-20260606T031900Z-def8be2e,baseline,A,179,179,11.82441089999702,0.31612329185009,0.3181918710470199,test_pix_recon,-0.002068579196929876
shapley-20260606T031900Z-def8be2e,baseline,A,180,180,11.897732099994755,0.3163270205259323,0.318265751004219,test_pix_recon,-0.0019387304782866877
shapley-20260606T031900Z-def8be2e,baseline,A,181,181,11.966081199992914,0.3165727704763412,0.3181812167167663,test_pix_recon,-0.0016084462404251099
shapley-20260606T031900Z-def8be2e,baseline,A,182,182,12.03322209999169,0.3160167038440704,0.3181415200233459,test_pix_recon,-0.0021248161792755127
shapley-20260606T031900Z-def8be2e,baseline,A,183,183,12.099131999992096,0.3152911365032196,0.3183850347995758,test_pix_recon,-0.003093898296356201
shapley-20260606T031900Z-def8be2e,baseline,A,184,184,12.167094599994016,0.3155031651258468,0.3182808607816696,test_pix_recon,-0.0027776956558228094
shapley-20260606T031900Z-def8be2e,baseline,A,185,185,12.232348199991977,0.3159004747867584,0.3179460614919662,test_pix_recon,-0.002045586705207769
shapley-20260606T031900Z-def8be2e,baseline,A,186,186,12.299015199991118,0.3157498389482498,0.317907378077507,test_pix_recon,-0.002157539129257202
shapley-20260606T031900Z-def8be2e,baseline,A,187,187,12.362384699990798,0.3155631124973297,0.3179958611726761,test_pix_recon,-0.0024327486753463745
shapley-20260606T031900Z-def8be2e,baseline,A,188,188,12.42972249999002,0.3153371959924698,0.3182452321052551,test_pix_recon,-0.0029080361127853394
shapley-20260606T031900Z-def8be2e,baseline,A,189,189,12.49836329999016,0.315439686179161,0.3183533549308777,test_pix_recon,-0.0029136687517166693
shapley-20260606T031900Z-def8be2e,baseline,A,190,190,12.565995299988572,0.315804660320282,0.3184743076562881,test_pix_recon,-0.002669647336006109
shapley-20260606T031900Z-def8be2e,baseline,A,191,191,12.635659399988072,0.3158015161752701,0.3184703588485718,test_pix_recon,-0.0026688426733016968
shapley-20260606T031900Z-def8be2e,baseline,A,192,192,12.698912899984862,0.3156801760196686,0.318371370434761,test_pix_recon,-0.0026911944150924128
shapley-20260606T031900Z-def8be2e,baseline,A,193,193,12.764678099985758,0.3155480325222015,0.3182566612958908,test_pix_recon,-0.0027086287736893255
shapley-20260606T031900Z-def8be2e,baseline,A,194,194,12.833668699986449,0.3153818845748901,0.3182165920734405,test_pix_recon,-0.002834707498550415
shapley-20260606T031900Z-def8be2e,baseline,A,195,195,12.8988685999866,0.3150414675474167,0.3182394057512283,test_pix_recon,-0.00319793820381159
shapley-20260606T031900Z-def8be2e,baseline,A,196,196,12.96429169998737,0.3148988485336303,0.318198949098587,test_pix_recon,-0.003300100564956665
shapley-20260606T031900Z-def8be2e,baseline,A,197,197,13.03401199998916,0.3150840401649475,0.3180945068597793,test_pix_recon,-0.0030104666948317926
shapley-20260606T031900Z-def8be2e,baseline,A,198,198,13.099838499987529,0.3152112811803818,0.3180324286222458,test_pix_recon,-0.0028211474418640137
shapley-20260606T031900Z-def8be2e,baseline,A,199,199,13.16699049998715,0.3152559697628021,0.3179961442947387,test_pix_recon,-0.00274017453193659
shapley-20260606T031924Z-4c117d56,marginal,A,0,0,0.2496620999991137,0.8584664165973663,0.8603262603282928,test_pix_recon,-0.0018598437309265137
shapley-20260606T031924Z-4c117d56,marginal,A,1,1,0.3137051999983669,0.6530340015888214,0.6509128510951996,test_pix_recon,0.002121150493621826
shapley-20260606T031924Z-4c117d56,marginal,A,2,2,0.37492199999906,0.5657498836517334,0.573513925075531,test_pix_recon,-0.007764041423797607
shapley-20260606T031924Z-4c117d56,marginal,A,3,3,0.4341334999990067,0.5096907019615173,0.5208356976509094,test_pix_recon,-0.01114499568939209
shapley-20260606T031924Z-4c117d56,marginal,A,4,4,0.4949003000001539,0.4698760956525802,0.4836764335632324,test_pix_recon,-0.013800337910652216
shapley-20260606T031924Z-4c117d56,marginal,A,5,5,0.5579986999982793,0.4380611628293991,0.4470560550689697,test_pix_recon,-0.008994892239570618
shapley-20260606T031924Z-4c117d56,marginal,A,6,6,0.6179659999979776,0.4108707308769226,0.4165917932987213,test_pix_recon,-0.005721062421798706
shapley-20260606T031924Z-4c117d56,marginal,A,7,7,0.6793092999978398,0.3895727097988128,0.3933616727590561,test_pix_recon,-0.0037889629602432806
shapley-20260606T031924Z-4c117d56,marginal,A,8,8,0.7414350999970338,0.3720856755971908,0.3724690824747085,test_pix_recon,-0.0003834068775177002
shapley-20260606T031924Z-4c117d56,marginal,A,9,9,0.8009162999951513,0.3569304794073105,0.3578011393547058,test_pix_recon,-0.0008706599473953247
shapley-20260606T031924Z-4c117d56,marginal,A,10,10,0.865132499995525,0.3456457257270813,0.3449959903955459,test_pix_recon,0.0006497353315353949
shapley-20260606T031924Z-4c117d56,marginal,A,11,11,0.929662799993821,0.3394550085067749,0.3377645015716553,test_pix_recon,0.001690506935119629
shapley-20260606T031924Z-4c117d56,marginal,A,12,12,0.9983511999926122,0.3374424427747726,0.3339386284351349,test_pix_recon,0.003503814339637701
shapley-20260606T031924Z-4c117d56,marginal,A,13,13,1.064095299992914,0.3313490748405456,0.3267373889684677,test_pix_recon,0.004611685872077886
shapley-20260606T031924Z-4c117d56,marginal,A,14,14,1.1261827999951493,0.3231956213712692,0.3205851763486862,test_pix_recon,0.002610445022583008
shapley-20260606T031924Z-4c117d56,marginal,A,15,15,1.185801799994806,0.3170937150716781,0.313757836818695,test_pix_recon,0.0033358782529830933
shapley-20260606T031924Z-4c117d56,marginal,A,16,16,1.2505983999944874,0.3142222911119461,0.3130700439214706,test_pix_recon,0.0011522471904755194
shapley-20260606T031924Z-4c117d56,marginal,A,17,17,1.3170961999967403,0.3101281672716141,0.3090047389268875,test_pix_recon,0.0011234283447265625
shapley-20260606T031924Z-4c117d56,marginal,A,18,18,1.381782899996324,0.3069128394126892,0.3042033910751343,test_pix_recon,0.0027094483375549316
shapley-20260606T031924Z-4c117d56,marginal,A,19,19,1.441686899997876,0.3018160313367843,0.2996628284454345,test_pix_recon,0.0021532028913497925
shapley-20260606T031924Z-4c117d56,marginal,A,20,20,1.5021549999983108,0.3007761090993881,0.2984723150730133,test_pix_recon,0.002303794026374817
shapley-20260606T031924Z-4c117d56,marginal,A,21,21,1.567399599996861,0.3003216981887817,0.297881469130516,test_pix_recon,0.002440229058265686
shapley-20260606T031924Z-4c117d56,marginal,A,22,22,1.6284605999971973,0.2970084995031357,0.2962362468242645,test_pix_recon,0.0007722526788711548
shapley-20260606T031924Z-4c117d56,marginal,A,23,23,1.6913506999990204,0.2947990000247955,0.2937788963317871,test_pix_recon,0.0010201036930083673
shapley-20260606T031924Z-4c117d56,marginal,A,24,24,1.753277199997683,0.2953468114137649,0.2951706498861313,test_pix_recon,0.00017616152763361148
shapley-20260606T031924Z-4c117d56,marginal,A,25,25,1.8170315999959712,0.2934393882751465,0.2948937267065048,test_pix_recon,-0.0014543384313583374
shapley-20260606T031924Z-4c117d56,marginal,A,26,26,1.8825487999965844,0.2919656336307525,0.2927098423242569,test_pix_recon,-0.000744208693504389
shapley-20260606T031924Z-4c117d56,marginal,A,27,27,1.947304899997107,0.2928571850061416,0.2895010709762573,test_pix_recon,0.003356114029884283
shapley-20260606T031924Z-4c117d56,marginal,A,28,28,2.0096969999940484,0.2898227870464325,0.2877397537231445,test_pix_recon,0.0020830333232880194
shapley-20260606T031924Z-4c117d56,marginal,A,29,29,2.074779499995202,0.2882072925567627,0.2875440716743469,test_pix_recon,0.0006632208824157715
shapley-20260606T031924Z-4c117d56,marginal,A,30,30,2.13954009999361,0.2886597365140915,0.2870838940143585,test_pix_recon,0.0015758424997329712
shapley-20260606T031924Z-4c117d56,marginal,A,31,31,2.201129299992317,0.2885139286518097,0.2881995439529419,test_pix_recon,0.00031438469886779785
shapley-20260606T031924Z-4c117d56,marginal,A,32,32,2.262911099995108,0.2872433960437774,0.2864460200071335,test_pix_recon,0.0007973760366439264
shapley-20260606T031924Z-4c117d56,marginal,A,33,33,2.3315796999959275,0.2884962558746338,0.2837099283933639,test_pix_recon,0.004786327481269892
shapley-20260606T031924Z-4c117d56,marginal,A,34,34,2.3970524999967893,0.2850086838006973,0.2833509892225265,test_pix_recon,0.0016576945781708319
shapley-20260606T031924Z-4c117d56,marginal,A,35,35,2.459753099996305,0.2840808033943176,0.2844947576522827,test_pix_recon,-0.0004139542579650879
shapley-20260606T031924Z-4c117d56,marginal,A,36,36,2.522186799997144,0.2831834405660629,0.2845842987298965,test_pix_recon,-0.0014008581638335627
shapley-20260606T031924Z-4c117d56,marginal,A,37,37,2.5849232000000484,0.2832405716180801,0.2819219976663589,test_pix_recon,0.0013185739517211914
shapley-20260606T031924Z-4c117d56,marginal,A,38,38,2.649020600001677,0.2844612151384353,0.282964363694191,test_pix_recon,0.0014968514442443293
shapley-20260606T031924Z-4c117d56,marginal,A,39,39,2.707981800002017,0.2851031422615051,0.2821976840496063,test_pix_recon,0.0029054582118988037
shapley-20260606T031924Z-4c117d56,marginal,A,40,40,2.767238800002815,0.2812006622552871,0.2827332019805908,test_pix_recon,-0.0015325397253037054
shapley-20260606T031924Z-4c117d56,marginal,A,41,41,2.8310669000020425,0.2825511544942856,0.2835100293159485,test_pix_recon,-0.0009588748216629028
shapley-20260606T031924Z-4c117d56,marginal,A,42,42,2.893908599999122,0.2832456529140472,0.2826220244169235,test_pix_recon,0.0006236284971236628
shapley-20260606T031924Z-4c117d56,marginal,A,43,43,2.9559473999979677,0.2831857055425644,0.2826296836137771,test_pix_recon,0.000556021928787287
shapley-20260606T031924Z-4c117d56,marginal,A,44,44,3.0162872999972024,0.2854781150817871,0.2848338037729263,test_pix_recon,0.0006443113088608343
shapley-20260606T031924Z-4c117d56,marginal,A,45,45,3.081127599998581,0.2873255014419555,0.2846296727657318,test_pix_recon,0.0026958286762236994
shapley-20260606T031924Z-4c117d56,marginal,A,46,46,3.1488083000003826,0.284659281373024,0.2833043932914734,test_pix_recon,0.0013548880815505981
shapley-20260606T031924Z-4c117d56,marginal,A,47,47,3.2104971000007936,0.2836743742227554,0.2867286652326584,test_pix_recon,-0.0030542910099030096
shapley-20260606T031924Z-4c117d56,marginal,A,48,48,3.271172700002353,0.2824853807687759,0.2853232026100158,test_pix_recon,-0.002837821841239929
shapley-20260606T031924Z-4c117d56,marginal,A,49,49,3.330961400002707,0.2857882082462311,0.2823648154735565,test_pix_recon,0.0034233927726745605
shapley-20260606T031924Z-4c117d56,marginal,A,50,50,3.3926420000025246,0.2842847108840942,0.283294215798378,test_pix_recon,0.000990495085716192
shapley-20260606T031924Z-4c117d56,marginal,A,51,51,3.4544593000027817,0.281211793422699,0.2816426157951355,test_pix_recon,-0.00043082237243652344
shapley-20260606T031924Z-4c117d56,marginal,A,52,52,3.5192785000035656,0.2834942042827606,0.283293679356575,test_pix_recon,0.0002005249261856079
shapley-20260606T031924Z-4c117d56,marginal,A,53,53,3.580202500001178,0.2849012464284897,0.2830524742603302,test_pix_recon,0.0018487721681594849
shapley-20260606T031924Z-4c117d56,marginal,A,54,54,3.6463278000010177,0.282570943236351,0.280983030796051,test_pix_recon,0.0015879124402999878
shapley-20260606T031924Z-4c117d56,marginal,A,55,55,3.712606299999607,0.2830807268619537,0.2809394299983978,test_pix_recon,0.0021412968635558527
shapley-20260606T031924Z-4c117d56,marginal,A,56,56,3.774066800000583,0.2873011976480484,0.2820173949003219,test_pix_recon,0.005283802747726496
shapley-20260606T031924Z-4c117d56,marginal,A,57,57,3.834384400001,0.2853110432624817,0.2913141995668411,test_pix_recon,-0.006003156304359436
shapley-20260606T031924Z-4c117d56,marginal,A,58,58,3.894011299998965,0.2833499759435653,0.2892253249883652,test_pix_recon,-0.00587534904479986
shapley-20260606T031924Z-4c117d56,marginal,A,59,59,3.95388180000009,0.287100687623024,0.2856296300888061,test_pix_recon,0.00147105753421789
shapley-20260606T031924Z-4c117d56,marginal,A,60,60,4.0171609000026365,0.2853184640407562,0.2835422307252884,test_pix_recon,0.0017762333154678345
shapley-20260606T031924Z-4c117d56,marginal,A,61,61,4.07649610000226,0.2863861173391342,0.2832755446434021,test_pix_recon,0.0031105726957321167
shapley-20260606T031924Z-4c117d56,marginal,A,62,62,4.136128800004371,0.2860428839921951,0.2825066149234772,test_pix_recon,0.003536269068717901
shapley-20260606T031924Z-4c117d56,marginal,A,63,63,4.195139300005394,0.2872205227613449,0.2830986976623535,test_pix_recon,0.004121825098991394
shapley-20260606T031924Z-4c117d56,marginal,A,64,64,4.257122900005925,0.2871859520673752,0.2865036129951477,test_pix_recon,0.000682339072227478
shapley-20260606T031924Z-4c117d56,marginal,A,65,65,4.318199700006517,0.2899883538484573,0.2831454426050186,test_pix_recon,0.006842911243438665
shapley-20260606T031924Z-4c117d56,marginal,A,66,66,4.379120000005059,0.2940014451742172,0.2868556976318359,test_pix_recon,0.007145747542381342
shapley-20260606T031924Z-4c117d56,marginal,A,67,67,4.438004900002852,0.290597528219223,0.2885567992925644,test_pix_recon,0.0020407289266586304
shapley-20260606T031924Z-4c117d56,marginal,A,68,68,4.502589400002762,0.2929543256759643,0.2889875322580337,test_pix_recon,0.003966793417930603
shapley-20260606T031924Z-4c117d56,marginal,A,69,69,4.56506370000352,0.2888742536306381,0.2842126041650772,test_pix_recon,0.004661649465560913
shapley-20260606T031924Z-4c117d56,marginal,A,70,70,4.625500300004205,0.2863682806491852,0.2866480946540832,test_pix_recon,-0.0002798140048980158
shapley-20260606T031924Z-4c117d56,marginal,A,71,71,4.686086100005923,0.2901218235492706,0.2914949208498001,test_pix_recon,-0.0013730973005295355
shapley-20260606T031924Z-4c117d56,marginal,A,72,72,4.747210300003644,0.2897596359252929,0.2911379635334015,test_pix_recon,-0.001378327608108576
shapley-20260606T031924Z-4c117d56,marginal,A,73,73,4.811490500003856,0.2894759178161621,0.2857344895601272,test_pix_recon,0.0037414282560349066
shapley-20260606T031924Z-4c117d56,marginal,A,74,74,4.871614700001373,0.2912999540567398,0.2898353338241577,test_pix_recon,0.0014646202325820923
shapley-20260606T031924Z-4c117d56,marginal,A,75,75,4.935407300003135,0.2884552627801895,0.292703628540039,test_pix_recon,-0.004248365759849493
shapley-20260606T031924Z-4c117d56,marginal,A,76,76,4.994747500004451,0.2899419069290161,0.2888246178627014,test_pix_recon,0.0011172890663146973
shapley-20260606T031924Z-4c117d56,marginal,A,77,77,5.053642400005629,0.2935059517621994,0.2896724194288254,test_pix_recon,0.0038335323333740234
shapley-20260606T031924Z-4c117d56,marginal,A,78,78,5.119040400008089,0.2904841899871826,0.2927785515785217,test_pix_recon,-0.002294361591339056
shapley-20260606T031924Z-4c117d56,marginal,A,79,79,5.17963590000727,0.2924001216888428,0.2909809798002243,test_pix_recon,0.0014191418886184692
shapley-20260606T031924Z-4c117d56,marginal,A,80,80,5.240332000004855,0.2915489226579666,0.2899774014949798,test_pix_recon,0.0015715211629868109
shapley-20260606T031924Z-4c117d56,marginal,A,81,81,5.302443000004132,0.2927420139312744,0.2913853824138641,test_pix_recon,0.0013566315174103338
shapley-20260606T031924Z-4c117d56,marginal,A,82,82,5.367660100004287,0.2917023301124573,0.2929836064577102,test_pix_recon,-0.0012812763452529352
shapley-20260606T031924Z-4c117d56,marginal,A,83,83,5.430080200003431,0.2962934225797653,0.2902268022298813,test_pix_recon,0.006066620349884033
shapley-20260606T031924Z-4c117d56,marginal,A,84,84,5.490278500004933,0.2949749082326889,0.2925100773572922,test_pix_recon,0.0024648308753967285
shapley-20260606T031924Z-4c117d56,marginal,A,85,85,5.552588800004742,0.2985809594392776,0.2945905178785324,test_pix_recon,0.003990441560745184
shapley-20260606T031924Z-4c117d56,marginal,A,86,86,5.618121700004849,0.2970037758350372,0.2988208830356598,test_pix_recon,-0.001817107200622614
shapley-20260606T031924Z-4c117d56,marginal,A,87,87,5.681032000004052,0.2923064827919006,0.2987648248672485,test_pix_recon,-0.0064583420753479
shapley-20260606T031924Z-4c117d56,marginal,A,88,88,5.744150300004549,0.2974421679973602,0.3034444153308868,test_pix_recon,-0.006002247333526611
shapley-20260606T031924Z-4c117d56,marginal,A,89,89,5.805583500005014,0.2952642142772674,0.2999330312013626,test_pix_recon,-0.004668816924095209
shapley-20260606T031924Z-4c117d56,marginal,A,90,90,5.875673900005495,0.2968030571937561,0.3057212084531784,test_pix_recon,-0.008918151259422302
shapley-20260606T031924Z-4c117d56,marginal,A,91,91,5.943847600006848,0.2972489595413208,0.3000757098197937,test_pix_recon,-0.0028267502784729004
shapley-20260606T031924Z-4c117d56,marginal,A,92,92,6.012917500007461,0.298494279384613,0.3035401254892349,test_pix_recon,-0.005045846104621943
shapley-20260606T031924Z-4c117d56,marginal,A,93,93,6.079154000006383,0.3010992258787155,0.2999894022941589,test_pix_recon,0.001109823584556635
shapley-20260606T031924Z-4c117d56,marginal,A,94,94,6.142171400006191,0.3001109212636947,0.2968934625387192,test_pix_recon,0.0032174587249755304
shapley-20260606T031924Z-4c117d56,marginal,A,95,95,6.206550800005061,0.3033971637487411,0.3070730119943619,test_pix_recon,-0.003675848245620783
shapley-20260606T031924Z-4c117d56,marginal,A,96,96,6.272964400006458,0.3069497644901275,0.3001213371753692,test_pix_recon,0.006828427314758301
shapley-20260606T031924Z-4c117d56,marginal,A,97,97,6.336728600006609,0.3024093210697174,0.2982887327671051,test_pix_recon,0.004120588302612305
shapley-20260606T031924Z-4c117d56,marginal,A,98,98,6.402122400006192,0.3029557466506958,0.3014759719371795,test_pix_recon,0.0014797747135162909
shapley-20260606T031924Z-4c117d56,marginal,A,99,99,6.467129900007421,0.3028668463230133,0.298261433839798,test_pix_recon,0.004605412483215332
shapley-20260606T031924Z-4c117d56,marginal,A,100,100,6.535145300007571,0.3086777329444885,0.3017512261867523,test_pix_recon,0.006926506757736206
shapley-20260606T031924Z-4c117d56,marginal,A,101,101,6.599432100007107,0.305992916226387,0.3008565604686737,test_pix_recon,0.005136355757713318
shapley-20260606T031924Z-4c117d56,marginal,A,102,102,6.666907600007107,0.3082644790410995,0.3045592010021209,test_pix_recon,0.0037052780389785767
shapley-20260606T031924Z-4c117d56,marginal,A,103,103,6.733787200006191,0.3075622022151947,0.304150179028511,test_pix_recon,0.0034120231866837103
shapley-20260606T031924Z-4c117d56,marginal,A,104,104,6.7995022000031895,0.304202064871788,0.3121657520532608,test_pix_recon,-0.007963687181472778
shapley-20260606T031924Z-4c117d56,marginal,A,105,105,6.863170300002821,0.3114611506462097,0.3064073324203491,test_pix_recon,0.005053818225860596
shapley-20260606T031924Z-4c117d56,marginal,A,106,106,6.926783800001431,0.3090406805276871,0.3092344105243683,test_pix_recon,-0.00019372999668121338
shapley-20260606T031924Z-4c117d56,marginal,A,107,107,6.993533300003037,0.3076086640357971,0.3076529651880264,test_pix_recon,-4.430115222925357e-05
shapley-20260606T031924Z-4c117d56,marginal,A,108,108,7.057307800005219,0.3148973882198334,0.3093317747116089,test_pix_recon,0.005565613508224487
shapley-20260606T031924Z-4c117d56,marginal,A,109,109,7.120321000005788,0.3098199814558029,0.3095793426036834,test_pix_recon,0.0002406388521195013
shapley-20260606T031924Z-4c117d56,marginal,A,110,110,7.194753400006448,0.3112283647060394,0.3133971095085144,test_pix_recon,-0.002168744802475031
shapley-20260606T031924Z-4c117d56,marginal,A,111,111,7.266020000006392,0.320127323269844,0.3123509138822555,test_pix_recon,0.007776409387588501
shapley-20260606T031924Z-4c117d56,marginal,A,112,112,7.33705610000834,0.3183215260505676,0.3133909404277801,test_pix_recon,0.004930585622787531
shapley-20260606T031924Z-4c117d56,marginal,A,113,113,7.414842900008807,0.3136048763990402,0.3185600340366363,test_pix_recon,-0.004955157637596075
shapley-20260606T031924Z-4c117d56,marginal,A,114,114,7.495033300008799,0.316034272313118,0.3149325847625732,test_pix_recon,0.0011016875505447943
shapley-20260606T031924Z-4c117d56,marginal,A,115,115,7.560068600010709,0.3160011619329452,0.3183081597089767,test_pix_recon,-0.002306997776031494
shapley-20260606T031924Z-4c117d56,marginal,A,116,116,7.625720500011084,0.3146222829818725,0.3133181929588318,test_pix_recon,0.001304090023040716
shapley-20260606T031924Z-4c117d56,marginal,A,117,117,7.689828700011276,0.3177495151758194,0.3129435777664184,test_pix_recon,0.0048059374094009955
shapley-20260606T031924Z-4c117d56,marginal,A,118,118,7.759869900011836,0.3214786946773529,0.3221697509288788,test_pix_recon,-0.0006910562515258789
shapley-20260606T031924Z-4c117d56,marginal,A,119,119,7.830099400012841,0.3227185010910034,0.3197327107191086,test_pix_recon,0.0029857903718948364
shapley-20260606T031924Z-4c117d56,marginal,A,120,120,7.905601400012529,0.3227662891149521,0.3198420703411102,test_pix_recon,0.0029242187738419134
shapley-20260606T031924Z-4c117d56,marginal,A,121,121,7.972212800013949,0.3215876221656799,0.3247208744287491,test_pix_recon,-0.0031332522630692083
shapley-20260606T031924Z-4c117d56,marginal,A,122,122,8.03977490001489,0.3258263170719147,0.3275416791439056,test_pix_recon,-0.0017153620719909113
shapley-20260606T031924Z-4c117d56,marginal,A,123,123,8.106059100016864,0.3294204026460647,0.328387439250946,test_pix_recon,0.0010329633951187134
shapley-20260606T031924Z-4c117d56,marginal,A,124,124,8.173953900015476,0.3282807320356369,0.3296074420213699,test_pix_recon,-0.0013267099857329767
shapley-20260606T031924Z-4c117d56,marginal,A,125,125,8.24363420001464,0.3306470364332199,0.3262247443199157,test_pix_recon,0.004422292113304194
shapley-20260606T031924Z-4c117d56,marginal,A,126,126,8.307605900015915,0.3289064168930053,0.3327632695436477,test_pix_recon,-0.003856852650642395
shapley-20260606T031924Z-4c117d56,marginal,A,127,127,8.378230800015444,0.3300905674695968,0.3279011994600296,test_pix_recon,0.0021893680095672052
shapley-20260606T031924Z-4c117d56,marginal,A,128,128,8.445544900012464,0.327457845211029,0.3345723152160644,test_pix_recon,-0.0071144700050354
shapley-20260606T031924Z-4c117d56,marginal,A,129,129,8.512495500013756,0.3264661729335785,0.3270816951990127,test_pix_recon,-0.0006155222654342096
shapley-20260606T031924Z-4c117d56,marginal,A,130,130,8.579940900013753,0.3288798332214355,0.3343485444784164,test_pix_recon,-0.005468711256980896
shapley-20260606T031924Z-4c117d56,marginal,A,131,131,8.646605600013572,0.3231983333826065,0.3269559741020202,test_pix_recon,-0.003757640719413702
shapley-20260606T031924Z-4c117d56,marginal,A,132,132,8.709894600011467,0.3297750353813171,0.3227955251932144,test_pix_recon,0.006979510188102667
shapley-20260606T031924Z-4c117d56,marginal,A,133,133,8.780520600012096,0.3221003711223602,0.3257276713848114,test_pix_recon,-0.0036273002624512274
shapley-20260606T031924Z-4c117d56,marginal,A,134,134,8.848969700015004,0.322049930691719,0.3222933560609817,test_pix_recon,-0.0002434253692626953
shapley-20260606T031924Z-4c117d56,marginal,A,135,135,8.91532760001428,0.3268764913082123,0.3234101086854934,test_pix_recon,0.0034663826227188665
shapley-20260606T031924Z-4c117d56,marginal,A,136,136,8.98616990001392,0.3229008913040161,0.3250623494386673,test_pix_recon,-0.002161458134651184
shapley-20260606T031924Z-4c117d56,marginal,A,137,137,9.056000100015808,0.3250168114900589,0.3247170001268387,test_pix_recon,0.00029981136322021484
shapley-20260606T031924Z-4c117d56,marginal,A,138,138,9.119988900016324,0.3242495954036712,0.3231311738491058,test_pix_recon,0.0011184215545654297
shapley-20260606T031924Z-4c117d56,marginal,A,139,139,9.1891935000167,0.3242036402225494,0.3211567550897598,test_pix_recon,0.0030468851327895563
shapley-20260606T031924Z-4c117d56,marginal,A,140,140,9.255302600016876,0.3229121565818786,0.3221860378980636,test_pix_recon,0.0007261186838150024
shapley-20260606T031924Z-4c117d56,marginal,A,141,141,9.323495800017554,0.3196718543767929,0.3240512609481811,test_pix_recon,-0.004379406571388189
shapley-20260606T031924Z-4c117d56,marginal,A,142,142,9.395684700019046,0.3210780322551727,0.3220016211271286,test_pix_recon,-0.0009235888719559271
shapley-20260606T031924Z-4c117d56,marginal,A,143,143,9.463105700018788,0.3226892799139023,0.32017582654953,test_pix_recon,0.002513453364372309
shapley-20260606T031924Z-4c117d56,marginal,A,144,144,9.5326328000192,0.3226561844348907,0.3181307911872864,test_pix_recon,0.004525393247604315
shapley-20260606T031924Z-4c117d56,marginal,A,145,145,9.60044570001628,0.3229324519634247,0.3184567242860794,test_pix_recon,0.004475727677345276
shapley-20260606T031924Z-4c117d56,marginal,A,146,146,9.66920140001821,0.3228255212306976,0.3199199736118316,test_pix_recon,0.002905547618865967
shapley-20260606T031924Z-4c117d56,marginal,A,147,147,9.736628500017105,0.3208594769239425,0.3218183070421219,test_pix_recon,-0.0009588301181793768
shapley-20260606T031924Z-4c117d56,marginal,A,148,148,9.807433800015133,0.3203170895576477,0.3223517686128616,test_pix_recon,-0.0020346790552138727
shapley-20260606T031924Z-4c117d56,marginal,A,149,149,9.8783193000163,0.3180052638053894,0.3197328001260757,test_pix_recon,-0.0017275363206862848
shapley-20260606T031924Z-4c117d56,marginal,A,150,150,9.948381300015171,0.3196656107902527,0.3185921162366867,test_pix_recon,0.001073494553565979
shapley-20260606T031924Z-4c117d56,marginal,A,151,151,10.015743800013295,0.3211482018232345,0.3190014511346817,test_pix_recon,0.002146750688552801
shapley-20260606T031924Z-4c117d56,marginal,A,152,152,10.081104100012451,0.3204268664121628,0.3198276907205581,test_pix_recon,0.0005991756916046698
shapley-20260606T031924Z-4c117d56,marginal,A,153,153,10.149976800013974,0.3205154836177826,0.320202112197876,test_pix_recon,0.0003133714199066162
shapley-20260606T031924Z-4c117d56,marginal,A,154,154,10.217010000011214,0.3216777890920639,0.3197825700044632,test_pix_recon,0.001895219087600708
shapley-20260606T031924Z-4c117d56,marginal,A,155,155,10.28359280001314,0.3206215053796768,0.319438025355339,test_pix_recon,0.001183480024337824
shapley-20260606T031924Z-4c117d56,marginal,A,156,156,10.352911300011328,0.3195802271366119,0.3196936100721359,test_pix_recon,-0.00011338293552404233
shapley-20260606T031924Z-4c117d56,marginal,A,157,157,10.422133300013227,0.3197512477636337,0.3205616474151611,test_pix_recon,-0.0008103996515274048
shapley-20260606T031924Z-4c117d56,marginal,A,158,158,10.48828850001155,0.3205476254224777,0.3196831792593002,test_pix_recon,0.0008644461631775457
shapley-20260606T031924Z-4c117d56,marginal,A,159,159,10.553735700010291,0.3201658427715301,0.3178878575563431,test_pix_recon,0.0022779852151870172
shapley-20260606T031924Z-4c117d56,marginal,A,160,160,10.616965500012157,0.3199922740459442,0.3184370994567871,test_pix_recon,0.0015551745891571045
shapley-20260606T031924Z-4c117d56,marginal,A,161,161,10.683049200011736,0.3185502588748932,0.3183862119913101,test_pix_recon,0.00016404688358306885
shapley-20260606T031924Z-4c117d56,marginal,A,162,162,10.750502800012327,0.3180524259805679,0.3173917829990387,test_pix_recon,0.0006606429815291803
shapley-20260606T031924Z-4c117d56,marginal,A,163,163,10.816203500013216,0.3186981827020645,0.317419946193695,test_pix_recon,0.0012782365083695013
shapley-20260606T031924Z-4c117d56,marginal,A,164,164,10.88357460001498,0.3201769888401031,0.3178542405366897,test_pix_recon,0.002322748303413391
shapley-20260606T031924Z-4c117d56,marginal,A,165,165,10.947299900013604,0.319244921207428,0.3183655440807342,test_pix_recon,0.0008793771266937811
shapley-20260606T031924Z-4c117d56,marginal,A,166,166,11.010979200011208,0.318186342716217,0.3193229883909225,test_pix_recon,-0.0011366456747055054
shapley-20260606T031924Z-4c117d56,marginal,A,167,167,11.07666190000964,0.3177211284637451,0.3191899210214615,test_pix_recon,-0.0014687925577163696
shapley-20260606T031924Z-4c117d56,marginal,A,168,168,11.141098300009617,0.317235603928566,0.3197085261344909,test_pix_recon,-0.0024729222059249323
shapley-20260606T031924Z-4c117d56,marginal,A,169,169,11.205996800010324,0.3180347979068756,0.3190184235572815,test_pix_recon,-0.0009836256504058838
shapley-20260606T031924Z-4c117d56,marginal,A,170,170,11.269994900008896,0.3186684846878052,0.3190211057662964,test_pix_recon,-0.00035262107849121094
shapley-20260606T031924Z-4c117d56,marginal,A,171,171,11.333673700009967,0.3192943036556244,0.319717526435852,test_pix_recon,-0.0004232227802276056
shapley-20260606T031924Z-4c117d56,marginal,A,172,172,11.407662100009476,0.3196552842855453,0.3195210248231888,test_pix_recon,0.00013425946235651187
shapley-20260606T031924Z-4c117d56,marginal,A,173,173,11.486035400008404,0.3197739124298095,0.3184030055999756,test_pix_recon,0.0013709068298339289
shapley-20260606T031924Z-4c117d56,marginal,A,174,174,11.551991000007549,0.319694235920906,0.31771981716156,test_pix_recon,0.0019744187593460083
shapley-20260606T031924Z-4c117d56,marginal,A,175,175,11.615318300009676,0.3190160393714905,0.3178663998842239,test_pix_recon,0.001149639487266596
shapley-20260606T031924Z-4c117d56,marginal,A,176,176,11.681430400010868,0.3182850033044815,0.3181311935186386,test_pix_recon,0.0001538097858428955
shapley-20260606T031924Z-4c117d56,marginal,A,177,177,11.74574890000804,0.3180916905403137,0.3181648999452591,test_pix_recon,-7.320940494537354e-05
shapley-20260606T031924Z-4c117d56,marginal,A,178,178,11.808916900004988,0.3184094429016113,0.3181305080652237,test_pix_recon,0.00027893483638757877
shapley-20260606T031924Z-4c117d56,marginal,A,179,179,11.872118100007356,0.3186674416065216,0.3181918710470199,test_pix_recon,0.00047557055950170346
shapley-20260606T031924Z-4c117d56,marginal,A,180,180,11.940062400008172,0.318833515048027,0.318265751004219,test_pix_recon,0.0005677640438079834
shapley-20260606T031924Z-4c117d56,marginal,A,181,181,12.003051700008657,0.3184836953878402,0.3181812167167663,test_pix_recon,0.0003024786710739136
shapley-20260606T031924Z-4c117d56,marginal,A,182,182,12.072697400009927,0.3180198669433594,0.3181415200233459,test_pix_recon,-0.00012165307998651675
shapley-20260606T031924Z-4c117d56,marginal,A,183,183,12.140396300008431,0.3176920413970947,0.3183850347995758,test_pix_recon,-0.0006929934024810791
shapley-20260606T031924Z-4c117d56,marginal,A,184,184,12.207190400007676,0.3178758174180984,0.3182808607816696,test_pix_recon,-0.0004050433635712225
shapley-20260606T031924Z-4c117d56,marginal,A,185,185,12.27276170000914,0.3179895877838135,0.3179460614919662,test_pix_recon,4.3526291847284515e-05
shapley-20260606T031924Z-4c117d56,marginal,A,186,186,12.339522800008126,0.3180392682552337,0.317907378077507,test_pix_recon,0.0001318901777266901
shapley-20260606T031924Z-4c117d56,marginal,A,187,187,12.402309400007653,0.318003386259079,0.3179958611726761,test_pix_recon,7.525086402893066e-06
shapley-20260606T031924Z-4c117d56,marginal,A,188,188,12.468483500004368,0.3179575502872467,0.3182452321052551,test_pix_recon,-0.00028768181800842285
shapley-20260606T031924Z-4c117d56,marginal,A,189,189,12.53852000000552,0.3179347813129425,0.3183533549308777,test_pix_recon,-0.00041857361793518066
shapley-20260606T031924Z-4c117d56,marginal,A,190,190,12.604638600008911,0.3180815726518631,0.3184743076562881,test_pix_recon,-0.0003927350044249933
shapley-20260606T031924Z-4c117d56,marginal,A,191,191,12.675107700008084,0.3179865032434463,0.3184703588485718,test_pix_recon,-0.00048385560512548276
shapley-20260606T031924Z-4c117d56,marginal,A,192,192,12.739882600009878,0.317854106426239,0.318371370434761,test_pix_recon,-0.0005172640085219782
shapley-20260606T031924Z-4c117d56,marginal,A,193,193,12.806558700012827,0.3175764679908752,0.3182566612958908,test_pix_recon,-0.0006801933050156195
shapley-20260606T031924Z-4c117d56,marginal,A,194,194,12.871948000014529,0.3174469023942947,0.3182165920734405,test_pix_recon,-0.000769689679145813
shapley-20260606T031924Z-4c117d56,marginal,A,195,195,12.938586800013582,0.3173415213823318,0.3182394057512283,test_pix_recon,-0.0008978843688964844
shapley-20260606T031924Z-4c117d56,marginal,A,196,196,13.00641200001337,0.317293107509613,0.318198949098587,test_pix_recon,-0.000905841588973999
shapley-20260606T031924Z-4c117d56,marginal,A,197,197,13.069594300013703,0.3173335790634155,0.3180945068597793,test_pix_recon,-0.0007609277963637751
shapley-20260606T031924Z-4c117d56,marginal,A,198,198,13.135149200013984,0.3173314034938812,0.3180324286222458,test_pix_recon,-0.000701025128364563
shapley-20260606T031924Z-4c117d56,marginal,A,199,199,13.201320000014675,0.3172699809074402,0.3179961442947387,test_pix_recon,-0.0007261633872985285
shapley-20260606T031948Z-3581452d,conditional,A,0,0,0.2529357999992498,0.8462426364421844,0.8603262603282928,test_pix_recon,-0.014083623886108398
shapley-20260606T031948Z-3581452d,conditional,A,1,1,0.3152555999986361,0.674580454826355,0.6509128510951996,test_pix_recon,0.023667603731155396
shapley-20260606T031948Z-3581452d,conditional,A,2,2,0.3760260999988531,0.5766387581825256,0.573513925075531,test_pix_recon,0.003124833106994629
shapley-20260606T031948Z-3581452d,conditional,A,3,3,0.4353673999976308,0.5142149776220322,0.5208356976509094,test_pix_recon,-0.006620720028877258
shapley-20260606T031948Z-3581452d,conditional,A,4,4,0.4949773999978788,0.4710130840539932,0.4836764335632324,test_pix_recon,-0.012663349509239197
shapley-20260606T031948Z-3581452d,conditional,A,5,5,0.5537111999983608,0.4381080716848373,0.4470560550689697,test_pix_recon,-0.00894798338413244
shapley-20260606T031948Z-3581452d,conditional,A,6,6,0.6170837999998184,0.4104407727718353,0.4165917932987213,test_pix_recon,-0.006151020526885986
shapley-20260606T031948Z-3581452d,conditional,A,7,7,0.6818385000005946,0.3876126855611801,0.3933616727590561,test_pix_recon,-0.0057489871978759766
shapley-20260606T031948Z-3581452d,conditional,A,8,8,0.743241100000887,0.3703779727220535,0.3724690824747085,test_pix_recon,-0.0020911097526550293
shapley-20260606T031948Z-3581452d,conditional,A,9,9,0.8098396999994293,0.3551180511713028,0.3578011393547058,test_pix_recon,-0.002683088183403015
shapley-20260606T031948Z-3581452d,conditional,A,10,10,0.875780999998824,0.3446735739707947,0.3449959903955459,test_pix_recon,-0.00032241642475122623
shapley-20260606T031948Z-3581452d,conditional,A,11,11,0.9364276999986032,0.3369197249412536,0.3377645015716553,test_pix_recon,-0.0008447766304016668
shapley-20260606T031948Z-3581452d,conditional,A,12,12,0.9966881000000284,0.3340047001838684,0.3339386284351349,test_pix_recon,6.607174873352051e-05
shapley-20260606T031948Z-3581452d,conditional,A,13,13,1.0556481999992684,0.3262631893157959,0.3267373889684677,test_pix_recon,-0.00047419965267181396
shapley-20260606T031948Z-3581452d,conditional,A,14,14,1.117238399998314,0.3221001029014587,0.3205851763486862,test_pix_recon,0.0015149265527724665
shapley-20260606T031948Z-3581452d,conditional,A,15,15,1.1817905999960203,0.3163684755563736,0.313757836818695,test_pix_recon,0.0026106387376785833
shapley-20260606T031948Z-3581452d,conditional,A,16,16,1.241280899997946,0.3129978477954864,0.3130700439214706,test_pix_recon,-7.21961259841919e-05
shapley-20260606T031948Z-3581452d,conditional,A,17,17,1.3053122999990592,0.309616819024086,0.3090047389268875,test_pix_recon,0.0006120800971984863
shapley-20260606T031948Z-3581452d,conditional,A,18,18,1.3677156999983708,0.3072548806667328,0.3042033910751343,test_pix_recon,0.0030514895915985107
shapley-20260606T031948Z-3581452d,conditional,A,19,19,1.426552299999457,0.3049919456243515,0.2996628284454345,test_pix_recon,0.005329117178916987
shapley-20260606T031948Z-3581452d,conditional,A,20,20,1.4856426999976975,0.3021667748689651,0.2984723150730133,test_pix_recon,0.0036944597959517878
shapley-20260606T031948Z-3581452d,conditional,A,21,21,1.5458565999979328,0.2992805689573288,0.297881469130516,test_pix_recon,0.0013990998268127997
shapley-20260606T031948Z-3581452d,conditional,A,22,22,1.610029799998301,0.2971966862678528,0.2962362468242645,test_pix_recon,0.0009604394435882568
shapley-20260606T031948Z-3581452d,conditional,A,23,23,1.6738646999983755,0.2967587262392044,0.2937788963317871,test_pix_recon,0.0029798299074172974
shapley-20260606T031948Z-3581452d,conditional,A,24,24,1.7380594999995085,0.2950086444616318,0.2951706498861313,test_pix_recon,-0.00016200542449951172
shapley-20260606T031948Z-3581452d,conditional,A,25,25,1.8009281000013289,0.2940406650304794,0.2948937267065048,test_pix_recon,-0.0008530616760254461
shapley-20260606T031948Z-3581452d,conditional,A,26,26,1.862362600000779,0.2934455573558807,0.2927098423242569,test_pix_recon,0.0007357150316237848
shapley-20260606T031948Z-3581452d,conditional,A,27,27,1.9224527000005764,0.2950476706027984,0.2895010709762573,test_pix_recon,0.005546599626541082
shapley-20260606T031948Z-3581452d,conditional,A,28,28,1.981506600001012,0.2911610901355743,0.2877397537231445,test_pix_recon,0.0034213364124298096
shapley-20260606T031948Z-3581452d,conditional,A,29,29,2.040451500000927,0.2921961992979049,0.2875440716743469,test_pix_recon,0.004652127623557989
shapley-20260606T031948Z-3581452d,conditional,A,30,30,2.1001443000022846,0.2925429940223694,0.2870838940143585,test_pix_recon,0.005459100008010864
shapley-20260606T031948Z-3581452d,conditional,A,31,31,2.16044310000143,0.2893925756216049,0.2881995439529419,test_pix_recon,0.001193031668663025
shapley-20260606T031948Z-3581452d,conditional,A,32,32,2.2201524000010977,0.2891502529382705,0.2864460200071335,test_pix_recon,0.0027042329311370294
shapley-20260606T031948Z-3581452d,conditional,A,33,33,2.284109399999579,0.2896935045719147,0.2837099283933639,test_pix_recon,0.005983576178550776
shapley-20260606T031948Z-3581452d,conditional,A,34,34,2.3491080999992846,0.2883992195129394,0.2833509892225265,test_pix_recon,0.005048230290412903
shapley-20260606T031948Z-3581452d,conditional,A,35,35,2.41004879999673,0.2936399281024933,0.2844947576522827,test_pix_recon,0.009145170450210571
shapley-20260606T031948Z-3581452d,conditional,A,36,36,2.471676599998318,0.2911409437656402,0.2845842987298965,test_pix_recon,0.006556645035743713
shapley-20260606T031948Z-3581452d,conditional,A,37,37,2.538850699998875,0.2923461943864822,0.2819219976663589,test_pix_recon,0.010424196720123291
shapley-20260606T031948Z-3581452d,conditional,A,38,38,2.6014481999955024,0.2876112461090088,0.282964363694191,test_pix_recon,0.00464688241481781
shapley-20260606T031948Z-3581452d,conditional,A,39,39,2.664490699993621,0.2870457768440246,0.2821976840496063,test_pix_recon,0.0048480927944182794
shapley-20260606T031948Z-3581452d,conditional,A,40,40,2.726214999991498,0.2832633256912231,0.2827332019805908,test_pix_recon,0.0005301237106322687
shapley-20260606T031948Z-3581452d,conditional,A,41,41,2.7868460999925446,0.2838204503059387,0.2835100293159485,test_pix_recon,0.0003104209899902344
shapley-20260606T031948Z-3581452d,conditional,A,42,42,2.8485973999922862,0.2855371087789535,0.2826220244169235,test_pix_recon,0.002915084362029974
shapley-20260606T031948Z-3581452d,conditional,A,43,43,2.910240099990915,0.2860728353261947,0.2826296836137771,test_pix_recon,0.0034431517124176025
shapley-20260606T031948Z-3581452d,conditional,A,44,44,2.974112799991417,0.2819055169820785,0.2848338037729263,test_pix_recon,-0.0029282867908477783
shapley-20260606T031948Z-3581452d,conditional,A,45,45,3.041196799993486,0.2848212122917175,0.2846296727657318,test_pix_recon,0.00019153952598566226
shapley-20260606T031948Z-3581452d,conditional,A,46,46,3.1028435999942303,0.2834651917219162,0.2833043932914734,test_pix_recon,0.00016079843044281006
shapley-20260606T031948Z-3581452d,conditional,A,47,47,3.164285299993935,0.2850279808044433,0.2867286652326584,test_pix_recon,-0.0017006844282150824
shapley-20260606T031948Z-3581452d,conditional,A,48,48,3.2238689999940107,0.2850029170513153,0.2853232026100158,test_pix_recon,-0.000320285558700506
shapley-20260606T031948Z-3581452d,conditional,A,49,49,3.284663399994315,0.283470094203949,0.2823648154735565,test_pix_recon,0.001105278730392456
shapley-20260606T031948Z-3581452d,conditional,A,50,50,3.348910299991985,0.284890353679657,0.283294215798378,test_pix_recon,0.0015961378812789917
shapley-20260606T031948Z-3581452d,conditional,A,51,51,3.4155547999907867,0.2858541905879974,0.2816426157951355,test_pix_recon,0.004211574792861883
shapley-20260606T031948Z-3581452d,conditional,A,52,52,3.478975599988189,0.2832861691713333,0.283293679356575,test_pix_recon,-7.510185241699219e-06
shapley-20260606T031948Z-3581452d,conditional,A,53,53,3.5461336999869677,0.2826394140720367,0.2830524742603302,test_pix_recon,-0.00041306018829351254
shapley-20260606T031948Z-3581452d,conditional,A,54,54,3.6068328999863297,0.2840394526720047,0.280983030796051,test_pix_recon,0.0030564218759536743
shapley-20260606T031948Z-3581452d,conditional,A,55,55,3.6720260999863967,0.2828586846590042,0.2809394299983978,test_pix_recon,0.0019192546606063843
shapley-20260606T031948Z-3581452d,conditional,A,56,56,3.731682699988596,0.2868153750896454,0.2820173949003219,test_pix_recon,0.004797980189323481
shapley-20260606T031948Z-3581452d,conditional,A,57,57,3.800207099990075,0.2854888886213302,0.2913141995668411,test_pix_recon,-0.00582531094551092
shapley-20260606T031948Z-3581452d,conditional,A,58,58,3.86301059998732,0.2882617712020874,0.2892253249883652,test_pix_recon,-0.000963553786277771
shapley-20260606T031948Z-3581452d,conditional,A,59,59,3.931240899986733,0.2874311059713363,0.2856296300888061,test_pix_recon,0.0018014758825302124
shapley-20260606T031948Z-3581452d,conditional,A,60,60,4.002382699985901,0.2916906177997589,0.2835422307252884,test_pix_recon,0.00814838707447052
shapley-20260606T031948Z-3581452d,conditional,A,61,61,4.067505099985283,0.2861294895410537,0.2832755446434021,test_pix_recon,0.002853944897651617
shapley-20260606T031948Z-3581452d,conditional,A,62,62,4.13631139998688,0.2851130217313766,0.2825066149234772,test_pix_recon,0.0026064068078994196
shapley-20260606T031948Z-3581452d,conditional,A,63,63,4.199409299988474,0.2840251922607422,0.2830986976623535,test_pix_recon,0.0009264945983886719
shapley-20260606T031948Z-3581452d,conditional,A,64,64,4.267801399986638,0.2877644598484039,0.2865036129951477,test_pix_recon,0.00126084685325617
shapley-20260606T031948Z-3581452d,conditional,A,65,65,4.338892399984616,0.2863685190677643,0.2831454426050186,test_pix_recon,0.0032230764627456665
shapley-20260606T031948Z-3581452d,conditional,A,66,66,4.400638199982495,0.2888469845056534,0.2868556976318359,test_pix_recon,0.0019912868738174994
shapley-20260606T031948Z-3581452d,conditional,A,67,67,4.460794899980101,0.2883865684270859,0.2885567992925644,test_pix_recon,-0.00017023086547851562
shapley-20260606T031948Z-3581452d,conditional,A,68,68,4.519981499979622,0.2865501940250397,0.2889875322580337,test_pix_recon,-0.002437338232994024
shapley-20260606T031948Z-3581452d,conditional,A,69,69,4.582043599977624,0.2907331883907318,0.2842126041650772,test_pix_recon,0.006520584225654602
shapley-20260606T031948Z-3581452d,conditional,A,70,70,4.642321199975413,0.2872422486543655,0.2866480946540832,test_pix_recon,0.0005941540002822876
shapley-20260606T031948Z-3581452d,conditional,A,71,71,4.702633799977775,0.2904964685440063,0.2914949208498001,test_pix_recon,-0.0009984523057938177
shapley-20260606T031948Z-3581452d,conditional,A,72,72,4.76605529997687,0.2881544530391693,0.2911379635334015,test_pix_recon,-0.0029835104942321777
shapley-20260606T031948Z-3581452d,conditional,A,73,73,4.8294587999771466,0.2910808175802231,0.2857344895601272,test_pix_recon,0.005346328020095881
shapley-20260606T031948Z-3581452d,conditional,A,74,74,4.894587599977967,0.2940780967473984,0.2898353338241577,test_pix_recon,0.004242762923240662
shapley-20260606T031948Z-3581452d,conditional,A,75,75,4.963053099978424,0.288508802652359,0.292703628540039,test_pix_recon,-0.004194825887679998
shapley-20260606T031948Z-3581452d,conditional,A,76,76,5.064063599980727,0.2896635383367538,0.2888246178627014,test_pix_recon,0.0008389204740523737
shapley-20260606T031948Z-3581452d,conditional,A,77,77,5.149534099982702,0.2896911650896072,0.2896724194288254,test_pix_recon,1.874566078180484e-05
shapley-20260606T031948Z-3581452d,conditional,A,78,78,5.215386899984878,0.2914309501647949,0.2927785515785217,test_pix_recon,-0.0013476014137267511
shapley-20260606T031948Z-3581452d,conditional,A,79,79,5.275007599982928,0.2900807410478592,0.2909809798002243,test_pix_recon,-0.0009002387523651123
shapley-20260606T031948Z-3581452d,conditional,A,80,80,5.334417399983067,0.2909760624170303,0.2899774014949798,test_pix_recon,0.000998660922050476
shapley-20260606T031948Z-3581452d,conditional,A,81,81,5.394924199983507,0.293332040309906,0.2913853824138641,test_pix_recon,0.0019466578960419256
shapley-20260606T031948Z-3581452d,conditional,A,82,82,5.453284599985636,0.290213480591774,0.2929836064577102,test_pix_recon,-0.002770125865936224
shapley-20260606T031948Z-3581452d,conditional,A,83,83,5.510299499983375,0.2907459586858749,0.2902268022298813,test_pix_recon,0.0005191564559935968
shapley-20260606T031948Z-3581452d,conditional,A,84,84,5.5677870999861625,0.293727234005928,0.2925100773572922,test_pix_recon,0.0012171566486358087
shapley-20260606T031948Z-3581452d,conditional,A,85,85,5.625196999986656,0.2929167002439499,0.2945905178785324,test_pix_recon,-0.0016738176345825195
shapley-20260606T031948Z-3581452d,conditional,A,86,86,5.68405379998876,0.2928112149238586,0.2988208830356598,test_pix_recon,-0.006009668111801203
shapley-20260606T031948Z-3581452d,conditional,A,87,87,5.741610999990371,0.2949921488761902,0.2987648248672485,test_pix_recon,-0.003772675991058294
shapley-20260606T031948Z-3581452d,conditional,A,88,88,5.798253799988743,0.3000444024801254,0.3034444153308868,test_pix_recon,-0.003400012850761358
shapley-20260606T031948Z-3581452d,conditional,A,89,89,5.854847399990831,0.2950587719678879,0.2999330312013626,test_pix_recon,-0.0048742592334747314
shapley-20260606T031948Z-3581452d,conditional,A,90,90,5.919697599991196,0.2959516644477844,0.3057212084531784,test_pix_recon,-0.009769544005393982
shapley-20260606T031948Z-3581452d,conditional,A,91,91,5.982677999989392,0.2943021655082702,0.3000757098197937,test_pix_recon,-0.005773544311523493
shapley-20260606T031948Z-3581452d,conditional,A,92,92,6.043144499988557,0.2969963252544403,0.3035401254892349,test_pix_recon,-0.006543800234794617
shapley-20260606T031948Z-3581452d,conditional,A,93,93,6.103733899988583,0.3028825372457504,0.2999894022941589,test_pix_recon,0.002893134951591547
shapley-20260606T031948Z-3581452d,conditional,A,94,94,6.164503899988631,0.2979637086391449,0.2968934625387192,test_pix_recon,0.0010702461004257202
shapley-20260606T031948Z-3581452d,conditional,A,95,95,6.22912839998753,0.2988554239273071,0.3070730119943619,test_pix_recon,-0.008217588067054804
shapley-20260606T031948Z-3581452d,conditional,A,96,96,6.290892199987866,0.3049897402524948,0.3001213371753692,test_pix_recon,0.004868403077125605
shapley-20260606T031948Z-3581452d,conditional,A,97,97,6.353624399987893,0.3022461682558059,0.2982887327671051,test_pix_recon,0.003957435488700811
shapley-20260606T031948Z-3581452d,conditional,A,98,98,6.412957599986839,0.3088885545730591,0.3014759719371795,test_pix_recon,0.007412582635879572
shapley-20260606T031948Z-3581452d,conditional,A,99,99,6.4724730999878375,0.3054415434598923,0.298261433839798,test_pix_recon,0.007180109620094299
shapley-20260606T031948Z-3581452d,conditional,A,100,100,6.531725399989227,0.301182210445404,0.3017512261867523,test_pix_recon,-0.0005690157413483221
shapley-20260606T031948Z-3581452d,conditional,A,101,101,6.591266599989467,0.3023770004510879,0.3008565604686737,test_pix_recon,0.00152043998241419
shapley-20260606T031948Z-3581452d,conditional,A,102,102,6.651017999989563,0.3051874041557312,0.3045592010021209,test_pix_recon,0.000628203153610285
shapley-20260606T031948Z-3581452d,conditional,A,103,103,6.711325099986425,0.3029808551073074,0.304150179028511,test_pix_recon,-0.0011693239212036133
shapley-20260606T031948Z-3581452d,conditional,A,104,104,6.77341369998976,0.3063670545816421,0.3121657520532608,test_pix_recon,-0.005798697471618708
shapley-20260606T031948Z-3581452d,conditional,A,105,105,6.840956699990784,0.3061370104551315,0.3064073324203491,test_pix_recon,-0.00027032196521764584
shapley-20260606T031948Z-3581452d,conditional,A,106,106,6.900627099992562,0.3067629784345627,0.3092344105243683,test_pix_recon,-0.002471432089805603
shapley-20260606T031948Z-3581452d,conditional,A,107,107,6.977640599990991,0.3116898387670517,0.3076529651880264,test_pix_recon,0.004036873579025324
shapley-20260606T031948Z-3581452d,conditional,A,108,108,7.067591899991385,0.3090940862894058,0.3093317747116089,test_pix_recon,-0.00023768842220306396
shapley-20260606T031948Z-3581452d,conditional,A,109,109,7.156095199992706,0.3116754293441772,0.3095793426036834,test_pix_recon,0.0020960867404937744
shapley-20260606T031948Z-3581452d,conditional,A,110,110,7.227811799995834,0.3107836544513702,0.3133971095085144,test_pix_recon,-0.0026134550571442206
shapley-20260606T031948Z-3581452d,conditional,A,111,111,7.299307299996144,0.3147124499082565,0.3123509138822555,test_pix_recon,0.0023615360260009766
shapley-20260606T031948Z-3581452d,conditional,A,112,112,7.371440599996276,0.3161273151636123,0.3133909404277801,test_pix_recon,0.0027363747358322144
shapley-20260606T031948Z-3581452d,conditional,A,113,113,7.445374199993239,0.3146320879459381,0.3185600340366363,test_pix_recon,-0.003927946090698187
shapley-20260606T031948Z-3581452d,conditional,A,114,114,7.519148499995936,0.3145785182714462,0.3149325847625732,test_pix_recon,-0.00035406649112701416
shapley-20260606T031948Z-3581452d,conditional,A,115,115,7.588374199996906,0.3128564357757568,0.3183081597089767,test_pix_recon,-0.00545172393321991
shapley-20260606T031948Z-3581452d,conditional,A,116,116,7.662663299997803,0.3109150230884552,0.3133181929588318,test_pix_recon,-0.002403169870376587
shapley-20260606T031948Z-3581452d,conditional,A,117,117,7.740059799994924,0.3157493472099304,0.3129435777664184,test_pix_recon,0.0028057694435120184
shapley-20260606T031948Z-3581452d,conditional,A,118,118,7.810677899997245,0.3151952475309372,0.3221697509288788,test_pix_recon,-0.006974503397941589
shapley-20260606T031948Z-3581452d,conditional,A,119,119,7.879774499997438,0.3180493712425232,0.3197327107191086,test_pix_recon,-0.0016833394765853882
shapley-20260606T031948Z-3581452d,conditional,A,120,120,7.943358499996975,0.3139498829841614,0.3198420703411102,test_pix_recon,-0.005892187356948797
shapley-20260606T031948Z-3581452d,conditional,A,121,121,8.004187999995338,0.3213666528463363,0.3247208744287491,test_pix_recon,-0.0033542215824127752
shapley-20260606T031948Z-3581452d,conditional,A,122,122,8.066407699992851,0.3230797797441482,0.3275416791439056,test_pix_recon,-0.004461899399757385
shapley-20260606T031948Z-3581452d,conditional,A,123,123,8.128245999992942,0.3308358490467071,0.328387439250946,test_pix_recon,0.0024484097957611084
shapley-20260606T031948Z-3581452d,conditional,A,124,124,8.187394399992627,0.3258666843175888,0.3296074420213699,test_pix_recon,-0.0037407577037810724
shapley-20260606T031948Z-3581452d,conditional,A,125,125,8.247050999994826,0.3275683671236038,0.3262247443199157,test_pix_recon,0.0013436228036881048
shapley-20260606T031948Z-3581452d,conditional,A,126,126,8.310323599991534,0.3305912166833877,0.3327632695436477,test_pix_recon,-0.0021720528602600098
shapley-20260606T031948Z-3581452d,conditional,A,127,127,8.370256199992582,0.3230567872524261,0.3279011994600296,test_pix_recon,-0.00484441220760351
shapley-20260606T031948Z-3581452d,conditional,A,128,128,8.42948059999253,0.3263160586357116,0.3345723152160644,test_pix_recon,-0.008256256580352783
shapley-20260606T031948Z-3581452d,conditional,A,129,129,8.491713199993683,0.3248604238033294,0.3270816951990127,test_pix_recon,-0.0022212713956832886
shapley-20260606T031948Z-3581452d,conditional,A,130,130,8.552849199993943,0.3221515417098999,0.3343485444784164,test_pix_recon,-0.012197002768516485
shapley-20260606T031948Z-3581452d,conditional,A,131,131,8.613377199992101,0.3310263752937317,0.3269559741020202,test_pix_recon,0.004070401191711481
shapley-20260606T031948Z-3581452d,conditional,A,132,132,8.674077199990279,0.3241700530052185,0.3227955251932144,test_pix_recon,0.0013745278120040894
shapley-20260606T031948Z-3581452d,conditional,A,133,133,8.739052299992181,0.3208944499492645,0.3257276713848114,test_pix_recon,-0.004833221435546875
shapley-20260606T031948Z-3581452d,conditional,A,134,134,8.80482129999291,0.3206290155649185,0.3222933560609817,test_pix_recon,-0.001664340496063177
shapley-20260606T031948Z-3581452d,conditional,A,135,135,8.8649227999922,0.3217377662658691,0.3234101086854934,test_pix_recon,-0.0016723424196243286
shapley-20260606T031948Z-3581452d,conditional,A,136,136,8.925136099991505,0.3197378516197204,0.3250623494386673,test_pix_recon,-0.005324497818946894
shapley-20260606T031948Z-3581452d,conditional,A,137,137,8.984918499991181,0.3203281611204147,0.3247170001268387,test_pix_recon,-0.004388839006424006
shapley-20260606T031948Z-3581452d,conditional,A,138,138,9.047015999989526,0.3200610280036926,0.3231311738491058,test_pix_recon,-0.0030701458454131525
shapley-20260606T031948Z-3581452d,conditional,A,139,139,9.11364569998841,0.3182016611099243,0.3211567550897598,test_pix_recon,-0.0029550939798355103
shapley-20260606T031948Z-3581452d,conditional,A,140,140,9.180618199989112,0.3189700692892074,0.3221860378980636,test_pix_recon,-0.003215968608856201
shapley-20260606T031948Z-3581452d,conditional,A,141,141,9.243424299987964,0.3163715749979019,0.3240512609481811,test_pix_recon,-0.00767968595027918
shapley-20260606T031948Z-3581452d,conditional,A,142,142,9.3080325999872,0.3164969235658645,0.3220016211271286,test_pix_recon,-0.005504697561264094
shapley-20260606T031948Z-3581452d,conditional,A,143,143,9.368479899989325,0.3193936794996261,0.32017582654953,test_pix_recon,-0.0007821470499038696
shapley-20260606T031948Z-3581452d,conditional,A,144,144,9.430587499988178,0.3173995167016983,0.3181307911872864,test_pix_recon,-0.0007312744855880737
shapley-20260606T031948Z-3581452d,conditional,A,145,145,9.492522699987603,0.3185880929231643,0.3184567242860794,test_pix_recon,0.00013136863708490543
shapley-20260606T031948Z-3581452d,conditional,A,146,146,9.552565999987564,0.3190341591835022,0.3199199736118316,test_pix_recon,-0.0008858144283294123
shapley-20260606T031948Z-3581452d,conditional,A,147,147,9.616626699989864,0.3186025172472,0.3218183070421219,test_pix_recon,-0.003215789794921875
shapley-20260606T031948Z-3581452d,conditional,A,148,148,9.676556999987952,0.3178378045558929,0.3223517686128616,test_pix_recon,-0.004513964056968689
shapley-20260606T031948Z-3581452d,conditional,A,149,149,9.736805999986244,0.3193909823894501,0.3197328001260757,test_pix_recon,-0.0003418177366256159
shapley-20260606T031948Z-3581452d,conditional,A,150,150,9.801229799988503,0.3176427185535431,0.3185921162366867,test_pix_recon,-0.0009493976831436157
shapley-20260606T031948Z-3581452d,conditional,A,151,151,9.863795999986904,0.3170019686222076,0.3190014511346817,test_pix_recon,-0.0019994825124741156
shapley-20260606T031948Z-3581452d,conditional,A,152,152,9.923612599985065,0.3169623613357544,0.3198276907205581,test_pix_recon,-0.0028653293848037165
shapley-20260606T031948Z-3581452d,conditional,A,153,153,9.987466999984465,0.3165330737829208,0.320202112197876,test_pix_recon,-0.0036690384149551947
shapley-20260606T031948Z-3581452d,conditional,A,154,154,10.047943599984135,0.3152283132076263,0.3197825700044632,test_pix_recon,-0.0045542567968369085
shapley-20260606T031948Z-3581452d,conditional,A,155,155,10.109981099983996,0.3165742307901382,0.319438025355339,test_pix_recon,-0.0028637945652008057
shapley-20260606T031948Z-3581452d,conditional,A,156,156,10.172207599985995,0.3167938441038131,0.3196936100721359,test_pix_recon,-0.0028997659683228094
shapley-20260606T031948Z-3581452d,conditional,A,157,157,10.2357172999873,0.3160313069820404,0.3205616474151611,test_pix_recon,-0.004530340433120672
shapley-20260606T031948Z-3581452d,conditional,A,158,158,10.29759459998604,0.3147382885217666,0.3196831792593002,test_pix_recon,-0.004944890737533569
shapley-20260606T031948Z-3581452d,conditional,A,159,159,10.35764209998888,0.314891904592514,0.3178878575563431,test_pix_recon,-0.002995952963829096
shapley-20260606T031948Z-3581452d,conditional,A,160,160,10.421697499990842,0.3160208463668823,0.3184370994567871,test_pix_recon,-0.002416253089904785
shapley-20260606T031948Z-3581452d,conditional,A,161,161,10.483701899989684,0.3158534318208694,0.3183862119913101,test_pix_recon,-0.0025327801704407293
shapley-20260606T031948Z-3581452d,conditional,A,162,162,10.54589469998973,0.3151869177818298,0.3173917829990387,test_pix_recon,-0.002204865217208918
shapley-20260606T031948Z-3581452d,conditional,A,163,163,10.609714699989128,0.314914807677269,0.317419946193695,test_pix_recon,-0.002505138516426031
shapley-20260606T031948Z-3581452d,conditional,A,164,164,10.671381999989537,0.3155409842729568,0.3178542405366897,test_pix_recon,-0.00231325626373291
shapley-20260606T031948Z-3581452d,conditional,A,165,165,10.733479499991518,0.3169350177049637,0.3183655440807342,test_pix_recon,-0.0014305263757705133
shapley-20260606T031948Z-3581452d,conditional,A,166,166,10.797888499990222,0.3156949579715729,0.3193229883909225,test_pix_recon,-0.003628030419349615
shapley-20260606T031948Z-3581452d,conditional,A,167,167,10.862688599991088,0.3150489330291748,0.3191899210214615,test_pix_recon,-0.004140987992286682
shapley-20260606T031948Z-3581452d,conditional,A,168,168,10.9223798999883,0.3148387223482132,0.3197085261344909,test_pix_recon,-0.0048698037862777155
shapley-20260606T031948Z-3581452d,conditional,A,169,169,10.984542799989867,0.3144120275974273,0.3190184235572815,test_pix_recon,-0.0046063959598541815
shapley-20260606T031948Z-3581452d,conditional,A,170,170,11.045242999989568,0.3140825480222702,0.3190211057662964,test_pix_recon,-0.004938557744026184
shapley-20260606T031948Z-3581452d,conditional,A,171,171,11.105607399989822,0.3144938498735428,0.319717526435852,test_pix_recon,-0.00522367656230921
shapley-20260606T031948Z-3581452d,conditional,A,172,172,11.165815799991831,0.314885213971138,0.3195210248231888,test_pix_recon,-0.004635810852050781
shapley-20260606T031948Z-3581452d,conditional,A,173,173,11.231568299990611,0.3145907670259475,0.3184030055999756,test_pix_recon,-0.0038122385740280706
shapley-20260606T031948Z-3581452d,conditional,A,174,174,11.299053899991122,0.3141159415245056,0.31771981716156,test_pix_recon,-0.003603875637054388
shapley-20260606T031948Z-3581452d,conditional,A,175,175,11.359443299992565,0.3141683787107467,0.3178663998842239,test_pix_recon,-0.003698021173477173
shapley-20260606T031948Z-3581452d,conditional,A,176,176,11.420257999991009,0.3143896460533142,0.3181311935186386,test_pix_recon,-0.003741547465324402
shapley-20260606T031948Z-3581452d,conditional,A,177,177,11.480544699992606,0.3148910403251648,0.3181648999452591,test_pix_recon,-0.0032738596200942993
shapley-20260606T031948Z-3581452d,conditional,A,178,178,11.54219209999428,0.3154792040586471,0.3181305080652237,test_pix_recon,-0.0026513040065765936
shapley-20260606T031948Z-3581452d,conditional,A,179,179,11.609285799993811,0.315594419836998,0.3181918710470199,test_pix_recon,-0.002597451210021917
shapley-20260606T031948Z-3581452d,conditional,A,180,180,11.668877699994482,0.3154593557119369,0.318265751004219,test_pix_recon,-0.0028063952922821045
shapley-20260606T031948Z-3581452d,conditional,A,181,181,11.731602699994257,0.3154526948928833,0.3181812167167663,test_pix_recon,-0.002728521823883001
shapley-20260606T031948Z-3581452d,conditional,A,182,182,11.792186099995888,0.3152092397212982,0.3181415200233459,test_pix_recon,-0.002932280302047674
shapley-20260606T031948Z-3581452d,conditional,A,183,183,11.851747999997317,0.3154027909040451,0.3183850347995758,test_pix_recon,-0.0029822438955307007
shapley-20260606T031948Z-3581452d,conditional,A,184,184,11.911645000000137,0.3152678608894348,0.3182808607816696,test_pix_recon,-0.0030129998922348022
shapley-20260606T031948Z-3581452d,conditional,A,185,185,11.973633199999313,0.3148204386234283,0.3179460614919662,test_pix_recon,-0.003125622868537903
shapley-20260606T031948Z-3581452d,conditional,A,186,186,12.035516899999491,0.314504399895668,0.317907378077507,test_pix_recon,-0.0034029781818390448
shapley-20260606T031948Z-3581452d,conditional,A,187,187,12.097433599999931,0.3142064213752746,0.3179958611726761,test_pix_recon,-0.0037894397974014837
shapley-20260606T031948Z-3581452d,conditional,A,188,188,12.15647959999842,0.3140852451324463,0.3182452321052551,test_pix_recon,-0.004159986972808838
shapley-20260606T031948Z-3581452d,conditional,A,189,189,12.217329499999323,0.3140673190355301,0.3183533549308777,test_pix_recon,-0.004286035895347595
shapley-20260606T031948Z-3581452d,conditional,A,190,190,12.280380699998204,0.3142865896224975,0.3184743076562881,test_pix_recon,-0.004187718033790588
shapley-20260606T031948Z-3581452d,conditional,A,191,191,12.341661099999328,0.314444750547409,0.3184703588485718,test_pix_recon,-0.004025608301162775
shapley-20260606T031948Z-3581452d,conditional,A,192,192,12.401320099997974,0.3144430816173553,0.318371370434761,test_pix_recon,-0.003928288817405701
shapley-20260606T031948Z-3581452d,conditional,A,193,193,12.461707200000092,0.3144884556531906,0.3182566612958908,test_pix_recon,-0.0037682056427001953
shapley-20260606T031948Z-3581452d,conditional,A,194,194,12.52146189999985,0.3144472241401672,0.3182165920734405,test_pix_recon,-0.0037693679332733154
shapley-20260606T031948Z-3581452d,conditional,A,195,195,12.58074729999862,0.3143673241138458,0.3182394057512283,test_pix_recon,-0.003872081637382452
shapley-20260606T031948Z-3581452d,conditional,A,196,196,12.639970500000343,0.3142154216766357,0.318198949098587,test_pix_recon,-0.003983527421951294
shapley-20260606T031948Z-3581452d,conditional,A,197,197,12.702699500001472,0.3140983134508133,0.3180945068597793,test_pix_recon,-0.003996193408966009
shapley-20260606T031948Z-3581452d,conditional,A,198,198,12.763259200000904,0.3140754252672195,0.3180324286222458,test_pix_recon,-0.003957003355026301
shapley-20260606T031948Z-3581452d,conditional,A,199,199,12.82345830000122,0.3140561431646347,0.3179961442947387,test_pix_recon,-0.003940001130104009
shapley-20260606T031900Z-def8be2e,baseline,A,0,0,0.250898899997992,22.489983558654785,25.07045078277588,test_kl,-2.5804672241210938
shapley-20260606T031900Z-def8be2e,baseline,A,1,1,0.313854199997877,39.365827560424805,48.108245849609375,test_kl,-8.74241828918457
shapley-20260606T031900Z-def8be2e,baseline,A,2,2,0.3763055999988864,53.60272026062012,52.01642990112305,test_kl,1.5862903594970703
shapley-20260606T031900Z-def8be2e,baseline,A,3,3,0.4380596999981208,59.22631454467773,56.05354499816895,test_kl,3.172769546508775
shapley-20260606T031900Z-def8be2e,baseline,A,4,4,0.4995989999988524,63.04607009887695,60.23643112182617,test_kl,2.8096389770507812
shapley-20260606T031900Z-def8be2e,baseline,A,5,5,0.5604166999983136,66.4814682006836,62.40057182312012,test_kl,4.080896377563477
shapley-20260606T031900Z-def8be2e,baseline,A,6,6,0.6231238999971538,68.94311141967773,65.50904846191406,test_kl,3.434062957763672
shapley-20260606T031900Z-def8be2e,baseline,A,7,7,0.6841462999982468,71.54011535644531,68.61335754394531,test_kl,2.9267578125
shapley-20260606T031900Z-def8be2e,baseline,A,8,8,0.7455574999985402,74.13834762573242,72.32917022705078,test_kl,1.8091773986816406
shapley-20260606T031900Z-def8be2e,baseline,A,9,9,0.8067021999995632,76.79757308959961,74.74415969848633,test_kl,2.0534133911132812
shapley-20260606T031900Z-def8be2e,baseline,A,10,10,0.8665441999983159,79.4854507446289,78.2542724609375,test_kl,1.2311782836914062
shapley-20260606T031900Z-def8be2e,baseline,A,11,11,0.928147499998886,49.54791259765625,48.34114074707031,test_kl,1.2067718505859375
shapley-20260606T031900Z-def8be2e,baseline,A,12,12,0.9880546999993384,25.353888511657715,26.301676750183105,test_kl,-0.9477882385253906
shapley-20260606T031900Z-def8be2e,baseline,A,13,13,1.0497221000005084,35.261526107788086,36.30272674560547,test_kl,-1.0412006378173828
shapley-20260606T031900Z-def8be2e,baseline,A,14,14,1.1164124999995693,46.26300621032715,47.824663162231445,test_kl,-1.5616569519042969
shapley-20260606T031900Z-def8be2e,baseline,A,15,15,1.1789544000021124,42.460784912109375,42.877851486206055,test_kl,-0.4170665740966797
shapley-20260606T031900Z-def8be2e,baseline,A,16,16,1.241464000002452,27.4397497177124,27.101954460144043,test_kl,0.3377952575683558
shapley-20260606T031900Z-def8be2e,baseline,A,17,17,1.3087168000020029,27.186306953430176,26.408382415771484,test_kl,0.7779245376586914
shapley-20260606T031900Z-def8be2e,baseline,A,18,18,1.3687345000034838,38.34085464477539,38.91876792907715,test_kl,-0.5779132843017578
shapley-20260606T031900Z-def8be2e,baseline,A,19,19,1.4320903000043472,39.13195037841797,39.36025619506836,test_kl,-0.22830581665039062
shapley-20260606T031900Z-def8be2e,baseline,A,20,20,1.495812000004662,27.934572219848636,27.52101325988769,test_kl,0.4135589599609446
shapley-20260606T031900Z-def8be2e,baseline,A,21,21,1.5596551000016916,21.32499122619629,20.98578453063965,test_kl,0.3392066955566406
shapley-20260606T031900Z-def8be2e,baseline,A,22,22,1.6209962000029918,26.173324584960938,26.939096450805664,test_kl,-0.7657718658447266
shapley-20260606T031900Z-def8be2e,baseline,A,23,23,1.6815681000007316,24.41427707672119,24.83904361724853,test_kl,-0.4247665405273402
shapley-20260606T031900Z-def8be2e,baseline,A,24,24,1.7407081000019389,19.25141429901123,18.99580669403076,test_kl,0.25560760498046875
shapley-20260606T031900Z-def8be2e,baseline,A,25,25,1.8000547000010556,21.810226440429688,22.28518009185791,test_kl,-0.47495365142822266
shapley-20260606T031900Z-def8be2e,baseline,A,26,26,1.860192800002551,25.72837734222412,24.711960792541504,test_kl,1.0164165496826172
shapley-20260606T031900Z-def8be2e,baseline,A,27,27,1.9219934000029752,21.51101493835449,20.58237361907959,test_kl,0.9286413192748988
shapley-20260606T031900Z-def8be2e,baseline,A,28,28,1.9846273000039216,19.091079711914062,22.00318717956543,test_kl,-2.912107467651367
shapley-20260606T031900Z-def8be2e,baseline,A,29,29,2.0446057000044675,21.944730758666992,21.51132106781006,test_kl,0.4334096908569336
shapley-20260606T031900Z-def8be2e,baseline,A,30,30,2.104257700004382,20.346607208251957,18.47217464447021,test_kl,1.8744325637817454
shapley-20260606T031900Z-def8be2e,baseline,A,31,31,2.1662179000049946,18.12842559814453,20.282825469970703,test_kl,-2.154399871826172
shapley-20260606T031900Z-def8be2e,baseline,A,32,32,2.2267418000046746,20.16069602966309,19.133625030517575,test_kl,1.027070999145515
shapley-20260606T031900Z-def8be2e,baseline,A,33,33,2.287248800002999,18.46052360534668,17.831188201904297,test_kl,0.6293354034423828
shapley-20260606T031900Z-def8be2e,baseline,A,34,34,2.353312000002916,17.17894172668457,17.643893241882324,test_kl,-0.4649515151977539
shapley-20260606T031900Z-def8be2e,baseline,A,35,35,2.4148189000006823,17.18427848815918,16.237690925598145,test_kl,0.9465875625610352
shapley-20260606T031900Z-def8be2e,baseline,A,36,36,2.477800799999386,15.512832641601562,17.049354553222656,test_kl,-1.5365219116210938
shapley-20260606T031900Z-def8be2e,baseline,A,37,37,2.5413496999972267,16.949212074279785,15.835331439971924,test_kl,1.1138806343078613
shapley-20260606T031900Z-def8be2e,baseline,A,38,38,2.6074903000007907,15.566941261291504,15.04535150527954,test_kl,0.5215897560119647
shapley-20260606T031900Z-def8be2e,baseline,A,39,39,2.670552799998404,14.970762729644775,15.523629665374756,test_kl,-0.5528669357299805
shapley-20260606T031900Z-def8be2e,baseline,A,40,40,2.733876699996472,15.05581760406494,14.780420303344728,test_kl,0.2753973007202113
shapley-20260606T031900Z-def8be2e,baseline,A,41,41,2.79640489999656,13.928263187408447,14.49120807647705,test_kl,-0.5629448890686035
shapley-20260606T031900Z-def8be2e,baseline,A,42,42,2.859872999997606,14.828562259674072,14.139165878295898,test_kl,0.6893963813781738
shapley-20260606T031900Z-def8be2e,baseline,A,43,43,2.922198099997331,14.151366710662842,13.40863800048828,test_kl,0.7427287101745623
shapley-20260606T031900Z-def8be2e,baseline,A,44,44,2.983909999999014,13.781075477600098,13.720092296600342,test_kl,0.06098318099975586
shapley-20260606T031900Z-def8be2e,baseline,A,45,45,3.0467558999989706,13.278338432312012,13.62856912612915,test_kl,-0.35023069381713867
shapley-20260606T031900Z-def8be2e,baseline,A,46,46,3.114514400000189,12.84213399887085,13.28171968460083,test_kl,-0.43958568572998047
shapley-20260606T031900Z-def8be2e,baseline,A,47,47,3.174631399997452,12.427955150604248,12.929115295410156,test_kl,-0.5011601448059082
shapley-20260606T031900Z-def8be2e,baseline,A,48,48,3.236825699998008,12.071993350982666,11.939445495605469,test_kl,0.13254785537719727
shapley-20260606T031900Z-def8be2e,baseline,A,49,49,3.302963099999033,12.18578052520752,12.480979919433594,test_kl,-0.2951993942260742
shapley-20260606T031900Z-def8be2e,baseline,A,50,50,3.3647195999983524,12.058990001678469,11.752723217010498,test_kl,0.3062667846679705
shapley-20260606T031900Z-def8be2e,baseline,A,51,51,3.423733899999206,11.923445224761965,12.309978485107422,test_kl,-0.3865332603454572
shapley-20260606T031900Z-def8be2e,baseline,A,52,52,3.48527059999833,11.556159973144531,11.995485305786133,test_kl,-0.43932533264160156
shapley-20260606T031900Z-def8be2e,baseline,A,53,53,3.547239899999113,11.648595333099363,11.484862327575684,test_kl,0.16373300552367986
shapley-20260606T031900Z-def8be2e,baseline,A,54,54,3.607051799997862,11.064383506774902,11.797067165374756,test_kl,-0.7326836585998535
shapley-20260606T031900Z-def8be2e,baseline,A,55,55,3.666853399998218,11.42726755142212,11.120020866394045,test_kl,0.3072466850280744
shapley-20260606T031900Z-def8be2e,baseline,A,56,56,3.726811799999268,11.158629894256592,10.508764743804932,test_kl,0.6498651504516602
shapley-20260606T031900Z-def8be2e,baseline,A,57,57,3.786182599997119,10.847493648529053,10.742852210998535,test_kl,0.10464143753051758
shapley-20260606T031900Z-def8be2e,baseline,A,58,58,3.847635199996148,10.382684707641602,10.64803409576416,test_kl,-0.2653493881225586
shapley-20260606T031900Z-def8be2e,baseline,A,59,59,3.9084753999959503,10.034600257873535,10.470898628234863,test_kl,-0.4362983703613281
shapley-20260606T031900Z-def8be2e,baseline,A,60,60,3.970365999997739,10.405940532684326,10.321098804473875,test_kl,0.084841728210451
shapley-20260606T031900Z-def8be2e,baseline,A,61,61,4.03437169999961,10.144963264465332,10.061637878417969,test_kl,0.08332538604736328
shapley-20260606T031900Z-def8be2e,baseline,A,62,62,4.099554499996884,9.794133186340332,10.09066104888916,test_kl,-0.2965278625488281
shapley-20260606T031900Z-def8be2e,baseline,A,63,63,4.161841499997536,9.35979175567627,9.862261295318604,test_kl,-0.502469539642334
shapley-20260606T031900Z-def8be2e,baseline,A,64,64,4.2258604999988165,9.097017765045166,9.33564043045044,test_kl,-0.23862266540527344
shapley-20260606T031900Z-def8be2e,baseline,A,65,65,4.290711099998589,9.13149881362915,9.517857074737549,test_kl,-0.38635826110839844
shapley-20260606T031900Z-def8be2e,baseline,A,66,66,4.352311899998313,9.741002559661863,9.320050716400146,test_kl,0.420951843261717
shapley-20260606T031900Z-def8be2e,baseline,A,67,67,4.415380499998719,9.306350231170654,8.979150772094727,test_kl,0.32719945907592773
shapley-20260606T031900Z-def8be2e,baseline,A,68,68,4.475121599996783,8.696407794952393,8.917102336883545,test_kl,-0.22069454193115234
shapley-20260606T031900Z-def8be2e,baseline,A,69,69,4.535627999997814,8.73110818862915,8.629753589630127,test_kl,0.10135459899902344
shapley-20260606T031900Z-def8be2e,baseline,A,70,70,4.600256699995953,9.096633434295654,8.566537380218506,test_kl,0.5300960540771484
shapley-20260606T031900Z-def8be2e,baseline,A,71,71,4.664171199994598,9.303791999816896,8.327029705047607,test_kl,0.9767622947692889
shapley-20260606T031900Z-def8be2e,baseline,A,72,72,4.725927599996794,8.823668479919434,8.611489295959473,test_kl,0.21217918395996094
shapley-20260606T031900Z-def8be2e,baseline,A,73,73,4.791031799995835,8.866705894470215,8.876117706298828,test_kl,-0.009411811828613281
shapley-20260606T031900Z-def8be2e,baseline,A,74,74,4.860296399994695,8.533620834350586,8.461765766143799,test_kl,0.07185506820678711
shapley-20260606T031900Z-def8be2e,baseline,A,75,75,4.920155299994804,8.39636516571045,7.885072946548462,test_kl,0.5112922191619873
shapley-20260606T031900Z-def8be2e,baseline,A,76,76,4.98894599999403,7.950521469116211,8.057478427886963,test_kl,-0.10695695877075195
shapley-20260606T031900Z-def8be2e,baseline,A,77,77,5.049712499992893,8.294754028320312,8.528582572937012,test_kl,-0.23382854461669922
shapley-20260606T031900Z-def8be2e,baseline,A,78,78,5.11298779999197,7.756101131439209,7.881894588470459,test_kl,-0.12579345703125
shapley-20260606T031900Z-def8be2e,baseline,A,79,79,5.178274299993063,8.510417461395264,7.907269716262817,test_kl,0.6031477451324463
shapley-20260606T031900Z-def8be2e,baseline,A,80,80,5.2410669999917445,8.363882541656494,7.935964107513428,test_kl,0.4279184341430664
shapley-20260606T031900Z-def8be2e,baseline,A,81,81,5.308313899993664,7.562623977661133,7.947175979614258,test_kl,-0.384552001953125
shapley-20260606T031900Z-def8be2e,baseline,A,82,82,5.367880799993145,7.629303216934204,7.410759687423706,test_kl,0.21854352951049805
shapley-20260606T031900Z-def8be2e,baseline,A,83,83,5.430464199991548,7.834440231323242,7.929171323776245,test_kl,-0.09473109245300293
shapley-20260606T031900Z-def8be2e,baseline,A,84,84,5.489611899993179,7.7250354290008545,7.99443507194519,test_kl,-0.26939964294433594
shapley-20260606T031900Z-def8be2e,baseline,A,85,85,5.549133299995447,7.415242671966553,7.426087379455566,test_kl,-0.010844707489013672
shapley-20260606T031900Z-def8be2e,baseline,A,86,86,5.613097399993421,7.432044506072998,7.377938270568848,test_kl,0.05410623550415039
shapley-20260606T031900Z-def8be2e,baseline,A,87,87,5.674600799993641,7.196536540985107,7.295691967010498,test_kl,-0.09915542602539062
shapley-20260606T031900Z-def8be2e,baseline,A,88,88,5.737123899994913,7.038009643554688,7.848224878311157,test_kl,-0.8102152347564688
shapley-20260606T031900Z-def8be2e,baseline,A,89,89,5.803199599995423,7.09995174407959,7.4172563552856445,test_kl,-0.3173046112060547
shapley-20260606T031900Z-def8be2e,baseline,A,90,90,5.873772699993424,7.259036064147949,6.703071117401123,test_kl,0.5559649467468262
shapley-20260606T031900Z-def8be2e,baseline,A,91,91,5.939543399992544,6.939738988876343,6.727580547332764,test_kl,0.2121584415435791
shapley-20260606T031900Z-def8be2e,baseline,A,92,92,6.003104599989456,6.867648363113403,6.963623762130737,test_kl,-0.09597539901733398
shapley-20260606T031900Z-def8be2e,baseline,A,93,93,6.067357399988396,7.268128395080566,7.026949882507324,test_kl,0.2411785125732422
shapley-20260606T031900Z-def8be2e,baseline,A,94,94,6.133518299990101,7.05319356918335,6.991509914398193,test_kl,0.06168365478515625
shapley-20260606T031900Z-def8be2e,baseline,A,95,95,6.200165099991864,6.3477630615234375,6.134040355682373,test_kl,0.21372270584106445
shapley-20260606T031900Z-def8be2e,baseline,A,96,96,6.263529599989852,6.597424507141113,7.058298826217651,test_kl,-0.4608743190765381
shapley-20260606T031900Z-def8be2e,baseline,A,97,97,6.3277561999893805,6.397329092025757,6.962022066116333,test_kl,-0.5646929740905762
shapley-20260606T031900Z-def8be2e,baseline,A,98,98,6.393479199989088,6.676354169845581,6.3920605182647705,test_kl,0.28429365158081055
shapley-20260606T031900Z-def8be2e,baseline,A,99,99,6.456457399988722,6.073532819747925,6.6998450756073,test_kl,-0.626312255859375
shapley-20260606T031900Z-def8be2e,baseline,A,100,100,6.519957099986641,6.565707445144653,6.670708179473877,test_kl,-0.10500073432922363
shapley-20260606T031900Z-def8be2e,baseline,A,101,101,6.586060899986478,6.923606395721436,6.6835877895355225,test_kl,0.24001860618591397
shapley-20260606T031900Z-def8be2e,baseline,A,102,102,6.6515300999853935,6.181035280227661,6.174775123596191,test_kl,0.0062601566314697266
shapley-20260606T031900Z-def8be2e,baseline,A,103,103,6.713778799985448,6.271585702896118,6.193604707717896,test_kl,0.07798099517822177
shapley-20260606T031900Z-def8be2e,baseline,A,104,104,6.776596099985909,6.223823308944702,6.278077363967896,test_kl,-0.05425405502319425
shapley-20260606T031900Z-def8be2e,baseline,A,105,105,6.84131729998262,6.289214134216309,6.454696178436279,test_kl,-0.1654820442199707
shapley-20260606T031900Z-def8be2e,baseline,A,106,106,6.910914599982789,5.777732610702515,6.148550271987915,test_kl,-0.3708176612854004
shapley-20260606T031900Z-def8be2e,baseline,A,107,107,6.980403599980491,5.988374948501587,6.149487733840942,test_kl,-0.16111278533935547
shapley-20260606T031900Z-def8be2e,baseline,A,108,108,7.047232899978553,6.106847047805786,6.1454267501831055,test_kl,-0.038579702377319336
shapley-20260606T031900Z-def8be2e,baseline,A,109,109,7.113878199979808,5.780473232269287,5.918542385101318,test_kl,-0.13806915283203125
shapley-20260606T031900Z-def8be2e,baseline,A,110,110,7.175896799981274,5.857212066650391,5.834732055664063,test_kl,0.022480010986327237
shapley-20260606T031900Z-def8be2e,baseline,A,111,111,7.240537299981952,5.690908908843994,5.964665174484253,test_kl,-0.2737562656402588
shapley-20260606T031900Z-def8be2e,baseline,A,112,112,7.307493099982821,5.672382593154907,5.5024590492248535,test_kl,0.1699235439300537
shapley-20260606T031900Z-def8be2e,baseline,A,113,113,7.376768299982359,5.89948582649231,6.027563571929932,test_kl,-0.12807774543762207
shapley-20260606T031900Z-def8be2e,baseline,A,114,114,7.440561099982005,5.477630853652954,5.847715377807617,test_kl,-0.3700845241546631
shapley-20260606T031900Z-def8be2e,baseline,A,115,115,7.508674099983182,5.878041982650757,5.68051290512085,test_kl,0.19752907752990723
shapley-20260606T031900Z-def8be2e,baseline,A,116,116,7.572118599982787,5.279964447021484,5.604960918426514,test_kl,-0.3249964714050293
shapley-20260606T031900Z-def8be2e,baseline,A,117,117,7.637865799984866,5.576833963394165,5.634525299072266,test_kl,-0.057691335678100586
shapley-20260606T031900Z-def8be2e,baseline,A,118,118,7.709035499985475,5.549067497253418,5.494628429412842,test_kl,0.05443906784057617
shapley-20260606T031900Z-def8be2e,baseline,A,119,119,7.772899999989022,5.223256349563599,5.8227245807647705,test_kl,-0.5994682312011719
shapley-20260606T031900Z-def8be2e,baseline,A,120,120,7.841550299988739,5.386897802352905,5.518081426620483,test_kl,-0.13118362426757812
shapley-20260606T031900Z-def8be2e,baseline,A,121,121,7.907819799987919,5.331282615661621,5.190103769302368,test_kl,0.14117884635925293
shapley-20260606T031900Z-def8be2e,baseline,A,122,122,7.972857699987799,4.798467397689819,5.031085729598999,test_kl,-0.2326183319091797
shapley-20260606T031900Z-def8be2e,baseline,A,123,123,8.038955199986958,5.265749454498291,5.125456094741821,test_kl,0.14029335975646973
shapley-20260606T031900Z-def8be2e,baseline,A,124,124,8.110165599984612,4.88412618637085,5.191177129745483,test_kl,-0.3070509433746338
shapley-20260606T031900Z-def8be2e,baseline,A,125,125,8.178471899984288,5.203122854232788,5.0998616218566895,test_kl,0.10326123237609863
shapley-20260606T031900Z-def8be2e,baseline,A,126,126,8.242897199983418,4.8929407596588135,4.867950439453125,test_kl,0.024990320205688477
shapley-20260606T031900Z-def8be2e,baseline,A,127,127,8.308714299986605,5.197197437286377,5.122855424880981,test_kl,0.0743420124053964
shapley-20260606T031900Z-def8be2e,baseline,A,128,128,8.37323399998786,4.8905110359191895,5.167117118835449,test_kl,-0.27660608291625977
shapley-20260606T031900Z-def8be2e,baseline,A,129,129,8.437572499988164,5.369951248168945,5.021685123443604,test_kl,0.3482661247253409
shapley-20260606T031900Z-def8be2e,baseline,A,130,130,8.505628699989757,4.645856857299805,5.064519882202148,test_kl,-0.41866302490234375
shapley-20260606T031900Z-def8be2e,baseline,A,131,131,8.57023159999153,5.275756359100342,4.757390022277832,test_kl,0.5183663368225098
shapley-20260606T031900Z-def8be2e,baseline,A,132,132,8.638370599990594,4.782412528991699,4.93330717086792,test_kl,-0.1508946418762207
shapley-20260606T031900Z-def8be2e,baseline,A,133,133,8.701648099991871,5.271299839019775,5.099869251251221,test_kl,0.1714305877685547
shapley-20260606T031900Z-def8be2e,baseline,A,134,134,8.768212599992694,4.623364210128784,5.002326011657715,test_kl,-0.37896180152893066
shapley-20260606T031900Z-def8be2e,baseline,A,135,135,8.831026599993493,5.248735427856445,5.152545928955078,test_kl,0.09618949890136719
shapley-20260606T031900Z-def8be2e,baseline,A,136,136,8.895310499992775,4.941832065582275,4.958931922912598,test_kl,-0.017099857330322266
shapley-20260606T031900Z-def8be2e,baseline,A,137,137,8.96136249999472,4.980195999145508,4.896292686462402,test_kl,0.08390331268310547
shapley-20260606T031900Z-def8be2e,baseline,A,138,138,9.0318917999939,5.104586124420166,4.901838302612305,test_kl,0.20274782180786133
shapley-20260606T031900Z-def8be2e,baseline,A,139,139,9.12408489999143,4.942752122879028,5.086659669876099,test_kl,-0.1439075469970703
shapley-20260606T031900Z-def8be2e,baseline,A,140,140,9.214618999991217,5.108489274978638,5.0888848304748535,test_kl,0.01960444450378418
shapley-20260606T031900Z-def8be2e,baseline,A,141,141,9.30432679999285,4.713634729385376,4.958847284317017,test_kl,-0.24521255493164062
shapley-20260606T031900Z-def8be2e,baseline,A,142,142,9.387605799991434,5.159085512161255,5.00098180770874,test_kl,0.15810370445251465
shapley-20260606T031900Z-def8be2e,baseline,A,143,143,9.457668399991237,4.961841344833374,5.033288478851318,test_kl,-0.07144713401794434
shapley-20260606T031900Z-def8be2e,baseline,A,144,144,9.522375099993951,4.986018180847168,4.997418880462647,test_kl,-0.011400699615479404
shapley-20260606T031900Z-def8be2e,baseline,A,145,145,9.589366799995332,4.902163743972778,4.998366355895996,test_kl,-0.09620261192321777
shapley-20260606T031900Z-def8be2e,baseline,A,146,146,9.65394319999541,5.3857245445251465,5.015944957733154,test_kl,0.3697795867919922
shapley-20260606T031900Z-def8be2e,baseline,A,147,147,9.718368699996065,4.699520587921143,4.892866373062134,test_kl,-0.1933457851409912
shapley-20260606T031900Z-def8be2e,baseline,A,148,148,9.783946099996683,5.18069052696228,5.051043272018433,test_kl,0.12964725494384766
shapley-20260606T031900Z-def8be2e,baseline,A,149,149,9.848404699998357,4.886886596679688,5.031285047531128,test_kl,-0.14439845085143954
shapley-20260606T031900Z-def8be2e,baseline,A,150,150,9.913718299998436,4.760408163070679,4.95377779006958,test_kl,-0.19336962699890137
shapley-20260606T031900Z-def8be2e,baseline,A,151,151,9.977541899999778,5.227861166000366,5.269379854202271,test_kl,-0.041518688201905185
shapley-20260606T031900Z-def8be2e,baseline,A,152,152,10.04036669999914,5.110862016677856,4.895142078399658,test_kl,0.21571993827819735
shapley-20260606T031900Z-def8be2e,baseline,A,153,153,10.104234700000234,4.979192018508911,4.837572574615479,test_kl,0.14161944389343173
shapley-20260606T031900Z-def8be2e,baseline,A,154,154,10.173177600001509,4.99294114112854,4.992709398269653,test_kl,0.00023174285888671875
shapley-20260606T031900Z-def8be2e,baseline,A,155,155,10.242476700001134,4.975362777709961,5.213153839111328,test_kl,-0.2377910614013672
shapley-20260606T031900Z-def8be2e,baseline,A,156,156,10.315295799999149,5.035764455795288,4.939362525939941,test_kl,0.09640192985534668
shapley-20260606T031900Z-def8be2e,baseline,A,157,157,10.37865729999976,4.8196423053741455,4.883707523345947,test_kl,-0.06406521797180176
shapley-20260606T031900Z-def8be2e,baseline,A,158,158,10.444791999998415,5.077078819274902,4.930971384048462,test_kl,0.14610743522644043
shapley-20260606T031900Z-def8be2e,baseline,A,159,159,10.507498799997848,5.093613624572754,5.1728925704956055,test_kl,-0.07927894592285156
shapley-20260606T031900Z-def8be2e,baseline,A,160,160,10.570777799995994,4.824241399765015,5.116436243057251,test_kl,-0.29219484329223633
shapley-20260606T031900Z-def8be2e,baseline,A,161,161,10.637656399998376,5.065796136856079,4.87653398513794,test_kl,0.18926215171813876
shapley-20260606T031900Z-def8be2e,baseline,A,162,162,10.701193499997316,5.062931060791016,4.93612003326416,test_kl,0.12681102752685547
shapley-20260606T031900Z-def8be2e,baseline,A,163,163,10.763730599996052,4.924338817596436,5.002861976623535,test_kl,-0.07852315902709872
shapley-20260606T031900Z-def8be2e,baseline,A,164,164,10.826409699995564,5.007513761520386,4.98457932472229,test_kl,0.022934436798095703
shapley-20260606T031900Z-def8be2e,baseline,A,165,165,10.89265319999322,5.128850698471069,5.006507635116577,test_kl,0.12234306335449219
shapley-20260606T031900Z-def8be2e,baseline,A,166,166,10.95601789999273,5.039828062057495,5.064429998397827,test_kl,-0.02460193634033203
shapley-20260606T031900Z-def8be2e,baseline,A,167,167,11.018021599993515,4.977468252182007,5.071227788925171,test_kl,-0.09375953674316406
shapley-20260606T031900Z-def8be2e,baseline,A,168,168,11.084688199993252,4.963473796844482,4.999794483184815,test_kl,-0.03632068634033292
shapley-20260606T031900Z-def8be2e,baseline,A,169,169,11.152400899991337,5.046122074127197,4.936224222183228,test_kl,0.10989785194396884
shapley-20260606T031900Z-def8be2e,baseline,A,170,170,11.21549509999386,4.977408409118652,4.998227834701538,test_kl,-0.020819425582885742
shapley-20260606T031900Z-def8be2e,baseline,A,171,171,11.27963639999507,4.95154595375061,5.009246349334717,test_kl,-0.057700395584106445
shapley-20260606T031900Z-def8be2e,baseline,A,172,172,11.346581899997544,4.918220281600952,4.952991485595703,test_kl,-0.03477120399475098
shapley-20260606T031900Z-def8be2e,baseline,A,173,173,11.41808729999684,4.92836594581604,4.974735975265503,test_kl,-0.04637002944946289
shapley-20260606T031900Z-def8be2e,baseline,A,174,174,11.48464359999707,5.028632640838623,5.010564804077148,test_kl,0.01806783676147461
shapley-20260606T031900Z-def8be2e,baseline,A,175,175,11.5516419999949,5.141370534896851,5.0660247802734375,test_kl,0.07534575462341309
shapley-20260606T031900Z-def8be2e,baseline,A,176,176,11.61834789999557,5.103891134262085,5.049281597137451,test_kl,0.05460953712463379
shapley-20260606T031900Z-def8be2e,baseline,A,177,177,11.683115299994824,4.991871356964111,5.030739784240723,test_kl,-0.03886842727661133
shapley-20260606T031900Z-def8be2e,baseline,A,178,178,11.75338909999482,4.941621780395508,5.006579637527466,test_kl,-0.06495785713195801
shapley-20260606T031900Z-def8be2e,baseline,A,179,179,11.82441089999702,4.960783004760742,4.966124057769775,test_kl,-0.005341053009033203
shapley-20260606T031900Z-def8be2e,baseline,A,180,180,11.897732099994755,4.956839561462402,4.980394601821899,test_kl,-0.02355504035949707
shapley-20260606T031900Z-def8be2e,baseline,A,181,181,11.966081199992914,4.928474426269531,5.013788461685181,test_kl,-0.08531403541564941
shapley-20260606T031900Z-def8be2e,baseline,A,182,182,12.03322209999169,4.955047607421875,5.0207390785217285,test_kl,-0.06569147109985352
shapley-20260606T031900Z-def8be2e,baseline,A,183,183,12.099131999992096,5.016432046890259,4.981193542480469,test_kl,0.03523850440979004
shapley-20260606T031900Z-def8be2e,baseline,A,184,184,12.167094599994016,5.043168544769287,4.9446330070495605,test_kl,0.09853553771972656
shapley-20260606T031900Z-def8be2e,baseline,A,185,185,12.232348199991977,5.05146050453186,4.962164640426636,test_kl,0.08929586410522461
shapley-20260606T031900Z-def8be2e,baseline,A,186,186,12.299015199991118,5.045249223709106,4.9810638427734375,test_kl,0.06418538093566806
shapley-20260606T031900Z-def8be2e,baseline,A,187,187,12.362384699990798,5.043323993682861,5.013678073883057,test_kl,0.029645919799804688
shapley-20260606T031900Z-def8be2e,baseline,A,188,188,12.42972249999002,5.015932321548462,5.039557933807373,test_kl,-0.023625612258911133
shapley-20260606T031900Z-def8be2e,baseline,A,189,189,12.49836329999016,4.948226451873779,5.032561779022217,test_kl,-0.0843353271484375
shapley-20260606T031900Z-def8be2e,baseline,A,190,190,12.565995299988572,4.919292211532593,5.009408235549927,test_kl,-0.09011602401733398
shapley-20260606T031900Z-def8be2e,baseline,A,191,191,12.635659399988072,4.964503526687622,4.99593448638916,test_kl,-0.031430959701538086
shapley-20260606T031900Z-def8be2e,baseline,A,192,192,12.698912899984862,5.004261016845703,4.989767789840698,test_kl,0.014493227005004883
shapley-20260606T031900Z-def8be2e,baseline,A,193,193,12.764678099985758,5.059438467025757,4.993673801422119,test_kl,0.0657646656036377
shapley-20260606T031900Z-def8be2e,baseline,A,194,194,12.833668699986449,5.07524561882019,4.999004125595093,test_kl,0.07624149322509766
shapley-20260606T031900Z-def8be2e,baseline,A,195,195,12.8988685999866,5.064890623092651,4.986610651016235,test_kl,0.07827997207641602
shapley-20260606T031900Z-def8be2e,baseline,A,196,196,12.96429169998737,5.039809465408325,4.979225158691406,test_kl,0.060584306716918945
shapley-20260606T031900Z-def8be2e,baseline,A,197,197,13.03401199998916,5.00493311882019,4.994334220886231,test_kl,0.010598897933959073
shapley-20260606T031900Z-def8be2e,baseline,A,198,198,13.099838499987529,4.9671502113342285,5.006468296051025,test_kl,-0.039318084716796875
shapley-20260606T031900Z-def8be2e,baseline,A,199,199,13.16699049998715,4.937720775604248,5.006791353225708,test_kl,-0.06907057762145996
shapley-20260606T031924Z-4c117d56,marginal,A,0,0,0.2496620999991137,21.25568199157715,25.07045078277588,test_kl,-3.8147687911987305
shapley-20260606T031924Z-4c117d56,marginal,A,1,1,0.3137051999983669,45.83586311340332,48.108245849609375,test_kl,-2.2723827362060547
shapley-20260606T031924Z-4c117d56,marginal,A,2,2,0.37492199999906,52.523380279541016,52.01642990112305,test_kl,0.5069503784179688
shapley-20260606T031924Z-4c117d56,marginal,A,3,3,0.4341334999990067,56.25844383239746,56.05354499816895,test_kl,0.20489883422850852
shapley-20260606T031924Z-4c117d56,marginal,A,4,4,0.4949003000001539,60.73612785339356,60.23643112182617,test_kl,0.4996967315673899
shapley-20260606T031924Z-4c117d56,marginal,A,5,5,0.5579986999982793,63.33064270019531,62.40057182312012,test_kl,0.9300708770751953
shapley-20260606T031924Z-4c117d56,marginal,A,6,6,0.6179659999979776,66.05183029174805,65.50904846191406,test_kl,0.5427818298339844
shapley-20260606T031924Z-4c117d56,marginal,A,7,7,0.6793092999978398,68.98297882080078,68.61335754394531,test_kl,0.36962127685546875
shapley-20260606T031924Z-4c117d56,marginal,A,8,8,0.7414350999970338,72.62469482421875,72.32917022705078,test_kl,0.29552459716796875
shapley-20260606T031924Z-4c117d56,marginal,A,9,9,0.8009162999951513,76.07175827026367,74.74415969848633,test_kl,1.3275985717773438
shapley-20260606T031924Z-4c117d56,marginal,A,10,10,0.865132499995525,79.03192901611328,78.2542724609375,test_kl,0.7776565551757812
shapley-20260606T031924Z-4c117d56,marginal,A,11,11,0.929662799993821,49.18179321289063,48.34114074707031,test_kl,0.8406524658203196
shapley-20260606T031924Z-4c117d56,marginal,A,12,12,0.9983511999926122,25.58565902709961,26.301676750183105,test_kl,-0.7160177230834961
shapley-20260606T031924Z-4c117d56,marginal,A,13,13,1.064095299992914,35.54432487487793,36.30272674560547,test_kl,-0.7584018707275391
shapley-20260606T031924Z-4c117d56,marginal,A,14,14,1.1261827999951493,47.30177116394043,47.824663162231445,test_kl,-0.5228919982910156
shapley-20260606T031924Z-4c117d56,marginal,A,15,15,1.185801799994806,43.21728324890137,42.877851486206055,test_kl,0.3394317626953125
shapley-20260606T031924Z-4c117d56,marginal,A,16,16,1.2505983999944874,26.882365226745605,27.101954460144043,test_kl,-0.2195892333984375
shapley-20260606T031924Z-4c117d56,marginal,A,17,17,1.3170961999967403,26.432164192199707,26.408382415771484,test_kl,0.023781776428222656
shapley-20260606T031924Z-4c117d56,marginal,A,18,18,1.381782899996324,38.26322555541992,38.91876792907715,test_kl,-0.6555423736572266
shapley-20260606T031924Z-4c117d56,marginal,A,19,19,1.441686899997876,38.9268798828125,39.36025619506836,test_kl,-0.4333763122558594
shapley-20260606T031924Z-4c117d56,marginal,A,20,20,1.5021549999983108,27.66819190979004,27.52101325988769,test_kl,0.1471786499023473
shapley-20260606T031924Z-4c117d56,marginal,A,21,21,1.567399599996861,21.927793502807617,20.98578453063965,test_kl,0.9420089721679688
shapley-20260606T031924Z-4c117d56,marginal,A,22,22,1.6284605999971973,26.90022563934326,26.939096450805664,test_kl,-0.038870811462402344
shapley-20260606T031924Z-4c117d56,marginal,A,23,23,1.6913506999990204,24.480956077575684,24.83904361724853,test_kl,-0.358087539672848
shapley-20260606T031924Z-4c117d56,marginal,A,24,24,1.753277199997683,19.061284065246586,18.99580669403076,test_kl,0.06547737121582387
shapley-20260606T031924Z-4c117d56,marginal,A,25,25,1.8170315999959712,22.535094261169437,22.28518009185791,test_kl,0.249914169311527
shapley-20260606T031924Z-4c117d56,marginal,A,26,26,1.8825487999965844,20.43147850036621,24.711960792541504,test_kl,-4.280482292175293
shapley-20260606T031924Z-4c117d56,marginal,A,27,27,1.947304899997107,20.661852836608887,20.58237361907959,test_kl,0.07947921752929688
shapley-20260606T031924Z-4c117d56,marginal,A,28,28,2.0096969999940484,24.04766082763672,22.00318717956543,test_kl,2.044473648071289
shapley-20260606T031924Z-4c117d56,marginal,A,29,29,2.074779499995202,21.79763126373291,21.51132106781006,test_kl,0.28631019592285156
shapley-20260606T031924Z-4c117d56,marginal,A,30,30,2.13954009999361,18.83677387237549,18.47217464447021,test_kl,0.364599227905277
shapley-20260606T031924Z-4c117d56,marginal,A,31,31,2.201129299992317,20.72351837158203,20.282825469970703,test_kl,0.4406929016113281
shapley-20260606T031924Z-4c117d56,marginal,A,32,32,2.262911099995108,18.97299289703369,19.133625030517575,test_kl,-0.16063213348388317
shapley-20260606T031924Z-4c117d56,marginal,A,33,33,2.3315796999959275,17.060378074645996,17.831188201904297,test_kl,-0.7708101272583008
shapley-20260606T031924Z-4c117d56,marginal,A,34,34,2.3970524999967893,19.53134632110596,17.643893241882324,test_kl,1.8874530792236364
shapley-20260606T031924Z-4c117d56,marginal,A,35,35,2.459753099996305,17.45533275604248,16.237690925598145,test_kl,1.217641830444336
shapley-20260606T031924Z-4c117d56,marginal,A,36,36,2.522186799997144,16.834012031555176,17.049354553222656,test_kl,-0.21534252166748047
shapley-20260606T031924Z-4c117d56,marginal,A,37,37,2.5849232000000484,16.242562294006348,15.835331439971924,test_kl,0.40723085403442383
shapley-20260606T031924Z-4c117d56,marginal,A,38,38,2.649020600001677,14.971163272857666,15.04535150527954,test_kl,-0.07418823242187322
shapley-20260606T031924Z-4c117d56,marginal,A,39,39,2.707981800002017,16.22356128692627,15.523629665374756,test_kl,0.6999316215515137
shapley-20260606T031924Z-4c117d56,marginal,A,40,40,2.767238800002815,14.866687774658203,14.780420303344728,test_kl,0.08626747131347479
shapley-20260606T031924Z-4c117d56,marginal,A,41,41,2.8310669000020425,14.546282768249512,14.49120807647705,test_kl,0.05507469177246094
shapley-20260606T031924Z-4c117d56,marginal,A,42,42,2.893908599999122,14.077591896057127,14.139165878295898,test_kl,-0.06157398223877131
shapley-20260606T031924Z-4c117d56,marginal,A,43,43,2.9559473999979677,13.70949411392212,13.40863800048828,test_kl,0.30085611343383967
shapley-20260606T031924Z-4c117d56,marginal,A,44,44,3.0162872999972024,13.091588020324709,13.720092296600342,test_kl,-0.628504276275633
shapley-20260606T031924Z-4c117d56,marginal,A,45,45,3.081127599998581,13.449490547180176,13.62856912612915,test_kl,-0.1790785789489746
shapley-20260606T031924Z-4c117d56,marginal,A,46,46,3.1488083000003826,12.97131061553955,13.28171968460083,test_kl,-0.3104090690612793
shapley-20260606T031924Z-4c117d56,marginal,A,47,47,3.2104971000007936,13.03154230117798,12.929115295410156,test_kl,0.10242700576782404
shapley-20260606T031924Z-4c117d56,marginal,A,48,48,3.271172700002353,12.65788459777832,11.939445495605469,test_kl,0.7184391021728516
shapley-20260606T031924Z-4c117d56,marginal,A,49,49,3.330961400002707,12.100842475891112,12.480979919433594,test_kl,-0.38013744354248225
shapley-20260606T031924Z-4c117d56,marginal,A,50,50,3.3926420000025246,12.073769569396973,11.752723217010498,test_kl,0.3210463523864746
shapley-20260606T031924Z-4c117d56,marginal,A,51,51,3.4544593000027817,11.481584072113035,12.309978485107422,test_kl,-0.8283944129943865
shapley-20260606T031924Z-4c117d56,marginal,A,52,52,3.5192785000035656,11.68241834640503,11.995485305786133,test_kl,-0.3130669593811035
shapley-20260606T031924Z-4c117d56,marginal,A,53,53,3.580202500001178,11.242717742919922,11.484862327575684,test_kl,-0.24214458465576172
shapley-20260606T031924Z-4c117d56,marginal,A,54,54,3.6463278000010177,11.402615547180176,11.797067165374756,test_kl,-0.3944516181945801
shapley-20260606T031924Z-4c117d56,marginal,A,55,55,3.712606299999607,10.755528926849363,11.120020866394045,test_kl,-0.3644919395446813
shapley-20260606T031924Z-4c117d56,marginal,A,56,56,3.774066800000583,10.20539093017578,10.508764743804932,test_kl,-0.30337381362915217
shapley-20260606T031924Z-4c117d56,marginal,A,57,57,3.834384400001,10.454683780670166,10.742852210998535,test_kl,-0.28816843032836914
shapley-20260606T031924Z-4c117d56,marginal,A,58,58,3.894011299998965,10.062044143676758,10.64803409576416,test_kl,-0.5859899520874023
shapley-20260606T031924Z-4c117d56,marginal,A,59,59,3.95388180000009,11.029299259185793,10.470898628234863,test_kl,0.5584006309509295
shapley-20260606T031924Z-4c117d56,marginal,A,60,60,4.0171609000026365,10.176805019378662,10.321098804473875,test_kl,-0.14429378509521307
shapley-20260606T031924Z-4c117d56,marginal,A,61,61,4.07649610000226,9.940790176391602,10.061637878417969,test_kl,-0.12084770202636719
shapley-20260606T031924Z-4c117d56,marginal,A,62,62,4.136128800004371,9.843611240386965,10.09066104888916,test_kl,-0.2470498085021955
shapley-20260606T031924Z-4c117d56,marginal,A,63,63,4.195139300005394,9.859023094177246,9.862261295318604,test_kl,-0.003238201141357422
shapley-20260606T031924Z-4c117d56,marginal,A,64,64,4.257122900005925,9.976211547851562,9.33564043045044,test_kl,0.640571117401123
shapley-20260606T031924Z-4c117d56,marginal,A,65,65,4.318199700006517,9.503005981445312,9.517857074737549,test_kl,-0.014851093292236328
shapley-20260606T031924Z-4c117d56,marginal,A,66,66,4.379120000005059,10.101511478424072,9.320050716400146,test_kl,0.7814607620239258
shapley-20260606T031924Z-4c117d56,marginal,A,67,67,4.438004900002852,8.98788833618164,8.979150772094727,test_kl,0.008737564086914062
shapley-20260606T031924Z-4c117d56,marginal,A,68,68,4.502589400002762,8.838995933532715,8.917102336883545,test_kl,-0.07810640335083008
shapley-20260606T031924Z-4c117d56,marginal,A,69,69,4.56506370000352,9.23481559753418,8.629753589630127,test_kl,0.6050620079040527
shapley-20260606T031924Z-4c117d56,marginal,A,70,70,4.625500300004205,9.322842597961426,8.566537380218506,test_kl,0.7563052177429199
shapley-20260606T031924Z-4c117d56,marginal,A,71,71,4.686086100005923,9.348500728607178,8.327029705047607,test_kl,1.0214710235595703
shapley-20260606T031924Z-4c117d56,marginal,A,72,72,4.747210300003644,8.823273658752441,8.611489295959473,test_kl,0.21178436279296875
shapley-20260606T031924Z-4c117d56,marginal,A,73,73,4.811490500003856,8.735549449920654,8.876117706298828,test_kl,-0.14056825637817383
shapley-20260606T031924Z-4c117d56,marginal,A,74,74,4.871614700001373,8.32976245880127,8.461765766143799,test_kl,-0.1320033073425293
shapley-20260606T031924Z-4c117d56,marginal,A,75,75,4.935407300003135,8.743873596191406,7.885072946548462,test_kl,0.8588006496429443
shapley-20260606T031924Z-4c117d56,marginal,A,76,76,4.994747500004451,8.664584159851074,8.057478427886963,test_kl,0.6071057319641113
shapley-20260606T031924Z-4c117d56,marginal,A,77,77,5.053642400005629,8.404561996459961,8.528582572937012,test_kl,-0.12402057647705078
shapley-20260606T031924Z-4c117d56,marginal,A,78,78,5.119040400008089,8.007652759552002,7.881894588470459,test_kl,0.12575817108154297
shapley-20260606T031924Z-4c117d56,marginal,A,79,79,5.17963590000727,8.069557666778564,7.907269716262817,test_kl,0.16228795051574707
shapley-20260606T031924Z-4c117d56,marginal,A,80,80,5.240332000004855,7.726436376571655,7.935964107513428,test_kl,-0.20952773094177246
shapley-20260606T031924Z-4c117d56,marginal,A,81,81,5.302443000004132,8.186796188354492,7.947175979614258,test_kl,0.23962020874023438
shapley-20260606T031924Z-4c117d56,marginal,A,82,82,5.367660100004287,8.095112323760986,7.410759687423706,test_kl,0.6843526363372803
shapley-20260606T031924Z-4c117d56,marginal,A,83,83,5.430080200003431,7.74148678779602,7.929171323776245,test_kl,-0.1876845359802255
shapley-20260606T031924Z-4c117d56,marginal,A,84,84,5.490278500004933,7.621667385101318,7.99443507194519,test_kl,-0.37276768684387207
shapley-20260606T031924Z-4c117d56,marginal,A,85,85,5.552588800004742,7.066821336746216,7.426087379455566,test_kl,-0.3592660427093506
shapley-20260606T031924Z-4c117d56,marginal,A,86,86,5.618121700004849,6.70836615562439,7.377938270568848,test_kl,-0.669572114944458
shapley-20260606T031924Z-4c117d56,marginal,A,87,87,5.681032000004052,7.757322549819946,7.295691967010498,test_kl,0.46163058280944824
shapley-20260606T031924Z-4c117d56,marginal,A,88,88,5.744150300004549,7.646976947784424,7.848224878311157,test_kl,-0.2012479305267334
shapley-20260606T031924Z-4c117d56,marginal,A,89,89,5.805583500005014,7.741663932800293,7.4172563552856445,test_kl,0.32440757751464844
shapley-20260606T031924Z-4c117d56,marginal,A,90,90,5.875673900005495,6.9831383228302,6.703071117401123,test_kl,0.28006720542907715
shapley-20260606T031924Z-4c117d56,marginal,A,91,91,5.943847600006848,7.1868650913238525,6.727580547332764,test_kl,0.45928454399108887
shapley-20260606T031924Z-4c117d56,marginal,A,92,92,6.012917500007461,7.3158323764801025,6.963623762130737,test_kl,0.35220861434936523
shapley-20260606T031924Z-4c117d56,marginal,A,93,93,6.079154000006383,6.805828094482422,7.026949882507324,test_kl,-0.22112178802490234
shapley-20260606T031924Z-4c117d56,marginal,A,94,94,6.142171400006191,7.06054425239563,6.991509914398193,test_kl,0.06903433799743652
shapley-20260606T031924Z-4c117d56,marginal,A,95,95,6.206550800005061,6.627894639968872,6.134040355682373,test_kl,0.493854284286499
shapley-20260606T031924Z-4c117d56,marginal,A,96,96,6.272964400006458,6.697121381759644,7.058298826217651,test_kl,-0.3611774444580069
shapley-20260606T031924Z-4c117d56,marginal,A,97,97,6.336728600006609,6.600780487060547,6.962022066116333,test_kl,-0.36124157905578613
shapley-20260606T031924Z-4c117d56,marginal,A,98,98,6.402122400006192,6.680565118789673,6.3920605182647705,test_kl,0.28850460052490234
shapley-20260606T031924Z-4c117d56,marginal,A,99,99,6.467129900007421,6.444572448730469,6.6998450756073,test_kl,-0.25527262687683105
shapley-20260606T031924Z-4c117d56,marginal,A,100,100,6.535145300007571,6.46418046951294,6.670708179473877,test_kl,-0.2065277099609366
shapley-20260606T031924Z-4c117d56,marginal,A,101,101,6.599432100007107,6.616703271865845,6.6835877895355225,test_kl,-0.06688451766967773
shapley-20260606T031924Z-4c117d56,marginal,A,102,102,6.666907600007107,6.254376411437988,6.174775123596191,test_kl,0.07960128784179688
shapley-20260606T031924Z-4c117d56,marginal,A,103,103,6.733787200006191,6.137000560760498,6.193604707717896,test_kl,-0.05660414695739835
shapley-20260606T031924Z-4c117d56,marginal,A,104,104,6.7995022000031895,6.139315843582153,6.278077363967896,test_kl,-0.13876152038574308
shapley-20260606T031924Z-4c117d56,marginal,A,105,105,6.863170300002821,6.226192235946655,6.454696178436279,test_kl,-0.22850394248962402
shapley-20260606T031924Z-4c117d56,marginal,A,106,106,6.926783800001431,6.247333526611328,6.148550271987915,test_kl,0.09878325462341309
shapley-20260606T031924Z-4c117d56,marginal,A,107,107,6.993533300003037,6.286193132400513,6.149487733840942,test_kl,0.1367053985595703
shapley-20260606T031924Z-4c117d56,marginal,A,108,108,7.057307800005219,6.023097276687622,6.1454267501831055,test_kl,-0.1223294734954834
shapley-20260606T031924Z-4c117d56,marginal,A,109,109,7.120321000005788,6.070874452590942,5.918542385101318,test_kl,0.15233206748962402
shapley-20260606T031924Z-4c117d56,marginal,A,110,110,7.194753400006448,6.008279323577881,5.834732055664063,test_kl,0.17354726791381747
shapley-20260606T031924Z-4c117d56,marginal,A,111,111,7.266020000006392,5.52118444442749,5.964665174484253,test_kl,-0.4434807300567627
shapley-20260606T031924Z-4c117d56,marginal,A,112,112,7.33705610000834,5.887427091598511,5.5024590492248535,test_kl,0.3849680423736572
shapley-20260606T031924Z-4c117d56,marginal,A,113,113,7.414842900008807,5.736666679382324,6.027563571929932,test_kl,-0.2908968925476074
shapley-20260606T031924Z-4c117d56,marginal,A,114,114,7.495033300008799,5.5771238803863525,5.847715377807617,test_kl,-0.27059149742126465
shapley-20260606T031924Z-4c117d56,marginal,A,115,115,7.560068600010709,5.745285749435425,5.68051290512085,test_kl,0.0647728443145752
shapley-20260606T031924Z-4c117d56,marginal,A,116,116,7.625720500011084,5.96857213973999,5.604960918426514,test_kl,0.36361122131347656
shapley-20260606T031924Z-4c117d56,marginal,A,117,117,7.689828700011276,5.23293399810791,5.634525299072266,test_kl,-0.40159130096435547
shapley-20260606T031924Z-4c117d56,marginal,A,118,118,7.759869900011836,5.7503862380981445,5.494628429412842,test_kl,0.25575780868530273
shapley-20260606T031924Z-4c117d56,marginal,A,119,119,7.830099400012841,5.316161394119263,5.8227245807647705,test_kl,-0.5065631866455078
shapley-20260606T031924Z-4c117d56,marginal,A,120,120,7.905601400012529,5.418014526367188,5.518081426620483,test_kl,-0.10006690025329501
shapley-20260606T031924Z-4c117d56,marginal,A,121,121,7.972212800013949,5.349395990371704,5.190103769302368,test_kl,0.15929222106933594
shapley-20260606T031924Z-4c117d56,marginal,A,122,122,8.03977490001489,5.356184005737305,5.031085729598999,test_kl,0.32509827613830566
shapley-20260606T031924Z-4c117d56,marginal,A,123,123,8.106059100016864,4.741264343261719,5.125456094741821,test_kl,-0.38419175148010254
shapley-20260606T031924Z-4c117d56,marginal,A,124,124,8.173953900015476,5.114745855331421,5.191177129745483,test_kl,-0.0764312744140625
shapley-20260606T031924Z-4c117d56,marginal,A,125,125,8.24363420001464,5.238648176193237,5.0998616218566895,test_kl,0.13878655433654785
shapley-20260606T031924Z-4c117d56,marginal,A,126,126,8.307605900015915,4.777338743209839,4.867950439453125,test_kl,-0.09061169624328613
shapley-20260606T031924Z-4c117d56,marginal,A,127,127,8.378230800015444,5.36834454536438,5.122855424880981,test_kl,0.24548912048339933
shapley-20260606T031924Z-4c117d56,marginal,A,128,128,8.445544900012464,4.719846725463867,5.167117118835449,test_kl,-0.44727039337158203
shapley-20260606T031924Z-4c117d56,marginal,A,129,129,8.512495500013756,5.262523651123047,5.021685123443604,test_kl,0.24083852767944247
shapley-20260606T031924Z-4c117d56,marginal,A,130,130,8.579940900013753,4.643665790557861,5.064519882202148,test_kl,-0.4208540916442871
shapley-20260606T031924Z-4c117d56,marginal,A,131,131,8.646605600013572,5.465275764465332,4.757390022277832,test_kl,0.7078857421875
shapley-20260606T031924Z-4c117d56,marginal,A,132,132,8.709894600011467,4.565114736557007,4.93330717086792,test_kl,-0.3681924343109131
shapley-20260606T031924Z-4c117d56,marginal,A,133,133,8.780520600012096,5.121127367019653,5.099869251251221,test_kl,0.021258115768432617
shapley-20260606T031924Z-4c117d56,marginal,A,134,134,8.848969700015004,5.1676881313323975,5.002326011657715,test_kl,0.16536211967468262
shapley-20260606T031924Z-4c117d56,marginal,A,135,135,8.91532760001428,4.606601238250732,5.152545928955078,test_kl,-0.5459446907043457
shapley-20260606T031924Z-4c117d56,marginal,A,136,136,8.98616990001392,5.309000730514526,4.958931922912598,test_kl,0.3500688076019287
shapley-20260606T031924Z-4c117d56,marginal,A,137,137,9.056000100015808,4.682517051696777,4.896292686462402,test_kl,-0.213775634765625
shapley-20260606T031924Z-4c117d56,marginal,A,138,138,9.119988900016324,5.1256256103515625,4.901838302612305,test_kl,0.2237873077392578
shapley-20260606T031924Z-4c117d56,marginal,A,139,139,9.1891935000167,4.992117643356323,5.086659669876099,test_kl,-0.09454202651977539
shapley-20260606T031924Z-4c117d56,marginal,A,140,140,9.255302600016876,4.911744832992554,5.0888848304748535,test_kl,-0.1771399974822998
shapley-20260606T031924Z-4c117d56,marginal,A,141,141,9.323495800017554,5.220470190048218,4.958847284317017,test_kl,0.26162290573120117
shapley-20260606T031924Z-4c117d56,marginal,A,142,142,9.395684700019046,4.8523828983306885,5.00098180770874,test_kl,-0.14859890937805176
shapley-20260606T031924Z-4c117d56,marginal,A,143,143,9.463105700018788,5.171133279800415,5.033288478851318,test_kl,0.13784480094909668
shapley-20260606T031924Z-4c117d56,marginal,A,144,144,9.5326328000192,4.99456524848938,4.997418880462647,test_kl,-0.0028536319732674897
shapley-20260606T031924Z-4c117d56,marginal,A,145,145,9.60044570001628,4.760229825973511,4.998366355895996,test_kl,-0.23813652992248535
shapley-20260606T031924Z-4c117d56,marginal,A,146,146,9.66920140001821,5.098819255828857,5.015944957733154,test_kl,0.08287429809570312
shapley-20260606T031924Z-4c117d56,marginal,A,147,147,9.736628500017105,5.117302656173706,4.892866373062134,test_kl,0.22443628311157227
shapley-20260606T031924Z-4c117d56,marginal,A,148,148,9.807433800015133,4.866474151611328,5.051043272018433,test_kl,-0.1845691204071045
shapley-20260606T031924Z-4c117d56,marginal,A,149,149,9.8783193000163,5.093462944030762,5.031285047531128,test_kl,0.06217789649963379
shapley-20260606T031924Z-4c117d56,marginal,A,150,150,9.948381300015171,5.152268171310425,4.95377779006958,test_kl,0.19849038124084473
shapley-20260606T031924Z-4c117d56,marginal,A,151,151,10.015743800013295,4.840137243270874,5.269379854202271,test_kl,-0.4292426109313974
shapley-20260606T031924Z-4c117d56,marginal,A,152,152,10.081104100012451,5.024571180343628,4.895142078399658,test_kl,0.12942910194396973
shapley-20260606T031924Z-4c117d56,marginal,A,153,153,10.149976800013974,5.127943992614746,4.837572574615479,test_kl,0.2903714179992667
shapley-20260606T031924Z-4c117d56,marginal,A,154,154,10.217010000011214,4.8804450035095215,4.992709398269653,test_kl,-0.11226439476013184
shapley-20260606T031924Z-4c117d56,marginal,A,155,155,10.28359280001314,4.918290138244629,5.213153839111328,test_kl,-0.2948637008666992
shapley-20260606T031924Z-4c117d56,marginal,A,156,156,10.352911300011328,5.1033034324646,4.939362525939941,test_kl,0.1639409065246582
shapley-20260606T031924Z-4c117d56,marginal,A,157,157,10.422133300013227,5.089561223983765,4.883707523345947,test_kl,0.20585370063781738
shapley-20260606T031924Z-4c117d56,marginal,A,158,158,10.48828850001155,4.873464107513428,4.930971384048462,test_kl,-0.05750727653503418
shapley-20260606T031924Z-4c117d56,marginal,A,159,159,10.553735700010291,4.980694770812988,5.1728925704956055,test_kl,-0.1921977996826172
shapley-20260606T031924Z-4c117d56,marginal,A,160,160,10.616965500012157,5.083439826965332,5.116436243057251,test_kl,-0.032996416091918945
shapley-20260606T031924Z-4c117d56,marginal,A,161,161,10.683049200011736,4.945418357849121,4.87653398513794,test_kl,0.06888437271118075
shapley-20260606T031924Z-4c117d56,marginal,A,162,162,10.750502800012327,4.962599277496338,4.93612003326416,test_kl,0.026479244232177734
shapley-20260606T031924Z-4c117d56,marginal,A,163,163,10.816203500013216,5.011698246002197,5.002861976623535,test_kl,0.00883626937866211
shapley-20260606T031924Z-4c117d56,marginal,A,164,164,10.88357460001498,4.938990831375122,4.98457932472229,test_kl,-0.04558849334716797
shapley-20260606T031924Z-4c117d56,marginal,A,165,165,10.947299900013604,5.053094148635864,5.006507635116577,test_kl,0.04658651351928711
shapley-20260606T031924Z-4c117d56,marginal,A,166,166,11.010979200011208,5.03207278251648,5.064429998397827,test_kl,-0.03235721588134677
shapley-20260606T031924Z-4c117d56,marginal,A,167,167,11.07666190000964,5.021519184112549,5.071227788925171,test_kl,-0.04970860481262207
shapley-20260606T031924Z-4c117d56,marginal,A,168,168,11.141098300009617,5.162932634353638,4.999794483184815,test_kl,0.16313815116882235
shapley-20260606T031924Z-4c117d56,marginal,A,169,169,11.205996800010324,5.12016487121582,4.936224222183228,test_kl,0.18394064903259189
shapley-20260606T031924Z-4c117d56,marginal,A,170,170,11.269994900008896,4.979051351547241,4.998227834701538,test_kl,-0.019176483154296875
shapley-20260606T031924Z-4c117d56,marginal,A,171,171,11.333673700009967,4.963629484176636,5.009246349334717,test_kl,-0.045616865158081055
shapley-20260606T031924Z-4c117d56,marginal,A,172,172,11.407662100009476,4.974403619766235,4.952991485595703,test_kl,0.021412134170532227
shapley-20260606T031924Z-4c117d56,marginal,A,173,173,11.486035400008404,4.933290719985962,4.974735975265503,test_kl,-0.041445255279541016
shapley-20260606T031924Z-4c117d56,marginal,A,174,174,11.551991000007549,4.931962251663208,5.010564804077148,test_kl,-0.07860255241394043
shapley-20260606T031924Z-4c117d56,marginal,A,175,175,11.615318300009676,4.96878719329834,5.0660247802734375,test_kl,-0.09723758697509766
shapley-20260606T031924Z-4c117d56,marginal,A,176,176,11.681430400010868,4.999925851821899,5.049281597137451,test_kl,-0.04935574531555176
shapley-20260606T031924Z-4c117d56,marginal,A,177,177,11.74574890000804,5.004324913024902,5.030739784240723,test_kl,-0.026414871215820312
shapley-20260606T031924Z-4c117d56,marginal,A,178,178,11.808916900004988,4.994121551513672,5.006579637527466,test_kl,-0.012458086013793945
shapley-20260606T031924Z-4c117d56,marginal,A,179,179,11.872118100007356,4.949820756912232,4.966124057769775,test_kl,-0.016303300857543057
shapley-20260606T031924Z-4c117d56,marginal,A,180,180,11.940062400008172,4.947624206542969,4.980394601821899,test_kl,-0.032770395278930664
shapley-20260606T031924Z-4c117d56,marginal,A,181,181,12.003051700008657,4.982531785964966,5.013788461685181,test_kl,-0.031256675720214844
shapley-20260606T031924Z-4c117d56,marginal,A,182,182,12.072697400009927,5.002400636672974,5.0207390785217285,test_kl,-0.018338441848754883
shapley-20260606T031924Z-4c117d56,marginal,A,183,183,12.140396300008431,5.015756607055664,4.981193542480469,test_kl,0.03456306457519531
shapley-20260606T031924Z-4c117d56,marginal,A,184,184,12.207190400007676,5.034545421600342,4.9446330070495605,test_kl,0.08991241455078125
shapley-20260606T031924Z-4c117d56,marginal,A,185,185,12.27276170000914,5.041594743728638,4.962164640426636,test_kl,0.07943010330200195
shapley-20260606T031924Z-4c117d56,marginal,A,186,186,12.339522800008126,5.057152271270752,4.9810638427734375,test_kl,0.07608842849731445
shapley-20260606T031924Z-4c117d56,marginal,A,187,187,12.402309400007653,5.060484886169434,5.013678073883057,test_kl,0.04680681228637695
shapley-20260606T031924Z-4c117d56,marginal,A,188,188,12.468483500004368,5.031010627746582,5.039557933807373,test_kl,-0.008547306060791016
shapley-20260606T031924Z-4c117d56,marginal,A,189,189,12.53852000000552,4.987501382827759,5.032561779022217,test_kl,-0.04506039619445801
shapley-20260606T031924Z-4c117d56,marginal,A,190,190,12.604638600008911,4.93900203704834,5.009408235549927,test_kl,-0.07040619850158691
shapley-20260606T031924Z-4c117d56,marginal,A,191,191,12.675107700008084,4.917359590530396,4.99593448638916,test_kl,-0.07857489585876376
shapley-20260606T031924Z-4c117d56,marginal,A,192,192,12.739882600009878,4.927427530288696,4.989767789840698,test_kl,-0.06234025955200195
shapley-20260606T031924Z-4c117d56,marginal,A,193,193,12.806558700012827,4.958621501922607,4.993673801422119,test_kl,-0.03505229949951172
shapley-20260606T031924Z-4c117d56,marginal,A,194,194,12.871948000014529,4.9812328815460205,4.999004125595093,test_kl,-0.017771244049072266
shapley-20260606T031924Z-4c117d56,marginal,A,195,195,12.938586800013582,5.000029563903809,4.986610651016235,test_kl,0.013418912887573242
shapley-20260606T031924Z-4c117d56,marginal,A,196,196,13.00641200001337,5.018946170806885,4.979225158691406,test_kl,0.039721012115478516
shapley-20260606T031924Z-4c117d56,marginal,A,197,197,13.069594300013703,5.031718015670776,4.994334220886231,test_kl,0.03738379478454501
shapley-20260606T031924Z-4c117d56,marginal,A,198,198,13.135149200013984,5.023535490036011,5.006468296051025,test_kl,0.01706719398498535
shapley-20260606T031924Z-4c117d56,marginal,A,199,199,13.201320000014675,5.021164655685425,5.006791353225708,test_kl,0.014373302459716797
shapley-20260606T031948Z-3581452d,conditional,A,0,0,0.2529357999992498,28.022543907165527,25.07045078277588,test_kl,2.9520931243896484
shapley-20260606T031948Z-3581452d,conditional,A,1,1,0.3152555999986361,44.42765808105469,48.108245849609375,test_kl,-3.6805877685546875
shapley-20260606T031948Z-3581452d,conditional,A,2,2,0.3760260999988531,52.91426086425781,52.01642990112305,test_kl,0.8978309631347656
shapley-20260606T031948Z-3581452d,conditional,A,3,3,0.4353673999976308,57.28236389160156,56.05354499816895,test_kl,1.22881889343261
shapley-20260606T031948Z-3581452d,conditional,A,4,4,0.4949773999978788,60.696603775024414,60.23643112182617,test_kl,0.4601726531982422
shapley-20260606T031948Z-3581452d,conditional,A,5,5,0.5537111999983608,62.60594367980957,62.40057182312012,test_kl,0.20537185668945312
shapley-20260606T031948Z-3581452d,conditional,A,6,6,0.6170837999998184,66.59251022338867,65.50904846191406,test_kl,1.0834617614746094
shapley-20260606T031948Z-3581452d,conditional,A,7,7,0.6818385000005946,71.64070129394531,68.61335754394531,test_kl,3.02734375
shapley-20260606T031948Z-3581452d,conditional,A,8,8,0.743241100000887,74.56901168823242,72.32917022705078,test_kl,2.2398414611816406
shapley-20260606T031948Z-3581452d,conditional,A,9,9,0.8098396999994293,77.64008331298828,74.74415969848633,test_kl,2.895923614501953
shapley-20260606T031948Z-3581452d,conditional,A,10,10,0.875780999998824,80.8038558959961,78.2542724609375,test_kl,2.5495834350585938
shapley-20260606T031948Z-3581452d,conditional,A,11,11,0.9364276999986032,50.53227424621582,48.34114074707031,test_kl,2.191133499145508
shapley-20260606T031948Z-3581452d,conditional,A,12,12,0.9966881000000284,26.15408515930176,26.301676750183105,test_kl,-0.1475915908813441
shapley-20260606T031948Z-3581452d,conditional,A,13,13,1.0556481999992684,36.01407814025879,36.30272674560547,test_kl,-0.2886486053466797
shapley-20260606T031948Z-3581452d,conditional,A,14,14,1.117238399998314,47.99148368835449,47.824663162231445,test_kl,0.16682052612304688
shapley-20260606T031948Z-3581452d,conditional,A,15,15,1.1817905999960203,44.10771942138672,42.877851486206055,test_kl,1.229867935180664
shapley-20260606T031948Z-3581452d,conditional,A,16,16,1.241280899997946,27.54780578613281,27.101954460144043,test_kl,0.445851325988766
shapley-20260606T031948Z-3581452d,conditional,A,17,17,1.3053122999990592,26.3642053604126,26.408382415771484,test_kl,-0.044177055358883166
shapley-20260606T031948Z-3581452d,conditional,A,18,18,1.3677156999983708,37.80192756652832,38.91876792907715,test_kl,-1.1168403625488281
shapley-20260606T031948Z-3581452d,conditional,A,19,19,1.426552299999457,38.72141456604004,39.36025619506836,test_kl,-0.6388416290283203
shapley-20260606T031948Z-3581452d,conditional,A,20,20,1.4856426999976975,27.13612174987793,27.52101325988769,test_kl,-0.3848915100097621
shapley-20260606T031948Z-3581452d,conditional,A,21,21,1.5458565999979328,26.628969192504883,20.98578453063965,test_kl,5.643184661865234
shapley-20260606T031948Z-3581452d,conditional,A,22,22,1.610029799998301,27.52057456970215,26.939096450805664,test_kl,0.5814781188964844
shapley-20260606T031948Z-3581452d,conditional,A,23,23,1.6738646999983755,22.68168067932129,24.83904361724853,test_kl,-2.1573629379272425
shapley-20260606T031948Z-3581452d,conditional,A,24,24,1.7380594999995085,24.174129486083984,18.99580669403076,test_kl,5.178322792053223
shapley-20260606T031948Z-3581452d,conditional,A,25,25,1.8009281000013289,23.263118743896484,22.28518009185791,test_kl,0.9779386520385742
shapley-20260606T031948Z-3581452d,conditional,A,26,26,1.862362600000779,19.908342361450195,24.711960792541504,test_kl,-4.803618431091309
shapley-20260606T031948Z-3581452d,conditional,A,27,27,1.9224527000005764,22.42958354949951,20.58237361907959,test_kl,1.8472099304199219
shapley-20260606T031948Z-3581452d,conditional,A,28,28,1.981506600001012,20.87159538269043,22.00318717956543,test_kl,-1.131591796875
shapley-20260606T031948Z-3581452d,conditional,A,29,29,2.040451500000927,17.8359956741333,21.51132106781006,test_kl,-3.675325393676758
shapley-20260606T031948Z-3581452d,conditional,A,30,30,2.1001443000022846,20.258590698242188,18.47217464447021,test_kl,1.7864160537719762
shapley-20260606T031948Z-3581452d,conditional,A,31,31,2.16044310000143,18.49363803863525,20.282825469970703,test_kl,-1.7891874313354528
shapley-20260606T031948Z-3581452d,conditional,A,32,32,2.2201524000010977,16.704954147338867,19.133625030517575,test_kl,-2.4286708831787074
shapley-20260606T031948Z-3581452d,conditional,A,33,33,2.284109399999579,18.847936630249023,17.831188201904297,test_kl,1.0167484283447266
shapley-20260606T031948Z-3581452d,conditional,A,34,34,2.3491080999992846,17.32355785369873,17.643893241882324,test_kl,-0.32033538818359375
shapley-20260606T031948Z-3581452d,conditional,A,35,35,2.41004879999673,16.435068130493164,16.237690925598145,test_kl,0.19737720489501953
shapley-20260606T031948Z-3581452d,conditional,A,36,36,2.471676599998318,15.549362182617188,17.049354553222656,test_kl,-1.4999923706054688
shapley-20260606T031948Z-3581452d,conditional,A,37,37,2.538850699998875,15.813884258270264,15.835331439971924,test_kl,-0.021447181701660156
shapley-20260606T031948Z-3581452d,conditional,A,38,38,2.6014481999955024,14.991918087005615,15.04535150527954,test_kl,-0.053433418273924005
shapley-20260606T031948Z-3581452d,conditional,A,39,39,2.664490699993621,16.09736728668213,15.523629665374756,test_kl,0.573737621307373
shapley-20260606T031948Z-3581452d,conditional,A,40,40,2.726214999991498,15.985872745513916,14.780420303344728,test_kl,1.2054524421691877
shapley-20260606T031948Z-3581452d,conditional,A,41,41,2.7868460999925446,14.578806400299072,14.49120807647705,test_kl,0.08759832382202148
shapley-20260606T031948Z-3581452d,conditional,A,42,42,2.8485973999922862,14.43073320388794,14.139165878295898,test_kl,0.291567325592041
shapley-20260606T031948Z-3581452d,conditional,A,43,43,2.910240099990915,14.305642127990724,13.40863800048828,test_kl,0.897004127502445
shapley-20260606T031948Z-3581452d,conditional,A,44,44,2.974112799991417,13.71084213256836,13.720092296600342,test_kl,-0.009250164031982422
shapley-20260606T031948Z-3581452d,conditional,A,45,45,3.041196799993486,13.159512519836426,13.62856912612915,test_kl,-0.4690566062927246
shapley-20260606T031948Z-3581452d,conditional,A,46,46,3.1028435999942303,12.828682899475098,13.28171968460083,test_kl,-0.4530367851257324
shapley-20260606T031948Z-3581452d,conditional,A,47,47,3.164285299993935,12.55894660949707,12.929115295410156,test_kl,-0.37016868591308594
shapley-20260606T031948Z-3581452d,conditional,A,48,48,3.2238689999940107,12.383098125457764,11.939445495605469,test_kl,0.4436526298522949
shapley-20260606T031948Z-3581452d,conditional,A,49,49,3.284663399994315,12.061334609985352,12.480979919433594,test_kl,-0.4196453094482422
shapley-20260606T031948Z-3581452d,conditional,A,50,50,3.348910299991985,11.713271617889404,11.752723217010498,test_kl,-0.03945159912109375
shapley-20260606T031948Z-3581452d,conditional,A,51,51,3.4155547999907867,11.481610298156738,12.309978485107422,test_kl,-0.8283681869506836
shapley-20260606T031948Z-3581452d,conditional,A,52,52,3.478975599988189,11.655069828033447,11.995485305786133,test_kl,-0.34041547775268555
shapley-20260606T031948Z-3581452d,conditional,A,53,53,3.5461336999869677,11.3016037940979,11.484862327575684,test_kl,-0.1832585334777832
shapley-20260606T031948Z-3581452d,conditional,A,54,54,3.6068328999863297,11.275213718414308,11.797067165374756,test_kl,-0.5218534469604474
shapley-20260606T031948Z-3581452d,conditional,A,55,55,3.6720260999863967,10.861651420593262,11.120020866394045,test_kl,-0.258369445800783
shapley-20260606T031948Z-3581452d,conditional,A,56,56,3.731682699988596,10.701593399047852,10.508764743804932,test_kl,0.19282865524291992
shapley-20260606T031948Z-3581452d,conditional,A,57,57,3.800207099990075,10.248482704162598,10.742852210998535,test_kl,-0.4943695068359375
shapley-20260606T031948Z-3581452d,conditional,A,58,58,3.86301059998732,10.01891279220581,10.64803409576416,test_kl,-0.6291213035583496
shapley-20260606T031948Z-3581452d,conditional,A,59,59,3.931240899986733,10.50784158706665,10.470898628234863,test_kl,0.03694295883178711
shapley-20260606T031948Z-3581452d,conditional,A,60,60,4.002382699985901,10.268530368804932,10.321098804473875,test_kl,-0.052568435668943536
shapley-20260606T031948Z-3581452d,conditional,A,61,61,4.067505099985283,9.94058895111084,10.061637878417969,test_kl,-0.1210489273071289
shapley-20260606T031948Z-3581452d,conditional,A,62,62,4.13631139998688,10.314880847930908,10.09066104888916,test_kl,0.22421979904174805
shapley-20260606T031948Z-3581452d,conditional,A,63,63,4.199409299988474,9.94697618484497,9.862261295318604,test_kl,0.08471488952636719
shapley-20260606T031948Z-3581452d,conditional,A,64,64,4.267801399986638,9.832223415374756,9.33564043045044,test_kl,0.4965829849243164
shapley-20260606T031948Z-3581452d,conditional,A,65,65,4.338892399984616,9.490110874176024,9.517857074737549,test_kl,-0.027746200561525214
shapley-20260606T031948Z-3581452d,conditional,A,66,66,4.400638199982495,9.043983936309814,9.320050716400146,test_kl,-0.27606678009033203
shapley-20260606T031948Z-3581452d,conditional,A,67,67,4.460794899980101,9.331737995147703,8.979150772094727,test_kl,0.35258722305297674
shapley-20260606T031948Z-3581452d,conditional,A,68,68,4.519981499979622,9.37490701675415,8.917102336883545,test_kl,0.45780467987060547
shapley-20260606T031948Z-3581452d,conditional,A,69,69,4.582043599977624,9.028404712677002,8.629753589630127,test_kl,0.398651123046875
shapley-20260606T031948Z-3581452d,conditional,A,70,70,4.642321199975413,8.773757457733154,8.566537380218506,test_kl,0.20722007751464844
shapley-20260606T031948Z-3581452d,conditional,A,71,71,4.702633799977775,8.337234497070312,8.327029705047607,test_kl,0.010204792022705078
shapley-20260606T031948Z-3581452d,conditional,A,72,72,4.76605529997687,8.786051273345947,8.611489295959473,test_kl,0.1745619773864746
shapley-20260606T031948Z-3581452d,conditional,A,73,73,4.8294587999771466,8.294242858886719,8.876117706298828,test_kl,-0.5818748474121094
shapley-20260606T031948Z-3581452d,conditional,A,74,74,4.894587599977967,8.042948007583618,8.461765766143799,test_kl,-0.41881775856018066
shapley-20260606T031948Z-3581452d,conditional,A,75,75,4.963053099978424,8.370004653930664,7.885072946548462,test_kl,0.48493170738220215
shapley-20260606T031948Z-3581452d,conditional,A,76,76,5.064063599980727,8.403313636779785,8.057478427886963,test_kl,0.34583520889282227
shapley-20260606T031948Z-3581452d,conditional,A,77,77,5.149534099982702,8.182835578918457,8.528582572937012,test_kl,-0.3457469940185547
shapley-20260606T031948Z-3581452d,conditional,A,78,78,5.215386899984878,7.633660793304443,7.881894588470459,test_kl,-0.24823379516601562
shapley-20260606T031948Z-3581452d,conditional,A,79,79,5.275007599982928,8.115330696105957,7.907269716262817,test_kl,0.20806097984313965
shapley-20260606T031948Z-3581452d,conditional,A,80,80,5.334417399983067,7.857585906982422,7.935964107513428,test_kl,-0.07837820053100586
shapley-20260606T031948Z-3581452d,conditional,A,81,81,5.394924199983507,7.443425416946411,7.947175979614258,test_kl,-0.5037505626678467
shapley-20260606T031948Z-3581452d,conditional,A,82,82,5.453284599985636,8.189225196838379,7.410759687423706,test_kl,0.7784655094146729
shapley-20260606T031948Z-3581452d,conditional,A,83,83,5.510299499983375,7.609015703201294,7.929171323776245,test_kl,-0.32015562057495117
shapley-20260606T031948Z-3581452d,conditional,A,84,84,5.5677870999861625,7.697132349014282,7.99443507194519,test_kl,-0.2973027229309082
shapley-20260606T031948Z-3581452d,conditional,A,85,85,5.625196999986656,7.342699289321899,7.426087379455566,test_kl,-0.08338809013366699
shapley-20260606T031948Z-3581452d,conditional,A,86,86,5.68405379998876,7.234455585479736,7.377938270568848,test_kl,-0.14348268508911133
shapley-20260606T031948Z-3581452d,conditional,A,87,87,5.741610999990371,7.518862724304199,7.295691967010498,test_kl,0.22317075729370117
shapley-20260606T031948Z-3581452d,conditional,A,88,88,5.798253799988743,7.274155616760254,7.848224878311157,test_kl,-0.5740692615509033
shapley-20260606T031948Z-3581452d,conditional,A,89,89,5.854847399990831,7.036924362182617,7.4172563552856445,test_kl,-0.38033199310302734
shapley-20260606T031948Z-3581452d,conditional,A,90,90,5.919697599991196,6.907360792160034,6.703071117401123,test_kl,0.20428967475891113
shapley-20260606T031948Z-3581452d,conditional,A,91,91,5.982677999989392,7.515103578567505,6.727580547332764,test_kl,0.7875230312347412
shapley-20260606T031948Z-3581452d,conditional,A,92,92,6.043144499988557,6.988136053085327,6.963623762130737,test_kl,0.024512290954589844
shapley-20260606T031948Z-3581452d,conditional,A,93,93,6.103733899988583,6.636528730392456,7.026949882507324,test_kl,-0.39042115211486816
shapley-20260606T031948Z-3581452d,conditional,A,94,94,6.164503899988631,6.853490829467773,6.991509914398193,test_kl,-0.13801908493041992
shapley-20260606T031948Z-3581452d,conditional,A,95,95,6.22912839998753,6.648115873336792,6.134040355682373,test_kl,0.514075517654419
shapley-20260606T031948Z-3581452d,conditional,A,96,96,6.290892199987866,6.778693437576294,7.058298826217651,test_kl,-0.2796053886413574
shapley-20260606T031948Z-3581452d,conditional,A,97,97,6.353624399987893,6.629010677337647,6.962022066116333,test_kl,-0.33301138877868564
shapley-20260606T031948Z-3581452d,conditional,A,98,98,6.412957599986839,6.273022413253784,6.3920605182647705,test_kl,-0.11903810501098633
shapley-20260606T031948Z-3581452d,conditional,A,99,99,6.4724730999878375,6.659558057785034,6.6998450756073,test_kl,-0.040287017822265625
shapley-20260606T031948Z-3581452d,conditional,A,100,100,6.531725399989227,6.4893083572387695,6.670708179473877,test_kl,-0.18139982223510742
shapley-20260606T031948Z-3581452d,conditional,A,101,101,6.591266599989467,6.138903379440308,6.6835877895355225,test_kl,-0.5446844100952148
shapley-20260606T031948Z-3581452d,conditional,A,102,102,6.651017999989563,6.6219775676727295,6.174775123596191,test_kl,0.4472024440765381
shapley-20260606T031948Z-3581452d,conditional,A,103,103,6.711325099986425,6.2542564868927,6.193604707717896,test_kl,0.0606517791748038
shapley-20260606T031948Z-3581452d,conditional,A,104,104,6.77341369998976,5.977895259857178,6.278077363967896,test_kl,-0.30018210411071866
shapley-20260606T031948Z-3581452d,conditional,A,105,105,6.840956699990784,6.367556810379028,6.454696178436279,test_kl,-0.08713936805725098
shapley-20260606T031948Z-3581452d,conditional,A,106,106,6.900627099992562,5.901165008544922,6.148550271987915,test_kl,-0.24738526344299316
shapley-20260606T031948Z-3581452d,conditional,A,107,107,6.977640599990991,5.753518104553223,6.149487733840942,test_kl,-0.3959696292877197
shapley-20260606T031948Z-3581452d,conditional,A,108,108,7.067591899991385,6.397803783416748,6.1454267501831055,test_kl,0.2523770332336426
shapley-20260606T031948Z-3581452d,conditional,A,109,109,7.156095199992706,5.716351747512817,5.918542385101318,test_kl,-0.20219063758850098
shapley-20260606T031948Z-3581452d,conditional,A,110,110,7.227811799995834,5.873371601104736,5.834732055664063,test_kl,0.03863954544067294
shapley-20260606T031948Z-3581452d,conditional,A,111,111,7.299307299996144,6.055715322494507,5.964665174484253,test_kl,0.0910501480102539
shapley-20260606T031948Z-3581452d,conditional,A,112,112,7.371440599996276,5.435126066207886,5.5024590492248535,test_kl,-0.06733298301696777
shapley-20260606T031948Z-3581452d,conditional,A,113,113,7.445374199993239,6.1211230754852295,6.027563571929932,test_kl,0.09355950355529785
shapley-20260606T031948Z-3581452d,conditional,A,114,114,7.519148499995936,5.368179798126221,5.847715377807617,test_kl,-0.4795355796813965
shapley-20260606T031948Z-3581452d,conditional,A,115,115,7.588374199996906,5.80391001701355,5.68051290512085,test_kl,0.1233971118927002
shapley-20260606T031948Z-3581452d,conditional,A,116,116,7.662663299997803,5.953179597854614,5.604960918426514,test_kl,0.3482186794281006
shapley-20260606T031948Z-3581452d,conditional,A,117,117,7.740059799994924,5.491414546966553,5.634525299072266,test_kl,-0.1431107521057129
shapley-20260606T031948Z-3581452d,conditional,A,118,118,7.810677899997245,5.356776237487793,5.494628429412842,test_kl,-0.13785219192504883
shapley-20260606T031948Z-3581452d,conditional,A,119,119,7.879774499997438,5.568379878997803,5.8227245807647705,test_kl,-0.2543447017669678
shapley-20260606T031948Z-3581452d,conditional,A,120,120,7.943358499996975,5.313629388809204,5.518081426620483,test_kl,-0.2044520378112793
shapley-20260606T031948Z-3581452d,conditional,A,121,121,8.004187999995338,5.35636305809021,5.190103769302368,test_kl,0.1662592887878418
shapley-20260606T031948Z-3581452d,conditional,A,122,122,8.066407699992851,5.508254766464233,5.031085729598999,test_kl,0.4771690368652344
shapley-20260606T031948Z-3581452d,conditional,A,123,123,8.128245999992942,4.747559309005737,5.125456094741821,test_kl,-0.377896785736084
shapley-20260606T031948Z-3581452d,conditional,A,124,124,8.187394399992627,4.888651132583618,5.191177129745483,test_kl,-0.30252599716186523
shapley-20260606T031948Z-3581452d,conditional,A,125,125,8.247050999994826,5.34950590133667,5.0998616218566895,test_kl,0.24964427947998047
shapley-20260606T031948Z-3581452d,conditional,A,126,126,8.310323599991534,4.950606107711792,4.867950439453125,test_kl,0.08265566825866699
shapley-20260606T031948Z-3581452d,conditional,A,127,127,8.370256199992582,5.119011402130127,5.122855424880981,test_kl,-0.003844022750853604
shapley-20260606T031948Z-3581452d,conditional,A,128,128,8.42948059999253,5.019777774810791,5.167117118835449,test_kl,-0.1473393440246582
shapley-20260606T031948Z-3581452d,conditional,A,129,129,8.491713199993683,4.689799785614014,5.021685123443604,test_kl,-0.33188533782959073
shapley-20260606T031948Z-3581452d,conditional,A,130,130,8.552849199993943,5.296889066696167,5.064519882202148,test_kl,0.23236918449401855
shapley-20260606T031948Z-3581452d,conditional,A,131,131,8.613377199992101,4.772330522537232,4.757390022277832,test_kl,0.014940500259400302
shapley-20260606T031948Z-3581452d,conditional,A,132,132,8.674077199990279,5.103373765945435,4.93330717086792,test_kl,0.17006659507751465
shapley-20260606T031948Z-3581452d,conditional,A,133,133,8.739052299992181,4.842159986495972,5.099869251251221,test_kl,-0.257709264755249
shapley-20260606T031948Z-3581452d,conditional,A,134,134,8.80482129999291,5.154258728027344,5.002326011657715,test_kl,0.1519327163696289
shapley-20260606T031948Z-3581452d,conditional,A,135,135,8.8649227999922,4.908215999603272,5.152545928955078,test_kl,-0.24432992935180575
shapley-20260606T031948Z-3581452d,conditional,A,136,136,8.925136099991505,5.135079622268677,4.958931922912598,test_kl,0.1761476993560791
shapley-20260606T031948Z-3581452d,conditional,A,137,137,8.984918499991181,4.937825679779053,4.896292686462402,test_kl,0.04153299331665039
shapley-20260606T031948Z-3581452d,conditional,A,138,138,9.047015999989526,4.879732370376587,4.901838302612305,test_kl,-0.022105932235717773
shapley-20260606T031948Z-3581452d,conditional,A,139,139,9.11364569998841,5.227209091186523,5.086659669876099,test_kl,0.1405494213104248
shapley-20260606T031948Z-3581452d,conditional,A,140,140,9.180618199989112,4.9268903732299805,5.0888848304748535,test_kl,-0.16199445724487305
shapley-20260606T031948Z-3581452d,conditional,A,141,141,9.243424299987964,5.0223472118377686,4.958847284317017,test_kl,0.06349992752075195
shapley-20260606T031948Z-3581452d,conditional,A,142,142,9.3080325999872,5.143784523010254,5.00098180770874,test_kl,0.14280271530151367
shapley-20260606T031948Z-3581452d,conditional,A,143,143,9.368479899989325,4.793315410614014,5.033288478851318,test_kl,-0.2399730682373047
shapley-20260606T031948Z-3581452d,conditional,A,144,144,9.430587499988178,5.169607162475586,4.997418880462647,test_kl,0.17218828201293856
shapley-20260606T031948Z-3581452d,conditional,A,145,145,9.492522699987603,4.961228847503662,4.998366355895996,test_kl,-0.037137508392333984
shapley-20260606T031948Z-3581452d,conditional,A,146,146,9.552565999987564,4.928677082061768,5.015944957733154,test_kl,-0.08726787567138672
shapley-20260606T031948Z-3581452d,conditional,A,147,147,9.616626699989864,5.128318309783936,4.892866373062134,test_kl,0.23545193672180265
shapley-20260606T031948Z-3581452d,conditional,A,148,148,9.676556999987952,4.946459293365479,5.051043272018433,test_kl,-0.10458397865295321
shapley-20260606T031948Z-3581452d,conditional,A,149,149,9.736805999986244,4.844978332519531,5.031285047531128,test_kl,-0.18630671501159668
shapley-20260606T031948Z-3581452d,conditional,A,150,150,9.801229799988503,4.992224931716919,4.95377779006958,test_kl,0.03844714164733887
shapley-20260606T031948Z-3581452d,conditional,A,151,151,9.863795999986904,4.940521240234375,5.269379854202271,test_kl,-0.3288586139678964
shapley-20260606T031948Z-3581452d,conditional,A,152,152,9.923612599985065,4.958677053451538,4.895142078399658,test_kl,0.06353497505187988
shapley-20260606T031948Z-3581452d,conditional,A,153,153,9.987466999984465,5.068609952926636,4.837572574615479,test_kl,0.23103737831115634
shapley-20260606T031948Z-3581452d,conditional,A,154,154,10.047943599984135,5.150176286697388,4.992709398269653,test_kl,0.15746688842773438
shapley-20260606T031948Z-3581452d,conditional,A,155,155,10.109981099983996,4.9825427532196045,5.213153839111328,test_kl,-0.23061108589172363
shapley-20260606T031948Z-3581452d,conditional,A,156,156,10.172207599985995,4.95946741104126,4.939362525939941,test_kl,0.02010488510131836
shapley-20260606T031948Z-3581452d,conditional,A,157,157,10.2357172999873,5.063724756240845,4.883707523345947,test_kl,0.18001723289489746
shapley-20260606T031948Z-3581452d,conditional,A,158,158,10.29759459998604,5.140108585357666,4.930971384048462,test_kl,0.2091372013092041
shapley-20260606T031948Z-3581452d,conditional,A,159,159,10.35764209998888,4.994099140167236,5.1728925704956055,test_kl,-0.17879343032836914
shapley-20260606T031948Z-3581452d,conditional,A,160,160,10.421697499990842,5.013556718826294,5.116436243057251,test_kl,-0.10287952423095703
shapley-20260606T031948Z-3581452d,conditional,A,161,161,10.483701899989684,5.056287050247192,4.87653398513794,test_kl,0.17975306510925204
shapley-20260606T031948Z-3581452d,conditional,A,162,162,10.54589469998973,5.041920185089111,4.93612003326416,test_kl,0.10580015182495117
shapley-20260606T031948Z-3581452d,conditional,A,163,163,10.609714699989128,5.049927711486816,5.002861976623535,test_kl,0.04706573486328125
shapley-20260606T031948Z-3581452d,conditional,A,164,164,10.671381999989537,4.955292224884033,4.98457932472229,test_kl,-0.029287099838256836
shapley-20260606T031948Z-3581452d,conditional,A,165,165,10.733479499991518,4.874955415725708,5.006507635116577,test_kl,-0.13155221939086914
shapley-20260606T031948Z-3581452d,conditional,A,166,166,10.797888499990222,4.996403694152832,5.064429998397827,test_kl,-0.06802630424499512
shapley-20260606T031948Z-3581452d,conditional,A,167,167,10.862688599991088,5.044811964035034,5.071227788925171,test_kl,-0.02641582489013672
shapley-20260606T031948Z-3581452d,conditional,A,168,168,10.9223798999883,5.008262395858765,4.999794483184815,test_kl,0.008467912673949307
shapley-20260606T031948Z-3581452d,conditional,A,169,169,10.984542799989867,4.9747633934021,4.936224222183228,test_kl,0.03853917121887118
shapley-20260606T031948Z-3581452d,conditional,A,170,170,11.045242999989568,4.950591564178467,4.998227834701538,test_kl,-0.04763627052307129
shapley-20260606T031948Z-3581452d,conditional,A,171,171,11.105607399989822,4.924662590026856,5.009246349334717,test_kl,-0.08458375930786044
shapley-20260606T031948Z-3581452d,conditional,A,172,172,11.165815799991831,4.949337720870972,4.952991485595703,test_kl,-0.0036537647247314453
shapley-20260606T031948Z-3581452d,conditional,A,173,173,11.231568299990611,5.044260025024414,4.974735975265503,test_kl,0.06952404975891113
shapley-20260606T031948Z-3581452d,conditional,A,174,174,11.299053899991122,5.085113286972046,5.010564804077148,test_kl,0.07454848289489746
shapley-20260606T031948Z-3581452d,conditional,A,175,175,11.359443299992565,5.082069635391235,5.0660247802734375,test_kl,0.01604485511779785
shapley-20260606T031948Z-3581452d,conditional,A,176,176,11.420257999991009,5.052084684371948,5.049281597137451,test_kl,0.0028030872344970703
shapley-20260606T031948Z-3581452d,conditional,A,177,177,11.480544699992606,5.004462480545044,5.030739784240723,test_kl,-0.02627730369567871
shapley-20260606T031948Z-3581452d,conditional,A,178,178,11.54219209999428,4.924593687057495,5.006579637527466,test_kl,-0.0819859504699707
shapley-20260606T031948Z-3581452d,conditional,A,179,179,11.609285799993811,4.905233860015869,4.966124057769775,test_kl,-0.06089019775390625
shapley-20260606T031948Z-3581452d,conditional,A,180,180,11.668877699994482,4.960655450820923,4.980394601821899,test_kl,-0.019739151000976562
shapley-20260606T031948Z-3581452d,conditional,A,181,181,11.731602699994257,4.997488021850586,5.013788461685181,test_kl,-0.016300439834594727
shapley-20260606T031948Z-3581452d,conditional,A,182,182,11.792186099995888,5.022150278091431,5.0207390785217285,test_kl,0.0014111995697021484
shapley-20260606T031948Z-3581452d,conditional,A,183,183,11.851747999997317,5.002538204193115,4.981193542480469,test_kl,0.021344661712646484
shapley-20260606T031948Z-3581452d,conditional,A,184,184,11.911645000000137,4.998030662536621,4.9446330070495605,test_kl,0.05339765548706055
shapley-20260606T031948Z-3581452d,conditional,A,185,185,11.973633199999313,4.991490125656128,4.962164640426636,test_kl,0.029325485229492188
shapley-20260606T031948Z-3581452d,conditional,A,186,186,12.035516899999491,4.991014242172241,4.9810638427734375,test_kl,0.009950399398803711
shapley-20260606T031948Z-3581452d,conditional,A,187,187,12.097433599999931,5.006387233734131,5.013678073883057,test_kl,-0.007290840148925781
shapley-20260606T031948Z-3581452d,conditional,A,188,188,12.15647959999842,5.007366895675659,5.039557933807373,test_kl,-0.03219103813171387
shapley-20260606T031948Z-3581452d,conditional,A,189,189,12.217329499999323,5.012731313705444,5.032561779022217,test_kl,-0.01983046531677246
shapley-20260606T031948Z-3581452d,conditional,A,190,190,12.280380699998204,4.997275114059448,5.009408235549927,test_kl,-0.012133121490478516
shapley-20260606T031948Z-3581452d,conditional,A,191,191,12.341661099999328,4.982944250106812,4.99593448638916,test_kl,-0.012990236282347745
shapley-20260606T031948Z-3581452d,conditional,A,192,192,12.401320099997974,4.991546154022217,4.989767789840698,test_kl,0.0017783641815185547
shapley-20260606T031948Z-3581452d,conditional,A,193,193,12.461707200000092,4.9875876903533936,4.993673801422119,test_kl,-0.006086111068725586
shapley-20260606T031948Z-3581452d,conditional,A,194,194,12.52146189999985,4.9934797286987305,4.999004125595093,test_kl,-0.005524396896362305
shapley-20260606T031948Z-3581452d,conditional,A,195,195,12.58074729999862,4.989040613174439,4.986610651016235,test_kl,0.002429962158204013
shapley-20260606T031948Z-3581452d,conditional,A,196,196,12.639970500000343,4.986783027648926,4.979225158691406,test_kl,0.007557868957519531
shapley-20260606T031948Z-3581452d,conditional,A,197,197,12.702699500001472,4.994084596633911,4.994334220886231,test_kl,-0.0002496242523202241
shapley-20260606T031948Z-3581452d,conditional,A,198,198,12.763259200000904,4.995616674423218,5.006468296051025,test_kl,-0.010851621627807617
shapley-20260606T031948Z-3581452d,conditional,A,199,199,12.82345830000122,4.999229192733765,5.006791353225708,test_kl,-0.007562160491943359
